welcome_weiter.numClicks,welcome_weiter.timesOn,welcome_weiter.timesOff,exp_ID,session,presentation limit,date,expName,psychopyVersion,OS,frameRate,introduction_weiter.numClicks,introduction_weiter.timesOn,introduction_weiter.timesOff,age,gender,natlang1,natlang2,natlang3,natlang4,natlang5,natlang6,lang1,proficiency1,lang2,proficiency2,lang3,proficiency3,lang4,proficiency4,lang5,proficiency5,lang6,proficiency6,lang7,proficiency7,lang8,proficiency8,country,education,dyslexia,mobility,currentloc,radio-for-required-checkboxes,sensorypref3,xRes,yRes,sensorypref[],sensorypref1,sensorypref2,sensorypref4,practice_weiter.numClicks,practice_weiter.timesOn,practice_weiter.timesOff,pr_message_weiter.numClicks,pr_message_weiter.timesOn,pr_message_weiter.timesOff,pr_remember_weiter.numClicks,pr_remember_weiter.timesOn,pr_remember_weiter.timesOff,button_weiter.numClicks,button_weiter.timesOn,button_weiter.timesOff,pr_expressibility.response,pr_expressibility.rt,practice_trials.thisRepN,practice_trials.thisTrialN,practice_trials.thisN,practice_trials.thisIndex,practice_trials.ran,pr_word,pr_question,pr_image,start_weiter.numClicks,start_weiter.timesOn,start_weiter.timesOff,message_weiter.numClicks,message_weiter.timesOn,message_weiter.timesOff,trial_remember_weiter.numClicks,trial_remember_weiter.timesOn,trial_remember_weiter.timesOff,Count,Shelf time,trial_button_weiter.numClicks,trial_button_weiter.timesOn,trial_button_weiter.timesOff,expressibility.response,expressibility.rt,trials.thisRepN,trials.thisTrialN,trials.thisN,trials.thisIndex,trials.ran,word,fordict,question,trial_img,problem,problem_text,comment_text,end_experiment.numClicks,end_experiment.timesOn,end_experiment.timesOff
1.0,[3.0395999999940395],[3.0395999999940395],70523,1,21,2023-06-05_09h30.36.647,flesh_expressibility_dutch,2022.2.4,Win32,60.46680372,,,,,,,,,,,,,,,,,,,,,,,,,,,,,,,,,,,,,,,,,,,,,,,,,,,,,,,,,,,,,,,,,,,,,,,,,,,,,,,,,,,,,,,,,,,,,
,,,70523,1,21,2023-06-05_09h30.36.647,flesh_expressibility_dutch,2022.2.4,Win32,60.46680372,,,,,,,,,,,,,,,,,,,,,,,,,,,,,,,,,,,,,,,,,,,,,,,,,,,,,,,,,,,,,,,,,,,,,,,,,,,,,,,,,,,,,,,,,,,,,
,,,70523,1,21,2023-06-05_09h30.36.647,flesh_expressibility_dutch,2022.2.4,Win32,60.46680372,1.0,[9.355599999994038],[9.355599999994038],,,,,,,,,,,,,,,,,,,,,,,,,,,,,,,,,,,,,,,,,,,,,,,,,,,,,,,,,,,,,,,,,,,,,,,,,,,,,,,,,,,,,,,,,,
,,,70523,1,21,2023-06-05_09h30.36.647,flesh_expressibility_dutch,2022.2.4,Win32,60.46680372,,,,,,,,,,,,,,,,,,,,,,,,,,,,,,,,,,,,,,,,,,,,,,,,,,,,,,,,,,,,,,,,,,,,,,,,,,,,,,,,,,,,,,,,,,,,,
,,,70523,1,21,2023-06-05_09h30.36.647,flesh_expressibility_dutch,2022.2.4,Win32,60.46680372,,,,18.0,1.0,sss,,,,,,ss,0.0,,0.0,,0.0,,0.0,,0.0,,0.0,,0.0,,0.0,NL,1.0,2.0,2.0,1.0,on,sensorypref3,1920.0,1080.0,,,,,,,,,,,,,,,,,,,,,,,,,,,,,,,,,,,,,,,,,,,,,,,,,,,,,,,,,
,,,70523,1,21,2023-06-05_09h30.36.647,flesh_expressibility_dutch,2022.2.4,Win32,60.46680372,,,,18.0,1.0,sss,,,,,,ss,0.0,,0.0,,0.0,,0.0,,0.0,,0.0,,0.0,,0.0,NL,1.0,2.0,2.0,1.0,,sensorypref3,1920.0,1080.0,,,,,1.0,[26.265899999991063],[26.265899999991063],,,,,,,,,,,,,,,,,,,,,,,,,,,,,,,,,,,,,,,,,,,,,,,,,,
,,,70523,1,21,2023-06-05_09h30.36.647,flesh_expressibility_dutch,2022.2.4,Win32,60.46680372,,,,18.0,1.0,sss,,,,,,ss,0.0,,0.0,,0.0,,0.0,,0.0,,0.0,,0.0,,0.0,NL,1.0,2.0,2.0,1.0,,sensorypref3,1920.0,1080.0,,,,,,,,,,,,,,,,,,,,,,,,,,,,,,,,,,,,,,,,,,,,,,,,,,,,,,,,,
,,,70523,1,21,2023-06-05_09h30.36.647,flesh_expressibility_dutch,2022.2.4,Win32,60.46680372,,,,18.0,1.0,sss,,,,,,ss,0.0,,0.0,,0.0,,0.0,,0.0,,0.0,,0.0,,0.0,NL,1.0,2.0,2.0,1.0,,sensorypref3,1920.0,1080.0,,,,,,,,1.0,[32.66759999999404],[32.66759999999404],1.0,[34.129300000011916],[34.129300000011916],1.0,[0.6819000000059603],[0.6820000000000022],0.142592593,1.8346,0.0,0.0,0.0,0.0,1.0,liefde,question_vocal.png,im_mouth.png,,,,,,,,,,,,,,,,,,,,,,,,,,,,,,,
,,,70523,1,21,2023-06-05_09h30.36.647,flesh_expressibility_dutch,2022.2.4,Win32,60.46680372,,,,18.0,1.0,sss,,,,,,ss,0.0,,0.0,,0.0,,0.0,,0.0,,0.0,,0.0,,0.0,NL,1.0,2.0,2.0,1.0,,sensorypref3,1920.0,1080.0,,,,,,,,,,,,,,2.0,"[0.6819000000059603,0.5985999999940432]","[0.6820000000000022,0.5987000000029852]",-0.290740741,0.4576,0.0,1.0,1.0,1.0,1.0,moe,question_vocal.png,im_mouth.png,,,,,,,,,,,,,,,,,,,,,,,,,,,,,,,
,,,70523,1,21,2023-06-05_09h30.36.647,flesh_expressibility_dutch,2022.2.4,Win32,60.46680372,,,,18.0,1.0,sss,,,,,,ss,0.0,,0.0,,0.0,,0.0,,0.0,,0.0,,0.0,,0.0,NL,1.0,2.0,2.0,1.0,,sensorypref3,1920.0,1080.0,,,,,,,,2.0,"[32.66759999999404,40.916599999994034]","[32.66759999999404,40.916599999994034]",2.0,"[34.129300000011916,42.12830000001192]","[34.129300000011916,42.12840000000595]",3.0,"[0.6819000000059603,0.5985999999940432,0.6985000000000028]","[0.6820000000000022,0.5987000000029852,0.6985000000000028]",-0.061111111,0.5471,0.0,0.0,0.0,0.0,1.0,baby,question_gesture.png,im_hand.png,,,,,,,,,,,,,,,,,,,,,,,,,,,,,,,
,,,70523,1,21,2023-06-05_09h30.36.647,flesh_expressibility_dutch,2022.2.4,Win32,60.46680372,,,,18.0,1.0,sss,,,,,,ss,0.0,,0.0,,0.0,,0.0,,0.0,,0.0,,0.0,,0.0,NL,1.0,2.0,2.0,1.0,,sensorypref3,1920.0,1080.0,,,,,,,,,,,,,,4.0,"[0.6819000000059603,0.5985999999940432,0.6985000000000028,0.5159999999999982]","[0.6820000000000022,0.5987000000029852,0.6985000000000028,0.5159999999999982]",-0.346296296,0.4621,0.0,1.0,1.0,1.0,1.0,auto,question_gesture.png,im_hand.png,,,,,,,,,,,,,,,,,,,,,,,,,,,,,,,
,,,70523,1,21,2023-06-05_09h30.36.647,flesh_expressibility_dutch,2022.2.4,Win32,60.46680372,,,,18.0,1.0,sss,,,,,,ss,0.0,,0.0,,0.0,,0.0,,0.0,,0.0,,0.0,,0.0,NL,1.0,2.0,2.0,1.0,,sensorypref3,1920.0,1080.0,,,,,,,,3.0,"[32.66759999999404,40.916599999994034,47.669599999994034]","[32.66759999999404,40.916599999994034,47.669599999994034]",3.0,"[34.129300000011916,42.12830000001192,48.89820000000297]","[34.129300000011916,42.12840000000595,48.89820000000297]",5.0,"[0.6819000000059603,0.5985999999940432,0.6985000000000028,0.5159999999999982,0.4829000000059622]","[0.6820000000000022,0.5987000000029852,0.6985000000000028,0.5159999999999982,0.4829000000059622]",0.127777778,0.4786,0.0,0.0,0.0,0.0,1.0,koken,question_multimodal.png,im_combination.png,,,,,,,,,,,,,,,,,,,,,,,,,,,,,,,
,,,70523,1,21,2023-06-05_09h30.36.647,flesh_expressibility_dutch,2022.2.4,Win32,60.46680372,,,,18.0,1.0,sss,,,,,,ss,0.0,,0.0,,0.0,,0.0,,0.0,,0.0,,0.0,,0.0,NL,1.0,2.0,2.0,1.0,,sensorypref3,1920.0,1080.0,,,,,,,,,,,,,,6.0,"[0.6819000000059603,0.5985999999940432,0.6985000000000028,0.5159999999999982,0.4829000000059622,0.7010000000000005]","[0.6820000000000022,0.5987000000029852,0.6985000000000028,0.5159999999999982,0.4829000000059622,0.7010000000000005]",-0.357407407,0.3484,0.0,1.0,1.0,1.0,1.0,leeuw,question_multimodal.png,im_combination.png,,,,,,,,,,,,,,,,,,,,,,,,,,,,,,,
,,,70523,1,21,2023-06-05_09h30.36.647,flesh_expressibility_dutch,2022.2.4,Win32,60.46680372,,,,18.0,1.0,sss,,,,,,ss,0.0,,0.0,,0.0,,0.0,,0.0,,0.0,,0.0,,0.0,NL,1.0,2.0,2.0,1.0,,sensorypref3,1920.0,1080.0,,,,,,,,,,,,,,,,,,,,,,,,,,,1.0,[61.19810000000895],[61.198200000002984],,,,,,,,,,,,,,,,,,,,,,,,,,,,
,,,70523,1,21,2023-06-05_09h30.36.647,flesh_expressibility_dutch,2022.2.4,Win32,60.46680372,,,,18.0,1.0,sss,,,,,,ss,0.0,,0.0,,0.0,,0.0,,0.0,,0.0,,0.0,,0.0,NL,1.0,2.0,2.0,1.0,,sensorypref3,1920.0,1080.0,,,,,,,,,,,,,,,,,,,,,,,,,,,,,,,,,,,,,,,,,,,,,,,,,,,,,,,,,
,,,70523,1,21,2023-06-05_09h30.36.647,flesh_expressibility_dutch,2022.2.4,Win32,60.46680372,,,,18.0,1.0,sss,,,,,,ss,0.0,,0.0,,0.0,,0.0,,0.0,,0.0,,0.0,,0.0,NL,1.0,2.0,2.0,1.0,,sensorypref3,1920.0,1080.0,,,,,,,,,,,,,,,,,,,,,,,,,,,,,,1.0,[65.813],[65.81309999999405],1.0,[68.04039999999105],[68.04039999999105],1.0,69.0841,1.0,[0.39909999999403567],[0.39909999999403567],0.287037037,1.4165,0.0,0.0,0.0,189.0,1.0,as,mas,question_multimodal.png,im_combination.png,,,,,,
,,,70523,1,21,2023-06-05_09h30.36.647,flesh_expressibility_dutch,2022.2.4,Win32,60.46680372,,,,18.0,1.0,sss,,,,,,ss,0.0,,0.0,,0.0,,0.0,,0.0,,0.0,,0.0,,0.0,NL,1.0,2.0,2.0,1.0,,sensorypref3,1920.0,1080.0,,,,,,,,,,,,,,,,,,,,,,,,,,,,,,,,,,,,2.0,71.2274,2.0,"[0.39909999999403567,0.48239999999104555]","[0.39909999999403567,0.48239999999104555]",-0.233333333,1.121,0.0,1.0,1.0,169.0,1.0,zien,mzien,question_multimodal.png,im_combination.png,,,,,,
,,,70523,1,21,2023-06-05_09h30.36.647,flesh_expressibility_dutch,2022.2.4,Win32,60.46680372,,,,18.0,1.0,sss,,,,,,ss,0.0,,0.0,,0.0,,0.0,,0.0,,0.0,,0.0,,0.0,NL,1.0,2.0,2.0,1.0,,sensorypref3,1920.0,1080.0,,,,,,,,,,,,,,,,,,,,,,,,,,,,,,,,,,,,1.0,72.4202,3.0,"[0.39909999999403567,0.48239999999104555,0.4657000000029683]","[0.39909999999403567,0.48239999999104555,0.4657000000029683]",0.227777778,0.7482,0.0,2.0,2.0,74.0,1.0,hoekig,mhoekig,question_multimodal.png,im_combination.png,,,,,,
,,,70523,1,21,2023-06-05_09h30.36.647,flesh_expressibility_dutch,2022.2.4,Win32,60.46680372,,,,18.0,1.0,sss,,,,,,ss,0.0,,0.0,,0.0,,0.0,,0.0,,0.0,,0.0,,0.0,NL,1.0,2.0,2.0,1.0,,sensorypref3,1920.0,1080.0,,,,,,,,,,,,,,,,,,,,,,,,,,,,,,,,,,,,2.0,74.0273,4.0,"[0.39909999999403567,0.48239999999104555,0.4657000000029683,1.0642999999970186]","[0.39909999999403567,0.48239999999104555,0.4657000000029683,1.0642999999970186]",-0.337037037,1.0701,0.0,3.0,3.0,177.0,1.0,kind,mkind,question_multimodal.png,im_combination.png,,,,,,
,,,70523,1,21,2023-06-05_09h30.36.647,flesh_expressibility_dutch,2022.2.4,Win32,60.46680372,,,,18.0,1.0,sss,,,,,,ss,0.0,,0.0,,0.0,,0.0,,0.0,,0.0,,0.0,,0.0,NL,1.0,2.0,2.0,1.0,,sensorypref3,1920.0,1080.0,,,,,,,,,,,,,,,,,,,,,,,,,,,,,,,,,,,,2.0,76.1757,5.0,"[0.39909999999403567,0.48239999999104555,0.4657000000029683,1.0642999999970186,0.4324000000059556]","[0.39909999999403567,0.48239999999104555,0.4657000000029683,1.0642999999970186,0.4324000000059556]",0.259259259,1.2037,0.0,4.0,4.0,78.0,1.0,wit,mwit,question_multimodal.png,im_combination.png,,,,,,
,,,70523,1,21,2023-06-05_09h30.36.647,flesh_expressibility_dutch,2022.2.4,Win32,60.46680372,,,,18.0,1.0,sss,,,,,,ss,0.0,,0.0,,0.0,,0.0,,0.0,,0.0,,0.0,,0.0,NL,1.0,2.0,2.0,1.0,,sensorypref3,1920.0,1080.0,,,,,,,,,,,,,,,,,,,,,,,,,,,,,,,,,,,,2.0,77.8367,6.0,"[0.39909999999403567,0.48239999999104555,0.4657000000029683,1.0642999999970186,0.4324000000059556,0.39939999999104714]","[0.39909999999403567,0.48239999999104555,0.4657000000029683,1.0642999999970186,0.4324000000059556,0.39939999999104714]",-0.294444444,1.2211,0.0,5.0,5.0,4.0,1.0,fluisteren,mfluisteren,question_multimodal.png,im_combination.png,,,,,,
,,,70523,1,21,2023-06-05_09h30.36.647,flesh_expressibility_dutch,2022.2.4,Win32,60.46680372,,,,18.0,1.0,sss,,,,,,ss,0.0,,0.0,,0.0,,0.0,,0.0,,0.0,,0.0,,0.0,NL,1.0,2.0,2.0,1.0,,sensorypref3,1920.0,1080.0,,,,,,,,,,,,,,,,,,,,,,,,,,,,,,,,,,,,2.0,79.4858,7.0,"[0.39909999999403567,0.48239999999104555,0.4657000000029683,1.0642999999970186,0.4324000000059556,0.39939999999104714,0.6649000000059573]","[0.39909999999403567,0.48239999999104555,0.4657000000029683,1.0642999999970186,0.4324000000059556,0.39939999999104714,0.6649000000059573]",0.196296296,1.0954,0.0,6.0,6.0,168.0,1.0,schaduw,mschaduw,question_multimodal.png,im_combination.png,,,,,,
,,,70523,1,21,2023-06-05_09h30.36.647,flesh_expressibility_dutch,2022.2.4,Win32,60.46680372,,,,18.0,1.0,sss,,,,,,ss,0.0,,0.0,,0.0,,0.0,,0.0,,0.0,,0.0,,0.0,NL,1.0,2.0,2.0,1.0,,sensorypref3,1920.0,1080.0,,,,,,,,,,,,,,,,,,,,,,,,,,,,,,,,,,,,1.0,80.7758,8.0,"[0.39909999999403567,0.48239999999104555,0.4657000000029683,1.0642999999970186,0.4324000000059556,0.39939999999104714,0.6649000000059573,0.3655000000000115]","[0.39909999999403567,0.48239999999104555,0.4657000000029683,1.0642999999970186,0.4324000000059556,0.39939999999104714,0.6649000000059573,0.3655000000000115]",-0.209259259,1.1817,0.0,7.0,7.0,70.0,1.0,aanraken,maanraken,question_multimodal.png,im_combination.png,,,,,,
,,,70523,1,21,2023-06-05_09h30.36.647,flesh_expressibility_dutch,2022.2.4,Win32,60.46680372,,,,18.0,1.0,sss,,,,,,ss,0.0,,0.0,,0.0,,0.0,,0.0,,0.0,,0.0,,0.0,NL,1.0,2.0,2.0,1.0,,sensorypref3,1920.0,1080.0,,,,,,,,,,,,,,,,,,,,,,,,,,,,,,,,,,,,1.0,82.3055,9.0,"[0.39909999999403567,0.48239999999104555,0.4657000000029683,1.0642999999970186,0.4324000000059556,0.39939999999104714,0.6649000000059573,0.3655000000000115,0.39890000000596615]","[0.39909999999403567,0.48239999999104555,0.4657000000029683,1.0642999999970186,0.4324000000059556,0.39939999999104714,0.6649000000059573,0.3655000000000115,0.39890000000596615]",0.181481481,0.8572,0.0,8.0,8.0,153.0,1.0,lachen,mlachen,question_multimodal.png,im_combination.png,,,,,,
,,,70523,1,21,2023-06-05_09h30.36.647,flesh_expressibility_dutch,2022.2.4,Win32,60.46680372,,,,18.0,1.0,sss,,,,,,ss,0.0,,0.0,,0.0,,0.0,,0.0,,0.0,,0.0,,0.0,NL,1.0,2.0,2.0,1.0,,sensorypref3,1920.0,1080.0,,,,,,,,,,,,,,,,,,,,,,,,,,,,,,,,,,,,1.0,83.5543,10.0,"[0.39909999999403567,0.48239999999104555,0.4657000000029683,1.0642999999970186,0.4324000000059556,0.39939999999104714,0.6649000000059573,0.3655000000000115,0.39890000000596615,0.34940000000595717]","[0.39909999999403567,0.48239999999104555,0.4657000000029683,1.0642999999970186,0.4324000000059556,0.39939999999104714,0.6649000000059573,0.3655000000000115,0.39890000000596615,0.34950000000000614]",-0.174074074,1.0085,0.0,9.0,9.0,10.0,1.0,strak,mstrak,question_multimodal.png,im_combination.png,,,,,,
,,,70523,1,21,2023-06-05_09h30.36.647,flesh_expressibility_dutch,2022.2.4,Win32,60.46680372,,,,18.0,1.0,sss,,,,,,ss,0.0,,0.0,,0.0,,0.0,,0.0,,0.0,,0.0,,0.0,NL,1.0,2.0,2.0,1.0,,sensorypref3,1920.0,1080.0,,,,,,,,,,,,,,,,,,,,,,,,,,,,,,,,,,,,1.0,84.9373,11.0,"[0.39909999999403567,0.48239999999104555,0.4657000000029683,1.0642999999970186,0.4324000000059556,0.39939999999104714,0.6649000000059573,0.3655000000000115,0.39890000000596615,0.34940000000595717,0.5654999999999859]","[0.39909999999403567,0.48239999999104555,0.4657000000029683,1.0642999999970186,0.4324000000059556,0.39939999999104714,0.6649000000059573,0.3655000000000115,0.39890000000596615,0.34950000000000614,0.5655999999940349]",0.201851852,0.7099,0.0,10.0,10.0,131.0,1.0,zand,mzand,question_multimodal.png,im_combination.png,,,,,,
,,,70523,1,21,2023-06-05_09h30.36.647,flesh_expressibility_dutch,2022.2.4,Win32,60.46680372,,,,18.0,1.0,sss,,,,,,ss,0.0,,0.0,,0.0,,0.0,,0.0,,0.0,,0.0,,0.0,NL,1.0,2.0,2.0,1.0,,sensorypref3,1920.0,1080.0,,,,,,,,,,,,,,,,,,,,,,,,,,,,,,,,,,,,1.0,86.2464,12.0,"[0.39909999999403567,0.48239999999104555,0.4657000000029683,1.0642999999970186,0.4324000000059556,0.39939999999104714,0.6649000000059573,0.3655000000000115,0.39890000000596615,0.34940000000595717,0.5654999999999859,0.34880000001192]","[0.39909999999403567,0.48239999999104555,0.4657000000029683,1.0642999999970186,0.4324000000059556,0.39939999999104714,0.6649000000059573,0.3655000000000115,0.39890000000596615,0.34950000000000614,0.5655999999940349,0.34880000001192]",-0.196296296,0.862,0.0,11.0,11.0,101.0,1.0,hond,mhond,question_multimodal.png,im_combination.png,,,,,,
,,,70523,1,21,2023-06-05_09h30.36.647,flesh_expressibility_dutch,2022.2.4,Win32,60.46680372,,,,18.0,1.0,sss,,,,,,ss,0.0,,0.0,,0.0,,0.0,,0.0,,0.0,,0.0,,0.0,NL,1.0,2.0,2.0,1.0,,sensorypref3,1920.0,1080.0,,,,,,,,,,,,,,,,,,,,,,,,,,,,,,,,,,,,1.0,87.4412,13.0,"[0.39909999999403567,0.48239999999104555,0.4657000000029683,1.0642999999970186,0.4324000000059556,0.39939999999104714,0.6649000000059573,0.3655000000000115,0.39890000000596615,0.34940000000595717,0.5654999999999859,0.34880000001192,0.3994999999999891]","[0.39909999999403567,0.48239999999104555,0.4657000000029683,1.0642999999970186,0.4324000000059556,0.39939999999104714,0.6649000000059573,0.3655000000000115,0.39890000000596615,0.34950000000000614,0.5655999999940349,0.34880000001192,0.3994999999999891]",0.205555556,0.8944,0.0,12.0,12.0,69.0,1.0,glad,mglad,question_multimodal.png,im_combination.png,,,,,,
,,,70523,1,21,2023-06-05_09h30.36.647,flesh_expressibility_dutch,2022.2.4,Win32,60.46680372,,,,18.0,1.0,sss,,,,,,ss,0.0,,0.0,,0.0,,0.0,,0.0,,0.0,,0.0,,0.0,NL,1.0,2.0,2.0,1.0,,sensorypref3,1920.0,1080.0,,,,,,,,,,,,,,,,,,,,,,,,,,,,,,,,,,,,2.0,89.2463,14.0,"[0.39909999999403567,0.48239999999104555,0.4657000000029683,1.0642999999970186,0.4324000000059556,0.39939999999104714,0.6649000000059573,0.3655000000000115,0.39890000000596615,0.34940000000595717,0.5654999999999859,0.34880000001192,0.3994999999999891,0.3493000000119224]","[0.39909999999403567,0.48239999999104555,0.4657000000029683,1.0642999999970186,0.4324000000059556,0.39939999999104714,0.6649000000059573,0.3655000000000115,0.39890000000596615,0.34950000000000614,0.5655999999940349,0.34880000001192,0.3994999999999891,0.34940000000595717]",-0.187037037,1.5253,0.0,13.0,13.0,25.0,1.0,dood,mdood,question_multimodal.png,im_combination.png,,,,,,
,,,70523,1,21,2023-06-05_09h30.36.647,flesh_expressibility_dutch,2022.2.4,Win32,60.46680372,,,,18.0,1.0,sss,,,,,,ss,0.0,,0.0,,0.0,,0.0,,0.0,,0.0,,0.0,,0.0,NL,1.0,2.0,2.0,1.0,,sensorypref3,1920.0,1080.0,,,,,,,,,,,,,,,,,,,,,,,,,,,,,,,,,,,,1.0,90.6254,15.0,"[0.39909999999403567,0.48239999999104555,0.4657000000029683,1.0642999999970186,0.4324000000059556,0.39939999999104714,0.6649000000059573,0.3655000000000115,0.39890000000596615,0.34940000000595717,0.5654999999999859,0.34880000001192,0.3994999999999891,0.3493000000119224,0.38299999999999557]","[0.39909999999403567,0.48239999999104555,0.4657000000029683,1.0642999999970186,0.4324000000059556,0.39939999999104714,0.6649000000059573,0.3655000000000115,0.39890000000596615,0.34950000000000614,0.5655999999940349,0.34880000001192,0.3994999999999891,0.34940000000595717,0.38299999999999557]",0.2,1.2225,0.0,14.0,14.0,54.0,1.0,snel,msnel,question_multimodal.png,im_combination.png,,,,,,
,,,70523,1,21,2023-06-05_09h30.36.647,flesh_expressibility_dutch,2022.2.4,Win32,60.46680372,,,,18.0,1.0,sss,,,,,,ss,0.0,,0.0,,0.0,,0.0,,0.0,,0.0,,0.0,,0.0,NL,1.0,2.0,2.0,1.0,,sensorypref3,1920.0,1080.0,,,,,,,,,,,,,,,,,,,,,,,,,,,,,,,,,,,,1.0,92.2008,16.0,"[0.39909999999403567,0.48239999999104555,0.4657000000029683,1.0642999999970186,0.4324000000059556,0.39939999999104714,0.6649000000059573,0.3655000000000115,0.39890000000596615,0.34940000000595717,0.5654999999999859,0.34880000001192,0.3994999999999891,0.3493000000119224,0.38299999999999557,0.46559999999404056]","[0.39909999999403567,0.48239999999104555,0.4657000000029683,1.0642999999970186,0.4324000000059556,0.39939999999104714,0.6649000000059573,0.3655000000000115,0.39890000000596615,0.34950000000000614,0.5655999999940349,0.34880000001192,0.3994999999999891,0.34940000000595717,0.38299999999999557,0.46559999999404056]",-0.207407407,1.1367,0.0,15.0,15.0,16.0,1.0,alles,malles,question_multimodal.png,im_combination.png,,,,,,
,,,70523,1,21,2023-06-05_09h30.36.647,flesh_expressibility_dutch,2022.2.4,Win32,60.46680372,,,,18.0,1.0,sss,,,,,,ss,0.0,,0.0,,0.0,,0.0,,0.0,,0.0,,0.0,,0.0,NL,1.0,2.0,2.0,1.0,,sensorypref3,1920.0,1080.0,,,,,,,,,,,,,,,,,,,,,,,,,,,,,,,,,,,,1.0,93.8164,17.0,"[0.39909999999403567,0.48239999999104555,0.4657000000029683,1.0642999999970186,0.4324000000059556,0.39939999999104714,0.6649000000059573,0.3655000000000115,0.39890000000596615,0.34940000000595717,0.5654999999999859,0.34880000001192,0.3994999999999891,0.3493000000119224,0.38299999999999557,0.46559999999404056,0.28229999999702216]","[0.39909999999403567,0.48239999999104555,0.4657000000029683,1.0642999999970186,0.4324000000059556,0.39939999999104714,0.6649000000059573,0.3655000000000115,0.39890000000596615,0.34950000000000614,0.5655999999940349,0.34880000001192,0.3994999999999891,0.34940000000595717,0.38299999999999557,0.46559999999404056,0.28229999999702216]",0.2,0.8996,0.0,16.0,16.0,159.0,1.0,wat,mwat,question_multimodal.png,im_combination.png,,,,,,
,,,70523,1,21,2023-06-05_09h30.36.647,flesh_expressibility_dutch,2022.2.4,Win32,60.46680372,,,,18.0,1.0,sss,,,,,,ss,0.0,,0.0,,0.0,,0.0,,0.0,,0.0,,0.0,,0.0,NL,1.0,2.0,2.0,1.0,,sensorypref3,1920.0,1080.0,,,,,,,,,,,,,,,,,,,,,,,,,,,,,,,,,,,,1.0,95.0565,18.0,"[0.39909999999403567,0.48239999999104555,0.4657000000029683,1.0642999999970186,0.4324000000059556,0.39939999999104714,0.6649000000059573,0.3655000000000115,0.39890000000596615,0.34940000000595717,0.5654999999999859,0.34880000001192,0.3994999999999891,0.3493000000119224,0.38299999999999557,0.46559999999404056,0.28229999999702216,0.2833999999910617]","[0.39909999999403567,0.48239999999104555,0.4657000000029683,1.0642999999970186,0.4324000000059556,0.39939999999104714,0.6649000000059573,0.3655000000000115,0.39890000000596615,0.34950000000000614,0.5655999999940349,0.34880000001192,0.3994999999999891,0.34940000000595717,0.38299999999999557,0.46559999999404056,0.28229999999702216,0.2834999999999894]",-0.214814815,1.1501,0.0,17.0,17.0,179.0,1.0,zij,mzij,question_multimodal.png,im_combination.png,,,,,,
,,,70523,1,21,2023-06-05_09h30.36.647,flesh_expressibility_dutch,2022.2.4,Win32,60.46680372,,,,18.0,1.0,sss,,,,,,ss,0.0,,0.0,,0.0,,0.0,,0.0,,0.0,,0.0,,0.0,NL,1.0,2.0,2.0,1.0,,sensorypref3,1920.0,1080.0,,,,,,,,,,,,,,,,,,,,,,,,,,,,,,,,,,,,1.0,96.5153,19.0,"[0.39909999999403567,0.48239999999104555,0.4657000000029683,1.0642999999970186,0.4324000000059556,0.39939999999104714,0.6649000000059573,0.3655000000000115,0.39890000000596615,0.34940000000595717,0.5654999999999859,0.34880000001192,0.3994999999999891,0.3493000000119224,0.38299999999999557,0.46559999999404056,0.28229999999702216,0.2833999999910617,0.23269999998808544]","[0.39909999999403567,0.48239999999104555,0.4657000000029683,1.0642999999970186,0.4324000000059556,0.39939999999104714,0.6649000000059573,0.3655000000000115,0.39890000000596615,0.34950000000000614,0.5655999999940349,0.34880000001192,0.3994999999999891,0.34940000000595717,0.38299999999999557,0.46559999999404056,0.28229999999702216,0.2834999999999894,0.23279999999702738]",0.188888889,1.0162,0.0,18.0,18.0,87.0,1.0,vechten,mvechten,question_multimodal.png,im_combination.png,,,,,,
,,,70523,1,21,2023-06-05_09h30.36.647,flesh_expressibility_dutch,2022.2.4,Win32,60.46680372,,,,18.0,1.0,sss,,,,,,ss,0.0,,0.0,,0.0,,0.0,,0.0,,0.0,,0.0,,0.0,NL,1.0,2.0,2.0,1.0,,sensorypref3,1920.0,1080.0,,,,,,,,,,,,,,,,,,,,,,,,,,,,,,,,,,,,1.0,97.7324,20.0,"[0.39909999999403567,0.48239999999104555,0.4657000000029683,1.0642999999970186,0.4324000000059556,0.39939999999104714,0.6649000000059573,0.3655000000000115,0.39890000000596615,0.34940000000595717,0.5654999999999859,0.34880000001192,0.3994999999999891,0.3493000000119224,0.38299999999999557,0.46559999999404056,0.28229999999702216,0.2833999999910617,0.23269999998808544,0.3824999999999932]","[0.39909999999403567,0.48239999999104555,0.4657000000029683,1.0642999999970186,0.4324000000059556,0.39939999999104714,0.6649000000059573,0.3655000000000115,0.39890000000596615,0.34950000000000614,0.5655999999940349,0.34880000001192,0.3994999999999891,0.34940000000595717,0.38299999999999557,0.46559999999404056,0.28229999999702216,0.2834999999999894,0.23279999999702738,0.3824999999999932]",-0.198148148,0.8954,0.0,19.0,19.0,140.0,1.0,staan,mstaan,question_multimodal.png,im_combination.png,,,,,,
,,,70523,1,21,2023-06-05_09h30.36.647,flesh_expressibility_dutch,2022.2.4,Win32,60.46680372,,,,18.0,1.0,sss,,,,,,ss,0.0,,0.0,,0.0,,0.0,,0.0,,0.0,,0.0,,0.0,NL,1.0,2.0,2.0,1.0,,sensorypref3,1920.0,1080.0,,,,,,,,,,,,,,,,,,,,,,,,,,,,,,2.0,"[65.813,100.78779999999702]","[65.81309999999405,100.78779999999702]",2.0,"[68.04039999999105,102.96569999998809]","[68.04039999999105,102.96569999998809]",1.0,103.8029,21.0,"[0.39909999999403567,0.48239999999104555,0.4657000000029683,1.0642999999970186,0.4324000000059556,0.39939999999104714,0.6649000000059573,0.3655000000000115,0.39890000000596615,0.34940000000595717,0.5654999999999859,0.34880000001192,0.3994999999999891,0.3493000000119224,0.38299999999999557,0.46559999999404056,0.28229999999702216,0.2833999999910617,0.23269999998808544,0.3824999999999932,0.6153999999910695]","[0.39909999999403567,0.48239999999104555,0.4657000000029683,1.0642999999970186,0.4324000000059556,0.39939999999104714,0.6649000000059573,0.3655000000000115,0.39890000000596615,0.34950000000000614,0.5655999999940349,0.34880000001192,0.3994999999999891,0.34940000000595717,0.38299999999999557,0.46559999999404056,0.28229999999702216,0.2834999999999894,0.23279999999702738,0.3824999999999932,0.6153999999910695]",-0.212962963,0.8124,0.0,0.0,0.0,17.0,1.0,verschillend,vverschillend,question_vocal.png,im_mouth.png,,,,,,
,,,70523,1,21,2023-06-05_09h30.36.647,flesh_expressibility_dutch,2022.2.4,Win32,60.46680372,,,,18.0,1.0,sss,,,,,,ss,0.0,,0.0,,0.0,,0.0,,0.0,,0.0,,0.0,,0.0,NL,1.0,2.0,2.0,1.0,,sensorypref3,1920.0,1080.0,,,,,,,,,,,,,,,,,,,,,,,,,,,,,,,,,,,,1.0,105.258,22.0,"[0.39909999999403567,0.48239999999104555,0.4657000000029683,1.0642999999970186,0.4324000000059556,0.39939999999104714,0.6649000000059573,0.3655000000000115,0.39890000000596615,0.34940000000595717,0.5654999999999859,0.34880000001192,0.3994999999999891,0.3493000000119224,0.38299999999999557,0.46559999999404056,0.28229999999702216,0.2833999999910617,0.23269999998808544,0.3824999999999932,0.6153999999910695,0.26590000000595637]","[0.39909999999403567,0.48239999999104555,0.4657000000029683,1.0642999999970186,0.4324000000059556,0.39939999999104714,0.6649000000059573,0.3655000000000115,0.39890000000596615,0.34950000000000614,0.5655999999940349,0.34880000001192,0.3994999999999891,0.34940000000595717,0.38299999999999557,0.46559999999404056,0.28229999999702216,0.2834999999999894,0.23279999999702738,0.3824999999999932,0.6153999999910695,0.26590000000595637]",0.207407407,0.8028,0.0,1.0,1.0,184.0,1.0,ver,vver,question_vocal.png,im_mouth.png,,,,,,
,,,70523,1,21,2023-06-05_09h30.36.647,flesh_expressibility_dutch,2022.2.4,Win32,60.46680372,,,,18.0,1.0,sss,,,,,,ss,0.0,,0.0,,0.0,,0.0,,0.0,,0.0,,0.0,,0.0,NL,1.0,2.0,2.0,1.0,,sensorypref3,1920.0,1080.0,,,,,,,,,,,,,,,,,,,,,,,,,,,,,,,,,,,,2.0,106.8495,23.0,"[0.39909999999403567,0.48239999999104555,0.4657000000029683,1.0642999999970186,0.4324000000059556,0.39939999999104714,0.6649000000059573,0.3655000000000115,0.39890000000596615,0.34940000000595717,0.5654999999999859,0.34880000001192,0.3994999999999891,0.3493000000119224,0.38299999999999557,0.46559999999404056,0.28229999999702216,0.2833999999910617,0.23269999998808544,0.3824999999999932,0.6153999999910695,0.26590000000595637,0.2655999999940377]","[0.39909999999403567,0.48239999999104555,0.4657000000029683,1.0642999999970186,0.4324000000059556,0.39939999999104714,0.6649000000059573,0.3655000000000115,0.39890000000596615,0.34950000000000614,0.5655999999940349,0.34880000001192,0.3994999999999891,0.34940000000595717,0.38299999999999557,0.46559999999404056,0.28229999999702216,0.2834999999999894,0.23279999999702738,0.3824999999999932,0.6153999999910695,0.26590000000595637,0.2655999999940377]",-0.188888889,1.1935,0.0,2.0,2.0,84.0,1.0,kort,vkort,question_vocal.png,im_mouth.png,,,,,,
,,,70523,1,21,2023-06-05_09h30.36.647,flesh_expressibility_dutch,2022.2.4,Win32,60.46680372,,,,18.0,1.0,sss,,,,,,ss,0.0,,0.0,,0.0,,0.0,,0.0,,0.0,,0.0,,0.0,NL,1.0,2.0,2.0,1.0,,sensorypref3,1920.0,1080.0,,,,,,,,,,,,,,,,,,,,,,,,,,,,,,,,,,,,1.0,107.8637,24.0,"[0.39909999999403567,0.48239999999104555,0.4657000000029683,1.0642999999970186,0.4324000000059556,0.39939999999104714,0.6649000000059573,0.3655000000000115,0.39890000000596615,0.34940000000595717,0.5654999999999859,0.34880000001192,0.3994999999999891,0.3493000000119224,0.38299999999999557,0.46559999999404056,0.28229999999702216,0.2833999999910617,0.23269999998808544,0.3824999999999932,0.6153999999910695,0.26590000000595637,0.2655999999940377,0.23290000000595512]","[0.39909999999403567,0.48239999999104555,0.4657000000029683,1.0642999999970186,0.4324000000059556,0.39939999999104714,0.6649000000059573,0.3655000000000115,0.39890000000596615,0.34950000000000614,0.5655999999940349,0.34880000001192,0.3994999999999891,0.34940000000595717,0.38299999999999557,0.46559999999404056,0.28229999999702216,0.2834999999999894,0.23279999999702738,0.3824999999999932,0.6153999999910695,0.26590000000595637,0.2655999999940377,0.23290000000595512]",0.196296296,0.8172,0.0,3.0,3.0,142.0,1.0,verbrijzelen,vverbrijzelen,question_vocal.png,im_mouth.png,,,,,,
,,,70523,1,21,2023-06-05_09h30.36.647,flesh_expressibility_dutch,2022.2.4,Win32,60.46680372,,,,18.0,1.0,sss,,,,,,ss,0.0,,0.0,,0.0,,0.0,,0.0,,0.0,,0.0,,0.0,NL,1.0,2.0,2.0,1.0,,sensorypref3,1920.0,1080.0,,,,,,,,,,,,,,,,,,,,,,,,,,,,,,,,,,,,2.0,109.3823,25.0,"[0.39909999999403567,0.48239999999104555,0.4657000000029683,1.0642999999970186,0.4324000000059556,0.39939999999104714,0.6649000000059573,0.3655000000000115,0.39890000000596615,0.34940000000595717,0.5654999999999859,0.34880000001192,0.3994999999999891,0.3493000000119224,0.38299999999999557,0.46559999999404056,0.28229999999702216,0.2833999999910617,0.23269999998808544,0.3824999999999932,0.6153999999910695,0.26590000000595637,0.2655999999940377,0.23290000000595512,0.3322999999970193]","[0.39909999999403567,0.48239999999104555,0.4657000000029683,1.0642999999970186,0.4324000000059556,0.39939999999104714,0.6649000000059573,0.3655000000000115,0.39890000000596615,0.34950000000000614,0.5655999999940349,0.34880000001192,0.3994999999999891,0.34940000000595717,0.38299999999999557,0.46559999999404056,0.28229999999702216,0.2834999999999894,0.23279999999702738,0.3824999999999932,0.6153999999910695,0.26590000000595637,0.2655999999940377,0.23290000000595512,0.3322999999970193]",-0.196296296,1.2325,0.0,4.0,4.0,164.0,1.0,zoet,vzoet,question_vocal.png,im_mouth.png,,,,,,
,,,70523,1,21,2023-06-05_09h30.36.647,flesh_expressibility_dutch,2022.2.4,Win32,60.46680372,,,,18.0,1.0,sss,,,,,,ss,0.0,,0.0,,0.0,,0.0,,0.0,,0.0,,0.0,,0.0,NL,1.0,2.0,2.0,1.0,,sensorypref3,1920.0,1080.0,,,,,,,,,,,,,,,,,,,,,,,,,,,,,,,,,,,,2.0,110.9575,26.0,"[0.39909999999403567,0.48239999999104555,0.4657000000029683,1.0642999999970186,0.4324000000059556,0.39939999999104714,0.6649000000059573,0.3655000000000115,0.39890000000596615,0.34940000000595717,0.5654999999999859,0.34880000001192,0.3994999999999891,0.3493000000119224,0.38299999999999557,0.46559999999404056,0.28229999999702216,0.2833999999910617,0.23269999998808544,0.3824999999999932,0.6153999999910695,0.26590000000595637,0.2655999999940377,0.23290000000595512,0.3322999999970193,0.23280000001192036]","[0.39909999999403567,0.48239999999104555,0.4657000000029683,1.0642999999970186,0.4324000000059556,0.39939999999104714,0.6649000000059573,0.3655000000000115,0.39890000000596615,0.34950000000000614,0.5655999999940349,0.34880000001192,0.3994999999999891,0.34940000000595717,0.38299999999999557,0.46559999999404056,0.28229999999702216,0.2834999999999894,0.23279999999702738,0.3824999999999932,0.6153999999910695,0.26590000000595637,0.2655999999940377,0.23290000000595512,0.3322999999970193,0.23290000000595512]",0.209259259,1.2532,0.0,5.0,5.0,116.0,1.0,oog,voog,question_vocal.png,im_mouth.png,,,,,,
,,,70523,1,21,2023-06-05_09h30.36.647,flesh_expressibility_dutch,2022.2.4,Win32,60.46680372,,,,18.0,1.0,sss,,,,,,ss,0.0,,0.0,,0.0,,0.0,,0.0,,0.0,,0.0,,0.0,NL,1.0,2.0,2.0,1.0,,sensorypref3,1920.0,1080.0,,,,,,,,,,,,,,,,,,,,,,,,,,,,,,,,,,,,1.0,111.9637,27.0,"[0.39909999999403567,0.48239999999104555,0.4657000000029683,1.0642999999970186,0.4324000000059556,0.39939999999104714,0.6649000000059573,0.3655000000000115,0.39890000000596615,0.34940000000595717,0.5654999999999859,0.34880000001192,0.3994999999999891,0.3493000000119224,0.38299999999999557,0.46559999999404056,0.28229999999702216,0.2833999999910617,0.23269999998808544,0.3824999999999932,0.6153999999910695,0.26590000000595637,0.2655999999940377,0.23290000000595512,0.3322999999970193,0.23280000001192036,0.7484999999999928]","[0.39909999999403567,0.48239999999104555,0.4657000000029683,1.0642999999970186,0.4324000000059556,0.39939999999104714,0.6649000000059573,0.3655000000000115,0.39890000000596615,0.34950000000000614,0.5655999999940349,0.34880000001192,0.3994999999999891,0.34940000000595717,0.38299999999999557,0.46559999999404056,0.28229999999702216,0.2834999999999894,0.23279999999702738,0.3824999999999932,0.6153999999910695,0.26590000000595637,0.2655999999940377,0.23290000000595512,0.3322999999970193,0.23290000000595512,0.7486000000089348]",-0.188888889,0.82,0.0,6.0,6.0,179.0,1.0,zij,vzij,question_vocal.png,im_mouth.png,,,,,,
,,,70523,1,21,2023-06-05_09h30.36.647,flesh_expressibility_dutch,2022.2.4,Win32,60.46680372,,,,18.0,1.0,sss,,,,,,ss,0.0,,0.0,,0.0,,0.0,,0.0,,0.0,,0.0,,0.0,NL,1.0,2.0,2.0,1.0,,sensorypref3,1920.0,1080.0,,,,,,,,,,,,,,,,,,,,,,,,,,,,,,,,,,,,1.0,113.5392,28.0,"[0.39909999999403567,0.48239999999104555,0.4657000000029683,1.0642999999970186,0.4324000000059556,0.39939999999104714,0.6649000000059573,0.3655000000000115,0.39890000000596615,0.34940000000595717,0.5654999999999859,0.34880000001192,0.3994999999999891,0.3493000000119224,0.38299999999999557,0.46559999999404056,0.28229999999702216,0.2833999999910617,0.23269999998808544,0.3824999999999932,0.6153999999910695,0.26590000000595637,0.2655999999940377,0.23290000000595512,0.3322999999970193,0.23280000001192036,0.7484999999999928,0.2325000000000017]","[0.39909999999403567,0.48239999999104555,0.4657000000029683,1.0642999999970186,0.4324000000059556,0.39939999999104714,0.6649000000059573,0.3655000000000115,0.39890000000596615,0.34950000000000614,0.5655999999940349,0.34880000001192,0.3994999999999891,0.34940000000595717,0.38299999999999557,0.46559999999404056,0.28229999999702216,0.2834999999999894,0.23279999999702738,0.3824999999999932,0.6153999999910695,0.26590000000595637,0.2655999999940377,0.23290000000595512,0.3322999999970193,0.23290000000595512,0.7486000000089348,0.23260000000892944]",0.188888889,0.9439,0.0,7.0,7.0,0.0,1.0,droog,vdroog,question_vocal.png,im_mouth.png,,,,,,
,,,70523,1,21,2023-06-05_09h30.36.647,flesh_expressibility_dutch,2022.2.4,Win32,60.46680372,,,,18.0,1.0,sss,,,,,,ss,0.0,,0.0,,0.0,,0.0,,0.0,,0.0,,0.0,,0.0,NL,1.0,2.0,2.0,1.0,,sensorypref3,1920.0,1080.0,,,,,,,,,,,,,,,,,,,,,,,,,,,,,,,,,,,,1.0,114.7332,29.0,"[0.39909999999403567,0.48239999999104555,0.4657000000029683,1.0642999999970186,0.4324000000059556,0.39939999999104714,0.6649000000059573,0.3655000000000115,0.39890000000596615,0.34940000000595717,0.5654999999999859,0.34880000001192,0.3994999999999891,0.3493000000119224,0.38299999999999557,0.46559999999404056,0.28229999999702216,0.2833999999910617,0.23269999998808544,0.3824999999999932,0.6153999999910695,0.26590000000595637,0.2655999999940377,0.23290000000595512,0.3322999999970193,0.23280000001192036,0.7484999999999928,0.2325000000000017,0.2829000000059665]","[0.39909999999403567,0.48239999999104555,0.4657000000029683,1.0642999999970186,0.4324000000059556,0.39939999999104714,0.6649000000059573,0.3655000000000115,0.39890000000596615,0.34950000000000614,0.5655999999940349,0.34880000001192,0.3994999999999891,0.34940000000595717,0.38299999999999557,0.46559999999404056,0.28229999999702216,0.2834999999999894,0.23279999999702738,0.3824999999999932,0.6153999999910695,0.26590000000595637,0.2655999999940377,0.23290000000595512,0.3322999999970193,0.23290000000595512,0.7486000000089348,0.23260000000892944,0.2829000000059665]",-0.187037037,0.8748,0.0,8.0,8.0,8.0,1.0,likken,vlikken,question_vocal.png,im_mouth.png,,,,,,
,,,70523,1,21,2023-06-05_09h30.36.647,flesh_expressibility_dutch,2022.2.4,Win32,60.46680372,,,,18.0,1.0,sss,,,,,,ss,0.0,,0.0,,0.0,,0.0,,0.0,,0.0,,0.0,,0.0,NL,1.0,2.0,2.0,1.0,,sensorypref3,1920.0,1080.0,,,,,,,,,,,,,,,,,,,,,,,,,,,,,,,,,,,,1.0,115.8884,30.0,"[0.39909999999403567,0.48239999999104555,0.4657000000029683,1.0642999999970186,0.4324000000059556,0.39939999999104714,0.6649000000059573,0.3655000000000115,0.39890000000596615,0.34940000000595717,0.5654999999999859,0.34880000001192,0.3994999999999891,0.3493000000119224,0.38299999999999557,0.46559999999404056,0.28229999999702216,0.2833999999910617,0.23269999998808544,0.3824999999999932,0.6153999999910695,0.26590000000595637,0.2655999999940377,0.23290000000595512,0.3322999999970193,0.23280000001192036,0.7484999999999928,0.2325000000000017,0.2829000000059665,0.2327000000029784]","[0.39909999999403567,0.48239999999104555,0.4657000000029683,1.0642999999970186,0.4324000000059556,0.39939999999104714,0.6649000000059573,0.3655000000000115,0.39890000000596615,0.34950000000000614,0.5655999999940349,0.34880000001192,0.3994999999999891,0.34940000000595717,0.38299999999999557,0.46559999999404056,0.28229999999702216,0.2834999999999894,0.23279999999702738,0.3824999999999932,0.6153999999910695,0.26590000000595637,0.2655999999940377,0.23290000000595512,0.3322999999970193,0.23290000000595512,0.7486000000089348,0.23260000000892944,0.2829000000059665,0.23279999999702738]",0.188888889,0.9918,0.0,9.0,9.0,192.0,1.0,vlees,vvlees,question_vocal.png,im_mouth.png,,,,,,
,,,70523,1,21,2023-06-05_09h30.36.647,flesh_expressibility_dutch,2022.2.4,Win32,60.46680372,,,,18.0,1.0,sss,,,,,,ss,0.0,,0.0,,0.0,,0.0,,0.0,,0.0,,0.0,,0.0,NL,1.0,2.0,2.0,1.0,,sensorypref3,1920.0,1080.0,,,,,,,,,,,,,,,,,,,,,,,,,,,,,,,,,,,,1.0,117.1057,31.0,"[0.39909999999403567,0.48239999999104555,0.4657000000029683,1.0642999999970186,0.4324000000059556,0.39939999999104714,0.6649000000059573,0.3655000000000115,0.39890000000596615,0.34940000000595717,0.5654999999999859,0.34880000001192,0.3994999999999891,0.3493000000119224,0.38299999999999557,0.46559999999404056,0.28229999999702216,0.2833999999910617,0.23269999998808544,0.3824999999999932,0.6153999999910695,0.26590000000595637,0.2655999999940377,0.23290000000595512,0.3322999999970193,0.23280000001192036,0.7484999999999928,0.2325000000000017,0.2829000000059665,0.2327000000029784,0.29940000000596]","[0.39909999999403567,0.48239999999104555,0.4657000000029683,1.0642999999970186,0.4324000000059556,0.39939999999104714,0.6649000000059573,0.3655000000000115,0.39890000000596615,0.34950000000000614,0.5655999999940349,0.34880000001192,0.3994999999999891,0.34940000000595717,0.38299999999999557,0.46559999999404056,0.28229999999702216,0.2834999999999894,0.23279999999702738,0.3824999999999932,0.6153999999910695,0.26590000000595637,0.2655999999940377,0.23290000000595512,0.3322999999970193,0.23290000000595512,0.7486000000089348,0.23260000000892944,0.2829000000059665,0.23279999999702738,0.29949999999999477]",-0.198148148,0.7602,0.0,10.0,10.0,134.0,1.0,water,vwater,question_vocal.png,im_mouth.png,,,,,,
,,,70523,1,21,2023-06-05_09h30.36.647,flesh_expressibility_dutch,2022.2.4,Win32,60.46680372,,,,18.0,1.0,sss,,,,,,ss,0.0,,0.0,,0.0,,0.0,,0.0,,0.0,,0.0,,0.0,NL,1.0,2.0,2.0,1.0,,sensorypref3,1920.0,1080.0,,,,,,,,,,,,,,,,,,,,,,,,,,,,,,,,,,,,1.0,118.1399,32.0,"[0.39909999999403567,0.48239999999104555,0.4657000000029683,1.0642999999970186,0.4324000000059556,0.39939999999104714,0.6649000000059573,0.3655000000000115,0.39890000000596615,0.34940000000595717,0.5654999999999859,0.34880000001192,0.3994999999999891,0.3493000000119224,0.38299999999999557,0.46559999999404056,0.28229999999702216,0.2833999999910617,0.23269999998808544,0.3824999999999932,0.6153999999910695,0.26590000000595637,0.2655999999940377,0.23290000000595512,0.3322999999970193,0.23280000001192036,0.7484999999999928,0.2325000000000017,0.2829000000059665,0.2327000000029784,0.29940000000596,0.29929999999701806]","[0.39909999999403567,0.48239999999104555,0.4657000000029683,1.0642999999970186,0.4324000000059556,0.39939999999104714,0.6649000000059573,0.3655000000000115,0.39890000000596615,0.34950000000000614,0.5655999999940349,0.34880000001192,0.3994999999999891,0.34940000000595717,0.38299999999999557,0.46559999999404056,0.28229999999702216,0.2834999999999894,0.23279999999702738,0.3824999999999932,0.6153999999910695,0.26590000000595637,0.2655999999940377,0.23290000000595512,0.3322999999970193,0.23290000000595512,0.7486000000089348,0.23260000000892944,0.2829000000059665,0.23279999999702738,0.29949999999999477,0.29929999999701806]",0.203703704,1.1114,0.0,11.0,11.0,37.0,1.0,walgen,vwalgen,question_vocal.png,im_mouth.png,,,,,,
,,,70523,1,21,2023-06-05_09h30.36.647,flesh_expressibility_dutch,2022.2.4,Win32,60.46680372,,,,18.0,1.0,sss,,,,,,ss,0.0,,0.0,,0.0,,0.0,,0.0,,0.0,,0.0,,0.0,NL,1.0,2.0,2.0,1.0,,sensorypref3,1920.0,1080.0,,,,,,,,,,,,,,,,,,,,,,,,,,,,,,,,,,,,1.0,119.5809,33.0,"[0.39909999999403567,0.48239999999104555,0.4657000000029683,1.0642999999970186,0.4324000000059556,0.39939999999104714,0.6649000000059573,0.3655000000000115,0.39890000000596615,0.34940000000595717,0.5654999999999859,0.34880000001192,0.3994999999999891,0.3493000000119224,0.38299999999999557,0.46559999999404056,0.28229999999702216,0.2833999999910617,0.23269999998808544,0.3824999999999932,0.6153999999910695,0.26590000000595637,0.2655999999940377,0.23290000000595512,0.3322999999970193,0.23280000001192036,0.7484999999999928,0.2325000000000017,0.2829000000059665,0.2327000000029784,0.29940000000596,0.29929999999701806,0.29940000000596]","[0.39909999999403567,0.48239999999104555,0.4657000000029683,1.0642999999970186,0.4324000000059556,0.39939999999104714,0.6649000000059573,0.3655000000000115,0.39890000000596615,0.34950000000000614,0.5655999999940349,0.34880000001192,0.3994999999999891,0.34940000000595717,0.38299999999999557,0.46559999999404056,0.28229999999702216,0.2834999999999894,0.23279999999702738,0.3824999999999932,0.6153999999910695,0.26590000000595637,0.2655999999940377,0.23290000000595512,0.3322999999970193,0.23290000000595512,0.7486000000089348,0.23260000000892944,0.2829000000059665,0.23279999999702738,0.29949999999999477,0.29929999999701806,0.29940000000596]",-0.22037037,1.0579,0.0,12.0,12.0,74.0,1.0,hoekig,vhoekig,question_vocal.png,im_mouth.png,,,,,,
,,,70523,1,21,2023-06-05_09h30.36.647,flesh_expressibility_dutch,2022.2.4,Win32,60.46680372,,,,18.0,1.0,sss,,,,,,ss,0.0,,0.0,,0.0,,0.0,,0.0,,0.0,,0.0,,0.0,NL,1.0,2.0,2.0,1.0,,sensorypref3,1920.0,1080.0,,,,,,,,,,,,,,,,,,,,,,,,,,,,,,,,,,,,2.0,121.4178,34.0,"[0.39909999999403567,0.48239999999104555,0.4657000000029683,1.0642999999970186,0.4324000000059556,0.39939999999104714,0.6649000000059573,0.3655000000000115,0.39890000000596615,0.34940000000595717,0.5654999999999859,0.34880000001192,0.3994999999999891,0.3493000000119224,0.38299999999999557,0.46559999999404056,0.28229999999702216,0.2833999999910617,0.23269999998808544,0.3824999999999932,0.6153999999910695,0.26590000000595637,0.2655999999940377,0.23290000000595512,0.3322999999970193,0.23280000001192036,0.7484999999999928,0.2325000000000017,0.2829000000059665,0.2327000000029784,0.29940000000596,0.29929999999701806,0.29940000000596,0.581699999988075]","[0.39909999999403567,0.48239999999104555,0.4657000000029683,1.0642999999970186,0.4324000000059556,0.39939999999104714,0.6649000000059573,0.3655000000000115,0.39890000000596615,0.34950000000000614,0.5655999999940349,0.34880000001192,0.3994999999999891,0.34940000000595717,0.38299999999999557,0.46559999999404056,0.28229999999702216,0.2834999999999894,0.23279999999702738,0.3824999999999932,0.6153999999910695,0.26590000000595637,0.2655999999940377,0.23290000000595512,0.3322999999970193,0.23290000000595512,0.7486000000089348,0.23260000000892944,0.2829000000059665,0.23279999999702738,0.29949999999999477,0.29929999999701806,0.29940000000596,0.581699999988075]",0.140740741,1.0878,0.0,13.0,13.0,92.0,1.0,heet,vheet,question_vocal.png,im_mouth.png,,,,,,
,,,70523,1,21,2023-06-05_09h30.36.647,flesh_expressibility_dutch,2022.2.4,Win32,60.46680372,,,,18.0,1.0,sss,,,,,,ss,0.0,,0.0,,0.0,,0.0,,0.0,,0.0,,0.0,,0.0,NL,1.0,2.0,2.0,1.0,,sensorypref3,1920.0,1080.0,,,,,,,,,,,,,,,,,,,,,,,,,,,,,,,,,,,,1.0,122.6357,35.0,"[0.39909999999403567,0.48239999999104555,0.4657000000029683,1.0642999999970186,0.4324000000059556,0.39939999999104714,0.6649000000059573,0.3655000000000115,0.39890000000596615,0.34940000000595717,0.5654999999999859,0.34880000001192,0.3994999999999891,0.3493000000119224,0.38299999999999557,0.46559999999404056,0.28229999999702216,0.2833999999910617,0.23269999998808544,0.3824999999999932,0.6153999999910695,0.26590000000595637,0.2655999999940377,0.23290000000595512,0.3322999999970193,0.23280000001192036,0.7484999999999928,0.2325000000000017,0.2829000000059665,0.2327000000029784,0.29940000000596,0.29929999999701806,0.29940000000596,0.581699999988075,0.49870000000296955]","[0.39909999999403567,0.48239999999104555,0.4657000000029683,1.0642999999970186,0.4324000000059556,0.39939999999104714,0.6649000000059573,0.3655000000000115,0.39890000000596615,0.34950000000000614,0.5655999999940349,0.34880000001192,0.3994999999999891,0.34940000000595717,0.38299999999999557,0.46559999999404056,0.28229999999702216,0.2834999999999894,0.23279999999702738,0.3824999999999932,0.6153999999910695,0.26590000000595637,0.2655999999940377,0.23290000000595512,0.3322999999970193,0.23290000000595512,0.7486000000089348,0.23260000000892944,0.2829000000059665,0.23279999999702738,0.29949999999999477,0.29929999999701806,0.29940000000596,0.581699999988075,0.49870000000296955]",-0.212962963,1.0703,0.0,14.0,14.0,150.0,1.0,huilen,vhuilen,question_vocal.png,im_mouth.png,,,,,,
,,,70523,1,21,2023-06-05_09h30.36.647,flesh_expressibility_dutch,2022.2.4,Win32,60.46680372,,,,18.0,1.0,sss,,,,,,ss,0.0,,0.0,,0.0,,0.0,,0.0,,0.0,,0.0,,0.0,NL,1.0,2.0,2.0,1.0,,sensorypref3,1920.0,1080.0,,,,,,,,,,,,,,,,,,,,,,,,,,,,,,,,,,,,1.0,124.6614,36.0,"[0.39909999999403567,0.48239999999104555,0.4657000000029683,1.0642999999970186,0.4324000000059556,0.39939999999104714,0.6649000000059573,0.3655000000000115,0.39890000000596615,0.34940000000595717,0.5654999999999859,0.34880000001192,0.3994999999999891,0.3493000000119224,0.38299999999999557,0.46559999999404056,0.28229999999702216,0.2833999999910617,0.23269999998808544,0.3824999999999932,0.6153999999910695,0.26590000000595637,0.2655999999940377,0.23290000000595512,0.3322999999970193,0.23280000001192036,0.7484999999999928,0.2325000000000017,0.2829000000059665,0.2327000000029784,0.29940000000596,0.29929999999701806,0.29940000000596,0.581699999988075,0.49870000000296955,0.4819999999999993]","[0.39909999999403567,0.48239999999104555,0.4657000000029683,1.0642999999970186,0.4324000000059556,0.39939999999104714,0.6649000000059573,0.3655000000000115,0.39890000000596615,0.34950000000000614,0.5655999999940349,0.34880000001192,0.3994999999999891,0.34940000000595717,0.38299999999999557,0.46559999999404056,0.28229999999702216,0.2834999999999894,0.23279999999702738,0.3824999999999932,0.6153999999910695,0.26590000000595637,0.2655999999940377,0.23290000000595512,0.3322999999970193,0.23290000000595512,0.7486000000089348,0.23260000000892944,0.2829000000059665,0.23279999999702738,0.29949999999999477,0.29929999999701806,0.29940000000596,0.581699999988075,0.49870000000296955,0.4820999999940341]",0.181481481,1.7544,0.0,15.0,15.0,200.0,1.0,oud,voud,question_vocal.png,im_mouth.png,,,,,,
,,,70523,1,21,2023-06-05_09h30.36.647,flesh_expressibility_dutch,2022.2.4,Win32,60.46680372,,,,18.0,1.0,sss,,,,,,ss,0.0,,0.0,,0.0,,0.0,,0.0,,0.0,,0.0,,0.0,NL,1.0,2.0,2.0,1.0,,sensorypref3,1920.0,1080.0,,,,,,,,,,,,,,,,,,,,,,,,,,,,,,,,,,,,3.0,127.0404,37.0,"[0.39909999999403567,0.48239999999104555,0.4657000000029683,1.0642999999970186,0.4324000000059556,0.39939999999104714,0.6649000000059573,0.3655000000000115,0.39890000000596615,0.34940000000595717,0.5654999999999859,0.34880000001192,0.3994999999999891,0.3493000000119224,0.38299999999999557,0.46559999999404056,0.28229999999702216,0.2833999999910617,0.23269999998808544,0.3824999999999932,0.6153999999910695,0.26590000000595637,0.2655999999940377,0.23290000000595512,0.3322999999970193,0.23280000001192036,0.7484999999999928,0.2325000000000017,0.2829000000059665,0.2327000000029784,0.29940000000596,0.29929999999701806,0.29940000000596,0.581699999988075,0.49870000000296955,0.4819999999999993,0.4162000000029593]","[0.39909999999403567,0.48239999999104555,0.4657000000029683,1.0642999999970186,0.4324000000059556,0.39939999999104714,0.6649000000059573,0.3655000000000115,0.39890000000596615,0.34950000000000614,0.5655999999940349,0.34880000001192,0.3994999999999891,0.34940000000595717,0.38299999999999557,0.46559999999404056,0.28229999999702216,0.2834999999999894,0.23279999999702738,0.3824999999999932,0.6153999999910695,0.26590000000595637,0.2655999999940377,0.23290000000595512,0.3322999999970193,0.23290000000595512,0.7486000000089348,0.23260000000892944,0.2829000000059665,0.23279999999702738,0.29949999999999477,0.29929999999701806,0.29940000000596,0.581699999988075,0.49870000000296955,0.4820999999940341,0.4162000000029593]",-0.196296296,1.4854,0.0,16.0,16.0,68.0,1.0,scherp,vscherp,question_vocal.png,im_mouth.png,,,,,,
,,,70523,1,21,2023-06-05_09h30.36.647,flesh_expressibility_dutch,2022.2.4,Win32,60.46680372,,,,18.0,1.0,sss,,,,,,ss,0.0,,0.0,,0.0,,0.0,,0.0,,0.0,,0.0,,0.0,NL,1.0,2.0,2.0,1.0,,sensorypref3,1920.0,1080.0,,,,,,,,,,,,,,,,,,,,,,,,,,,,,,,,,,,,1.0,128.414,38.0,"[0.39909999999403567,0.48239999999104555,0.4657000000029683,1.0642999999970186,0.4324000000059556,0.39939999999104714,0.6649000000059573,0.3655000000000115,0.39890000000596615,0.34940000000595717,0.5654999999999859,0.34880000001192,0.3994999999999891,0.3493000000119224,0.38299999999999557,0.46559999999404056,0.28229999999702216,0.2833999999910617,0.23269999998808544,0.3824999999999932,0.6153999999910695,0.26590000000595637,0.2655999999940377,0.23290000000595512,0.3322999999970193,0.23280000001192036,0.7484999999999928,0.2325000000000017,0.2829000000059665,0.2327000000029784,0.29940000000596,0.29929999999701806,0.29940000000596,0.581699999988075,0.49870000000296955,0.4819999999999993,0.4162000000029593,0.315800000011933]","[0.39909999999403567,0.48239999999104555,0.4657000000029683,1.0642999999970186,0.4324000000059556,0.39939999999104714,0.6649000000059573,0.3655000000000115,0.39890000000596615,0.34950000000000614,0.5655999999940349,0.34880000001192,0.3994999999999891,0.34940000000595717,0.38299999999999557,0.46559999999404056,0.28229999999702216,0.2834999999999894,0.23279999999702738,0.3824999999999932,0.6153999999910695,0.26590000000595637,0.2655999999940377,0.23290000000595512,0.3322999999970193,0.23290000000595512,0.7486000000089348,0.23260000000892944,0.2829000000059665,0.23279999999702738,0.29949999999999477,0.29929999999701806,0.29940000000596,0.581699999988075,0.49870000000296955,0.4820999999940341,0.4162000000029593,0.31590000000596774]",0.194444444,1.0367,0.0,17.0,17.0,42.0,1.0,berg,vberg,question_vocal.png,im_mouth.png,,,,,,
,,,70523,1,21,2023-06-05_09h30.36.647,flesh_expressibility_dutch,2022.2.4,Win32,60.46680372,,,,18.0,1.0,sss,,,,,,ss,0.0,,0.0,,0.0,,0.0,,0.0,,0.0,,0.0,,0.0,NL,1.0,2.0,2.0,1.0,,sensorypref3,1920.0,1080.0,,,,,,,,,,,,,,,,,,,,,,,,,,,,,,,,,,,,1.0,129.7315,39.0,"[0.39909999999403567,0.48239999999104555,0.4657000000029683,1.0642999999970186,0.4324000000059556,0.39939999999104714,0.6649000000059573,0.3655000000000115,0.39890000000596615,0.34940000000595717,0.5654999999999859,0.34880000001192,0.3994999999999891,0.3493000000119224,0.38299999999999557,0.46559999999404056,0.28229999999702216,0.2833999999910617,0.23269999998808544,0.3824999999999932,0.6153999999910695,0.26590000000595637,0.2655999999940377,0.23290000000595512,0.3322999999970193,0.23280000001192036,0.7484999999999928,0.2325000000000017,0.2829000000059665,0.2327000000029784,0.29940000000596,0.29929999999701806,0.29940000000596,0.581699999988075,0.49870000000296955,0.4819999999999993,0.4162000000029593,0.315800000011933,0.31589999999107476]","[0.39909999999403567,0.48239999999104555,0.4657000000029683,1.0642999999970186,0.4324000000059556,0.39939999999104714,0.6649000000059573,0.3655000000000115,0.39890000000596615,0.34950000000000614,0.5655999999940349,0.34880000001192,0.3994999999999891,0.34940000000595717,0.38299999999999557,0.46559999999404056,0.28229999999702216,0.2834999999999894,0.23279999999702738,0.3824999999999932,0.6153999999910695,0.26590000000595637,0.2655999999940377,0.23290000000595512,0.3322999999970193,0.23290000000595512,0.7486000000089348,0.23260000000892944,0.2829000000059665,0.23279999999702738,0.29949999999999477,0.29929999999701806,0.29940000000596,0.581699999988075,0.49870000000296955,0.4820999999940341,0.4162000000029593,0.31590000000596774,0.31589999999107476]",-0.216666667,0.9136,0.0,18.0,18.0,149.0,1.0,blazen,vblazen,question_vocal.png,im_mouth.png,,,,,,
,,,70523,1,21,2023-06-05_09h30.36.647,flesh_expressibility_dutch,2022.2.4,Win32,60.46680372,,,,18.0,1.0,sss,,,,,,ss,0.0,,0.0,,0.0,,0.0,,0.0,,0.0,,0.0,,0.0,NL,1.0,2.0,2.0,1.0,,sensorypref3,1920.0,1080.0,,,,,,,,,,,,,,,,,,,,,,,,,,,,,,,,,,,,2.0,131.4893,40.0,"[0.39909999999403567,0.48239999999104555,0.4657000000029683,1.0642999999970186,0.4324000000059556,0.39939999999104714,0.6649000000059573,0.3655000000000115,0.39890000000596615,0.34940000000595717,0.5654999999999859,0.34880000001192,0.3994999999999891,0.3493000000119224,0.38299999999999557,0.46559999999404056,0.28229999999702216,0.2833999999910617,0.23269999998808544,0.3824999999999932,0.6153999999910695,0.26590000000595637,0.2655999999940377,0.23290000000595512,0.3322999999970193,0.23280000001192036,0.7484999999999928,0.2325000000000017,0.2829000000059665,0.2327000000029784,0.29940000000596,0.29929999999701806,0.29940000000596,0.581699999988075,0.49870000000296955,0.4819999999999993,0.4162000000029593,0.315800000011933,0.31589999999107476,0.24989999999107226]","[0.39909999999403567,0.48239999999104555,0.4657000000029683,1.0642999999970186,0.4324000000059556,0.39939999999104714,0.6649000000059573,0.3655000000000115,0.39890000000596615,0.34950000000000614,0.5655999999940349,0.34880000001192,0.3994999999999891,0.34940000000595717,0.38299999999999557,0.46559999999404056,0.28229999999702216,0.2834999999999894,0.23279999999702738,0.3824999999999932,0.6153999999910695,0.26590000000595637,0.2655999999940377,0.23290000000595512,0.3322999999970193,0.23290000000595512,0.7486000000089348,0.23260000000892944,0.2829000000059665,0.23279999999702738,0.29949999999999477,0.29929999999701806,0.29940000000596,0.581699999988075,0.49870000000296955,0.4820999999940341,0.4162000000029593,0.31590000000596774,0.31589999999107476,0.24989999999107226]",0.192592593,1.346,0.0,19.0,19.0,191.0,1.0,vuur,vvuur,question_vocal.png,im_mouth.png,,,,,,
,,,70523,1,21,2023-06-05_09h30.36.647,flesh_expressibility_dutch,2022.2.4,Win32,60.46680372,,,,18.0,1.0,sss,,,,,,ss,0.0,,0.0,,0.0,,0.0,,0.0,,0.0,,0.0,,0.0,NL,1.0,2.0,2.0,1.0,,sensorypref3,1920.0,1080.0,,,,,,,,,,,,,,,,,,,,,,,,,,,,,,3.0,"[65.813,100.78779999999702,135.73029999999702]","[65.81309999999405,100.78779999999702,135.73029999999702]",3.0,"[68.04039999999105,102.96569999998809,136.74439999999103]","[68.04039999999105,102.96569999998809,136.74439999999103]",1.0,137.6107,41.0,"[0.39909999999403567,0.48239999999104555,0.4657000000029683,1.0642999999970186,0.4324000000059556,0.39939999999104714,0.6649000000059573,0.3655000000000115,0.39890000000596615,0.34940000000595717,0.5654999999999859,0.34880000001192,0.3994999999999891,0.3493000000119224,0.38299999999999557,0.46559999999404056,0.28229999999702216,0.2833999999910617,0.23269999998808544,0.3824999999999932,0.6153999999910695,0.26590000000595637,0.2655999999940377,0.23290000000595512,0.3322999999970193,0.23280000001192036,0.7484999999999928,0.2325000000000017,0.2829000000059665,0.2327000000029784,0.29940000000596,0.29929999999701806,0.29940000000596,0.581699999988075,0.49870000000296955,0.4819999999999993,0.4162000000029593,0.315800000011933,0.31589999999107476,0.24989999999107226,0.2660999999940259]","[0.39909999999403567,0.48239999999104555,0.4657000000029683,1.0642999999970186,0.4324000000059556,0.39939999999104714,0.6649000000059573,0.3655000000000115,0.39890000000596615,0.34950000000000614,0.5655999999940349,0.34880000001192,0.3994999999999891,0.34940000000595717,0.38299999999999557,0.46559999999404056,0.28229999999702216,0.2834999999999894,0.23279999999702738,0.3824999999999932,0.6153999999910695,0.26590000000595637,0.2655999999940377,0.23290000000595512,0.3322999999970193,0.23290000000595512,0.7486000000089348,0.23260000000892944,0.2829000000059665,0.23279999999702738,0.29949999999999477,0.29929999999701806,0.29940000000596,0.581699999988075,0.49870000000296955,0.4820999999940341,0.4162000000029593,0.31590000000596774,0.31589999999107476,0.24989999999107226,0.26620000000298205]",0.209259259,1.7153,0.0,0.0,0.0,65.0,1.0,jeuk,gjeuk,question_gesture.png,im_hand.png,,,,,,
,,,70523,1,21,2023-06-05_09h30.36.647,flesh_expressibility_dutch,2022.2.4,Win32,60.46680372,,,,18.0,1.0,sss,,,,,,ss,0.0,,0.0,,0.0,,0.0,,0.0,,0.0,,0.0,,0.0,NL,1.0,2.0,2.0,1.0,,sensorypref3,1920.0,1080.0,,,,,,,,,,,,,,,,,,,,,,,,,,,,,,,,,,,,1.0,139.5797,42.0,"[0.39909999999403567,0.48239999999104555,0.4657000000029683,1.0642999999970186,0.4324000000059556,0.39939999999104714,0.6649000000059573,0.3655000000000115,0.39890000000596615,0.34940000000595717,0.5654999999999859,0.34880000001192,0.3994999999999891,0.3493000000119224,0.38299999999999557,0.46559999999404056,0.28229999999702216,0.2833999999910617,0.23269999998808544,0.3824999999999932,0.6153999999910695,0.26590000000595637,0.2655999999940377,0.23290000000595512,0.3322999999970193,0.23280000001192036,0.7484999999999928,0.2325000000000017,0.2829000000059665,0.2327000000029784,0.29940000000596,0.29929999999701806,0.29940000000596,0.581699999988075,0.49870000000296955,0.4819999999999993,0.4162000000029593,0.315800000011933,0.31589999999107476,0.24989999999107226,0.2660999999940259,0.24950000000001182]","[0.39909999999403567,0.48239999999104555,0.4657000000029683,1.0642999999970186,0.4324000000059556,0.39939999999104714,0.6649000000059573,0.3655000000000115,0.39890000000596615,0.34950000000000614,0.5655999999940349,0.34880000001192,0.3994999999999891,0.34940000000595717,0.38299999999999557,0.46559999999404056,0.28229999999702216,0.2834999999999894,0.23279999999702738,0.3824999999999932,0.6153999999910695,0.26590000000595637,0.2655999999940377,0.23290000000595512,0.3322999999970193,0.23290000000595512,0.7486000000089348,0.23260000000892944,0.2829000000059665,0.23279999999702738,0.29949999999999477,0.29929999999701806,0.29940000000596,0.581699999988075,0.49870000000296955,0.4820999999940341,0.4162000000029593,0.31590000000596774,0.31589999999107476,0.24989999999107226,0.26620000000298205,0.24959999999404658]",-0.177777778,0.8183,0.0,1.0,1.0,168.0,1.0,schaduw,gschaduw,question_gesture.png,im_hand.png,,,,,,
,,,70523,1,21,2023-06-05_09h30.36.647,flesh_expressibility_dutch,2022.2.4,Win32,60.46680372,,,,18.0,1.0,sss,,,,,,ss,0.0,,0.0,,0.0,,0.0,,0.0,,0.0,,0.0,,0.0,NL,1.0,2.0,2.0,1.0,,sensorypref3,1920.0,1080.0,,,,,,,,,,,,,,,,,,,,,,,,,,,,,,,,,,,,1.0,140.6941,43.0,"[0.39909999999403567,0.48239999999104555,0.4657000000029683,1.0642999999970186,0.4324000000059556,0.39939999999104714,0.6649000000059573,0.3655000000000115,0.39890000000596615,0.34940000000595717,0.5654999999999859,0.34880000001192,0.3994999999999891,0.3493000000119224,0.38299999999999557,0.46559999999404056,0.28229999999702216,0.2833999999910617,0.23269999998808544,0.3824999999999932,0.6153999999910695,0.26590000000595637,0.2655999999940377,0.23290000000595512,0.3322999999970193,0.23280000001192036,0.7484999999999928,0.2325000000000017,0.2829000000059665,0.2327000000029784,0.29940000000596,0.29929999999701806,0.29940000000596,0.581699999988075,0.49870000000296955,0.4819999999999993,0.4162000000029593,0.315800000011933,0.31589999999107476,0.24989999999107226,0.2660999999940259,0.24950000000001182,0.24970000000297432]","[0.39909999999403567,0.48239999999104555,0.4657000000029683,1.0642999999970186,0.4324000000059556,0.39939999999104714,0.6649000000059573,0.3655000000000115,0.39890000000596615,0.34950000000000614,0.5655999999940349,0.34880000001192,0.3994999999999891,0.34940000000595717,0.38299999999999557,0.46559999999404056,0.28229999999702216,0.2834999999999894,0.23279999999702738,0.3824999999999932,0.6153999999910695,0.26590000000595637,0.2655999999940377,0.23290000000595512,0.3322999999970193,0.23290000000595512,0.7486000000089348,0.23260000000892944,0.2829000000059665,0.23279999999702738,0.29949999999999477,0.29929999999701806,0.29940000000596,0.581699999988075,0.49870000000296955,0.4820999999940341,0.4162000000029593,0.31590000000596774,0.31589999999107476,0.24989999999107226,0.26620000000298205,0.24959999999404658,0.24970000000297432]",0.207407407,0.8897,0.0,2.0,2.0,80.0,1.0,vijand,gvijand,question_gesture.png,im_hand.png,,,,,,
,,,70523,1,21,2023-06-05_09h30.36.647,flesh_expressibility_dutch,2022.2.4,Win32,60.46680372,,,,18.0,1.0,sss,,,,,,ss,0.0,,0.0,,0.0,,0.0,,0.0,,0.0,,0.0,,0.0,NL,1.0,2.0,2.0,1.0,,sensorypref3,1920.0,1080.0,,,,,,,,,,,,,,,,,,,,,,,,,,,,,,,,,,,,1.0,141.9306,44.0,"[0.39909999999403567,0.48239999999104555,0.4657000000029683,1.0642999999970186,0.4324000000059556,0.39939999999104714,0.6649000000059573,0.3655000000000115,0.39890000000596615,0.34940000000595717,0.5654999999999859,0.34880000001192,0.3994999999999891,0.3493000000119224,0.38299999999999557,0.46559999999404056,0.28229999999702216,0.2833999999910617,0.23269999998808544,0.3824999999999932,0.6153999999910695,0.26590000000595637,0.2655999999940377,0.23290000000595512,0.3322999999970193,0.23280000001192036,0.7484999999999928,0.2325000000000017,0.2829000000059665,0.2327000000029784,0.29940000000596,0.29929999999701806,0.29940000000596,0.581699999988075,0.49870000000296955,0.4819999999999993,0.4162000000029593,0.315800000011933,0.31589999999107476,0.24989999999107226,0.2660999999940259,0.24950000000001182,0.24970000000297432,0.5980000000000132]","[0.39909999999403567,0.48239999999104555,0.4657000000029683,1.0642999999970186,0.4324000000059556,0.39939999999104714,0.6649000000059573,0.3655000000000115,0.39890000000596615,0.34950000000000614,0.5655999999940349,0.34880000001192,0.3994999999999891,0.34940000000595717,0.38299999999999557,0.46559999999404056,0.28229999999702216,0.2834999999999894,0.23279999999702738,0.3824999999999932,0.6153999999910695,0.26590000000595637,0.2655999999940377,0.23290000000595512,0.3322999999970193,0.23290000000595512,0.7486000000089348,0.23260000000892944,0.2829000000059665,0.23279999999702738,0.29949999999999477,0.29929999999701806,0.29940000000596,0.581699999988075,0.49870000000296955,0.4820999999940341,0.4162000000029593,0.31590000000596774,0.31589999999107476,0.24989999999107226,0.26620000000298205,0.24959999999404658,0.24970000000297432,0.5981000000089409]",-0.207407407,0.9096,0.0,3.0,3.0,105.0,1.0,arm (lichaam),garm (lichaam),question_gesture.png,im_hand.png,,,,,,
,,,70523,1,21,2023-06-05_09h30.36.647,flesh_expressibility_dutch,2022.2.4,Win32,60.46680372,,,,18.0,1.0,sss,,,,,,ss,0.0,,0.0,,0.0,,0.0,,0.0,,0.0,,0.0,,0.0,NL,1.0,2.0,2.0,1.0,,sensorypref3,1920.0,1080.0,,,,,,,,,,,,,,,,,,,,,,,,,,,,,,,,,,,,1.0,143.3454,45.0,"[0.39909999999403567,0.48239999999104555,0.4657000000029683,1.0642999999970186,0.4324000000059556,0.39939999999104714,0.6649000000059573,0.3655000000000115,0.39890000000596615,0.34940000000595717,0.5654999999999859,0.34880000001192,0.3994999999999891,0.3493000000119224,0.38299999999999557,0.46559999999404056,0.28229999999702216,0.2833999999910617,0.23269999998808544,0.3824999999999932,0.6153999999910695,0.26590000000595637,0.2655999999940377,0.23290000000595512,0.3322999999970193,0.23280000001192036,0.7484999999999928,0.2325000000000017,0.2829000000059665,0.2327000000029784,0.29940000000596,0.29929999999701806,0.29940000000596,0.581699999988075,0.49870000000296955,0.4819999999999993,0.4162000000029593,0.315800000011933,0.31589999999107476,0.24989999999107226,0.2660999999940259,0.24950000000001182,0.24970000000297432,0.5980000000000132,0.26600000000001955]","[0.39909999999403567,0.48239999999104555,0.4657000000029683,1.0642999999970186,0.4324000000059556,0.39939999999104714,0.6649000000059573,0.3655000000000115,0.39890000000596615,0.34950000000000614,0.5655999999940349,0.34880000001192,0.3994999999999891,0.34940000000595717,0.38299999999999557,0.46559999999404056,0.28229999999702216,0.2834999999999894,0.23279999999702738,0.3824999999999932,0.6153999999910695,0.26590000000595637,0.2655999999940377,0.23290000000595512,0.3322999999970193,0.23290000000595512,0.7486000000089348,0.23260000000892944,0.2829000000059665,0.23279999999702738,0.29949999999999477,0.29929999999701806,0.29940000000596,0.581699999988075,0.49870000000296955,0.4820999999940341,0.4162000000029593,0.31590000000596774,0.31589999999107476,0.24989999999107226,0.26620000000298205,0.24959999999404658,0.24970000000297432,0.5981000000089409,0.26600000000001955]",0.181481481,0.7563,0.0,4.0,4.0,172.0,1.0,één,géén,question_gesture.png,im_hand.png,,,,,,
,,,70523,1,21,2023-06-05_09h30.36.647,flesh_expressibility_dutch,2022.2.4,Win32,60.46680372,,,,18.0,1.0,sss,,,,,,ss,0.0,,0.0,,0.0,,0.0,,0.0,,0.0,,0.0,,0.0,NL,1.0,2.0,2.0,1.0,,sensorypref3,1920.0,1080.0,,,,,,,,,,,,,,,,,,,,,,,,,,,,,,,,,,,,2.0,145.0104,46.0,"[0.39909999999403567,0.48239999999104555,0.4657000000029683,1.0642999999970186,0.4324000000059556,0.39939999999104714,0.6649000000059573,0.3655000000000115,0.39890000000596615,0.34940000000595717,0.5654999999999859,0.34880000001192,0.3994999999999891,0.3493000000119224,0.38299999999999557,0.46559999999404056,0.28229999999702216,0.2833999999910617,0.23269999998808544,0.3824999999999932,0.6153999999910695,0.26590000000595637,0.2655999999940377,0.23290000000595512,0.3322999999970193,0.23280000001192036,0.7484999999999928,0.2325000000000017,0.2829000000059665,0.2327000000029784,0.29940000000596,0.29929999999701806,0.29940000000596,0.581699999988075,0.49870000000296955,0.4819999999999993,0.4162000000029593,0.315800000011933,0.31589999999107476,0.24989999999107226,0.2660999999940259,0.24950000000001182,0.24970000000297432,0.5980000000000132,0.26600000000001955,0.21620000000297068]","[0.39909999999403567,0.48239999999104555,0.4657000000029683,1.0642999999970186,0.4324000000059556,0.39939999999104714,0.6649000000059573,0.3655000000000115,0.39890000000596615,0.34950000000000614,0.5655999999940349,0.34880000001192,0.3994999999999891,0.34940000000595717,0.38299999999999557,0.46559999999404056,0.28229999999702216,0.2834999999999894,0.23279999999702738,0.3824999999999932,0.6153999999910695,0.26590000000595637,0.2655999999940377,0.23290000000595512,0.3322999999970193,0.23290000000595512,0.7486000000089348,0.23260000000892944,0.2829000000059665,0.23279999999702738,0.29949999999999477,0.29929999999701806,0.29940000000596,0.581699999988075,0.49870000000296955,0.4820999999940341,0.4162000000029593,0.31590000000596774,0.31589999999107476,0.24989999999107226,0.26620000000298205,0.24959999999404658,0.24970000000297432,0.5981000000089409,0.26600000000001955,0.21629999999700544]",-0.233333333,1.2617,0.0,5.0,5.0,63.0,1.0,hartig,ghartig,question_gesture.png,im_hand.png,,,,,,
,,,70523,1,21,2023-06-05_09h30.36.647,flesh_expressibility_dutch,2022.2.4,Win32,60.46680372,,,,18.0,1.0,sss,,,,,,ss,0.0,,0.0,,0.0,,0.0,,0.0,,0.0,,0.0,,0.0,NL,1.0,2.0,2.0,1.0,,sensorypref3,1920.0,1080.0,,,,,,,,,,,,,,,,,,,,,,,,,,,,,,,,,,,,1.0,145.8841,47.0,"[0.39909999999403567,0.48239999999104555,0.4657000000029683,1.0642999999970186,0.4324000000059556,0.39939999999104714,0.6649000000059573,0.3655000000000115,0.39890000000596615,0.34940000000595717,0.5654999999999859,0.34880000001192,0.3994999999999891,0.3493000000119224,0.38299999999999557,0.46559999999404056,0.28229999999702216,0.2833999999910617,0.23269999998808544,0.3824999999999932,0.6153999999910695,0.26590000000595637,0.2655999999940377,0.23290000000595512,0.3322999999970193,0.23280000001192036,0.7484999999999928,0.2325000000000017,0.2829000000059665,0.2327000000029784,0.29940000000596,0.29929999999701806,0.29940000000596,0.581699999988075,0.49870000000296955,0.4819999999999993,0.4162000000029593,0.315800000011933,0.31589999999107476,0.24989999999107226,0.2660999999940259,0.24950000000001182,0.24970000000297432,0.5980000000000132,0.26600000000001955,0.21620000000297068,0.36549999999999727]","[0.39909999999403567,0.48239999999104555,0.4657000000029683,1.0642999999970186,0.4324000000059556,0.39939999999104714,0.6649000000059573,0.3655000000000115,0.39890000000596615,0.34950000000000614,0.5655999999940349,0.34880000001192,0.3994999999999891,0.34940000000595717,0.38299999999999557,0.46559999999404056,0.28229999999702216,0.2834999999999894,0.23279999999702738,0.3824999999999932,0.6153999999910695,0.26590000000595637,0.2655999999940377,0.23290000000595512,0.3322999999970193,0.23290000000595512,0.7486000000089348,0.23260000000892944,0.2829000000059665,0.23279999999702738,0.29949999999999477,0.29929999999701806,0.29940000000596,0.581699999988075,0.49870000000296955,0.4820999999940341,0.4162000000029593,0.31590000000596774,0.31589999999107476,0.24989999999107226,0.26620000000298205,0.24959999999404658,0.24970000000297432,0.5981000000089409,0.26600000000001955,0.21629999999700544,0.36549999999999727]",0.162962963,0.8932,0.0,6.0,6.0,87.0,1.0,vechten,gvechten,question_gesture.png,im_hand.png,,,,,,
,,,70523,1,21,2023-06-05_09h30.36.647,flesh_expressibility_dutch,2022.2.4,Win32,60.46680372,,,,18.0,1.0,sss,,,,,,ss,0.0,,0.0,,0.0,,0.0,,0.0,,0.0,,0.0,,0.0,NL,1.0,2.0,2.0,1.0,,sensorypref3,1920.0,1080.0,,,,,,,,,,,,,,,,,,,,,,,,,,,,,,,,,,,,3.0,147.5843,48.0,"[0.39909999999403567,0.48239999999104555,0.4657000000029683,1.0642999999970186,0.4324000000059556,0.39939999999104714,0.6649000000059573,0.3655000000000115,0.39890000000596615,0.34940000000595717,0.5654999999999859,0.34880000001192,0.3994999999999891,0.3493000000119224,0.38299999999999557,0.46559999999404056,0.28229999999702216,0.2833999999910617,0.23269999998808544,0.3824999999999932,0.6153999999910695,0.26590000000595637,0.2655999999940377,0.23290000000595512,0.3322999999970193,0.23280000001192036,0.7484999999999928,0.2325000000000017,0.2829000000059665,0.2327000000029784,0.29940000000596,0.29929999999701806,0.29940000000596,0.581699999988075,0.49870000000296955,0.4819999999999993,0.4162000000029593,0.315800000011933,0.31589999999107476,0.24989999999107226,0.2660999999940259,0.24950000000001182,0.24970000000297432,0.5980000000000132,0.26600000000001955,0.21620000000297068,0.36549999999999727,0.28229999999703637]","[0.39909999999403567,0.48239999999104555,0.4657000000029683,1.0642999999970186,0.4324000000059556,0.39939999999104714,0.6649000000059573,0.3655000000000115,0.39890000000596615,0.34950000000000614,0.5655999999940349,0.34880000001192,0.3994999999999891,0.34940000000595717,0.38299999999999557,0.46559999999404056,0.28229999999702216,0.2834999999999894,0.23279999999702738,0.3824999999999932,0.6153999999910695,0.26590000000595637,0.2655999999940377,0.23290000000595512,0.3322999999970193,0.23290000000595512,0.7486000000089348,0.23260000000892944,0.2829000000059665,0.23279999999702738,0.29949999999999477,0.29929999999701806,0.29940000000596,0.581699999988075,0.49870000000296955,0.4820999999940341,0.4162000000029593,0.31590000000596774,0.31589999999107476,0.24989999999107226,0.26620000000298205,0.24959999999404658,0.24970000000297432,0.5981000000089409,0.26600000000001955,0.21629999999700544,0.36549999999999727,0.2824000000059641]",-0.2,1.4373,0.0,7.0,7.0,186.0,1.0,lang,glang,question_gesture.png,im_hand.png,,,,,,
,,,70523,1,21,2023-06-05_09h30.36.647,flesh_expressibility_dutch,2022.2.4,Win32,60.46680372,,,,18.0,1.0,sss,,,,,,ss,0.0,,0.0,,0.0,,0.0,,0.0,,0.0,,0.0,,0.0,NL,1.0,2.0,2.0,1.0,,sensorypref3,1920.0,1080.0,,,,,,,,,,,,,,,,,,,,,,,,,,,,,,,,,,,,1.0,148.8154,49.0,"[0.39909999999403567,0.48239999999104555,0.4657000000029683,1.0642999999970186,0.4324000000059556,0.39939999999104714,0.6649000000059573,0.3655000000000115,0.39890000000596615,0.34940000000595717,0.5654999999999859,0.34880000001192,0.3994999999999891,0.3493000000119224,0.38299999999999557,0.46559999999404056,0.28229999999702216,0.2833999999910617,0.23269999998808544,0.3824999999999932,0.6153999999910695,0.26590000000595637,0.2655999999940377,0.23290000000595512,0.3322999999970193,0.23280000001192036,0.7484999999999928,0.2325000000000017,0.2829000000059665,0.2327000000029784,0.29940000000596,0.29929999999701806,0.29940000000596,0.581699999988075,0.49870000000296955,0.4819999999999993,0.4162000000029593,0.315800000011933,0.31589999999107476,0.24989999999107226,0.2660999999940259,0.24950000000001182,0.24970000000297432,0.5980000000000132,0.26600000000001955,0.21620000000297068,0.36549999999999727,0.28229999999703637,0.28279999999702454]","[0.39909999999403567,0.48239999999104555,0.4657000000029683,1.0642999999970186,0.4324000000059556,0.39939999999104714,0.6649000000059573,0.3655000000000115,0.39890000000596615,0.34950000000000614,0.5655999999940349,0.34880000001192,0.3994999999999891,0.34940000000595717,0.38299999999999557,0.46559999999404056,0.28229999999702216,0.2834999999999894,0.23279999999702738,0.3824999999999932,0.6153999999910695,0.26590000000595637,0.2655999999940377,0.23290000000595512,0.3322999999970193,0.23290000000595512,0.7486000000089348,0.23260000000892944,0.2829000000059665,0.23279999999702738,0.29949999999999477,0.29929999999701806,0.29940000000596,0.581699999988075,0.49870000000296955,0.4820999999940341,0.4162000000029593,0.31590000000596774,0.31589999999107476,0.24989999999107226,0.26620000000298205,0.24959999999404658,0.24970000000297432,0.5981000000089409,0.26600000000001955,0.21629999999700544,0.36549999999999727,0.2824000000059641,0.28279999999702454]",0.194444444,1.2671,0.0,8.0,8.0,164.0,1.0,zoet,gzoet,question_gesture.png,im_hand.png,,,,,,
,,,70523,1,21,2023-06-05_09h30.36.647,flesh_expressibility_dutch,2022.2.4,Win32,60.46680372,,,,18.0,1.0,sss,,,,,,ss,0.0,,0.0,,0.0,,0.0,,0.0,,0.0,,0.0,,0.0,NL,1.0,2.0,2.0,1.0,,sensorypref3,1920.0,1080.0,,,,,,,,,,,,,,,,,,,,,,,,,,,,,,,,,,,,1.0,150.3978,50.0,"[0.39909999999403567,0.48239999999104555,0.4657000000029683,1.0642999999970186,0.4324000000059556,0.39939999999104714,0.6649000000059573,0.3655000000000115,0.39890000000596615,0.34940000000595717,0.5654999999999859,0.34880000001192,0.3994999999999891,0.3493000000119224,0.38299999999999557,0.46559999999404056,0.28229999999702216,0.2833999999910617,0.23269999998808544,0.3824999999999932,0.6153999999910695,0.26590000000595637,0.2655999999940377,0.23290000000595512,0.3322999999970193,0.23280000001192036,0.7484999999999928,0.2325000000000017,0.2829000000059665,0.2327000000029784,0.29940000000596,0.29929999999701806,0.29940000000596,0.581699999988075,0.49870000000296955,0.4819999999999993,0.4162000000029593,0.315800000011933,0.31589999999107476,0.24989999999107226,0.2660999999940259,0.24950000000001182,0.24970000000297432,0.5980000000000132,0.26600000000001955,0.21620000000297068,0.36549999999999727,0.28229999999703637,0.28279999999702454,0.2494999999999834]","[0.39909999999403567,0.48239999999104555,0.4657000000029683,1.0642999999970186,0.4324000000059556,0.39939999999104714,0.6649000000059573,0.3655000000000115,0.39890000000596615,0.34950000000000614,0.5655999999940349,0.34880000001192,0.3994999999999891,0.34940000000595717,0.38299999999999557,0.46559999999404056,0.28229999999702216,0.2834999999999894,0.23279999999702738,0.3824999999999932,0.6153999999910695,0.26590000000595637,0.2655999999940377,0.23290000000595512,0.3322999999970193,0.23290000000595512,0.7486000000089348,0.23260000000892944,0.2829000000059665,0.23279999999702738,0.29949999999999477,0.29929999999701806,0.29940000000596,0.581699999988075,0.49870000000296955,0.4820999999940341,0.4162000000029593,0.31590000000596774,0.31589999999107476,0.24989999999107226,0.26620000000298205,0.24959999999404658,0.24970000000297432,0.5981000000089409,0.26600000000001955,0.21629999999700544,0.36549999999999727,0.2824000000059641,0.28279999999702454,0.24959999999401816]",-0.194444444,0.9856,0.0,9.0,9.0,116.0,1.0,oog,goog,question_gesture.png,im_hand.png,,,,,,
,,,70523,1,21,2023-06-05_09h30.36.647,flesh_expressibility_dutch,2022.2.4,Win32,60.46680372,,,,18.0,1.0,sss,,,,,,ss,0.0,,0.0,,0.0,,0.0,,0.0,,0.0,,0.0,,0.0,NL,1.0,2.0,2.0,1.0,,sensorypref3,1920.0,1080.0,,,,,,,,,,,,,,,,,,,,,,,,,,,,,,,,,,,,1.0,151.6717,51.0,"[0.39909999999403567,0.48239999999104555,0.4657000000029683,1.0642999999970186,0.4324000000059556,0.39939999999104714,0.6649000000059573,0.3655000000000115,0.39890000000596615,0.34940000000595717,0.5654999999999859,0.34880000001192,0.3994999999999891,0.3493000000119224,0.38299999999999557,0.46559999999404056,0.28229999999702216,0.2833999999910617,0.23269999998808544,0.3824999999999932,0.6153999999910695,0.26590000000595637,0.2655999999940377,0.23290000000595512,0.3322999999970193,0.23280000001192036,0.7484999999999928,0.2325000000000017,0.2829000000059665,0.2327000000029784,0.29940000000596,0.29929999999701806,0.29940000000596,0.581699999988075,0.49870000000296955,0.4819999999999993,0.4162000000029593,0.315800000011933,0.31589999999107476,0.24989999999107226,0.2660999999940259,0.24950000000001182,0.24970000000297432,0.5980000000000132,0.26600000000001955,0.21620000000297068,0.36549999999999727,0.28229999999703637,0.28279999999702454,0.2494999999999834,0.2987999999970157]","[0.39909999999403567,0.48239999999104555,0.4657000000029683,1.0642999999970186,0.4324000000059556,0.39939999999104714,0.6649000000059573,0.3655000000000115,0.39890000000596615,0.34950000000000614,0.5655999999940349,0.34880000001192,0.3994999999999891,0.34940000000595717,0.38299999999999557,0.46559999999404056,0.28229999999702216,0.2834999999999894,0.23279999999702738,0.3824999999999932,0.6153999999910695,0.26590000000595637,0.2655999999940377,0.23290000000595512,0.3322999999970193,0.23290000000595512,0.7486000000089348,0.23260000000892944,0.2829000000059665,0.23279999999702738,0.29949999999999477,0.29929999999701806,0.29940000000596,0.581699999988075,0.49870000000296955,0.4820999999940341,0.4162000000029593,0.31590000000596774,0.31589999999107476,0.24989999999107226,0.26620000000298205,0.24959999999404658,0.24970000000297432,0.5981000000089409,0.26600000000001955,0.21629999999700544,0.36549999999999727,0.2824000000059641,0.28279999999702454,0.24959999999401816,0.29889999999105044]",0.177777778,1.1215,0.0,10.0,10.0,153.0,1.0,lachen,glachen,question_gesture.png,im_hand.png,,,,,,
,,,70523,1,21,2023-06-05_09h30.36.647,flesh_expressibility_dutch,2022.2.4,Win32,60.46680372,,,,18.0,1.0,sss,,,,,,ss,0.0,,0.0,,0.0,,0.0,,0.0,,0.0,,0.0,,0.0,NL,1.0,2.0,2.0,1.0,,sensorypref3,1920.0,1080.0,,,,,,,,,,,,,,,,,,,,,,,,,,,,,,,,,,,,2.0,153.5596,52.0,"[0.39909999999403567,0.48239999999104555,0.4657000000029683,1.0642999999970186,0.4324000000059556,0.39939999999104714,0.6649000000059573,0.3655000000000115,0.39890000000596615,0.34940000000595717,0.5654999999999859,0.34880000001192,0.3994999999999891,0.3493000000119224,0.38299999999999557,0.46559999999404056,0.28229999999702216,0.2833999999910617,0.23269999998808544,0.3824999999999932,0.6153999999910695,0.26590000000595637,0.2655999999940377,0.23290000000595512,0.3322999999970193,0.23280000001192036,0.7484999999999928,0.2325000000000017,0.2829000000059665,0.2327000000029784,0.29940000000596,0.29929999999701806,0.29940000000596,0.581699999988075,0.49870000000296955,0.4819999999999993,0.4162000000029593,0.315800000011933,0.31589999999107476,0.24989999999107226,0.2660999999940259,0.24950000000001182,0.24970000000297432,0.5980000000000132,0.26600000000001955,0.21620000000297068,0.36549999999999727,0.28229999999703637,0.28279999999702454,0.2494999999999834,0.2987999999970157,0.5152000000029773]","[0.39909999999403567,0.48239999999104555,0.4657000000029683,1.0642999999970186,0.4324000000059556,0.39939999999104714,0.6649000000059573,0.3655000000000115,0.39890000000596615,0.34950000000000614,0.5655999999940349,0.34880000001192,0.3994999999999891,0.34940000000595717,0.38299999999999557,0.46559999999404056,0.28229999999702216,0.2834999999999894,0.23279999999702738,0.3824999999999932,0.6153999999910695,0.26590000000595637,0.2655999999940377,0.23290000000595512,0.3322999999970193,0.23290000000595512,0.7486000000089348,0.23260000000892944,0.2829000000059665,0.23279999999702738,0.29949999999999477,0.29929999999701806,0.29940000000596,0.581699999988075,0.49870000000296955,0.4820999999940341,0.4162000000029593,0.31590000000596774,0.31589999999107476,0.24989999999107226,0.26620000000298205,0.24959999999404658,0.24970000000297432,0.5981000000089409,0.26600000000001955,0.21629999999700544,0.36549999999999727,0.2824000000059641,0.28279999999702454,0.24959999999401816,0.29889999999105044,0.5152000000029773]",-0.188888889,1.6196,0.0,11.0,11.0,37.0,1.0,walgen,gwalgen,question_gesture.png,im_hand.png,,,,,,
,,,70523,1,21,2023-06-05_09h30.36.647,flesh_expressibility_dutch,2022.2.4,Win32,60.46680372,,,,18.0,1.0,sss,,,,,,ss,0.0,,0.0,,0.0,,0.0,,0.0,,0.0,,0.0,,0.0,NL,1.0,2.0,2.0,1.0,,sensorypref3,1920.0,1080.0,,,,,,,,,,,,,,,,,,,,,,,,,,,,,,,,,,,,1.0,155.1875,53.0,"[0.39909999999403567,0.48239999999104555,0.4657000000029683,1.0642999999970186,0.4324000000059556,0.39939999999104714,0.6649000000059573,0.3655000000000115,0.39890000000596615,0.34940000000595717,0.5654999999999859,0.34880000001192,0.3994999999999891,0.3493000000119224,0.38299999999999557,0.46559999999404056,0.28229999999702216,0.2833999999910617,0.23269999998808544,0.3824999999999932,0.6153999999910695,0.26590000000595637,0.2655999999940377,0.23290000000595512,0.3322999999970193,0.23280000001192036,0.7484999999999928,0.2325000000000017,0.2829000000059665,0.2327000000029784,0.29940000000596,0.29929999999701806,0.29940000000596,0.581699999988075,0.49870000000296955,0.4819999999999993,0.4162000000029593,0.315800000011933,0.31589999999107476,0.24989999999107226,0.2660999999940259,0.24950000000001182,0.24970000000297432,0.5980000000000132,0.26600000000001955,0.21620000000297068,0.36549999999999727,0.28229999999703637,0.28279999999702454,0.2494999999999834,0.2987999999970157,0.5152000000029773,0.8812000000029627]","[0.39909999999403567,0.48239999999104555,0.4657000000029683,1.0642999999970186,0.4324000000059556,0.39939999999104714,0.6649000000059573,0.3655000000000115,0.39890000000596615,0.34950000000000614,0.5655999999940349,0.34880000001192,0.3994999999999891,0.34940000000595717,0.38299999999999557,0.46559999999404056,0.28229999999702216,0.2834999999999894,0.23279999999702738,0.3824999999999932,0.6153999999910695,0.26590000000595637,0.2655999999940377,0.23290000000595512,0.3322999999970193,0.23290000000595512,0.7486000000089348,0.23260000000892944,0.2829000000059665,0.23279999999702738,0.29949999999999477,0.29929999999701806,0.29940000000596,0.581699999988075,0.49870000000296955,0.4820999999940341,0.4162000000029593,0.31590000000596774,0.31589999999107476,0.24989999999107226,0.26620000000298205,0.24959999999404658,0.24970000000297432,0.5981000000089409,0.26600000000001955,0.21629999999700544,0.36549999999999727,0.2824000000059641,0.28279999999702454,0.24959999999401816,0.29889999999105044,0.5152000000029773,0.8812000000029627]",0.198148148,1.2013,0.0,12.0,12.0,71.0,1.0,geur,ggeur,question_gesture.png,im_hand.png,,,,,,
,,,70523,1,21,2023-06-05_09h30.36.647,flesh_expressibility_dutch,2022.2.4,Win32,60.46680372,,,,18.0,1.0,sss,,,,,,ss,0.0,,0.0,,0.0,,0.0,,0.0,,0.0,,0.0,,0.0,NL,1.0,2.0,2.0,1.0,,sensorypref3,1920.0,1080.0,,,,,,,,,,,,,,,,,,,,,,,,,,,,,,,,,,,,1.0,157.3296,54.0,"[0.39909999999403567,0.48239999999104555,0.4657000000029683,1.0642999999970186,0.4324000000059556,0.39939999999104714,0.6649000000059573,0.3655000000000115,0.39890000000596615,0.34940000000595717,0.5654999999999859,0.34880000001192,0.3994999999999891,0.3493000000119224,0.38299999999999557,0.46559999999404056,0.28229999999702216,0.2833999999910617,0.23269999998808544,0.3824999999999932,0.6153999999910695,0.26590000000595637,0.2655999999940377,0.23290000000595512,0.3322999999970193,0.23280000001192036,0.7484999999999928,0.2325000000000017,0.2829000000059665,0.2327000000029784,0.29940000000596,0.29929999999701806,0.29940000000596,0.581699999988075,0.49870000000296955,0.4819999999999993,0.4162000000029593,0.315800000011933,0.31589999999107476,0.24989999999107226,0.2660999999940259,0.24950000000001182,0.24970000000297432,0.5980000000000132,0.26600000000001955,0.21620000000297068,0.36549999999999727,0.28229999999703637,0.28279999999702454,0.2494999999999834,0.2987999999970157,0.5152000000029773,0.8812000000029627,0.5317999999970198]","[0.39909999999403567,0.48239999999104555,0.4657000000029683,1.0642999999970186,0.4324000000059556,0.39939999999104714,0.6649000000059573,0.3655000000000115,0.39890000000596615,0.34950000000000614,0.5655999999940349,0.34880000001192,0.3994999999999891,0.34940000000595717,0.38299999999999557,0.46559999999404056,0.28229999999702216,0.2834999999999894,0.23279999999702738,0.3824999999999932,0.6153999999910695,0.26590000000595637,0.2655999999940377,0.23290000000595512,0.3322999999970193,0.23290000000595512,0.7486000000089348,0.23260000000892944,0.2829000000059665,0.23279999999702738,0.29949999999999477,0.29929999999701806,0.29940000000596,0.581699999988075,0.49870000000296955,0.4820999999940341,0.4162000000029593,0.31590000000596774,0.31589999999107476,0.24989999999107226,0.26620000000298205,0.24959999999404658,0.24970000000297432,0.5981000000089409,0.26600000000001955,0.21629999999700544,0.36549999999999727,0.2824000000059641,0.28279999999702454,0.24959999999401816,0.29889999999105044,0.5152000000029773,0.8812000000029627,0.5317999999970198]",-0.190740741,0.7776,0.0,13.0,13.0,97.0,1.0,doen,gdoen,question_gesture.png,im_hand.png,,,,,,
,,,70523,1,21,2023-06-05_09h30.36.647,flesh_expressibility_dutch,2022.2.4,Win32,60.46680372,,,,18.0,1.0,sss,,,,,,ss,0.0,,0.0,,0.0,,0.0,,0.0,,0.0,,0.0,,0.0,NL,1.0,2.0,2.0,1.0,,sensorypref3,1920.0,1080.0,,,,,,,,,,,,,,,,,,,,,,,,,,,,,,,,,,,,2.0,159.1487,55.0,"[0.39909999999403567,0.48239999999104555,0.4657000000029683,1.0642999999970186,0.4324000000059556,0.39939999999104714,0.6649000000059573,0.3655000000000115,0.39890000000596615,0.34940000000595717,0.5654999999999859,0.34880000001192,0.3994999999999891,0.3493000000119224,0.38299999999999557,0.46559999999404056,0.28229999999702216,0.2833999999910617,0.23269999998808544,0.3824999999999932,0.6153999999910695,0.26590000000595637,0.2655999999940377,0.23290000000595512,0.3322999999970193,0.23280000001192036,0.7484999999999928,0.2325000000000017,0.2829000000059665,0.2327000000029784,0.29940000000596,0.29929999999701806,0.29940000000596,0.581699999988075,0.49870000000296955,0.4819999999999993,0.4162000000029593,0.315800000011933,0.31589999999107476,0.24989999999107226,0.2660999999940259,0.24950000000001182,0.24970000000297432,0.5980000000000132,0.26600000000001955,0.21620000000297068,0.36549999999999727,0.28229999999703637,0.28279999999702454,0.2494999999999834,0.2987999999970157,0.5152000000029773,0.8812000000029627,0.5317999999970198,0.4152999999970177]","[0.39909999999403567,0.48239999999104555,0.4657000000029683,1.0642999999970186,0.4324000000059556,0.39939999999104714,0.6649000000059573,0.3655000000000115,0.39890000000596615,0.34950000000000614,0.5655999999940349,0.34880000001192,0.3994999999999891,0.34940000000595717,0.38299999999999557,0.46559999999404056,0.28229999999702216,0.2834999999999894,0.23279999999702738,0.3824999999999932,0.6153999999910695,0.26590000000595637,0.2655999999940377,0.23290000000595512,0.3322999999970193,0.23290000000595512,0.7486000000089348,0.23260000000892944,0.2829000000059665,0.23279999999702738,0.29949999999999477,0.29929999999701806,0.29940000000596,0.581699999988075,0.49870000000296955,0.4820999999940341,0.4162000000029593,0.31590000000596774,0.31589999999107476,0.24989999999107226,0.26620000000298205,0.24959999999404658,0.24970000000297432,0.5981000000089409,0.26600000000001955,0.21629999999700544,0.36549999999999727,0.2824000000059641,0.28279999999702454,0.24959999999401816,0.29889999999105044,0.5152000000029773,0.8812000000029627,0.5317999999970198,0.4152999999970177]",0.2,1.4874,0.0,14.0,14.0,60.0,1.0,luidruchtig,gluidruchtig,question_gesture.png,im_hand.png,,,,,,
,,,70523,1,21,2023-06-05_09h30.36.647,flesh_expressibility_dutch,2022.2.4,Win32,60.46680372,,,,18.0,1.0,sss,,,,,,ss,0.0,,0.0,,0.0,,0.0,,0.0,,0.0,,0.0,,0.0,NL,1.0,2.0,2.0,1.0,,sensorypref3,1920.0,1080.0,,,,,,,,,,,,,,,,,,,,,,,,,,,,,,,,,,,,1.0,160.5528,56.0,"[0.39909999999403567,0.48239999999104555,0.4657000000029683,1.0642999999970186,0.4324000000059556,0.39939999999104714,0.6649000000059573,0.3655000000000115,0.39890000000596615,0.34940000000595717,0.5654999999999859,0.34880000001192,0.3994999999999891,0.3493000000119224,0.38299999999999557,0.46559999999404056,0.28229999999702216,0.2833999999910617,0.23269999998808544,0.3824999999999932,0.6153999999910695,0.26590000000595637,0.2655999999940377,0.23290000000595512,0.3322999999970193,0.23280000001192036,0.7484999999999928,0.2325000000000017,0.2829000000059665,0.2327000000029784,0.29940000000596,0.29929999999701806,0.29940000000596,0.581699999988075,0.49870000000296955,0.4819999999999993,0.4162000000029593,0.315800000011933,0.31589999999107476,0.24989999999107226,0.2660999999940259,0.24950000000001182,0.24970000000297432,0.5980000000000132,0.26600000000001955,0.21620000000297068,0.36549999999999727,0.28229999999703637,0.28279999999702454,0.2494999999999834,0.2987999999970157,0.5152000000029773,0.8812000000029627,0.5317999999970198,0.4152999999970177,0.5148999999910586]","[0.39909999999403567,0.48239999999104555,0.4657000000029683,1.0642999999970186,0.4324000000059556,0.39939999999104714,0.6649000000059573,0.3655000000000115,0.39890000000596615,0.34950000000000614,0.5655999999940349,0.34880000001192,0.3994999999999891,0.34940000000595717,0.38299999999999557,0.46559999999404056,0.28229999999702216,0.2834999999999894,0.23279999999702738,0.3824999999999932,0.6153999999910695,0.26590000000595637,0.2655999999940377,0.23290000000595512,0.3322999999970193,0.23290000000595512,0.7486000000089348,0.23260000000892944,0.2829000000059665,0.23279999999702738,0.29949999999999477,0.29929999999701806,0.29940000000596,0.581699999988075,0.49870000000296955,0.4820999999940341,0.4162000000029593,0.31590000000596774,0.31589999999107476,0.24989999999107226,0.26620000000298205,0.24959999999404658,0.24970000000297432,0.5981000000089409,0.26600000000001955,0.21629999999700544,0.36549999999999727,0.2824000000059641,0.28279999999702454,0.24959999999401816,0.29889999999105044,0.5152000000029773,0.8812000000029627,0.5317999999970198,0.4152999999970177,0.5148999999910586]",-0.196296296,0.9029,0.0,15.0,15.0,205.0,1.0,vork,gvork,question_gesture.png,im_hand.png,,,,,,
,,,70523,1,21,2023-06-05_09h30.36.647,flesh_expressibility_dutch,2022.2.4,Win32,60.46680372,,,,18.0,1.0,sss,,,,,,ss,0.0,,0.0,,0.0,,0.0,,0.0,,0.0,,0.0,,0.0,NL,1.0,2.0,2.0,1.0,,sensorypref3,1920.0,1080.0,,,,,,,,,,,,,,,,,,,,,,,,,,,,,,,,,,,,1.0,162.0092,57.0,"[0.39909999999403567,0.48239999999104555,0.4657000000029683,1.0642999999970186,0.4324000000059556,0.39939999999104714,0.6649000000059573,0.3655000000000115,0.39890000000596615,0.34940000000595717,0.5654999999999859,0.34880000001192,0.3994999999999891,0.3493000000119224,0.38299999999999557,0.46559999999404056,0.28229999999702216,0.2833999999910617,0.23269999998808544,0.3824999999999932,0.6153999999910695,0.26590000000595637,0.2655999999940377,0.23290000000595512,0.3322999999970193,0.23280000001192036,0.7484999999999928,0.2325000000000017,0.2829000000059665,0.2327000000029784,0.29940000000596,0.29929999999701806,0.29940000000596,0.581699999988075,0.49870000000296955,0.4819999999999993,0.4162000000029593,0.315800000011933,0.31589999999107476,0.24989999999107226,0.2660999999940259,0.24950000000001182,0.24970000000297432,0.5980000000000132,0.26600000000001955,0.21620000000297068,0.36549999999999727,0.28229999999703637,0.28279999999702454,0.2494999999999834,0.2987999999970157,0.5152000000029773,0.8812000000029627,0.5317999999970198,0.4152999999970177,0.5148999999910586,0.24940000000594864]","[0.39909999999403567,0.48239999999104555,0.4657000000029683,1.0642999999970186,0.4324000000059556,0.39939999999104714,0.6649000000059573,0.3655000000000115,0.39890000000596615,0.34950000000000614,0.5655999999940349,0.34880000001192,0.3994999999999891,0.34940000000595717,0.38299999999999557,0.46559999999404056,0.28229999999702216,0.2834999999999894,0.23279999999702738,0.3824999999999932,0.6153999999910695,0.26590000000595637,0.2655999999940377,0.23290000000595512,0.3322999999970193,0.23290000000595512,0.7486000000089348,0.23260000000892944,0.2829000000059665,0.23279999999702738,0.29949999999999477,0.29929999999701806,0.29940000000596,0.581699999988075,0.49870000000296955,0.4820999999940341,0.4162000000029593,0.31590000000596774,0.31589999999107476,0.24989999999107226,0.26620000000298205,0.24959999999404658,0.24970000000297432,0.5981000000089409,0.26600000000001955,0.21629999999700544,0.36549999999999727,0.2824000000059641,0.28279999999702454,0.24959999999401816,0.29889999999105044,0.5152000000029773,0.8812000000029627,0.5317999999970198,0.4152999999970177,0.5148999999910586,0.2494999999999834]",0.201851852,1.0508,0.0,16.0,16.0,8.0,1.0,likken,glikken,question_gesture.png,im_hand.png,,,,,,
,,,70523,1,21,2023-06-05_09h30.36.647,flesh_expressibility_dutch,2022.2.4,Win32,60.46680372,,,,18.0,1.0,sss,,,,,,ss,0.0,,0.0,,0.0,,0.0,,0.0,,0.0,,0.0,,0.0,NL,1.0,2.0,2.0,1.0,,sensorypref3,1920.0,1080.0,,,,,,,,,,,,,,,,,,,,,,,,,,,,,,,,,,,,1.0,163.3053,58.0,"[0.39909999999403567,0.48239999999104555,0.4657000000029683,1.0642999999970186,0.4324000000059556,0.39939999999104714,0.6649000000059573,0.3655000000000115,0.39890000000596615,0.34940000000595717,0.5654999999999859,0.34880000001192,0.3994999999999891,0.3493000000119224,0.38299999999999557,0.46559999999404056,0.28229999999702216,0.2833999999910617,0.23269999998808544,0.3824999999999932,0.6153999999910695,0.26590000000595637,0.2655999999940377,0.23290000000595512,0.3322999999970193,0.23280000001192036,0.7484999999999928,0.2325000000000017,0.2829000000059665,0.2327000000029784,0.29940000000596,0.29929999999701806,0.29940000000596,0.581699999988075,0.49870000000296955,0.4819999999999993,0.4162000000029593,0.315800000011933,0.31589999999107476,0.24989999999107226,0.2660999999940259,0.24950000000001182,0.24970000000297432,0.5980000000000132,0.26600000000001955,0.21620000000297068,0.36549999999999727,0.28229999999703637,0.28279999999702454,0.2494999999999834,0.2987999999970157,0.5152000000029773,0.8812000000029627,0.5317999999970198,0.4152999999970177,0.5148999999910586,0.24940000000594864,0.36650000000000205]","[0.39909999999403567,0.48239999999104555,0.4657000000029683,1.0642999999970186,0.4324000000059556,0.39939999999104714,0.6649000000059573,0.3655000000000115,0.39890000000596615,0.34950000000000614,0.5655999999940349,0.34880000001192,0.3994999999999891,0.34940000000595717,0.38299999999999557,0.46559999999404056,0.28229999999702216,0.2834999999999894,0.23279999999702738,0.3824999999999932,0.6153999999910695,0.26590000000595637,0.2655999999940377,0.23290000000595512,0.3322999999970193,0.23290000000595512,0.7486000000089348,0.23260000000892944,0.2829000000059665,0.23279999999702738,0.29949999999999477,0.29929999999701806,0.29940000000596,0.581699999988075,0.49870000000296955,0.4820999999940341,0.4162000000029593,0.31590000000596774,0.31589999999107476,0.24989999999107226,0.26620000000298205,0.24959999999404658,0.24970000000297432,0.5981000000089409,0.26600000000001955,0.21629999999700544,0.36549999999999727,0.2824000000059641,0.28279999999702454,0.24959999999401816,0.29889999999105044,0.5152000000029773,0.8812000000029627,0.5317999999970198,0.4152999999970177,0.5148999999910586,0.2494999999999834,0.3666000000089582]",-0.194444444,1.0307,0.0,17.0,17.0,85.0,1.0,boven,gboven,question_gesture.png,im_hand.png,,,,,,
,,,70523,1,21,2023-06-05_09h30.36.647,flesh_expressibility_dutch,2022.2.4,Win32,60.46680372,,,,18.0,1.0,sss,,,,,,ss,0.0,,0.0,,0.0,,0.0,,0.0,,0.0,,0.0,,0.0,NL,1.0,2.0,2.0,1.0,,sensorypref3,1920.0,1080.0,,,,,,,,,,,,,,,,,,,,,,,,,,,,,,,,,,,,1.0,164.668,59.0,"[0.39909999999403567,0.48239999999104555,0.4657000000029683,1.0642999999970186,0.4324000000059556,0.39939999999104714,0.6649000000059573,0.3655000000000115,0.39890000000596615,0.34940000000595717,0.5654999999999859,0.34880000001192,0.3994999999999891,0.3493000000119224,0.38299999999999557,0.46559999999404056,0.28229999999702216,0.2833999999910617,0.23269999998808544,0.3824999999999932,0.6153999999910695,0.26590000000595637,0.2655999999940377,0.23290000000595512,0.3322999999970193,0.23280000001192036,0.7484999999999928,0.2325000000000017,0.2829000000059665,0.2327000000029784,0.29940000000596,0.29929999999701806,0.29940000000596,0.581699999988075,0.49870000000296955,0.4819999999999993,0.4162000000029593,0.315800000011933,0.31589999999107476,0.24989999999107226,0.2660999999940259,0.24950000000001182,0.24970000000297432,0.5980000000000132,0.26600000000001955,0.21620000000297068,0.36549999999999727,0.28229999999703637,0.28279999999702454,0.2494999999999834,0.2987999999970157,0.5152000000029773,0.8812000000029627,0.5317999999970198,0.4152999999970177,0.5148999999910586,0.24940000000594864,0.36650000000000205,0.4661999999880777]","[0.39909999999403567,0.48239999999104555,0.4657000000029683,1.0642999999970186,0.4324000000059556,0.39939999999104714,0.6649000000059573,0.3655000000000115,0.39890000000596615,0.34950000000000614,0.5655999999940349,0.34880000001192,0.3994999999999891,0.34940000000595717,0.38299999999999557,0.46559999999404056,0.28229999999702216,0.2834999999999894,0.23279999999702738,0.3824999999999932,0.6153999999910695,0.26590000000595637,0.2655999999940377,0.23290000000595512,0.3322999999970193,0.23290000000595512,0.7486000000089348,0.23260000000892944,0.2829000000059665,0.23279999999702738,0.29949999999999477,0.29929999999701806,0.29940000000596,0.581699999988075,0.49870000000296955,0.4820999999940341,0.4162000000029593,0.31590000000596774,0.31589999999107476,0.24989999999107226,0.26620000000298205,0.24959999999404658,0.24970000000297432,0.5981000000089409,0.26600000000001955,0.21629999999700544,0.36549999999999727,0.2824000000059641,0.28279999999702454,0.24959999999401816,0.29889999999105044,0.5152000000029773,0.8812000000029627,0.5317999999970198,0.4152999999970177,0.5148999999910586,0.2494999999999834,0.3666000000089582,0.4661999999880777]",0.201851852,1.0175,0.0,18.0,18.0,108.0,1.0,neus,gneus,question_gesture.png,im_hand.png,,,,,,
,,,70523,1,21,2023-06-05_09h30.36.647,flesh_expressibility_dutch,2022.2.4,Win32,60.46680372,,,,18.0,1.0,sss,,,,,,ss,0.0,,0.0,,0.0,,0.0,,0.0,,0.0,,0.0,,0.0,NL,1.0,2.0,2.0,1.0,,sensorypref3,1920.0,1080.0,,,,,,,,,,,,,,,,,,,,,,,,,,,,,,,,,,,,2.0,166.7027,60.0,"[0.39909999999403567,0.48239999999104555,0.4657000000029683,1.0642999999970186,0.4324000000059556,0.39939999999104714,0.6649000000059573,0.3655000000000115,0.39890000000596615,0.34940000000595717,0.5654999999999859,0.34880000001192,0.3994999999999891,0.3493000000119224,0.38299999999999557,0.46559999999404056,0.28229999999702216,0.2833999999910617,0.23269999998808544,0.3824999999999932,0.6153999999910695,0.26590000000595637,0.2655999999940377,0.23290000000595512,0.3322999999970193,0.23280000001192036,0.7484999999999928,0.2325000000000017,0.2829000000059665,0.2327000000029784,0.29940000000596,0.29929999999701806,0.29940000000596,0.581699999988075,0.49870000000296955,0.4819999999999993,0.4162000000029593,0.315800000011933,0.31589999999107476,0.24989999999107226,0.2660999999940259,0.24950000000001182,0.24970000000297432,0.5980000000000132,0.26600000000001955,0.21620000000297068,0.36549999999999727,0.28229999999703637,0.28279999999702454,0.2494999999999834,0.2987999999970157,0.5152000000029773,0.8812000000029627,0.5317999999970198,0.4152999999970177,0.5148999999910586,0.24940000000594864,0.36650000000000205,0.4661999999880777,0.4989999999999952]","[0.39909999999403567,0.48239999999104555,0.4657000000029683,1.0642999999970186,0.4324000000059556,0.39939999999104714,0.6649000000059573,0.3655000000000115,0.39890000000596615,0.34950000000000614,0.5655999999940349,0.34880000001192,0.3994999999999891,0.34940000000595717,0.38299999999999557,0.46559999999404056,0.28229999999702216,0.2834999999999894,0.23279999999702738,0.3824999999999932,0.6153999999910695,0.26590000000595637,0.2655999999940377,0.23290000000595512,0.3322999999970193,0.23290000000595512,0.7486000000089348,0.23260000000892944,0.2829000000059665,0.23279999999702738,0.29949999999999477,0.29929999999701806,0.29940000000596,0.581699999988075,0.49870000000296955,0.4820999999940341,0.4162000000029593,0.31590000000596774,0.31589999999107476,0.24989999999107226,0.26620000000298205,0.24959999999404658,0.24970000000297432,0.5981000000089409,0.26600000000001955,0.21629999999700544,0.36549999999999727,0.2824000000059641,0.28279999999702454,0.24959999999401816,0.29889999999105044,0.5152000000029773,0.8812000000029627,0.5317999999970198,0.4152999999970177,0.5148999999910586,0.2494999999999834,0.3666000000089582,0.4661999999880777,0.4989999999999952]",-0.185185185,1.4976,0.0,19.0,19.0,196.0,1.0,steen,gsteen,question_gesture.png,im_hand.png,,,,,,
,,,70523,1,21,2023-06-05_09h30.36.647,flesh_expressibility_dutch,2022.2.4,Win32,60.46680372,,,,18.0,1.0,sss,,,,,,ss,0.0,,0.0,,0.0,,0.0,,0.0,,0.0,,0.0,,0.0,NL,1.0,2.0,2.0,1.0,,sensorypref3,1920.0,1080.0,,,,,,,,,,,,,,,,,,,,,,,,,,,,,,,,,,,,,,,,,,,,,,,,,,,,,,,,,
,,,70523,1,21,2023-06-05_09h30.36.647,flesh_expressibility_dutch,2022.2.4,Win32,60.46680372,,,,18.0,1.0,sss,,,,,,ss,0.0,,0.0,,0.0,,0.0,,0.0,,0.0,,0.0,,0.0,NL,1.0,2.0,2.0,1.0,,sensorypref3,1920.0,1080.0,,,,,,,,,,,,,,,,,,,,,,,,,,,,,,,,,,,,,,,,,,,,,,,,,,,,1.0,,sss,,,
,,,70523,1,21,2023-06-05_09h30.36.647,flesh_expressibility_dutch,2022.2.4,Win32,60.46680372,,,,18.0,1.0,sss,,,,,,ss,0.0,,0.0,,0.0,,0.0,,0.0,,0.0,,0.0,,0.0,NL,1.0,2.0,2.0,1.0,,sensorypref3,1920.0,1080.0,,,,,,,,,,,,,,,,,,,,,,,,,,,,,,,,,,,,,,,,,,,,,,,,,,,,1.0,,sss,,,
,,,70523,1,21,2023-06-05_09h30.36.647,flesh_expressibility_dutch,2022.2.4,Win32,60.46680372,,,,18.0,1.0,sss,,,,,,ss,0.0,,0.0,,0.0,,0.0,,0.0,,0.0,,0.0,,0.0,NL,1.0,2.0,2.0,1.0,,sensorypref3,1920.0,1080.0,,,,,,,,,,,,,,,,,,,,,,,,,,,,,,,,,,,,,,,,,,,,,,,,,,,,1.0,,sss,1.0,[181.08620000000298],[181.08620000000298]
