welcome_weiter.numClicks,welcome_weiter.timesOn,welcome_weiter.timesOff,session,presentation limit,date,expName,psychopyVersion,OS,frameRate,introduction_weiter.numClicks,introduction_weiter.timesOn,introduction_weiter.timesOff,age,gender,natlang1,natlang2,natlang3,natlang4,natlang5,natlang6,lang1,proficiency1,lang2,proficiency2,lang3,proficiency3,lang4,proficiency4,lang5,proficiency5,lang6,proficiency6,lang7,proficiency7,lang8,proficiency8,country,education,dyslexia,mobility,currentloc,radio-for-required-checkboxes,sensorypref1,xRes,yRes,sensorypref[],sensorypref2,sensorypref3,sensorypref4,practice_weiter.numClicks,practice_weiter.timesOn,practice_weiter.timesOff,pr_message_weiter.numClicks,pr_message_weiter.timesOn,pr_message_weiter.timesOff,pr_remember_weiter.numClicks,pr_remember_weiter.timesOn,pr_remember_weiter.timesOff,button_weiter.numClicks,button_weiter.timesOn,button_weiter.timesOff,pr_expressibility.response,pr_expressibility.rt,practice_trials.thisRepN,practice_trials.thisTrialN,practice_trials.thisN,practice_trials.thisIndex,practice_trials.ran,pr_word,pr_question,pr_image,start_weiter.numClicks,start_weiter.timesOn,start_weiter.timesOff,message_weiter.numClicks,message_weiter.timesOn,message_weiter.timesOff,trial_remember_weiter.numClicks,trial_remember_weiter.timesOn,trial_remember_weiter.timesOff,Count,Shelf time,trial_button_weiter.numClicks,trial_button_weiter.timesOn,trial_button_weiter.timesOff,expressibility.response,expressibility.rt,trials.thisRepN,trials.thisTrialN,trials.thisN,trials.thisIndex,trials.ran,word,fordict,question,trial_img,problem,problem_text,end_experiment.numClicks,end_experiment.timesOn,end_experiment.timesOff
1.0,[0.8768999999761586],[0.8770000000000007],1,3,2023-05-24_17h18.26.369,flesh_expressibility_dutch,2022.2.4,Win32,61.49683291,,,,,,,,,,,,,,,,,,,,,,,,,,,,,,,,,,,,,,,,,,,,,,,,,,,,,,,,,,,,,,,,,,,,,,,,,,,,,,,,,,,,,,,,,,,,
,,,1,3,2023-05-24_17h18.26.369,flesh_expressibility_dutch,2022.2.4,Win32,61.49683291,,,,,,,,,,,,,,,,,,,,,,,,,,,,,,,,,,,,,,,,,,,,,,,,,,,,,,,,,,,,,,,,,,,,,,,,,,,,,,,,,,,,,,,,,,,,
,,,1,3,2023-05-24_17h18.26.369,flesh_expressibility_dutch,2022.2.4,Win32,61.49683291,1.0,[2.5846999999284748],[2.5846999999284748],,,,,,,,,,,,,,,,,,,,,,,,,,,,,,,,,,,,,,,,,,,,,,,,,,,,,,,,,,,,,,,,,,,,,,,,,,,,,,,,,,,,,,,,,
,,,1,3,2023-05-24_17h18.26.369,flesh_expressibility_dutch,2022.2.4,Win32,61.49683291,,,,,,,,,,,,,,,,,,,,,,,,,,,,,,,,,,,,,,,,,,,,,,,,,,,,,,,,,,,,,,,,,,,,,,,,,,,,,,,,,,,,,,,,,,,,
,,,1,3,2023-05-24_17h18.26.369,flesh_expressibility_dutch,2022.2.4,Win32,61.49683291,,,,18.0,1.0,test,,,,,,test,1.0,,0.0,,0.0,,0.0,,0.0,,0.0,,0.0,,0.0,NL,1.0,1.0,1.0,1.0,on,sensorypref1,1920.0,1080.0,,,,,,,,,,,,,,,,,,,,,,,,,,,,,,,,,,,,,,,,,,,,,,,,,,,,,,,,
,,,1,3,2023-05-24_17h18.26.369,flesh_expressibility_dutch,2022.2.4,Win32,61.49683291,,,,18.0,1.0,test,,,,,,test,1.0,,0.0,,0.0,,0.0,,0.0,,0.0,,0.0,,0.0,NL,1.0,1.0,1.0,1.0,,sensorypref1,1920.0,1080.0,,,,,1.0,[19.279200000047688],[19.279200000047688],,,,,,,,,,,,,,,,,,,,,,,,,,,,,,,,,,,,,,,,,,,,,,,,,
,,,1,3,2023-05-24_17h18.26.369,flesh_expressibility_dutch,2022.2.4,Win32,61.49683291,,,,18.0,1.0,test,,,,,,test,1.0,,0.0,,0.0,,0.0,,0.0,,0.0,,0.0,,0.0,NL,1.0,1.0,1.0,1.0,,sensorypref1,1920.0,1080.0,,,,,,,,,,,,,,,,,,,,,,,,,,,,,,,,,,,,,,,,,,,,,,,,,,,,,,,,
,,,1,3,2023-05-24_17h18.26.369,flesh_expressibility_dutch,2022.2.4,Win32,61.49683291,,,,18.0,1.0,test,,,,,,test,1.0,,0.0,,0.0,,0.0,,0.0,,0.0,,0.0,,0.0,NL,1.0,1.0,1.0,1.0,,sensorypref1,1920.0,1080.0,,,,,,,,1.0,[21.962],[21.962200000047684],1.0,[23.230799999952318],[23.231],1.0,[0.4168000000715253],[0.4169000000953673],-0.157407407,0.7175,0.0,0.0,0.0,1.0,1.0,moe,question_vocal.png,im_mouth.png,,,,,,,,,,,,,,,,,,,,,,,,,,,,,,
,,,1,3,2023-05-24_17h18.26.369,flesh_expressibility_dutch,2022.2.4,Win32,61.49683291,,,,18.0,1.0,test,,,,,,test,1.0,,0.0,,0.0,,0.0,,0.0,,0.0,,0.0,,0.0,NL,1.0,1.0,1.0,1.0,,sensorypref1,1920.0,1080.0,,,,,,,,,,,,,,2.0,"[0.4168000000715253,0.41689999997615956]","[0.4169000000953673,0.4170000000000016]",-0.122222222,0.3948,0.0,1.0,1.0,0.0,1.0,liefde,question_vocal.png,im_mouth.png,,,,,,,,,,,,,,,,,,,,,,,,,,,,,,
,,,1,3,2023-05-24_17h18.26.369,flesh_expressibility_dutch,2022.2.4,Win32,61.49683291,,,,18.0,1.0,test,,,,,,test,1.0,,0.0,,0.0,,0.0,,0.0,,0.0,,0.0,,0.0,NL,1.0,1.0,1.0,1.0,,sensorypref1,1920.0,1080.0,,,,,,,,2.0,"[21.962,28.29910000002384]","[21.962200000047684,28.299200000047684]",2.0,"[23.230799999952318,29.69229999995231]","[23.231,29.692399999976153]",3.0,"[0.4168000000715253,0.41689999997615956,0.6172000000476814]","[0.4169000000953673,0.4170000000000016,0.6174000000953654]",-0.583333333,3.3925,0.0,0.0,0.0,1.0,1.0,leeuw,question_multimodal.png,im_combination.png,,,,,,,,,,,,,,,,,,,,,,,,,,,,,,
,,,1,3,2023-05-24_17h18.26.369,flesh_expressibility_dutch,2022.2.4,Win32,61.49683291,,,,18.0,1.0,test,,,,,,test,1.0,,0.0,,0.0,,0.0,,0.0,,0.0,,0.0,,0.0,NL,1.0,1.0,1.0,1.0,,sensorypref1,1920.0,1080.0,,,,,,,,,,,,,,4.0,"[0.4168000000715253,0.41689999997615956,0.6172000000476814,0.5171000000238379]","[0.4169000000953673,0.4170000000000016,0.6174000000953654,0.5171000000238379]",0.546296296,0.5644,0.0,1.0,1.0,0.0,1.0,koken,question_multimodal.png,im_combination.png,,,,,,,,,,,,,,,,,,,,,,,,,,,,,,
,,,1,3,2023-05-24_17h18.26.369,flesh_expressibility_dutch,2022.2.4,Win32,61.49683291,,,,18.0,1.0,test,,,,,,test,1.0,,0.0,,0.0,,0.0,,0.0,,0.0,,0.0,,0.0,NL,1.0,1.0,1.0,1.0,,sensorypref1,1920.0,1080.0,,,,,,,,3.0,"[21.962,28.29910000002384,37.78140000009537]","[21.962200000047684,28.299200000047684,37.78140000009537]",3.0,"[23.230799999952318,29.69229999995231,38.95810000002384]","[23.231,29.692399999976153,38.95820000004768]",5.0,"[0.4168000000715253,0.41689999997615956,0.6172000000476814,0.5171000000238379,0.44010000002383975]","[0.4169000000953673,0.4170000000000016,0.6174000000953654,0.5171000000238379,0.44019999992847403]",-0.451851852,0.7435,0.0,0.0,0.0,0.0,1.0,baby,question_gesture.png,im_hand.png,,,,,,,,,,,,,,,,,,,,,,,,,,,,,,
,,,1,3,2023-05-24_17h18.26.369,flesh_expressibility_dutch,2022.2.4,Win32,61.49683291,,,,18.0,1.0,test,,,,,,test,1.0,,0.0,,0.0,,0.0,,0.0,,0.0,,0.0,,0.0,NL,1.0,1.0,1.0,1.0,,sensorypref1,1920.0,1080.0,,,,,,,,,,,,,,6.0,"[0.4168000000715253,0.41689999997615956,0.6172000000476814,0.5171000000238379,0.44010000002383975,0.4235000000000042]","[0.4169000000953673,0.4170000000000016,0.6174000000953654,0.5171000000238379,0.44019999992847403,0.42360000002384623]",-0.544444444,0.4816,0.0,1.0,1.0,1.0,1.0,auto,question_gesture.png,im_hand.png,,,,,,,,,,,,,,,,,,,,,,,,,,,,,,
,,,1,3,2023-05-24_17h18.26.369,flesh_expressibility_dutch,2022.2.4,Win32,61.49683291,,,,18.0,1.0,test,,,,,,test,1.0,,0.0,,0.0,,0.0,,0.0,,0.0,,0.0,,0.0,NL,1.0,1.0,1.0,1.0,,sensorypref1,1920.0,1080.0,,,,,,,,,,,,,,,,,,,,,,,,,,,1.0,[92.6605],[92.66059999990463],,,,,,,,,,,,,,,,,,,,,,,,,,,
,,,1,3,2023-05-24_17h18.26.369,flesh_expressibility_dutch,2022.2.4,Win32,61.49683291,,,,18.0,1.0,test,,,,,,test,1.0,,0.0,,0.0,,0.0,,0.0,,0.0,,0.0,,0.0,NL,1.0,1.0,1.0,1.0,,sensorypref1,1920.0,1080.0,,,,,,,,,,,,,,,,,,,,,,,,,,,,,,,,,,,,,,,,,,,,,,,,,,,,,,,,
,,,1,3,2023-05-24_17h18.26.369,flesh_expressibility_dutch,2022.2.4,Win32,61.49683291,,,,18.0,1.0,test,,,,,,test,1.0,,0.0,,0.0,,0.0,,0.0,,0.0,,0.0,,0.0,NL,1.0,1.0,1.0,1.0,,sensorypref1,1920.0,1080.0,,,,,,,,,,,,,,,,,,,,,,,,,,,,,,1.0,[94.62659999990463],[94.62659999990463],1.0,[95.7895],[95.7895],1.0,96.8711,1.0,[0.4828000000715207],[0.4829000000953698],-0.105555556,1.2263,0.0,0.0,0.0,5.0,1.0,honing,vhoning,question_vocal.png,im_mouth.png,,,,,
,,,1,3,2023-05-24_17h18.26.369,flesh_expressibility_dutch,2022.2.4,Win32,61.49683291,,,,18.0,1.0,test,,,,,,test,1.0,,0.0,,0.0,,0.0,,0.0,,0.0,,0.0,,0.0,NL,1.0,1.0,1.0,1.0,,sensorypref1,1920.0,1080.0,,,,,,,,,,,,,,,,,,,,,,,,,,,,,,,,,,,,3.0,99.0717,2.0,"[0.4828000000715207,0.41629999995231515]","[0.4829000000953698,0.41629999995231515]",-0.025925926,1.3355,0.0,1.0,1.0,198.0,1.0,nieuw,vnieuw,question_vocal.png,im_mouth.png,,,,,
,,,1,3,2023-05-24_17h18.26.369,flesh_expressibility_dutch,2022.2.4,Win32,61.49683291,,,,18.0,1.0,test,,,,,,test,1.0,,0.0,,0.0,,0.0,,0.0,,0.0,,0.0,,0.0,NL,1.0,1.0,1.0,1.0,,sensorypref1,1920.0,1080.0,,,,,,,,,,,,,,,,,,,,,,,,,,,,,,,,,,,,2.0,100.7068,3.0,"[0.4828000000715207,0.41629999995231515,0.36650000000000205]","[0.4829000000953698,0.41629999995231515,0.36650000000000205]",-0.009259259,1.236,0.0,2.0,2.0,122.0,1.0,lever,vlever,question_vocal.png,im_mouth.png,,,,,
,,,1,3,2023-05-24_17h18.26.369,flesh_expressibility_dutch,2022.2.4,Win32,61.49683291,,,,18.0,1.0,test,,,,,,test,1.0,,0.0,,0.0,,0.0,,0.0,,0.0,,0.0,,0.0,NL,1.0,1.0,1.0,1.0,,sensorypref1,1920.0,1080.0,,,,,,,,,,,,,,,,,,,,,,,,,,,,,,,,,,,,3.0,102.3167,4.0,"[0.4828000000715207,0.41629999995231515,0.36650000000000205,0.3827999999523115]","[0.4829000000953698,0.41629999995231515,0.36650000000000205,0.38289999997614643]",-0.488888889,1.2367,0.0,3.0,3.0,179.0,1.0,zij,vzij,question_vocal.png,im_mouth.png,,,,,
,,,1,3,2023-05-24_17h18.26.369,flesh_expressibility_dutch,2022.2.4,Win32,61.49683291,,,,18.0,1.0,test,,,,,,test,1.0,,0.0,,0.0,,0.0,,0.0,,0.0,,0.0,,0.0,NL,1.0,1.0,1.0,1.0,,sensorypref1,1920.0,1080.0,,,,,,,,,,,,,,,,,,,,,,,,,,,,,,,,,,,,2.0,103.9125,5.0,"[0.4828000000715207,0.41629999995231515,0.36650000000000205,0.3827999999523115,0.5996000000238411]","[0.4829000000953698,0.41629999995231515,0.36650000000000205,0.38289999997614643,0.5996000000238411]",0.448148148,1.1128,0.0,4.0,4.0,85.0,1.0,boven,vboven,question_vocal.png,im_mouth.png,,,,,
,,,1,3,2023-05-24_17h18.26.369,flesh_expressibility_dutch,2022.2.4,Win32,61.49683291,,,,18.0,1.0,test,,,,,,test,1.0,,0.0,,0.0,,0.0,,0.0,,0.0,,0.0,,0.0,NL,1.0,1.0,1.0,1.0,,sensorypref1,1920.0,1080.0,,,,,,,,,,,,,,,,,,,,,,,,,,,,,,,,,,,,3.0,105.6353,6.0,"[0.4828000000715207,0.41629999995231515,0.36650000000000205,0.3827999999523115,0.5996000000238411,0.7663999999761586]","[0.4829000000953698,0.41629999995231515,0.36650000000000205,0.38289999997614643,0.5996000000238411,0.7663999999761586]",-0.444444444,1.2054,0.0,5.0,5.0,110.0,1.0,tand,vtand,question_vocal.png,im_mouth.png,,,,,
,,,1,3,2023-05-24_17h18.26.369,flesh_expressibility_dutch,2022.2.4,Win32,61.49683291,,,,18.0,1.0,test,,,,,,test,1.0,,0.0,,0.0,,0.0,,0.0,,0.0,,0.0,,0.0,NL,1.0,1.0,1.0,1.0,,sensorypref1,1920.0,1080.0,,,,,,,,,,,,,,,,,,,,,,,,,,,,,,,,,,,,2.0,107.565,7.0,"[0.4828000000715207,0.41629999995231515,0.36650000000000205,0.3827999999523115,0.5996000000238411,0.7663999999761586,0.36599999999999966]","[0.4829000000953698,0.41629999995231515,0.36650000000000205,0.38289999997614643,0.5996000000238411,0.7663999999761586,0.36599999999999966]",-0.064814815,1.121,0.0,6.0,6.0,123.0,1.0,navel,vnavel,question_vocal.png,im_mouth.png,,,,,
,,,1,3,2023-05-24_17h18.26.369,flesh_expressibility_dutch,2022.2.4,Win32,61.49683291,,,,18.0,1.0,test,,,,,,test,1.0,,0.0,,0.0,,0.0,,0.0,,0.0,,0.0,,0.0,NL,1.0,1.0,1.0,1.0,,sensorypref1,1920.0,1080.0,,,,,,,,,,,,,,,,,,,,,,,,,,,,,,,,,,,,2.0,109.5228,8.0,"[0.4828000000715207,0.41629999995231515,0.36650000000000205,0.3827999999523115,0.5996000000238411,0.7663999999761586,0.36599999999999966,0.36599999999999966]","[0.4829000000953698,0.41629999995231515,0.36650000000000205,0.38289999997614643,0.5996000000238411,0.7663999999761586,0.36599999999999966,0.3661000000238488]",-0.051851852,1.6452,0.0,7.0,7.0,7.0,1.0,kauwen,vkauwen,question_vocal.png,im_mouth.png,,,,,
,,,1,3,2023-05-24_17h18.26.369,flesh_expressibility_dutch,2022.2.4,Win32,61.49683291,,,,18.0,1.0,test,,,,,,test,1.0,,0.0,,0.0,,0.0,,0.0,,0.0,,0.0,,0.0,NL,1.0,1.0,1.0,1.0,,sensorypref1,1920.0,1080.0,,,,,,,,,,,,,,,,,,,,,,,,,,,,,,,,,,,,2.0,111.104,9.0,"[0.4828000000715207,0.41629999995231515,0.36650000000000205,0.3827999999523115,0.5996000000238411,0.7663999999761586,0.36599999999999966,0.36599999999999966,0.31639999997615575]","[0.4829000000953698,0.41629999995231515,0.36650000000000205,0.38289999997614643,0.5996000000238411,0.7663999999761586,0.36599999999999966,0.3661000000238488,0.31639999997615575]",-0.035185185,1.2143,0.0,8.0,8.0,182.0,1.0,naam,vnaam,question_vocal.png,im_mouth.png,,,,,
,,,1,3,2023-05-24_17h18.26.369,flesh_expressibility_dutch,2022.2.4,Win32,61.49683291,,,,18.0,1.0,test,,,,,,test,1.0,,0.0,,0.0,,0.0,,0.0,,0.0,,0.0,,0.0,NL,1.0,1.0,1.0,1.0,,sensorypref1,1920.0,1080.0,,,,,,,,,,,,,,,,,,,,,,,,,,,,,,,,,,,,1.0,112.3691,10.0,"[0.4828000000715207,0.41629999995231515,0.36650000000000205,0.3827999999523115,0.5996000000238411,0.7663999999761586,0.36599999999999966,0.36599999999999966,0.31639999997615575,0.33310000002383333]","[0.4829000000953698,0.41629999995231515,0.36650000000000205,0.38289999997614643,0.5996000000238411,0.7663999999761586,0.36599999999999966,0.3661000000238488,0.31639999997615575,0.33310000002383333]",-0.005555556,0.9547,0.0,9.0,9.0,9.0,1.0,kotsen,vkotsen,question_vocal.png,im_mouth.png,,,,,
,,,1,3,2023-05-24_17h18.26.369,flesh_expressibility_dutch,2022.2.4,Win32,61.49683291,,,,18.0,1.0,test,,,,,,test,1.0,,0.0,,0.0,,0.0,,0.0,,0.0,,0.0,,0.0,NL,1.0,1.0,1.0,1.0,,sensorypref1,1920.0,1080.0,,,,,,,,,,,,,,,,,,,,,,,,,,,,,,,,,,,,1.0,113.4382,11.0,"[0.4828000000715207,0.41629999995231515,0.36650000000000205,0.3827999999523115,0.5996000000238411,0.7663999999761586,0.36599999999999966,0.36599999999999966,0.31639999997615575,0.33310000002383333,0.2663999999761586]","[0.4829000000953698,0.41629999995231515,0.36650000000000205,0.38289999997614643,0.5996000000238411,0.7663999999761586,0.36599999999999966,0.3661000000238488,0.31639999997615575,0.33310000002383333,0.2663999999761586]",-0.033333333,0.7203,0.0,10.0,10.0,18.0,1.0,toekomst,vtoekomst,question_vocal.png,im_mouth.png,,,,,
,,,1,3,2023-05-24_17h18.26.369,flesh_expressibility_dutch,2022.2.4,Win32,61.49683291,,,,18.0,1.0,test,,,,,,test,1.0,,0.0,,0.0,,0.0,,0.0,,0.0,,0.0,,0.0,NL,1.0,1.0,1.0,1.0,,sensorypref1,1920.0,1080.0,,,,,,,,,,,,,,,,,,,,,,,,,,,,,,,,,,,,3.0,114.9193,12.0,"[0.4828000000715207,0.41629999995231515,0.36650000000000205,0.3827999999523115,0.5996000000238411,0.7663999999761586,0.36599999999999966,0.36599999999999966,0.31639999997615575,0.33310000002383333,0.2663999999761586,0.3328999999761635]","[0.4829000000953698,0.41629999995231515,0.36650000000000205,0.38289999997614643,0.5996000000238411,0.7663999999761586,0.36599999999999966,0.3661000000238488,0.31639999997615575,0.33310000002383333,0.2663999999761586,0.3328999999761635]",-0.037037037,1.0641,0.0,11.0,11.0,96.0,1.0,verbranden,vverbranden,question_vocal.png,im_mouth.png,,,,,
,,,1,3,2023-05-24_17h18.26.369,flesh_expressibility_dutch,2022.2.4,Win32,61.49683291,,,,18.0,1.0,test,,,,,,test,1.0,,0.0,,0.0,,0.0,,0.0,,0.0,,0.0,,0.0,NL,1.0,1.0,1.0,1.0,,sensorypref1,1920.0,1080.0,,,,,,,,,,,,,,,,,,,,,,,,,,,,,,,,,,,,1.0,115.9531,13.0,"[0.4828000000715207,0.41629999995231515,0.36650000000000205,0.3827999999523115,0.5996000000238411,0.7663999999761586,0.36599999999999966,0.36599999999999966,0.31639999997615575,0.33310000002383333,0.2663999999761586,0.3328999999761635,0.26630000007153853]","[0.4829000000953698,0.41629999995231515,0.36650000000000205,0.38289999997614643,0.5996000000238411,0.7663999999761586,0.36599999999999966,0.3661000000238488,0.31639999997615575,0.33310000002383333,0.2663999999761586,0.3328999999761635,0.26640000009537346]",-0.094444444,0.7777,0.0,12.0,12.0,159.0,1.0,wat,vwat,question_vocal.png,im_mouth.png,,,,,
,,,1,3,2023-05-24_17h18.26.369,flesh_expressibility_dutch,2022.2.4,Win32,61.49683291,,,,18.0,1.0,test,,,,,,test,1.0,,0.0,,0.0,,0.0,,0.0,,0.0,,0.0,,0.0,NL,1.0,1.0,1.0,1.0,,sensorypref1,1920.0,1080.0,,,,,,,,,,,,,,,,,,,,,,,,,,,,,,,,,,,,2.0,117.7641,14.0,"[0.4828000000715207,0.41629999995231515,0.36650000000000205,0.3827999999523115,0.5996000000238411,0.7663999999761586,0.36599999999999966,0.36599999999999966,0.31639999997615575,0.33310000002383333,0.2663999999761586,0.3328999999761635,0.26630000007153853,0.2992999999523249]","[0.4829000000953698,0.41629999995231515,0.36650000000000205,0.38289999997614643,0.5996000000238411,0.7663999999761586,0.36599999999999966,0.3661000000238488,0.31639999997615575,0.33310000002383333,0.2663999999761586,0.3328999999761635,0.26640000009537346,0.29939999997615985]",-0.057407407,1.6092,0.0,13.0,13.0,50.0,1.0,zwemmen,vzwemmen,question_vocal.png,im_mouth.png,,,,,
,,,1,3,2023-05-24_17h18.26.369,flesh_expressibility_dutch,2022.2.4,Win32,61.49683291,,,,18.0,1.0,test,,,,,,test,1.0,,0.0,,0.0,,0.0,,0.0,,0.0,,0.0,,0.0,NL,1.0,1.0,1.0,1.0,,sensorypref1,1920.0,1080.0,,,,,,,,,,,,,,,,,,,,,,,,,,,,,,,,,,,,1.0,118.784,15.0,"[0.4828000000715207,0.41629999995231515,0.36650000000000205,0.3827999999523115,0.5996000000238411,0.7663999999761586,0.36599999999999966,0.36599999999999966,0.31639999997615575,0.33310000002383333,0.2663999999761586,0.3328999999761635,0.26630000007153853,0.2992999999523249,0.3165000000000049]","[0.4829000000953698,0.41629999995231515,0.36650000000000205,0.38289999997614643,0.5996000000238411,0.7663999999761586,0.36599999999999966,0.3661000000238488,0.31639999997615575,0.33310000002383333,0.2663999999761586,0.3328999999761635,0.26640000009537346,0.29939999997615985,0.3165000000000049]",-0.040740741,1.0292,0.0,14.0,14.0,42.0,1.0,berg,vberg,question_vocal.png,im_mouth.png,,,,,
,,,1,3,2023-05-24_17h18.26.369,flesh_expressibility_dutch,2022.2.4,Win32,61.49683291,,,,18.0,1.0,test,,,,,,test,1.0,,0.0,,0.0,,0.0,,0.0,,0.0,,0.0,,0.0,NL,1.0,1.0,1.0,1.0,,sensorypref1,1920.0,1080.0,,,,,,,,,,,,,,,,,,,,,,,,,,,,,,,,,,,,2.0,120.6495,16.0,"[0.4828000000715207,0.41629999995231515,0.36650000000000205,0.3827999999523115,0.5996000000238411,0.7663999999761586,0.36599999999999966,0.36599999999999966,0.31639999997615575,0.33310000002383333,0.2663999999761586,0.3328999999761635,0.26630000007153853,0.2992999999523249,0.3165000000000049,0.29939999997615985]","[0.4829000000953698,0.41629999995231515,0.36650000000000205,0.38289999997614643,0.5996000000238411,0.7663999999761586,0.36599999999999966,0.3661000000238488,0.31639999997615575,0.33310000002383333,0.2663999999761586,0.3328999999761635,0.26640000009537346,0.29939999997615985,0.3165000000000049,0.29939999997615985]",-0.042592593,1.1439,0.0,15.0,15.0,80.0,1.0,vijand,vvijand,question_vocal.png,im_mouth.png,,,,,
,,,1,3,2023-05-24_17h18.26.369,flesh_expressibility_dutch,2022.2.4,Win32,61.49683291,,,,18.0,1.0,test,,,,,,test,1.0,,0.0,,0.0,,0.0,,0.0,,0.0,,0.0,,0.0,NL,1.0,1.0,1.0,1.0,,sensorypref1,1920.0,1080.0,,,,,,,,,,,,,,,,,,,,,,,,,,,,,,,,,,,,2.0,122.8446,17.0,"[0.4828000000715207,0.41629999995231515,0.36650000000000205,0.3827999999523115,0.5996000000238411,0.7663999999761586,0.36599999999999966,0.36599999999999966,0.31639999997615575,0.33310000002383333,0.2663999999761586,0.3328999999761635,0.26630000007153853,0.2992999999523249,0.3165000000000049,0.29939999997615985,0.3329999999999984]","[0.4829000000953698,0.41629999995231515,0.36650000000000205,0.38289999997614643,0.5996000000238411,0.7663999999761586,0.36599999999999966,0.3661000000238488,0.31639999997615575,0.33310000002383333,0.2663999999761586,0.3328999999761635,0.26640000009537346,0.29939999997615985,0.3165000000000049,0.29939999997615985,0.3329999999999984]",-0.074074074,1.9046,0.0,16.0,16.0,186.0,1.0,lang,vlang,question_vocal.png,im_mouth.png,,,,,
,,,1,3,2023-05-24_17h18.26.369,flesh_expressibility_dutch,2022.2.4,Win32,61.49683291,,,,18.0,1.0,test,,,,,,test,1.0,,0.0,,0.0,,0.0,,0.0,,0.0,,0.0,,0.0,NL,1.0,1.0,1.0,1.0,,sensorypref1,1920.0,1080.0,,,,,,,,,,,,,,,,,,,,,,,,,,,,,,,,,,,,3.0,125.9524,18.0,"[0.4828000000715207,0.41629999995231515,0.36650000000000205,0.3827999999523115,0.5996000000238411,0.7663999999761586,0.36599999999999966,0.36599999999999966,0.31639999997615575,0.33310000002383333,0.2663999999761586,0.3328999999761635,0.26630000007153853,0.2992999999523249,0.3165000000000049,0.29939999997615985,0.3329999999999984,0.33269999992847943]","[0.4829000000953698,0.41629999995231515,0.36650000000000205,0.38289999997614643,0.5996000000238411,0.7663999999761586,0.36599999999999966,0.3661000000238488,0.31639999997615575,0.33310000002383333,0.2663999999761586,0.3328999999761635,0.26640000009537346,0.29939999997615985,0.3165000000000049,0.29939999997615985,0.3329999999999984,0.33269999992847943]",-0.103703704,2.9269,0.0,17.0,17.0,187.0,1.0,dit,vdit,question_vocal.png,im_mouth.png,,,,,
,,,1,3,2023-05-24_17h18.26.369,flesh_expressibility_dutch,2022.2.4,Win32,61.49683291,,,,18.0,1.0,test,,,,,,test,1.0,,0.0,,0.0,,0.0,,0.0,,0.0,,0.0,,0.0,NL,1.0,1.0,1.0,1.0,,sensorypref1,1920.0,1080.0,,,,,,,,,,,,,,,,,,,,,,,,,,,,,,,,,,,,3.0,127.7405,19.0,"[0.4828000000715207,0.41629999995231515,0.36650000000000205,0.3827999999523115,0.5996000000238411,0.7663999999761586,0.36599999999999966,0.36599999999999966,0.31639999997615575,0.33310000002383333,0.2663999999761586,0.3328999999761635,0.26630000007153853,0.2992999999523249,0.3165000000000049,0.29939999997615985,0.3329999999999984,0.33269999992847943,0.28350000000000364]","[0.4829000000953698,0.41629999995231515,0.36650000000000205,0.38289999997614643,0.5996000000238411,0.7663999999761586,0.36599999999999966,0.3661000000238488,0.31639999997615575,0.33310000002383333,0.2663999999761586,0.3328999999761635,0.26640000009537346,0.29939999997615985,0.3165000000000049,0.29939999997615985,0.3329999999999984,0.33269999992847943,0.28350000000000364]",0.012962963,1.4035,0.0,18.0,18.0,35.0,1.0,boos,vboos,question_vocal.png,im_mouth.png,,,,,
,,,1,3,2023-05-24_17h18.26.369,flesh_expressibility_dutch,2022.2.4,Win32,61.49683291,,,,18.0,1.0,test,,,,,,test,1.0,,0.0,,0.0,,0.0,,0.0,,0.0,,0.0,,0.0,NL,1.0,1.0,1.0,1.0,,sensorypref1,1920.0,1080.0,,,,,,,,,,,,,,,,,,,,,,,,,,,,,,,,,,,,1.0,129.087,20.0,"[0.4828000000715207,0.41629999995231515,0.36650000000000205,0.3827999999523115,0.5996000000238411,0.7663999999761586,0.36599999999999966,0.36599999999999966,0.31639999997615575,0.33310000002383333,0.2663999999761586,0.3328999999761635,0.26630000007153853,0.2992999999523249,0.3165000000000049,0.29939999997615985,0.3329999999999984,0.33269999992847943,0.28350000000000364,0.28319999992848466]","[0.4829000000953698,0.41629999995231515,0.36650000000000205,0.38289999997614643,0.5996000000238411,0.7663999999761586,0.36599999999999966,0.3661000000238488,0.31639999997615575,0.33310000002383333,0.2663999999761586,0.3328999999761635,0.26640000009537346,0.29939999997615985,0.3165000000000049,0.29939999997615985,0.3329999999999984,0.33269999992847943,0.28350000000000364,0.28319999992848466]",-0.02962963,1.0445,0.0,19.0,19.0,194.0,1.0,touw,vtouw,question_vocal.png,im_mouth.png,,,,,
,,,1,3,2023-05-24_17h18.26.369,flesh_expressibility_dutch,2022.2.4,Win32,61.49683291,,,,18.0,1.0,test,,,,,,test,1.0,,0.0,,0.0,,0.0,,0.0,,0.0,,0.0,,0.0,NL,1.0,1.0,1.0,1.0,,sensorypref1,1920.0,1080.0,,,,,,,,,,,,,,,,,,,,,,,,,,,,,,2.0,"[94.62659999990463,131.5625]","[94.62659999990463,131.5625]",2.0,"[95.7895,132.99189999997617]","[95.7895,132.99189999997617]",1.0,133.8798,21.0,"[0.4828000000715207,0.41629999995231515,0.36650000000000205,0.3827999999523115,0.5996000000238411,0.7663999999761586,0.36599999999999966,0.36599999999999966,0.31639999997615575,0.33310000002383333,0.2663999999761586,0.3328999999761635,0.26630000007153853,0.2992999999523249,0.3165000000000049,0.29939999997615985,0.3329999999999984,0.33269999992847943,0.28350000000000364,0.28319999992848466,0.3662999999523038]","[0.4829000000953698,0.41629999995231515,0.36650000000000205,0.38289999997614643,0.5996000000238411,0.7663999999761586,0.36599999999999966,0.3661000000238488,0.31639999997615575,0.33310000002383333,0.2663999999761586,0.3328999999761635,0.26640000009537346,0.29939999997615985,0.3165000000000049,0.29939999997615985,0.3329999999999984,0.33269999992847943,0.28350000000000364,0.28319999992848466,0.3663999999761529]",-0.053703704,0.8878,0.0,0.0,0.0,195.0,1.0,roken,mroken,question_multimodal.png,im_combination.png,,,,,
,,,1,3,2023-05-24_17h18.26.369,flesh_expressibility_dutch,2022.2.4,Win32,61.49683291,,,,18.0,1.0,test,,,,,,test,1.0,,0.0,,0.0,,0.0,,0.0,,0.0,,0.0,,0.0,NL,1.0,1.0,1.0,1.0,,sensorypref1,1920.0,1080.0,,,,,,,,,,,,,,,,,,,,,,,,,,,,,,,,,,,,1.0,139.3918,22.0,"[0.4828000000715207,0.41629999995231515,0.36650000000000205,0.3827999999523115,0.5996000000238411,0.7663999999761586,0.36599999999999966,0.36599999999999966,0.31639999997615575,0.33310000002383333,0.2663999999761586,0.3328999999761635,0.26630000007153853,0.2992999999523249,0.3165000000000049,0.29939999997615985,0.3329999999999984,0.33269999992847943,0.28350000000000364,0.28319999992848466,0.3662999999523038,0.4659000000953597]","[0.4829000000953698,0.41629999995231515,0.36650000000000205,0.38289999997614643,0.5996000000238411,0.7663999999761586,0.36599999999999966,0.3661000000238488,0.31639999997615575,0.33310000002383333,0.2663999999761586,0.3328999999761635,0.26640000009537346,0.29939999997615985,0.3165000000000049,0.29939999997615985,0.3329999999999984,0.33269999992847943,0.28350000000000364,0.28319999992848466,0.3663999999761529,0.4659000000953597]",-0.175925926,5.2921,0.0,1.0,1.0,149.0,1.0,blazen,mblazen,question_multimodal.png,im_combination.png,,,,,
,,,1,3,2023-05-24_17h18.26.369,flesh_expressibility_dutch,2022.2.4,Win32,61.49683291,,,,18.0,1.0,test,,,,,,test,1.0,,0.0,,0.0,,0.0,,0.0,,0.0,,0.0,,0.0,NL,1.0,1.0,1.0,1.0,,sensorypref1,1920.0,1080.0,,,,,,,,,,,,,,,,,,,,,,,,,,,,,,,,,,,,2.0,141.3821,23.0,"[0.4828000000715207,0.41629999995231515,0.36650000000000205,0.3827999999523115,0.5996000000238411,0.7663999999761586,0.36599999999999966,0.36599999999999966,0.31639999997615575,0.33310000002383333,0.2663999999761586,0.3328999999761635,0.26630000007153853,0.2992999999523249,0.3165000000000049,0.29939999997615985,0.3329999999999984,0.33269999992847943,0.28350000000000364,0.28319999992848466,0.3662999999523038,0.4659000000953597,0.34979999995232447]","[0.4829000000953698,0.41629999995231515,0.36650000000000205,0.38289999997614643,0.5996000000238411,0.7663999999761586,0.36599999999999966,0.3661000000238488,0.31639999997615575,0.33310000002383333,0.2663999999761586,0.3328999999761635,0.26640000009537346,0.29939999997615985,0.3165000000000049,0.29939999997615985,0.3329999999999984,0.33269999992847943,0.28350000000000364,0.28319999992848466,0.3663999999761529,0.4659000000953597,0.3498999999761452]",0.342592593,1.1716,0.0,2.0,2.0,53.0,1.0,gooien,mgooien,question_multimodal.png,im_combination.png,,,,,
,,,1,3,2023-05-24_17h18.26.369,flesh_expressibility_dutch,2022.2.4,Win32,61.49683291,,,,18.0,1.0,test,,,,,,test,1.0,,0.0,,0.0,,0.0,,0.0,,0.0,,0.0,,0.0,NL,1.0,1.0,1.0,1.0,,sensorypref1,1920.0,1080.0,,,,,,,,,,,,,,,,,,,,,,,,,,,,,,,,,,,,1.0,142.4148,24.0,"[0.4828000000715207,0.41629999995231515,0.36650000000000205,0.3827999999523115,0.5996000000238411,0.7663999999761586,0.36599999999999966,0.36599999999999966,0.31639999997615575,0.33310000002383333,0.2663999999761586,0.3328999999761635,0.26630000007153853,0.2992999999523249,0.3165000000000049,0.29939999997615985,0.3329999999999984,0.33269999992847943,0.28350000000000364,0.28319999992848466,0.3662999999523038,0.4659000000953597,0.34979999995232447,0.366100000023863]","[0.4829000000953698,0.41629999995231515,0.36650000000000205,0.38289999997614643,0.5996000000238411,0.7663999999761586,0.36599999999999966,0.3661000000238488,0.31639999997615575,0.33310000002383333,0.2663999999761586,0.3328999999761635,0.26640000009537346,0.29939999997615985,0.3165000000000049,0.29939999997615985,0.3329999999999984,0.33269999992847943,0.28350000000000364,0.28319999992848466,0.3663999999761529,0.4659000000953597,0.3498999999761452,0.366100000023863]",-0.307407407,0.743,0.0,3.0,3.0,188.0,1.0,verstoppen,mverstoppen,question_multimodal.png,im_combination.png,,,,,
,,,1,3,2023-05-24_17h18.26.369,flesh_expressibility_dutch,2022.2.4,Win32,61.49683291,,,,18.0,1.0,test,,,,,,test,1.0,,0.0,,0.0,,0.0,,0.0,,0.0,,0.0,,0.0,NL,1.0,1.0,1.0,1.0,,sensorypref1,1920.0,1080.0,,,,,,,,,,,,,,,,,,,,,,,,,,,,,,,,,,,,1.0,143.5478,25.0,"[0.4828000000715207,0.41629999995231515,0.36650000000000205,0.3827999999523115,0.5996000000238411,0.7663999999761586,0.36599999999999966,0.36599999999999966,0.31639999997615575,0.33310000002383333,0.2663999999761586,0.3328999999761635,0.26630000007153853,0.2992999999523249,0.3165000000000049,0.29939999997615985,0.3329999999999984,0.33269999992847943,0.28350000000000364,0.28319999992848466,0.3662999999523038,0.4659000000953597,0.34979999995232447,0.366100000023863,0.29970000004769304]","[0.4829000000953698,0.41629999995231515,0.36650000000000205,0.38289999997614643,0.5996000000238411,0.7663999999761586,0.36599999999999966,0.3661000000238488,0.31639999997615575,0.33310000002383333,0.2663999999761586,0.3328999999761635,0.26640000009537346,0.29939999997615985,0.3165000000000049,0.29939999997615985,0.3329999999999984,0.33269999992847943,0.28350000000000364,0.28319999992848466,0.3663999999761529,0.4659000000953597,0.3498999999761452,0.366100000023863,0.29970000004769304]",-0.124074074,0.6968,0.0,4.0,4.0,186.0,1.0,lang,mlang,question_multimodal.png,im_combination.png,,,,,
,,,1,3,2023-05-24_17h18.26.369,flesh_expressibility_dutch,2022.2.4,Win32,61.49683291,,,,18.0,1.0,test,,,,,,test,1.0,,0.0,,0.0,,0.0,,0.0,,0.0,,0.0,,0.0,NL,1.0,1.0,1.0,1.0,,sensorypref1,1920.0,1080.0,,,,,,,,,,,,,,,,,,,,,,,,,,,,,,,,,,,,3.0,145.0256,26.0,"[0.4828000000715207,0.41629999995231515,0.36650000000000205,0.3827999999523115,0.5996000000238411,0.7663999999761586,0.36599999999999966,0.36599999999999966,0.31639999997615575,0.33310000002383333,0.2663999999761586,0.3328999999761635,0.26630000007153853,0.2992999999523249,0.3165000000000049,0.29939999997615985,0.3329999999999984,0.33269999992847943,0.28350000000000364,0.28319999992848466,0.3662999999523038,0.4659000000953597,0.34979999995232447,0.366100000023863,0.29970000004769304,0.3826999999284908]","[0.4829000000953698,0.41629999995231515,0.36650000000000205,0.38289999997614643,0.5996000000238411,0.7663999999761586,0.36599999999999966,0.3661000000238488,0.31639999997615575,0.33310000002383333,0.2663999999761586,0.3328999999761635,0.26640000009537346,0.29939999997615985,0.3165000000000049,0.29939999997615985,0.3329999999999984,0.33269999992847943,0.28350000000000364,0.28319999992848466,0.3663999999761529,0.4659000000953597,0.3498999999761452,0.366100000023863,0.29970000004769304,0.3826999999284908]",-0.068518519,1.125,0.0,5.0,5.0,134.0,1.0,water,mwater,question_multimodal.png,im_combination.png,,,,,
,,,1,3,2023-05-24_17h18.26.369,flesh_expressibility_dutch,2022.2.4,Win32,61.49683291,,,,18.0,1.0,test,,,,,,test,1.0,,0.0,,0.0,,0.0,,0.0,,0.0,,0.0,,0.0,NL,1.0,1.0,1.0,1.0,,sensorypref1,1920.0,1080.0,,,,,,,,,,,,,,,,,,,,,,,,,,,,,,,,,,,,4.0,146.5513,26.0,"[0.4828000000715207,0.41629999995231515,0.36650000000000205,0.3827999999523115,0.5996000000238411,0.7663999999761586,0.36599999999999966,0.36599999999999966,0.31639999997615575,0.33310000002383333,0.2663999999761586,0.3328999999761635,0.26630000007153853,0.2992999999523249,0.3165000000000049,0.29939999997615985,0.3329999999999984,0.33269999992847943,0.28350000000000364,0.28319999992848466,0.3662999999523038,0.4659000000953597,0.34979999995232447,0.366100000023863,0.29970000004769304,0.3826999999284908]","[0.4829000000953698,0.41629999995231515,0.36650000000000205,0.38289999997614643,0.5996000000238411,0.7663999999761586,0.36599999999999966,0.3661000000238488,0.31639999997615575,0.33310000002383333,0.2663999999761586,0.3328999999761635,0.26640000009537346,0.29939999997615985,0.3165000000000049,0.29939999997615985,0.3329999999999984,0.33269999992847943,0.28350000000000364,0.28319999992848466,0.3663999999761529,0.4659000000953597,0.3498999999761452,0.366100000023863,0.29970000004769304,0.3826999999284908]",,,0.0,6.0,6.0,197.0,1.0,steen,msteen,question_multimodal.png,im_combination.png,,,,,
,,,1,3,2023-05-24_17h18.26.369,flesh_expressibility_dutch,2022.2.4,Win32,61.49683291,,,,18.0,1.0,test,,,,,,test,1.0,,0.0,,0.0,,0.0,,0.0,,0.0,,0.0,,0.0,NL,1.0,1.0,1.0,1.0,,sensorypref1,1920.0,1080.0,,,,,,,,,,,,,,,,,,,,,,,,,,,,,,,,,,,,1.0,147.0601,27.0,"[0.4828000000715207,0.41629999995231515,0.36650000000000205,0.3827999999523115,0.5996000000238411,0.7663999999761586,0.36599999999999966,0.36599999999999966,0.31639999997615575,0.33310000002383333,0.2663999999761586,0.3328999999761635,0.26630000007153853,0.2992999999523249,0.3165000000000049,0.29939999997615985,0.3329999999999984,0.33269999992847943,0.28350000000000364,0.28319999992848466,0.3662999999523038,0.4659000000953597,0.34979999995232447,0.366100000023863,0.29970000004769304,0.3826999999284908,0.3002000000476812]","[0.4829000000953698,0.41629999995231515,0.36650000000000205,0.38289999997614643,0.5996000000238411,0.7663999999761586,0.36599999999999966,0.3661000000238488,0.31639999997615575,0.33310000002383333,0.2663999999761586,0.3328999999761635,0.26640000009537346,0.29939999997615985,0.3165000000000049,0.29939999997615985,0.3329999999999984,0.33269999992847943,0.28350000000000364,0.28319999992848466,0.3663999999761529,0.4659000000953597,0.3498999999761452,0.366100000023863,0.29970000004769304,0.3826999999284908,0.3002999999523297]",-0.096296296,0.887,0.0,7.0,7.0,71.0,1.0,geur,mgeur,question_multimodal.png,im_combination.png,,,,,
,,,1,3,2023-05-24_17h18.26.369,flesh_expressibility_dutch,2022.2.4,Win32,61.49683291,,,,18.0,1.0,test,,,,,,test,1.0,,0.0,,0.0,,0.0,,0.0,,0.0,,0.0,,0.0,NL,1.0,1.0,1.0,1.0,,sensorypref1,1920.0,1080.0,,,,,,,,,,,,,,,,,,,,,,,,,,,,,,,,,,,,2.0,148.5067,28.0,"[0.4828000000715207,0.41629999995231515,0.36650000000000205,0.3827999999523115,0.5996000000238411,0.7663999999761586,0.36599999999999966,0.36599999999999966,0.31639999997615575,0.33310000002383333,0.2663999999761586,0.3328999999761635,0.26630000007153853,0.2992999999523249,0.3165000000000049,0.29939999997615985,0.3329999999999984,0.33269999992847943,0.28350000000000364,0.28319999992848466,0.3662999999523038,0.4659000000953597,0.34979999995232447,0.366100000023863,0.29970000004769304,0.3826999999284908,0.3002000000476812,0.29959999990464325]","[0.4829000000953698,0.41629999995231515,0.36650000000000205,0.38289999997614643,0.5996000000238411,0.7663999999761586,0.36599999999999966,0.3661000000238488,0.31639999997615575,0.33310000002383333,0.2663999999761586,0.3328999999761635,0.26640000009537346,0.29939999997615985,0.3165000000000049,0.29939999997615985,0.3329999999999984,0.33269999992847943,0.28350000000000364,0.28319999992848466,0.3663999999761529,0.4659000000953597,0.3498999999761452,0.366100000023863,0.29970000004769304,0.3826999999284908,0.3002999999523297,0.29959999990464325]",-0.105555556,1.1959,0.0,8.0,8.0,96.0,1.0,verbranden,mverbranden,question_multimodal.png,im_combination.png,,,,,
,,,1,3,2023-05-24_17h18.26.369,flesh_expressibility_dutch,2022.2.4,Win32,61.49683291,,,,18.0,1.0,test,,,,,,test,1.0,,0.0,,0.0,,0.0,,0.0,,0.0,,0.0,,0.0,NL,1.0,1.0,1.0,1.0,,sensorypref1,1920.0,1080.0,,,,,,,,,,,,,,,,,,,,,,,,,,,,,,,,,,,,2.0,150.0146,29.0,"[0.4828000000715207,0.41629999995231515,0.36650000000000205,0.3827999999523115,0.5996000000238411,0.7663999999761586,0.36599999999999966,0.36599999999999966,0.31639999997615575,0.33310000002383333,0.2663999999761586,0.3328999999761635,0.26630000007153853,0.2992999999523249,0.3165000000000049,0.29939999997615985,0.3329999999999984,0.33269999992847943,0.28350000000000364,0.28319999992848466,0.3662999999523038,0.4659000000953597,0.34979999995232447,0.366100000023863,0.29970000004769304,0.3826999999284908,0.3002000000476812,0.29959999990464325,0.29980000007154217]","[0.4829000000953698,0.41629999995231515,0.36650000000000205,0.38289999997614643,0.5996000000238411,0.7663999999761586,0.36599999999999966,0.3661000000238488,0.31639999997615575,0.33310000002383333,0.2663999999761586,0.3328999999761635,0.26640000009537346,0.29939999997615985,0.3165000000000049,0.29939999997615985,0.3329999999999984,0.33269999992847943,0.28350000000000364,0.28319999992848466,0.3663999999761529,0.4659000000953597,0.3498999999761452,0.366100000023863,0.29970000004769304,0.3826999999284908,0.3002999999523297,0.29959999990464325,0.29980000007154217]",-0.168518519,1.1701,0.0,9.0,9.0,128.0,1.0,weten,mweten,question_multimodal.png,im_combination.png,,,,,
,,,1,3,2023-05-24_17h18.26.369,flesh_expressibility_dutch,2022.2.4,Win32,61.49683291,,,,18.0,1.0,test,,,,,,test,1.0,,0.0,,0.0,,0.0,,0.0,,0.0,,0.0,,0.0,NL,1.0,1.0,1.0,1.0,,sensorypref1,1920.0,1080.0,,,,,,,,,,,,,,,,,,,,,,,,,,,,,,,,,,,,2.0,151.5817,30.0,"[0.4828000000715207,0.41629999995231515,0.36650000000000205,0.3827999999523115,0.5996000000238411,0.7663999999761586,0.36599999999999966,0.36599999999999966,0.31639999997615575,0.33310000002383333,0.2663999999761586,0.3328999999761635,0.26630000007153853,0.2992999999523249,0.3165000000000049,0.29939999997615985,0.3329999999999984,0.33269999992847943,0.28350000000000364,0.28319999992848466,0.3662999999523038,0.4659000000953597,0.34979999995232447,0.366100000023863,0.29970000004769304,0.3826999999284908,0.3002000000476812,0.29959999990464325,0.29980000007154217,0.3328999999761493]","[0.4829000000953698,0.41629999995231515,0.36650000000000205,0.38289999997614643,0.5996000000238411,0.7663999999761586,0.36599999999999966,0.3661000000238488,0.31639999997615575,0.33310000002383333,0.2663999999761586,0.3328999999761635,0.26640000009537346,0.29939999997615985,0.3165000000000049,0.29939999997615985,0.3329999999999984,0.33269999992847943,0.28350000000000364,0.28319999992848466,0.3663999999761529,0.4659000000953597,0.3498999999761452,0.366100000023863,0.29970000004769304,0.3826999999284908,0.3002999999523297,0.29959999990464325,0.29980000007154217,0.3329999999999984]",-0.183333333,1.2217,0.0,10.0,10.0,187.0,1.0,dit,mdit,question_multimodal.png,im_combination.png,,,,,
,,,1,3,2023-05-24_17h18.26.369,flesh_expressibility_dutch,2022.2.4,Win32,61.49683291,,,,18.0,1.0,test,,,,,,test,1.0,,0.0,,0.0,,0.0,,0.0,,0.0,,0.0,,0.0,NL,1.0,1.0,1.0,1.0,,sensorypref1,1920.0,1080.0,,,,,,,,,,,,,,,,,,,,,,,,,,,,,,,,,,,,1.0,152.5806,31.0,"[0.4828000000715207,0.41629999995231515,0.36650000000000205,0.3827999999523115,0.5996000000238411,0.7663999999761586,0.36599999999999966,0.36599999999999966,0.31639999997615575,0.33310000002383333,0.2663999999761586,0.3328999999761635,0.26630000007153853,0.2992999999523249,0.3165000000000049,0.29939999997615985,0.3329999999999984,0.33269999992847943,0.28350000000000364,0.28319999992848466,0.3662999999523038,0.4659000000953597,0.34979999995232447,0.366100000023863,0.29970000004769304,0.3826999999284908,0.3002000000476812,0.29959999990464325,0.29980000007154217,0.3328999999761493,0.2498999999761793]","[0.4829000000953698,0.41629999995231515,0.36650000000000205,0.38289999997614643,0.5996000000238411,0.7663999999761586,0.36599999999999966,0.3661000000238488,0.31639999997615575,0.33310000002383333,0.2663999999761586,0.3328999999761635,0.26640000009537346,0.29939999997615985,0.3165000000000049,0.29939999997615985,0.3329999999999984,0.33269999992847943,0.28350000000000364,0.28319999992848466,0.3663999999761529,0.4659000000953597,0.3498999999761452,0.366100000023863,0.29970000004769304,0.3826999999284908,0.3002999999523297,0.29959999990464325,0.29980000007154217,0.3329999999999984,0.2498999999761793]",-0.192592593,0.7225,0.0,11.0,11.0,39.0,1.0,verdrietig,mverdrietig,question_multimodal.png,im_combination.png,,,,,
,,,1,3,2023-05-24_17h18.26.369,flesh_expressibility_dutch,2022.2.4,Win32,61.49683291,,,,18.0,1.0,test,,,,,,test,1.0,,0.0,,0.0,,0.0,,0.0,,0.0,,0.0,,0.0,NL,1.0,1.0,1.0,1.0,,sensorypref1,1920.0,1080.0,,,,,,,,,,,,,,,,,,,,,,,,,,,,,,,,,,,,2.0,154.0823,32.0,"[0.4828000000715207,0.41629999995231515,0.36650000000000205,0.3827999999523115,0.5996000000238411,0.7663999999761586,0.36599999999999966,0.36599999999999966,0.31639999997615575,0.33310000002383333,0.2663999999761586,0.3328999999761635,0.26630000007153853,0.2992999999523249,0.3165000000000049,0.29939999997615985,0.3329999999999984,0.33269999992847943,0.28350000000000364,0.28319999992848466,0.3662999999523038,0.4659000000953597,0.34979999995232447,0.366100000023863,0.29970000004769304,0.3826999999284908,0.3002000000476812,0.29959999990464325,0.29980000007154217,0.3328999999761493,0.2498999999761793,0.2997000000476646]","[0.4829000000953698,0.41629999995231515,0.36650000000000205,0.38289999997614643,0.5996000000238411,0.7663999999761586,0.36599999999999966,0.3661000000238488,0.31639999997615575,0.33310000002383333,0.2663999999761586,0.3328999999761635,0.26640000009537346,0.29939999997615985,0.3165000000000049,0.29939999997615985,0.3329999999999984,0.33269999992847943,0.28350000000000364,0.28319999992848466,0.3663999999761529,0.4659000000953597,0.3498999999761452,0.366100000023863,0.29970000004769304,0.3826999999284908,0.3002999999523297,0.29959999990464325,0.29980000007154217,0.3329999999999984,0.2498999999761793,0.2997000000476646]",-0.057407407,1.1933,0.0,12.0,12.0,120.0,1.0,been,mbeen,question_multimodal.png,im_combination.png,,,,,
,,,1,3,2023-05-24_17h18.26.369,flesh_expressibility_dutch,2022.2.4,Win32,61.49683291,,,,18.0,1.0,test,,,,,,test,1.0,,0.0,,0.0,,0.0,,0.0,,0.0,,0.0,,0.0,NL,1.0,1.0,1.0,1.0,,sensorypref1,1920.0,1080.0,,,,,,,,,,,,,,,,,,,,,,,,,,,,,,,,,,,,2.0,155.7441,33.0,"[0.4828000000715207,0.41629999995231515,0.36650000000000205,0.3827999999523115,0.5996000000238411,0.7663999999761586,0.36599999999999966,0.36599999999999966,0.31639999997615575,0.33310000002383333,0.2663999999761586,0.3328999999761635,0.26630000007153853,0.2992999999523249,0.3165000000000049,0.29939999997615985,0.3329999999999984,0.33269999992847943,0.28350000000000364,0.28319999992848466,0.3662999999523038,0.4659000000953597,0.34979999995232447,0.366100000023863,0.29970000004769304,0.3826999999284908,0.3002000000476812,0.29959999990464325,0.29980000007154217,0.3328999999761493,0.2498999999761793,0.2997000000476646,0.3161999999284717]","[0.4829000000953698,0.41629999995231515,0.36650000000000205,0.38289999997614643,0.5996000000238411,0.7663999999761586,0.36599999999999966,0.3661000000238488,0.31639999997615575,0.33310000002383333,0.2663999999761586,0.3328999999761635,0.26640000009537346,0.29939999997615985,0.3165000000000049,0.29939999997615985,0.3329999999999984,0.33269999992847943,0.28350000000000364,0.28319999992848466,0.3663999999761529,0.4659000000953597,0.3498999999761452,0.366100000023863,0.29970000004769304,0.3826999999284908,0.3002999999523297,0.29959999990464325,0.29980000007154217,0.3329999999999984,0.2498999999761793,0.2997000000476646,0.3161999999284717]",-0.168518519,1.2882,0.0,13.0,13.0,91.0,1.0,koud,mkoud,question_multimodal.png,im_combination.png,,,,,
,,,1,3,2023-05-24_17h18.26.369,flesh_expressibility_dutch,2022.2.4,Win32,61.49683291,,,,18.0,1.0,test,,,,,,test,1.0,,0.0,,0.0,,0.0,,0.0,,0.0,,0.0,,0.0,NL,1.0,1.0,1.0,1.0,,sensorypref1,1920.0,1080.0,,,,,,,,,,,,,,,,,,,,,,,,,,,,,,,,,,,,1.0,157.0715,34.0,"[0.4828000000715207,0.41629999995231515,0.36650000000000205,0.3827999999523115,0.5996000000238411,0.7663999999761586,0.36599999999999966,0.36599999999999966,0.31639999997615575,0.33310000002383333,0.2663999999761586,0.3328999999761635,0.26630000007153853,0.2992999999523249,0.3165000000000049,0.29939999997615985,0.3329999999999984,0.33269999992847943,0.28350000000000364,0.28319999992848466,0.3662999999523038,0.4659000000953597,0.34979999995232447,0.366100000023863,0.29970000004769304,0.3826999999284908,0.3002000000476812,0.29959999990464325,0.29980000007154217,0.3328999999761493,0.2498999999761793,0.2997000000476646,0.3161999999284717,0.31639999997616997]","[0.4829000000953698,0.41629999995231515,0.36650000000000205,0.38289999997614643,0.5996000000238411,0.7663999999761586,0.36599999999999966,0.3661000000238488,0.31639999997615575,0.33310000002383333,0.2663999999761586,0.3328999999761635,0.26640000009537346,0.29939999997615985,0.3165000000000049,0.29939999997615985,0.3329999999999984,0.33269999992847943,0.28350000000000364,0.28319999992848466,0.3663999999761529,0.4659000000953597,0.3498999999761452,0.366100000023863,0.29970000004769304,0.3826999999284908,0.3002999999523297,0.29959999990464325,0.29980000007154217,0.3329999999999984,0.2498999999761793,0.2997000000476646,0.3161999999284717,0.31639999997616997]",-0.487037037,1.0036,0.0,14.0,14.0,48.0,1.0,vliegen,mvliegen,question_multimodal.png,im_combination.png,,,,,
,,,1,3,2023-05-24_17h18.26.369,flesh_expressibility_dutch,2022.2.4,Win32,61.49683291,,,,18.0,1.0,test,,,,,,test,1.0,,0.0,,0.0,,0.0,,0.0,,0.0,,0.0,,0.0,NL,1.0,1.0,1.0,1.0,,sensorypref1,1920.0,1080.0,,,,,,,,,,,,,,,,,,,,,,,,,,,,,,,,,,,,1.0,158.1167,35.0,"[0.4828000000715207,0.41629999995231515,0.36650000000000205,0.3827999999523115,0.5996000000238411,0.7663999999761586,0.36599999999999966,0.36599999999999966,0.31639999997615575,0.33310000002383333,0.2663999999761586,0.3328999999761635,0.26630000007153853,0.2992999999523249,0.3165000000000049,0.29939999997615985,0.3329999999999984,0.33269999992847943,0.28350000000000364,0.28319999992848466,0.3662999999523038,0.4659000000953597,0.34979999995232447,0.366100000023863,0.29970000004769304,0.3826999999284908,0.3002000000476812,0.29959999990464325,0.29980000007154217,0.3328999999761493,0.2498999999761793,0.2997000000476646,0.3161999999284717,0.31639999997616997,0.3163000000715499]","[0.4829000000953698,0.41629999995231515,0.36650000000000205,0.38289999997614643,0.5996000000238411,0.7663999999761586,0.36599999999999966,0.3661000000238488,0.31639999997615575,0.33310000002383333,0.2663999999761586,0.3328999999761635,0.26640000009537346,0.29939999997615985,0.3165000000000049,0.29939999997615985,0.3329999999999984,0.33269999992847943,0.28350000000000364,0.28319999992848466,0.3663999999761529,0.4659000000953597,0.3498999999761452,0.366100000023863,0.29970000004769304,0.3826999999284908,0.3002999999523297,0.29959999990464325,0.29980000007154217,0.3329999999999984,0.2498999999761793,0.2997000000476646,0.3161999999284717,0.31639999997616997,0.3163000000715499]",0.194444444,0.8595,0.0,15.0,15.0,5.0,1.0,honing,mhoning,question_multimodal.png,im_combination.png,,,,,
,,,1,3,2023-05-24_17h18.26.369,flesh_expressibility_dutch,2022.2.4,Win32,61.49683291,,,,18.0,1.0,test,,,,,,test,1.0,,0.0,,0.0,,0.0,,0.0,,0.0,,0.0,,0.0,NL,1.0,1.0,1.0,1.0,,sensorypref1,1920.0,1080.0,,,,,,,,,,,,,,,,,,,,,,,,,,,,,,,,,,,,3.0,159.7531,36.0,"[0.4828000000715207,0.41629999995231515,0.36650000000000205,0.3827999999523115,0.5996000000238411,0.7663999999761586,0.36599999999999966,0.36599999999999966,0.31639999997615575,0.33310000002383333,0.2663999999761586,0.3328999999761635,0.26630000007153853,0.2992999999523249,0.3165000000000049,0.29939999997615985,0.3329999999999984,0.33269999992847943,0.28350000000000364,0.28319999992848466,0.3662999999523038,0.4659000000953597,0.34979999995232447,0.366100000023863,0.29970000004769304,0.3826999999284908,0.3002000000476812,0.29959999990464325,0.29980000007154217,0.3328999999761493,0.2498999999761793,0.2997000000476646,0.3161999999284717,0.31639999997616997,0.3163000000715499,0.33320000004766825]","[0.4829000000953698,0.41629999995231515,0.36650000000000205,0.38289999997614643,0.5996000000238411,0.7663999999761586,0.36599999999999966,0.3661000000238488,0.31639999997615575,0.33310000002383333,0.2663999999761586,0.3328999999761635,0.26640000009537346,0.29939999997615985,0.3165000000000049,0.29939999997615985,0.3329999999999984,0.33269999992847943,0.28350000000000364,0.28319999992848466,0.3663999999761529,0.4659000000953597,0.3498999999761452,0.366100000023863,0.29970000004769304,0.3826999999284908,0.3002999999523297,0.29959999990464325,0.29980000007154217,0.3329999999999984,0.2498999999761793,0.2997000000476646,0.3161999999284717,0.31639999997616997,0.3163000000715499,0.33320000004766825]",-0.424074074,1.2296,0.0,16.0,16.0,76.0,1.0,blauw,mblauw,question_multimodal.png,im_combination.png,,,,,
,,,1,3,2023-05-24_17h18.26.369,flesh_expressibility_dutch,2022.2.4,Win32,61.49683291,,,,18.0,1.0,test,,,,,,test,1.0,,0.0,,0.0,,0.0,,0.0,,0.0,,0.0,,0.0,NL,1.0,1.0,1.0,1.0,,sensorypref1,1920.0,1080.0,,,,,,,,,,,,,,,,,,,,,,,,,,,,,,,,,,,,1.0,160.7487,37.0,"[0.4828000000715207,0.41629999995231515,0.36650000000000205,0.3827999999523115,0.5996000000238411,0.7663999999761586,0.36599999999999966,0.36599999999999966,0.31639999997615575,0.33310000002383333,0.2663999999761586,0.3328999999761635,0.26630000007153853,0.2992999999523249,0.3165000000000049,0.29939999997615985,0.3329999999999984,0.33269999992847943,0.28350000000000364,0.28319999992848466,0.3662999999523038,0.4659000000953597,0.34979999995232447,0.366100000023863,0.29970000004769304,0.3826999999284908,0.3002000000476812,0.29959999990464325,0.29980000007154217,0.3328999999761493,0.2498999999761793,0.2997000000476646,0.3161999999284717,0.31639999997616997,0.3163000000715499,0.33320000004766825,0.31639999997614154]","[0.4829000000953698,0.41629999995231515,0.36650000000000205,0.38289999997614643,0.5996000000238411,0.7663999999761586,0.36599999999999966,0.3661000000238488,0.31639999997615575,0.33310000002383333,0.2663999999761586,0.3328999999761635,0.26640000009537346,0.29939999997615985,0.3165000000000049,0.29939999997615985,0.3329999999999984,0.33269999992847943,0.28350000000000364,0.28319999992848466,0.3663999999761529,0.4659000000953597,0.3498999999761452,0.366100000023863,0.29970000004769304,0.3826999999284908,0.3002999999523297,0.29959999990464325,0.29980000007154217,0.3329999999999984,0.2498999999761793,0.2997000000476646,0.3161999999284717,0.31639999997616997,0.3163000000715499,0.33320000004766825,0.31639999997614154]",-0.177777778,0.8316,0.0,17.0,17.0,95.0,1.0,niet,mniet,question_multimodal.png,im_combination.png,,,,,
,,,1,3,2023-05-24_17h18.26.369,flesh_expressibility_dutch,2022.2.4,Win32,61.49683291,,,,18.0,1.0,test,,,,,,test,1.0,,0.0,,0.0,,0.0,,0.0,,0.0,,0.0,,0.0,NL,1.0,1.0,1.0,1.0,,sensorypref1,1920.0,1080.0,,,,,,,,,,,,,,,,,,,,,,,,,,,,,,,,,,,,2.0,162.4152,38.0,"[0.4828000000715207,0.41629999995231515,0.36650000000000205,0.3827999999523115,0.5996000000238411,0.7663999999761586,0.36599999999999966,0.36599999999999966,0.31639999997615575,0.33310000002383333,0.2663999999761586,0.3328999999761635,0.26630000007153853,0.2992999999523249,0.3165000000000049,0.29939999997615985,0.3329999999999984,0.33269999992847943,0.28350000000000364,0.28319999992848466,0.3662999999523038,0.4659000000953597,0.34979999995232447,0.366100000023863,0.29970000004769304,0.3826999999284908,0.3002000000476812,0.29959999990464325,0.29980000007154217,0.3328999999761493,0.2498999999761793,0.2997000000476646,0.3161999999284717,0.31639999997616997,0.3163000000715499,0.33320000004766825,0.31639999997614154,0.31639999997616997]","[0.4829000000953698,0.41629999995231515,0.36650000000000205,0.38289999997614643,0.5996000000238411,0.7663999999761586,0.36599999999999966,0.3661000000238488,0.31639999997615575,0.33310000002383333,0.2663999999761586,0.3328999999761635,0.26640000009537346,0.29939999997615985,0.3165000000000049,0.29939999997615985,0.3329999999999984,0.33269999992847943,0.28350000000000364,0.28319999992848466,0.3663999999761529,0.4659000000953597,0.3498999999761452,0.366100000023863,0.29970000004769304,0.3826999999284908,0.3002999999523297,0.29959999990464325,0.29980000007154217,0.3329999999999984,0.2498999999761793,0.2997000000476646,0.3161999999284717,0.31639999997616997,0.3163000000715499,0.33320000004766825,0.31639999997614154,0.31639999997616997]",-0.466666667,1.1078,0.0,18.0,18.0,202.0,1.0,vlinder,mvlinder,question_multimodal.png,im_combination.png,,,,,
,,,1,3,2023-05-24_17h18.26.369,flesh_expressibility_dutch,2022.2.4,Win32,61.49683291,,,,18.0,1.0,test,,,,,,test,1.0,,0.0,,0.0,,0.0,,0.0,,0.0,,0.0,,0.0,NL,1.0,1.0,1.0,1.0,,sensorypref1,1920.0,1080.0,,,,,,,,,,,,,,,,,,,,,,,,,,,,,,,,,,,,1.0,163.4116,39.0,"[0.4828000000715207,0.41629999995231515,0.36650000000000205,0.3827999999523115,0.5996000000238411,0.7663999999761586,0.36599999999999966,0.36599999999999966,0.31639999997615575,0.33310000002383333,0.2663999999761586,0.3328999999761635,0.26630000007153853,0.2992999999523249,0.3165000000000049,0.29939999997615985,0.3329999999999984,0.33269999992847943,0.28350000000000364,0.28319999992848466,0.3662999999523038,0.4659000000953597,0.34979999995232447,0.366100000023863,0.29970000004769304,0.3826999999284908,0.3002000000476812,0.29959999990464325,0.29980000007154217,0.3328999999761493,0.2498999999761793,0.2997000000476646,0.3161999999284717,0.31639999997616997,0.3163000000715499,0.33320000004766825,0.31639999997614154,0.31639999997616997,0.3832999999522997]","[0.4829000000953698,0.41629999995231515,0.36650000000000205,0.38289999997614643,0.5996000000238411,0.7663999999761586,0.36599999999999966,0.3661000000238488,0.31639999997615575,0.33310000002383333,0.2663999999761586,0.3328999999761635,0.26640000009537346,0.29939999997615985,0.3165000000000049,0.29939999997615985,0.3329999999999984,0.33269999992847943,0.28350000000000364,0.28319999992848466,0.3663999999761529,0.4659000000953597,0.3498999999761452,0.366100000023863,0.29970000004769304,0.3826999999284908,0.3002999999523297,0.29959999990464325,0.29980000007154217,0.3329999999999984,0.2498999999761793,0.2997000000476646,0.3161999999284717,0.31639999997616997,0.3163000000715499,0.33320000004766825,0.31639999997614154,0.31639999997616997,0.3832999999522997]",0.583333333,0.8109,0.0,19.0,19.0,83.0,1.0,uit,muit,question_multimodal.png,im_combination.png,,,,,
,,,1,3,2023-05-24_17h18.26.369,flesh_expressibility_dutch,2022.2.4,Win32,61.49683291,,,,18.0,1.0,test,,,,,,test,1.0,,0.0,,0.0,,0.0,,0.0,,0.0,,0.0,,0.0,NL,1.0,1.0,1.0,1.0,,sensorypref1,1920.0,1080.0,,,,,,,,,,,,,,,,,,,,,,,,,,,,,,,,,,,,1.0,172.9611,40.0,"[0.4828000000715207,0.41629999995231515,0.36650000000000205,0.3827999999523115,0.5996000000238411,0.7663999999761586,0.36599999999999966,0.36599999999999966,0.31639999997615575,0.33310000002383333,0.2663999999761586,0.3328999999761635,0.26630000007153853,0.2992999999523249,0.3165000000000049,0.29939999997615985,0.3329999999999984,0.33269999992847943,0.28350000000000364,0.28319999992848466,0.3662999999523038,0.4659000000953597,0.34979999995232447,0.366100000023863,0.29970000004769304,0.3826999999284908,0.3002000000476812,0.29959999990464325,0.29980000007154217,0.3328999999761493,0.2498999999761793,0.2997000000476646,0.3161999999284717,0.31639999997616997,0.3163000000715499,0.33320000004766825,0.31639999997614154,0.31639999997616997,0.3832999999522997,0.4828000000715349]","[0.4829000000953698,0.41629999995231515,0.36650000000000205,0.38289999997614643,0.5996000000238411,0.7663999999761586,0.36599999999999966,0.3661000000238488,0.31639999997615575,0.33310000002383333,0.2663999999761586,0.3328999999761635,0.26640000009537346,0.29939999997615985,0.3165000000000049,0.29939999997615985,0.3329999999999984,0.33269999992847943,0.28350000000000364,0.28319999992848466,0.3663999999761529,0.4659000000953597,0.3498999999761452,0.366100000023863,0.29970000004769304,0.3826999999284908,0.3002999999523297,0.29959999990464325,0.29980000007154217,0.3329999999999984,0.2498999999761793,0.2997000000476646,0.3161999999284717,0.31639999997616997,0.3163000000715499,0.33320000004766825,0.31639999997614154,0.31639999997616997,0.3832999999522997,0.4828000000715349]",-0.257407407,9.668,0.0,20.0,20.0,168.0,1.0,schaduw,mschaduw,question_multimodal.png,im_combination.png,,,,,
,,,1,3,2023-05-24_17h18.26.369,flesh_expressibility_dutch,2022.2.4,Win32,61.49683291,,,,18.0,1.0,test,,,,,,test,1.0,,0.0,,0.0,,0.0,,0.0,,0.0,,0.0,,0.0,NL,1.0,1.0,1.0,1.0,,sensorypref1,1920.0,1080.0,,,,,,,,,,,,,,,,,,,,,,,,,,,,,,3.0,"[94.62659999990463,131.5625,176.10909999990463]","[94.62659999990463,131.5625,176.10909999990463]",3.0,"[95.7895,132.99189999997617,177.072]","[95.7895,132.99189999997617,177.072]",2.0,178.4319,41.0,"[0.4828000000715207,0.41629999995231515,0.36650000000000205,0.3827999999523115,0.5996000000238411,0.7663999999761586,0.36599999999999966,0.36599999999999966,0.31639999997615575,0.33310000002383333,0.2663999999761586,0.3328999999761635,0.26630000007153853,0.2992999999523249,0.3165000000000049,0.29939999997615985,0.3329999999999984,0.33269999992847943,0.28350000000000364,0.28319999992848466,0.3662999999523038,0.4659000000953597,0.34979999995232447,0.366100000023863,0.29970000004769304,0.3826999999284908,0.3002000000476812,0.29959999990464325,0.29980000007154217,0.3328999999761493,0.2498999999761793,0.2997000000476646,0.3161999999284717,0.31639999997616997,0.3163000000715499,0.33320000004766825,0.31639999997614154,0.31639999997616997,0.3832999999522997,0.4828000000715349,0.34969999992847534]","[0.4829000000953698,0.41629999995231515,0.36650000000000205,0.38289999997614643,0.5996000000238411,0.7663999999761586,0.36599999999999966,0.3661000000238488,0.31639999997615575,0.33310000002383333,0.2663999999761586,0.3328999999761635,0.26640000009537346,0.29939999997615985,0.3165000000000049,0.29939999997615985,0.3329999999999984,0.33269999992847943,0.28350000000000364,0.28319999992848466,0.3663999999761529,0.4659000000953597,0.3498999999761452,0.366100000023863,0.29970000004769304,0.3826999999284908,0.3002999999523297,0.29959999990464325,0.29980000007154217,0.3329999999999984,0.2498999999761793,0.2997000000476646,0.3161999999284717,0.31639999997616997,0.3163000000715499,0.33320000004766825,0.31639999997614154,0.31639999997616997,0.3832999999522997,0.4828000000715349,0.34969999992847534]",-0.531481481,1.2476,0.0,0.0,0.0,22.0,1.0,sommige,gsommige,question_gesture.png,im_hand.png,,,,,
,,,1,3,2023-05-24_17h18.26.369,flesh_expressibility_dutch,2022.2.4,Win32,61.49683291,,,,18.0,1.0,test,,,,,,test,1.0,,0.0,,0.0,,0.0,,0.0,,0.0,,0.0,,0.0,NL,1.0,1.0,1.0,1.0,,sensorypref1,1920.0,1080.0,,,,,,,,,,,,,,,,,,,,,,,,,,,,,,,,,,,,1.0,179.5552,42.0,"[0.4828000000715207,0.41629999995231515,0.36650000000000205,0.3827999999523115,0.5996000000238411,0.7663999999761586,0.36599999999999966,0.36599999999999966,0.31639999997615575,0.33310000002383333,0.2663999999761586,0.3328999999761635,0.26630000007153853,0.2992999999523249,0.3165000000000049,0.29939999997615985,0.3329999999999984,0.33269999992847943,0.28350000000000364,0.28319999992848466,0.3662999999523038,0.4659000000953597,0.34979999995232447,0.366100000023863,0.29970000004769304,0.3826999999284908,0.3002000000476812,0.29959999990464325,0.29980000007154217,0.3328999999761493,0.2498999999761793,0.2997000000476646,0.3161999999284717,0.31639999997616997,0.3163000000715499,0.33320000004766825,0.31639999997614154,0.31639999997616997,0.3832999999522997,0.4828000000715349,0.34969999992847534,0.38349999999999795]","[0.4829000000953698,0.41629999995231515,0.36650000000000205,0.38289999997614643,0.5996000000238411,0.7663999999761586,0.36599999999999966,0.3661000000238488,0.31639999997615575,0.33310000002383333,0.2663999999761586,0.3328999999761635,0.26640000009537346,0.29939999997615985,0.3165000000000049,0.29939999997615985,0.3329999999999984,0.33269999992847943,0.28350000000000364,0.28319999992848466,0.3663999999761529,0.4659000000953597,0.3498999999761452,0.366100000023863,0.29970000004769304,0.3826999999284908,0.3002999999523297,0.29959999990464325,0.29980000007154217,0.3329999999999984,0.2498999999761793,0.2997000000476646,0.3161999999284717,0.31639999997616997,0.3163000000715499,0.33320000004766825,0.31639999997614154,0.31639999997616997,0.3832999999522997,0.4828000000715349,0.34969999992847534,0.38349999999999795]",-0.572222222,0.7598,0.0,1.0,1.0,185.0,1.0,in,gin,question_gesture.png,im_hand.png,,,,,
,,,1,3,2023-05-24_17h18.26.369,flesh_expressibility_dutch,2022.2.4,Win32,61.49683291,,,,18.0,1.0,test,,,,,,test,1.0,,0.0,,0.0,,0.0,,0.0,,0.0,,0.0,,0.0,NL,1.0,1.0,1.0,1.0,,sensorypref1,1920.0,1080.0,,,,,,,,,,,,,,,,,,,,,,,,,,,,,,,,,,,,2.0,181.1719,43.0,"[0.4828000000715207,0.41629999995231515,0.36650000000000205,0.3827999999523115,0.5996000000238411,0.7663999999761586,0.36599999999999966,0.36599999999999966,0.31639999997615575,0.33310000002383333,0.2663999999761586,0.3328999999761635,0.26630000007153853,0.2992999999523249,0.3165000000000049,0.29939999997615985,0.3329999999999984,0.33269999992847943,0.28350000000000364,0.28319999992848466,0.3662999999523038,0.4659000000953597,0.34979999995232447,0.366100000023863,0.29970000004769304,0.3826999999284908,0.3002000000476812,0.29959999990464325,0.29980000007154217,0.3328999999761493,0.2498999999761793,0.2997000000476646,0.3161999999284717,0.31639999997616997,0.3163000000715499,0.33320000004766825,0.31639999997614154,0.31639999997616997,0.3832999999522997,0.4828000000715349,0.34969999992847534,0.38349999999999795,0.5827999999523286]","[0.4829000000953698,0.41629999995231515,0.36650000000000205,0.38289999997614643,0.5996000000238411,0.7663999999761586,0.36599999999999966,0.3661000000238488,0.31639999997615575,0.33310000002383333,0.2663999999761586,0.3328999999761635,0.26640000009537346,0.29939999997615985,0.3165000000000049,0.29939999997615985,0.3329999999999984,0.33269999992847943,0.28350000000000364,0.28319999992848466,0.3663999999761529,0.4659000000953597,0.3498999999761452,0.366100000023863,0.29970000004769304,0.3826999999284908,0.3002999999523297,0.29959999990464325,0.29980000007154217,0.3329999999999984,0.2498999999761793,0.2997000000476646,0.3161999999284717,0.31639999997616997,0.3163000000715499,0.33320000004766825,0.31639999997614154,0.31639999997616997,0.3832999999522997,0.4828000000715349,0.34969999992847534,0.38349999999999795,0.5827999999523286]",-0.564814815,0.8743,0.0,2.0,2.0,147.0,1.0,knopen,gknopen,question_gesture.png,im_hand.png,,,,,
,,,1,3,2023-05-24_17h18.26.369,flesh_expressibility_dutch,2022.2.4,Win32,61.49683291,,,,18.0,1.0,test,,,,,,test,1.0,,0.0,,0.0,,0.0,,0.0,,0.0,,0.0,,0.0,NL,1.0,1.0,1.0,1.0,,sensorypref1,1920.0,1080.0,,,,,,,,,,,,,,,,,,,,,,,,,,,,,,,,,,,,2.0,182.9184,44.0,"[0.4828000000715207,0.41629999995231515,0.36650000000000205,0.3827999999523115,0.5996000000238411,0.7663999999761586,0.36599999999999966,0.36599999999999966,0.31639999997615575,0.33310000002383333,0.2663999999761586,0.3328999999761635,0.26630000007153853,0.2992999999523249,0.3165000000000049,0.29939999997615985,0.3329999999999984,0.33269999992847943,0.28350000000000364,0.28319999992848466,0.3662999999523038,0.4659000000953597,0.34979999995232447,0.366100000023863,0.29970000004769304,0.3826999999284908,0.3002000000476812,0.29959999990464325,0.29980000007154217,0.3328999999761493,0.2498999999761793,0.2997000000476646,0.3161999999284717,0.31639999997616997,0.3163000000715499,0.33320000004766825,0.31639999997614154,0.31639999997616997,0.3832999999522997,0.4828000000715349,0.34969999992847534,0.38349999999999795,0.5827999999523286,0.3997999999523074]","[0.4829000000953698,0.41629999995231515,0.36650000000000205,0.38289999997614643,0.5996000000238411,0.7663999999761586,0.36599999999999966,0.3661000000238488,0.31639999997615575,0.33310000002383333,0.2663999999761586,0.3328999999761635,0.26640000009537346,0.29939999997615985,0.3165000000000049,0.29939999997615985,0.3329999999999984,0.33269999992847943,0.28350000000000364,0.28319999992848466,0.3663999999761529,0.4659000000953597,0.3498999999761452,0.366100000023863,0.29970000004769304,0.3826999999284908,0.3002999999523297,0.29959999990464325,0.29980000007154217,0.3329999999999984,0.2498999999761793,0.2997000000476646,0.3161999999284717,0.31639999997616997,0.3163000000715499,0.33320000004766825,0.31639999997614154,0.31639999997616997,0.3832999999522997,0.4828000000715349,0.34969999992847534,0.38349999999999795,0.5827999999523286,0.3997999999523074]",-0.496296296,1.4741,0.0,3.0,3.0,97.0,1.0,doen,gdoen,question_gesture.png,im_hand.png,,,,,
,,,1,3,2023-05-24_17h18.26.369,flesh_expressibility_dutch,2022.2.4,Win32,61.49683291,,,,18.0,1.0,test,,,,,,test,1.0,,0.0,,0.0,,0.0,,0.0,,0.0,,0.0,,0.0,NL,1.0,1.0,1.0,1.0,,sensorypref1,1920.0,1080.0,,,,,,,,,,,,,,,,,,,,,,,,,,,,,,,,,,,,2.0,185.3645,45.0,"[0.4828000000715207,0.41629999995231515,0.36650000000000205,0.3827999999523115,0.5996000000238411,0.7663999999761586,0.36599999999999966,0.36599999999999966,0.31639999997615575,0.33310000002383333,0.2663999999761586,0.3328999999761635,0.26630000007153853,0.2992999999523249,0.3165000000000049,0.29939999997615985,0.3329999999999984,0.33269999992847943,0.28350000000000364,0.28319999992848466,0.3662999999523038,0.4659000000953597,0.34979999995232447,0.366100000023863,0.29970000004769304,0.3826999999284908,0.3002000000476812,0.29959999990464325,0.29980000007154217,0.3328999999761493,0.2498999999761793,0.2997000000476646,0.3161999999284717,0.31639999997616997,0.3163000000715499,0.33320000004766825,0.31639999997614154,0.31639999997616997,0.3832999999522997,0.4828000000715349,0.34969999992847534,0.38349999999999795,0.5827999999523286,0.3997999999523074,0.2660999999046112]","[0.4829000000953698,0.41629999995231515,0.36650000000000205,0.38289999997614643,0.5996000000238411,0.7663999999761586,0.36599999999999966,0.3661000000238488,0.31639999997615575,0.33310000002383333,0.2663999999761586,0.3328999999761635,0.26640000009537346,0.29939999997615985,0.3165000000000049,0.29939999997615985,0.3329999999999984,0.33269999992847943,0.28350000000000364,0.28319999992848466,0.3663999999761529,0.4659000000953597,0.3498999999761452,0.366100000023863,0.29970000004769304,0.3826999999284908,0.3002999999523297,0.29959999990464325,0.29980000007154217,0.3329999999999984,0.2498999999761793,0.2997000000476646,0.3161999999284717,0.31639999997616997,0.3163000000715499,0.33320000004766825,0.31639999997614154,0.31639999997616997,0.3832999999522997,0.4828000000715349,0.34969999992847534,0.38349999999999795,0.5827999999523286,0.3997999999523074,0.26619999992846033]",-0.648148148,1.9859,0.0,4.0,4.0,88.0,1.0,verzamelen,gverzamelen,question_gesture.png,im_hand.png,,,,,
,,,1,3,2023-05-24_17h18.26.369,flesh_expressibility_dutch,2022.2.4,Win32,61.49683291,,,,18.0,1.0,test,,,,,,test,1.0,,0.0,,0.0,,0.0,,0.0,,0.0,,0.0,,0.0,NL,1.0,1.0,1.0,1.0,,sensorypref1,1920.0,1080.0,,,,,,,,,,,,,,,,,,,,,,,,,,,,,,,,,,,,2.0,187.3567,46.0,"[0.4828000000715207,0.41629999995231515,0.36650000000000205,0.3827999999523115,0.5996000000238411,0.7663999999761586,0.36599999999999966,0.36599999999999966,0.31639999997615575,0.33310000002383333,0.2663999999761586,0.3328999999761635,0.26630000007153853,0.2992999999523249,0.3165000000000049,0.29939999997615985,0.3329999999999984,0.33269999992847943,0.28350000000000364,0.28319999992848466,0.3662999999523038,0.4659000000953597,0.34979999995232447,0.366100000023863,0.29970000004769304,0.3826999999284908,0.3002000000476812,0.29959999990464325,0.29980000007154217,0.3328999999761493,0.2498999999761793,0.2997000000476646,0.3161999999284717,0.31639999997616997,0.3163000000715499,0.33320000004766825,0.31639999997614154,0.31639999997616997,0.3832999999522997,0.4828000000715349,0.34969999992847534,0.38349999999999795,0.5827999999523286,0.3997999999523074,0.2660999999046112,0.6162000000476837]","[0.4829000000953698,0.41629999995231515,0.36650000000000205,0.38289999997614643,0.5996000000238411,0.7663999999761586,0.36599999999999966,0.3661000000238488,0.31639999997615575,0.33310000002383333,0.2663999999761586,0.3328999999761635,0.26640000009537346,0.29939999997615985,0.3165000000000049,0.29939999997615985,0.3329999999999984,0.33269999992847943,0.28350000000000364,0.28319999992848466,0.3663999999761529,0.4659000000953597,0.3498999999761452,0.366100000023863,0.29970000004769304,0.3826999999284908,0.3002999999523297,0.29959999990464325,0.29980000007154217,0.3329999999999984,0.2498999999761793,0.2997000000476646,0.3161999999284717,0.31639999997616997,0.3163000000715499,0.33320000004766825,0.31639999997614154,0.31639999997616997,0.3832999999522997,0.4828000000715349,0.34969999992847534,0.38349999999999795,0.5827999999523286,0.3997999999523074,0.26619999992846033,0.6162000000476837]",-0.675925926,1.7199,0.0,5.0,5.0,123.0,1.0,navel,gnavel,question_gesture.png,im_hand.png,,,,,
,,,1,3,2023-05-24_17h18.26.369,flesh_expressibility_dutch,2022.2.4,Win32,61.49683291,,,,18.0,1.0,test,,,,,,test,1.0,,0.0,,0.0,,0.0,,0.0,,0.0,,0.0,,0.0,NL,1.0,1.0,1.0,1.0,,sensorypref1,1920.0,1080.0,,,,,,,,,,,,,,,,,,,,,,,,,,,,,,,,,,,,1.0,188.684,47.0,"[0.4828000000715207,0.41629999995231515,0.36650000000000205,0.3827999999523115,0.5996000000238411,0.7663999999761586,0.36599999999999966,0.36599999999999966,0.31639999997615575,0.33310000002383333,0.2663999999761586,0.3328999999761635,0.26630000007153853,0.2992999999523249,0.3165000000000049,0.29939999997615985,0.3329999999999984,0.33269999992847943,0.28350000000000364,0.28319999992848466,0.3662999999523038,0.4659000000953597,0.34979999995232447,0.366100000023863,0.29970000004769304,0.3826999999284908,0.3002000000476812,0.29959999990464325,0.29980000007154217,0.3328999999761493,0.2498999999761793,0.2997000000476646,0.3161999999284717,0.31639999997616997,0.3163000000715499,0.33320000004766825,0.31639999997614154,0.31639999997616997,0.3832999999522997,0.4828000000715349,0.34969999992847534,0.38349999999999795,0.5827999999523286,0.3997999999523074,0.2660999999046112,0.6162000000476837,0.31620000004770077]","[0.4829000000953698,0.41629999995231515,0.36650000000000205,0.38289999997614643,0.5996000000238411,0.7663999999761586,0.36599999999999966,0.3661000000238488,0.31639999997615575,0.33310000002383333,0.2663999999761586,0.3328999999761635,0.26640000009537346,0.29939999997615985,0.3165000000000049,0.29939999997615985,0.3329999999999984,0.33269999992847943,0.28350000000000364,0.28319999992848466,0.3663999999761529,0.4659000000953597,0.3498999999761452,0.366100000023863,0.29970000004769304,0.3826999999284908,0.3002999999523297,0.29959999990464325,0.29980000007154217,0.3329999999999984,0.2498999999761793,0.2997000000476646,0.3161999999284717,0.31639999997616997,0.3163000000715499,0.33320000004766825,0.31639999997614154,0.31639999997616997,0.3832999999522997,0.4828000000715349,0.34969999992847534,0.38349999999999795,0.5827999999523286,0.3997999999523074,0.26619999992846033,0.6162000000476837,0.3163000000715499]",-0.5,0.9387,0.0,6.0,6.0,76.0,1.0,blauw,gblauw,question_gesture.png,im_hand.png,,,,,
,,,1,3,2023-05-24_17h18.26.369,flesh_expressibility_dutch,2022.2.4,Win32,61.49683291,,,,18.0,1.0,test,,,,,,test,1.0,,0.0,,0.0,,0.0,,0.0,,0.0,,0.0,,0.0,NL,1.0,1.0,1.0,1.0,,sensorypref1,1920.0,1080.0,,,,,,,,,,,,,,,,,,,,,,,,,,,,,,,,,,,,1.0,190.164,48.0,"[0.4828000000715207,0.41629999995231515,0.36650000000000205,0.3827999999523115,0.5996000000238411,0.7663999999761586,0.36599999999999966,0.36599999999999966,0.31639999997615575,0.33310000002383333,0.2663999999761586,0.3328999999761635,0.26630000007153853,0.2992999999523249,0.3165000000000049,0.29939999997615985,0.3329999999999984,0.33269999992847943,0.28350000000000364,0.28319999992848466,0.3662999999523038,0.4659000000953597,0.34979999995232447,0.366100000023863,0.29970000004769304,0.3826999999284908,0.3002000000476812,0.29959999990464325,0.29980000007154217,0.3328999999761493,0.2498999999761793,0.2997000000476646,0.3161999999284717,0.31639999997616997,0.3163000000715499,0.33320000004766825,0.31639999997614154,0.31639999997616997,0.3832999999522997,0.4828000000715349,0.34969999992847534,0.38349999999999795,0.5827999999523286,0.3997999999523074,0.2660999999046112,0.6162000000476837,0.31620000004770077,0.349099999904638]","[0.4829000000953698,0.41629999995231515,0.36650000000000205,0.38289999997614643,0.5996000000238411,0.7663999999761586,0.36599999999999966,0.3661000000238488,0.31639999997615575,0.33310000002383333,0.2663999999761586,0.3328999999761635,0.26640000009537346,0.29939999997615985,0.3165000000000049,0.29939999997615985,0.3329999999999984,0.33269999992847943,0.28350000000000364,0.28319999992848466,0.3663999999761529,0.4659000000953597,0.3498999999761452,0.366100000023863,0.29970000004769304,0.3826999999284908,0.3002999999523297,0.29959999990464325,0.29980000007154217,0.3329999999999984,0.2498999999761793,0.2997000000476646,0.3161999999284717,0.31639999997616997,0.3163000000715499,0.33320000004766825,0.31639999997614154,0.31639999997616997,0.3832999999522997,0.4828000000715349,0.34969999992847534,0.38349999999999795,0.5827999999523286,0.3997999999523074,0.26619999992846033,0.6162000000476837,0.3163000000715499,0.34919999992848716]",-0.618518519,0.96,0.0,7.0,7.0,192.0,1.0,vlees,gvlees,question_gesture.png,im_hand.png,,,,,
,,,1,3,2023-05-24_17h18.26.369,flesh_expressibility_dutch,2022.2.4,Win32,61.49683291,,,,18.0,1.0,test,,,,,,test,1.0,,0.0,,0.0,,0.0,,0.0,,0.0,,0.0,,0.0,NL,1.0,1.0,1.0,1.0,,sensorypref1,1920.0,1080.0,,,,,,,,,,,,,,,,,,,,,,,,,,,,,,,,,,,,1.0,191.5467,49.0,"[0.4828000000715207,0.41629999995231515,0.36650000000000205,0.3827999999523115,0.5996000000238411,0.7663999999761586,0.36599999999999966,0.36599999999999966,0.31639999997615575,0.33310000002383333,0.2663999999761586,0.3328999999761635,0.26630000007153853,0.2992999999523249,0.3165000000000049,0.29939999997615985,0.3329999999999984,0.33269999992847943,0.28350000000000364,0.28319999992848466,0.3662999999523038,0.4659000000953597,0.34979999995232447,0.366100000023863,0.29970000004769304,0.3826999999284908,0.3002000000476812,0.29959999990464325,0.29980000007154217,0.3328999999761493,0.2498999999761793,0.2997000000476646,0.3161999999284717,0.31639999997616997,0.3163000000715499,0.33320000004766825,0.31639999997614154,0.31639999997616997,0.3832999999522997,0.4828000000715349,0.34969999992847534,0.38349999999999795,0.5827999999523286,0.3997999999523074,0.2660999999046112,0.6162000000476837,0.31620000004770077,0.349099999904638,0.4830000000000041]","[0.4829000000953698,0.41629999995231515,0.36650000000000205,0.38289999997614643,0.5996000000238411,0.7663999999761586,0.36599999999999966,0.3661000000238488,0.31639999997615575,0.33310000002383333,0.2663999999761586,0.3328999999761635,0.26640000009537346,0.29939999997615985,0.3165000000000049,0.29939999997615985,0.3329999999999984,0.33269999992847943,0.28350000000000364,0.28319999992848466,0.3663999999761529,0.4659000000953597,0.3498999999761452,0.366100000023863,0.29970000004769304,0.3826999999284908,0.3002999999523297,0.29959999990464325,0.29980000007154217,0.3329999999999984,0.2498999999761793,0.2997000000476646,0.3161999999284717,0.31639999997616997,0.3163000000715499,0.33320000004766825,0.31639999997614154,0.31639999997616997,0.3832999999522997,0.4828000000715349,0.34969999992847534,0.38349999999999795,0.5827999999523286,0.3997999999523074,0.26619999992846033,0.6162000000476837,0.3163000000715499,0.34919999992848716,0.4830000000000041]",-0.446296296,0.996,0.0,8.0,8.0,151.0,1.0,drinken,gdrinken,question_gesture.png,im_hand.png,,,,,
,,,1,3,2023-05-24_17h18.26.369,flesh_expressibility_dutch,2022.2.4,Win32,61.49683291,,,,18.0,1.0,test,,,,,,test,1.0,,0.0,,0.0,,0.0,,0.0,,0.0,,0.0,,0.0,NL,1.0,1.0,1.0,1.0,,sensorypref1,1920.0,1080.0,,,,,,,,,,,,,,,,,,,,,,,,,,,,,,,,,,,,1.0,192.8089,50.0,"[0.4828000000715207,0.41629999995231515,0.36650000000000205,0.3827999999523115,0.5996000000238411,0.7663999999761586,0.36599999999999966,0.36599999999999966,0.31639999997615575,0.33310000002383333,0.2663999999761586,0.3328999999761635,0.26630000007153853,0.2992999999523249,0.3165000000000049,0.29939999997615985,0.3329999999999984,0.33269999992847943,0.28350000000000364,0.28319999992848466,0.3662999999523038,0.4659000000953597,0.34979999995232447,0.366100000023863,0.29970000004769304,0.3826999999284908,0.3002000000476812,0.29959999990464325,0.29980000007154217,0.3328999999761493,0.2498999999761793,0.2997000000476646,0.3161999999284717,0.31639999997616997,0.3163000000715499,0.33320000004766825,0.31639999997614154,0.31639999997616997,0.3832999999522997,0.4828000000715349,0.34969999992847534,0.38349999999999795,0.5827999999523286,0.3997999999523074,0.2660999999046112,0.6162000000476837,0.31620000004770077,0.349099999904638,0.4830000000000041,0.30000000000001137]","[0.4829000000953698,0.41629999995231515,0.36650000000000205,0.38289999997614643,0.5996000000238411,0.7663999999761586,0.36599999999999966,0.3661000000238488,0.31639999997615575,0.33310000002383333,0.2663999999761586,0.3328999999761635,0.26640000009537346,0.29939999997615985,0.3165000000000049,0.29939999997615985,0.3329999999999984,0.33269999992847943,0.28350000000000364,0.28319999992848466,0.3663999999761529,0.4659000000953597,0.3498999999761452,0.366100000023863,0.29970000004769304,0.3826999999284908,0.3002999999523297,0.29959999990464325,0.29980000007154217,0.3329999999999984,0.2498999999761793,0.2997000000476646,0.3161999999284717,0.31639999997616997,0.3163000000715499,0.33320000004766825,0.31639999997614154,0.31639999997616997,0.3832999999522997,0.4828000000715349,0.34969999992847534,0.38349999999999795,0.5827999999523286,0.3997999999523074,0.26619999992846033,0.6162000000476837,0.3163000000715499,0.34919999992848716,0.4830000000000041,0.3001000000238321]",-0.440740741,0.9038,0.0,9.0,9.0,16.0,1.0,alles,galles,question_gesture.png,im_hand.png,,,,,
,,,1,3,2023-05-24_17h18.26.369,flesh_expressibility_dutch,2022.2.4,Win32,61.49683291,,,,18.0,1.0,test,,,,,,test,1.0,,0.0,,0.0,,0.0,,0.0,,0.0,,0.0,,0.0,NL,1.0,1.0,1.0,1.0,,sensorypref1,1920.0,1080.0,,,,,,,,,,,,,,,,,,,,,,,,,,,,,,,,,,,,1.0,194.1277,51.0,"[0.4828000000715207,0.41629999995231515,0.36650000000000205,0.3827999999523115,0.5996000000238411,0.7663999999761586,0.36599999999999966,0.36599999999999966,0.31639999997615575,0.33310000002383333,0.2663999999761586,0.3328999999761635,0.26630000007153853,0.2992999999523249,0.3165000000000049,0.29939999997615985,0.3329999999999984,0.33269999992847943,0.28350000000000364,0.28319999992848466,0.3662999999523038,0.4659000000953597,0.34979999995232447,0.366100000023863,0.29970000004769304,0.3826999999284908,0.3002000000476812,0.29959999990464325,0.29980000007154217,0.3328999999761493,0.2498999999761793,0.2997000000476646,0.3161999999284717,0.31639999997616997,0.3163000000715499,0.33320000004766825,0.31639999997614154,0.31639999997616997,0.3832999999522997,0.4828000000715349,0.34969999992847534,0.38349999999999795,0.5827999999523286,0.3997999999523074,0.2660999999046112,0.6162000000476837,0.31620000004770077,0.349099999904638,0.4830000000000041,0.30000000000001137,0.38259999990464166]","[0.4829000000953698,0.41629999995231515,0.36650000000000205,0.38289999997614643,0.5996000000238411,0.7663999999761586,0.36599999999999966,0.3661000000238488,0.31639999997615575,0.33310000002383333,0.2663999999761586,0.3328999999761635,0.26640000009537346,0.29939999997615985,0.3165000000000049,0.29939999997615985,0.3329999999999984,0.33269999992847943,0.28350000000000364,0.28319999992848466,0.3663999999761529,0.4659000000953597,0.3498999999761452,0.366100000023863,0.29970000004769304,0.3826999999284908,0.3002999999523297,0.29959999990464325,0.29980000007154217,0.3329999999999984,0.2498999999761793,0.2997000000476646,0.3161999999284717,0.31639999997616997,0.3163000000715499,0.33320000004766825,0.31639999997614154,0.31639999997616997,0.3832999999522997,0.4828000000715349,0.34969999992847534,0.38349999999999795,0.5827999999523286,0.3997999999523074,0.26619999992846033,0.6162000000476837,0.3163000000715499,0.34919999992848716,0.4830000000000041,0.3001000000238321,0.38259999990464166]",-0.592592593,0.9569,0.0,10.0,10.0,160.0,1.0,wie,gwie,question_gesture.png,im_hand.png,,,,,
,,,1,3,2023-05-24_17h18.26.369,flesh_expressibility_dutch,2022.2.4,Win32,61.49683291,,,,18.0,1.0,test,,,,,,test,1.0,,0.0,,0.0,,0.0,,0.0,,0.0,,0.0,,0.0,NL,1.0,1.0,1.0,1.0,,sensorypref1,1920.0,1080.0,,,,,,,,,,,,,,,,,,,,,,,,,,,,,,,,,,,,1.0,195.7481,52.0,"[0.4828000000715207,0.41629999995231515,0.36650000000000205,0.3827999999523115,0.5996000000238411,0.7663999999761586,0.36599999999999966,0.36599999999999966,0.31639999997615575,0.33310000002383333,0.2663999999761586,0.3328999999761635,0.26630000007153853,0.2992999999523249,0.3165000000000049,0.29939999997615985,0.3329999999999984,0.33269999992847943,0.28350000000000364,0.28319999992848466,0.3662999999523038,0.4659000000953597,0.34979999995232447,0.366100000023863,0.29970000004769304,0.3826999999284908,0.3002000000476812,0.29959999990464325,0.29980000007154217,0.3328999999761493,0.2498999999761793,0.2997000000476646,0.3161999999284717,0.31639999997616997,0.3163000000715499,0.33320000004766825,0.31639999997614154,0.31639999997616997,0.3832999999522997,0.4828000000715349,0.34969999992847534,0.38349999999999795,0.5827999999523286,0.3997999999523074,0.2660999999046112,0.6162000000476837,0.31620000004770077,0.349099999904638,0.4830000000000041,0.30000000000001137,0.38259999990464166,0.4327000000477028]","[0.4829000000953698,0.41629999995231515,0.36650000000000205,0.38289999997614643,0.5996000000238411,0.7663999999761586,0.36599999999999966,0.3661000000238488,0.31639999997615575,0.33310000002383333,0.2663999999761586,0.3328999999761635,0.26640000009537346,0.29939999997615985,0.3165000000000049,0.29939999997615985,0.3329999999999984,0.33269999992847943,0.28350000000000364,0.28319999992848466,0.3663999999761529,0.4659000000953597,0.3498999999761452,0.366100000023863,0.29970000004769304,0.3826999999284908,0.3002999999523297,0.29959999990464325,0.29980000007154217,0.3329999999999984,0.2498999999761793,0.2997000000476646,0.3161999999284717,0.31639999997616997,0.3163000000715499,0.33320000004766825,0.31639999997614154,0.31639999997616997,0.3832999999522997,0.4828000000715349,0.34969999992847534,0.38349999999999795,0.5827999999523286,0.3997999999523074,0.26619999992846033,0.6162000000476837,0.3163000000715499,0.34919999992848716,0.4830000000000041,0.3001000000238321,0.38259999990464166,0.4327000000477028]",-0.661111111,1.0933,0.0,11.0,11.0,165.0,1.0,hard,ghard,question_gesture.png,im_hand.png,,,,,
,,,1,3,2023-05-24_17h18.26.369,flesh_expressibility_dutch,2022.2.4,Win32,61.49683291,,,,18.0,1.0,test,,,,,,test,1.0,,0.0,,0.0,,0.0,,0.0,,0.0,,0.0,,0.0,NL,1.0,1.0,1.0,1.0,,sensorypref1,1920.0,1080.0,,,,,,,,,,,,,,,,,,,,,,,,,,,,,,,,,,,,1.0,197.5549,53.0,"[0.4828000000715207,0.41629999995231515,0.36650000000000205,0.3827999999523115,0.5996000000238411,0.7663999999761586,0.36599999999999966,0.36599999999999966,0.31639999997615575,0.33310000002383333,0.2663999999761586,0.3328999999761635,0.26630000007153853,0.2992999999523249,0.3165000000000049,0.29939999997615985,0.3329999999999984,0.33269999992847943,0.28350000000000364,0.28319999992848466,0.3662999999523038,0.4659000000953597,0.34979999995232447,0.366100000023863,0.29970000004769304,0.3826999999284908,0.3002000000476812,0.29959999990464325,0.29980000007154217,0.3328999999761493,0.2498999999761793,0.2997000000476646,0.3161999999284717,0.31639999997616997,0.3163000000715499,0.33320000004766825,0.31639999997614154,0.31639999997616997,0.3832999999522997,0.4828000000715349,0.34969999992847534,0.38349999999999795,0.5827999999523286,0.3997999999523074,0.2660999999046112,0.6162000000476837,0.31620000004770077,0.349099999904638,0.4830000000000041,0.30000000000001137,0.38259999990464166,0.4327000000477028,0.48320000004767394]","[0.4829000000953698,0.41629999995231515,0.36650000000000205,0.38289999997614643,0.5996000000238411,0.7663999999761586,0.36599999999999966,0.3661000000238488,0.31639999997615575,0.33310000002383333,0.2663999999761586,0.3328999999761635,0.26640000009537346,0.29939999997615985,0.3165000000000049,0.29939999997615985,0.3329999999999984,0.33269999992847943,0.28350000000000364,0.28319999992848466,0.3663999999761529,0.4659000000953597,0.3498999999761452,0.366100000023863,0.29970000004769304,0.3826999999284908,0.3002999999523297,0.29959999990464325,0.29980000007154217,0.3329999999999984,0.2498999999761793,0.2997000000476646,0.3161999999284717,0.31639999997616997,0.3163000000715499,0.33320000004766825,0.31639999997614154,0.31639999997616997,0.3832999999522997,0.4828000000715349,0.34969999992847534,0.38349999999999795,0.5827999999523286,0.3997999999523074,0.26619999992846033,0.6162000000476837,0.3163000000715499,0.34919999992848716,0.4830000000000041,0.3001000000238321,0.38259999990464166,0.4327000000477028,0.48320000004767394]",-0.531481481,1.5054,0.0,12.0,12.0,3.0,1.0,stil,gstil,question_gesture.png,im_hand.png,,,,,
,,,1,3,2023-05-24_17h18.26.369,flesh_expressibility_dutch,2022.2.4,Win32,61.49683291,,,,18.0,1.0,test,,,,,,test,1.0,,0.0,,0.0,,0.0,,0.0,,0.0,,0.0,,0.0,NL,1.0,1.0,1.0,1.0,,sensorypref1,1920.0,1080.0,,,,,,,,,,,,,,,,,,,,,,,,,,,,,,,,,,,,1.0,198.9289,54.0,"[0.4828000000715207,0.41629999995231515,0.36650000000000205,0.3827999999523115,0.5996000000238411,0.7663999999761586,0.36599999999999966,0.36599999999999966,0.31639999997615575,0.33310000002383333,0.2663999999761586,0.3328999999761635,0.26630000007153853,0.2992999999523249,0.3165000000000049,0.29939999997615985,0.3329999999999984,0.33269999992847943,0.28350000000000364,0.28319999992848466,0.3662999999523038,0.4659000000953597,0.34979999995232447,0.366100000023863,0.29970000004769304,0.3826999999284908,0.3002000000476812,0.29959999990464325,0.29980000007154217,0.3328999999761493,0.2498999999761793,0.2997000000476646,0.3161999999284717,0.31639999997616997,0.3163000000715499,0.33320000004766825,0.31639999997614154,0.31639999997616997,0.3832999999522997,0.4828000000715349,0.34969999992847534,0.38349999999999795,0.5827999999523286,0.3997999999523074,0.2660999999046112,0.6162000000476837,0.31620000004770077,0.349099999904638,0.4830000000000041,0.30000000000001137,0.38259999990464166,0.4327000000477028,0.48320000004767394,0.4335000000000093]","[0.4829000000953698,0.41629999995231515,0.36650000000000205,0.38289999997614643,0.5996000000238411,0.7663999999761586,0.36599999999999966,0.3661000000238488,0.31639999997615575,0.33310000002383333,0.2663999999761586,0.3328999999761635,0.26640000009537346,0.29939999997615985,0.3165000000000049,0.29939999997615985,0.3329999999999984,0.33269999992847943,0.28350000000000364,0.28319999992848466,0.3663999999761529,0.4659000000953597,0.3498999999761452,0.366100000023863,0.29970000004769304,0.3826999999284908,0.3002999999523297,0.29959999990464325,0.29980000007154217,0.3329999999999984,0.2498999999761793,0.2997000000476646,0.3161999999284717,0.31639999997616997,0.3163000000715499,0.33320000004766825,0.31639999997614154,0.31639999997616997,0.3832999999522997,0.4828000000715349,0.34969999992847534,0.38349999999999795,0.5827999999523286,0.3997999999523074,0.26619999992846033,0.6162000000476837,0.3163000000715499,0.34919999992848716,0.4830000000000041,0.3001000000238321,0.38259999990464166,0.4327000000477028,0.48320000004767394,0.4335000000000093]",-0.546296296,0.8759,0.0,13.0,13.0,40.0,1.0,bang,gbang,question_gesture.png,im_hand.png,,,,,
,,,1,3,2023-05-24_17h18.26.369,flesh_expressibility_dutch,2022.2.4,Win32,61.49683291,,,,18.0,1.0,test,,,,,,test,1.0,,0.0,,0.0,,0.0,,0.0,,0.0,,0.0,,0.0,NL,1.0,1.0,1.0,1.0,,sensorypref1,1920.0,1080.0,,,,,,,,,,,,,,,,,,,,,,,,,,,,,,,,,,,,1.0,200.6614,55.0,"[0.4828000000715207,0.41629999995231515,0.36650000000000205,0.3827999999523115,0.5996000000238411,0.7663999999761586,0.36599999999999966,0.36599999999999966,0.31639999997615575,0.33310000002383333,0.2663999999761586,0.3328999999761635,0.26630000007153853,0.2992999999523249,0.3165000000000049,0.29939999997615985,0.3329999999999984,0.33269999992847943,0.28350000000000364,0.28319999992848466,0.3662999999523038,0.4659000000953597,0.34979999995232447,0.366100000023863,0.29970000004769304,0.3826999999284908,0.3002000000476812,0.29959999990464325,0.29980000007154217,0.3328999999761493,0.2498999999761793,0.2997000000476646,0.3161999999284717,0.31639999997616997,0.3163000000715499,0.33320000004766825,0.31639999997614154,0.31639999997616997,0.3832999999522997,0.4828000000715349,0.34969999992847534,0.38349999999999795,0.5827999999523286,0.3997999999523074,0.2660999999046112,0.6162000000476837,0.31620000004770077,0.349099999904638,0.4830000000000041,0.30000000000001137,0.38259999990464166,0.4327000000477028,0.48320000004767394,0.4335000000000093,0.3328000000715292]","[0.4829000000953698,0.41629999995231515,0.36650000000000205,0.38289999997614643,0.5996000000238411,0.7663999999761586,0.36599999999999966,0.3661000000238488,0.31639999997615575,0.33310000002383333,0.2663999999761586,0.3328999999761635,0.26640000009537346,0.29939999997615985,0.3165000000000049,0.29939999997615985,0.3329999999999984,0.33269999992847943,0.28350000000000364,0.28319999992848466,0.3663999999761529,0.4659000000953597,0.3498999999761452,0.366100000023863,0.29970000004769304,0.3826999999284908,0.3002999999523297,0.29959999990464325,0.29980000007154217,0.3329999999999984,0.2498999999761793,0.2997000000476646,0.3161999999284717,0.31639999997616997,0.3163000000715499,0.33320000004766825,0.31639999997614154,0.31639999997616997,0.3832999999522997,0.4828000000715349,0.34969999992847534,0.38349999999999795,0.5827999999523286,0.3997999999523074,0.26619999992846033,0.6162000000476837,0.3163000000715499,0.34919999992848716,0.4830000000000041,0.3001000000238321,0.38259999990464166,0.4327000000477028,0.48320000004767394,0.4335000000000093,0.3328000000715292]",-0.440740741,1.1365,0.0,14.0,14.0,41.0,1.0,bliksem,gbliksem,question_gesture.png,im_hand.png,,,,,
,,,1,3,2023-05-24_17h18.26.369,flesh_expressibility_dutch,2022.2.4,Win32,61.49683291,,,,18.0,1.0,test,,,,,,test,1.0,,0.0,,0.0,,0.0,,0.0,,0.0,,0.0,,0.0,NL,1.0,1.0,1.0,1.0,,sensorypref1,1920.0,1080.0,,,,,,,,,,,,,,,,,,,,,,,,,,,,,,,,,,,,1.0,201.6361,56.0,"[0.4828000000715207,0.41629999995231515,0.36650000000000205,0.3827999999523115,0.5996000000238411,0.7663999999761586,0.36599999999999966,0.36599999999999966,0.31639999997615575,0.33310000002383333,0.2663999999761586,0.3328999999761635,0.26630000007153853,0.2992999999523249,0.3165000000000049,0.29939999997615985,0.3329999999999984,0.33269999992847943,0.28350000000000364,0.28319999992848466,0.3662999999523038,0.4659000000953597,0.34979999995232447,0.366100000023863,0.29970000004769304,0.3826999999284908,0.3002000000476812,0.29959999990464325,0.29980000007154217,0.3328999999761493,0.2498999999761793,0.2997000000476646,0.3161999999284717,0.31639999997616997,0.3163000000715499,0.33320000004766825,0.31639999997614154,0.31639999997616997,0.3832999999522997,0.4828000000715349,0.34969999992847534,0.38349999999999795,0.5827999999523286,0.3997999999523074,0.2660999999046112,0.6162000000476837,0.31620000004770077,0.349099999904638,0.4830000000000041,0.30000000000001137,0.38259999990464166,0.4327000000477028,0.48320000004767394,0.4335000000000093,0.3328000000715292,0.683200000047691]","[0.4829000000953698,0.41629999995231515,0.36650000000000205,0.38289999997614643,0.5996000000238411,0.7663999999761586,0.36599999999999966,0.3661000000238488,0.31639999997615575,0.33310000002383333,0.2663999999761586,0.3328999999761635,0.26640000009537346,0.29939999997615985,0.3165000000000049,0.29939999997615985,0.3329999999999984,0.33269999992847943,0.28350000000000364,0.28319999992848466,0.3663999999761529,0.4659000000953597,0.3498999999761452,0.366100000023863,0.29970000004769304,0.3826999999284908,0.3002999999523297,0.29959999990464325,0.29980000007154217,0.3329999999999984,0.2498999999761793,0.2997000000476646,0.3161999999284717,0.31639999997616997,0.3163000000715499,0.33320000004766825,0.31639999997614154,0.31639999997616997,0.3832999999522997,0.4828000000715349,0.34969999992847534,0.38349999999999795,0.5827999999523286,0.3997999999523074,0.26619999992846033,0.6162000000476837,0.3163000000715499,0.34919999992848716,0.4830000000000041,0.3001000000238321,0.38259999990464166,0.4327000000477028,0.48320000004767394,0.4335000000000093,0.3328000000715292,0.683200000047691]",0.362962963,0.904,0.0,15.0,15.0,148.0,1.0,bijten,gbijten,question_gesture.png,im_hand.png,,,,,
,,,1,3,2023-05-24_17h18.26.369,flesh_expressibility_dutch,2022.2.4,Win32,61.49683291,,,,18.0,1.0,test,,,,,,test,1.0,,0.0,,0.0,,0.0,,0.0,,0.0,,0.0,,0.0,NL,1.0,1.0,1.0,1.0,,sensorypref1,1920.0,1080.0,,,,,,,,,,,,,,,,,,,,,,,,,,,,,,,,,,,,1.0,203.3336,57.0,"[0.4828000000715207,0.41629999995231515,0.36650000000000205,0.3827999999523115,0.5996000000238411,0.7663999999761586,0.36599999999999966,0.36599999999999966,0.31639999997615575,0.33310000002383333,0.2663999999761586,0.3328999999761635,0.26630000007153853,0.2992999999523249,0.3165000000000049,0.29939999997615985,0.3329999999999984,0.33269999992847943,0.28350000000000364,0.28319999992848466,0.3662999999523038,0.4659000000953597,0.34979999995232447,0.366100000023863,0.29970000004769304,0.3826999999284908,0.3002000000476812,0.29959999990464325,0.29980000007154217,0.3328999999761493,0.2498999999761793,0.2997000000476646,0.3161999999284717,0.31639999997616997,0.3163000000715499,0.33320000004766825,0.31639999997614154,0.31639999997616997,0.3832999999522997,0.4828000000715349,0.34969999992847534,0.38349999999999795,0.5827999999523286,0.3997999999523074,0.2660999999046112,0.6162000000476837,0.31620000004770077,0.349099999904638,0.4830000000000041,0.30000000000001137,0.38259999990464166,0.4327000000477028,0.48320000004767394,0.4335000000000093,0.3328000000715292,0.683200000047691,0.29969999992846397]","[0.4829000000953698,0.41629999995231515,0.36650000000000205,0.38289999997614643,0.5996000000238411,0.7663999999761586,0.36599999999999966,0.3661000000238488,0.31639999997615575,0.33310000002383333,0.2663999999761586,0.3328999999761635,0.26640000009537346,0.29939999997615985,0.3165000000000049,0.29939999997615985,0.3329999999999984,0.33269999992847943,0.28350000000000364,0.28319999992848466,0.3663999999761529,0.4659000000953597,0.3498999999761452,0.366100000023863,0.29970000004769304,0.3826999999284908,0.3002999999523297,0.29959999990464325,0.29980000007154217,0.3329999999999984,0.2498999999761793,0.2997000000476646,0.3161999999284717,0.31639999997616997,0.3163000000715499,0.33320000004766825,0.31639999997614154,0.31639999997616997,0.3832999999522997,0.4828000000715349,0.34969999992847534,0.38349999999999795,0.5827999999523286,0.3997999999523074,0.26619999992846033,0.6162000000476837,0.3163000000715499,0.34919999992848716,0.4830000000000041,0.3001000000238321,0.38259999990464166,0.4327000000477028,0.48320000004767394,0.4335000000000093,0.3328000000715292,0.683200000047691,0.29969999992846397]",-0.188888889,0.7698,0.0,16.0,16.0,43.0,1.0,rivier,grivier,question_gesture.png,im_hand.png,,,,,
,,,1,3,2023-05-24_17h18.26.369,flesh_expressibility_dutch,2022.2.4,Win32,61.49683291,,,,18.0,1.0,test,,,,,,test,1.0,,0.0,,0.0,,0.0,,0.0,,0.0,,0.0,,0.0,NL,1.0,1.0,1.0,1.0,,sensorypref1,1920.0,1080.0,,,,,,,,,,,,,,,,,,,,,,,,,,,,,,,,,,,,2.0,205.4299,58.0,"[0.4828000000715207,0.41629999995231515,0.36650000000000205,0.3827999999523115,0.5996000000238411,0.7663999999761586,0.36599999999999966,0.36599999999999966,0.31639999997615575,0.33310000002383333,0.2663999999761586,0.3328999999761635,0.26630000007153853,0.2992999999523249,0.3165000000000049,0.29939999997615985,0.3329999999999984,0.33269999992847943,0.28350000000000364,0.28319999992848466,0.3662999999523038,0.4659000000953597,0.34979999995232447,0.366100000023863,0.29970000004769304,0.3826999999284908,0.3002000000476812,0.29959999990464325,0.29980000007154217,0.3328999999761493,0.2498999999761793,0.2997000000476646,0.3161999999284717,0.31639999997616997,0.3163000000715499,0.33320000004766825,0.31639999997614154,0.31639999997616997,0.3832999999522997,0.4828000000715349,0.34969999992847534,0.38349999999999795,0.5827999999523286,0.3997999999523074,0.2660999999046112,0.6162000000476837,0.31620000004770077,0.349099999904638,0.4830000000000041,0.30000000000001137,0.38259999990464166,0.4327000000477028,0.48320000004767394,0.4335000000000093,0.3328000000715292,0.683200000047691,0.29969999992846397,0.31680000007150966]","[0.4829000000953698,0.41629999995231515,0.36650000000000205,0.38289999997614643,0.5996000000238411,0.7663999999761586,0.36599999999999966,0.3661000000238488,0.31639999997615575,0.33310000002383333,0.2663999999761586,0.3328999999761635,0.26640000009537346,0.29939999997615985,0.3165000000000049,0.29939999997615985,0.3329999999999984,0.33269999992847943,0.28350000000000364,0.28319999992848466,0.3663999999761529,0.4659000000953597,0.3498999999761452,0.366100000023863,0.29970000004769304,0.3826999999284908,0.3002999999523297,0.29959999990464325,0.29980000007154217,0.3329999999999984,0.2498999999761793,0.2997000000476646,0.3161999999284717,0.31639999997616997,0.3163000000715499,0.33320000004766825,0.31639999997614154,0.31639999997616997,0.3832999999522997,0.4828000000715349,0.34969999992847534,0.38349999999999795,0.5827999999523286,0.3997999999523074,0.26619999992846033,0.6162000000476837,0.3163000000715499,0.34919999992848716,0.4830000000000041,0.3001000000238321,0.38259999990464166,0.4327000000477028,0.48320000004767394,0.4335000000000093,0.3328000000715292,0.683200000047691,0.29969999992846397,0.31680000007150966]",-0.5,1.7524,0.0,17.0,17.0,188.0,1.0,verstoppen,gverstoppen,question_gesture.png,im_hand.png,,,,,
,,,1,3,2023-05-24_17h18.26.369,flesh_expressibility_dutch,2022.2.4,Win32,61.49683291,,,,18.0,1.0,test,,,,,,test,1.0,,0.0,,0.0,,0.0,,0.0,,0.0,,0.0,,0.0,NL,1.0,1.0,1.0,1.0,,sensorypref1,1920.0,1080.0,,,,,,,,,,,,,,,,,,,,,,,,,,,,,,,,,,,,2.0,207.3284,59.0,"[0.4828000000715207,0.41629999995231515,0.36650000000000205,0.3827999999523115,0.5996000000238411,0.7663999999761586,0.36599999999999966,0.36599999999999966,0.31639999997615575,0.33310000002383333,0.2663999999761586,0.3328999999761635,0.26630000007153853,0.2992999999523249,0.3165000000000049,0.29939999997615985,0.3329999999999984,0.33269999992847943,0.28350000000000364,0.28319999992848466,0.3662999999523038,0.4659000000953597,0.34979999995232447,0.366100000023863,0.29970000004769304,0.3826999999284908,0.3002000000476812,0.29959999990464325,0.29980000007154217,0.3328999999761493,0.2498999999761793,0.2997000000476646,0.3161999999284717,0.31639999997616997,0.3163000000715499,0.33320000004766825,0.31639999997614154,0.31639999997616997,0.3832999999522997,0.4828000000715349,0.34969999992847534,0.38349999999999795,0.5827999999523286,0.3997999999523074,0.2660999999046112,0.6162000000476837,0.31620000004770077,0.349099999904638,0.4830000000000041,0.30000000000001137,0.38259999990464166,0.4327000000477028,0.48320000004767394,0.4335000000000093,0.3328000000715292,0.683200000047691,0.29969999992846397,0.31680000007150966,0.34960000002382685]","[0.4829000000953698,0.41629999995231515,0.36650000000000205,0.38289999997614643,0.5996000000238411,0.7663999999761586,0.36599999999999966,0.3661000000238488,0.31639999997615575,0.33310000002383333,0.2663999999761586,0.3328999999761635,0.26640000009537346,0.29939999997615985,0.3165000000000049,0.29939999997615985,0.3329999999999984,0.33269999992847943,0.28350000000000364,0.28319999992848466,0.3663999999761529,0.4659000000953597,0.3498999999761452,0.366100000023863,0.29970000004769304,0.3826999999284908,0.3002999999523297,0.29959999990464325,0.29980000007154217,0.3329999999999984,0.2498999999761793,0.2997000000476646,0.3161999999284717,0.31639999997616997,0.3163000000715499,0.33320000004766825,0.31639999997614154,0.31639999997616997,0.3832999999522997,0.4828000000715349,0.34969999992847534,0.38349999999999795,0.5827999999523286,0.3997999999523074,0.26619999992846033,0.6162000000476837,0.3163000000715499,0.34919999992848716,0.4830000000000041,0.3001000000238321,0.38259999990464166,0.4327000000477028,0.48320000004767394,0.4335000000000093,0.3328000000715292,0.683200000047691,0.29969999992846397,0.31680000007150966,0.349700000047676]",-0.366666667,1.7555,0.0,18.0,18.0,142.0,1.0,verbrijzelen,gverbrijzelen,question_gesture.png,im_hand.png,,,,,
,,,1,3,2023-05-24_17h18.26.369,flesh_expressibility_dutch,2022.2.4,Win32,61.49683291,,,,18.0,1.0,test,,,,,,test,1.0,,0.0,,0.0,,0.0,,0.0,,0.0,,0.0,,0.0,NL,1.0,1.0,1.0,1.0,,sensorypref1,1920.0,1080.0,,,,,,,,,,,,,,,,,,,,,,,,,,,,,,,,,,,,2.0,208.9693,60.0,"[0.4828000000715207,0.41629999995231515,0.36650000000000205,0.3827999999523115,0.5996000000238411,0.7663999999761586,0.36599999999999966,0.36599999999999966,0.31639999997615575,0.33310000002383333,0.2663999999761586,0.3328999999761635,0.26630000007153853,0.2992999999523249,0.3165000000000049,0.29939999997615985,0.3329999999999984,0.33269999992847943,0.28350000000000364,0.28319999992848466,0.3662999999523038,0.4659000000953597,0.34979999995232447,0.366100000023863,0.29970000004769304,0.3826999999284908,0.3002000000476812,0.29959999990464325,0.29980000007154217,0.3328999999761493,0.2498999999761793,0.2997000000476646,0.3161999999284717,0.31639999997616997,0.3163000000715499,0.33320000004766825,0.31639999997614154,0.31639999997616997,0.3832999999522997,0.4828000000715349,0.34969999992847534,0.38349999999999795,0.5827999999523286,0.3997999999523074,0.2660999999046112,0.6162000000476837,0.31620000004770077,0.349099999904638,0.4830000000000041,0.30000000000001137,0.38259999990464166,0.4327000000477028,0.48320000004767394,0.4335000000000093,0.3328000000715292,0.683200000047691,0.29969999992846397,0.31680000007150966,0.34960000002382685,0.34979999995229605]","[0.4829000000953698,0.41629999995231515,0.36650000000000205,0.38289999997614643,0.5996000000238411,0.7663999999761586,0.36599999999999966,0.3661000000238488,0.31639999997615575,0.33310000002383333,0.2663999999761586,0.3328999999761635,0.26640000009537346,0.29939999997615985,0.3165000000000049,0.29939999997615985,0.3329999999999984,0.33269999992847943,0.28350000000000364,0.28319999992848466,0.3663999999761529,0.4659000000953597,0.3498999999761452,0.366100000023863,0.29970000004769304,0.3826999999284908,0.3002999999523297,0.29959999990464325,0.29980000007154217,0.3329999999999984,0.2498999999761793,0.2997000000476646,0.3161999999284717,0.31639999997616997,0.3163000000715499,0.33320000004766825,0.31639999997614154,0.31639999997616997,0.3832999999522997,0.4828000000715349,0.34969999992847534,0.38349999999999795,0.5827999999523286,0.3997999999523074,0.26619999992846033,0.6162000000476837,0.3163000000715499,0.34919999992848716,0.4830000000000041,0.3001000000238321,0.38259999990464166,0.4327000000477028,0.48320000004767394,0.4335000000000093,0.3328000000715292,0.683200000047691,0.29969999992846397,0.31680000007150966,0.349700000047676,0.34979999995229605]",-0.316666667,1.1868,0.0,19.0,19.0,136.0,1.0,komen,gkomen,question_gesture.png,im_hand.png,,,,,
,,,1,3,2023-05-24_17h18.26.369,flesh_expressibility_dutch,2022.2.4,Win32,61.49683291,,,,18.0,1.0,test,,,,,,test,1.0,,0.0,,0.0,,0.0,,0.0,,0.0,,0.0,,0.0,NL,1.0,1.0,1.0,1.0,,sensorypref1,1920.0,1080.0,,,,,,,,,,,,,,,,,,,,,,,,,,,,,,,,,,,,,,,,,,,,,,,,,,,,,,,,
,,,1,3,2023-05-24_17h18.26.369,flesh_expressibility_dutch,2022.2.4,Win32,61.49683291,,,,18.0,1.0,test,,,,,,test,1.0,,0.0,,0.0,,0.0,,0.0,,0.0,,0.0,,0.0,NL,1.0,1.0,1.0,1.0,,sensorypref1,1920.0,1080.0,,,,,,,,,,,,,,,,,,,,,,,,,,,,,,,,,,,,,,,,,,,,,,,,,,,,1.0,,,,
,,,1,3,2023-05-24_17h18.26.369,flesh_expressibility_dutch,2022.2.4,Win32,61.49683291,,,,18.0,1.0,test,,,,,,test,1.0,,0.0,,0.0,,0.0,,0.0,,0.0,,0.0,,0.0,NL,1.0,1.0,1.0,1.0,,sensorypref1,1920.0,1080.0,,,,,,,,,,,,,,,,,,,,,,,,,,,,,,,,,,,,,,,,,,,,,,,,,,,,1.0,,,,
,,,1,3,2023-05-24_17h18.26.369,flesh_expressibility_dutch,2022.2.4,Win32,61.49683291,,,,18.0,1.0,test,,,,,,test,1.0,,0.0,,0.0,,0.0,,0.0,,0.0,,0.0,,0.0,NL,1.0,1.0,1.0,1.0,,sensorypref1,1920.0,1080.0,,,,,,,,,,,,,,,,,,,,,,,,,,,,,,,,,,,,,,,,,,,,,,,,,,,,1.0,,1.0,[318.69989999997614],[318.7]
