welcome_weiter.numClicks,welcome_weiter.timesOn,welcome_weiter.timesOff,exp_ID,session,presentation limit,date,expName,psychopyVersion,OS,frameRate,introduction_weiter.numClicks,introduction_weiter.timesOn,introduction_weiter.timesOff,age,gender,natlang1,natlang2,natlang3,natlang4,natlang5,natlang6,lang1,proficiency1,lang2,proficiency2,lang3,proficiency3,lang4,proficiency4,lang5,proficiency5,lang6,proficiency6,lang7,proficiency7,lang8,proficiency8,country,education,dyslexia,mobility,currentloc,radio-for-required-checkboxes,sensorypref1,sensorypref2,xRes,yRes,sensorypref[],sensorypref3,sensorypref4,practice_weiter.numClicks,practice_weiter.timesOn,practice_weiter.timesOff,pr_message_weiter.numClicks,pr_message_weiter.timesOn,pr_message_weiter.timesOff,pr_remember_weiter.numClicks,pr_remember_weiter.timesOn,pr_remember_weiter.timesOff,button_weiter.numClicks,button_weiter.timesOn,button_weiter.timesOff,pr_expressibility.response,pr_expressibility.rt,practice_trials.thisRepN,practice_trials.thisTrialN,practice_trials.thisN,practice_trials.thisIndex,practice_trials.ran,pr_word,pr_question,pr_image,start_weiter.numClicks,start_weiter.timesOn,start_weiter.timesOff,message_weiter.numClicks,message_weiter.timesOn,message_weiter.timesOff,trial_remember_weiter.numClicks,trial_remember_weiter.timesOn,trial_remember_weiter.timesOff,Count,Shelf time,trial_button_weiter.numClicks,trial_button_weiter.timesOn,trial_button_weiter.timesOff,expressibility.response,expressibility.rt,trials.thisRepN,trials.thisTrialN,trials.thisN,trials.thisIndex,trials.ran,word,fordict,question,trial_img,problem,problem_text,comment_text,end_experiment.numClicks,end_experiment.timesOn,end_experiment.timesOff
1.0,[4.543900000005961],[4.544],115296,1,21,2023-09-21_20h38.43.603,flesh_expressibility_dutch,2022.2.4,Win32,59.88023952,,,,,,,,,,,,,,,,,,,,,,,,,,,,,,,,,,,,,,,,,,,,,,,,,,,,,,,,,,,,,,,,,,,,,,,,,,,,,,,,,,,,,,,,,,,,,
,,,115296,1,21,2023-09-21_20h38.43.603,flesh_expressibility_dutch,2022.2.4,Win32,59.88023952,,,,,,,,,,,,,,,,,,,,,,,,,,,,,,,,,,,,,,,,,,,,,,,,,,,,,,,,,,,,,,,,,,,,,,,,,,,,,,,,,,,,,,,,,,,,,
,,,115296,1,21,2023-09-21_20h38.43.603,flesh_expressibility_dutch,2022.2.4,Win32,59.88023952,1.0,[11.585199999988081],[11.585199999988081],,,,,,,,,,,,,,,,,,,,,,,,,,,,,,,,,,,,,,,,,,,,,,,,,,,,,,,,,,,,,,,,,,,,,,,,,,,,,,,,,,,,,,,,,,
,,,115296,1,21,2023-09-21_20h38.43.603,flesh_expressibility_dutch,2022.2.4,Win32,59.88023952,,,,,,,,,,,,,,,,,,,,,,,,,,,,,,,,,,,,,,,,,,,,,,,,,,,,,,,,,,,,,,,,,,,,,,,,,,,,,,,,,,,,,,,,,,,,,
,,,115296,1,21,2023-09-21_20h38.43.603,flesh_expressibility_dutch,2022.2.4,Win32,59.88023952,,,,18.0,2.0,Nederlands,,,,,,"Engels, Duits",2.0,,0.0,,0.0,,0.0,,0.0,,0.0,,0.0,,0.0,NL,6.0,2.0,2.0,1.0,on,sensorypref1,sensorypref2,1536.0,864.0,,,,,,,,,,,,,,,,,,,,,,,,,,,,,,,,,,,,,,,,,,,,,,,,,,,,,,,,
,,,115296,1,21,2023-09-21_20h38.43.603,flesh_expressibility_dutch,2022.2.4,Win32,59.88023952,,,,18.0,2.0,Nederlands,,,,,,"Engels, Duits",2.0,,0.0,,0.0,,0.0,,0.0,,0.0,,0.0,,0.0,NL,6.0,2.0,2.0,1.0,,sensorypref1,sensorypref2,1536.0,864.0,,,,1.0,[83.35270000001789],[83.35280000001192],,,,,,,,,,,,,,,,,,,,,,,,,,,,,,,,,,,,,,,,,,,,,,,,,,
,,,115296,1,21,2023-09-21_20h38.43.603,flesh_expressibility_dutch,2022.2.4,Win32,59.88023952,,,,18.0,2.0,Nederlands,,,,,,"Engels, Duits",2.0,,0.0,,0.0,,0.0,,0.0,,0.0,,0.0,,0.0,NL,6.0,2.0,2.0,1.0,,sensorypref1,sensorypref2,1536.0,864.0,,,,,,,,,,,,,,,,,,,,,,,,,,,,,,,,,,,,,,,,,,,,,,,,,,,,,,,,
,,,115296,1,21,2023-09-21_20h38.43.603,flesh_expressibility_dutch,2022.2.4,Win32,59.88023952,,,,18.0,2.0,Nederlands,,,,,,"Engels, Duits",2.0,,0.0,,0.0,,0.0,,0.0,,0.0,,0.0,,0.0,NL,6.0,2.0,2.0,1.0,,sensorypref1,sensorypref2,1536.0,864.0,,,,,,,1.0,[88.90990000000596],[88.90990000000596],1.0,[95.48529999998212],[95.48540000000595],1.0,[1.466099999994043],[1.466199999988092],0.861705073,5.3764,0.0,0.0,0.0,0.0,1.0,liefde,question_vocal.png,im_mouth.png,,,,,,,,,,,,,,,,,,,,,,,,,,,,,,,
,,,115296,1,21,2023-09-21_20h38.43.603,flesh_expressibility_dutch,2022.2.4,Win32,59.88023952,,,,18.0,2.0,Nederlands,,,,,,"Engels, Duits",2.0,,0.0,,0.0,,0.0,,0.0,,0.0,,0.0,,0.0,NL,6.0,2.0,2.0,1.0,,sensorypref1,sensorypref2,1536.0,864.0,,,,,,,,,,,,,2.0,"[1.466099999994043,1.2494000000059486]","[1.466199999988092,1.2494999999999976]",0.283626489,5.1007,0.0,1.0,1.0,1.0,1.0,moe,question_vocal.png,im_mouth.png,,,,,,,,,,,,,,,,,,,,,,,,,,,,,,,
,,,115296,1,21,2023-09-21_20h38.43.603,flesh_expressibility_dutch,2022.2.4,Win32,59.88023952,,,,18.0,2.0,Nederlands,,,,,,"Engels, Duits",2.0,,0.0,,0.0,,0.0,,0.0,,0.0,,0.0,,0.0,NL,6.0,2.0,2.0,1.0,,sensorypref1,sensorypref2,1536.0,864.0,,,,,,,2.0,"[88.90990000000596,115.76290000000597]","[88.90990000000596,115.76290000000597]",2.0,"[95.48529999998212,117.3575]","[95.48540000000595,117.3575]",3.0,"[1.466099999994043,1.2494000000059486,0.7660999999940543]","[1.466199999988092,1.2494999999999976,0.7661999999880891]",0.385385722,4.5474,0.0,0.0,0.0,1.0,1.0,auto,question_gesture.png,im_hand.png,,,,,,,,,,,,,,,,,,,,,,,,,,,,,,,
,,,115296,1,21,2023-09-21_20h38.43.603,flesh_expressibility_dutch,2022.2.4,Win32,59.88023952,,,,18.0,2.0,Nederlands,,,,,,"Engels, Duits",2.0,,0.0,,0.0,,0.0,,0.0,,0.0,,0.0,,0.0,NL,6.0,2.0,2.0,1.0,,sensorypref1,sensorypref2,1536.0,864.0,,,,,,,,,,,,,4.0,"[1.466099999994043,1.2494000000059486,0.7660999999940543,0.7495000000000118]","[1.466199999988092,1.2494999999999976,0.7661999999880891,0.7495000000000118]",0.619215123,2.9497,0.0,1.0,1.0,0.0,1.0,baby,question_gesture.png,im_hand.png,,,,,,,,,,,,,,,,,,,,,,,,,,,,,,,
,,,115296,1,21,2023-09-21_20h38.43.603,flesh_expressibility_dutch,2022.2.4,Win32,59.88023952,,,,18.0,2.0,Nederlands,,,,,,"Engels, Duits",2.0,,0.0,,0.0,,0.0,,0.0,,0.0,,0.0,,0.0,NL,6.0,2.0,2.0,1.0,,sensorypref1,sensorypref2,1536.0,864.0,,,,,,,3.0,"[88.90990000000596,115.76290000000597,134.00369999998804]","[88.90990000000596,115.76290000000597,134.00369999998804]",3.0,"[95.48529999998212,117.3575,135.432]","[95.48540000000595,117.3575,135.43209999999405]",5.0,"[1.466099999994043,1.2494000000059486,0.7660999999940543,0.7495000000000118,1.1997999999821332]","[1.466199999988092,1.2494999999999976,0.7661999999880891,0.7495000000000118,1.199899999976168]",0.872530513,3.7629,0.0,0.0,0.0,1.0,1.0,leeuw,question_multimodal.png,im_combination.png,,,,,,,,,,,,,,,,,,,,,,,,,,,,,,,
,,,115296,1,21,2023-09-21_20h38.43.603,flesh_expressibility_dutch,2022.2.4,Win32,59.88023952,,,,18.0,2.0,Nederlands,,,,,,"Engels, Duits",2.0,,0.0,,0.0,,0.0,,0.0,,0.0,,0.0,,0.0,NL,6.0,2.0,2.0,1.0,,sensorypref1,sensorypref2,1536.0,864.0,,,,,,,,,,,,,6.0,"[1.466099999994043,1.2494000000059486,0.7660999999940543,0.7495000000000118,1.1997999999821332,0.7824999999999989]","[1.466199999988092,1.2494999999999976,0.7661999999880891,0.7495000000000118,1.199899999976168,0.7825999999940336]",0.352909403,1.9531,0.0,1.0,1.0,0.0,1.0,koken,question_multimodal.png,im_combination.png,,,,,,,,,,,,,,,,,,,,,,,,,,,,,,,
,,,115296,1,21,2023-09-21_20h38.43.603,flesh_expressibility_dutch,2022.2.4,Win32,59.88023952,,,,18.0,2.0,Nederlands,,,,,,"Engels, Duits",2.0,,0.0,,0.0,,0.0,,0.0,,0.0,,0.0,,0.0,NL,6.0,2.0,2.0,1.0,,sensorypref1,sensorypref2,1536.0,864.0,,,,,,,,,,,,,,,,,,,,,,,,,,1.0,[147.489099999994],[147.48919999998805],,,,,,,,,,,,,,,,,,,,,,,,,,,,
,,,115296,1,21,2023-09-21_20h38.43.603,flesh_expressibility_dutch,2022.2.4,Win32,59.88023952,,,,18.0,2.0,Nederlands,,,,,,"Engels, Duits",2.0,,0.0,,0.0,,0.0,,0.0,,0.0,,0.0,,0.0,NL,6.0,2.0,2.0,1.0,,sensorypref1,sensorypref2,1536.0,864.0,,,,,,,,,,,,,,,,,,,,,,,,,,,,,,,,,,,,,,,,,,,,,,,,,,,,,,,,
,,,115296,1,21,2023-09-21_20h38.43.603,flesh_expressibility_dutch,2022.2.4,Win32,59.88023952,,,,18.0,2.0,Nederlands,,,,,,"Engels, Duits",2.0,,0.0,,0.0,,0.0,,0.0,,0.0,,0.0,,0.0,NL,6.0,2.0,2.0,1.0,,sensorypref1,sensorypref2,1536.0,864.0,,,,,,,,,,,,,,,,,,,,,,,,,,,,,1.0,[151.7228000000119],[151.72299999999998],1.0,[153.03640000000595],[153.03659999999402],17.0,154.4277,1.0,[0.8854000000059727],[0.8854000000059727],-0.305277369,4.8923,0.0,0.0,0.0,34.0,1.0,vergeten,gvergeten,question_gesture.png,im_hand.png,,,,,,
,,,115296,1,21,2023-09-21_20h38.43.603,flesh_expressibility_dutch,2022.2.4,Win32,59.88023952,,,,18.0,2.0,Nederlands,,,,,,"Engels, Duits",2.0,,0.0,,0.0,,0.0,,0.0,,0.0,,0.0,,0.0,NL,6.0,2.0,2.0,1.0,,sensorypref1,sensorypref2,1536.0,864.0,,,,,,,,,,,,,,,,,,,,,,,,,,,,,,,,,,,13.0,160.2832,2.0,"[0.8854000000059727,0.9664999999999964]","[0.8854000000059727,0.9665999999940595]",0.381055447,6.4486,0.0,1.0,1.0,183.0,1.0,jij,gjij,question_gesture.png,im_hand.png,,,,,,
,,,115296,1,21,2023-09-21_20h38.43.603,flesh_expressibility_dutch,2022.2.4,Win32,59.88023952,,,,18.0,2.0,Nederlands,,,,,,"Engels, Duits",2.0,,0.0,,0.0,,0.0,,0.0,,0.0,,0.0,,0.0,NL,6.0,2.0,2.0,1.0,,sensorypref1,sensorypref2,1536.0,864.0,,,,,,,,,,,,,,,,,,,,,,,,,,,,,,,,,,,15.0,167.6782,3.0,"[0.8854000000059727,0.9664999999999964,0.8828000000119403]","[0.8854000000059727,0.9665999999940595,0.8828000000119403]",0.612719958,6.8316,0.0,2.0,2.0,53.0,1.0,gooien,ggooien,question_gesture.png,im_hand.png,,,,,,
,,,115296,1,21,2023-09-21_20h38.43.603,flesh_expressibility_dutch,2022.2.4,Win32,59.88023952,,,,18.0,2.0,Nederlands,,,,,,"Engels, Duits",2.0,,0.0,,0.0,,0.0,,0.0,,0.0,,0.0,,0.0,NL,6.0,2.0,2.0,1.0,,sensorypref1,sensorypref2,1536.0,864.0,,,,,,,,,,,,,,,,,,,,,,,,,,,,,,,,,,,22.0,175.4123,3.0,"[0.8854000000059727,0.9664999999999964,0.8828000000119403]","[0.8854000000059727,0.9665999999940595,0.8828000000119403]",,,0.0,3.0,3.0,21.0,1.0,heden,gheden,question_gesture.png,im_hand.png,,,,,,
,,,115296,1,21,2023-09-21_20h38.43.603,flesh_expressibility_dutch,2022.2.4,Win32,59.88023952,,,,18.0,2.0,Nederlands,,,,,,"Engels, Duits",2.0,,0.0,,0.0,,0.0,,0.0,,0.0,,0.0,,0.0,NL,6.0,2.0,2.0,1.0,,sensorypref1,sensorypref2,1536.0,864.0,,,,,,,,,,,,,,,,,,,,,,,,,,,,,,,,,,,14.0,176.409,4.0,"[0.8854000000059727,0.9664999999999964,0.8828000000119403,0.8334000000059518]","[0.8854000000059727,0.9665999999940595,0.8828000000119403,0.8334999999999866]",0.090933793,4.3687,0.0,4.0,4.0,154.0,1.0,zeggen,gzeggen,question_gesture.png,im_hand.png,,,,,,
,,,115296,1,21,2023-09-21_20h38.43.603,flesh_expressibility_dutch,2022.2.4,Win32,59.88023952,,,,18.0,2.0,Nederlands,,,,,,"Engels, Duits",2.0,,0.0,,0.0,,0.0,,0.0,,0.0,,0.0,,0.0,NL,6.0,2.0,2.0,1.0,,sensorypref1,sensorypref2,1536.0,864.0,,,,,,,,,,,,,,,,,,,,,,,,,,,,,,,,,,,20.0,181.4242,5.0,"[0.8854000000059727,0.9664999999999964,0.8828000000119403,0.8334000000059518,0.7996999999880643]","[0.8854000000059727,0.9665999999940595,0.8828000000119403,0.8334999999999866,0.7996999999880643]",-0.292286874,3.9907,0.0,5.0,5.0,67.0,1.0,ruw,gruw,question_gesture.png,im_hand.png,,,,,,
,,,115296,1,21,2023-09-21_20h38.43.603,flesh_expressibility_dutch,2022.2.4,Win32,59.88023952,,,,18.0,2.0,Nederlands,,,,,,"Engels, Duits",2.0,,0.0,,0.0,,0.0,,0.0,,0.0,,0.0,,0.0,NL,6.0,2.0,2.0,1.0,,sensorypref1,sensorypref2,1536.0,864.0,,,,,,,,,,,,,,,,,,,,,,,,,,,,,,,,,,,21.0,186.2567,6.0,"[0.8854000000059727,0.9664999999999964,0.8828000000119403,0.8334000000059518,0.7996999999880643,2.582099999994057]","[0.8854000000059727,0.9665999999940595,0.8828000000119403,0.8334999999999866,0.7996999999880643,2.582099999994057]",-0.926657629,5.0167,0.0,6.0,6.0,180.0,1.0,het,ghet,question_gesture.png,im_hand.png,,,,,,
,,,115296,1,21,2023-09-21_20h38.43.603,flesh_expressibility_dutch,2022.2.4,Win32,59.88023952,,,,18.0,2.0,Nederlands,,,,,,"Engels, Duits",2.0,,0.0,,0.0,,0.0,,0.0,,0.0,,0.0,,0.0,NL,6.0,2.0,2.0,1.0,,sensorypref1,sensorypref2,1536.0,864.0,,,,,,,,,,,,,,,,,,,,,,,,,,,,,,,,,,,10.0,193.8443,7.0,"[0.8854000000059727,0.9664999999999964,0.8828000000119403,0.8334000000059518,0.7996999999880643,2.582099999994057,2.9989000000059605]","[0.8854000000059727,0.9665999999940595,0.8828000000119403,0.8334999999999866,0.7996999999880643,2.582099999994057,2.9989000000059605]",-0.01082544,5.1777,0.0,7.0,7.0,194.0,1.0,touw,gtouw,question_gesture.png,im_hand.png,,,,,,
,,,115296,1,21,2023-09-21_20h38.43.603,flesh_expressibility_dutch,2022.2.4,Win32,59.88023952,,,,18.0,2.0,Nederlands,,,,,,"Engels, Duits",2.0,,0.0,,0.0,,0.0,,0.0,,0.0,,0.0,,0.0,NL,6.0,2.0,2.0,1.0,,sensorypref1,sensorypref2,1536.0,864.0,,,,,,,,,,,,,,,,,,,,,,,,,,,,,,,,,,,22.0,199.7685,7.0,"[0.8854000000059727,0.9664999999999964,0.8828000000119403,0.8334000000059518,0.7996999999880643,2.582099999994057,2.9989000000059605]","[0.8854000000059727,0.9665999999940595,0.8828000000119403,0.8334999999999866,0.7996999999880643,2.582099999994057,2.9989000000059605]",,,0.0,8.0,8.0,107.0,1.0,mond,gmond,question_gesture.png,im_hand.png,,,,,,
,,,115296,1,21,2023-09-21_20h38.43.603,flesh_expressibility_dutch,2022.2.4,Win32,59.88023952,,,,18.0,2.0,Nederlands,,,,,,"Engels, Duits",2.0,,0.0,,0.0,,0.0,,0.0,,0.0,,0.0,,0.0,NL,6.0,2.0,2.0,1.0,,sensorypref1,sensorypref2,1536.0,864.0,,,,,,,,,,,,,,,,,,,,,,,,,,,,,,,,,,,22.0,200.7424,7.0,"[0.8854000000059727,0.9664999999999964,0.8828000000119403,0.8334000000059518,0.7996999999880643,2.582099999994057,2.9989000000059605]","[0.8854000000059727,0.9665999999940595,0.8828000000119403,0.8334999999999866,0.7996999999880643,2.582099999994057,2.9989000000059605]",,,0.0,9.0,9.0,10.0,1.0,strak,gstrak,question_gesture.png,im_hand.png,,,,,,
,,,115296,1,21,2023-09-21_20h38.43.603,flesh_expressibility_dutch,2022.2.4,Win32,59.88023952,,,,18.0,2.0,Nederlands,,,,,,"Engels, Duits",2.0,,0.0,,0.0,,0.0,,0.0,,0.0,,0.0,,0.0,NL,6.0,2.0,2.0,1.0,,sensorypref1,sensorypref2,1536.0,864.0,,,,,,,,,,,,,,,,,,,,,,,,,,,,,,,,,,,21.0,201.8556,8.0,"[0.8854000000059727,0.9664999999999964,0.8828000000119403,0.8334000000059518,0.7996999999880643,2.582099999994057,2.9989000000059605,0.6830999999940559]","[0.8854000000059727,0.9665999999940595,0.8828000000119403,0.8334999999999866,0.7996999999880643,2.582099999994057,2.9989000000059605,0.6831999999880907]",0.500135285,3.3247,0.0,10.0,10.0,52.0,1.0,vangen,gvangen,question_gesture.png,im_hand.png,,,,,,
,,,115296,1,21,2023-09-21_20h38.43.603,flesh_expressibility_dutch,2022.2.4,Win32,59.88023952,,,,18.0,2.0,Nederlands,,,,,,"Engels, Duits",2.0,,0.0,,0.0,,0.0,,0.0,,0.0,,0.0,,0.0,NL,6.0,2.0,2.0,1.0,,sensorypref1,sensorypref2,1536.0,864.0,,,,,,,,,,,,,,,,,,,,,,,,,,,,,,,,,,,18.0,205.5576,9.0,"[0.8854000000059727,0.9664999999999964,0.8828000000119403,0.8334000000059518,0.7996999999880643,2.582099999994057,2.9989000000059605,0.6830999999940559,0.9659000000059734]","[0.8854000000059727,0.9665999999940595,0.8828000000119403,0.8334999999999866,0.7996999999880643,2.582099999994057,2.9989000000059605,0.6831999999880907,0.9660000000000082]",0.279296379,3.7758,0.0,11.0,11.0,16.0,1.0,alles,galles,question_gesture.png,im_hand.png,,,,,,
,,,115296,1,21,2023-09-21_20h38.43.603,flesh_expressibility_dutch,2022.2.4,Win32,59.88023952,,,,18.0,2.0,Nederlands,,,,,,"Engels, Duits",2.0,,0.0,,0.0,,0.0,,0.0,,0.0,,0.0,,0.0,NL,6.0,2.0,2.0,1.0,,sensorypref1,sensorypref2,1536.0,864.0,,,,,,,,,,,,,,,,,,,,,,,,,,,,,,,,,,,22.0,210.34,9.0,"[0.8854000000059727,0.9664999999999964,0.8828000000119403,0.8334000000059518,0.7996999999880643,2.582099999994057,2.9989000000059605,0.6830999999940559,0.9659000000059734]","[0.8854000000059727,0.9665999999940595,0.8828000000119403,0.8334999999999866,0.7996999999880643,2.582099999994057,2.9989000000059605,0.6831999999880907,0.9660000000000082]",,,0.0,12.0,12.0,203.0,1.0,kat,gkat,question_gesture.png,im_hand.png,,,,,,
,,,115296,1,21,2023-09-21_20h38.43.603,flesh_expressibility_dutch,2022.2.4,Win32,59.88023952,,,,18.0,2.0,Nederlands,,,,,,"Engels, Duits",2.0,,0.0,,0.0,,0.0,,0.0,,0.0,,0.0,,0.0,NL,6.0,2.0,2.0,1.0,,sensorypref1,sensorypref2,1536.0,864.0,,,,,,,,,,,,,,,,,,,,,,,,,,,,,,,,,,,22.0,211.3505,9.0,"[0.8854000000059727,0.9664999999999964,0.8828000000119403,0.8334000000059518,0.7996999999880643,2.582099999994057,2.9989000000059605,0.6830999999940559,0.9659000000059734]","[0.8854000000059727,0.9665999999940595,0.8828000000119403,0.8334999999999866,0.7996999999880643,2.582099999994057,2.9989000000059605,0.6831999999880907,0.9660000000000082]",,,0.0,13.0,13.0,111.0,1.0,rug,grug,question_gesture.png,im_hand.png,,,,,,
,,,115296,1,21,2023-09-21_20h38.43.603,flesh_expressibility_dutch,2022.2.4,Win32,59.88023952,,,,18.0,2.0,Nederlands,,,,,,"Engels, Duits",2.0,,0.0,,0.0,,0.0,,0.0,,0.0,,0.0,,0.0,NL,6.0,2.0,2.0,1.0,,sensorypref1,sensorypref2,1536.0,864.0,,,,,,,,,,,,,,,,,,,,,,,,,,,,,,,,,,,22.0,212.3973,9.0,"[0.8854000000059727,0.9664999999999964,0.8828000000119403,0.8334000000059518,0.7996999999880643,2.582099999994057,2.9989000000059605,0.6830999999940559,0.9659000000059734]","[0.8854000000059727,0.9665999999940595,0.8828000000119403,0.8334999999999866,0.7996999999880643,2.582099999994057,2.9989000000059605,0.6831999999880907,0.9660000000000082]",,,0.0,14.0,14.0,127.0,1.0,vleugel,gvleugel,question_gesture.png,im_hand.png,,,,,,
,,,115296,1,21,2023-09-21_20h38.43.603,flesh_expressibility_dutch,2022.2.4,Win32,59.88023952,,,,18.0,2.0,Nederlands,,,,,,"Engels, Duits",2.0,,0.0,,0.0,,0.0,,0.0,,0.0,,0.0,,0.0,NL,6.0,2.0,2.0,1.0,,sensorypref1,sensorypref2,1536.0,864.0,,,,,,,,,,,,,,,,,,,,,,,,,,,,,,,,,,,14.0,213.3613,10.0,"[0.8854000000059727,0.9664999999999964,0.8828000000119403,0.8334000000059518,0.7996999999880643,2.582099999994057,2.9989000000059605,0.6830999999940559,0.9659000000059734,1.2824999999999989]","[0.8854000000059727,0.9665999999940595,0.8828000000119403,0.8334999999999866,0.7996999999880643,2.582099999994057,2.9989000000059605,0.6831999999880907,0.9660000000000082,1.282599999994062]",0.422192152,6.6396,0.0,15.0,15.0,108.0,1.0,neus,gneus,question_gesture.png,im_hand.png,,,,,,
,,,115296,1,21,2023-09-21_20h38.43.603,flesh_expressibility_dutch,2022.2.4,Win32,59.88023952,,,,18.0,2.0,Nederlands,,,,,,"Engels, Duits",2.0,,0.0,,0.0,,0.0,,0.0,,0.0,,0.0,,0.0,NL,6.0,2.0,2.0,1.0,,sensorypref1,sensorypref2,1536.0,864.0,,,,,,,,,,,,,,,,,,,,,,,,,,,,,,,,,,,16.0,221.2088,11.0,"[0.8854000000059727,0.9664999999999964,0.8828000000119403,0.8334000000059518,0.7996999999880643,2.582099999994057,2.9989000000059605,0.6830999999940559,0.9659000000059734,1.2824999999999989,0.8494000000059714]","[0.8854000000059727,0.9665999999940595,0.8828000000119403,0.8334999999999866,0.7996999999880643,2.582099999994057,2.9989000000059605,0.6831999999880907,0.9660000000000082,1.282599999994062,0.8495000000000061]",0.935317931,4.1039,0.0,16.0,16.0,89.0,1.0,jagen,gjagen,question_gesture.png,im_hand.png,,,,,,
,,,115296,1,21,2023-09-21_20h38.43.603,flesh_expressibility_dutch,2022.2.4,Win32,59.88023952,,,,18.0,2.0,Nederlands,,,,,,"Engels, Duits",2.0,,0.0,,0.0,,0.0,,0.0,,0.0,,0.0,,0.0,NL,6.0,2.0,2.0,1.0,,sensorypref1,sensorypref2,1536.0,864.0,,,,,,,,,,,,,,,,,,,,,,,,,,,,,,,,,,,21.0,226.1422,12.0,"[0.8854000000059727,0.9664999999999964,0.8828000000119403,0.8334000000059518,0.7996999999880643,2.582099999994057,2.9989000000059605,0.6830999999940559,0.9659000000059734,1.2824999999999989,0.8494000000059714,0.7496999999880813]","[0.8854000000059727,0.9665999999940595,0.8828000000119403,0.8334999999999866,0.7996999999880643,2.582099999994057,2.9989000000059605,0.6831999999880907,0.9660000000000082,1.282599999994062,0.8495000000000061,0.7497999999821161]",0.513125945,2.9619,0.0,17.0,17.0,141.0,1.0,dragen,gdragen,question_gesture.png,im_hand.png,,,,,,
,,,115296,1,21,2023-09-21_20h38.43.603,flesh_expressibility_dutch,2022.2.4,Win32,59.88023952,,,,18.0,2.0,Nederlands,,,,,,"Engels, Duits",2.0,,0.0,,0.0,,0.0,,0.0,,0.0,,0.0,,0.0,NL,6.0,2.0,2.0,1.0,,sensorypref1,sensorypref2,1536.0,864.0,,,,,,,,,,,,,,,,,,,,,,,,,,,,,,,,,,,13.0,229.8496,13.0,"[0.8854000000059727,0.9664999999999964,0.8828000000119403,0.8334000000059518,0.7996999999880643,2.582099999994057,2.9989000000059605,0.6830999999940559,0.9659000000059734,1.2824999999999989,0.8494000000059714,0.7496999999880813,0.9164000000059502]","[0.8854000000059727,0.9665999999940595,0.8828000000119403,0.8334999999999866,0.7996999999880643,2.582099999994057,2.9989000000059605,0.6831999999880907,0.9660000000000082,1.282599999994062,0.8495000000000061,0.7497999999821161,0.916499999999985]",0.99161035,3.1528,0.0,18.0,18.0,51.0,1.0,lopen,glopen,question_gesture.png,im_hand.png,,,,,,
,,,115296,1,21,2023-09-21_20h38.43.603,flesh_expressibility_dutch,2022.2.4,Win32,59.88023952,,,,18.0,2.0,Nederlands,,,,,,"Engels, Duits",2.0,,0.0,,0.0,,0.0,,0.0,,0.0,,0.0,,0.0,NL,6.0,2.0,2.0,1.0,,sensorypref1,sensorypref2,1536.0,864.0,,,,,,,,,,,,,,,,,,,,,,,,,,,,,,,,,,,19.0,234.0148,14.0,"[0.8854000000059727,0.9664999999999964,0.8828000000119403,0.8334000000059518,0.7996999999880643,2.582099999994057,2.9989000000059605,0.6830999999940559,0.9659000000059734,1.2824999999999989,0.8494000000059714,0.7496999999880813,0.9164000000059502,0.9164000000059502]","[0.8854000000059727,0.9665999999940595,0.8828000000119403,0.8334999999999866,0.7996999999880643,2.582099999994057,2.9989000000059605,0.6831999999880907,0.9660000000000082,1.282599999994062,0.8495000000000061,0.7497999999821161,0.916499999999985,0.916499999999985]",0.147226047,2.7491,0.0,19.0,19.0,68.0,1.0,scherp,gscherp,question_gesture.png,im_hand.png,,,,,,
,,,115296,1,21,2023-09-21_20h38.43.603,flesh_expressibility_dutch,2022.2.4,Win32,59.88023952,,,,18.0,2.0,Nederlands,,,,,,"Engels, Duits",2.0,,0.0,,0.0,,0.0,,0.0,,0.0,,0.0,,0.0,NL,6.0,2.0,2.0,1.0,,sensorypref1,sensorypref2,1536.0,864.0,,,,,,,,,,,,,,,,,,,,,,,,,,,,,,,,,,,20.0,237.6029,15.0,"[0.8854000000059727,0.9664999999999964,0.8828000000119403,0.8334000000059518,0.7996999999880643,2.582099999994057,2.9989000000059605,0.6830999999940559,0.9659000000059734,1.2824999999999989,0.8494000000059714,0.7496999999880813,0.9164000000059502,0.9164000000059502,1.2325999999940507]","[0.8854000000059727,0.9665999999940595,0.8828000000119403,0.8334999999999866,0.7996999999880643,2.582099999994057,2.9989000000059605,0.6831999999880907,0.9660000000000082,1.282599999994062,0.8495000000000061,0.7497999999821161,0.916499999999985,0.916499999999985,1.2325999999940507]",0.223004126,2.9758,0.0,20.0,20.0,135.0,1.0,wind,gwind,question_gesture.png,im_hand.png,,,,,,
,,,115296,1,21,2023-09-21_20h38.43.603,flesh_expressibility_dutch,2022.2.4,Win32,59.88023952,,,,18.0,2.0,Nederlands,,,,,,"Engels, Duits",2.0,,0.0,,0.0,,0.0,,0.0,,0.0,,0.0,,0.0,NL,6.0,2.0,2.0,1.0,,sensorypref1,sensorypref2,1536.0,864.0,,,,,,,,,,,,,,,,,,,,,,,,,,,,,,,,,,,19.0,241.8282,16.0,"[0.8854000000059727,0.9664999999999964,0.8828000000119403,0.8334000000059518,0.7996999999880643,2.582099999994057,2.9989000000059605,0.6830999999940559,0.9659000000059734,1.2824999999999989,0.8494000000059714,0.7496999999880813,0.9164000000059502,0.9164000000059502,1.2325999999940507,0.9164000000059502]","[0.8854000000059727,0.9665999999940595,0.8828000000119403,0.8334999999999866,0.7996999999880643,2.582099999994057,2.9989000000059605,0.6831999999880907,0.9660000000000082,1.282599999994062,0.8495000000000061,0.7497999999821161,0.916499999999985,0.916499999999985,1.2325999999940507,0.9164000000059502]",0.98944513,3.4376,0.0,21.0,21.0,87.0,1.0,vechten,gvechten,question_gesture.png,im_hand.png,,,,,,
,,,115296,1,21,2023-09-21_20h38.43.603,flesh_expressibility_dutch,2022.2.4,Win32,59.88023952,,,,18.0,2.0,Nederlands,,,,,,"Engels, Duits",2.0,,0.0,,0.0,,0.0,,0.0,,0.0,,0.0,,0.0,NL,6.0,2.0,2.0,1.0,,sensorypref1,sensorypref2,1536.0,864.0,,,,,,,,,,,,,,,,,,,,,,,,,,,,,,,,,,,22.0,246.1804,16.0,"[0.8854000000059727,0.9664999999999964,0.8828000000119403,0.8334000000059518,0.7996999999880643,2.582099999994057,2.9989000000059605,0.6830999999940559,0.9659000000059734,1.2824999999999989,0.8494000000059714,0.7496999999880813,0.9164000000059502,0.9164000000059502,1.2325999999940507,0.9164000000059502]","[0.8854000000059727,0.9665999999940595,0.8828000000119403,0.8334999999999866,0.7996999999880643,2.582099999994057,2.9989000000059605,0.6831999999880907,0.9660000000000082,1.282599999994062,0.8495000000000061,0.7497999999821161,0.916499999999985,0.916499999999985,1.2325999999940507,0.9164000000059502]",,,0.0,22.0,22.0,122.0,1.0,lever,glever,question_gesture.png,im_hand.png,,,,,,
,,,115296,1,21,2023-09-21_20h38.43.603,flesh_expressibility_dutch,2022.2.4,Win32,59.88023952,,,,18.0,2.0,Nederlands,,,,,,"Engels, Duits",2.0,,0.0,,0.0,,0.0,,0.0,,0.0,,0.0,,0.0,NL,6.0,2.0,2.0,1.0,,sensorypref1,sensorypref2,1536.0,864.0,,,,,,,,,,,,,,,,,,,,,,,,,,,,,,,,,,,22.0,247.2113,16.0,"[0.8854000000059727,0.9664999999999964,0.8828000000119403,0.8334000000059518,0.7996999999880643,2.582099999994057,2.9989000000059605,0.6830999999940559,0.9659000000059734,1.2824999999999989,0.8494000000059714,0.7496999999880813,0.9164000000059502,0.9164000000059502,1.2325999999940507,0.9164000000059502]","[0.8854000000059727,0.9665999999940595,0.8828000000119403,0.8334999999999866,0.7996999999880643,2.582099999994057,2.9989000000059605,0.6831999999880907,0.9660000000000082,1.282599999994062,0.8495000000000061,0.7497999999821161,0.916499999999985,0.916499999999985,1.2325999999940507,0.9164000000059502]",,,0.0,23.0,23.0,95.0,1.0,niet,gniet,question_gesture.png,im_hand.png,,,,,,
,,,115296,1,21,2023-09-21_20h38.43.603,flesh_expressibility_dutch,2022.2.4,Win32,59.88023952,,,,18.0,2.0,Nederlands,,,,,,"Engels, Duits",2.0,,0.0,,0.0,,0.0,,0.0,,0.0,,0.0,,0.0,NL,6.0,2.0,2.0,1.0,,sensorypref1,sensorypref2,1536.0,864.0,,,,,,,,,,,,,,,,,,,,,,,,,,,,,,,,,,,21.0,248.1782,17.0,"[0.8854000000059727,0.9664999999999964,0.8828000000119403,0.8334000000059518,0.7996999999880643,2.582099999994057,2.9989000000059605,0.6830999999940559,0.9659000000059734,1.2824999999999989,0.8494000000059714,0.7496999999880813,0.9164000000059502,0.9164000000059502,1.2325999999940507,0.9164000000059502,0.9495999999940636]","[0.8854000000059727,0.9665999999940595,0.8828000000119403,0.8334999999999866,0.7996999999880643,2.582099999994057,2.9989000000059605,0.6831999999880907,0.9660000000000082,1.282599999994062,0.8495000000000061,0.7497999999821161,0.916499999999985,0.916499999999985,1.2325999999940507,0.9164000000059502,0.9498000000119191]",0.324763194,3.1536,0.0,24.0,24.0,106.0,1.0,hand,ghand,question_gesture.png,im_hand.png,,,,,,
,,,115296,1,21,2023-09-21_20h38.43.603,flesh_expressibility_dutch,2022.2.4,Win32,59.88023952,,,,18.0,2.0,Nederlands,,,,,,"Engels, Duits",2.0,,0.0,,0.0,,0.0,,0.0,,0.0,,0.0,,0.0,NL,6.0,2.0,2.0,1.0,,sensorypref1,sensorypref2,1536.0,864.0,,,,,,,,,,,,,,,,,,,,,,,,,,,,,,,,,,,22.0,252.1659,17.0,"[0.8854000000059727,0.9664999999999964,0.8828000000119403,0.8334000000059518,0.7996999999880643,2.582099999994057,2.9989000000059605,0.6830999999940559,0.9659000000059734,1.2824999999999989,0.8494000000059714,0.7496999999880813,0.9164000000059502,0.9164000000059502,1.2325999999940507,0.9164000000059502,0.9495999999940636]","[0.8854000000059727,0.9665999999940595,0.8828000000119403,0.8334999999999866,0.7996999999880643,2.582099999994057,2.9989000000059605,0.6831999999880907,0.9660000000000082,1.282599999994062,0.8495000000000061,0.7497999999821161,0.916499999999985,0.916499999999985,1.2325999999940507,0.9164000000059502,0.9498000000119191]",,,0.0,25.0,25.0,150.0,1.0,huilen,ghuilen,question_gesture.png,im_hand.png,,,,,,
,,,115296,1,21,2023-09-21_20h38.43.603,flesh_expressibility_dutch,2022.2.4,Win32,59.88023952,,,,18.0,2.0,Nederlands,,,,,,"Engels, Duits",2.0,,0.0,,0.0,,0.0,,0.0,,0.0,,0.0,,0.0,NL,6.0,2.0,2.0,1.0,,sensorypref1,sensorypref2,1536.0,864.0,,,,,,,,,,,,,,,,,,,,,,,,,,,,,,,,,,,16.0,253.1773,18.0,"[0.8854000000059727,0.9664999999999964,0.8828000000119403,0.8334000000059518,0.7996999999880643,2.582099999994057,2.9989000000059605,0.6830999999940559,0.9659000000059734,1.2824999999999989,0.8494000000059714,0.7496999999880813,0.9164000000059502,0.9164000000059502,1.2325999999940507,0.9164000000059502,0.9495999999940636,0.9493000000118741]","[0.8854000000059727,0.9665999999940595,0.8828000000119403,0.8334999999999866,0.7996999999880643,2.582099999994057,2.9989000000059605,0.6831999999880907,0.9660000000000082,1.282599999994062,0.8495000000000061,0.7497999999821161,0.916499999999985,0.916499999999985,1.2325999999940507,0.9164000000059502,0.9498000000119191,0.9494000000059373]",-0.26197561,3.1612,0.0,26.0,26.0,138.0,1.0,gaan,ggaan,question_gesture.png,im_hand.png,,,,,,
,,,115296,1,21,2023-09-21_20h38.43.603,flesh_expressibility_dutch,2022.2.4,Win32,59.88023952,,,,18.0,2.0,Nederlands,,,,,,"Engels, Duits",2.0,,0.0,,0.0,,0.0,,0.0,,0.0,,0.0,,0.0,NL,6.0,2.0,2.0,1.0,,sensorypref1,sensorypref2,1536.0,864.0,,,,,,,,,,,,,,,,,,,,,,,,,,,,,,,,,,,22.0,257.179,18.0,"[0.8854000000059727,0.9664999999999964,0.8828000000119403,0.8334000000059518,0.7996999999880643,2.582099999994057,2.9989000000059605,0.6830999999940559,0.9659000000059734,1.2824999999999989,0.8494000000059714,0.7496999999880813,0.9164000000059502,0.9164000000059502,1.2325999999940507,0.9164000000059502,0.9495999999940636,0.9493000000118741]","[0.8854000000059727,0.9665999999940595,0.8828000000119403,0.8334999999999866,0.7996999999880643,2.582099999994057,2.9989000000059605,0.6831999999880907,0.9660000000000082,1.282599999994062,0.8495000000000061,0.7497999999821161,0.916499999999985,0.916499999999985,1.2325999999940507,0.9164000000059502,0.9498000000119191,0.9494000000059373]",,,0.0,27.0,27.0,66.0,1.0,"bot (kenmerk, niet lichaam)","gbot (kenmerk, niet lichaam)",question_gesture.png,im_hand.png,,,,,,
,,,115296,1,21,2023-09-21_20h38.43.603,flesh_expressibility_dutch,2022.2.4,Win32,59.88023952,,,,18.0,2.0,Nederlands,,,,,,"Engels, Duits",2.0,,0.0,,0.0,,0.0,,0.0,,0.0,,0.0,,0.0,NL,6.0,2.0,2.0,1.0,,sensorypref1,sensorypref2,1536.0,864.0,,,,,,,,,,,,,,,,,,,,,,,,,,,,,,,,,,,22.0,258.103,18.0,"[0.8854000000059727,0.9664999999999964,0.8828000000119403,0.8334000000059518,0.7996999999880643,2.582099999994057,2.9989000000059605,0.6830999999940559,0.9659000000059734,1.2824999999999989,0.8494000000059714,0.7496999999880813,0.9164000000059502,0.9164000000059502,1.2325999999940507,0.9164000000059502,0.9495999999940636,0.9493000000118741]","[0.8854000000059727,0.9665999999940595,0.8828000000119403,0.8334999999999866,0.7996999999880643,2.582099999994057,2.9989000000059605,0.6831999999880907,0.9660000000000082,1.282599999994062,0.8495000000000061,0.7497999999821161,0.916499999999985,0.916499999999985,1.2325999999940507,0.9164000000059502,0.9498000000119191,0.9494000000059373]",,,0.0,28.0,28.0,157.0,1.0,wortel,gwortel,question_gesture.png,im_hand.png,,,,,,
,,,115296,1,21,2023-09-21_20h38.43.603,flesh_expressibility_dutch,2022.2.4,Win32,59.88023952,,,,18.0,2.0,Nederlands,,,,,,"Engels, Duits",2.0,,0.0,,0.0,,0.0,,0.0,,0.0,,0.0,,0.0,NL,6.0,2.0,2.0,1.0,,sensorypref1,sensorypref2,1536.0,864.0,,,,,,,,,,,,,,,,,,,,,,,,,,,,,,,,,,,21.0,259.1562,19.0,"[0.8854000000059727,0.9664999999999964,0.8828000000119403,0.8334000000059518,0.7996999999880643,2.582099999994057,2.9989000000059605,0.6830999999940559,0.9659000000059734,1.2824999999999989,0.8494000000059714,0.7496999999880813,0.9164000000059502,0.9164000000059502,1.2325999999940507,0.9164000000059502,0.9495999999940636,0.9493000000118741,1.0329000000059523]","[0.8854000000059727,0.9665999999940595,0.8828000000119403,0.8334999999999866,0.7996999999880643,2.582099999994057,2.9989000000059605,0.6831999999880907,0.9660000000000082,1.282599999994062,0.8495000000000061,0.7497999999821161,0.916499999999985,0.916499999999985,1.2325999999940507,0.9164000000059502,0.9498000000119191,0.9494000000059373,1.0330000000000155]",-0.751285537,2.8252,0.0,29.0,29.0,17.0,1.0,verschillend,gverschillend,question_gesture.png,im_hand.png,,,,,,
,,,115296,1,21,2023-09-21_20h38.43.603,flesh_expressibility_dutch,2022.2.4,Win32,59.88023952,,,,18.0,2.0,Nederlands,,,,,,"Engels, Duits",2.0,,0.0,,0.0,,0.0,,0.0,,0.0,,0.0,,0.0,NL,6.0,2.0,2.0,1.0,,sensorypref1,sensorypref2,1536.0,864.0,,,,,,,,,,,,,,,,,,,,,,,,,,,,,,,,,,,22.0,262.793,19.0,"[0.8854000000059727,0.9664999999999964,0.8828000000119403,0.8334000000059518,0.7996999999880643,2.582099999994057,2.9989000000059605,0.6830999999940559,0.9659000000059734,1.2824999999999989,0.8494000000059714,0.7496999999880813,0.9164000000059502,0.9164000000059502,1.2325999999940507,0.9164000000059502,0.9495999999940636,0.9493000000118741,1.0329000000059523]","[0.8854000000059727,0.9665999999940595,0.8828000000119403,0.8334999999999866,0.7996999999880643,2.582099999994057,2.9989000000059605,0.6831999999880907,0.9660000000000082,1.282599999994062,0.8495000000000061,0.7497999999821161,0.916499999999985,0.916499999999985,1.2325999999940507,0.9164000000059502,0.9498000000119191,0.9494000000059373,1.0330000000000155]",,,0.0,30.0,30.0,5.0,1.0,honing,ghoning,question_gesture.png,im_hand.png,,,,,,
,,,115296,1,21,2023-09-21_20h38.43.603,flesh_expressibility_dutch,2022.2.4,Win32,59.88023952,,,,18.0,2.0,Nederlands,,,,,,"Engels, Duits",2.0,,0.0,,0.0,,0.0,,0.0,,0.0,,0.0,,0.0,NL,6.0,2.0,2.0,1.0,,sensorypref1,sensorypref2,1536.0,864.0,,,,,,,,,,,,,,,,,,,,,,,,,,,,,,,,,,,18.0,263.8005,20.0,"[0.8854000000059727,0.9664999999999964,0.8828000000119403,0.8334000000059518,0.7996999999880643,2.582099999994057,2.9989000000059605,0.6830999999940559,0.9659000000059734,1.2824999999999989,0.8494000000059714,0.7496999999880813,0.9164000000059502,0.9164000000059502,1.2325999999940507,0.9164000000059502,0.9495999999940636,0.9493000000118741,1.0329000000059523,0.9334000000059746]","[0.8854000000059727,0.9665999999940595,0.8828000000119403,0.8334999999999866,0.7996999999880643,2.582099999994057,2.9989000000059605,0.6831999999880907,0.9660000000000082,1.282599999994062,0.8495000000000061,0.7497999999821161,0.916499999999985,0.916499999999985,1.2325999999940507,0.9164000000059502,0.9498000000119191,0.9494000000059373,1.0330000000000155,0.9334000000059746]",-0.025980989,5.1668,0.0,31.0,31.0,165.0,1.0,hard,ghard,question_gesture.png,im_hand.png,,,,,,
,,,115296,1,21,2023-09-21_20h38.43.603,flesh_expressibility_dutch,2022.2.4,Win32,59.88023952,,,,18.0,2.0,Nederlands,,,,,,"Engels, Duits",2.0,,0.0,,0.0,,0.0,,0.0,,0.0,,0.0,,0.0,NL,6.0,2.0,2.0,1.0,,sensorypref1,sensorypref2,1536.0,864.0,,,,,,,,,,,,,,,,,,,,,,,,,,,,,2.0,"[151.7228000000119,277.47730000001195]","[151.72299999999998,277.47730000001195]",2.0,"[153.03640000000595,280.82219999998813]","[153.03659999999402,280.82219999998813]",22.0,282.2377,20.0,"[0.8854000000059727,0.9664999999999964,0.8828000000119403,0.8334000000059518,0.7996999999880643,2.582099999994057,2.9989000000059605,0.6830999999940559,0.9659000000059734,1.2824999999999989,0.8494000000059714,0.7496999999880813,0.9164000000059502,0.9164000000059502,1.2325999999940507,0.9164000000059502,0.9495999999940636,0.9493000000118741,1.0329000000059523,0.9334000000059746]","[0.8854000000059727,0.9665999999940595,0.8828000000119403,0.8334999999999866,0.7996999999880643,2.582099999994057,2.9989000000059605,0.6831999999880907,0.9660000000000082,1.282599999994062,0.8495000000000061,0.7497999999821161,0.916499999999985,0.916499999999985,1.2325999999940507,0.9164000000059502,0.9498000000119191,0.9494000000059373,1.0330000000000155,0.9334000000059746]",,,0.0,0.0,0.0,20.0,1.0,verleden,mverleden,question_multimodal.png,im_combination.png,,,,,,
,,,115296,1,21,2023-09-21_20h38.43.603,flesh_expressibility_dutch,2022.2.4,Win32,59.88023952,,,,18.0,2.0,Nederlands,,,,,,"Engels, Duits",2.0,,0.0,,0.0,,0.0,,0.0,,0.0,,0.0,,0.0,NL,6.0,2.0,2.0,1.0,,sensorypref1,sensorypref2,1536.0,864.0,,,,,,,,,,,,,,,,,,,,,,,,,,,,,,,,,,,17.0,283.2486,21.0,"[0.8854000000059727,0.9664999999999964,0.8828000000119403,0.8334000000059518,0.7996999999880643,2.582099999994057,2.9989000000059605,0.6830999999940559,0.9659000000059734,1.2824999999999989,0.8494000000059714,0.7496999999880813,0.9164000000059502,0.9164000000059502,1.2325999999940507,0.9164000000059502,0.9495999999940636,0.9493000000118741,1.0329000000059523,0.9334000000059746,0.7658999999761704]","[0.8854000000059727,0.9665999999940595,0.8828000000119403,0.8334999999999866,0.7996999999880643,2.582099999994057,2.9989000000059605,0.6831999999880907,0.9660000000000082,1.282599999994062,0.8495000000000061,0.7497999999821161,0.916499999999985,0.916499999999985,1.2325999999940507,0.9164000000059502,0.9498000000119191,0.9494000000059373,1.0330000000000155,0.9334000000059746,0.7660000000000196]",0.441677976,3.3421,0.0,1.0,1.0,137.0,1.0,vallen,mvallen,question_multimodal.png,im_combination.png,,,,,,
,,,115296,1,21,2023-09-21_20h38.43.603,flesh_expressibility_dutch,2022.2.4,Win32,59.88023952,,,,18.0,2.0,Nederlands,,,,,,"Engels, Duits",2.0,,0.0,,0.0,,0.0,,0.0,,0.0,,0.0,,0.0,NL,6.0,2.0,2.0,1.0,,sensorypref1,sensorypref2,1536.0,864.0,,,,,,,,,,,,,,,,,,,,,,,,,,,,,,,,,,,20.0,287.182,22.0,"[0.8854000000059727,0.9664999999999964,0.8828000000119403,0.8334000000059518,0.7996999999880643,2.582099999994057,2.9989000000059605,0.6830999999940559,0.9659000000059734,1.2824999999999989,0.8494000000059714,0.7496999999880813,0.9164000000059502,0.9164000000059502,1.2325999999940507,0.9164000000059502,0.9495999999940636,0.9493000000118741,1.0329000000059523,0.9334000000059746,0.7658999999761704,2.997800000011921]","[0.8854000000059727,0.9665999999940595,0.8828000000119403,0.8334999999999866,0.7996999999880643,2.582099999994057,2.9989000000059605,0.6831999999880907,0.9660000000000082,1.282599999994062,0.8495000000000061,0.7497999999821161,0.916499999999985,0.916499999999985,1.2325999999940507,0.9164000000059502,0.9498000000119191,0.9494000000059373,1.0330000000000155,0.9334000000059746,0.7660000000000196,2.997800000011921]",0.197022971,5.2179,0.0,2.0,2.0,184.0,1.0,ver,mver,question_multimodal.png,im_combination.png,,,,,,
,,,115296,1,21,2023-09-21_20h38.43.603,flesh_expressibility_dutch,2022.2.4,Win32,59.88023952,,,,18.0,2.0,Nederlands,,,,,,"Engels, Duits",2.0,,0.0,,0.0,,0.0,,0.0,,0.0,,0.0,,0.0,NL,6.0,2.0,2.0,1.0,,sensorypref1,sensorypref2,1536.0,864.0,,,,,,,,,,,,,,,,,,,,,,,,,,,,,,,,,,,17.0,293.1376,23.0,"[0.8854000000059727,0.9664999999999964,0.8828000000119403,0.8334000000059518,0.7996999999880643,2.582099999994057,2.9989000000059605,0.6830999999940559,0.9659000000059734,1.2824999999999989,0.8494000000059714,0.7496999999880813,0.9164000000059502,0.9164000000059502,1.2325999999940507,0.9164000000059502,0.9495999999940636,0.9493000000118741,1.0329000000059523,0.9334000000059746,0.7658999999761704,2.997800000011921,0.9163999999761927]","[0.8854000000059727,0.9665999999940595,0.8828000000119403,0.8334999999999866,0.7996999999880643,2.582099999994057,2.9989000000059605,0.6831999999880907,0.9660000000000082,1.282599999994062,0.8495000000000061,0.7497999999821161,0.916499999999985,0.916499999999985,1.2325999999940507,0.9164000000059502,0.9498000000119191,0.9494000000059373,1.0330000000000155,0.9334000000059746,0.7660000000000196,2.997800000011921,0.9165000000000418]",-0.290121819,2.6016,0.0,3.0,3.0,185.0,1.0,in,min,question_multimodal.png,im_combination.png,,,,,,
,,,115296,1,21,2023-09-21_20h38.43.603,flesh_expressibility_dutch,2022.2.4,Win32,59.88023952,,,,18.0,2.0,Nederlands,,,,,,"Engels, Duits",2.0,,0.0,,0.0,,0.0,,0.0,,0.0,,0.0,,0.0,NL,6.0,2.0,2.0,1.0,,sensorypref1,sensorypref2,1536.0,864.0,,,,,,,,,,,,,,,,,,,,,,,,,,,,,,,,,,,20.0,296.7078,24.0,"[0.8854000000059727,0.9664999999999964,0.8828000000119403,0.8334000000059518,0.7996999999880643,2.582099999994057,2.9989000000059605,0.6830999999940559,0.9659000000059734,1.2824999999999989,0.8494000000059714,0.7496999999880813,0.9164000000059502,0.9164000000059502,1.2325999999940507,0.9164000000059502,0.9495999999940636,0.9493000000118741,1.0329000000059523,0.9334000000059746,0.7658999999761704,2.997800000011921,0.9163999999761927,1.016099999994026]","[0.8854000000059727,0.9665999999940595,0.8828000000119403,0.8334999999999866,0.7996999999880643,2.582099999994057,2.9989000000059605,0.6831999999880907,0.9660000000000082,1.282599999994062,0.8495000000000061,0.7497999999821161,0.916499999999985,0.916499999999985,1.2325999999940507,0.9164000000059502,0.9498000000119191,0.9494000000059373,1.0330000000000155,0.9334000000059746,0.7660000000000196,2.997800000011921,0.9165000000000418,1.016200000017875]",-0.420027097,3.9733,0.0,4.0,4.0,196.0,1.0,steen,msteen,question_multimodal.png,im_combination.png,,,,,,
,,,115296,1,21,2023-09-21_20h38.43.603,flesh_expressibility_dutch,2022.2.4,Win32,59.88023952,,,,18.0,2.0,Nederlands,,,,,,"Engels, Duits",2.0,,0.0,,0.0,,0.0,,0.0,,0.0,,0.0,,0.0,NL,6.0,2.0,2.0,1.0,,sensorypref1,sensorypref2,1536.0,864.0,,,,,,,,,,,,,,,,,,,,,,,,,,,,,,,,,,,20.0,301.6993,25.0,"[0.8854000000059727,0.9664999999999964,0.8828000000119403,0.8334000000059518,0.7996999999880643,2.582099999994057,2.9989000000059605,0.6830999999940559,0.9659000000059734,1.2824999999999989,0.8494000000059714,0.7496999999880813,0.9164000000059502,0.9164000000059502,1.2325999999940507,0.9164000000059502,0.9495999999940636,0.9493000000118741,1.0329000000059523,0.9334000000059746,0.7658999999761704,2.997800000011921,0.9163999999761927,1.016099999994026,0.7830000000000155]","[0.8854000000059727,0.9665999999940595,0.8828000000119403,0.8334999999999866,0.7996999999880643,2.582099999994057,2.9989000000059605,0.6831999999880907,0.9660000000000082,1.282599999994062,0.8495000000000061,0.7497999999821161,0.916499999999985,0.916499999999985,1.2325999999940507,0.9164000000059502,0.9498000000119191,0.9494000000059373,1.0330000000000155,0.9334000000059746,0.7660000000000196,2.997800000011921,0.9165000000000418,1.016200000017875,0.7830000000000155]",0.543437044,2.6503,0.0,5.0,5.0,59.0,1.0,hoog,mhoog,question_multimodal.png,im_combination.png,,,,,,
,,,115296,1,21,2023-09-21_20h38.43.603,flesh_expressibility_dutch,2022.2.4,Win32,59.88023952,,,,18.0,2.0,Nederlands,,,,,,"Engels, Duits",2.0,,0.0,,0.0,,0.0,,0.0,,0.0,,0.0,,0.0,NL,6.0,2.0,2.0,1.0,,sensorypref1,sensorypref2,1536.0,864.0,,,,,,,,,,,,,,,,,,,,,,,,,,,,,,,,,,,22.0,305.1523,25.0,"[0.8854000000059727,0.9664999999999964,0.8828000000119403,0.8334000000059518,0.7996999999880643,2.582099999994057,2.9989000000059605,0.6830999999940559,0.9659000000059734,1.2824999999999989,0.8494000000059714,0.7496999999880813,0.9164000000059502,0.9164000000059502,1.2325999999940507,0.9164000000059502,0.9495999999940636,0.9493000000118741,1.0329000000059523,0.9334000000059746,0.7658999999761704,2.997800000011921,0.9163999999761927,1.016099999994026,0.7830000000000155]","[0.8854000000059727,0.9665999999940595,0.8828000000119403,0.8334999999999866,0.7996999999880643,2.582099999994057,2.9989000000059605,0.6831999999880907,0.9660000000000082,1.282599999994062,0.8495000000000061,0.7497999999821161,0.916499999999985,0.916499999999985,1.2325999999940507,0.9164000000059502,0.9498000000119191,0.9494000000059373,1.0330000000000155,0.9334000000059746,0.7660000000000196,2.997800000011921,0.9165000000000418,1.016200000017875,0.7830000000000155]",,,0.0,6.0,6.0,181.0,1.0,ik,mik,question_multimodal.png,im_combination.png,,,,,,
,,,115296,1,21,2023-09-21_20h38.43.603,flesh_expressibility_dutch,2022.2.4,Win32,59.88023952,,,,18.0,2.0,Nederlands,,,,,,"Engels, Duits",2.0,,0.0,,0.0,,0.0,,0.0,,0.0,,0.0,,0.0,NL,6.0,2.0,2.0,1.0,,sensorypref1,sensorypref2,1536.0,864.0,,,,,,,,,,,,,,,,,,,,,,,,,,,,,,,,,,,15.0,306.2755,26.0,"[0.8854000000059727,0.9664999999999964,0.8828000000119403,0.8334000000059518,0.7996999999880643,2.582099999994057,2.9989000000059605,0.6830999999940559,0.9659000000059734,1.2824999999999989,0.8494000000059714,0.7496999999880813,0.9164000000059502,0.9164000000059502,1.2325999999940507,0.9164000000059502,0.9495999999940636,0.9493000000118741,1.0329000000059523,0.9334000000059746,0.7658999999761704,2.997800000011921,0.9163999999761927,1.016099999994026,0.7830000000000155,1.0826999999880513]","[0.8854000000059727,0.9665999999940595,0.8828000000119403,0.8334999999999866,0.7996999999880643,2.582099999994057,2.9989000000059605,0.6831999999880907,0.9660000000000082,1.282599999994062,0.8495000000000061,0.7497999999821161,0.916499999999985,0.916499999999985,1.2325999999940507,0.9164000000059502,0.9498000000119191,0.9494000000059373,1.0330000000000155,0.9334000000059746,0.7660000000000196,2.997800000011921,0.9165000000000418,1.016200000017875,0.7830000000000155,1.0826999999880513]",0.158051487,4.0449,0.0,7.0,7.0,11.0,1.0,voelen,mvoelen,question_multimodal.png,im_combination.png,,,,,,
,,,115296,1,21,2023-09-21_20h38.43.603,flesh_expressibility_dutch,2022.2.4,Win32,59.88023952,,,,18.0,2.0,Nederlands,,,,,,"Engels, Duits",2.0,,0.0,,0.0,,0.0,,0.0,,0.0,,0.0,,0.0,NL,6.0,2.0,2.0,1.0,,sensorypref1,sensorypref2,1536.0,864.0,,,,,,,,,,,,,,,,,,,,,,,,,,,,,,,,,,,19.0,311.0947,27.0,"[0.8854000000059727,0.9664999999999964,0.8828000000119403,0.8334000000059518,0.7996999999880643,2.582099999994057,2.9989000000059605,0.6830999999940559,0.9659000000059734,1.2824999999999989,0.8494000000059714,0.7496999999880813,0.9164000000059502,0.9164000000059502,1.2325999999940507,0.9164000000059502,0.9495999999940636,0.9493000000118741,1.0329000000059523,0.9334000000059746,0.7658999999761704,2.997800000011921,0.9163999999761927,1.016099999994026,0.7830000000000155,1.0826999999880513,1.5828000000119005]","[0.8854000000059727,0.9665999999940595,0.8828000000119403,0.8334999999999866,0.7996999999880643,2.582099999994057,2.9989000000059605,0.6831999999880907,0.9660000000000082,1.282599999994062,0.8495000000000061,0.7497999999821161,0.916499999999985,0.916499999999985,1.2325999999940507,0.9164000000059502,0.9498000000119191,0.9494000000059373,1.0330000000000155,0.9334000000059746,0.7660000000000196,2.997800000011921,0.9165000000000418,1.016200000017875,0.7830000000000155,1.0826999999880513,1.5828000000119005]",-0.49797023,2.7346,0.0,8.0,8.0,129.0,1.0,goed,mgoed,question_multimodal.png,im_combination.png,,,,,,
,,,115296,1,21,2023-09-21_20h38.43.603,flesh_expressibility_dutch,2022.2.4,Win32,59.88023952,,,,18.0,2.0,Nederlands,,,,,,"Engels, Duits",2.0,,0.0,,0.0,,0.0,,0.0,,0.0,,0.0,,0.0,NL,6.0,2.0,2.0,1.0,,sensorypref1,sensorypref2,1536.0,864.0,,,,,,,,,,,,,,,,,,,,,,,,,,,,,,,,,,,16.0,315.45,28.0,"[0.8854000000059727,0.9664999999999964,0.8828000000119403,0.8334000000059518,0.7996999999880643,2.582099999994057,2.9989000000059605,0.6830999999940559,0.9659000000059734,1.2824999999999989,0.8494000000059714,0.7496999999880813,0.9164000000059502,0.9164000000059502,1.2325999999940507,0.9164000000059502,0.9495999999940636,0.9493000000118741,1.0329000000059523,0.9334000000059746,0.7658999999761704,2.997800000011921,0.9163999999761927,1.016099999994026,0.7830000000000155,1.0826999999880513,1.5828000000119005,2.6654000000059455]","[0.8854000000059727,0.9665999999940595,0.8828000000119403,0.8334999999999866,0.7996999999880643,2.582099999994057,2.9989000000059605,0.6831999999880907,0.9660000000000082,1.282599999994062,0.8495000000000061,0.7497999999821161,0.916499999999985,0.916499999999985,1.2325999999940507,0.9164000000059502,0.9498000000119191,0.9494000000059373,1.0330000000000155,0.9334000000059746,0.7660000000000196,2.997800000011921,0.9165000000000418,1.016200000017875,0.7830000000000155,1.0826999999880513,1.5828000000119005,2.6654000000059455]",0.090933793,5.4026,0.0,9.0,9.0,195.0,1.0,rook,mrook,question_multimodal.png,im_combination.png,,,,,,
,,,115296,1,21,2023-09-21_20h38.43.603,flesh_expressibility_dutch,2022.2.4,Win32,59.88023952,,,,18.0,2.0,Nederlands,,,,,,"Engels, Duits",2.0,,0.0,,0.0,,0.0,,0.0,,0.0,,0.0,,0.0,NL,6.0,2.0,2.0,1.0,,sensorypref1,sensorypref2,1536.0,864.0,,,,,,,,,,,,,,,,,,,,,,,,,,,,,,,,,,,13.0,321.6053,29.0,"[0.8854000000059727,0.9664999999999964,0.8828000000119403,0.8334000000059518,0.7996999999880643,2.582099999994057,2.9989000000059605,0.6830999999940559,0.9659000000059734,1.2824999999999989,0.8494000000059714,0.7496999999880813,0.9164000000059502,0.9164000000059502,1.2325999999940507,0.9164000000059502,0.9495999999940636,0.9493000000118741,1.0329000000059523,0.9334000000059746,0.7658999999761704,2.997800000011921,0.9163999999761927,1.016099999994026,0.7830000000000155,1.0826999999880513,1.5828000000119005,2.6654000000059455,0.7666000000238]","[0.8854000000059727,0.9665999999940595,0.8828000000119403,0.8334999999999866,0.7996999999880643,2.582099999994057,2.9989000000059605,0.6831999999880907,0.9660000000000082,1.282599999994062,0.8495000000000061,0.7497999999821161,0.916499999999985,0.916499999999985,1.2325999999940507,0.9164000000059502,0.9498000000119191,0.9494000000059373,1.0330000000000155,0.9334000000059746,0.7660000000000196,2.997800000011921,0.9165000000000418,1.016200000017875,0.7830000000000155,1.0826999999880513,1.5828000000119005,2.6654000000059455,0.7667000000178632]",-0.422192152,6.2315,0.0,10.0,10.0,113.0,1.0,bot (lichaam),mbot (lichaam),question_multimodal.png,im_combination.png,,,,,,
,,,115296,1,21,2023-09-21_20h38.43.603,flesh_expressibility_dutch,2022.2.4,Win32,59.88023952,,,,18.0,2.0,Nederlands,,,,,,"Engels, Duits",2.0,,0.0,,0.0,,0.0,,0.0,,0.0,,0.0,,0.0,NL,6.0,2.0,2.0,1.0,,sensorypref1,sensorypref2,1536.0,864.0,,,,,,,,,,,,,,,,,,,,,,,,,,,,,,,,,,,18.0,328.6423,30.0,"[0.8854000000059727,0.9664999999999964,0.8828000000119403,0.8334000000059518,0.7996999999880643,2.582099999994057,2.9989000000059605,0.6830999999940559,0.9659000000059734,1.2824999999999989,0.8494000000059714,0.7496999999880813,0.9164000000059502,0.9164000000059502,1.2325999999940507,0.9164000000059502,0.9495999999940636,0.9493000000118741,1.0329000000059523,0.9334000000059746,0.7658999999761704,2.997800000011921,0.9163999999761927,1.016099999994026,0.7830000000000155,1.0826999999880513,1.5828000000119005,2.6654000000059455,0.7666000000238,0.8828000000119118]","[0.8854000000059727,0.9665999999940595,0.8828000000119403,0.8334999999999866,0.7996999999880643,2.582099999994057,2.9989000000059605,0.6831999999880907,0.9660000000000082,1.282599999994062,0.8495000000000061,0.7497999999821161,0.916499999999985,0.916499999999985,1.2325999999940507,0.9164000000059502,0.9498000000119191,0.9494000000059373,1.0330000000000155,0.9334000000059746,0.7660000000000196,2.997800000011921,0.9165000000000418,1.016200000017875,0.7830000000000155,1.0826999999880513,1.5828000000119005,2.6654000000059455,0.7667000000178632,0.882900000005975]",0.495805175,2.761,0.0,11.0,11.0,173.0,1.0,klein,mklein,question_multimodal.png,im_combination.png,,,,,,
,,,115296,1,21,2023-09-21_20h38.43.603,flesh_expressibility_dutch,2022.2.4,Win32,59.88023952,,,,18.0,2.0,Nederlands,,,,,,"Engels, Duits",2.0,,0.0,,0.0,,0.0,,0.0,,0.0,,0.0,,0.0,NL,6.0,2.0,2.0,1.0,,sensorypref1,sensorypref2,1536.0,864.0,,,,,,,,,,,,,,,,,,,,,,,,,,,,,,,,,,,15.0,332.3128,31.0,"[0.8854000000059727,0.9664999999999964,0.8828000000119403,0.8334000000059518,0.7996999999880643,2.582099999994057,2.9989000000059605,0.6830999999940559,0.9659000000059734,1.2824999999999989,0.8494000000059714,0.7496999999880813,0.9164000000059502,0.9164000000059502,1.2325999999940507,0.9164000000059502,0.9495999999940636,0.9493000000118741,1.0329000000059523,0.9334000000059746,0.7658999999761704,2.997800000011921,0.9163999999761927,1.016099999994026,0.7830000000000155,1.0826999999880513,1.5828000000119005,2.6654000000059455,0.7666000000238,0.8828000000119118,1.1660999999940032]","[0.8854000000059727,0.9665999999940595,0.8828000000119403,0.8334999999999866,0.7996999999880643,2.582099999994057,2.9989000000059605,0.6831999999880907,0.9660000000000082,1.282599999994062,0.8495000000000061,0.7497999999821161,0.916499999999985,0.916499999999985,1.2325999999940507,0.9164000000059502,0.9498000000119191,0.9494000000059373,1.0330000000000155,0.9334000000059746,0.7660000000000196,2.997800000011921,0.9165000000000418,1.016200000017875,0.7830000000000155,1.0826999999880513,1.5828000000119005,2.6654000000059455,0.7667000000178632,0.882900000005975,1.1661999999880663]",-0.578078418,4.7753,0.0,12.0,12.0,126.0,1.0,dij,mdij,question_multimodal.png,im_combination.png,,,,,,
,,,115296,1,21,2023-09-21_20h38.43.603,flesh_expressibility_dutch,2022.2.4,Win32,59.88023952,,,,18.0,2.0,Nederlands,,,,,,"Engels, Duits",2.0,,0.0,,0.0,,0.0,,0.0,,0.0,,0.0,,0.0,NL,6.0,2.0,2.0,1.0,,sensorypref1,sensorypref2,1536.0,864.0,,,,,,,,,,,,,,,,,,,,,,,,,,,,,,,,,,,16.0,338.2242,32.0,"[0.8854000000059727,0.9664999999999964,0.8828000000119403,0.8334000000059518,0.7996999999880643,2.582099999994057,2.9989000000059605,0.6830999999940559,0.9659000000059734,1.2824999999999989,0.8494000000059714,0.7496999999880813,0.9164000000059502,0.9164000000059502,1.2325999999940507,0.9164000000059502,0.9495999999940636,0.9493000000118741,1.0329000000059523,0.9334000000059746,0.7658999999761704,2.997800000011921,0.9163999999761927,1.016099999994026,0.7830000000000155,1.0826999999880513,1.5828000000119005,2.6654000000059455,0.7666000000238,0.8828000000119118,1.1660999999940032,1.032800000011946]","[0.8854000000059727,0.9665999999940595,0.8828000000119403,0.8334999999999866,0.7996999999880643,2.582099999994057,2.9989000000059605,0.6831999999880907,0.9660000000000082,1.282599999994062,0.8495000000000061,0.7497999999821161,0.916499999999985,0.916499999999985,1.2325999999940507,0.9164000000059502,0.9498000000119191,0.9494000000059373,1.0330000000000155,0.9334000000059746,0.7660000000000196,2.997800000011921,0.9165000000000418,1.016200000017875,0.7830000000000155,1.0826999999880513,1.5828000000119005,2.6654000000059455,0.7667000000178632,0.882900000005975,1.1661999999880663,1.032800000011946]",-0.972124443,5.1036,0.0,13.0,13.0,189.0,1.0,as,mas,question_multimodal.png,im_combination.png,,,,,,
,,,115296,1,21,2023-09-21_20h38.43.603,flesh_expressibility_dutch,2022.2.4,Win32,59.88023952,,,,18.0,2.0,Nederlands,,,,,,"Engels, Duits",2.0,,0.0,,0.0,,0.0,,0.0,,0.0,,0.0,,0.0,NL,6.0,2.0,2.0,1.0,,sensorypref1,sensorypref2,1536.0,864.0,,,,,,,,,,,,,,,,,,,,,,,,,,,,,,,,,,,22.0,344.3452,32.0,"[0.8854000000059727,0.9664999999999964,0.8828000000119403,0.8334000000059518,0.7996999999880643,2.582099999994057,2.9989000000059605,0.6830999999940559,0.9659000000059734,1.2824999999999989,0.8494000000059714,0.7496999999880813,0.9164000000059502,0.9164000000059502,1.2325999999940507,0.9164000000059502,0.9495999999940636,0.9493000000118741,1.0329000000059523,0.9334000000059746,0.7658999999761704,2.997800000011921,0.9163999999761927,1.016099999994026,0.7830000000000155,1.0826999999880513,1.5828000000119005,2.6654000000059455,0.7666000000238,0.8828000000119118,1.1660999999940032,1.032800000011946]","[0.8854000000059727,0.9665999999940595,0.8828000000119403,0.8334999999999866,0.7996999999880643,2.582099999994057,2.9989000000059605,0.6831999999880907,0.9660000000000082,1.282599999994062,0.8495000000000061,0.7497999999821161,0.916499999999985,0.916499999999985,1.2325999999940507,0.9164000000059502,0.9498000000119191,0.9494000000059373,1.0330000000000155,0.9334000000059746,0.7660000000000196,2.997800000011921,0.9165000000000418,1.016200000017875,0.7830000000000155,1.0826999999880513,1.5828000000119005,2.6654000000059455,0.7667000000178632,0.882900000005975,1.1661999999880663,1.032800000011946]",,,0.0,14.0,14.0,25.0,1.0,dood,mdood,question_multimodal.png,im_combination.png,,,,,,
,,,115296,1,21,2023-09-21_20h38.43.603,flesh_expressibility_dutch,2022.2.4,Win32,59.88023952,,,,18.0,2.0,Nederlands,,,,,,"Engels, Duits",2.0,,0.0,,0.0,,0.0,,0.0,,0.0,,0.0,,0.0,NL,6.0,2.0,2.0,1.0,,sensorypref1,sensorypref2,1536.0,864.0,,,,,,,,,,,,,,,,,,,,,,,,,,,,,,,,,,,21.0,345.3481,33.0,"[0.8854000000059727,0.9664999999999964,0.8828000000119403,0.8334000000059518,0.7996999999880643,2.582099999994057,2.9989000000059605,0.6830999999940559,0.9659000000059734,1.2824999999999989,0.8494000000059714,0.7496999999880813,0.9164000000059502,0.9164000000059502,1.2325999999940507,0.9164000000059502,0.9495999999940636,0.9493000000118741,1.0329000000059523,0.9334000000059746,0.7658999999761704,2.997800000011921,0.9163999999761927,1.016099999994026,0.7830000000000155,1.0826999999880513,1.5828000000119005,2.6654000000059455,0.7666000000238,0.8828000000119118,1.1660999999940032,1.032800000011946,2.015199999988056]","[0.8854000000059727,0.9665999999940595,0.8828000000119403,0.8334999999999866,0.7996999999880643,2.582099999994057,2.9989000000059605,0.6831999999880907,0.9660000000000082,1.282599999994062,0.8495000000000061,0.7497999999821161,0.916499999999985,0.916499999999985,1.2325999999940507,0.9164000000059502,0.9498000000119191,0.9494000000059373,1.0330000000000155,0.9334000000059746,0.7660000000000196,2.997800000011921,0.9165000000000418,1.016200000017875,0.7830000000000155,1.0826999999880513,1.5828000000119005,2.6654000000059455,0.7667000000178632,0.882900000005975,1.1661999999880663,1.032800000011946,2.015299999982119]",0.653856662,5.6579,0.0,15.0,15.0,108.0,1.0,neus,mneus,question_multimodal.png,im_combination.png,,,,,,
,,,115296,1,21,2023-09-21_20h38.43.603,flesh_expressibility_dutch,2022.2.4,Win32,59.88023952,,,,18.0,2.0,Nederlands,,,,,,"Engels, Duits",2.0,,0.0,,0.0,,0.0,,0.0,,0.0,,0.0,,0.0,NL,6.0,2.0,2.0,1.0,,sensorypref1,sensorypref2,1536.0,864.0,,,,,,,,,,,,,,,,,,,,,,,,,,,,,,,,,,,20.0,351.5698,34.0,"[0.8854000000059727,0.9664999999999964,0.8828000000119403,0.8334000000059518,0.7996999999880643,2.582099999994057,2.9989000000059605,0.6830999999940559,0.9659000000059734,1.2824999999999989,0.8494000000059714,0.7496999999880813,0.9164000000059502,0.9164000000059502,1.2325999999940507,0.9164000000059502,0.9495999999940636,0.9493000000118741,1.0329000000059523,0.9334000000059746,0.7658999999761704,2.997800000011921,0.9163999999761927,1.016099999994026,0.7830000000000155,1.0826999999880513,1.5828000000119005,2.6654000000059455,0.7666000000238,0.8828000000119118,1.1660999999940032,1.032800000011946,2.015199999988056,0.8496999999881041]","[0.8854000000059727,0.9665999999940595,0.8828000000119403,0.8334999999999866,0.7996999999880643,2.582099999994057,2.9989000000059605,0.6831999999880907,0.9660000000000082,1.282599999994062,0.8495000000000061,0.7497999999821161,0.916499999999985,0.916499999999985,1.2325999999940507,0.9164000000059502,0.9498000000119191,0.9494000000059373,1.0330000000000155,0.9334000000059746,0.7660000000000196,2.997800000011921,0.9165000000000418,1.016200000017875,0.7830000000000155,1.0826999999880513,1.5828000000119005,2.6654000000059455,0.7667000000178632,0.882900000005975,1.1661999999880663,1.032800000011946,2.015299999982119,0.8497999999821104]",0.523951385,3.319,0.0,16.0,16.0,94.0,1.0,nu,mnu,question_multimodal.png,im_combination.png,,,,,,
,,,115296,1,21,2023-09-21_20h38.43.603,flesh_expressibility_dutch,2022.2.4,Win32,59.88023952,,,,18.0,2.0,Nederlands,,,,,,"Engels, Duits",2.0,,0.0,,0.0,,0.0,,0.0,,0.0,,0.0,,0.0,NL,6.0,2.0,2.0,1.0,,sensorypref1,sensorypref2,1536.0,864.0,,,,,,,,,,,,,,,,,,,,,,,,,,,,,,,,,,,22.0,355.7637,34.0,"[0.8854000000059727,0.9664999999999964,0.8828000000119403,0.8334000000059518,0.7996999999880643,2.582099999994057,2.9989000000059605,0.6830999999940559,0.9659000000059734,1.2824999999999989,0.8494000000059714,0.7496999999880813,0.9164000000059502,0.9164000000059502,1.2325999999940507,0.9164000000059502,0.9495999999940636,0.9493000000118741,1.0329000000059523,0.9334000000059746,0.7658999999761704,2.997800000011921,0.9163999999761927,1.016099999994026,0.7830000000000155,1.0826999999880513,1.5828000000119005,2.6654000000059455,0.7666000000238,0.8828000000119118,1.1660999999940032,1.032800000011946,2.015199999988056,0.8496999999881041]","[0.8854000000059727,0.9665999999940595,0.8828000000119403,0.8334999999999866,0.7996999999880643,2.582099999994057,2.9989000000059605,0.6831999999880907,0.9660000000000082,1.282599999994062,0.8495000000000061,0.7497999999821161,0.916499999999985,0.916499999999985,1.2325999999940507,0.9164000000059502,0.9498000000119191,0.9494000000059373,1.0330000000000155,0.9334000000059746,0.7660000000000196,2.997800000011921,0.9165000000000418,1.016200000017875,0.7830000000000155,1.0826999999880513,1.5828000000119005,2.6654000000059455,0.7667000000178632,0.882900000005975,1.1661999999880663,1.032800000011946,2.015299999982119,0.8497999999821104]",,,0.0,17.0,17.0,117.0,1.0,haar,mhaar,question_multimodal.png,im_combination.png,,,,,,
,,,115296,1,21,2023-09-21_20h38.43.603,flesh_expressibility_dutch,2022.2.4,Win32,59.88023952,,,,18.0,2.0,Nederlands,,,,,,"Engels, Duits",2.0,,0.0,,0.0,,0.0,,0.0,,0.0,,0.0,,0.0,NL,6.0,2.0,2.0,1.0,,sensorypref1,sensorypref2,1536.0,864.0,,,,,,,,,,,,,,,,,,,,,,,,,,,,,,,,,,,16.0,356.7466,35.0,"[0.8854000000059727,0.9664999999999964,0.8828000000119403,0.8334000000059518,0.7996999999880643,2.582099999994057,2.9989000000059605,0.6830999999940559,0.9659000000059734,1.2824999999999989,0.8494000000059714,0.7496999999880813,0.9164000000059502,0.9164000000059502,1.2325999999940507,0.9164000000059502,0.9495999999940636,0.9493000000118741,1.0329000000059523,0.9334000000059746,0.7658999999761704,2.997800000011921,0.9163999999761927,1.016099999994026,0.7830000000000155,1.0826999999880513,1.5828000000119005,2.6654000000059455,0.7666000000238,0.8828000000119118,1.1660999999940032,1.032800000011946,2.015199999988056,0.8496999999881041,0.8165000000000191]","[0.8854000000059727,0.9665999999940595,0.8828000000119403,0.8334999999999866,0.7996999999880643,2.582099999994057,2.9989000000059605,0.6831999999880907,0.9660000000000082,1.282599999994062,0.8495000000000061,0.7497999999821161,0.916499999999985,0.916499999999985,1.2325999999940507,0.9164000000059502,0.9498000000119191,0.9494000000059373,1.0330000000000155,0.9334000000059746,0.7660000000000196,2.997800000011921,0.9165000000000418,1.016200000017875,0.7830000000000155,1.0826999999880513,1.5828000000119005,2.6654000000059455,0.7667000000178632,0.882900000005975,1.1661999999880663,1.032800000011946,2.015299999982119,0.8497999999821104,0.8165000000000191]",-0.433017591,2.8712,0.0,18.0,18.0,158.0,1.0,hout,mhout,question_multimodal.png,im_combination.png,,,,,,
,,,115296,1,21,2023-09-21_20h38.43.603,flesh_expressibility_dutch,2022.2.4,Win32,59.88023952,,,,18.0,2.0,Nederlands,,,,,,"Engels, Duits",2.0,,0.0,,0.0,,0.0,,0.0,,0.0,,0.0,,0.0,NL,6.0,2.0,2.0,1.0,,sensorypref1,sensorypref2,1536.0,864.0,,,,,,,,,,,,,,,,,,,,,,,,,,,,,,,,,,,22.0,360.2745,35.0,"[0.8854000000059727,0.9664999999999964,0.8828000000119403,0.8334000000059518,0.7996999999880643,2.582099999994057,2.9989000000059605,0.6830999999940559,0.9659000000059734,1.2824999999999989,0.8494000000059714,0.7496999999880813,0.9164000000059502,0.9164000000059502,1.2325999999940507,0.9164000000059502,0.9495999999940636,0.9493000000118741,1.0329000000059523,0.9334000000059746,0.7658999999761704,2.997800000011921,0.9163999999761927,1.016099999994026,0.7830000000000155,1.0826999999880513,1.5828000000119005,2.6654000000059455,0.7666000000238,0.8828000000119118,1.1660999999940032,1.032800000011946,2.015199999988056,0.8496999999881041,0.8165000000000191]","[0.8854000000059727,0.9665999999940595,0.8828000000119403,0.8334999999999866,0.7996999999880643,2.582099999994057,2.9989000000059605,0.6831999999880907,0.9660000000000082,1.282599999994062,0.8495000000000061,0.7497999999821161,0.916499999999985,0.916499999999985,1.2325999999940507,0.9164000000059502,0.9498000000119191,0.9494000000059373,1.0330000000000155,0.9334000000059746,0.7660000000000196,2.997800000011921,0.9165000000000418,1.016200000017875,0.7830000000000155,1.0826999999880513,1.5828000000119005,2.6654000000059455,0.7667000000178632,0.882900000005975,1.1661999999880663,1.032800000011946,2.015299999982119,0.8497999999821104,0.8165000000000191]",,,0.0,19.0,19.0,91.0,1.0,koud,mkoud,question_multimodal.png,im_combination.png,,,,,,
,,,115296,1,21,2023-09-21_20h38.43.603,flesh_expressibility_dutch,2022.2.4,Win32,59.88023952,,,,18.0,2.0,Nederlands,,,,,,"Engels, Duits",2.0,,0.0,,0.0,,0.0,,0.0,,0.0,,0.0,,0.0,NL,6.0,2.0,2.0,1.0,,sensorypref1,sensorypref2,1536.0,864.0,,,,,,,,,,,,,,,,,,,,,,,,,,,,,,,,,,,15.0,361.2639,36.0,"[0.8854000000059727,0.9664999999999964,0.8828000000119403,0.8334000000059518,0.7996999999880643,2.582099999994057,2.9989000000059605,0.6830999999940559,0.9659000000059734,1.2824999999999989,0.8494000000059714,0.7496999999880813,0.9164000000059502,0.9164000000059502,1.2325999999940507,0.9164000000059502,0.9495999999940636,0.9493000000118741,1.0329000000059523,0.9334000000059746,0.7658999999761704,2.997800000011921,0.9163999999761927,1.016099999994026,0.7830000000000155,1.0826999999880513,1.5828000000119005,2.6654000000059455,0.7666000000238,0.8828000000119118,1.1660999999940032,1.032800000011946,2.015199999988056,0.8496999999881041,0.8165000000000191,1.0665999999940823]","[0.8854000000059727,0.9665999999940595,0.8828000000119403,0.8334999999999866,0.7996999999880643,2.582099999994057,2.9989000000059605,0.6831999999880907,0.9660000000000082,1.282599999994062,0.8495000000000061,0.7497999999821161,0.916499999999985,0.916499999999985,1.2325999999940507,0.9164000000059502,0.9498000000119191,0.9494000000059373,1.0330000000000155,0.9334000000059746,0.7660000000000196,2.997800000011921,0.9165000000000418,1.016200000017875,0.7830000000000155,1.0826999999880513,1.5828000000119005,2.6654000000059455,0.7667000000178632,0.882900000005975,1.1661999999880663,1.032800000011946,2.015299999982119,0.8497999999821104,0.8165000000000191,1.0665999999940823]",0.98511502,4.6651,0.0,20.0,20.0,203.0,1.0,kat,mkat,question_multimodal.png,im_combination.png,,,,,,
,,,115296,1,21,2023-09-21_20h38.43.603,flesh_expressibility_dutch,2022.2.4,Win32,59.88023952,,,,18.0,2.0,Nederlands,,,,,,"Engels, Duits",2.0,,0.0,,0.0,,0.0,,0.0,,0.0,,0.0,,0.0,NL,6.0,2.0,2.0,1.0,,sensorypref1,sensorypref2,1536.0,864.0,,,,,,,,,,,,,,,,,,,,,,,,,,,,,,,,,,,16.0,366.8526,37.0,"[0.8854000000059727,0.9664999999999964,0.8828000000119403,0.8334000000059518,0.7996999999880643,2.582099999994057,2.9989000000059605,0.6830999999940559,0.9659000000059734,1.2824999999999989,0.8494000000059714,0.7496999999880813,0.9164000000059502,0.9164000000059502,1.2325999999940507,0.9164000000059502,0.9495999999940636,0.9493000000118741,1.0329000000059523,0.9334000000059746,0.7658999999761704,2.997800000011921,0.9163999999761927,1.016099999994026,0.7830000000000155,1.0826999999880513,1.5828000000119005,2.6654000000059455,0.7666000000238,0.8828000000119118,1.1660999999940032,1.032800000011946,2.015199999988056,0.8496999999881041,0.8165000000000191,1.0665999999940823,0.9331999999880622]","[0.8854000000059727,0.9665999999940595,0.8828000000119403,0.8334999999999866,0.7996999999880643,2.582099999994057,2.9989000000059605,0.6831999999880907,0.9660000000000082,1.282599999994062,0.8495000000000061,0.7497999999821161,0.916499999999985,0.916499999999985,1.2325999999940507,0.9164000000059502,0.9498000000119191,0.9494000000059373,1.0330000000000155,0.9334000000059746,0.7660000000000196,2.997800000011921,0.9165000000000418,1.016200000017875,0.7830000000000155,1.0826999999880513,1.5828000000119005,2.6654000000059455,0.7667000000178632,0.882900000005975,1.1661999999880663,1.032800000011946,2.015299999982119,0.8497999999821104,0.8165000000000191,1.0665999999940823,0.9333999999761318]",-0.612719793,7.0309,0.0,21.0,21.0,122.0,1.0,lever,mlever,question_multimodal.png,im_combination.png,,,,,,
,,,115296,1,21,2023-09-21_20h38.43.603,flesh_expressibility_dutch,2022.2.4,Win32,59.88023952,,,,18.0,2.0,Nederlands,,,,,,"Engels, Duits",2.0,,0.0,,0.0,,0.0,,0.0,,0.0,,0.0,,0.0,NL,6.0,2.0,2.0,1.0,,sensorypref1,sensorypref2,1536.0,864.0,,,,,,,,,,,,,,,,,,,,,,,,,,,,,,,,,,,13.0,374.8152,38.0,"[0.8854000000059727,0.9664999999999964,0.8828000000119403,0.8334000000059518,0.7996999999880643,2.582099999994057,2.9989000000059605,0.6830999999940559,0.9659000000059734,1.2824999999999989,0.8494000000059714,0.7496999999880813,0.9164000000059502,0.9164000000059502,1.2325999999940507,0.9164000000059502,0.9495999999940636,0.9493000000118741,1.0329000000059523,0.9334000000059746,0.7658999999761704,2.997800000011921,0.9163999999761927,1.016099999994026,0.7830000000000155,1.0826999999880513,1.5828000000119005,2.6654000000059455,0.7666000000238,0.8828000000119118,1.1660999999940032,1.032800000011946,2.015199999988056,0.8496999999881041,0.8165000000000191,1.0665999999940823,0.9331999999880622,0.8494000000059714]","[0.8854000000059727,0.9665999999940595,0.8828000000119403,0.8334999999999866,0.7996999999880643,2.582099999994057,2.9989000000059605,0.6831999999880907,0.9660000000000082,1.282599999994062,0.8495000000000061,0.7497999999821161,0.916499999999985,0.916499999999985,1.2325999999940507,0.9164000000059502,0.9498000000119191,0.9494000000059373,1.0330000000000155,0.9334000000059746,0.7660000000000196,2.997800000011921,0.9165000000000418,1.016200000017875,0.7830000000000155,1.0826999999880513,1.5828000000119005,2.6654000000059455,0.7667000000178632,0.882900000005975,1.1661999999880663,1.032800000011946,2.015299999982119,0.8497999999821104,0.8165000000000191,1.0665999999940823,0.9333999999761318,0.8494999999999777]",0.374560283,10.9464,0.0,22.0,22.0,37.0,1.0,walgen,mwalgen,question_multimodal.png,im_combination.png,,,,,,
,,,115296,1,21,2023-09-21_20h38.43.603,flesh_expressibility_dutch,2022.2.4,Win32,59.88023952,,,,18.0,2.0,Nederlands,,,,,,"Engels, Duits",2.0,,0.0,,0.0,,0.0,,0.0,,0.0,,0.0,,0.0,NL,6.0,2.0,2.0,1.0,,sensorypref1,sensorypref2,1536.0,864.0,,,,,,,,,,,,,,,,,,,,,,,,,,,,,,,,,,,12.0,386.6254,39.0,"[0.8854000000059727,0.9664999999999964,0.8828000000119403,0.8334000000059518,0.7996999999880643,2.582099999994057,2.9989000000059605,0.6830999999940559,0.9659000000059734,1.2824999999999989,0.8494000000059714,0.7496999999880813,0.9164000000059502,0.9164000000059502,1.2325999999940507,0.9164000000059502,0.9495999999940636,0.9493000000118741,1.0329000000059523,0.9334000000059746,0.7658999999761704,2.997800000011921,0.9163999999761927,1.016099999994026,0.7830000000000155,1.0826999999880513,1.5828000000119005,2.6654000000059455,0.7666000000238,0.8828000000119118,1.1660999999940032,1.032800000011946,2.015199999988056,0.8496999999881041,0.8165000000000191,1.0665999999940823,0.9331999999880622,0.8494000000059714,0.9324000000059414]","[0.8854000000059727,0.9665999999940595,0.8828000000119403,0.8334999999999866,0.7996999999880643,2.582099999994057,2.9989000000059605,0.6831999999880907,0.9660000000000082,1.282599999994062,0.8495000000000061,0.7497999999821161,0.916499999999985,0.916499999999985,1.2325999999940507,0.9164000000059502,0.9498000000119191,0.9494000000059373,1.0330000000000155,0.9334000000059746,0.7660000000000196,2.997800000011921,0.9165000000000418,1.016200000017875,0.7830000000000155,1.0826999999880513,1.5828000000119005,2.6654000000059455,0.7667000000178632,0.882900000005975,1.1661999999880663,1.032800000011946,2.015299999982119,0.8497999999821104,0.8165000000000191,1.0665999999940823,0.9333999999761318,0.8494999999999777,0.9324999999999477]",-0.692828146,4.6167,0.0,23.0,23.0,77.0,1.0,groen,mgroen,question_multimodal.png,im_combination.png,,,,,,
,,,115296,1,21,2023-09-21_20h38.43.603,flesh_expressibility_dutch,2022.2.4,Win32,59.88023952,,,,18.0,2.0,Nederlands,,,,,,"Engels, Duits",2.0,,0.0,,0.0,,0.0,,0.0,,0.0,,0.0,,0.0,NL,6.0,2.0,2.0,1.0,,sensorypref1,sensorypref2,1536.0,864.0,,,,,,,,,,,,,,,,,,,,,,,,,,,,,,,,,,,22.0,392.1692,39.0,"[0.8854000000059727,0.9664999999999964,0.8828000000119403,0.8334000000059518,0.7996999999880643,2.582099999994057,2.9989000000059605,0.6830999999940559,0.9659000000059734,1.2824999999999989,0.8494000000059714,0.7496999999880813,0.9164000000059502,0.9164000000059502,1.2325999999940507,0.9164000000059502,0.9495999999940636,0.9493000000118741,1.0329000000059523,0.9334000000059746,0.7658999999761704,2.997800000011921,0.9163999999761927,1.016099999994026,0.7830000000000155,1.0826999999880513,1.5828000000119005,2.6654000000059455,0.7666000000238,0.8828000000119118,1.1660999999940032,1.032800000011946,2.015199999988056,0.8496999999881041,0.8165000000000191,1.0665999999940823,0.9331999999880622,0.8494000000059714,0.9324000000059414]","[0.8854000000059727,0.9665999999940595,0.8828000000119403,0.8334999999999866,0.7996999999880643,2.582099999994057,2.9989000000059605,0.6831999999880907,0.9660000000000082,1.282599999994062,0.8495000000000061,0.7497999999821161,0.916499999999985,0.916499999999985,1.2325999999940507,0.9164000000059502,0.9498000000119191,0.9494000000059373,1.0330000000000155,0.9334000000059746,0.7660000000000196,2.997800000011921,0.9165000000000418,1.016200000017875,0.7830000000000155,1.0826999999880513,1.5828000000119005,2.6654000000059455,0.7667000000178632,0.882900000005975,1.1661999999880663,1.032800000011946,2.015299999982119,0.8497999999821104,0.8165000000000191,1.0665999999940823,0.9333999999761318,0.8494999999999777,0.9324999999999477]",,,0.0,24.0,24.0,151.0,1.0,drinken,mdrinken,question_multimodal.png,im_combination.png,,,,,,
,,,115296,1,21,2023-09-21_20h38.43.603,flesh_expressibility_dutch,2022.2.4,Win32,59.88023952,,,,18.0,2.0,Nederlands,,,,,,"Engels, Duits",2.0,,0.0,,0.0,,0.0,,0.0,,0.0,,0.0,,0.0,NL,6.0,2.0,2.0,1.0,,sensorypref1,sensorypref2,1536.0,864.0,,,,,,,,,,,,,,,,,,,,,,,,,,,,,,,,,,,20.0,393.1935,40.0,"[0.8854000000059727,0.9664999999999964,0.8828000000119403,0.8334000000059518,0.7996999999880643,2.582099999994057,2.9989000000059605,0.6830999999940559,0.9659000000059734,1.2824999999999989,0.8494000000059714,0.7496999999880813,0.9164000000059502,0.9164000000059502,1.2325999999940507,0.9164000000059502,0.9495999999940636,0.9493000000118741,1.0329000000059523,0.9334000000059746,0.7658999999761704,2.997800000011921,0.9163999999761927,1.016099999994026,0.7830000000000155,1.0826999999880513,1.5828000000119005,2.6654000000059455,0.7666000000238,0.8828000000119118,1.1660999999940032,1.032800000011946,2.015199999988056,0.8496999999881041,0.8165000000000191,1.0665999999940823,0.9331999999880622,0.8494000000059714,0.9324000000059414,0.9159999999999968]","[0.8854000000059727,0.9665999999940595,0.8828000000119403,0.8334999999999866,0.7996999999880643,2.582099999994057,2.9989000000059605,0.6831999999880907,0.9660000000000082,1.282599999994062,0.8495000000000061,0.7497999999821161,0.916499999999985,0.916499999999985,1.2325999999940507,0.9164000000059502,0.9498000000119191,0.9494000000059373,1.0330000000000155,0.9334000000059746,0.7660000000000196,2.997800000011921,0.9165000000000418,1.016200000017875,0.7830000000000155,1.0826999999880513,1.5828000000119005,2.6654000000059455,0.7667000000178632,0.882900000005975,1.1661999999880663,1.032800000011946,2.015299999982119,0.8497999999821104,0.8165000000000191,1.0665999999940823,0.9333999999761318,0.8494999999999777,0.9324999999999477,0.91609999999406]",-0.448173141,4.2746,0.0,25.0,25.0,78.0,1.0,wit,mwit,question_multimodal.png,im_combination.png,,,,,,
,,,115296,1,21,2023-09-21_20h38.43.603,flesh_expressibility_dutch,2022.2.4,Win32,59.88023952,,,,18.0,2.0,Nederlands,,,,,,"Engels, Duits",2.0,,0.0,,0.0,,0.0,,0.0,,0.0,,0.0,,0.0,NL,6.0,2.0,2.0,1.0,,sensorypref1,sensorypref2,1536.0,864.0,,,,,,,,,,,,,,,,,,,,,,,,,,,,,3.0,"[151.7228000000119,277.47730000001195,406.629099999994]","[151.72299999999998,277.47730000001195,406.62930000001194]",3.0,"[153.03640000000595,280.82219999998813,410.34079999998215]","[153.03659999999402,280.82219999998813,410.340900000006]",14.0,411.7436,41.0,"[0.8854000000059727,0.9664999999999964,0.8828000000119403,0.8334000000059518,0.7996999999880643,2.582099999994057,2.9989000000059605,0.6830999999940559,0.9659000000059734,1.2824999999999989,0.8494000000059714,0.7496999999880813,0.9164000000059502,0.9164000000059502,1.2325999999940507,0.9164000000059502,0.9495999999940636,0.9493000000118741,1.0329000000059523,0.9334000000059746,0.7658999999761704,2.997800000011921,0.9163999999761927,1.016099999994026,0.7830000000000155,1.0826999999880513,1.5828000000119005,2.6654000000059455,0.7666000000238,0.8828000000119118,1.1660999999940032,1.032800000011946,2.015199999988056,0.8496999999881041,0.8165000000000191,1.0665999999940823,0.9331999999880622,0.8494000000059714,0.9324000000059414,0.9159999999999968,0.7329999999999472]","[0.8854000000059727,0.9665999999940595,0.8828000000119403,0.8334999999999866,0.7996999999880643,2.582099999994057,2.9989000000059605,0.6831999999880907,0.9660000000000082,1.282599999994062,0.8495000000000061,0.7497999999821161,0.916499999999985,0.916499999999985,1.2325999999940507,0.9164000000059502,0.9498000000119191,0.9494000000059373,1.0330000000000155,0.9334000000059746,0.7660000000000196,2.997800000011921,0.9165000000000418,1.016200000017875,0.7830000000000155,1.0826999999880513,1.5828000000119005,2.6654000000059455,0.7667000000178632,0.882900000005975,1.1661999999880663,1.032800000011946,2.015299999982119,0.8497999999821104,0.8165000000000191,1.0665999999940823,0.9333999999761318,0.8494999999999777,0.9324999999999477,0.91609999999406,0.7330999999940104]",0.562922869,5.7861,0.0,0.0,0.0,151.0,1.0,drinken,vdrinken,question_vocal.png,im_mouth.png,,,,,,
,,,115296,1,21,2023-09-21_20h38.43.603,flesh_expressibility_dutch,2022.2.4,Win32,59.88023952,,,,18.0,2.0,Nederlands,,,,,,"Engels, Duits",2.0,,0.0,,0.0,,0.0,,0.0,,0.0,,0.0,,0.0,NL,6.0,2.0,2.0,1.0,,sensorypref1,sensorypref2,1536.0,864.0,,,,,,,,,,,,,,,,,,,,,,,,,,,,,,,,,,,22.0,418.2992,41.0,"[0.8854000000059727,0.9664999999999964,0.8828000000119403,0.8334000000059518,0.7996999999880643,2.582099999994057,2.9989000000059605,0.6830999999940559,0.9659000000059734,1.2824999999999989,0.8494000000059714,0.7496999999880813,0.9164000000059502,0.9164000000059502,1.2325999999940507,0.9164000000059502,0.9495999999940636,0.9493000000118741,1.0329000000059523,0.9334000000059746,0.7658999999761704,2.997800000011921,0.9163999999761927,1.016099999994026,0.7830000000000155,1.0826999999880513,1.5828000000119005,2.6654000000059455,0.7666000000238,0.8828000000119118,1.1660999999940032,1.032800000011946,2.015199999988056,0.8496999999881041,0.8165000000000191,1.0665999999940823,0.9331999999880622,0.8494000000059714,0.9324000000059414,0.9159999999999968,0.7329999999999472]","[0.8854000000059727,0.9665999999940595,0.8828000000119403,0.8334999999999866,0.7996999999880643,2.582099999994057,2.9989000000059605,0.6831999999880907,0.9660000000000082,1.282599999994062,0.8495000000000061,0.7497999999821161,0.916499999999985,0.916499999999985,1.2325999999940507,0.9164000000059502,0.9498000000119191,0.9494000000059373,1.0330000000000155,0.9334000000059746,0.7660000000000196,2.997800000011921,0.9165000000000418,1.016200000017875,0.7830000000000155,1.0826999999880513,1.5828000000119005,2.6654000000059455,0.7667000000178632,0.882900000005975,1.1661999999880663,1.032800000011946,2.015299999982119,0.8497999999821104,0.8165000000000191,1.0665999999940823,0.9333999999761318,0.8494999999999777,0.9324999999999477,0.91609999999406,0.7330999999940104]",,,0.0,1.0,1.0,87.0,1.0,vechten,vvechten,question_vocal.png,im_mouth.png,,,,,,
,,,115296,1,21,2023-09-21_20h38.43.603,flesh_expressibility_dutch,2022.2.4,Win32,59.88023952,,,,18.0,2.0,Nederlands,,,,,,"Engels, Duits",2.0,,0.0,,0.0,,0.0,,0.0,,0.0,,0.0,,0.0,NL,6.0,2.0,2.0,1.0,,sensorypref1,sensorypref2,1536.0,864.0,,,,,,,,,,,,,,,,,,,,,,,,,,,,,,,,,,,18.0,419.296,42.0,"[0.8854000000059727,0.9664999999999964,0.8828000000119403,0.8334000000059518,0.7996999999880643,2.582099999994057,2.9989000000059605,0.6830999999940559,0.9659000000059734,1.2824999999999989,0.8494000000059714,0.7496999999880813,0.9164000000059502,0.9164000000059502,1.2325999999940507,0.9164000000059502,0.9495999999940636,0.9493000000118741,1.0329000000059523,0.9334000000059746,0.7658999999761704,2.997800000011921,0.9163999999761927,1.016099999994026,0.7830000000000155,1.0826999999880513,1.5828000000119005,2.6654000000059455,0.7666000000238,0.8828000000119118,1.1660999999940032,1.032800000011946,2.015199999988056,0.8496999999881041,0.8165000000000191,1.0665999999940823,0.9331999999880622,0.8494000000059714,0.9324000000059414,0.9159999999999968,0.7329999999999472,0.7329000000059409]","[0.8854000000059727,0.9665999999940595,0.8828000000119403,0.8334999999999866,0.7996999999880643,2.582099999994057,2.9989000000059605,0.6831999999880907,0.9660000000000082,1.282599999994062,0.8495000000000061,0.7497999999821161,0.916499999999985,0.916499999999985,1.2325999999940507,0.9164000000059502,0.9498000000119191,0.9494000000059373,1.0330000000000155,0.9334000000059746,0.7660000000000196,2.997800000011921,0.9165000000000418,1.016200000017875,0.7830000000000155,1.0826999999880513,1.5828000000119005,2.6654000000059455,0.7667000000178632,0.882900000005975,1.1661999999880663,1.032800000011946,2.015299999982119,0.8497999999821104,0.8165000000000191,1.0665999999940823,0.9333999999761318,0.8494999999999777,0.9324999999999477,0.91609999999406,0.7330999999940104,0.7329000000059409]",0.23166451,3.4786,0.0,2.0,2.0,128.0,1.0,weten,vweten,question_vocal.png,im_mouth.png,,,,,,
,,,115296,1,21,2023-09-21_20h38.43.603,flesh_expressibility_dutch,2022.2.4,Win32,59.88023952,,,,18.0,2.0,Nederlands,,,,,,"Engels, Duits",2.0,,0.0,,0.0,,0.0,,0.0,,0.0,,0.0,,0.0,NL,6.0,2.0,2.0,1.0,,sensorypref1,sensorypref2,1536.0,864.0,,,,,,,,,,,,,,,,,,,,,,,,,,,,,,,,,,,18.0,423.3328,43.0,"[0.8854000000059727,0.9664999999999964,0.8828000000119403,0.8334000000059518,0.7996999999880643,2.582099999994057,2.9989000000059605,0.6830999999940559,0.9659000000059734,1.2824999999999989,0.8494000000059714,0.7496999999880813,0.9164000000059502,0.9164000000059502,1.2325999999940507,0.9164000000059502,0.9495999999940636,0.9493000000118741,1.0329000000059523,0.9334000000059746,0.7658999999761704,2.997800000011921,0.9163999999761927,1.016099999994026,0.7830000000000155,1.0826999999880513,1.5828000000119005,2.6654000000059455,0.7666000000238,0.8828000000119118,1.1660999999940032,1.032800000011946,2.015199999988056,0.8496999999881041,0.8165000000000191,1.0665999999940823,0.9331999999880622,0.8494000000059714,0.9324000000059414,0.9159999999999968,0.7329999999999472,0.7329000000059409,1.0660999999940373]","[0.8854000000059727,0.9665999999940595,0.8828000000119403,0.8334999999999866,0.7996999999880643,2.582099999994057,2.9989000000059605,0.6831999999880907,0.9660000000000082,1.282599999994062,0.8495000000000061,0.7497999999821161,0.916499999999985,0.916499999999985,1.2325999999940507,0.9164000000059502,0.9498000000119191,0.9494000000059373,1.0330000000000155,0.9334000000059746,0.7660000000000196,2.997800000011921,0.9165000000000418,1.016200000017875,0.7830000000000155,1.0826999999880513,1.5828000000119005,2.6654000000059455,0.7667000000178632,0.882900000005975,1.1661999999880663,1.032800000011946,2.015299999982119,0.8497999999821104,0.8165000000000191,1.0665999999940823,0.9333999999761318,0.8494999999999777,0.9324999999999477,0.91609999999406,0.7330999999940104,0.7329000000059409,1.0661999999880436]",-0.922327437,4.3564,0.0,3.0,3.0,105.0,1.0,arm (lichaam),varm (lichaam),question_vocal.png,im_mouth.png,,,,,,
,,,115296,1,21,2023-09-21_20h38.43.603,flesh_expressibility_dutch,2022.2.4,Win32,59.88023952,,,,18.0,2.0,Nederlands,,,,,,"Engels, Duits",2.0,,0.0,,0.0,,0.0,,0.0,,0.0,,0.0,,0.0,NL,6.0,2.0,2.0,1.0,,sensorypref1,sensorypref2,1536.0,864.0,,,,,,,,,,,,,,,,,,,,,,,,,,,,,,,,,,,14.0,428.7801,44.0,"[0.8854000000059727,0.9664999999999964,0.8828000000119403,0.8334000000059518,0.7996999999880643,2.582099999994057,2.9989000000059605,0.6830999999940559,0.9659000000059734,1.2824999999999989,0.8494000000059714,0.7496999999880813,0.9164000000059502,0.9164000000059502,1.2325999999940507,0.9164000000059502,0.9495999999940636,0.9493000000118741,1.0329000000059523,0.9334000000059746,0.7658999999761704,2.997800000011921,0.9163999999761927,1.016099999994026,0.7830000000000155,1.0826999999880513,1.5828000000119005,2.6654000000059455,0.7666000000238,0.8828000000119118,1.1660999999940032,1.032800000011946,2.015199999988056,0.8496999999881041,0.8165000000000191,1.0665999999940823,0.9331999999880622,0.8494000000059714,0.9324000000059414,0.9159999999999968,0.7329999999999472,0.7329000000059409,1.0660999999940373,2.7988000000119087]","[0.8854000000059727,0.9665999999940595,0.8828000000119403,0.8334999999999866,0.7996999999880643,2.582099999994057,2.9989000000059605,0.6831999999880907,0.9660000000000082,1.282599999994062,0.8495000000000061,0.7497999999821161,0.916499999999985,0.916499999999985,1.2325999999940507,0.9164000000059502,0.9498000000119191,0.9494000000059373,1.0330000000000155,0.9334000000059746,0.7660000000000196,2.997800000011921,0.9165000000000418,1.016200000017875,0.7830000000000155,1.0826999999880513,1.5828000000119005,2.6654000000059455,0.7667000000178632,0.882900000005975,1.1661999999880663,1.032800000011946,2.015299999982119,0.8497999999821104,0.8165000000000191,1.0665999999940823,0.9333999999761318,0.8494999999999777,0.9324999999999477,0.91609999999406,0.7330999999940104,0.7329000000059409,1.0661999999880436,2.798900000005972]",-0.993775323,3.5522,0.0,4.0,4.0,112.0,1.0,bloed,vbloed,question_vocal.png,im_mouth.png,,,,,,
,,,115296,1,21,2023-09-21_20h38.43.603,flesh_expressibility_dutch,2022.2.4,Win32,59.88023952,,,,18.0,2.0,Nederlands,,,,,,"Engels, Duits",2.0,,0.0,,0.0,,0.0,,0.0,,0.0,,0.0,,0.0,NL,6.0,2.0,2.0,1.0,,sensorypref1,sensorypref2,1536.0,864.0,,,,,,,,,,,,,,,,,,,,,,,,,,,,,,,,,,,13.0,435.1413,45.0,"[0.8854000000059727,0.9664999999999964,0.8828000000119403,0.8334000000059518,0.7996999999880643,2.582099999994057,2.9989000000059605,0.6830999999940559,0.9659000000059734,1.2824999999999989,0.8494000000059714,0.7496999999880813,0.9164000000059502,0.9164000000059502,1.2325999999940507,0.9164000000059502,0.9495999999940636,0.9493000000118741,1.0329000000059523,0.9334000000059746,0.7658999999761704,2.997800000011921,0.9163999999761927,1.016099999994026,0.7830000000000155,1.0826999999880513,1.5828000000119005,2.6654000000059455,0.7666000000238,0.8828000000119118,1.1660999999940032,1.032800000011946,2.015199999988056,0.8496999999881041,0.8165000000000191,1.0665999999940823,0.9331999999880622,0.8494000000059714,0.9324000000059414,0.9159999999999968,0.7329999999999472,0.7329000000059409,1.0660999999940373,2.7988000000119087,0.6497999999821218]","[0.8854000000059727,0.9665999999940595,0.8828000000119403,0.8334999999999866,0.7996999999880643,2.582099999994057,2.9989000000059605,0.6831999999880907,0.9660000000000082,1.282599999994062,0.8495000000000061,0.7497999999821161,0.916499999999985,0.916499999999985,1.2325999999940507,0.9164000000059502,0.9498000000119191,0.9494000000059373,1.0330000000000155,0.9334000000059746,0.7660000000000196,2.997800000011921,0.9165000000000418,1.016200000017875,0.7830000000000155,1.0826999999880513,1.5828000000119005,2.6654000000059455,0.7667000000178632,0.882900000005975,1.1661999999880663,1.032800000011946,2.015299999982119,0.8497999999821104,0.8165000000000191,1.0665999999940823,0.9333999999761318,0.8494999999999777,0.9324999999999477,0.91609999999406,0.7330999999940104,0.7329000000059409,1.0661999999880436,2.798900000005972,0.6497999999821218]",-0.26197561,7.6976,0.0,5.0,5.0,93.0,1.0,kleding,vkleding,question_vocal.png,im_mouth.png,,,,,,
,,,115296,1,21,2023-09-21_20h38.43.603,flesh_expressibility_dutch,2022.2.4,Win32,59.88023952,,,,18.0,2.0,Nederlands,,,,,,"Engels, Duits",2.0,,0.0,,0.0,,0.0,,0.0,,0.0,,0.0,,0.0,NL,6.0,2.0,2.0,1.0,,sensorypref1,sensorypref2,1536.0,864.0,,,,,,,,,,,,,,,,,,,,,,,,,,,,,,,,,,,12.0,443.4673,46.0,"[0.8854000000059727,0.9664999999999964,0.8828000000119403,0.8334000000059518,0.7996999999880643,2.582099999994057,2.9989000000059605,0.6830999999940559,0.9659000000059734,1.2824999999999989,0.8494000000059714,0.7496999999880813,0.9164000000059502,0.9164000000059502,1.2325999999940507,0.9164000000059502,0.9495999999940636,0.9493000000118741,1.0329000000059523,0.9334000000059746,0.7658999999761704,2.997800000011921,0.9163999999761927,1.016099999994026,0.7830000000000155,1.0826999999880513,1.5828000000119005,2.6654000000059455,0.7666000000238,0.8828000000119118,1.1660999999940032,1.032800000011946,2.015199999988056,0.8496999999881041,0.8165000000000191,1.0665999999940823,0.9331999999880622,0.8494000000059714,0.9324000000059414,0.9159999999999968,0.7329999999999472,0.7329000000059409,1.0660999999940373,2.7988000000119087,0.6497999999821218,30.18490000000594]","[0.8854000000059727,0.9665999999940595,0.8828000000119403,0.8334999999999866,0.7996999999880643,2.582099999994057,2.9989000000059605,0.6831999999880907,0.9660000000000082,1.282599999994062,0.8495000000000061,0.7497999999821161,0.916499999999985,0.916499999999985,1.2325999999940507,0.9164000000059502,0.9498000000119191,0.9494000000059373,1.0330000000000155,0.9334000000059746,0.7660000000000196,2.997800000011921,0.9165000000000418,1.016200000017875,0.7830000000000155,1.0826999999880513,1.5828000000119005,2.6654000000059455,0.7667000000178632,0.882900000005975,1.1661999999880663,1.032800000011946,2.015299999982119,0.8497999999821104,0.8165000000000191,1.0665999999940823,0.9333999999761318,0.8494999999999777,0.9324999999999477,0.91609999999406,0.7330999999940104,0.7329000000059409,1.0661999999880436,2.798900000005972,0.6497999999821218,30.18490000000594]",-0.88335587,7.9637,0.0,6.0,6.0,32.0,1.0,vooraan,vvooraan,question_vocal.png,im_mouth.png,,,,,,
,,,115296,1,21,2023-09-21_20h38.43.603,flesh_expressibility_dutch,2022.2.4,Win32,59.88023952,,,,18.0,2.0,Nederlands,,,,,,"Engels, Duits",2.0,,0.0,,0.0,,0.0,,0.0,,0.0,,0.0,,0.0,NL,6.0,2.0,2.0,1.0,,sensorypref1,sensorypref2,1536.0,864.0,,,,,,,,,,,,,,,,,,,,,,,,,,,,,,,,,,,19.0,481.6761,47.0,"[0.8854000000059727,0.9664999999999964,0.8828000000119403,0.8334000000059518,0.7996999999880643,2.582099999994057,2.9989000000059605,0.6830999999940559,0.9659000000059734,1.2824999999999989,0.8494000000059714,0.7496999999880813,0.9164000000059502,0.9164000000059502,1.2325999999940507,0.9164000000059502,0.9495999999940636,0.9493000000118741,1.0329000000059523,0.9334000000059746,0.7658999999761704,2.997800000011921,0.9163999999761927,1.016099999994026,0.7830000000000155,1.0826999999880513,1.5828000000119005,2.6654000000059455,0.7666000000238,0.8828000000119118,1.1660999999940032,1.032800000011946,2.015199999988056,0.8496999999881041,0.8165000000000191,1.0665999999940823,0.9331999999880622,0.8494000000059714,0.9324000000059414,0.9159999999999968,0.7329999999999472,0.7329000000059409,1.0660999999940373,2.7988000000119087,0.6497999999821218,30.18490000000594,12.127600000023847]","[0.8854000000059727,0.9665999999940595,0.8828000000119403,0.8334999999999866,0.7996999999880643,2.582099999994057,2.9989000000059605,0.6831999999880907,0.9660000000000082,1.282599999994062,0.8495000000000061,0.7497999999821161,0.916499999999985,0.916499999999985,1.2325999999940507,0.9164000000059502,0.9498000000119191,0.9494000000059373,1.0330000000000155,0.9334000000059746,0.7660000000000196,2.997800000011921,0.9165000000000418,1.016200000017875,0.7830000000000155,1.0826999999880513,1.5828000000119005,2.6654000000059455,0.7667000000178632,0.882900000005975,1.1661999999880663,1.032800000011946,2.015299999982119,0.8497999999821104,0.8165000000000191,1.0665999999940823,0.9333999999761318,0.8494999999999777,0.9324999999999477,0.91609999999406,0.7330999999940104,0.7329000000059409,1.0661999999880436,2.798900000005972,0.6497999999821218,30.18490000000594,12.12770000001791]",-0.50879567,12.1629,0.0,7.0,7.0,46.0,1.0,nat,vnat,question_vocal.png,im_mouth.png,,,,,,
,,,115296,1,21,2023-09-21_20h38.43.603,flesh_expressibility_dutch,2022.2.4,Win32,59.88023952,,,,18.0,2.0,Nederlands,,,,,,"Engels, Duits",2.0,,0.0,,0.0,,0.0,,0.0,,0.0,,0.0,,0.0,NL,6.0,2.0,2.0,1.0,,sensorypref1,sensorypref2,1536.0,864.0,,,,,,,,,,,,,,,,,,,,,,,,,,,,,,,,,,,21.0,505.9635,48.0,"[0.8854000000059727,0.9664999999999964,0.8828000000119403,0.8334000000059518,0.7996999999880643,2.582099999994057,2.9989000000059605,0.6830999999940559,0.9659000000059734,1.2824999999999989,0.8494000000059714,0.7496999999880813,0.9164000000059502,0.9164000000059502,1.2325999999940507,0.9164000000059502,0.9495999999940636,0.9493000000118741,1.0329000000059523,0.9334000000059746,0.7658999999761704,2.997800000011921,0.9163999999761927,1.016099999994026,0.7830000000000155,1.0826999999880513,1.5828000000119005,2.6654000000059455,0.7666000000238,0.8828000000119118,1.1660999999940032,1.032800000011946,2.015199999988056,0.8496999999881041,0.8165000000000191,1.0665999999940823,0.9331999999880622,0.8494000000059714,0.9324000000059414,0.9159999999999968,0.7329999999999472,0.7329000000059409,1.0660999999940373,2.7988000000119087,0.6497999999821218,30.18490000000594,12.127600000023847,1.7359000000059268]","[0.8854000000059727,0.9665999999940595,0.8828000000119403,0.8334999999999866,0.7996999999880643,2.582099999994057,2.9989000000059605,0.6831999999880907,0.9660000000000082,1.282599999994062,0.8495000000000061,0.7497999999821161,0.916499999999985,0.916499999999985,1.2325999999940507,0.9164000000059502,0.9498000000119191,0.9494000000059373,1.0330000000000155,0.9334000000059746,0.7660000000000196,2.997800000011921,0.9165000000000418,1.016200000017875,0.7830000000000155,1.0826999999880513,1.5828000000119005,2.6654000000059455,0.7667000000178632,0.882900000005975,1.1661999999880663,1.032800000011946,2.015299999982119,0.8497999999821104,0.8165000000000191,1.0665999999940823,0.9333999999761318,0.8494999999999777,0.9324999999999477,0.91609999999406,0.7330999999940104,0.7329000000059409,1.0661999999880436,2.798900000005972,0.6497999999821218,30.18490000000594,12.12770000001791,1.7359000000059268]",0.287956764,45.2108,0.0,8.0,8.0,92.0,1.0,heet,vheet,question_vocal.png,im_mouth.png,,,,,,
,,,115296,1,21,2023-09-21_20h38.43.603,flesh_expressibility_dutch,2022.2.4,Win32,59.88023952,,,,18.0,2.0,Nederlands,,,,,,"Engels, Duits",2.0,,0.0,,0.0,,0.0,,0.0,,0.0,,0.0,,0.0,NL,6.0,2.0,2.0,1.0,,sensorypref1,sensorypref2,1536.0,864.0,,,,,,,,,,,,,,,,,,,,,,,,,,,,,,,,,,,22.0,551.9586,48.0,"[0.8854000000059727,0.9664999999999964,0.8828000000119403,0.8334000000059518,0.7996999999880643,2.582099999994057,2.9989000000059605,0.6830999999940559,0.9659000000059734,1.2824999999999989,0.8494000000059714,0.7496999999880813,0.9164000000059502,0.9164000000059502,1.2325999999940507,0.9164000000059502,0.9495999999940636,0.9493000000118741,1.0329000000059523,0.9334000000059746,0.7658999999761704,2.997800000011921,0.9163999999761927,1.016099999994026,0.7830000000000155,1.0826999999880513,1.5828000000119005,2.6654000000059455,0.7666000000238,0.8828000000119118,1.1660999999940032,1.032800000011946,2.015199999988056,0.8496999999881041,0.8165000000000191,1.0665999999940823,0.9331999999880622,0.8494000000059714,0.9324000000059414,0.9159999999999968,0.7329999999999472,0.7329000000059409,1.0660999999940373,2.7988000000119087,0.6497999999821218,30.18490000000594,12.127600000023847,1.7359000000059268]","[0.8854000000059727,0.9665999999940595,0.8828000000119403,0.8334999999999866,0.7996999999880643,2.582099999994057,2.9989000000059605,0.6831999999880907,0.9660000000000082,1.282599999994062,0.8495000000000061,0.7497999999821161,0.916499999999985,0.916499999999985,1.2325999999940507,0.9164000000059502,0.9498000000119191,0.9494000000059373,1.0330000000000155,0.9334000000059746,0.7660000000000196,2.997800000011921,0.9165000000000418,1.016200000017875,0.7830000000000155,1.0826999999880513,1.5828000000119005,2.6654000000059455,0.7667000000178632,0.882900000005975,1.1661999999880663,1.032800000011946,2.015299999982119,0.8497999999821104,0.8165000000000191,1.0665999999940823,0.9333999999761318,0.8494999999999777,0.9324999999999477,0.91609999999406,0.7330999999940104,0.7329000000059409,1.0661999999880436,2.798900000005972,0.6497999999821218,30.18490000000594,12.12770000001791,1.7359000000059268]",,,0.0,9.0,9.0,56.0,1.0,grommen,vgrommen,question_vocal.png,im_mouth.png,,,,,,
,,,115296,1,21,2023-09-21_20h38.43.603,flesh_expressibility_dutch,2022.2.4,Win32,59.88023952,,,,18.0,2.0,Nederlands,,,,,,"Engels, Duits",2.0,,0.0,,0.0,,0.0,,0.0,,0.0,,0.0,,0.0,NL,6.0,2.0,2.0,1.0,,sensorypref1,sensorypref2,1536.0,864.0,,,,,,,,,,,,,,,,,,,,,,,,,,,,,,,,,,,13.0,552.9828,49.0,"[0.8854000000059727,0.9664999999999964,0.8828000000119403,0.8334000000059518,0.7996999999880643,2.582099999994057,2.9989000000059605,0.6830999999940559,0.9659000000059734,1.2824999999999989,0.8494000000059714,0.7496999999880813,0.9164000000059502,0.9164000000059502,1.2325999999940507,0.9164000000059502,0.9495999999940636,0.9493000000118741,1.0329000000059523,0.9334000000059746,0.7658999999761704,2.997800000011921,0.9163999999761927,1.016099999994026,0.7830000000000155,1.0826999999880513,1.5828000000119005,2.6654000000059455,0.7666000000238,0.8828000000119118,1.1660999999940032,1.032800000011946,2.015199999988056,0.8496999999881041,0.8165000000000191,1.0665999999940823,0.9331999999880622,0.8494000000059714,0.9324000000059414,0.9159999999999968,0.7329999999999472,0.7329000000059409,1.0660999999940373,2.7988000000119087,0.6497999999821218,30.18490000000594,12.127600000023847,1.7359000000059268,2.4489000000058923]","[0.8854000000059727,0.9665999999940595,0.8828000000119403,0.8334999999999866,0.7996999999880643,2.582099999994057,2.9989000000059605,0.6831999999880907,0.9660000000000082,1.282599999994062,0.8495000000000061,0.7497999999821161,0.916499999999985,0.916499999999985,1.2325999999940507,0.9164000000059502,0.9498000000119191,0.9494000000059373,1.0330000000000155,0.9334000000059746,0.7660000000000196,2.997800000011921,0.9165000000000418,1.016200000017875,0.7830000000000155,1.0826999999880513,1.5828000000119005,2.6654000000059455,0.7667000000178632,0.882900000005975,1.1661999999880663,1.032800000011946,2.015299999982119,0.8497999999821104,0.8165000000000191,1.0665999999940823,0.9333999999761318,0.8494999999999777,0.9324999999999477,0.91609999999406,0.7330999999940104,0.7329000000059409,1.0661999999880436,2.798900000005972,0.6497999999821218,30.18490000000594,12.12770000001791,1.7359000000059268,2.4489000000058923]",-0.547767154,2.4561,0.0,10.0,10.0,5.0,1.0,honing,vhoning,question_vocal.png,im_mouth.png,,,,,,
,,,115296,1,21,2023-09-21_20h38.43.603,flesh_expressibility_dutch,2022.2.4,Win32,59.88023952,,,,18.0,2.0,Nederlands,,,,,,"Engels, Duits",2.0,,0.0,,0.0,,0.0,,0.0,,0.0,,0.0,,0.0,NL,6.0,2.0,2.0,1.0,,sensorypref1,sensorypref2,1536.0,864.0,,,,,,,,,,,,,,,,,,,,,,,,,,,,,,,,,,,21.0,557.6946,50.0,"[0.8854000000059727,0.9664999999999964,0.8828000000119403,0.8334000000059518,0.7996999999880643,2.582099999994057,2.9989000000059605,0.6830999999940559,0.9659000000059734,1.2824999999999989,0.8494000000059714,0.7496999999880813,0.9164000000059502,0.9164000000059502,1.2325999999940507,0.9164000000059502,0.9495999999940636,0.9493000000118741,1.0329000000059523,0.9334000000059746,0.7658999999761704,2.997800000011921,0.9163999999761927,1.016099999994026,0.7830000000000155,1.0826999999880513,1.5828000000119005,2.6654000000059455,0.7666000000238,0.8828000000119118,1.1660999999940032,1.032800000011946,2.015199999988056,0.8496999999881041,0.8165000000000191,1.0665999999940823,0.9331999999880622,0.8494000000059714,0.9324000000059414,0.9159999999999968,0.7329999999999472,0.7329000000059409,1.0660999999940373,2.7988000000119087,0.6497999999821218,30.18490000000594,12.127600000023847,1.7359000000059268,2.4489000000058923,0.7831999999881418]","[0.8854000000059727,0.9665999999940595,0.8828000000119403,0.8334999999999866,0.7996999999880643,2.582099999994057,2.9989000000059605,0.6831999999880907,0.9660000000000082,1.282599999994062,0.8495000000000061,0.7497999999821161,0.916499999999985,0.916499999999985,1.2325999999940507,0.9164000000059502,0.9498000000119191,0.9494000000059373,1.0330000000000155,0.9334000000059746,0.7660000000000196,2.997800000011921,0.9165000000000418,1.016200000017875,0.7830000000000155,1.0826999999880513,1.5828000000119005,2.6654000000059455,0.7667000000178632,0.882900000005975,1.1661999999880663,1.032800000011946,2.015299999982119,0.8497999999821104,0.8165000000000191,1.0665999999940823,0.9333999999761318,0.8494999999999777,0.9324999999999477,0.91609999999406,0.7330999999940104,0.7329000000059409,1.0661999999880436,2.798900000005972,0.6497999999821218,30.18490000000594,12.12770000001791,1.7359000000059268,2.4489000000058923,0.7832999999820913]",-0.300947259,3.0183,0.0,11.0,11.0,162.0,1.0,bitter,vbitter,question_vocal.png,im_mouth.png,,,,,,
,,,115296,1,21,2023-09-21_20h38.43.603,flesh_expressibility_dutch,2022.2.4,Win32,59.88023952,,,,18.0,2.0,Nederlands,,,,,,"Engels, Duits",2.0,,0.0,,0.0,,0.0,,0.0,,0.0,,0.0,,0.0,NL,6.0,2.0,2.0,1.0,,sensorypref1,sensorypref2,1536.0,864.0,,,,,,,,,,,,,,,,,,,,,,,,,,,,,,,,,,,22.0,561.5224,50.0,"[0.8854000000059727,0.9664999999999964,0.8828000000119403,0.8334000000059518,0.7996999999880643,2.582099999994057,2.9989000000059605,0.6830999999940559,0.9659000000059734,1.2824999999999989,0.8494000000059714,0.7496999999880813,0.9164000000059502,0.9164000000059502,1.2325999999940507,0.9164000000059502,0.9495999999940636,0.9493000000118741,1.0329000000059523,0.9334000000059746,0.7658999999761704,2.997800000011921,0.9163999999761927,1.016099999994026,0.7830000000000155,1.0826999999880513,1.5828000000119005,2.6654000000059455,0.7666000000238,0.8828000000119118,1.1660999999940032,1.032800000011946,2.015199999988056,0.8496999999881041,0.8165000000000191,1.0665999999940823,0.9331999999880622,0.8494000000059714,0.9324000000059414,0.9159999999999968,0.7329999999999472,0.7329000000059409,1.0660999999940373,2.7988000000119087,0.6497999999821218,30.18490000000594,12.127600000023847,1.7359000000059268,2.4489000000058923,0.7831999999881418]","[0.8854000000059727,0.9665999999940595,0.8828000000119403,0.8334999999999866,0.7996999999880643,2.582099999994057,2.9989000000059605,0.6831999999880907,0.9660000000000082,1.282599999994062,0.8495000000000061,0.7497999999821161,0.916499999999985,0.916499999999985,1.2325999999940507,0.9164000000059502,0.9498000000119191,0.9494000000059373,1.0330000000000155,0.9334000000059746,0.7660000000000196,2.997800000011921,0.9165000000000418,1.016200000017875,0.7830000000000155,1.0826999999880513,1.5828000000119005,2.6654000000059455,0.7667000000178632,0.882900000005975,1.1661999999880663,1.032800000011946,2.015299999982119,0.8497999999821104,0.8165000000000191,1.0665999999940823,0.9333999999761318,0.8494999999999777,0.9324999999999477,0.91609999999406,0.7330999999940104,0.7329000000059409,1.0661999999880436,2.798900000005972,0.6497999999821218,30.18490000000594,12.12770000001791,1.7359000000059268,2.4489000000058923,0.7832999999820913]",,,0.0,12.0,12.0,100.0,1.0,vogel,vvogel,question_vocal.png,im_mouth.png,,,,,,
,,,115296,1,21,2023-09-21_20h38.43.603,flesh_expressibility_dutch,2022.2.4,Win32,59.88023952,,,,18.0,2.0,Nederlands,,,,,,"Engels, Duits",2.0,,0.0,,0.0,,0.0,,0.0,,0.0,,0.0,,0.0,NL,6.0,2.0,2.0,1.0,,sensorypref1,sensorypref2,1536.0,864.0,,,,,,,,,,,,,,,,,,,,,,,,,,,,,,,,,,,13.0,562.5039,51.0,"[0.8854000000059727,0.9664999999999964,0.8828000000119403,0.8334000000059518,0.7996999999880643,2.582099999994057,2.9989000000059605,0.6830999999940559,0.9659000000059734,1.2824999999999989,0.8494000000059714,0.7496999999880813,0.9164000000059502,0.9164000000059502,1.2325999999940507,0.9164000000059502,0.9495999999940636,0.9493000000118741,1.0329000000059523,0.9334000000059746,0.7658999999761704,2.997800000011921,0.9163999999761927,1.016099999994026,0.7830000000000155,1.0826999999880513,1.5828000000119005,2.6654000000059455,0.7666000000238,0.8828000000119118,1.1660999999940032,1.032800000011946,2.015199999988056,0.8496999999881041,0.8165000000000191,1.0665999999940823,0.9331999999880622,0.8494000000059714,0.9324000000059414,0.9159999999999968,0.7329999999999472,0.7329000000059409,1.0660999999940373,2.7988000000119087,0.6497999999821218,30.18490000000594,12.127600000023847,1.7359000000059268,2.4489000000058923,0.7831999999881418,1.0495999999940295]","[0.8854000000059727,0.9665999999940595,0.8828000000119403,0.8334999999999866,0.7996999999880643,2.582099999994057,2.9989000000059605,0.6831999999880907,0.9660000000000082,1.282599999994062,0.8495000000000061,0.7497999999821161,0.916499999999985,0.916499999999985,1.2325999999940507,0.9164000000059502,0.9498000000119191,0.9494000000059373,1.0330000000000155,0.9334000000059746,0.7660000000000196,2.997800000011921,0.9165000000000418,1.016200000017875,0.7830000000000155,1.0826999999880513,1.5828000000119005,2.6654000000059455,0.7667000000178632,0.882900000005975,1.1661999999880663,1.032800000011946,2.015299999982119,0.8497999999821104,0.8165000000000191,1.0665999999940823,0.9333999999761318,0.8494999999999777,0.9324999999999477,0.91609999999406,0.7330999999940104,0.7329000000059409,1.0661999999880436,2.798900000005972,0.6497999999821218,30.18490000000594,12.12770000001791,1.7359000000059268,2.4489000000058923,0.7832999999820913,1.0495999999940295]",-0.595399188,3.3165,0.0,13.0,13.0,117.0,1.0,haar,vhaar,question_vocal.png,im_mouth.png,,,,,,
,,,115296,1,21,2023-09-21_20h38.43.603,flesh_expressibility_dutch,2022.2.4,Win32,59.88023952,,,,18.0,2.0,Nederlands,,,,,,"Engels, Duits",2.0,,0.0,,0.0,,0.0,,0.0,,0.0,,0.0,,0.0,NL,6.0,2.0,2.0,1.0,,sensorypref1,sensorypref2,1536.0,864.0,,,,,,,,,,,,,,,,,,,,,,,,,,,,,,,,,,,20.0,566.7241,52.0,"[0.8854000000059727,0.9664999999999964,0.8828000000119403,0.8334000000059518,0.7996999999880643,2.582099999994057,2.9989000000059605,0.6830999999940559,0.9659000000059734,1.2824999999999989,0.8494000000059714,0.7496999999880813,0.9164000000059502,0.9164000000059502,1.2325999999940507,0.9164000000059502,0.9495999999940636,0.9493000000118741,1.0329000000059523,0.9334000000059746,0.7658999999761704,2.997800000011921,0.9163999999761927,1.016099999994026,0.7830000000000155,1.0826999999880513,1.5828000000119005,2.6654000000059455,0.7666000000238,0.8828000000119118,1.1660999999940032,1.032800000011946,2.015199999988056,0.8496999999881041,0.8165000000000191,1.0665999999940823,0.9331999999880622,0.8494000000059714,0.9324000000059414,0.9159999999999968,0.7329999999999472,0.7329000000059409,1.0660999999940373,2.7988000000119087,0.6497999999821218,30.18490000000594,12.127600000023847,1.7359000000059268,2.4489000000058923,0.7831999999881418,1.0495999999940295,0.7664000000060014]","[0.8854000000059727,0.9665999999940595,0.8828000000119403,0.8334999999999866,0.7996999999880643,2.582099999994057,2.9989000000059605,0.6831999999880907,0.9660000000000082,1.282599999994062,0.8495000000000061,0.7497999999821161,0.916499999999985,0.916499999999985,1.2325999999940507,0.9164000000059502,0.9498000000119191,0.9494000000059373,1.0330000000000155,0.9334000000059746,0.7660000000000196,2.997800000011921,0.9165000000000418,1.016200000017875,0.7830000000000155,1.0826999999880513,1.5828000000119005,2.6654000000059455,0.7667000000178632,0.882900000005975,1.1661999999880663,1.032800000011946,2.015299999982119,0.8497999999821104,0.8165000000000191,1.0665999999940823,0.9333999999761318,0.8494999999999777,0.9324999999999477,0.91609999999406,0.7330999999940104,0.7329000000059409,1.0661999999880436,2.798900000005972,0.6497999999821218,30.18490000000594,12.12770000001791,1.7359000000059268,2.4489000000058923,0.7832999999820913,1.0495999999940295,0.7664000000060014]",-0.660351827,2.3788,0.0,14.0,14.0,113.0,1.0,bot (lichaam),vbot (lichaam),question_vocal.png,im_mouth.png,,,,,,
,,,115296,1,21,2023-09-21_20h38.43.603,flesh_expressibility_dutch,2022.2.4,Win32,59.88023952,,,,18.0,2.0,Nederlands,,,,,,"Engels, Duits",2.0,,0.0,,0.0,,0.0,,0.0,,0.0,,0.0,,0.0,NL,6.0,2.0,2.0,1.0,,sensorypref1,sensorypref2,1536.0,864.0,,,,,,,,,,,,,,,,,,,,,,,,,,,,,,,,,,,22.0,569.8656,52.0,"[0.8854000000059727,0.9664999999999964,0.8828000000119403,0.8334000000059518,0.7996999999880643,2.582099999994057,2.9989000000059605,0.6830999999940559,0.9659000000059734,1.2824999999999989,0.8494000000059714,0.7496999999880813,0.9164000000059502,0.9164000000059502,1.2325999999940507,0.9164000000059502,0.9495999999940636,0.9493000000118741,1.0329000000059523,0.9334000000059746,0.7658999999761704,2.997800000011921,0.9163999999761927,1.016099999994026,0.7830000000000155,1.0826999999880513,1.5828000000119005,2.6654000000059455,0.7666000000238,0.8828000000119118,1.1660999999940032,1.032800000011946,2.015199999988056,0.8496999999881041,0.8165000000000191,1.0665999999940823,0.9331999999880622,0.8494000000059714,0.9324000000059414,0.9159999999999968,0.7329999999999472,0.7329000000059409,1.0660999999940373,2.7988000000119087,0.6497999999821218,30.18490000000594,12.127600000023847,1.7359000000059268,2.4489000000058923,0.7831999999881418,1.0495999999940295,0.7664000000060014]","[0.8854000000059727,0.9665999999940595,0.8828000000119403,0.8334999999999866,0.7996999999880643,2.582099999994057,2.9989000000059605,0.6831999999880907,0.9660000000000082,1.282599999994062,0.8495000000000061,0.7497999999821161,0.916499999999985,0.916499999999985,1.2325999999940507,0.9164000000059502,0.9498000000119191,0.9494000000059373,1.0330000000000155,0.9334000000059746,0.7660000000000196,2.997800000011921,0.9165000000000418,1.016200000017875,0.7830000000000155,1.0826999999880513,1.5828000000119005,2.6654000000059455,0.7667000000178632,0.882900000005975,1.1661999999880663,1.032800000011946,2.015299999982119,0.8497999999821104,0.8165000000000191,1.0665999999940823,0.9333999999761318,0.8494999999999777,0.9324999999999477,0.91609999999406,0.7330999999940104,0.7329000000059409,1.0661999999880436,2.798900000005972,0.6497999999821218,30.18490000000594,12.12770000001791,1.7359000000059268,2.4489000000058923,0.7832999999820913,1.0495999999940295,0.7664000000060014]",,,0.0,15.0,15.0,199.0,1.0,nacht,vnacht,question_vocal.png,im_mouth.png,,,,,,
,,,115296,1,21,2023-09-21_20h38.43.603,flesh_expressibility_dutch,2022.2.4,Win32,59.88023952,,,,18.0,2.0,Nederlands,,,,,,"Engels, Duits",2.0,,0.0,,0.0,,0.0,,0.0,,0.0,,0.0,,0.0,NL,6.0,2.0,2.0,1.0,,sensorypref1,sensorypref2,1536.0,864.0,,,,,,,,,,,,,,,,,,,,,,,,,,,,,,,,,,,16.0,570.8916,53.0,"[0.8854000000059727,0.9664999999999964,0.8828000000119403,0.8334000000059518,0.7996999999880643,2.582099999994057,2.9989000000059605,0.6830999999940559,0.9659000000059734,1.2824999999999989,0.8494000000059714,0.7496999999880813,0.9164000000059502,0.9164000000059502,1.2325999999940507,0.9164000000059502,0.9495999999940636,0.9493000000118741,1.0329000000059523,0.9334000000059746,0.7658999999761704,2.997800000011921,0.9163999999761927,1.016099999994026,0.7830000000000155,1.0826999999880513,1.5828000000119005,2.6654000000059455,0.7666000000238,0.8828000000119118,1.1660999999940032,1.032800000011946,2.015199999988056,0.8496999999881041,0.8165000000000191,1.0665999999940823,0.9331999999880622,0.8494000000059714,0.9324000000059414,0.9159999999999968,0.7329999999999472,0.7329000000059409,1.0660999999940373,2.7988000000119087,0.6497999999821218,30.18490000000594,12.127600000023847,1.7359000000059268,2.4489000000058923,0.7831999999881418,1.0495999999940295,0.7664000000060014,0.8495999999939841]","[0.8854000000059727,0.9665999999940595,0.8828000000119403,0.8334999999999866,0.7996999999880643,2.582099999994057,2.9989000000059605,0.6831999999880907,0.9660000000000082,1.282599999994062,0.8495000000000061,0.7497999999821161,0.916499999999985,0.916499999999985,1.2325999999940507,0.9164000000059502,0.9498000000119191,0.9494000000059373,1.0330000000000155,0.9334000000059746,0.7660000000000196,2.997800000011921,0.9165000000000418,1.016200000017875,0.7830000000000155,1.0826999999880513,1.5828000000119005,2.6654000000059455,0.7667000000178632,0.882900000005975,1.1661999999880663,1.032800000011946,2.015299999982119,0.8497999999821104,0.8165000000000191,1.0665999999940823,0.9333999999761318,0.8494999999999777,0.9324999999999477,0.91609999999406,0.7330999999940104,0.7329000000059409,1.0661999999880436,2.798900000005972,0.6497999999821218,30.18490000000594,12.12770000001791,1.7359000000059268,2.4489000000058923,0.7832999999820913,1.0495999999940295,0.7664000000060014,0.8495999999939841]",-0.153721212,3.2867,0.0,16.0,16.0,79.0,1.0,veel,vveel,question_vocal.png,im_mouth.png,,,,,,
,,,115296,1,21,2023-09-21_20h38.43.603,flesh_expressibility_dutch,2022.2.4,Win32,59.88023952,,,,18.0,2.0,Nederlands,,,,,,"Engels, Duits",2.0,,0.0,,0.0,,0.0,,0.0,,0.0,,0.0,,0.0,NL,6.0,2.0,2.0,1.0,,sensorypref1,sensorypref2,1536.0,864.0,,,,,,,,,,,,,,,,,,,,,,,,,,,,,,,,,,,22.0,574.8123,53.0,"[0.8854000000059727,0.9664999999999964,0.8828000000119403,0.8334000000059518,0.7996999999880643,2.582099999994057,2.9989000000059605,0.6830999999940559,0.9659000000059734,1.2824999999999989,0.8494000000059714,0.7496999999880813,0.9164000000059502,0.9164000000059502,1.2325999999940507,0.9164000000059502,0.9495999999940636,0.9493000000118741,1.0329000000059523,0.9334000000059746,0.7658999999761704,2.997800000011921,0.9163999999761927,1.016099999994026,0.7830000000000155,1.0826999999880513,1.5828000000119005,2.6654000000059455,0.7666000000238,0.8828000000119118,1.1660999999940032,1.032800000011946,2.015199999988056,0.8496999999881041,0.8165000000000191,1.0665999999940823,0.9331999999880622,0.8494000000059714,0.9324000000059414,0.9159999999999968,0.7329999999999472,0.7329000000059409,1.0660999999940373,2.7988000000119087,0.6497999999821218,30.18490000000594,12.127600000023847,1.7359000000059268,2.4489000000058923,0.7831999999881418,1.0495999999940295,0.7664000000060014,0.8495999999939841]","[0.8854000000059727,0.9665999999940595,0.8828000000119403,0.8334999999999866,0.7996999999880643,2.582099999994057,2.9989000000059605,0.6831999999880907,0.9660000000000082,1.282599999994062,0.8495000000000061,0.7497999999821161,0.916499999999985,0.916499999999985,1.2325999999940507,0.9164000000059502,0.9498000000119191,0.9494000000059373,1.0330000000000155,0.9334000000059746,0.7660000000000196,2.997800000011921,0.9165000000000418,1.016200000017875,0.7830000000000155,1.0826999999880513,1.5828000000119005,2.6654000000059455,0.7667000000178632,0.882900000005975,1.1661999999880663,1.032800000011946,2.015299999982119,0.8497999999821104,0.8165000000000191,1.0665999999940823,0.9333999999761318,0.8494999999999777,0.9324999999999477,0.91609999999406,0.7330999999940104,0.7329000000059409,1.0661999999880436,2.798900000005972,0.6497999999821218,30.18490000000594,12.12770000001791,1.7359000000059268,2.4489000000058923,0.7832999999820913,1.0495999999940295,0.7664000000060014,0.8495999999939841]",,,0.0,17.0,17.0,156.0,1.0,blad,vblad,question_vocal.png,im_mouth.png,,,,,,
,,,115296,1,21,2023-09-21_20h38.43.603,flesh_expressibility_dutch,2022.2.4,Win32,59.88023952,,,,18.0,2.0,Nederlands,,,,,,"Engels, Duits",2.0,,0.0,,0.0,,0.0,,0.0,,0.0,,0.0,,0.0,NL,6.0,2.0,2.0,1.0,,sensorypref1,sensorypref2,1536.0,864.0,,,,,,,,,,,,,,,,,,,,,,,,,,,,,,,,,,,22.0,575.8273,53.0,"[0.8854000000059727,0.9664999999999964,0.8828000000119403,0.8334000000059518,0.7996999999880643,2.582099999994057,2.9989000000059605,0.6830999999940559,0.9659000000059734,1.2824999999999989,0.8494000000059714,0.7496999999880813,0.9164000000059502,0.9164000000059502,1.2325999999940507,0.9164000000059502,0.9495999999940636,0.9493000000118741,1.0329000000059523,0.9334000000059746,0.7658999999761704,2.997800000011921,0.9163999999761927,1.016099999994026,0.7830000000000155,1.0826999999880513,1.5828000000119005,2.6654000000059455,0.7666000000238,0.8828000000119118,1.1660999999940032,1.032800000011946,2.015199999988056,0.8496999999881041,0.8165000000000191,1.0665999999940823,0.9331999999880622,0.8494000000059714,0.9324000000059414,0.9159999999999968,0.7329999999999472,0.7329000000059409,1.0660999999940373,2.7988000000119087,0.6497999999821218,30.18490000000594,12.127600000023847,1.7359000000059268,2.4489000000058923,0.7831999999881418,1.0495999999940295,0.7664000000060014,0.8495999999939841]","[0.8854000000059727,0.9665999999940595,0.8828000000119403,0.8334999999999866,0.7996999999880643,2.582099999994057,2.9989000000059605,0.6831999999880907,0.9660000000000082,1.282599999994062,0.8495000000000061,0.7497999999821161,0.916499999999985,0.916499999999985,1.2325999999940507,0.9164000000059502,0.9498000000119191,0.9494000000059373,1.0330000000000155,0.9334000000059746,0.7660000000000196,2.997800000011921,0.9165000000000418,1.016200000017875,0.7830000000000155,1.0826999999880513,1.5828000000119005,2.6654000000059455,0.7667000000178632,0.882900000005975,1.1661999999880663,1.032800000011946,2.015299999982119,0.8497999999821104,0.8165000000000191,1.0665999999940823,0.9333999999761318,0.8494999999999777,0.9324999999999477,0.91609999999406,0.7330999999940104,0.7329000000059409,1.0661999999880436,2.798900000005972,0.6497999999821218,30.18490000000594,12.12770000001791,1.7359000000059268,2.4489000000058923,0.7832999999820913,1.0495999999940295,0.7664000000060014,0.8495999999939841]",,,0.0,18.0,18.0,142.0,1.0,verbrijzelen,vverbrijzelen,question_vocal.png,im_mouth.png,,,,,,
,,,115296,1,21,2023-09-21_20h38.43.603,flesh_expressibility_dutch,2022.2.4,Win32,59.88023952,,,,18.0,2.0,Nederlands,,,,,,"Engels, Duits",2.0,,0.0,,0.0,,0.0,,0.0,,0.0,,0.0,,0.0,NL,6.0,2.0,2.0,1.0,,sensorypref1,sensorypref2,1536.0,864.0,,,,,,,,,,,,,,,,,,,,,,,,,,,,,,,,,,,17.0,576.952,54.0,"[0.8854000000059727,0.9664999999999964,0.8828000000119403,0.8334000000059518,0.7996999999880643,2.582099999994057,2.9989000000059605,0.6830999999940559,0.9659000000059734,1.2824999999999989,0.8494000000059714,0.7496999999880813,0.9164000000059502,0.9164000000059502,1.2325999999940507,0.9164000000059502,0.9495999999940636,0.9493000000118741,1.0329000000059523,0.9334000000059746,0.7658999999761704,2.997800000011921,0.9163999999761927,1.016099999994026,0.7830000000000155,1.0826999999880513,1.5828000000119005,2.6654000000059455,0.7666000000238,0.8828000000119118,1.1660999999940032,1.032800000011946,2.015199999988056,0.8496999999881041,0.8165000000000191,1.0665999999940823,0.9331999999880622,0.8494000000059714,0.9324000000059414,0.9159999999999968,0.7329999999999472,0.7329000000059409,1.0660999999940373,2.7988000000119087,0.6497999999821218,30.18490000000594,12.127600000023847,1.7359000000059268,2.4489000000058923,0.7831999999881418,1.0495999999940295,0.7664000000060014,0.8495999999939841,0.93280000001198]","[0.8854000000059727,0.9665999999940595,0.8828000000119403,0.8334999999999866,0.7996999999880643,2.582099999994057,2.9989000000059605,0.6831999999880907,0.9660000000000082,1.282599999994062,0.8495000000000061,0.7497999999821161,0.916499999999985,0.916499999999985,1.2325999999940507,0.9164000000059502,0.9498000000119191,0.9494000000059373,1.0330000000000155,0.9334000000059746,0.7660000000000196,2.997800000011921,0.9165000000000418,1.016200000017875,0.7830000000000155,1.0826999999880513,1.5828000000119005,2.6654000000059455,0.7667000000178632,0.882900000005975,1.1661999999880663,1.032800000011946,2.015299999982119,0.8497999999821104,0.8165000000000191,1.0665999999940823,0.9333999999761318,0.8494999999999777,0.9324999999999477,0.91609999999406,0.7330999999940104,0.7329000000059409,1.0661999999880436,2.798900000005972,0.6497999999821218,30.18490000000594,12.12770000001791,1.7359000000059268,2.4489000000058923,0.7832999999820913,1.0495999999940295,0.7664000000060014,0.8495999999939841,0.9329000000060432]",-0.792422159,2.7276,0.0,19.0,19.0,124.0,1.0,nek,vnek,question_vocal.png,im_mouth.png,,,,,,
,,,115296,1,21,2023-09-21_20h38.43.603,flesh_expressibility_dutch,2022.2.4,Win32,59.88023952,,,,18.0,2.0,Nederlands,,,,,,"Engels, Duits",2.0,,0.0,,0.0,,0.0,,0.0,,0.0,,0.0,,0.0,NL,6.0,2.0,2.0,1.0,,sensorypref1,sensorypref2,1536.0,864.0,,,,,,,,,,,,,,,,,,,,,,,,,,,,,,,,,,,18.0,580.2796,55.0,"[0.8854000000059727,0.9664999999999964,0.8828000000119403,0.8334000000059518,0.7996999999880643,2.582099999994057,2.9989000000059605,0.6830999999940559,0.9659000000059734,1.2824999999999989,0.8494000000059714,0.7496999999880813,0.9164000000059502,0.9164000000059502,1.2325999999940507,0.9164000000059502,0.9495999999940636,0.9493000000118741,1.0329000000059523,0.9334000000059746,0.7658999999761704,2.997800000011921,0.9163999999761927,1.016099999994026,0.7830000000000155,1.0826999999880513,1.5828000000119005,2.6654000000059455,0.7666000000238,0.8828000000119118,1.1660999999940032,1.032800000011946,2.015199999988056,0.8496999999881041,0.8165000000000191,1.0665999999940823,0.9331999999880622,0.8494000000059714,0.9324000000059414,0.9159999999999968,0.7329999999999472,0.7329000000059409,1.0660999999940373,2.7988000000119087,0.6497999999821218,30.18490000000594,12.127600000023847,1.7359000000059268,2.4489000000058923,0.7831999999881418,1.0495999999940295,0.7664000000060014,0.8495999999939841,0.93280000001198,0.8160999999939804]","[0.8854000000059727,0.9665999999940595,0.8828000000119403,0.8334999999999866,0.7996999999880643,2.582099999994057,2.9989000000059605,0.6831999999880907,0.9660000000000082,1.282599999994062,0.8495000000000061,0.7497999999821161,0.916499999999985,0.916499999999985,1.2325999999940507,0.9164000000059502,0.9498000000119191,0.9494000000059373,1.0330000000000155,0.9334000000059746,0.7660000000000196,2.997800000011921,0.9165000000000418,1.016200000017875,0.7830000000000155,1.0826999999880513,1.5828000000119005,2.6654000000059455,0.7667000000178632,0.882900000005975,1.1661999999880663,1.032800000011946,2.015299999982119,0.8497999999821104,0.8165000000000191,1.0665999999940823,0.9333999999761318,0.8494999999999777,0.9324999999999477,0.91609999999406,0.7330999999940104,0.7329000000059409,1.0661999999880436,2.798900000005972,0.6497999999821218,30.18490000000594,12.12770000001791,1.7359000000059268,2.4489000000058923,0.7832999999820913,1.0495999999940295,0.7664000000060014,0.8495999999939841,0.9329000000060432,0.8160999999939804]",-0.662516882,3.0259,0.0,20.0,20.0,31.0,1.0,zwak,vzwak,question_vocal.png,im_mouth.png,,,,,,
,,,115296,1,21,2023-09-21_20h38.43.603,flesh_expressibility_dutch,2022.2.4,Win32,59.88023952,,,,18.0,2.0,Nederlands,,,,,,"Engels, Duits",2.0,,0.0,,0.0,,0.0,,0.0,,0.0,,0.0,,0.0,NL,6.0,2.0,2.0,1.0,,sensorypref1,sensorypref2,1536.0,864.0,,,,,,,,,,,,,,,,,,,,,,,,,,,,,,,,,,,16.0,584.1935,56.0,"[0.8854000000059727,0.9664999999999964,0.8828000000119403,0.8334000000059518,0.7996999999880643,2.582099999994057,2.9989000000059605,0.6830999999940559,0.9659000000059734,1.2824999999999989,0.8494000000059714,0.7496999999880813,0.9164000000059502,0.9164000000059502,1.2325999999940507,0.9164000000059502,0.9495999999940636,0.9493000000118741,1.0329000000059523,0.9334000000059746,0.7658999999761704,2.997800000011921,0.9163999999761927,1.016099999994026,0.7830000000000155,1.0826999999880513,1.5828000000119005,2.6654000000059455,0.7666000000238,0.8828000000119118,1.1660999999940032,1.032800000011946,2.015199999988056,0.8496999999881041,0.8165000000000191,1.0665999999940823,0.9331999999880622,0.8494000000059714,0.9324000000059414,0.9159999999999968,0.7329999999999472,0.7329000000059409,1.0660999999940373,2.7988000000119087,0.6497999999821218,30.18490000000594,12.127600000023847,1.7359000000059268,2.4489000000058923,0.7831999999881418,1.0495999999940295,0.7664000000060014,0.8495999999939841,0.93280000001198,0.8160999999939804,7.9473000000118645]","[0.8854000000059727,0.9665999999940595,0.8828000000119403,0.8334999999999866,0.7996999999880643,2.582099999994057,2.9989000000059605,0.6831999999880907,0.9660000000000082,1.282599999994062,0.8495000000000061,0.7497999999821161,0.916499999999985,0.916499999999985,1.2325999999940507,0.9164000000059502,0.9498000000119191,0.9494000000059373,1.0330000000000155,0.9334000000059746,0.7660000000000196,2.997800000011921,0.9165000000000418,1.016200000017875,0.7830000000000155,1.0826999999880513,1.5828000000119005,2.6654000000059455,0.7667000000178632,0.882900000005975,1.1661999999880663,1.032800000011946,2.015299999982119,0.8497999999821104,0.8165000000000191,1.0665999999940823,0.9333999999761318,0.8494999999999777,0.9324999999999477,0.91609999999406,0.7330999999940104,0.7329000000059409,1.0661999999880436,2.798900000005972,0.6497999999821218,30.18490000000594,12.12770000001791,1.7359000000059268,2.4489000000058923,0.7832999999820913,1.0495999999940295,0.7664000000060014,0.8495999999939841,0.9329000000060432,0.8160999999939804,7.9473000000118645]",-0.387550777,3.8579,0.0,21.0,21.0,132.0,1.0,aarde,vaarde,question_vocal.png,im_mouth.png,,,,,,
,,,115296,1,21,2023-09-21_20h38.43.603,flesh_expressibility_dutch,2022.2.4,Win32,59.88023952,,,,18.0,2.0,Nederlands,,,,,,"Engels, Duits",2.0,,0.0,,0.0,,0.0,,0.0,,0.0,,0.0,,0.0,NL,6.0,2.0,2.0,1.0,,sensorypref1,sensorypref2,1536.0,864.0,,,,,,,,,,,,,,,,,,,,,,,,,,,,,,,,,,,11.0,595.971,57.0,"[0.8854000000059727,0.9664999999999964,0.8828000000119403,0.8334000000059518,0.7996999999880643,2.582099999994057,2.9989000000059605,0.6830999999940559,0.9659000000059734,1.2824999999999989,0.8494000000059714,0.7496999999880813,0.9164000000059502,0.9164000000059502,1.2325999999940507,0.9164000000059502,0.9495999999940636,0.9493000000118741,1.0329000000059523,0.9334000000059746,0.7658999999761704,2.997800000011921,0.9163999999761927,1.016099999994026,0.7830000000000155,1.0826999999880513,1.5828000000119005,2.6654000000059455,0.7666000000238,0.8828000000119118,1.1660999999940032,1.032800000011946,2.015199999988056,0.8496999999881041,0.8165000000000191,1.0665999999940823,0.9331999999880622,0.8494000000059714,0.9324000000059414,0.9159999999999968,0.7329999999999472,0.7329000000059409,1.0660999999940373,2.7988000000119087,0.6497999999821218,30.18490000000594,12.127600000023847,1.7359000000059268,2.4489000000058923,0.7831999999881418,1.0495999999940295,0.7664000000060014,0.8495999999939841,0.93280000001198,0.8160999999939804,7.9473000000118645,2.6820000000000164]","[0.8854000000059727,0.9665999999940595,0.8828000000119403,0.8334999999999866,0.7996999999880643,2.582099999994057,2.9989000000059605,0.6831999999880907,0.9660000000000082,1.282599999994062,0.8495000000000061,0.7497999999821161,0.916499999999985,0.916499999999985,1.2325999999940507,0.9164000000059502,0.9498000000119191,0.9494000000059373,1.0330000000000155,0.9334000000059746,0.7660000000000196,2.997800000011921,0.9165000000000418,1.016200000017875,0.7830000000000155,1.0826999999880513,1.5828000000119005,2.6654000000059455,0.7667000000178632,0.882900000005975,1.1661999999880663,1.032800000011946,2.015299999982119,0.8497999999821104,0.8165000000000191,1.0665999999940823,0.9333999999761318,0.8494999999999777,0.9324999999999477,0.91609999999406,0.7330999999940104,0.7329000000059409,1.0661999999880436,2.798900000005972,0.6497999999821218,30.18490000000594,12.12770000001791,1.7359000000059268,2.4489000000058923,0.7832999999820913,1.0495999999940295,0.7664000000060014,0.8495999999939841,0.9329000000060432,0.8160999999939804,7.9473000000118645,2.6820999999940796]",-0.313937754,4.4508,0.0,22.0,22.0,0.0,1.0,droog,vdroog,question_vocal.png,im_mouth.png,,,,,,
,,,115296,1,21,2023-09-21_20h38.43.603,flesh_expressibility_dutch,2022.2.4,Win32,59.88023952,,,,18.0,2.0,Nederlands,,,,,,"Engels, Duits",2.0,,0.0,,0.0,,0.0,,0.0,,0.0,,0.0,,0.0,NL,6.0,2.0,2.0,1.0,,sensorypref1,sensorypref2,1536.0,864.0,,,,,,,,,,,,,,,,,,,,,,,,,,,,,,,,,,,22.0,601.2668,57.0,"[0.8854000000059727,0.9664999999999964,0.8828000000119403,0.8334000000059518,0.7996999999880643,2.582099999994057,2.9989000000059605,0.6830999999940559,0.9659000000059734,1.2824999999999989,0.8494000000059714,0.7496999999880813,0.9164000000059502,0.9164000000059502,1.2325999999940507,0.9164000000059502,0.9495999999940636,0.9493000000118741,1.0329000000059523,0.9334000000059746,0.7658999999761704,2.997800000011921,0.9163999999761927,1.016099999994026,0.7830000000000155,1.0826999999880513,1.5828000000119005,2.6654000000059455,0.7666000000238,0.8828000000119118,1.1660999999940032,1.032800000011946,2.015199999988056,0.8496999999881041,0.8165000000000191,1.0665999999940823,0.9331999999880622,0.8494000000059714,0.9324000000059414,0.9159999999999968,0.7329999999999472,0.7329000000059409,1.0660999999940373,2.7988000000119087,0.6497999999821218,30.18490000000594,12.127600000023847,1.7359000000059268,2.4489000000058923,0.7831999999881418,1.0495999999940295,0.7664000000060014,0.8495999999939841,0.93280000001198,0.8160999999939804,7.9473000000118645,2.6820000000000164]","[0.8854000000059727,0.9665999999940595,0.8828000000119403,0.8334999999999866,0.7996999999880643,2.582099999994057,2.9989000000059605,0.6831999999880907,0.9660000000000082,1.282599999994062,0.8495000000000061,0.7497999999821161,0.916499999999985,0.916499999999985,1.2325999999940507,0.9164000000059502,0.9498000000119191,0.9494000000059373,1.0330000000000155,0.9334000000059746,0.7660000000000196,2.997800000011921,0.9165000000000418,1.016200000017875,0.7830000000000155,1.0826999999880513,1.5828000000119005,2.6654000000059455,0.7667000000178632,0.882900000005975,1.1661999999880663,1.032800000011946,2.015299999982119,0.8497999999821104,0.8165000000000191,1.0665999999940823,0.9333999999761318,0.8494999999999777,0.9324999999999477,0.91609999999406,0.7330999999940104,0.7329000000059409,1.0661999999880436,2.798900000005972,0.6497999999821218,30.18490000000594,12.12770000001791,1.7359000000059268,2.4489000000058923,0.7832999999820913,1.0495999999940295,0.7664000000060014,0.8495999999939841,0.9329000000060432,0.8160999999939804,7.9473000000118645,2.6820999999940796]",,,0.0,23.0,23.0,99.0,1.0,mier,vmier,question_vocal.png,im_mouth.png,,,,,,
,,,115296,1,21,2023-09-21_20h38.43.603,flesh_expressibility_dutch,2022.2.4,Win32,59.88023952,,,,18.0,2.0,Nederlands,,,,,,"Engels, Duits",2.0,,0.0,,0.0,,0.0,,0.0,,0.0,,0.0,,0.0,NL,6.0,2.0,2.0,1.0,,sensorypref1,sensorypref2,1536.0,864.0,,,,,,,,,,,,,,,,,,,,,,,,,,,,,,,,,,,17.0,602.1411,58.0,"[0.8854000000059727,0.9664999999999964,0.8828000000119403,0.8334000000059518,0.7996999999880643,2.582099999994057,2.9989000000059605,0.6830999999940559,0.9659000000059734,1.2824999999999989,0.8494000000059714,0.7496999999880813,0.9164000000059502,0.9164000000059502,1.2325999999940507,0.9164000000059502,0.9495999999940636,0.9493000000118741,1.0329000000059523,0.9334000000059746,0.7658999999761704,2.997800000011921,0.9163999999761927,1.016099999994026,0.7830000000000155,1.0826999999880513,1.5828000000119005,2.6654000000059455,0.7666000000238,0.8828000000119118,1.1660999999940032,1.032800000011946,2.015199999988056,0.8496999999881041,0.8165000000000191,1.0665999999940823,0.9331999999880622,0.8494000000059714,0.9324000000059414,0.9159999999999968,0.7329999999999472,0.7329000000059409,1.0660999999940373,2.7988000000119087,0.6497999999821218,30.18490000000594,12.127600000023847,1.7359000000059268,2.4489000000058923,0.7831999999881418,1.0495999999940295,0.7664000000060014,0.8495999999939841,0.93280000001198,0.8160999999939804,7.9473000000118645,2.6820000000000164,0.8342000000178587]","[0.8854000000059727,0.9665999999940595,0.8828000000119403,0.8334999999999866,0.7996999999880643,2.582099999994057,2.9989000000059605,0.6831999999880907,0.9660000000000082,1.282599999994062,0.8495000000000061,0.7497999999821161,0.916499999999985,0.916499999999985,1.2325999999940507,0.9164000000059502,0.9498000000119191,0.9494000000059373,1.0330000000000155,0.9334000000059746,0.7660000000000196,2.997800000011921,0.9165000000000418,1.016200000017875,0.7830000000000155,1.0826999999880513,1.5828000000119005,2.6654000000059455,0.7667000000178632,0.882900000005975,1.1661999999880663,1.032800000011946,2.015299999982119,0.8497999999821104,0.8165000000000191,1.0665999999940823,0.9333999999761318,0.8494999999999777,0.9324999999999477,0.91609999999406,0.7330999999940104,0.7329000000059409,1.0661999999880436,2.798900000005972,0.6497999999821218,30.18490000000594,12.12770000001791,1.7359000000059268,2.4489000000058923,0.7832999999820913,1.0495999999940295,0.7664000000060014,0.8495999999939841,0.9329000000060432,0.8160999999939804,7.9473000000118645,2.6820999999940796,0.8343000000119218]",-0.270635995,3.2594,0.0,24.0,24.0,34.0,1.0,vergeten,vvergeten,question_vocal.png,im_mouth.png,,,,,,
,,,115296,1,21,2023-09-21_20h38.43.603,flesh_expressibility_dutch,2022.2.4,Win32,59.88023952,,,,18.0,2.0,Nederlands,,,,,,"Engels, Duits",2.0,,0.0,,0.0,,0.0,,0.0,,0.0,,0.0,,0.0,NL,6.0,2.0,2.0,1.0,,sensorypref1,sensorypref2,1536.0,864.0,,,,,,,,,,,,,,,,,,,,,,,,,,,,,,,,,,,22.0,606.1933,58.0,"[0.8854000000059727,0.9664999999999964,0.8828000000119403,0.8334000000059518,0.7996999999880643,2.582099999994057,2.9989000000059605,0.6830999999940559,0.9659000000059734,1.2824999999999989,0.8494000000059714,0.7496999999880813,0.9164000000059502,0.9164000000059502,1.2325999999940507,0.9164000000059502,0.9495999999940636,0.9493000000118741,1.0329000000059523,0.9334000000059746,0.7658999999761704,2.997800000011921,0.9163999999761927,1.016099999994026,0.7830000000000155,1.0826999999880513,1.5828000000119005,2.6654000000059455,0.7666000000238,0.8828000000119118,1.1660999999940032,1.032800000011946,2.015199999988056,0.8496999999881041,0.8165000000000191,1.0665999999940823,0.9331999999880622,0.8494000000059714,0.9324000000059414,0.9159999999999968,0.7329999999999472,0.7329000000059409,1.0660999999940373,2.7988000000119087,0.6497999999821218,30.18490000000594,12.127600000023847,1.7359000000059268,2.4489000000058923,0.7831999999881418,1.0495999999940295,0.7664000000060014,0.8495999999939841,0.93280000001198,0.8160999999939804,7.9473000000118645,2.6820000000000164,0.8342000000178587]","[0.8854000000059727,0.9665999999940595,0.8828000000119403,0.8334999999999866,0.7996999999880643,2.582099999994057,2.9989000000059605,0.6831999999880907,0.9660000000000082,1.282599999994062,0.8495000000000061,0.7497999999821161,0.916499999999985,0.916499999999985,1.2325999999940507,0.9164000000059502,0.9498000000119191,0.9494000000059373,1.0330000000000155,0.9334000000059746,0.7660000000000196,2.997800000011921,0.9165000000000418,1.016200000017875,0.7830000000000155,1.0826999999880513,1.5828000000119005,2.6654000000059455,0.7667000000178632,0.882900000005975,1.1661999999880663,1.032800000011946,2.015299999982119,0.8497999999821104,0.8165000000000191,1.0665999999940823,0.9333999999761318,0.8494999999999777,0.9324999999999477,0.91609999999406,0.7330999999940104,0.7329000000059409,1.0661999999880436,2.798900000005972,0.6497999999821218,30.18490000000594,12.12770000001791,1.7359000000059268,2.4489000000058923,0.7832999999820913,1.0495999999940295,0.7664000000060014,0.8495999999939841,0.9329000000060432,0.8160999999939804,7.9473000000118645,2.6820999999940796,0.8343000000119218]",,,0.0,25.0,25.0,75.0,1.0,rond,vrond,question_vocal.png,im_mouth.png,,,,,,
,,,115296,1,21,2023-09-21_20h38.43.603,flesh_expressibility_dutch,2022.2.4,Win32,59.88023952,,,,18.0,2.0,Nederlands,,,,,,"Engels, Duits",2.0,,0.0,,0.0,,0.0,,0.0,,0.0,,0.0,,0.0,NL,6.0,2.0,2.0,1.0,,sensorypref1,sensorypref2,1536.0,864.0,,,,,,,,,,,,,,,,,,,,,,,,,,,,,,,,,,,17.0,607.1533,59.0,"[0.8854000000059727,0.9664999999999964,0.8828000000119403,0.8334000000059518,0.7996999999880643,2.582099999994057,2.9989000000059605,0.6830999999940559,0.9659000000059734,1.2824999999999989,0.8494000000059714,0.7496999999880813,0.9164000000059502,0.9164000000059502,1.2325999999940507,0.9164000000059502,0.9495999999940636,0.9493000000118741,1.0329000000059523,0.9334000000059746,0.7658999999761704,2.997800000011921,0.9163999999761927,1.016099999994026,0.7830000000000155,1.0826999999880513,1.5828000000119005,2.6654000000059455,0.7666000000238,0.8828000000119118,1.1660999999940032,1.032800000011946,2.015199999988056,0.8496999999881041,0.8165000000000191,1.0665999999940823,0.9331999999880622,0.8494000000059714,0.9324000000059414,0.9159999999999968,0.7329999999999472,0.7329000000059409,1.0660999999940373,2.7988000000119087,0.6497999999821218,30.18490000000594,12.127600000023847,1.7359000000059268,2.4489000000058923,0.7831999999881418,1.0495999999940295,0.7664000000060014,0.8495999999939841,0.93280000001198,0.8160999999939804,7.9473000000118645,2.6820000000000164,0.8342000000178587,0.6664000000059787]","[0.8854000000059727,0.9665999999940595,0.8828000000119403,0.8334999999999866,0.7996999999880643,2.582099999994057,2.9989000000059605,0.6831999999880907,0.9660000000000082,1.282599999994062,0.8495000000000061,0.7497999999821161,0.916499999999985,0.916499999999985,1.2325999999940507,0.9164000000059502,0.9498000000119191,0.9494000000059373,1.0330000000000155,0.9334000000059746,0.7660000000000196,2.997800000011921,0.9165000000000418,1.016200000017875,0.7830000000000155,1.0826999999880513,1.5828000000119005,2.6654000000059455,0.7667000000178632,0.882900000005975,1.1661999999880663,1.032800000011946,2.015299999982119,0.8497999999821104,0.8165000000000191,1.0665999999940823,0.9333999999761318,0.8494999999999777,0.9324999999999477,0.91609999999406,0.7330999999940104,0.7329000000059409,1.0661999999880436,2.798900000005972,0.6497999999821218,30.18490000000594,12.12770000001791,1.7359000000059268,2.4489000000058923,0.7832999999820913,1.0495999999940295,0.7664000000060014,0.8495999999939841,0.9329000000060432,0.8160999999939804,7.9473000000118645,2.6820999999940796,0.8343000000119218,0.6664000000059787]",-0.51312578,2.5347,0.0,26.0,26.0,186.0,1.0,lang,vlang,question_vocal.png,im_mouth.png,,,,,,
,,,115296,1,21,2023-09-21_20h38.43.603,flesh_expressibility_dutch,2022.2.4,Win32,59.88023952,,,,18.0,2.0,Nederlands,,,,,,"Engels, Duits",2.0,,0.0,,0.0,,0.0,,0.0,,0.0,,0.0,,0.0,NL,6.0,2.0,2.0,1.0,,sensorypref1,sensorypref2,1536.0,864.0,,,,,,,,,,,,,,,,,,,,,,,,,,,,,,,,,,,15.0,610.2564,60.0,"[0.8854000000059727,0.9664999999999964,0.8828000000119403,0.8334000000059518,0.7996999999880643,2.582099999994057,2.9989000000059605,0.6830999999940559,0.9659000000059734,1.2824999999999989,0.8494000000059714,0.7496999999880813,0.9164000000059502,0.9164000000059502,1.2325999999940507,0.9164000000059502,0.9495999999940636,0.9493000000118741,1.0329000000059523,0.9334000000059746,0.7658999999761704,2.997800000011921,0.9163999999761927,1.016099999994026,0.7830000000000155,1.0826999999880513,1.5828000000119005,2.6654000000059455,0.7666000000238,0.8828000000119118,1.1660999999940032,1.032800000011946,2.015199999988056,0.8496999999881041,0.8165000000000191,1.0665999999940823,0.9331999999880622,0.8494000000059714,0.9324000000059414,0.9159999999999968,0.7329999999999472,0.7329000000059409,1.0660999999940373,2.7988000000119087,0.6497999999821218,30.18490000000594,12.127600000023847,1.7359000000059268,2.4489000000058923,0.7831999999881418,1.0495999999940295,0.7664000000060014,0.8495999999939841,0.93280000001198,0.8160999999939804,7.9473000000118645,2.6820000000000164,0.8342000000178587,0.6664000000059787,2.098900000005983]","[0.8854000000059727,0.9665999999940595,0.8828000000119403,0.8334999999999866,0.7996999999880643,2.582099999994057,2.9989000000059605,0.6831999999880907,0.9660000000000082,1.282599999994062,0.8495000000000061,0.7497999999821161,0.916499999999985,0.916499999999985,1.2325999999940507,0.9164000000059502,0.9498000000119191,0.9494000000059373,1.0330000000000155,0.9334000000059746,0.7660000000000196,2.997800000011921,0.9165000000000418,1.016200000017875,0.7830000000000155,1.0826999999880513,1.5828000000119005,2.6654000000059455,0.7667000000178632,0.882900000005975,1.1661999999880663,1.032800000011946,2.015299999982119,0.8497999999821104,0.8165000000000191,1.0665999999940823,0.9333999999761318,0.8494999999999777,0.9324999999999477,0.91609999999406,0.7330999999940104,0.7329000000059409,1.0661999999880436,2.798900000005972,0.6497999999821218,30.18490000000594,12.12770000001791,1.7359000000059268,2.4489000000058923,0.7832999999820913,1.0495999999940295,0.7664000000060014,0.8495999999939841,0.9329000000060432,0.8160999999939804,7.9473000000118645,2.6820999999940796,0.8343000000119218,0.6664000000059787,2.0989999999999327]",0.194857916,4.0334,0.0,27.0,27.0,177.0,1.0,kind,vkind,question_vocal.png,im_mouth.png,,,,,,
,,,115296,1,21,2023-09-21_20h38.43.603,flesh_expressibility_dutch,2022.2.4,Win32,59.88023952,,,,18.0,2.0,Nederlands,,,,,,"Engels, Duits",2.0,,0.0,,0.0,,0.0,,0.0,,0.0,,0.0,,0.0,NL,6.0,2.0,2.0,1.0,,sensorypref1,sensorypref2,1536.0,864.0,,,,,,,,,,,,,,,,,,,,,,,,,,,,,,,,,,,,,,,,,,,,,,,,,,,,,,,,
,,,115296,1,21,2023-09-21_20h38.43.603,flesh_expressibility_dutch,2022.2.4,Win32,59.88023952,,,,18.0,2.0,Nederlands,,,,,,"Engels, Duits",2.0,,0.0,,0.0,,0.0,,0.0,,0.0,,0.0,,0.0,NL,6.0,2.0,2.0,1.0,,sensorypref1,sensorypref2,1536.0,864.0,,,,,,,,,,,,,,,,,,,,,,,,,,,,,,,,,,,,,,,,,,,,,,,,,,,1.0,,,,,
,,,115296,1,21,2023-09-21_20h38.43.603,flesh_expressibility_dutch,2022.2.4,Win32,59.88023952,,,,18.0,2.0,Nederlands,,,,,,"Engels, Duits",2.0,,0.0,,0.0,,0.0,,0.0,,0.0,,0.0,,0.0,NL,6.0,2.0,2.0,1.0,,sensorypref1,sensorypref2,1536.0,864.0,,,,,,,,,,,,,,,,,,,,,,,,,,,,,,,,,,,,,,,,,,,,,,,,,,,1.0,,,,,
,,,115296,1,21,2023-09-21_20h38.43.603,flesh_expressibility_dutch,2022.2.4,Win32,59.88023952,,,,18.0,2.0,Nederlands,,,,,,"Engels, Duits",2.0,,0.0,,0.0,,0.0,,0.0,,0.0,,0.0,,0.0,NL,6.0,2.0,2.0,1.0,,sensorypref1,sensorypref2,1536.0,864.0,,,,,,,,,,,,,,,,,,,,,,,,,,,,,,,,,,,,,,,,,,,,,,,,,,,1.0,,,1.0,[624.621699999988],[624.621799999982]
