welcome_weiter.numClicks,welcome_weiter.timesOn,welcome_weiter.timesOff,session,presentation limit,date,expName,psychopyVersion,OS,frameRate,introduction_weiter.numClicks,introduction_weiter.timesOn,introduction_weiter.timesOff,mouse.x,mouse.y,mouse.leftButton,mouse.midButton,mouse.rightButton,mouse.time,mouse.clicked_name,button_confirm.numClicks,button_confirm.timesOn,button_confirm.timesOff,button_exit.numClicks,button_exit.timesOn,button_exit.timesOff,age,gender,natlang1,natlang2,natlang3,natlang4,natlang5,natlang6,lang1,proficiency1,lang2,proficiency2,lang3,proficiency3,lang4,proficiency4,lang5,proficiency5,lang6,proficiency6,lang7,proficiency7,lang8,proficiency8,country,education,dyslexia,mobility,currentloc,radio-for-required-checkboxes,sensorypref1,sensorypref2,xRes,yRes,sensorypref[],sensorypref3,sensorypref4,practice_weiter.numClicks,practice_weiter.timesOn,practice_weiter.timesOff,pr_message_weiter.numClicks,pr_message_weiter.timesOn,pr_message_weiter.timesOff,pr_remember_weiter.numClicks,pr_remember_weiter.timesOn,pr_remember_weiter.timesOff,button_weiter.numClicks,button_weiter.timesOn,button_weiter.timesOff,pr_expressibility.response,pr_expressibility.rt,practice_trials.thisRepN,practice_trials.thisTrialN,practice_trials.thisN,practice_trials.thisIndex,practice_trials.ran,pr_word,pr_question,pr_image,start_weiter.numClicks,start_weiter.timesOn,start_weiter.timesOff,message_weiter.numClicks,message_weiter.timesOn,message_weiter.timesOff,trial_remember_weiter.numClicks,trial_remember_weiter.timesOn,trial_remember_weiter.timesOff,Count,Shelf time,trial_button_weiter.numClicks,trial_button_weiter.timesOn,trial_button_weiter.timesOff,expressibility.response,expressibility.rt,trials.thisRepN,trials.thisTrialN,trials.thisN,trials.thisIndex,trials.ran,word,fordict,question,trial_img,problem,problem_text,end_experiment.numClicks,end_experiment.timesOn,end_experiment.timesOff
1.0,[1.6408000000000031],[1.6408000000000031],1,3,2023-05-15_07h44.04.495,flesh_expressibility_dutch,2022.2.4,Linux x86_64,59.90534955,,,,,,,,,,,,,,,,,,,,,,,,,,,,,,,,,,,,,,,,,,,,,,,,,,,,,,,,,,,,,,,,,,,,,,,,,,,,,,,,,,,,,,,,,,,,,,,,,,,,,,,,,
,,,1,3,2023-05-15_07h44.04.495,flesh_expressibility_dutch,2022.2.4,Linux x86_64,59.90534955,,,,,,,,,,,,,,,,,,,,,,,,,,,,,,,,,,,,,,,,,,,,,,,,,,,,,,,,,,,,,,,,,,,,,,,,,,,,,,,,,,,,,,,,,,,,,,,,,,,,,,,,,
,,,1,3,2023-05-15_07h44.04.495,flesh_expressibility_dutch,2022.2.4,Linux x86_64,59.90534955,1.0,[4.726699999999997],[4.726800000000003],,,,,,,,,,,,,,,,,,,,,,,,,,,,,,,,,,,,,,,,,,,,,,,,,,,,,,,,,,,,,,,,,,,,,,,,,,,,,,,,,,,,,,,,,,,,,,,,,,,,,,
,,,1,3,2023-05-15_07h44.04.495,flesh_expressibility_dutch,2022.2.4,Linux x86_64,59.90534955,,,,,,,,,,,,,,,,,,,,,,,,,,,,,,,,,,,,,,,,,,,,,,,,,,,,,,,,,,,,,,,,,,,,,,,,,,,,,,,,,,,,,,,,,,,,,,,,,,,,,,,,,
,,,1,3,2023-05-15_07h44.04.495,flesh_expressibility_dutch,2022.2.4,Linux x86_64,59.90534955,,,,[0.5241392876691879],[-0.39905811479896497],[1],[0],[0],[1.8116999999999948],"[""button_confirm""]",1.0,[7.141099999999991],[7.141099999999991],0.0,[],[],,,,,,,,,,,,,,,,,,,,,,,,,,,,,,,,,,,,,,,,,,,,,,,,,,,,,,,,,,,,,,,,,,,,,,,,,,,,,,,,,,,,,,,,,
,,,1,3,2023-05-15_07h44.04.495,flesh_expressibility_dutch,2022.2.4,Linux x86_64,59.90534955,,,,,,,,,,,,,,,,,37.0,1.0,nederlands,,,,,,engels,3.0,,0.0,,0.0,,0.0,,0.0,,0.0,,0.0,,0.0,NL,7.0,2.0,2.0,1.0,on,sensorypref1,sensorypref2,1745.0,981.0,,,,,,,,,,,,,,,,,,,,,,,,,,,,,,,,,,,,,,,,,,,,,,,,,,,,,,,
,,,1,3,2023-05-15_07h44.04.495,flesh_expressibility_dutch,2022.2.4,Linux x86_64,59.90534955,,,,,,,,,,,,,,,,,37.0,1.0,nederlands,,,,,,engels,3.0,,0.0,,0.0,,0.0,,0.0,,0.0,,0.0,,0.0,NL,7.0,2.0,2.0,1.0,,sensorypref1,sensorypref2,1745.0,981.0,,,,1.0,[55.249399999999994],[55.249399999999994],,,,,,,,,,,,,,,,,,,,,,,,,,,,,,,,,,,,,,,,,,,,,,,,,
,,,1,3,2023-05-15_07h44.04.495,flesh_expressibility_dutch,2022.2.4,Linux x86_64,59.90534955,,,,,,,,,,,,,,,,,37.0,1.0,nederlands,,,,,,engels,3.0,,0.0,,0.0,,0.0,,0.0,,0.0,,0.0,,0.0,NL,7.0,2.0,2.0,1.0,,sensorypref1,sensorypref2,1745.0,981.0,,,,,,,,,,,,,,,,,,,,,,,,,,,,,,,,,,,,,,,,,,,,,,,,,,,,,,,
,,,1,3,2023-05-15_07h44.04.495,flesh_expressibility_dutch,2022.2.4,Linux x86_64,59.90534955,,,,,,,,,,,,,,,,,37.0,1.0,nederlands,,,,,,engels,3.0,,0.0,,0.0,,0.0,,0.0,,0.0,,0.0,,0.0,NL,7.0,2.0,2.0,1.0,,sensorypref1,sensorypref2,1745.0,981.0,,,,,,,1.0,[71.27359999999999],[71.27359999999999],1.0,[83.37470000000002],[83.37470000000002],1.0,[1.5526000000000124],[1.5527000000000157],0.730192772,16.1292,0.0,0.0,0.0,1.0,1.0,leeuw,question_multimodal.png,im_combination.png,,,,,,,,,,,,,,,,,,,,,,,,,,,,,,
,,,1,3,2023-05-15_07h44.04.495,flesh_expressibility_dutch,2022.2.4,Linux x86_64,59.90534955,,,,,,,,,,,,,,,,,37.0,1.0,nederlands,,,,,,engels,3.0,,0.0,,0.0,,0.0,,0.0,,0.0,,0.0,,0.0,NL,7.0,2.0,2.0,1.0,,sensorypref1,sensorypref2,1745.0,981.0,,,,,,,,,,,,,2.0,"[1.5526000000000124,1.068399999999997]","[1.5527000000000157,1.068399999999997]",0.14060468,3.679,0.0,1.0,1.0,0.0,1.0,koken,question_multimodal.png,im_combination.png,,,,,,,,,,,,,,,,,,,,,,,,,,,,,,
,,,1,3,2023-05-15_07h44.04.495,flesh_expressibility_dutch,2022.2.4,Linux x86_64,59.90534955,,,,,,,,,,,,,,,,,37.0,1.0,nederlands,,,,,,engels,3.0,,0.0,,0.0,,0.0,,0.0,,0.0,,0.0,,0.0,NL,7.0,2.0,2.0,1.0,,sensorypref1,sensorypref2,1745.0,981.0,,,,,,,2.0,"[71.27359999999999,121.05369999999999]","[71.27359999999999,121.05369999999999]",2.0,"[83.37470000000002,130.7845]","[83.37470000000002,130.7846]",3.0,"[1.5526000000000124,1.068399999999997,1.3856000000000108]","[1.5527000000000157,1.068399999999997,1.3856999999999857]",-0.493864767,3.4084,0.0,0.0,0.0,1.0,1.0,auto,question_gesture.png,im_hand.png,,,,,,,,,,,,,,,,,,,,,,,,,,,,,,
,,,1,3,2023-05-15_07h44.04.495,flesh_expressibility_dutch,2022.2.4,Linux x86_64,59.90534955,,,,,,,,,,,,,,,,,37.0,1.0,nederlands,,,,,,engels,3.0,,0.0,,0.0,,0.0,,0.0,,0.0,,0.0,,0.0,NL,7.0,2.0,2.0,1.0,,sensorypref1,sensorypref2,1745.0,981.0,,,,,,,,,,,,,4.0,"[1.5526000000000124,1.068399999999997,1.3856000000000108,1.0516000000000076]","[1.5527000000000157,1.068399999999997,1.3856999999999857,1.0518999999999892]",-0.717767509,2.1456,0.0,1.0,1.0,0.0,1.0,baby,question_gesture.png,im_hand.png,,,,,,,,,,,,,,,,,,,,,,,,,,,,,,
,,,1,3,2023-05-15_07h44.04.495,flesh_expressibility_dutch,2022.2.4,Linux x86_64,59.90534955,,,,,,,,,,,,,,,,,37.0,1.0,nederlands,,,,,,engels,3.0,,0.0,,0.0,,0.0,,0.0,,0.0,,0.0,,0.0,NL,7.0,2.0,2.0,1.0,,sensorypref1,sensorypref2,1745.0,981.0,,,,,,,3.0,"[71.27359999999999,121.05369999999999,146.44410000000002]","[71.27359999999999,121.05369999999999,146.44410000000002]",3.0,"[83.37470000000002,130.7845,149.51440000000002]","[83.37470000000002,130.7846,149.51440000000002]",5.0,"[1.5526000000000124,1.068399999999997,1.3856000000000108,1.0516000000000076,1.0016999999999996]","[1.5527000000000157,1.068399999999997,1.3856999999999857,1.0518999999999892,1.0016999999999996]",-0.843239938,2.6588,0.0,0.0,0.0,0.0,1.0,liefde,question_vocal.png,im_mouth.png,,,,,,,,,,,,,,,,,,,,,,,,,,,,,,
,,,1,3,2023-05-15_07h44.04.495,flesh_expressibility_dutch,2022.2.4,Linux x86_64,59.90534955,,,,,,,,,,,,,,,,,37.0,1.0,nederlands,,,,,,engels,3.0,,0.0,,0.0,,0.0,,0.0,,0.0,,0.0,,0.0,NL,7.0,2.0,2.0,1.0,,sensorypref1,sensorypref2,1745.0,981.0,,,,,,,,,,,,,6.0,"[1.5526000000000124,1.068399999999997,1.3856000000000108,1.0516000000000076,1.0016999999999996,1.068399999999997]","[1.5527000000000157,1.068399999999997,1.3856999999999857,1.0518999999999892,1.0016999999999996,1.068399999999997]",0.545231398,5.2245,0.0,1.0,1.0,1.0,1.0,moe,question_vocal.png,im_mouth.png,,,,,,,,,,,,,,,,,,,,,,,,,,,,,,
,,,1,3,2023-05-15_07h44.04.495,flesh_expressibility_dutch,2022.2.4,Linux x86_64,59.90534955,,,,,,,,,,,,,,,,,37.0,1.0,nederlands,,,,,,engels,3.0,,0.0,,0.0,,0.0,,0.0,,0.0,,0.0,,0.0,NL,7.0,2.0,2.0,1.0,,sensorypref1,sensorypref2,1745.0,981.0,,,,,,,,,,,,,,,,,,,,,,,,,,1.0,[164.1622],[164.1622],,,,,,,,,,,,,,,,,,,,,,,,,,,
,,,1,3,2023-05-15_07h44.04.495,flesh_expressibility_dutch,2022.2.4,Linux x86_64,59.90534955,,,,,,,,,,,,,,,,,37.0,1.0,nederlands,,,,,,engels,3.0,,0.0,,0.0,,0.0,,0.0,,0.0,,0.0,,0.0,NL,7.0,2.0,2.0,1.0,,sensorypref1,sensorypref2,1745.0,981.0,,,,,,,,,,,,,,,,,,,,,,,,,,,,,,,,,,,,,,,,,,,,,,,,,,,,,,,
,,,1,3,2023-05-15_07h44.04.495,flesh_expressibility_dutch,2022.2.4,Linux x86_64,59.90534955,,,,,,,,,,,,,,,,,37.0,1.0,nederlands,,,,,,engels,3.0,,0.0,,0.0,,0.0,,0.0,,0.0,,0.0,,0.0,NL,7.0,2.0,2.0,1.0,,sensorypref1,sensorypref2,1745.0,981.0,,,,,,,,,,,,,,,,,,,,,,,,,,,,,1.0,[166.65890000000002],[166.659],1.0,[171.71550000000005],[171.71550000000005],2.0,173.1823,1.0,[0.9016999999999484],[0.9017999999999802],0.283754552,5.1887,0.0,0.0,0.0,150.0,1.0,huilen,mhuilen,question_multimodal.png,im_combination.png,,,,,
,,,1,3,2023-05-15_07h44.04.495,flesh_expressibility_dutch,2022.2.4,Linux x86_64,59.90534955,,,,,,,,,,,,,,,,,37.0,1.0,nederlands,,,,,,engels,3.0,,0.0,,0.0,,0.0,,0.0,,0.0,,0.0,,0.0,NL,7.0,2.0,2.0,1.0,,sensorypref1,sensorypref2,1745.0,981.0,,,,,,,,,,,,,,,,,,,,,,,,,,,,,,,,,,,2.0,179.3287,2.0,"[0.9016999999999484,0.8347000000000264]","[0.9017999999999802,0.8347000000000264]",-0.665434589,4.43,0.0,1.0,1.0,14.0,1.0,licht,mlicht,question_multimodal.png,im_combination.png,,,,,
,,,1,3,2023-05-15_07h44.04.495,flesh_expressibility_dutch,2022.2.4,Linux x86_64,59.90534955,,,,,,,,,,,,,,,,,37.0,1.0,nederlands,,,,,,engels,3.0,,0.0,,0.0,,0.0,,0.0,,0.0,,0.0,,0.0,NL,7.0,2.0,2.0,1.0,,sensorypref1,sensorypref2,1745.0,981.0,,,,,,,,,,,,,,,,,,,,,,,,,,,,,,,,,,,1.0,184.0417,3.0,"[0.9016999999999484,0.8347000000000264,0.9851000000000454]","[0.9017999999999802,0.8347000000000264,0.9852000000000203]",-0.287639468,2.6496,0.0,2.0,2.0,84.0,1.0,kort,mkort,question_multimodal.png,im_combination.png,,,,,
,,,1,3,2023-05-15_07h44.04.495,flesh_expressibility_dutch,2022.2.4,Linux x86_64,59.90534955,,,,,,,,,,,,,,,,,37.0,1.0,nederlands,,,,,,engels,3.0,,0.0,,0.0,,0.0,,0.0,,0.0,,0.0,,0.0,NL,7.0,2.0,2.0,1.0,,sensorypref1,sensorypref2,1745.0,981.0,,,,,,,,,,,,,,,,,,,,,,,,,,,,,,,,,,,1.0,187.6271,4.0,"[0.9016999999999484,0.8347000000000264,0.9851000000000454,1.1190999999999747]","[0.9017999999999802,0.8347000000000264,0.9852000000000203,1.1190999999999747]",-0.628959954,3.2414,0.0,3.0,3.0,201.0,1.0,gisteren,mgisteren,question_multimodal.png,im_combination.png,,,,,
,,,1,3,2023-05-15_07h44.04.495,flesh_expressibility_dutch,2022.2.4,Linux x86_64,59.90534955,,,,,,,,,,,,,,,,,37.0,1.0,nederlands,,,,,,engels,3.0,,0.0,,0.0,,0.0,,0.0,,0.0,,0.0,,0.0,NL,7.0,2.0,2.0,1.0,,sensorypref1,sensorypref2,1745.0,981.0,,,,,,,,,,,,,,,,,,,,,,,,,,,,,,,,,,,3.0,192.6222,5.0,"[0.9016999999999484,0.8347000000000264,0.9851000000000454,1.1190999999999747,0.7848000000000468]","[0.9017999999999802,0.8347000000000264,0.9852000000000203,1.1190999999999747,0.7848000000000468]",-0.306579884,10.5945,0.0,4.0,4.0,1.0,1.0,zoemen,mzoemen,question_multimodal.png,im_combination.png,,,,,
,,,1,3,2023-05-15_07h44.04.495,flesh_expressibility_dutch,2022.2.4,Linux x86_64,59.90534955,,,,,,,,,,,,,,,,,37.0,1.0,nederlands,,,,,,engels,3.0,,0.0,,0.0,,0.0,,0.0,,0.0,,0.0,,0.0,NL,7.0,2.0,2.0,1.0,,sensorypref1,sensorypref2,1745.0,981.0,,,,,,,,,,,,,,,,,,,,,,,,,,,,,,,,,,,2.0,203.9178,6.0,"[0.9016999999999484,0.8347000000000264,0.9851000000000454,1.1190999999999747,0.7848000000000468,0.968199999999996]","[0.9017999999999802,0.8347000000000264,0.9852000000000203,1.1190999999999747,0.7848000000000468,0.9684000000000026]",-0.664927208,5.2702,0.0,5.0,5.0,203.0,1.0,kat,mkat,question_multimodal.png,im_combination.png,,,,,
,,,1,3,2023-05-15_07h44.04.495,flesh_expressibility_dutch,2022.2.4,Linux x86_64,59.90534955,,,,,,,,,,,,,,,,,37.0,1.0,nederlands,,,,,,engels,3.0,,0.0,,0.0,,0.0,,0.0,,0.0,,0.0,,0.0,NL,7.0,2.0,2.0,1.0,,sensorypref1,sensorypref2,1745.0,981.0,,,,,,,,,,,,,,,,,,,,,,,,,,,,,,,,,,,1.0,209.6545,7.0,"[0.9016999999999484,0.8347000000000264,0.9851000000000454,1.1190999999999747,0.7848000000000468,0.968199999999996,0.7511000000000365]","[0.9017999999999802,0.8347000000000264,0.9852000000000203,1.1190999999999747,0.7848000000000468,0.9684000000000026,0.7511000000000365]",0.463619889,3.1459,0.0,6.0,6.0,53.0,1.0,gooien,mgooien,question_multimodal.png,im_combination.png,,,,,
,,,1,3,2023-05-15_07h44.04.495,flesh_expressibility_dutch,2022.2.4,Linux x86_64,59.90534955,,,,,,,,,,,,,,,,,37.0,1.0,nederlands,,,,,,engels,3.0,,0.0,,0.0,,0.0,,0.0,,0.0,,0.0,,0.0,NL,7.0,2.0,2.0,1.0,,sensorypref1,sensorypref2,1745.0,981.0,,,,,,,,,,,,,,,,,,,,,,,,,,,,,,,,,,,1.0,213.5479,8.0,"[0.9016999999999484,0.8347000000000264,0.9851000000000454,1.1190999999999747,0.7848000000000468,0.968199999999996,0.7511000000000365,0.8845999999999776]","[0.9017999999999802,0.8347000000000264,0.9852000000000203,1.1190999999999747,0.7848000000000468,0.9684000000000026,0.7511000000000365,0.8847000000000094]",0.388177619,2.8844,0.0,7.0,7.0,152.0,1.0,eten,meten,question_multimodal.png,im_combination.png,,,,,
,,,1,3,2023-05-15_07h44.04.495,flesh_expressibility_dutch,2022.2.4,Linux x86_64,59.90534955,,,,,,,,,,,,,,,,,37.0,1.0,nederlands,,,,,,engels,3.0,,0.0,,0.0,,0.0,,0.0,,0.0,,0.0,,0.0,NL,7.0,2.0,2.0,1.0,,sensorypref1,sensorypref2,1745.0,981.0,,,,,,,,,,,,,,,,,,,,,,,,,,,,,,,,,,,1.0,217.3387,9.0,"[0.9016999999999484,0.8347000000000264,0.9851000000000454,1.1190999999999747,0.7848000000000468,0.968199999999996,0.7511000000000365,0.8845999999999776,0.8513999999999555]","[0.9017999999999802,0.8347000000000264,0.9852000000000203,1.1190999999999747,0.7848000000000468,0.9684000000000026,0.7511000000000365,0.8847000000000094,0.8513999999999555]",-0.621749608,2.4668,0.0,8.0,8.0,177.0,1.0,kind,mkind,question_multimodal.png,im_combination.png,,,,,
,,,1,3,2023-05-15_07h44.04.495,flesh_expressibility_dutch,2022.2.4,Linux x86_64,59.90534955,,,,,,,,,,,,,,,,,37.0,1.0,nederlands,,,,,,engels,3.0,,0.0,,0.0,,0.0,,0.0,,0.0,,0.0,,0.0,NL,7.0,2.0,2.0,1.0,,sensorypref1,sensorypref2,1745.0,981.0,,,,,,,,,,,,,,,,,,,,,,,,,,,,,,,,,,,2.0,221.1293,10.0,"[0.9016999999999484,0.8347000000000264,0.9851000000000454,1.1190999999999747,0.7848000000000468,0.968199999999996,0.7511000000000365,0.8845999999999776,0.8513999999999555,1.7527999999999793]","[0.9017999999999802,0.8347000000000264,0.9852000000000203,1.1190999999999747,0.7848000000000468,0.9684000000000026,0.7511000000000365,0.8847000000000094,0.8513999999999555,1.7529000000000394]",-0.744766186,3.2592,0.0,9.0,9.0,196.0,1.0,steen,msteen,question_multimodal.png,im_combination.png,,,,,
,,,1,3,2023-05-15_07h44.04.495,flesh_expressibility_dutch,2022.2.4,Linux x86_64,59.90534955,,,,,,,,,,,,,,,,,37.0,1.0,nederlands,,,,,,engels,3.0,,0.0,,0.0,,0.0,,0.0,,0.0,,0.0,,0.0,NL,7.0,2.0,2.0,1.0,,sensorypref1,sensorypref2,1745.0,981.0,,,,,,,,,,,,,,,,,,,,,,,,,,,,,,,,,,,2.0,226.149,11.0,"[0.9016999999999484,0.8347000000000264,0.9851000000000454,1.1190999999999747,0.7848000000000468,0.968199999999996,0.7511000000000365,0.8845999999999776,0.8513999999999555,1.7527999999999793,0.9848999999999819]","[0.9017999999999802,0.8347000000000264,0.9852000000000203,1.1190999999999747,0.7848000000000468,0.9684000000000026,0.7511000000000365,0.8847000000000094,0.8513999999999555,1.7529000000000394,0.9848999999999819]",-0.618104919,3.3087,0.0,10.0,10.0,25.0,1.0,dood,mdood,question_multimodal.png,im_combination.png,,,,,
,,,1,3,2023-05-15_07h44.04.495,flesh_expressibility_dutch,2022.2.4,Linux x86_64,59.90534955,,,,,,,,,,,,,,,,,37.0,1.0,nederlands,,,,,,engels,3.0,,0.0,,0.0,,0.0,,0.0,,0.0,,0.0,,0.0,NL,7.0,2.0,2.0,1.0,,sensorypref1,sensorypref2,1745.0,981.0,,,,,,,,,,,,,,,,,,,,,,,,,,,,,,,,,,,2.0,230.5532,12.0,"[0.9016999999999484,0.8347000000000264,0.9851000000000454,1.1190999999999747,0.7848000000000468,0.968199999999996,0.7511000000000365,0.8845999999999776,0.8513999999999555,1.7527999999999793,0.9848999999999819,1.3687999999999931]","[0.9017999999999802,0.8347000000000264,0.9852000000000203,1.1190999999999747,0.7848000000000468,0.9684000000000026,0.7511000000000365,0.8847000000000094,0.8513999999999555,1.7529000000000394,0.9848999999999819,1.368899999999968]",-0.502249962,5.4665,0.0,11.0,11.0,204.0,1.0,donker,mdonker,question_multimodal.png,im_combination.png,,,,,
,,,1,3,2023-05-15_07h44.04.495,flesh_expressibility_dutch,2022.2.4,Linux x86_64,59.90534955,,,,,,,,,,,,,,,,,37.0,1.0,nederlands,,,,,,engels,3.0,,0.0,,0.0,,0.0,,0.0,,0.0,,0.0,,0.0,NL,7.0,2.0,2.0,1.0,,sensorypref1,sensorypref2,1745.0,981.0,,,,,,,,,,,,,,,,,,,,,,,,,,,,,,,,,,,2.0,237.3155,13.0,"[0.9016999999999484,0.8347000000000264,0.9851000000000454,1.1190999999999747,0.7848000000000468,0.968199999999996,0.7511000000000365,0.8845999999999776,0.8513999999999555,1.7527999999999793,0.9848999999999819,1.3687999999999931,0.9013999999999385]","[0.9017999999999802,0.8347000000000264,0.9852000000000203,1.1190999999999747,0.7848000000000468,0.9684000000000026,0.7511000000000365,0.8847000000000094,0.8513999999999555,1.7529000000000394,0.9848999999999819,1.368899999999968,0.9013999999999385]",-0.535834569,3.4151,0.0,12.0,12.0,33.0,1.0,dromen,mdromen,question_multimodal.png,im_combination.png,,,,,
,,,1,3,2023-05-15_07h44.04.495,flesh_expressibility_dutch,2022.2.4,Linux x86_64,59.90534955,,,,,,,,,,,,,,,,,37.0,1.0,nederlands,,,,,,engels,3.0,,0.0,,0.0,,0.0,,0.0,,0.0,,0.0,,0.0,NL,7.0,2.0,2.0,1.0,,sensorypref1,sensorypref2,1745.0,981.0,,,,,,,,,,,,,,,,,,,,,,,,,,,,,,,,,,,1.0,241.2105,14.0,"[0.9016999999999484,0.8347000000000264,0.9851000000000454,1.1190999999999747,0.7848000000000468,0.968199999999996,0.7511000000000365,0.8845999999999776,0.8513999999999555,1.7527999999999793,0.9848999999999819,1.3687999999999931,0.9013999999999385,0.8013000000000261]","[0.9017999999999802,0.8347000000000264,0.9852000000000203,1.1190999999999747,0.7848000000000468,0.9684000000000026,0.7511000000000365,0.8847000000000094,0.8513999999999555,1.7529000000000394,0.9848999999999819,1.368899999999968,0.9013999999999385,0.8013000000000261]",0.741397121,2.6967,0.0,13.0,13.0,8.0,1.0,likken,mlikken,question_multimodal.png,im_combination.png,,,,,
,,,1,3,2023-05-15_07h44.04.495,flesh_expressibility_dutch,2022.2.4,Linux x86_64,59.90534955,,,,,,,,,,,,,,,,,37.0,1.0,nederlands,,,,,,engels,3.0,,0.0,,0.0,,0.0,,0.0,,0.0,,0.0,,0.0,NL,7.0,2.0,2.0,1.0,,sensorypref1,sensorypref2,1745.0,981.0,,,,,,,,,,,,,,,,,,,,,,,,,,,,,,,,,,,2.0,245.2054,15.0,"[0.9016999999999484,0.8347000000000264,0.9851000000000454,1.1190999999999747,0.7848000000000468,0.968199999999996,0.7511000000000365,0.8845999999999776,0.8513999999999555,1.7527999999999793,0.9848999999999819,1.3687999999999931,0.9013999999999385,0.8013000000000261,2.9547999999999774]","[0.9017999999999802,0.8347000000000264,0.9852000000000203,1.1190999999999747,0.7848000000000468,0.9684000000000026,0.7511000000000365,0.8847000000000094,0.8513999999999555,1.7529000000000394,0.9848999999999819,1.368899999999968,0.9013999999999385,0.8013000000000261,2.9548999999999523]",-0.231582749,7.0155,0.0,14.0,14.0,191.0,1.0,vuur,mvuur,question_multimodal.png,im_combination.png,,,,,
,,,1,3,2023-05-15_07h44.04.495,flesh_expressibility_dutch,2022.2.4,Linux x86_64,59.90534955,,,,,,,,,,,,,,,,,37.0,1.0,nederlands,,,,,,engels,3.0,,0.0,,0.0,,0.0,,0.0,,0.0,,0.0,,0.0,NL,7.0,2.0,2.0,1.0,,sensorypref1,sensorypref2,1745.0,981.0,,,,,,,,,,,,,,,,,,,,,,,,,,,,,,,,,,,1.0,252.8654,16.0,"[0.9016999999999484,0.8347000000000264,0.9851000000000454,1.1190999999999747,0.7848000000000468,0.968199999999996,0.7511000000000365,0.8845999999999776,0.8513999999999555,1.7527999999999793,0.9848999999999819,1.3687999999999931,0.9013999999999385,0.8013000000000261,2.9547999999999774,0.851099999999974]","[0.9017999999999802,0.8347000000000264,0.9852000000000203,1.1190999999999747,0.7848000000000468,0.9684000000000026,0.7511000000000365,0.8847000000000094,0.8513999999999555,1.7529000000000394,0.9848999999999819,1.368899999999968,0.9013999999999385,0.8013000000000261,2.9548999999999523,0.851099999999974]",-0.670926102,3.3083,0.0,15.0,15.0,165.0,1.0,hard,mhard,question_multimodal.png,im_combination.png,,,,,
,,,1,3,2023-05-15_07h44.04.495,flesh_expressibility_dutch,2022.2.4,Linux x86_64,59.90534955,,,,,,,,,,,,,,,,,37.0,1.0,nederlands,,,,,,engels,3.0,,0.0,,0.0,,0.0,,0.0,,0.0,,0.0,,0.0,NL,7.0,2.0,2.0,1.0,,sensorypref1,sensorypref2,1745.0,981.0,,,,,,,,,,,,,,,,,,,,,,,,,,,,,,,,,,,1.0,257.0907,17.0,"[0.9016999999999484,0.8347000000000264,0.9851000000000454,1.1190999999999747,0.7848000000000468,0.968199999999996,0.7511000000000365,0.8845999999999776,0.8513999999999555,1.7527999999999793,0.9848999999999819,1.3687999999999931,0.9013999999999385,0.8013000000000261,2.9547999999999774,0.851099999999974,0.8513000000000375]","[0.9017999999999802,0.8347000000000264,0.9852000000000203,1.1190999999999747,0.7848000000000468,0.9684000000000026,0.7511000000000365,0.8847000000000094,0.8513999999999555,1.7529000000000394,0.9848999999999819,1.368899999999968,0.9013999999999385,0.8013000000000261,2.9548999999999523,0.851099999999974,0.8513000000000375]",-0.335469292,6.4216,0.0,16.0,16.0,87.0,1.0,vechten,mvechten,question_multimodal.png,im_combination.png,,,,,
,,,1,3,2023-05-15_07h44.04.495,flesh_expressibility_dutch,2022.2.4,Linux x86_64,59.90534955,,,,,,,,,,,,,,,,,37.0,1.0,nederlands,,,,,,engels,3.0,,0.0,,0.0,,0.0,,0.0,,0.0,,0.0,,0.0,NL,7.0,2.0,2.0,1.0,,sensorypref1,sensorypref2,1745.0,981.0,,,,,,,,,,,,,,,,,,,,,,,,,,,,,,,,,,,2.0,264.8592,18.0,"[0.9016999999999484,0.8347000000000264,0.9851000000000454,1.1190999999999747,0.7848000000000468,0.968199999999996,0.7511000000000365,0.8845999999999776,0.8513999999999555,1.7527999999999793,0.9848999999999819,1.3687999999999931,0.9013999999999385,0.8013000000000261,2.9547999999999774,0.851099999999974,0.8513000000000375,0.834799999999916]","[0.9017999999999802,0.8347000000000264,0.9852000000000203,1.1190999999999747,0.7848000000000468,0.9684000000000026,0.7511000000000365,0.8847000000000094,0.8513999999999555,1.7529000000000394,0.9848999999999819,1.368899999999968,0.9013999999999385,0.8013000000000261,2.9548999999999523,0.851099999999974,0.8513000000000375,0.834799999999916]",-0.671637788,2.6576,0.0,17.0,17.0,98.0,1.0,maken,mmaken,question_multimodal.png,im_combination.png,,,,,
,,,1,3,2023-05-15_07h44.04.495,flesh_expressibility_dutch,2022.2.4,Linux x86_64,59.90534955,,,,,,,,,,,,,,,,,37.0,1.0,nederlands,,,,,,engels,3.0,,0.0,,0.0,,0.0,,0.0,,0.0,,0.0,,0.0,NL,7.0,2.0,2.0,1.0,,sensorypref1,sensorypref2,1745.0,981.0,,,,,,,,,,,,,,,,,,,,,,,,,,,,,,,,,,,1.0,267.8725,19.0,"[0.9016999999999484,0.8347000000000264,0.9851000000000454,1.1190999999999747,0.7848000000000468,0.968199999999996,0.7511000000000365,0.8845999999999776,0.8513999999999555,1.7527999999999793,0.9848999999999819,1.3687999999999931,0.9013999999999385,0.8013000000000261,2.9547999999999774,0.851099999999974,0.8513000000000375,0.834799999999916,0.8011999999999375]","[0.9017999999999802,0.8347000000000264,0.9852000000000203,1.1190999999999747,0.7848000000000468,0.9684000000000026,0.7511000000000365,0.8847000000000094,0.8513999999999555,1.7529000000000394,0.9848999999999819,1.368899999999968,0.9013999999999385,0.8013000000000261,2.9548999999999523,0.851099999999974,0.8513000000000375,0.834799999999916,0.8011999999999375]",0.365244053,3.1574,0.0,18.0,18.0,94.0,1.0,nu,mnu,question_multimodal.png,im_combination.png,,,,,
,,,1,3,2023-05-15_07h44.04.495,flesh_expressibility_dutch,2022.2.4,Linux x86_64,59.90534955,,,,,,,,,,,,,,,,,37.0,1.0,nederlands,,,,,,engels,3.0,,0.0,,0.0,,0.0,,0.0,,0.0,,0.0,,0.0,NL,7.0,2.0,2.0,1.0,,sensorypref1,sensorypref2,1745.0,981.0,,,,,,,,,,,,,,,,,,,,,,,,,,,,,,,,,,,3.0,272.3539,20.0,"[0.9016999999999484,0.8347000000000264,0.9851000000000454,1.1190999999999747,0.7848000000000468,0.968199999999996,0.7511000000000365,0.8845999999999776,0.8513999999999555,1.7527999999999793,0.9848999999999819,1.3687999999999931,0.9013999999999385,0.8013000000000261,2.9547999999999774,0.851099999999974,0.8513000000000375,0.834799999999916,0.8011999999999375,0.95150000000001]","[0.9017999999999802,0.8347000000000264,0.9852000000000203,1.1190999999999747,0.7848000000000468,0.9684000000000026,0.7511000000000365,0.8847000000000094,0.8513999999999555,1.7529000000000394,0.9848999999999819,1.368899999999968,0.9013999999999385,0.8013000000000261,2.9548999999999523,0.851099999999974,0.8513000000000375,0.834799999999916,0.8011999999999375,0.95150000000001]",-0.684842832,2.7075,0.0,19.0,19.0,197.0,1.0,steen,msteen,question_multimodal.png,im_combination.png,,,,,
,,,1,3,2023-05-15_07h44.04.495,flesh_expressibility_dutch,2022.2.4,Linux x86_64,59.90534955,,,,,,,,,,,,,,,,,37.0,1.0,nederlands,,,,,,engels,3.0,,0.0,,0.0,,0.0,,0.0,,0.0,,0.0,,0.0,NL,7.0,2.0,2.0,1.0,,sensorypref1,sensorypref2,1745.0,981.0,,,,,,,,,,,,,,,,,,,,,,,,,,,,,2.0,"[166.65890000000002,279.38989999999995]","[166.659,279.38999999999993]",2.0,"[171.71550000000005,281.10749999999996]","[171.71550000000005,281.10759999999993]",2.0,282.5992,21.0,"[0.9016999999999484,0.8347000000000264,0.9851000000000454,1.1190999999999747,0.7848000000000468,0.968199999999996,0.7511000000000365,0.8845999999999776,0.8513999999999555,1.7527999999999793,0.9848999999999819,1.3687999999999931,0.9013999999999385,0.8013000000000261,2.9547999999999774,0.851099999999974,0.8513000000000375,0.834799999999916,0.8011999999999375,0.95150000000001,1.068399999999997]","[0.9017999999999802,0.8347000000000264,0.9852000000000203,1.1190999999999747,0.7848000000000468,0.9684000000000026,0.7511000000000365,0.8847000000000094,0.8513999999999555,1.7529000000000394,0.9848999999999819,1.368899999999968,0.9013999999999385,0.8013000000000261,2.9548999999999523,0.851099999999974,0.8513000000000375,0.834799999999916,0.8011999999999375,0.95150000000001,1.068399999999997]",-0.593360665,6.0952,0.0,0.0,0.0,145.0,1.0,slaan,vslaan,question_vocal.png,im_mouth.png,,,,,
,,,1,3,2023-05-15_07h44.04.495,flesh_expressibility_dutch,2022.2.4,Linux x86_64,59.90534955,,,,,,,,,,,,,,,,,37.0,1.0,nederlands,,,,,,engels,3.0,,0.0,,0.0,,0.0,,0.0,,0.0,,0.0,,0.0,NL,7.0,2.0,2.0,1.0,,sensorypref1,sensorypref2,1745.0,981.0,,,,,,,,,,,,,,,,,,,,,,,,,,,,,,,,,,,2.0,289.7235,22.0,"[0.9016999999999484,0.8347000000000264,0.9851000000000454,1.1190999999999747,0.7848000000000468,0.968199999999996,0.7511000000000365,0.8845999999999776,0.8513999999999555,1.7527999999999793,0.9848999999999819,1.3687999999999931,0.9013999999999385,0.8013000000000261,2.9547999999999774,0.851099999999974,0.8513000000000375,0.834799999999916,0.8011999999999375,0.95150000000001,1.068399999999997,1.4192000000000462]","[0.9017999999999802,0.8347000000000264,0.9852000000000203,1.1190999999999747,0.7848000000000468,0.9684000000000026,0.7511000000000365,0.8847000000000094,0.8513999999999555,1.7529000000000394,0.9848999999999819,1.368899999999968,0.9013999999999385,0.8013000000000261,2.9548999999999523,0.851099999999974,0.8513000000000375,0.834799999999916,0.8011999999999375,0.95150000000001,1.068399999999997,1.419300000000021]",-0.694885544,2.4903,0.0,1.0,1.0,189.0,1.0,as,vas,question_vocal.png,im_mouth.png,,,,,
,,,1,3,2023-05-15_07h44.04.495,flesh_expressibility_dutch,2022.2.4,Linux x86_64,59.90534955,,,,,,,,,,,,,,,,,37.0,1.0,nederlands,,,,,,engels,3.0,,0.0,,0.0,,0.0,,0.0,,0.0,,0.0,,0.0,NL,7.0,2.0,2.0,1.0,,sensorypref1,sensorypref2,1745.0,981.0,,,,,,,,,,,,,,,,,,,,,,,,,,,,,,,,,,,3.0,293.6643,23.0,"[0.9016999999999484,0.8347000000000264,0.9851000000000454,1.1190999999999747,0.7848000000000468,0.968199999999996,0.7511000000000365,0.8845999999999776,0.8513999999999555,1.7527999999999793,0.9848999999999819,1.3687999999999931,0.9013999999999385,0.8013000000000261,2.9547999999999774,0.851099999999974,0.8513000000000375,0.834799999999916,0.8011999999999375,0.95150000000001,1.068399999999997,1.4192000000000462,1.2355999999999767]","[0.9017999999999802,0.8347000000000264,0.9852000000000203,1.1190999999999747,0.7848000000000468,0.9684000000000026,0.7511000000000365,0.8847000000000094,0.8513999999999555,1.7529000000000394,0.9848999999999819,1.368899999999968,0.9013999999999385,0.8013000000000261,2.9548999999999523,0.851099999999974,0.8513000000000375,0.834799999999916,0.8011999999999375,0.95150000000001,1.068399999999997,1.419300000000021,1.2356999999999516]",-0.644051998,2.3992,0.0,2.0,2.0,176.0,1.0,wijd,vwijd,question_vocal.png,im_mouth.png,,,,,
,,,1,3,2023-05-15_07h44.04.495,flesh_expressibility_dutch,2022.2.4,Linux x86_64,59.90534955,,,,,,,,,,,,,,,,,37.0,1.0,nederlands,,,,,,engels,3.0,,0.0,,0.0,,0.0,,0.0,,0.0,,0.0,,0.0,NL,7.0,2.0,2.0,1.0,,sensorypref1,sensorypref2,1745.0,981.0,,,,,,,,,,,,,,,,,,,,,,,,,,,,,,,,,,,3.0,297.2675,24.0,"[0.9016999999999484,0.8347000000000264,0.9851000000000454,1.1190999999999747,0.7848000000000468,0.968199999999996,0.7511000000000365,0.8845999999999776,0.8513999999999555,1.7527999999999793,0.9848999999999819,1.3687999999999931,0.9013999999999385,0.8013000000000261,2.9547999999999774,0.851099999999974,0.8513000000000375,0.834799999999916,0.8011999999999375,0.95150000000001,1.068399999999997,1.4192000000000462,1.2355999999999767,3.222099999999955]","[0.9017999999999802,0.8347000000000264,0.9852000000000203,1.1190999999999747,0.7848000000000468,0.9684000000000026,0.7511000000000365,0.8847000000000094,0.8513999999999555,1.7529000000000394,0.9848999999999819,1.368899999999968,0.9013999999999385,0.8013000000000261,2.9548999999999523,0.851099999999974,0.8513000000000375,0.834799999999916,0.8011999999999375,0.95150000000001,1.068399999999997,1.419300000000021,1.2356999999999516,3.222099999999955]",0.682257104,5.0513,0.0,3.0,3.0,90.0,1.0,slapen,vslapen,question_vocal.png,im_mouth.png,,,,,
,,,1,3,2023-05-15_07h44.04.495,flesh_expressibility_dutch,2022.2.4,Linux x86_64,59.90534955,,,,,,,,,,,,,,,,,37.0,1.0,nederlands,,,,,,engels,3.0,,0.0,,0.0,,0.0,,0.0,,0.0,,0.0,,0.0,NL,7.0,2.0,2.0,1.0,,sensorypref1,sensorypref2,1745.0,981.0,,,,,,,,,,,,,,,,,,,,,,,,,,,,,,,,,,,3.0,303.2808,25.0,"[0.9016999999999484,0.8347000000000264,0.9851000000000454,1.1190999999999747,0.7848000000000468,0.968199999999996,0.7511000000000365,0.8845999999999776,0.8513999999999555,1.7527999999999793,0.9848999999999819,1.3687999999999931,0.9013999999999385,0.8013000000000261,2.9547999999999774,0.851099999999974,0.8513000000000375,0.834799999999916,0.8011999999999375,0.95150000000001,1.068399999999997,1.4192000000000462,1.2355999999999767,3.222099999999955,1.7024999999999864]","[0.9017999999999802,0.8347000000000264,0.9852000000000203,1.1190999999999747,0.7848000000000468,0.9684000000000026,0.7511000000000365,0.8847000000000094,0.8513999999999555,1.7529000000000394,0.9848999999999819,1.368899999999968,0.9013999999999385,0.8013000000000261,2.9548999999999523,0.851099999999974,0.8513000000000375,0.834799999999916,0.8011999999999375,0.95150000000001,1.068399999999997,1.419300000000021,1.2356999999999516,3.222099999999955,1.7024999999999864]",-0.65444146,4.9212,0.0,4.0,4.0,99.0,1.0,mier,vmier,question_vocal.png,im_mouth.png,,,,,
,,,1,3,2023-05-15_07h44.04.495,flesh_expressibility_dutch,2022.2.4,Linux x86_64,59.90534955,,,,,,,,,,,,,,,,,37.0,1.0,nederlands,,,,,,engels,3.0,,0.0,,0.0,,0.0,,0.0,,0.0,,0.0,,0.0,NL,7.0,2.0,2.0,1.0,,sensorypref1,sensorypref2,1745.0,981.0,,,,,,,,,,,,,,,,,,,,,,,,,,,,,,,,,,,1.0,308.5211,26.0,"[0.9016999999999484,0.8347000000000264,0.9851000000000454,1.1190999999999747,0.7848000000000468,0.968199999999996,0.7511000000000365,0.8845999999999776,0.8513999999999555,1.7527999999999793,0.9848999999999819,1.3687999999999931,0.9013999999999385,0.8013000000000261,2.9547999999999774,0.851099999999974,0.8513000000000375,0.834799999999916,0.8011999999999375,0.95150000000001,1.068399999999997,1.4192000000000462,1.2355999999999767,3.222099999999955,1.7024999999999864,3.0049999999999955]","[0.9017999999999802,0.8347000000000264,0.9852000000000203,1.1190999999999747,0.7848000000000468,0.9684000000000026,0.7511000000000365,0.8847000000000094,0.8513999999999555,1.7529000000000394,0.9848999999999819,1.368899999999968,0.9013999999999385,0.8013000000000261,2.9548999999999523,0.851099999999974,0.8513000000000375,0.834799999999916,0.8011999999999375,0.95150000000001,1.068399999999997,1.419300000000021,1.2356999999999516,3.222099999999955,1.7024999999999864,3.0049999999999955]",0.688688076,3.697,0.0,5.0,5.0,82.0,1.0,beneden,vbeneden,question_vocal.png,im_mouth.png,,,,,
,,,1,3,2023-05-15_07h44.04.495,flesh_expressibility_dutch,2022.2.4,Linux x86_64,59.90534955,,,,,,,,,,,,,,,,,37.0,1.0,nederlands,,,,,,engels,3.0,,0.0,,0.0,,0.0,,0.0,,0.0,,0.0,,0.0,NL,7.0,2.0,2.0,1.0,,sensorypref1,sensorypref2,1745.0,981.0,,,,,,,,,,,,,,,,,,,,,,,,,,,,,,,,,,,1.0,313.3145,27.0,"[0.9016999999999484,0.8347000000000264,0.9851000000000454,1.1190999999999747,0.7848000000000468,0.968199999999996,0.7511000000000365,0.8845999999999776,0.8513999999999555,1.7527999999999793,0.9848999999999819,1.3687999999999931,0.9013999999999385,0.8013000000000261,2.9547999999999774,0.851099999999974,0.8513000000000375,0.834799999999916,0.8011999999999375,0.95150000000001,1.068399999999997,1.4192000000000462,1.2355999999999767,3.222099999999955,1.7024999999999864,3.0049999999999955,0.8347000000000548]","[0.9017999999999802,0.8347000000000264,0.9852000000000203,1.1190999999999747,0.7848000000000468,0.9684000000000026,0.7511000000000365,0.8847000000000094,0.8513999999999555,1.7529000000000394,0.9848999999999819,1.368899999999968,0.9013999999999385,0.8013000000000261,2.9548999999999523,0.851099999999974,0.8513000000000375,0.834799999999916,0.8011999999999375,0.95150000000001,1.068399999999997,1.419300000000021,1.2356999999999516,3.222099999999955,1.7024999999999864,3.0049999999999955,0.8347000000000548]",0.251394685,4.5548,0.0,6.0,6.0,89.0,1.0,jagen,vjagen,question_vocal.png,im_mouth.png,,,,,
,,,1,3,2023-05-15_07h44.04.495,flesh_expressibility_dutch,2022.2.4,Linux x86_64,59.90534955,,,,,,,,,,,,,,,,,37.0,1.0,nederlands,,,,,,engels,3.0,,0.0,,0.0,,0.0,,0.0,,0.0,,0.0,,0.0,NL,7.0,2.0,2.0,1.0,,sensorypref1,sensorypref2,1745.0,981.0,,,,,,,,,,,,,,,,,,,,,,,,,,,,,,,,,,,2.0,319.2771,28.0,"[0.9016999999999484,0.8347000000000264,0.9851000000000454,1.1190999999999747,0.7848000000000468,0.968199999999996,0.7511000000000365,0.8845999999999776,0.8513999999999555,1.7527999999999793,0.9848999999999819,1.3687999999999931,0.9013999999999385,0.8013000000000261,2.9547999999999774,0.851099999999974,0.8513000000000375,0.834799999999916,0.8011999999999375,0.95150000000001,1.068399999999997,1.4192000000000462,1.2355999999999767,3.222099999999955,1.7024999999999864,3.0049999999999955,0.8347000000000548,0.9681999999999675]","[0.9017999999999802,0.8347000000000264,0.9852000000000203,1.1190999999999747,0.7848000000000468,0.9684000000000026,0.7511000000000365,0.8847000000000094,0.8513999999999555,1.7529000000000394,0.9848999999999819,1.368899999999968,0.9013999999999385,0.8013000000000261,2.9548999999999523,0.851099999999974,0.8513000000000375,0.834799999999916,0.8011999999999375,0.95150000000001,1.068399999999997,1.419300000000021,1.2356999999999516,3.222099999999955,1.7024999999999864,3.0049999999999955,0.8347000000000548,0.9681999999999675]",-0.625934862,2.899,0.0,7.0,7.0,63.0,1.0,hartig,vhartig,question_vocal.png,im_mouth.png,,,,,
,,,1,3,2023-05-15_07h44.04.495,flesh_expressibility_dutch,2022.2.4,Linux x86_64,59.90534955,,,,,,,,,,,,,,,,,37.0,1.0,nederlands,,,,,,engels,3.0,,0.0,,0.0,,0.0,,0.0,,0.0,,0.0,,0.0,NL,7.0,2.0,2.0,1.0,,sensorypref1,sensorypref2,1745.0,981.0,,,,,,,,,,,,,,,,,,,,,,,,,,,,,,,,,,,2.0,323.1705,29.0,"[0.9016999999999484,0.8347000000000264,0.9851000000000454,1.1190999999999747,0.7848000000000468,0.968199999999996,0.7511000000000365,0.8845999999999776,0.8513999999999555,1.7527999999999793,0.9848999999999819,1.3687999999999931,0.9013999999999385,0.8013000000000261,2.9547999999999774,0.851099999999974,0.8513000000000375,0.834799999999916,0.8011999999999375,0.95150000000001,1.068399999999997,1.4192000000000462,1.2355999999999767,3.222099999999955,1.7024999999999864,3.0049999999999955,0.8347000000000548,0.9681999999999675,0.9516999999999598]","[0.9017999999999802,0.8347000000000264,0.9852000000000203,1.1190999999999747,0.7848000000000468,0.9684000000000026,0.7511000000000365,0.8847000000000094,0.8513999999999555,1.7529000000000394,0.9848999999999819,1.368899999999968,0.9013999999999385,0.8013000000000261,2.9548999999999523,0.851099999999974,0.8513000000000375,0.834799999999916,0.8011999999999375,0.95150000000001,1.068399999999997,1.419300000000021,1.2356999999999516,3.222099999999955,1.7024999999999864,3.0049999999999955,0.8347000000000548,0.9681999999999675,0.9516999999999598]",-0.669149919,4.3542,0.0,8.0,8.0,57.0,1.0,fruit,vfruit,question_vocal.png,im_mouth.png,,,,,
,,,1,3,2023-05-15_07h44.04.495,flesh_expressibility_dutch,2022.2.4,Linux x86_64,59.90534955,,,,,,,,,,,,,,,,,37.0,1.0,nederlands,,,,,,engels,3.0,,0.0,,0.0,,0.0,,0.0,,0.0,,0.0,,0.0,NL,7.0,2.0,2.0,1.0,,sensorypref1,sensorypref2,1745.0,981.0,,,,,,,,,,,,,,,,,,,,,,,,,,,,,,,,,,,2.0,328.4994,30.0,"[0.9016999999999484,0.8347000000000264,0.9851000000000454,1.1190999999999747,0.7848000000000468,0.968199999999996,0.7511000000000365,0.8845999999999776,0.8513999999999555,1.7527999999999793,0.9848999999999819,1.3687999999999931,0.9013999999999385,0.8013000000000261,2.9547999999999774,0.851099999999974,0.8513000000000375,0.834799999999916,0.8011999999999375,0.95150000000001,1.068399999999997,1.4192000000000462,1.2355999999999767,3.222099999999955,1.7024999999999864,3.0049999999999955,0.8347000000000548,0.9681999999999675,0.9516999999999598,0.7512000000000967]","[0.9017999999999802,0.8347000000000264,0.9852000000000203,1.1190999999999747,0.7848000000000468,0.9684000000000026,0.7511000000000365,0.8847000000000094,0.8513999999999555,1.7529000000000394,0.9848999999999819,1.368899999999968,0.9013999999999385,0.8013000000000261,2.9548999999999523,0.851099999999974,0.8513000000000375,0.834799999999916,0.8011999999999375,0.95150000000001,1.068399999999997,1.419300000000021,1.2356999999999516,3.222099999999955,1.7024999999999864,3.0049999999999955,0.8347000000000548,0.9681999999999675,0.9516999999999598,0.7513000000000716]",-0.619089684,3.0433,0.0,9.0,9.0,96.0,1.0,verbranden,vverbranden,question_vocal.png,im_mouth.png,,,,,
,,,1,3,2023-05-15_07h44.04.495,flesh_expressibility_dutch,2022.2.4,Linux x86_64,59.90534955,,,,,,,,,,,,,,,,,37.0,1.0,nederlands,,,,,,engels,3.0,,0.0,,0.0,,0.0,,0.0,,0.0,,0.0,,0.0,NL,7.0,2.0,2.0,1.0,,sensorypref1,sensorypref2,1745.0,981.0,,,,,,,,,,,,,,,,,,,,,,,,,,,,,,,,,,,3.0,332.2896,31.0,"[0.9016999999999484,0.8347000000000264,0.9851000000000454,1.1190999999999747,0.7848000000000468,0.968199999999996,0.7511000000000365,0.8845999999999776,0.8513999999999555,1.7527999999999793,0.9848999999999819,1.3687999999999931,0.9013999999999385,0.8013000000000261,2.9547999999999774,0.851099999999974,0.8513000000000375,0.834799999999916,0.8011999999999375,0.95150000000001,1.068399999999997,1.4192000000000462,1.2355999999999767,3.222099999999955,1.7024999999999864,3.0049999999999955,0.8347000000000548,0.9681999999999675,0.9516999999999598,0.7512000000000967,0.7678999999999405]","[0.9017999999999802,0.8347000000000264,0.9852000000000203,1.1190999999999747,0.7848000000000468,0.9684000000000026,0.7511000000000365,0.8847000000000094,0.8513999999999555,1.7529000000000394,0.9848999999999819,1.368899999999968,0.9013999999999385,0.8013000000000261,2.9548999999999523,0.851099999999974,0.8513000000000375,0.834799999999916,0.8011999999999375,0.95150000000001,1.068399999999997,1.419300000000021,1.2356999999999516,3.222099999999955,1.7024999999999864,3.0049999999999955,0.8347000000000548,0.9681999999999675,0.9516999999999598,0.7513000000000716,0.7680000000000291]",-0.603109237,2.63,0.0,10.0,10.0,15.0,1.0,geel,vgeel,question_vocal.png,im_mouth.png,,,,,
,,,1,3,2023-05-15_07h44.04.495,flesh_expressibility_dutch,2022.2.4,Linux x86_64,59.90534955,,,,,,,,,,,,,,,,,37.0,1.0,nederlands,,,,,,engels,3.0,,0.0,,0.0,,0.0,,0.0,,0.0,,0.0,,0.0,NL,7.0,2.0,2.0,1.0,,sensorypref1,sensorypref2,1745.0,981.0,,,,,,,,,,,,,,,,,,,,,,,,,,,,,,,,,,,3.0,335.6148,32.0,"[0.9016999999999484,0.8347000000000264,0.9851000000000454,1.1190999999999747,0.7848000000000468,0.968199999999996,0.7511000000000365,0.8845999999999776,0.8513999999999555,1.7527999999999793,0.9848999999999819,1.3687999999999931,0.9013999999999385,0.8013000000000261,2.9547999999999774,0.851099999999974,0.8513000000000375,0.834799999999916,0.8011999999999375,0.95150000000001,1.068399999999997,1.4192000000000462,1.2355999999999767,3.222099999999955,1.7024999999999864,3.0049999999999955,0.8347000000000548,0.9681999999999675,0.9516999999999598,0.7512000000000967,0.7678999999999405,3.8394000000000688]","[0.9017999999999802,0.8347000000000264,0.9852000000000203,1.1190999999999747,0.7848000000000468,0.9684000000000026,0.7511000000000365,0.8847000000000094,0.8513999999999555,1.7529000000000394,0.9848999999999819,1.368899999999968,0.9013999999999385,0.8013000000000261,2.9548999999999523,0.851099999999974,0.8513000000000375,0.834799999999916,0.8011999999999375,0.95150000000001,1.068399999999997,1.419300000000021,1.2356999999999516,3.222099999999955,1.7024999999999864,3.0049999999999955,0.8347000000000548,0.9681999999999675,0.9516999999999598,0.7513000000000716,0.7680000000000291,3.8395000000000437]",0.179729681,4.8336,0.0,11.0,11.0,149.0,1.0,blazen,vblazen,question_vocal.png,im_mouth.png,,,,,
,,,1,3,2023-05-15_07h44.04.495,flesh_expressibility_dutch,2022.2.4,Linux x86_64,59.90534955,,,,,,,,,,,,,,,,,37.0,1.0,nederlands,,,,,,engels,3.0,,0.0,,0.0,,0.0,,0.0,,0.0,,0.0,,0.0,NL,7.0,2.0,2.0,1.0,,sensorypref1,sensorypref2,1745.0,981.0,,,,,,,,,,,,,,,,,,,,,,,,,,,,,,,,,,,3.0,341.7149,33.0,"[0.9016999999999484,0.8347000000000264,0.9851000000000454,1.1190999999999747,0.7848000000000468,0.968199999999996,0.7511000000000365,0.8845999999999776,0.8513999999999555,1.7527999999999793,0.9848999999999819,1.3687999999999931,0.9013999999999385,0.8013000000000261,2.9547999999999774,0.851099999999974,0.8513000000000375,0.834799999999916,0.8011999999999375,0.95150000000001,1.068399999999997,1.4192000000000462,1.2355999999999767,3.222099999999955,1.7024999999999864,3.0049999999999955,0.8347000000000548,0.9681999999999675,0.9516999999999598,0.7512000000000967,0.7678999999999405,3.8394000000000688,0.9683999999999173]","[0.9017999999999802,0.8347000000000264,0.9852000000000203,1.1190999999999747,0.7848000000000468,0.9684000000000026,0.7511000000000365,0.8847000000000094,0.8513999999999555,1.7529000000000394,0.9848999999999819,1.368899999999968,0.9013999999999385,0.8013000000000261,2.9548999999999523,0.851099999999974,0.8513000000000375,0.834799999999916,0.8011999999999375,0.95150000000001,1.068399999999997,1.419300000000021,1.2356999999999516,3.222099999999955,1.7024999999999864,3.0049999999999955,0.8347000000000548,0.9681999999999675,0.9516999999999598,0.7513000000000716,0.7680000000000291,3.8395000000000437,0.9683999999999173]",0.260306689,3.1836,0.0,12.0,12.0,40.0,1.0,bang,vbang,question_vocal.png,im_mouth.png,,,,,
,,,1,3,2023-05-15_07h44.04.495,flesh_expressibility_dutch,2022.2.4,Linux x86_64,59.90534955,,,,,,,,,,,,,,,,,37.0,1.0,nederlands,,,,,,engels,3.0,,0.0,,0.0,,0.0,,0.0,,0.0,,0.0,,0.0,NL,7.0,2.0,2.0,1.0,,sensorypref1,sensorypref2,1745.0,981.0,,,,,,,,,,,,,,,,,,,,,,,,,,,,,,,,,,,2.0,345.8123,34.0,"[0.9016999999999484,0.8347000000000264,0.9851000000000454,1.1190999999999747,0.7848000000000468,0.968199999999996,0.7511000000000365,0.8845999999999776,0.8513999999999555,1.7527999999999793,0.9848999999999819,1.3687999999999931,0.9013999999999385,0.8013000000000261,2.9547999999999774,0.851099999999974,0.8513000000000375,0.834799999999916,0.8011999999999375,0.95150000000001,1.068399999999997,1.4192000000000462,1.2355999999999767,3.222099999999955,1.7024999999999864,3.0049999999999955,0.8347000000000548,0.9681999999999675,0.9516999999999598,0.7512000000000967,0.7678999999999405,3.8394000000000688,0.9683999999999173,0.9514000000000351]","[0.9017999999999802,0.8347000000000264,0.9852000000000203,1.1190999999999747,0.7848000000000468,0.9684000000000026,0.7511000000000365,0.8847000000000094,0.8513999999999555,1.7529000000000394,0.9848999999999819,1.368899999999968,0.9013999999999385,0.8013000000000261,2.9548999999999523,0.851099999999974,0.8513000000000375,0.834799999999916,0.8011999999999375,0.95150000000001,1.068399999999997,1.419300000000021,1.2356999999999516,3.222099999999955,1.7024999999999864,3.0049999999999955,0.8347000000000548,0.9681999999999675,0.9516999999999598,0.7513000000000716,0.7680000000000291,3.8395000000000437,0.9683999999999173,0.9514000000000351]",-0.670240139,2.8427,0.0,13.0,13.0,187.0,1.0,dit,vdit,question_vocal.png,im_mouth.png,,,,,
,,,1,3,2023-05-15_07h44.04.495,flesh_expressibility_dutch,2022.2.4,Linux x86_64,59.90534955,,,,,,,,,,,,,,,,,37.0,1.0,nederlands,,,,,,engels,3.0,,0.0,,0.0,,0.0,,0.0,,0.0,,0.0,,0.0,NL,7.0,2.0,2.0,1.0,,sensorypref1,sensorypref2,1745.0,981.0,,,,,,,,,,,,,,,,,,,,,,,,,,,,,,,,,,,4.0,349.6042,34.0,"[0.9016999999999484,0.8347000000000264,0.9851000000000454,1.1190999999999747,0.7848000000000468,0.968199999999996,0.7511000000000365,0.8845999999999776,0.8513999999999555,1.7527999999999793,0.9848999999999819,1.3687999999999931,0.9013999999999385,0.8013000000000261,2.9547999999999774,0.851099999999974,0.8513000000000375,0.834799999999916,0.8011999999999375,0.95150000000001,1.068399999999997,1.4192000000000462,1.2355999999999767,3.222099999999955,1.7024999999999864,3.0049999999999955,0.8347000000000548,0.9681999999999675,0.9516999999999598,0.7512000000000967,0.7678999999999405,3.8394000000000688,0.9683999999999173,0.9514000000000351]","[0.9017999999999802,0.8347000000000264,0.9852000000000203,1.1190999999999747,0.7848000000000468,0.9684000000000026,0.7511000000000365,0.8847000000000094,0.8513999999999555,1.7529000000000394,0.9848999999999819,1.368899999999968,0.9013999999999385,0.8013000000000261,2.9548999999999523,0.851099999999974,0.8513000000000375,0.834799999999916,0.8011999999999375,0.95150000000001,1.068399999999997,1.419300000000021,1.2356999999999516,3.222099999999955,1.7024999999999864,3.0049999999999955,0.8347000000000548,0.9681999999999675,0.9516999999999598,0.7513000000000716,0.7680000000000291,3.8395000000000437,0.9683999999999173,0.9514000000000351]",,,0.0,14.0,14.0,148.0,1.0,bijten,vbijten,question_vocal.png,im_mouth.png,,,,,
,,,1,3,2023-05-15_07h44.04.495,flesh_expressibility_dutch,2022.2.4,Linux x86_64,59.90534955,,,,,,,,,,,,,,,,,37.0,1.0,nederlands,,,,,,engels,3.0,,0.0,,0.0,,0.0,,0.0,,0.0,,0.0,,0.0,NL,7.0,2.0,2.0,1.0,,sensorypref1,sensorypref2,1745.0,981.0,,,,,,,,,,,,,,,,,,,,,,,,,,,,,,,,,,,1.0,350.1173,35.0,"[0.9016999999999484,0.8347000000000264,0.9851000000000454,1.1190999999999747,0.7848000000000468,0.968199999999996,0.7511000000000365,0.8845999999999776,0.8513999999999555,1.7527999999999793,0.9848999999999819,1.3687999999999931,0.9013999999999385,0.8013000000000261,2.9547999999999774,0.851099999999974,0.8513000000000375,0.834799999999916,0.8011999999999375,0.95150000000001,1.068399999999997,1.4192000000000462,1.2355999999999767,3.222099999999955,1.7024999999999864,3.0049999999999955,0.8347000000000548,0.9681999999999675,0.9516999999999598,0.7512000000000967,0.7678999999999405,3.8394000000000688,0.9683999999999173,0.9514000000000351,1.2521999999999593]","[0.9017999999999802,0.8347000000000264,0.9852000000000203,1.1190999999999747,0.7848000000000468,0.9684000000000026,0.7511000000000365,0.8847000000000094,0.8513999999999555,1.7529000000000394,0.9848999999999819,1.368899999999968,0.9013999999999385,0.8013000000000261,2.9548999999999523,0.851099999999974,0.8513000000000375,0.834799999999916,0.8011999999999375,0.95150000000001,1.068399999999997,1.419300000000021,1.2356999999999516,3.222099999999955,1.7024999999999864,3.0049999999999955,0.8347000000000548,0.9681999999999675,0.9516999999999598,0.7513000000000716,0.7680000000000291,3.8395000000000437,0.9683999999999173,0.9514000000000351,1.2521999999999593]",0.347231206,3.7404,0.0,15.0,15.0,132.0,1.0,grond,vgrond,question_vocal.png,im_mouth.png,,,,,
,,,1,3,2023-05-15_07h44.04.495,flesh_expressibility_dutch,2022.2.4,Linux x86_64,59.90534955,,,,,,,,,,,,,,,,,37.0,1.0,nederlands,,,,,,engels,3.0,,0.0,,0.0,,0.0,,0.0,,0.0,,0.0,,0.0,NL,7.0,2.0,2.0,1.0,,sensorypref1,sensorypref2,1745.0,981.0,,,,,,,,,,,,,,,,,,,,,,,,,,,,,,,,,,,3.0,355.4434,36.0,"[0.9016999999999484,0.8347000000000264,0.9851000000000454,1.1190999999999747,0.7848000000000468,0.968199999999996,0.7511000000000365,0.8845999999999776,0.8513999999999555,1.7527999999999793,0.9848999999999819,1.3687999999999931,0.9013999999999385,0.8013000000000261,2.9547999999999774,0.851099999999974,0.8513000000000375,0.834799999999916,0.8011999999999375,0.95150000000001,1.068399999999997,1.4192000000000462,1.2355999999999767,3.222099999999955,1.7024999999999864,3.0049999999999955,0.8347000000000548,0.9681999999999675,0.9516999999999598,0.7512000000000967,0.7678999999999405,3.8394000000000688,0.9683999999999173,0.9514000000000351,1.2521999999999593,1.052500000000009]","[0.9017999999999802,0.8347000000000264,0.9852000000000203,1.1190999999999747,0.7848000000000468,0.9684000000000026,0.7511000000000365,0.8847000000000094,0.8513999999999555,1.7529000000000394,0.9848999999999819,1.368899999999968,0.9013999999999385,0.8013000000000261,2.9548999999999523,0.851099999999974,0.8513000000000375,0.834799999999916,0.8011999999999375,0.95150000000001,1.068399999999997,1.419300000000021,1.2356999999999516,3.222099999999955,1.7024999999999864,3.0049999999999955,0.8347000000000548,0.9681999999999675,0.9516999999999598,0.7513000000000716,0.7680000000000291,3.8395000000000437,0.9683999999999173,0.9514000000000351,1.2521999999999593,1.052500000000009]",-0.712345936,2.2508,0.0,16.0,16.0,197.0,1.0,steen,vsteen,question_vocal.png,im_mouth.png,,,,,
,,,1,3,2023-05-15_07h44.04.495,flesh_expressibility_dutch,2022.2.4,Linux x86_64,59.90534955,,,,,,,,,,,,,,,,,37.0,1.0,nederlands,,,,,,engels,3.0,,0.0,,0.0,,0.0,,0.0,,0.0,,0.0,,0.0,NL,7.0,2.0,2.0,1.0,,sensorypref1,sensorypref2,1745.0,981.0,,,,,,,,,,,,,,,,,,,,,,,,,,,,,,,,,,,2.0,358.7204,37.0,"[0.9016999999999484,0.8347000000000264,0.9851000000000454,1.1190999999999747,0.7848000000000468,0.968199999999996,0.7511000000000365,0.8845999999999776,0.8513999999999555,1.7527999999999793,0.9848999999999819,1.3687999999999931,0.9013999999999385,0.8013000000000261,2.9547999999999774,0.851099999999974,0.8513000000000375,0.834799999999916,0.8011999999999375,0.95150000000001,1.068399999999997,1.4192000000000462,1.2355999999999767,3.222099999999955,1.7024999999999864,3.0049999999999955,0.8347000000000548,0.9681999999999675,0.9516999999999598,0.7512000000000967,0.7678999999999405,3.8394000000000688,0.9683999999999173,0.9514000000000351,1.2521999999999593,1.052500000000009,0.8348000000000866]","[0.9017999999999802,0.8347000000000264,0.9852000000000203,1.1190999999999747,0.7848000000000468,0.9684000000000026,0.7511000000000365,0.8847000000000094,0.8513999999999555,1.7529000000000394,0.9848999999999819,1.368899999999968,0.9013999999999385,0.8013000000000261,2.9548999999999523,0.851099999999974,0.8513000000000375,0.834799999999916,0.8011999999999375,0.95150000000001,1.068399999999997,1.419300000000021,1.2356999999999516,3.222099999999955,1.7024999999999864,3.0049999999999955,0.8347000000000548,0.9681999999999675,0.9516999999999598,0.7513000000000716,0.7680000000000291,3.8395000000000437,0.9683999999999173,0.9514000000000351,1.2521999999999593,1.052500000000009,0.8348000000000866]",-0.657264035,7.5861,0.0,17.0,17.0,179.0,1.0,zij,vzij,question_vocal.png,im_mouth.png,,,,,
,,,1,3,2023-05-15_07h44.04.495,flesh_expressibility_dutch,2022.2.4,Linux x86_64,59.90534955,,,,,,,,,,,,,,,,,37.0,1.0,nederlands,,,,,,engels,3.0,,0.0,,0.0,,0.0,,0.0,,0.0,,0.0,,0.0,NL,7.0,2.0,2.0,1.0,,sensorypref1,sensorypref2,1745.0,981.0,,,,,,,,,,,,,,,,,,,,,,,,,,,,,,,,,,,1.0,366.7135,38.0,"[0.9016999999999484,0.8347000000000264,0.9851000000000454,1.1190999999999747,0.7848000000000468,0.968199999999996,0.7511000000000365,0.8845999999999776,0.8513999999999555,1.7527999999999793,0.9848999999999819,1.3687999999999931,0.9013999999999385,0.8013000000000261,2.9547999999999774,0.851099999999974,0.8513000000000375,0.834799999999916,0.8011999999999375,0.95150000000001,1.068399999999997,1.4192000000000462,1.2355999999999767,3.222099999999955,1.7024999999999864,3.0049999999999955,0.8347000000000548,0.9681999999999675,0.9516999999999598,0.7512000000000967,0.7678999999999405,3.8394000000000688,0.9683999999999173,0.9514000000000351,1.2521999999999593,1.052500000000009,0.8348000000000866,1.2688000000000557]","[0.9017999999999802,0.8347000000000264,0.9852000000000203,1.1190999999999747,0.7848000000000468,0.9684000000000026,0.7511000000000365,0.8847000000000094,0.8513999999999555,1.7529000000000394,0.9848999999999819,1.368899999999968,0.9013999999999385,0.8013000000000261,2.9548999999999523,0.851099999999974,0.8513000000000375,0.834799999999916,0.8011999999999375,0.95150000000001,1.068399999999997,1.419300000000021,1.2356999999999516,3.222099999999955,1.7024999999999864,3.0049999999999955,0.8347000000000548,0.9681999999999675,0.9516999999999598,0.7513000000000716,0.7680000000000291,3.8395000000000437,0.9683999999999173,0.9514000000000351,1.2521999999999593,1.052500000000009,0.8348000000000866,1.2688000000000557]",-0.535584025,2.2268,0.0,18.0,18.0,0.0,1.0,droog,vdroog,question_vocal.png,im_mouth.png,,,,,
,,,1,3,2023-05-15_07h44.04.495,flesh_expressibility_dutch,2022.2.4,Linux x86_64,59.90534955,,,,,,,,,,,,,,,,,37.0,1.0,nederlands,,,,,,engels,3.0,,0.0,,0.0,,0.0,,0.0,,0.0,,0.0,,0.0,NL,7.0,2.0,2.0,1.0,,sensorypref1,sensorypref2,1745.0,981.0,,,,,,,,,,,,,,,,,,,,,,,,,,,,,,,,,,,1.0,370.1962,39.0,"[0.9016999999999484,0.8347000000000264,0.9851000000000454,1.1190999999999747,0.7848000000000468,0.968199999999996,0.7511000000000365,0.8845999999999776,0.8513999999999555,1.7527999999999793,0.9848999999999819,1.3687999999999931,0.9013999999999385,0.8013000000000261,2.9547999999999774,0.851099999999974,0.8513000000000375,0.834799999999916,0.8011999999999375,0.95150000000001,1.068399999999997,1.4192000000000462,1.2355999999999767,3.222099999999955,1.7024999999999864,3.0049999999999955,0.8347000000000548,0.9681999999999675,0.9516999999999598,0.7512000000000967,0.7678999999999405,3.8394000000000688,0.9683999999999173,0.9514000000000351,1.2521999999999593,1.052500000000009,0.8348000000000866,1.2688000000000557,0.867999999999995]","[0.9017999999999802,0.8347000000000264,0.9852000000000203,1.1190999999999747,0.7848000000000468,0.9684000000000026,0.7511000000000365,0.8847000000000094,0.8513999999999555,1.7529000000000394,0.9848999999999819,1.368899999999968,0.9013999999999385,0.8013000000000261,2.9548999999999523,0.851099999999974,0.8513000000000375,0.834799999999916,0.8011999999999375,0.95150000000001,1.068399999999997,1.419300000000021,1.2356999999999516,3.222099999999955,1.7024999999999864,3.0049999999999955,0.8347000000000548,0.9681999999999675,0.9516999999999598,0.7513000000000716,0.7680000000000291,3.8395000000000437,0.9683999999999173,0.9514000000000351,1.2521999999999593,1.052500000000009,0.8348000000000866,1.2688000000000557,0.867999999999995]",0.457462929,2.3768,0.0,19.0,19.0,106.0,1.0,hand,vhand,question_vocal.png,im_mouth.png,,,,,
,,,1,3,2023-05-15_07h44.04.495,flesh_expressibility_dutch,2022.2.4,Linux x86_64,59.90534955,,,,,,,,,,,,,,,,,37.0,1.0,nederlands,,,,,,engels,3.0,,0.0,,0.0,,0.0,,0.0,,0.0,,0.0,,0.0,NL,7.0,2.0,2.0,1.0,,sensorypref1,sensorypref2,1745.0,981.0,,,,,,,,,,,,,,,,,,,,,,,,,,,,,,,,,,,2.0,373.8847,40.0,"[0.9016999999999484,0.8347000000000264,0.9851000000000454,1.1190999999999747,0.7848000000000468,0.968199999999996,0.7511000000000365,0.8845999999999776,0.8513999999999555,1.7527999999999793,0.9848999999999819,1.3687999999999931,0.9013999999999385,0.8013000000000261,2.9547999999999774,0.851099999999974,0.8513000000000375,0.834799999999916,0.8011999999999375,0.95150000000001,1.068399999999997,1.4192000000000462,1.2355999999999767,3.222099999999955,1.7024999999999864,3.0049999999999955,0.8347000000000548,0.9681999999999675,0.9516999999999598,0.7512000000000967,0.7678999999999405,3.8394000000000688,0.9683999999999173,0.9514000000000351,1.2521999999999593,1.052500000000009,0.8348000000000866,1.2688000000000557,0.867999999999995,2.7708999999999833]","[0.9017999999999802,0.8347000000000264,0.9852000000000203,1.1190999999999747,0.7848000000000468,0.9684000000000026,0.7511000000000365,0.8847000000000094,0.8513999999999555,1.7529000000000394,0.9848999999999819,1.368899999999968,0.9013999999999385,0.8013000000000261,2.9548999999999523,0.851099999999974,0.8513000000000375,0.834799999999916,0.8011999999999375,0.95150000000001,1.068399999999997,1.419300000000021,1.2356999999999516,3.222099999999955,1.7024999999999864,3.0049999999999955,0.8347000000000548,0.9681999999999675,0.9516999999999598,0.7513000000000716,0.7680000000000291,3.8395000000000437,0.9683999999999173,0.9514000000000351,1.2521999999999593,1.052500000000009,0.8348000000000866,1.2688000000000557,0.867999999999995,2.7708999999999833]",0.239257481,4.701,0.0,20.0,20.0,103.0,1.0,vliegen,vvliegen,question_vocal.png,im_mouth.png,,,,,
,,,1,3,2023-05-15_07h44.04.495,flesh_expressibility_dutch,2022.2.4,Linux x86_64,59.90534955,,,,,,,,,,,,,,,,,37.0,1.0,nederlands,,,,,,engels,3.0,,0.0,,0.0,,0.0,,0.0,,0.0,,0.0,,0.0,NL,7.0,2.0,2.0,1.0,,sensorypref1,sensorypref2,1745.0,981.0,,,,,,,,,,,,,,,,,,,,,,,,,,,,,3.0,"[166.65890000000002,279.38989999999995,395.6261]","[166.659,279.38999999999993,395.6261]",3.0,"[171.71550000000005,281.10749999999996,397.92780000000005]","[171.71550000000005,281.10759999999993,397.9279]",1.0,398.882,41.0,"[0.9016999999999484,0.8347000000000264,0.9851000000000454,1.1190999999999747,0.7848000000000468,0.968199999999996,0.7511000000000365,0.8845999999999776,0.8513999999999555,1.7527999999999793,0.9848999999999819,1.3687999999999931,0.9013999999999385,0.8013000000000261,2.9547999999999774,0.851099999999974,0.8513000000000375,0.834799999999916,0.8011999999999375,0.95150000000001,1.068399999999997,1.4192000000000462,1.2355999999999767,3.222099999999955,1.7024999999999864,3.0049999999999955,0.8347000000000548,0.9681999999999675,0.9516999999999598,0.7512000000000967,0.7678999999999405,3.8394000000000688,0.9683999999999173,0.9514000000000351,1.2521999999999593,1.052500000000009,0.8348000000000866,1.2688000000000557,0.867999999999995,2.7708999999999833,0.7511000000000081]","[0.9017999999999802,0.8347000000000264,0.9852000000000203,1.1190999999999747,0.7848000000000468,0.9684000000000026,0.7511000000000365,0.8847000000000094,0.8513999999999555,1.7529000000000394,0.9848999999999819,1.368899999999968,0.9013999999999385,0.8013000000000261,2.9548999999999523,0.851099999999974,0.8513000000000375,0.834799999999916,0.8011999999999375,0.95150000000001,1.068399999999997,1.419300000000021,1.2356999999999516,3.222099999999955,1.7024999999999864,3.0049999999999955,0.8347000000000548,0.9681999999999675,0.9516999999999598,0.7513000000000716,0.7680000000000291,3.8395000000000437,0.9683999999999173,0.9514000000000351,1.2521999999999593,1.052500000000009,0.8348000000000866,1.2688000000000557,0.867999999999995,2.7708999999999833,0.7511000000000081]",-0.572100159,2.8706,0.0,0.0,0.0,177.0,1.0,kind,gkind,question_gesture.png,im_hand.png,,,,,
,,,1,3,2023-05-15_07h44.04.495,flesh_expressibility_dutch,2022.2.4,Linux x86_64,59.90534955,,,,,,,,,,,,,,,,,37.0,1.0,nederlands,,,,,,engels,3.0,,0.0,,0.0,,0.0,,0.0,,0.0,,0.0,,0.0,NL,7.0,2.0,2.0,1.0,,sensorypref1,sensorypref2,1745.0,981.0,,,,,,,,,,,,,,,,,,,,,,,,,,,,,,,,,,,1.0,402.4345,42.0,"[0.9016999999999484,0.8347000000000264,0.9851000000000454,1.1190999999999747,0.7848000000000468,0.968199999999996,0.7511000000000365,0.8845999999999776,0.8513999999999555,1.7527999999999793,0.9848999999999819,1.3687999999999931,0.9013999999999385,0.8013000000000261,2.9547999999999774,0.851099999999974,0.8513000000000375,0.834799999999916,0.8011999999999375,0.95150000000001,1.068399999999997,1.4192000000000462,1.2355999999999767,3.222099999999955,1.7024999999999864,3.0049999999999955,0.8347000000000548,0.9681999999999675,0.9516999999999598,0.7512000000000967,0.7678999999999405,3.8394000000000688,0.9683999999999173,0.9514000000000351,1.2521999999999593,1.052500000000009,0.8348000000000866,1.2688000000000557,0.867999999999995,2.7708999999999833,0.7511000000000081,1.5692999999999415]","[0.9017999999999802,0.8347000000000264,0.9852000000000203,1.1190999999999747,0.7848000000000468,0.9684000000000026,0.7511000000000365,0.8847000000000094,0.8513999999999555,1.7529000000000394,0.9848999999999819,1.368899999999968,0.9013999999999385,0.8013000000000261,2.9548999999999523,0.851099999999974,0.8513000000000375,0.834799999999916,0.8011999999999375,0.95150000000001,1.068399999999997,1.419300000000021,1.2356999999999516,3.222099999999955,1.7024999999999864,3.0049999999999955,0.8347000000000548,0.9681999999999675,0.9516999999999598,0.7513000000000716,0.7680000000000291,3.8395000000000437,0.9683999999999173,0.9514000000000351,1.2521999999999593,1.052500000000009,0.8348000000000866,1.2688000000000557,0.867999999999995,2.7708999999999833,0.7511000000000081,1.5692999999999415]",-0.701568147,2.3063,0.0,1.0,1.0,62.0,1.0,piepen,gpiepen,question_gesture.png,im_hand.png,,,,,
,,,1,3,2023-05-15_07h44.04.495,flesh_expressibility_dutch,2022.2.4,Linux x86_64,59.90534955,,,,,,,,,,,,,,,,,37.0,1.0,nederlands,,,,,,engels,3.0,,0.0,,0.0,,0.0,,0.0,,0.0,,0.0,,0.0,NL,7.0,2.0,2.0,1.0,,sensorypref1,sensorypref2,1745.0,981.0,,,,,,,,,,,,,,,,,,,,,,,,,,,,,,,,,,,2.0,406.8731,43.0,"[0.9016999999999484,0.8347000000000264,0.9851000000000454,1.1190999999999747,0.7848000000000468,0.968199999999996,0.7511000000000365,0.8845999999999776,0.8513999999999555,1.7527999999999793,0.9848999999999819,1.3687999999999931,0.9013999999999385,0.8013000000000261,2.9547999999999774,0.851099999999974,0.8513000000000375,0.834799999999916,0.8011999999999375,0.95150000000001,1.068399999999997,1.4192000000000462,1.2355999999999767,3.222099999999955,1.7024999999999864,3.0049999999999955,0.8347000000000548,0.9681999999999675,0.9516999999999598,0.7512000000000967,0.7678999999999405,3.8394000000000688,0.9683999999999173,0.9514000000000351,1.2521999999999593,1.052500000000009,0.8348000000000866,1.2688000000000557,0.867999999999995,2.7708999999999833,0.7511000000000081,1.5692999999999415,1.6358000000000175]","[0.9017999999999802,0.8347000000000264,0.9852000000000203,1.1190999999999747,0.7848000000000468,0.9684000000000026,0.7511000000000365,0.8847000000000094,0.8513999999999555,1.7529000000000394,0.9848999999999819,1.368899999999968,0.9013999999999385,0.8013000000000261,2.9548999999999523,0.851099999999974,0.8513000000000375,0.834799999999916,0.8011999999999375,0.95150000000001,1.068399999999997,1.419300000000021,1.2356999999999516,3.222099999999955,1.7024999999999864,3.0049999999999955,0.8347000000000548,0.9681999999999675,0.9516999999999598,0.7513000000000716,0.7680000000000291,3.8395000000000437,0.9683999999999173,0.9514000000000351,1.2521999999999593,1.052500000000009,0.8348000000000866,1.2688000000000557,0.867999999999995,2.7708999999999833,0.7511000000000081,1.5692999999999415,1.6358999999999924]",-0.670051999,2.3071,0.0,2.0,2.0,36.0,1.0,slecht,gslecht,question_gesture.png,im_hand.png,,,,,
,,,1,3,2023-05-15_07h44.04.495,flesh_expressibility_dutch,2022.2.4,Linux x86_64,59.90534955,,,,,,,,,,,,,,,,,37.0,1.0,nederlands,,,,,,engels,3.0,,0.0,,0.0,,0.0,,0.0,,0.0,,0.0,,0.0,NL,7.0,2.0,2.0,1.0,,sensorypref1,sensorypref2,1745.0,981.0,,,,,,,,,,,,,,,,,,,,,,,,,,,,,,,,,,,1.0,410.3588,44.0,"[0.9016999999999484,0.8347000000000264,0.9851000000000454,1.1190999999999747,0.7848000000000468,0.968199999999996,0.7511000000000365,0.8845999999999776,0.8513999999999555,1.7527999999999793,0.9848999999999819,1.3687999999999931,0.9013999999999385,0.8013000000000261,2.9547999999999774,0.851099999999974,0.8513000000000375,0.834799999999916,0.8011999999999375,0.95150000000001,1.068399999999997,1.4192000000000462,1.2355999999999767,3.222099999999955,1.7024999999999864,3.0049999999999955,0.8347000000000548,0.9681999999999675,0.9516999999999598,0.7512000000000967,0.7678999999999405,3.8394000000000688,0.9683999999999173,0.9514000000000351,1.2521999999999593,1.052500000000009,0.8348000000000866,1.2688000000000557,0.867999999999995,2.7708999999999833,0.7511000000000081,1.5692999999999415,1.6358000000000175,3.7229000000000383]","[0.9017999999999802,0.8347000000000264,0.9852000000000203,1.1190999999999747,0.7848000000000468,0.9684000000000026,0.7511000000000365,0.8847000000000094,0.8513999999999555,1.7529000000000394,0.9848999999999819,1.368899999999968,0.9013999999999385,0.8013000000000261,2.9548999999999523,0.851099999999974,0.8513000000000375,0.834799999999916,0.8011999999999375,0.95150000000001,1.068399999999997,1.419300000000021,1.2356999999999516,3.222099999999955,1.7024999999999864,3.0049999999999955,0.8347000000000548,0.9681999999999675,0.9516999999999598,0.7513000000000716,0.7680000000000291,3.8395000000000437,0.9683999999999173,0.9514000000000351,1.2521999999999593,1.052500000000009,0.8348000000000866,1.2688000000000557,0.867999999999995,2.7708999999999833,0.7511000000000081,1.5692999999999415,1.6358999999999924,3.7229000000000383]",0.338001206,5.0626,0.0,3.0,3.0,47.0,1.0,kruipen,gkruipen,question_gesture.png,im_hand.png,,,,,
,,,1,3,2023-05-15_07h44.04.495,flesh_expressibility_dutch,2022.2.4,Linux x86_64,59.90534955,,,,,,,,,,,,,,,,,37.0,1.0,nederlands,,,,,,engels,3.0,,0.0,,0.0,,0.0,,0.0,,0.0,,0.0,,0.0,NL,7.0,2.0,2.0,1.0,,sensorypref1,sensorypref2,1745.0,981.0,,,,,,,,,,,,,,,,,,,,,,,,,,,,,,,,,,,2.0,416.7081,45.0,"[0.9016999999999484,0.8347000000000264,0.9851000000000454,1.1190999999999747,0.7848000000000468,0.968199999999996,0.7511000000000365,0.8845999999999776,0.8513999999999555,1.7527999999999793,0.9848999999999819,1.3687999999999931,0.9013999999999385,0.8013000000000261,2.9547999999999774,0.851099999999974,0.8513000000000375,0.834799999999916,0.8011999999999375,0.95150000000001,1.068399999999997,1.4192000000000462,1.2355999999999767,3.222099999999955,1.7024999999999864,3.0049999999999955,0.8347000000000548,0.9681999999999675,0.9516999999999598,0.7512000000000967,0.7678999999999405,3.8394000000000688,0.9683999999999173,0.9514000000000351,1.2521999999999593,1.052500000000009,0.8348000000000866,1.2688000000000557,0.867999999999995,2.7708999999999833,0.7511000000000081,1.5692999999999415,1.6358000000000175,3.7229000000000383,0.7010999999999967]","[0.9017999999999802,0.8347000000000264,0.9852000000000203,1.1190999999999747,0.7848000000000468,0.9684000000000026,0.7511000000000365,0.8847000000000094,0.8513999999999555,1.7529000000000394,0.9848999999999819,1.368899999999968,0.9013999999999385,0.8013000000000261,2.9548999999999523,0.851099999999974,0.8513000000000375,0.834799999999916,0.8011999999999375,0.95150000000001,1.068399999999997,1.419300000000021,1.2356999999999516,3.222099999999955,1.7024999999999864,3.0049999999999955,0.8347000000000548,0.9681999999999675,0.9516999999999598,0.7513000000000716,0.7680000000000291,3.8395000000000437,0.9683999999999173,0.9514000000000351,1.2521999999999593,1.052500000000009,0.8348000000000866,1.2688000000000557,0.867999999999995,2.7708999999999833,0.7511000000000081,1.5692999999999415,1.6358999999999924,3.7229000000000383,0.7010999999999967]",0.382753016,4.4095,0.0,4.0,4.0,28.0,1.0,man,gman,question_gesture.png,im_hand.png,,,,,
,,,1,3,2023-05-15_07h44.04.495,flesh_expressibility_dutch,2022.2.4,Linux x86_64,59.90534955,,,,,,,,,,,,,,,,,37.0,1.0,nederlands,,,,,,engels,3.0,,0.0,,0.0,,0.0,,0.0,,0.0,,0.0,,0.0,NL,7.0,2.0,2.0,1.0,,sensorypref1,sensorypref2,1745.0,981.0,,,,,,,,,,,,,,,,,,,,,,,,,,,,,,,,,,,3.0,421.8313,46.0,"[0.9016999999999484,0.8347000000000264,0.9851000000000454,1.1190999999999747,0.7848000000000468,0.968199999999996,0.7511000000000365,0.8845999999999776,0.8513999999999555,1.7527999999999793,0.9848999999999819,1.3687999999999931,0.9013999999999385,0.8013000000000261,2.9547999999999774,0.851099999999974,0.8513000000000375,0.834799999999916,0.8011999999999375,0.95150000000001,1.068399999999997,1.4192000000000462,1.2355999999999767,3.222099999999955,1.7024999999999864,3.0049999999999955,0.8347000000000548,0.9681999999999675,0.9516999999999598,0.7512000000000967,0.7678999999999405,3.8394000000000688,0.9683999999999173,0.9514000000000351,1.2521999999999593,1.052500000000009,0.8348000000000866,1.2688000000000557,0.867999999999995,2.7708999999999833,0.7511000000000081,1.5692999999999415,1.6358000000000175,3.7229000000000383,0.7010999999999967,0.8181999999999334]","[0.9017999999999802,0.8347000000000264,0.9852000000000203,1.1190999999999747,0.7848000000000468,0.9684000000000026,0.7511000000000365,0.8847000000000094,0.8513999999999555,1.7529000000000394,0.9848999999999819,1.368899999999968,0.9013999999999385,0.8013000000000261,2.9548999999999523,0.851099999999974,0.8513000000000375,0.834799999999916,0.8011999999999375,0.95150000000001,1.068399999999997,1.419300000000021,1.2356999999999516,3.222099999999955,1.7024999999999864,3.0049999999999955,0.8347000000000548,0.9681999999999675,0.9516999999999598,0.7513000000000716,0.7680000000000291,3.8395000000000437,0.9683999999999173,0.9514000000000351,1.2521999999999593,1.052500000000009,0.8348000000000866,1.2688000000000557,0.867999999999995,2.7708999999999833,0.7511000000000081,1.5692999999999415,1.6358999999999924,3.7229000000000383,0.7010999999999967,0.818300000000022]",-0.694791279,2.8,0.0,5.0,5.0,99.0,1.0,mier,gmier,question_gesture.png,im_hand.png,,,,,
,,,1,3,2023-05-15_07h44.04.495,flesh_expressibility_dutch,2022.2.4,Linux x86_64,59.90534955,,,,,,,,,,,,,,,,,37.0,1.0,nederlands,,,,,,engels,3.0,,0.0,,0.0,,0.0,,0.0,,0.0,,0.0,,0.0,NL,7.0,2.0,2.0,1.0,,sensorypref1,sensorypref2,1745.0,981.0,,,,,,,,,,,,,,,,,,,,,,,,,,,,,,,,,,,2.0,425.4168,47.0,"[0.9016999999999484,0.8347000000000264,0.9851000000000454,1.1190999999999747,0.7848000000000468,0.968199999999996,0.7511000000000365,0.8845999999999776,0.8513999999999555,1.7527999999999793,0.9848999999999819,1.3687999999999931,0.9013999999999385,0.8013000000000261,2.9547999999999774,0.851099999999974,0.8513000000000375,0.834799999999916,0.8011999999999375,0.95150000000001,1.068399999999997,1.4192000000000462,1.2355999999999767,3.222099999999955,1.7024999999999864,3.0049999999999955,0.8347000000000548,0.9681999999999675,0.9516999999999598,0.7512000000000967,0.7678999999999405,3.8394000000000688,0.9683999999999173,0.9514000000000351,1.2521999999999593,1.052500000000009,0.8348000000000866,1.2688000000000557,0.867999999999995,2.7708999999999833,0.7511000000000081,1.5692999999999415,1.6358000000000175,3.7229000000000383,0.7010999999999967,0.8181999999999334,0.7345000000000255]","[0.9017999999999802,0.8347000000000264,0.9852000000000203,1.1190999999999747,0.7848000000000468,0.9684000000000026,0.7511000000000365,0.8847000000000094,0.8513999999999555,1.7529000000000394,0.9848999999999819,1.368899999999968,0.9013999999999385,0.8013000000000261,2.9548999999999523,0.851099999999974,0.8513000000000375,0.834799999999916,0.8011999999999375,0.95150000000001,1.068399999999997,1.419300000000021,1.2356999999999516,3.222099999999955,1.7024999999999864,3.0049999999999955,0.8347000000000548,0.9681999999999675,0.9516999999999598,0.7513000000000716,0.7680000000000291,3.8395000000000437,0.9683999999999173,0.9514000000000351,1.2521999999999593,1.052500000000009,0.8348000000000866,1.2688000000000557,0.867999999999995,2.7708999999999833,0.7511000000000081,1.5692999999999415,1.6358999999999924,3.7229000000000383,0.7010999999999967,0.818300000000022,0.7345000000000255]",0.33599344,5.8291,0.0,6.0,6.0,120.0,1.0,been,gbeen,question_gesture.png,im_hand.png,,,,,
,,,1,3,2023-05-15_07h44.04.495,flesh_expressibility_dutch,2022.2.4,Linux x86_64,59.90534955,,,,,,,,,,,,,,,,,37.0,1.0,nederlands,,,,,,engels,3.0,,0.0,,0.0,,0.0,,0.0,,0.0,,0.0,,0.0,NL,7.0,2.0,2.0,1.0,,sensorypref1,sensorypref2,1745.0,981.0,,,,,,,,,,,,,,,,,,,,,,,,,,,,,,,,,,,2.0,432.0759,48.0,"[0.9016999999999484,0.8347000000000264,0.9851000000000454,1.1190999999999747,0.7848000000000468,0.968199999999996,0.7511000000000365,0.8845999999999776,0.8513999999999555,1.7527999999999793,0.9848999999999819,1.3687999999999931,0.9013999999999385,0.8013000000000261,2.9547999999999774,0.851099999999974,0.8513000000000375,0.834799999999916,0.8011999999999375,0.95150000000001,1.068399999999997,1.4192000000000462,1.2355999999999767,3.222099999999955,1.7024999999999864,3.0049999999999955,0.8347000000000548,0.9681999999999675,0.9516999999999598,0.7512000000000967,0.7678999999999405,3.8394000000000688,0.9683999999999173,0.9514000000000351,1.2521999999999593,1.052500000000009,0.8348000000000866,1.2688000000000557,0.867999999999995,2.7708999999999833,0.7511000000000081,1.5692999999999415,1.6358000000000175,3.7229000000000383,0.7010999999999967,0.8181999999999334,0.7345000000000255,1.0851000000000113]","[0.9017999999999802,0.8347000000000264,0.9852000000000203,1.1190999999999747,0.7848000000000468,0.9684000000000026,0.7511000000000365,0.8847000000000094,0.8513999999999555,1.7529000000000394,0.9848999999999819,1.368899999999968,0.9013999999999385,0.8013000000000261,2.9548999999999523,0.851099999999974,0.8513000000000375,0.834799999999916,0.8011999999999375,0.95150000000001,1.068399999999997,1.419300000000021,1.2356999999999516,3.222099999999955,1.7024999999999864,3.0049999999999955,0.8347000000000548,0.9681999999999675,0.9516999999999598,0.7513000000000716,0.7680000000000291,3.8395000000000437,0.9683999999999173,0.9514000000000351,1.2521999999999593,1.052500000000009,0.8348000000000866,1.2688000000000557,0.867999999999995,2.7708999999999833,0.7511000000000081,1.5692999999999415,1.6358999999999924,3.7229000000000383,0.7010999999999967,0.818300000000022,0.7345000000000255,1.0852000000000999]",0.520470203,3.7798,0.0,7.0,7.0,176.0,1.0,wijd,gwijd,question_gesture.png,im_hand.png,,,,,
,,,1,3,2023-05-15_07h44.04.495,flesh_expressibility_dutch,2022.2.4,Linux x86_64,59.90534955,,,,,,,,,,,,,,,,,37.0,1.0,nederlands,,,,,,engels,3.0,,0.0,,0.0,,0.0,,0.0,,0.0,,0.0,,0.0,NL,7.0,2.0,2.0,1.0,,sensorypref1,sensorypref2,1745.0,981.0,,,,,,,,,,,,,,,,,,,,,,,,,,,,,,,,,,,1.0,436.3804,49.0,"[0.9016999999999484,0.8347000000000264,0.9851000000000454,1.1190999999999747,0.7848000000000468,0.968199999999996,0.7511000000000365,0.8845999999999776,0.8513999999999555,1.7527999999999793,0.9848999999999819,1.3687999999999931,0.9013999999999385,0.8013000000000261,2.9547999999999774,0.851099999999974,0.8513000000000375,0.834799999999916,0.8011999999999375,0.95150000000001,1.068399999999997,1.4192000000000462,1.2355999999999767,3.222099999999955,1.7024999999999864,3.0049999999999955,0.8347000000000548,0.9681999999999675,0.9516999999999598,0.7512000000000967,0.7678999999999405,3.8394000000000688,0.9683999999999173,0.9514000000000351,1.2521999999999593,1.052500000000009,0.8348000000000866,1.2688000000000557,0.867999999999995,2.7708999999999833,0.7511000000000081,1.5692999999999415,1.6358000000000175,3.7229000000000383,0.7010999999999967,0.8181999999999334,0.7345000000000255,1.0851000000000113,0.8180999999999585]","[0.9017999999999802,0.8347000000000264,0.9852000000000203,1.1190999999999747,0.7848000000000468,0.9684000000000026,0.7511000000000365,0.8847000000000094,0.8513999999999555,1.7529000000000394,0.9848999999999819,1.368899999999968,0.9013999999999385,0.8013000000000261,2.9548999999999523,0.851099999999974,0.8513000000000375,0.834799999999916,0.8011999999999375,0.95150000000001,1.068399999999997,1.419300000000021,1.2356999999999516,3.222099999999955,1.7024999999999864,3.0049999999999955,0.8347000000000548,0.9681999999999675,0.9516999999999598,0.7513000000000716,0.7680000000000291,3.8395000000000437,0.9683999999999173,0.9514000000000351,1.2521999999999593,1.052500000000009,0.8348000000000866,1.2688000000000557,0.867999999999995,2.7708999999999833,0.7511000000000081,1.5692999999999415,1.6358999999999924,3.7229000000000383,0.7010999999999967,0.818300000000022,0.7345000000000255,1.0852000000000999,0.8182000000000471]",0.414509372,3.2859,0.0,8.0,8.0,173.0,1.0,klein,gklein,question_gesture.png,im_hand.png,,,,,
,,,1,3,2023-05-15_07h44.04.495,flesh_expressibility_dutch,2022.2.4,Linux x86_64,59.90534955,,,,,,,,,,,,,,,,,37.0,1.0,nederlands,,,,,,engels,3.0,,0.0,,0.0,,0.0,,0.0,,0.0,,0.0,,0.0,NL,7.0,2.0,2.0,1.0,,sensorypref1,sensorypref2,1745.0,981.0,,,,,,,,,,,,,,,,,,,,,,,,,,,,,,,,,,,2.0,440.9892,50.0,"[0.9016999999999484,0.8347000000000264,0.9851000000000454,1.1190999999999747,0.7848000000000468,0.968199999999996,0.7511000000000365,0.8845999999999776,0.8513999999999555,1.7527999999999793,0.9848999999999819,1.3687999999999931,0.9013999999999385,0.8013000000000261,2.9547999999999774,0.851099999999974,0.8513000000000375,0.834799999999916,0.8011999999999375,0.95150000000001,1.068399999999997,1.4192000000000462,1.2355999999999767,3.222099999999955,1.7024999999999864,3.0049999999999955,0.8347000000000548,0.9681999999999675,0.9516999999999598,0.7512000000000967,0.7678999999999405,3.8394000000000688,0.9683999999999173,0.9514000000000351,1.2521999999999593,1.052500000000009,0.8348000000000866,1.2688000000000557,0.867999999999995,2.7708999999999833,0.7511000000000081,1.5692999999999415,1.6358000000000175,3.7229000000000383,0.7010999999999967,0.8181999999999334,0.7345000000000255,1.0851000000000113,0.8180999999999585,1.1687000000000012]","[0.9017999999999802,0.8347000000000264,0.9852000000000203,1.1190999999999747,0.7848000000000468,0.9684000000000026,0.7511000000000365,0.8847000000000094,0.8513999999999555,1.7529000000000394,0.9848999999999819,1.368899999999968,0.9013999999999385,0.8013000000000261,2.9548999999999523,0.851099999999974,0.8513000000000375,0.834799999999916,0.8011999999999375,0.95150000000001,1.068399999999997,1.419300000000021,1.2356999999999516,3.222099999999955,1.7024999999999864,3.0049999999999955,0.8347000000000548,0.9681999999999675,0.9516999999999598,0.7513000000000716,0.7680000000000291,3.8395000000000437,0.9683999999999173,0.9514000000000351,1.2521999999999593,1.052500000000009,0.8348000000000866,1.2688000000000557,0.867999999999995,2.7708999999999833,0.7511000000000081,1.5692999999999415,1.6358999999999924,3.7229000000000383,0.7010999999999967,0.818300000000022,0.7345000000000255,1.0852000000000999,0.8182000000000471,1.1687000000000012]",-0.76263783,2.594,0.0,9.0,9.0,13.0,1.0,geurig,ggeurig,question_gesture.png,im_hand.png,,,,,
,,,1,3,2023-05-15_07h44.04.495,flesh_expressibility_dutch,2022.2.4,Linux x86_64,59.90534955,,,,,,,,,,,,,,,,,37.0,1.0,nederlands,,,,,,engels,3.0,,0.0,,0.0,,0.0,,0.0,,0.0,,0.0,,0.0,NL,7.0,2.0,2.0,1.0,,sensorypref1,sensorypref2,1745.0,981.0,,,,,,,,,,,,,,,,,,,,,,,,,,,,,,,,,,,1.0,444.2685,51.0,"[0.9016999999999484,0.8347000000000264,0.9851000000000454,1.1190999999999747,0.7848000000000468,0.968199999999996,0.7511000000000365,0.8845999999999776,0.8513999999999555,1.7527999999999793,0.9848999999999819,1.3687999999999931,0.9013999999999385,0.8013000000000261,2.9547999999999774,0.851099999999974,0.8513000000000375,0.834799999999916,0.8011999999999375,0.95150000000001,1.068399999999997,1.4192000000000462,1.2355999999999767,3.222099999999955,1.7024999999999864,3.0049999999999955,0.8347000000000548,0.9681999999999675,0.9516999999999598,0.7512000000000967,0.7678999999999405,3.8394000000000688,0.9683999999999173,0.9514000000000351,1.2521999999999593,1.052500000000009,0.8348000000000866,1.2688000000000557,0.867999999999995,2.7708999999999833,0.7511000000000081,1.5692999999999415,1.6358000000000175,3.7229000000000383,0.7010999999999967,0.8181999999999334,0.7345000000000255,1.0851000000000113,0.8180999999999585,1.1687000000000012,1.5170999999999708]","[0.9017999999999802,0.8347000000000264,0.9852000000000203,1.1190999999999747,0.7848000000000468,0.9684000000000026,0.7511000000000365,0.8847000000000094,0.8513999999999555,1.7529000000000394,0.9848999999999819,1.368899999999968,0.9013999999999385,0.8013000000000261,2.9548999999999523,0.851099999999974,0.8513000000000375,0.834799999999916,0.8011999999999375,0.95150000000001,1.068399999999997,1.419300000000021,1.2356999999999516,3.222099999999955,1.7024999999999864,3.0049999999999955,0.8347000000000548,0.9681999999999675,0.9516999999999598,0.7513000000000716,0.7680000000000291,3.8395000000000437,0.9683999999999173,0.9514000000000351,1.2521999999999593,1.052500000000009,0.8348000000000866,1.2688000000000557,0.867999999999995,2.7708999999999833,0.7511000000000081,1.5692999999999415,1.6358999999999924,3.7229000000000383,0.7010999999999967,0.818300000000022,0.7345000000000255,1.0852000000000999,0.8182000000000471,1.1687000000000012,1.5171999999999457]",0.161004527,5.0863,0.0,10.0,10.0,86.0,1.0,badderen,gbadderen,question_gesture.png,im_hand.png,,,,,
,,,1,3,2023-05-15_07h44.04.495,flesh_expressibility_dutch,2022.2.4,Linux x86_64,59.90534955,,,,,,,,,,,,,,,,,37.0,1.0,nederlands,,,,,,engels,3.0,,0.0,,0.0,,0.0,,0.0,,0.0,,0.0,,0.0,NL,7.0,2.0,2.0,1.0,,sensorypref1,sensorypref2,1745.0,981.0,,,,,,,,,,,,,,,,,,,,,,,,,,,,,,,,,,,2.0,450.6199,52.0,"[0.9016999999999484,0.8347000000000264,0.9851000000000454,1.1190999999999747,0.7848000000000468,0.968199999999996,0.7511000000000365,0.8845999999999776,0.8513999999999555,1.7527999999999793,0.9848999999999819,1.3687999999999931,0.9013999999999385,0.8013000000000261,2.9547999999999774,0.851099999999974,0.8513000000000375,0.834799999999916,0.8011999999999375,0.95150000000001,1.068399999999997,1.4192000000000462,1.2355999999999767,3.222099999999955,1.7024999999999864,3.0049999999999955,0.8347000000000548,0.9681999999999675,0.9516999999999598,0.7512000000000967,0.7678999999999405,3.8394000000000688,0.9683999999999173,0.9514000000000351,1.2521999999999593,1.052500000000009,0.8348000000000866,1.2688000000000557,0.867999999999995,2.7708999999999833,0.7511000000000081,1.5692999999999415,1.6358000000000175,3.7229000000000383,0.7010999999999967,0.8181999999999334,0.7345000000000255,1.0851000000000113,0.8180999999999585,1.1687000000000012,1.5170999999999708,0.867999999999995]","[0.9017999999999802,0.8347000000000264,0.9852000000000203,1.1190999999999747,0.7848000000000468,0.9684000000000026,0.7511000000000365,0.8847000000000094,0.8513999999999555,1.7529000000000394,0.9848999999999819,1.368899999999968,0.9013999999999385,0.8013000000000261,2.9548999999999523,0.851099999999974,0.8513000000000375,0.834799999999916,0.8011999999999375,0.95150000000001,1.068399999999997,1.419300000000021,1.2356999999999516,3.222099999999955,1.7024999999999864,3.0049999999999955,0.8347000000000548,0.9681999999999675,0.9516999999999598,0.7513000000000716,0.7680000000000291,3.8395000000000437,0.9683999999999173,0.9514000000000351,1.2521999999999593,1.052500000000009,0.8348000000000866,1.2688000000000557,0.867999999999995,2.7708999999999833,0.7511000000000081,1.5692999999999415,1.6358999999999924,3.7229000000000383,0.7010999999999967,0.818300000000022,0.7345000000000255,1.0852000000000999,0.8182000000000471,1.1687000000000012,1.5171999999999457,0.867999999999995]",0.529558146,2.9108,0.0,11.0,11.0,85.0,1.0,boven,gboven,question_gesture.png,im_hand.png,,,,,
,,,1,3,2023-05-15_07h44.04.495,flesh_expressibility_dutch,2022.2.4,Linux x86_64,59.90534955,,,,,,,,,,,,,,,,,37.0,1.0,nederlands,,,,,,engels,3.0,,0.0,,0.0,,0.0,,0.0,,0.0,,0.0,,0.0,NL,7.0,2.0,2.0,1.0,,sensorypref1,sensorypref2,1745.0,981.0,,,,,,,,,,,,,,,,,,,,,,,,,,,,,,,,,,,2.0,454.4113,53.0,"[0.9016999999999484,0.8347000000000264,0.9851000000000454,1.1190999999999747,0.7848000000000468,0.968199999999996,0.7511000000000365,0.8845999999999776,0.8513999999999555,1.7527999999999793,0.9848999999999819,1.3687999999999931,0.9013999999999385,0.8013000000000261,2.9547999999999774,0.851099999999974,0.8513000000000375,0.834799999999916,0.8011999999999375,0.95150000000001,1.068399999999997,1.4192000000000462,1.2355999999999767,3.222099999999955,1.7024999999999864,3.0049999999999955,0.8347000000000548,0.9681999999999675,0.9516999999999598,0.7512000000000967,0.7678999999999405,3.8394000000000688,0.9683999999999173,0.9514000000000351,1.2521999999999593,1.052500000000009,0.8348000000000866,1.2688000000000557,0.867999999999995,2.7708999999999833,0.7511000000000081,1.5692999999999415,1.6358000000000175,3.7229000000000383,0.7010999999999967,0.8181999999999334,0.7345000000000255,1.0851000000000113,0.8180999999999585,1.1687000000000012,1.5170999999999708,0.867999999999995,1.3522999999999001]","[0.9017999999999802,0.8347000000000264,0.9852000000000203,1.1190999999999747,0.7848000000000468,0.9684000000000026,0.7511000000000365,0.8847000000000094,0.8513999999999555,1.7529000000000394,0.9848999999999819,1.368899999999968,0.9013999999999385,0.8013000000000261,2.9548999999999523,0.851099999999974,0.8513000000000375,0.834799999999916,0.8011999999999375,0.95150000000001,1.068399999999997,1.419300000000021,1.2356999999999516,3.222099999999955,1.7024999999999864,3.0049999999999955,0.8347000000000548,0.9681999999999675,0.9516999999999598,0.7513000000000716,0.7680000000000291,3.8395000000000437,0.9683999999999173,0.9514000000000351,1.2521999999999593,1.052500000000009,0.8348000000000866,1.2688000000000557,0.867999999999995,2.7708999999999833,0.7511000000000081,1.5692999999999415,1.6358999999999924,3.7229000000000383,0.7010999999999967,0.818300000000022,0.7345000000000255,1.0852000000000999,0.8182000000000471,1.1687000000000012,1.5171999999999457,0.867999999999995,1.3522999999999001]",-0.572417224,2.8736,0.0,12.0,12.0,14.0,1.0,licht,glicht,question_gesture.png,im_hand.png,,,,,
,,,1,3,2023-05-15_07h44.04.495,flesh_expressibility_dutch,2022.2.4,Linux x86_64,59.90534955,,,,,,,,,,,,,,,,,37.0,1.0,nederlands,,,,,,engels,3.0,,0.0,,0.0,,0.0,,0.0,,0.0,,0.0,,0.0,NL,7.0,2.0,2.0,1.0,,sensorypref1,sensorypref2,1745.0,981.0,,,,,,,,,,,,,,,,,,,,,,,,,,,,,,,,,,,1.0,458.202,54.0,"[0.9016999999999484,0.8347000000000264,0.9851000000000454,1.1190999999999747,0.7848000000000468,0.968199999999996,0.7511000000000365,0.8845999999999776,0.8513999999999555,1.7527999999999793,0.9848999999999819,1.3687999999999931,0.9013999999999385,0.8013000000000261,2.9547999999999774,0.851099999999974,0.8513000000000375,0.834799999999916,0.8011999999999375,0.95150000000001,1.068399999999997,1.4192000000000462,1.2355999999999767,3.222099999999955,1.7024999999999864,3.0049999999999955,0.8347000000000548,0.9681999999999675,0.9516999999999598,0.7512000000000967,0.7678999999999405,3.8394000000000688,0.9683999999999173,0.9514000000000351,1.2521999999999593,1.052500000000009,0.8348000000000866,1.2688000000000557,0.867999999999995,2.7708999999999833,0.7511000000000081,1.5692999999999415,1.6358000000000175,3.7229000000000383,0.7010999999999967,0.8181999999999334,0.7345000000000255,1.0851000000000113,0.8180999999999585,1.1687000000000012,1.5170999999999708,0.867999999999995,1.3522999999999001,1.0002000000000635]","[0.9017999999999802,0.8347000000000264,0.9852000000000203,1.1190999999999747,0.7848000000000468,0.9684000000000026,0.7511000000000365,0.8847000000000094,0.8513999999999555,1.7529000000000394,0.9848999999999819,1.368899999999968,0.9013999999999385,0.8013000000000261,2.9548999999999523,0.851099999999974,0.8513000000000375,0.834799999999916,0.8011999999999375,0.95150000000001,1.068399999999997,1.419300000000021,1.2356999999999516,3.222099999999955,1.7024999999999864,3.0049999999999955,0.8347000000000548,0.9681999999999675,0.9516999999999598,0.7513000000000716,0.7680000000000291,3.8395000000000437,0.9683999999999173,0.9514000000000351,1.2521999999999593,1.052500000000009,0.8348000000000866,1.2688000000000557,0.867999999999995,2.7708999999999833,0.7511000000000081,1.5692999999999415,1.6358999999999924,3.7229000000000383,0.7010999999999967,0.818300000000022,0.7345000000000255,1.0852000000000999,0.8182000000000471,1.1687000000000012,1.5171999999999457,0.867999999999995,1.3522999999999001,1.0003000000000384]",-0.368296519,3.2249,0.0,13.0,13.0,205.0,1.0,vork,gvork,question_gesture.png,im_hand.png,,,,,
,,,1,3,2023-05-15_07h44.04.495,flesh_expressibility_dutch,2022.2.4,Linux x86_64,59.90534955,,,,,,,,,,,,,,,,,37.0,1.0,nederlands,,,,,,engels,3.0,,0.0,,0.0,,0.0,,0.0,,0.0,,0.0,,0.0,NL,7.0,2.0,2.0,1.0,,sensorypref1,sensorypref2,1745.0,981.0,,,,,,,,,,,,,,,,,,,,,,,,,,,,,,,,,,,2.0,462.9145,55.0,"[0.9016999999999484,0.8347000000000264,0.9851000000000454,1.1190999999999747,0.7848000000000468,0.968199999999996,0.7511000000000365,0.8845999999999776,0.8513999999999555,1.7527999999999793,0.9848999999999819,1.3687999999999931,0.9013999999999385,0.8013000000000261,2.9547999999999774,0.851099999999974,0.8513000000000375,0.834799999999916,0.8011999999999375,0.95150000000001,1.068399999999997,1.4192000000000462,1.2355999999999767,3.222099999999955,1.7024999999999864,3.0049999999999955,0.8347000000000548,0.9681999999999675,0.9516999999999598,0.7512000000000967,0.7678999999999405,3.8394000000000688,0.9683999999999173,0.9514000000000351,1.2521999999999593,1.052500000000009,0.8348000000000866,1.2688000000000557,0.867999999999995,2.7708999999999833,0.7511000000000081,1.5692999999999415,1.6358000000000175,3.7229000000000383,0.7010999999999967,0.8181999999999334,0.7345000000000255,1.0851000000000113,0.8180999999999585,1.1687000000000012,1.5170999999999708,0.867999999999995,1.3522999999999001,1.0002000000000635,1.0682999999999652]","[0.9017999999999802,0.8347000000000264,0.9852000000000203,1.1190999999999747,0.7848000000000468,0.9684000000000026,0.7511000000000365,0.8847000000000094,0.8513999999999555,1.7529000000000394,0.9848999999999819,1.368899999999968,0.9013999999999385,0.8013000000000261,2.9548999999999523,0.851099999999974,0.8513000000000375,0.834799999999916,0.8011999999999375,0.95150000000001,1.068399999999997,1.419300000000021,1.2356999999999516,3.222099999999955,1.7024999999999864,3.0049999999999955,0.8347000000000548,0.9681999999999675,0.9516999999999598,0.7513000000000716,0.7680000000000291,3.8395000000000437,0.9683999999999173,0.9514000000000351,1.2521999999999593,1.052500000000009,0.8348000000000866,1.2688000000000557,0.867999999999995,2.7708999999999833,0.7511000000000081,1.5692999999999415,1.6358999999999924,3.7229000000000383,0.7010999999999967,0.818300000000022,0.7345000000000255,1.0852000000000999,0.8182000000000471,1.1687000000000012,1.5171999999999457,0.867999999999995,1.3522999999999001,1.0003000000000384,1.0684000000000538]",-0.490249609,2.3278,0.0,14.0,14.0,60.0,1.0,luidruchtig,gluidruchtig,question_gesture.png,im_hand.png,,,,,
,,,1,3,2023-05-15_07h44.04.495,flesh_expressibility_dutch,2022.2.4,Linux x86_64,59.90534955,,,,,,,,,,,,,,,,,37.0,1.0,nederlands,,,,,,engels,3.0,,0.0,,0.0,,0.0,,0.0,,0.0,,0.0,,0.0,NL,7.0,2.0,2.0,1.0,,sensorypref1,sensorypref2,1745.0,981.0,,,,,,,,,,,,,,,,,,,,,,,,,,,,,,,,,,,2.0,466.8074,56.0,"[0.9016999999999484,0.8347000000000264,0.9851000000000454,1.1190999999999747,0.7848000000000468,0.968199999999996,0.7511000000000365,0.8845999999999776,0.8513999999999555,1.7527999999999793,0.9848999999999819,1.3687999999999931,0.9013999999999385,0.8013000000000261,2.9547999999999774,0.851099999999974,0.8513000000000375,0.834799999999916,0.8011999999999375,0.95150000000001,1.068399999999997,1.4192000000000462,1.2355999999999767,3.222099999999955,1.7024999999999864,3.0049999999999955,0.8347000000000548,0.9681999999999675,0.9516999999999598,0.7512000000000967,0.7678999999999405,3.8394000000000688,0.9683999999999173,0.9514000000000351,1.2521999999999593,1.052500000000009,0.8348000000000866,1.2688000000000557,0.867999999999995,2.7708999999999833,0.7511000000000081,1.5692999999999415,1.6358000000000175,3.7229000000000383,0.7010999999999967,0.8181999999999334,0.7345000000000255,1.0851000000000113,0.8180999999999585,1.1687000000000012,1.5170999999999708,0.867999999999995,1.3522999999999001,1.0002000000000635,1.0682999999999652,0.8011000000000195]","[0.9017999999999802,0.8347000000000264,0.9852000000000203,1.1190999999999747,0.7848000000000468,0.9684000000000026,0.7511000000000365,0.8847000000000094,0.8513999999999555,1.7529000000000394,0.9848999999999819,1.368899999999968,0.9013999999999385,0.8013000000000261,2.9548999999999523,0.851099999999974,0.8513000000000375,0.834799999999916,0.8011999999999375,0.95150000000001,1.068399999999997,1.419300000000021,1.2356999999999516,3.222099999999955,1.7024999999999864,3.0049999999999955,0.8347000000000548,0.9681999999999675,0.9516999999999598,0.7513000000000716,0.7680000000000291,3.8395000000000437,0.9683999999999173,0.9514000000000351,1.2521999999999593,1.052500000000009,0.8348000000000866,1.2688000000000557,0.867999999999995,2.7708999999999833,0.7511000000000081,1.5692999999999415,1.6358999999999924,3.7229000000000383,0.7010999999999967,0.818300000000022,0.7345000000000255,1.0852000000000999,0.8182000000000471,1.1687000000000012,1.5171999999999457,0.867999999999995,1.3522999999999001,1.0003000000000384,1.0684000000000538,0.8011999999999944]",0.271555179,3.475,0.0,15.0,15.0,108.0,1.0,neus,gneus,question_gesture.png,im_hand.png,,,,,
,,,1,3,2023-05-15_07h44.04.495,flesh_expressibility_dutch,2022.2.4,Linux x86_64,59.90534955,,,,,,,,,,,,,,,,,37.0,1.0,nederlands,,,,,,engels,3.0,,0.0,,0.0,,0.0,,0.0,,0.0,,0.0,,0.0,NL,7.0,2.0,2.0,1.0,,sensorypref1,sensorypref2,1745.0,981.0,,,,,,,,,,,,,,,,,,,,,,,,,,,,,,,,,,,2.0,470.5982,57.0,"[0.9016999999999484,0.8347000000000264,0.9851000000000454,1.1190999999999747,0.7848000000000468,0.968199999999996,0.7511000000000365,0.8845999999999776,0.8513999999999555,1.7527999999999793,0.9848999999999819,1.3687999999999931,0.9013999999999385,0.8013000000000261,2.9547999999999774,0.851099999999974,0.8513000000000375,0.834799999999916,0.8011999999999375,0.95150000000001,1.068399999999997,1.4192000000000462,1.2355999999999767,3.222099999999955,1.7024999999999864,3.0049999999999955,0.8347000000000548,0.9681999999999675,0.9516999999999598,0.7512000000000967,0.7678999999999405,3.8394000000000688,0.9683999999999173,0.9514000000000351,1.2521999999999593,1.052500000000009,0.8348000000000866,1.2688000000000557,0.867999999999995,2.7708999999999833,0.7511000000000081,1.5692999999999415,1.6358000000000175,3.7229000000000383,0.7010999999999967,0.8181999999999334,0.7345000000000255,1.0851000000000113,0.8180999999999585,1.1687000000000012,1.5170999999999708,0.867999999999995,1.3522999999999001,1.0002000000000635,1.0682999999999652,0.8011000000000195,0.8848000000000411]","[0.9017999999999802,0.8347000000000264,0.9852000000000203,1.1190999999999747,0.7848000000000468,0.9684000000000026,0.7511000000000365,0.8847000000000094,0.8513999999999555,1.7529000000000394,0.9848999999999819,1.368899999999968,0.9013999999999385,0.8013000000000261,2.9548999999999523,0.851099999999974,0.8513000000000375,0.834799999999916,0.8011999999999375,0.95150000000001,1.068399999999997,1.419300000000021,1.2356999999999516,3.222099999999955,1.7024999999999864,3.0049999999999955,0.8347000000000548,0.9681999999999675,0.9516999999999598,0.7513000000000716,0.7680000000000291,3.8395000000000437,0.9683999999999173,0.9514000000000351,1.2521999999999593,1.052500000000009,0.8348000000000866,1.2688000000000557,0.867999999999995,2.7708999999999833,0.7511000000000081,1.5692999999999415,1.6358999999999924,3.7229000000000383,0.7010999999999967,0.818300000000022,0.7345000000000255,1.0852000000000999,0.8182000000000471,1.1687000000000012,1.5171999999999457,0.867999999999995,1.3522999999999001,1.0003000000000384,1.0684000000000538,0.8011999999999944,0.8848000000000411]",0.310399329,2.9741,0.0,16.0,16.0,171.0,1.0,zwaar,gzwaar,question_gesture.png,im_hand.png,,,,,
,,,1,3,2023-05-15_07h44.04.495,flesh_expressibility_dutch,2022.2.4,Linux x86_64,59.90534955,,,,,,,,,,,,,,,,,37.0,1.0,nederlands,,,,,,engels,3.0,,0.0,,0.0,,0.0,,0.0,,0.0,,0.0,,0.0,NL,7.0,2.0,2.0,1.0,,sensorypref1,sensorypref2,1745.0,981.0,,,,,,,,,,,,,,,,,,,,,,,,,,,,,,,,,,,1.0,473.9793,58.0,"[0.9016999999999484,0.8347000000000264,0.9851000000000454,1.1190999999999747,0.7848000000000468,0.968199999999996,0.7511000000000365,0.8845999999999776,0.8513999999999555,1.7527999999999793,0.9848999999999819,1.3687999999999931,0.9013999999999385,0.8013000000000261,2.9547999999999774,0.851099999999974,0.8513000000000375,0.834799999999916,0.8011999999999375,0.95150000000001,1.068399999999997,1.4192000000000462,1.2355999999999767,3.222099999999955,1.7024999999999864,3.0049999999999955,0.8347000000000548,0.9681999999999675,0.9516999999999598,0.7512000000000967,0.7678999999999405,3.8394000000000688,0.9683999999999173,0.9514000000000351,1.2521999999999593,1.052500000000009,0.8348000000000866,1.2688000000000557,0.867999999999995,2.7708999999999833,0.7511000000000081,1.5692999999999415,1.6358000000000175,3.7229000000000383,0.7010999999999967,0.8181999999999334,0.7345000000000255,1.0851000000000113,0.8180999999999585,1.1687000000000012,1.5170999999999708,0.867999999999995,1.3522999999999001,1.0002000000000635,1.0682999999999652,0.8011000000000195,0.8848000000000411,0.7177999999999543]","[0.9017999999999802,0.8347000000000264,0.9852000000000203,1.1190999999999747,0.7848000000000468,0.9684000000000026,0.7511000000000365,0.8847000000000094,0.8513999999999555,1.7529000000000394,0.9848999999999819,1.368899999999968,0.9013999999999385,0.8013000000000261,2.9548999999999523,0.851099999999974,0.8513000000000375,0.834799999999916,0.8011999999999375,0.95150000000001,1.068399999999997,1.419300000000021,1.2356999999999516,3.222099999999955,1.7024999999999864,3.0049999999999955,0.8347000000000548,0.9681999999999675,0.9516999999999598,0.7513000000000716,0.7680000000000291,3.8395000000000437,0.9683999999999173,0.9514000000000351,1.2521999999999593,1.052500000000009,0.8348000000000866,1.2688000000000557,0.867999999999995,2.7708999999999833,0.7511000000000081,1.5692999999999415,1.6358999999999924,3.7229000000000383,0.7010999999999967,0.818300000000022,0.7345000000000255,1.0852000000000999,0.8182000000000471,1.1687000000000012,1.5171999999999457,0.867999999999995,1.3522999999999001,1.0003000000000384,1.0684000000000538,0.8011999999999944,0.8848000000000411,0.7178999999999292]",0.320835419,2.5745,0.0,17.0,17.0,145.0,1.0,slaan,gslaan,question_gesture.png,im_hand.png,,,,,
,,,1,3,2023-05-15_07h44.04.495,flesh_expressibility_dutch,2022.2.4,Linux x86_64,59.90534955,,,,,,,,,,,,,,,,,37.0,1.0,nederlands,,,,,,engels,3.0,,0.0,,0.0,,0.0,,0.0,,0.0,,0.0,,0.0,NL,7.0,2.0,2.0,1.0,,sensorypref1,sensorypref2,1745.0,981.0,,,,,,,,,,,,,,,,,,,,,,,,,,,,,,,,,,,1.0,477.2472,59.0,"[0.9016999999999484,0.8347000000000264,0.9851000000000454,1.1190999999999747,0.7848000000000468,0.968199999999996,0.7511000000000365,0.8845999999999776,0.8513999999999555,1.7527999999999793,0.9848999999999819,1.3687999999999931,0.9013999999999385,0.8013000000000261,2.9547999999999774,0.851099999999974,0.8513000000000375,0.834799999999916,0.8011999999999375,0.95150000000001,1.068399999999997,1.4192000000000462,1.2355999999999767,3.222099999999955,1.7024999999999864,3.0049999999999955,0.8347000000000548,0.9681999999999675,0.9516999999999598,0.7512000000000967,0.7678999999999405,3.8394000000000688,0.9683999999999173,0.9514000000000351,1.2521999999999593,1.052500000000009,0.8348000000000866,1.2688000000000557,0.867999999999995,2.7708999999999833,0.7511000000000081,1.5692999999999415,1.6358000000000175,3.7229000000000383,0.7010999999999967,0.8181999999999334,0.7345000000000255,1.0851000000000113,0.8180999999999585,1.1687000000000012,1.5170999999999708,0.867999999999995,1.3522999999999001,1.0002000000000635,1.0682999999999652,0.8011000000000195,0.8848000000000411,0.7177999999999543,0.968400000000031]","[0.9017999999999802,0.8347000000000264,0.9852000000000203,1.1190999999999747,0.7848000000000468,0.9684000000000026,0.7511000000000365,0.8847000000000094,0.8513999999999555,1.7529000000000394,0.9848999999999819,1.368899999999968,0.9013999999999385,0.8013000000000261,2.9548999999999523,0.851099999999974,0.8513000000000375,0.834799999999916,0.8011999999999375,0.95150000000001,1.068399999999997,1.419300000000021,1.2356999999999516,3.222099999999955,1.7024999999999864,3.0049999999999955,0.8347000000000548,0.9681999999999675,0.9516999999999598,0.7513000000000716,0.7680000000000291,3.8395000000000437,0.9683999999999173,0.9514000000000351,1.2521999999999593,1.052500000000009,0.8348000000000866,1.2688000000000557,0.867999999999995,2.7708999999999833,0.7511000000000081,1.5692999999999415,1.6358999999999924,3.7229000000000383,0.7010999999999967,0.818300000000022,0.7345000000000255,1.0852000000000999,0.8182000000000471,1.1687000000000012,1.5171999999999457,0.867999999999995,1.3522999999999001,1.0003000000000384,1.0684000000000538,0.8011999999999944,0.8848000000000411,0.7178999999999292,0.968400000000031]",0.227958012,1.8989,0.0,18.0,18.0,155.0,1.0,zuigen,gzuigen,question_gesture.png,im_hand.png,,,,,
,,,1,3,2023-05-15_07h44.04.495,flesh_expressibility_dutch,2022.2.4,Linux x86_64,59.90534955,,,,,,,,,,,,,,,,,37.0,1.0,nederlands,,,,,,engels,3.0,,0.0,,0.0,,0.0,,0.0,,0.0,,0.0,,0.0,NL,7.0,2.0,2.0,1.0,,sensorypref1,sensorypref2,1745.0,981.0,,,,,,,,,,,,,,,,,,,,,,,,,,,,,,,,,,,1.0,480.1261,60.0,"[0.9016999999999484,0.8347000000000264,0.9851000000000454,1.1190999999999747,0.7848000000000468,0.968199999999996,0.7511000000000365,0.8845999999999776,0.8513999999999555,1.7527999999999793,0.9848999999999819,1.3687999999999931,0.9013999999999385,0.8013000000000261,2.9547999999999774,0.851099999999974,0.8513000000000375,0.834799999999916,0.8011999999999375,0.95150000000001,1.068399999999997,1.4192000000000462,1.2355999999999767,3.222099999999955,1.7024999999999864,3.0049999999999955,0.8347000000000548,0.9681999999999675,0.9516999999999598,0.7512000000000967,0.7678999999999405,3.8394000000000688,0.9683999999999173,0.9514000000000351,1.2521999999999593,1.052500000000009,0.8348000000000866,1.2688000000000557,0.867999999999995,2.7708999999999833,0.7511000000000081,1.5692999999999415,1.6358000000000175,3.7229000000000383,0.7010999999999967,0.8181999999999334,0.7345000000000255,1.0851000000000113,0.8180999999999585,1.1687000000000012,1.5170999999999708,0.867999999999995,1.3522999999999001,1.0002000000000635,1.0682999999999652,0.8011000000000195,0.8848000000000411,0.7177999999999543,0.968400000000031,0.8681000000000836]","[0.9017999999999802,0.8347000000000264,0.9852000000000203,1.1190999999999747,0.7848000000000468,0.9684000000000026,0.7511000000000365,0.8847000000000094,0.8513999999999555,1.7529000000000394,0.9848999999999819,1.368899999999968,0.9013999999999385,0.8013000000000261,2.9548999999999523,0.851099999999974,0.8513000000000375,0.834799999999916,0.8011999999999375,0.95150000000001,1.068399999999997,1.419300000000021,1.2356999999999516,3.222099999999955,1.7024999999999864,3.0049999999999955,0.8347000000000548,0.9681999999999675,0.9516999999999598,0.7513000000000716,0.7680000000000291,3.8395000000000437,0.9683999999999173,0.9514000000000351,1.2521999999999593,1.052500000000009,0.8348000000000866,1.2688000000000557,0.867999999999995,2.7708999999999833,0.7511000000000081,1.5692999999999415,1.6358999999999924,3.7229000000000383,0.7010999999999967,0.818300000000022,0.7345000000000255,1.0852000000000999,0.8182000000000471,1.1687000000000012,1.5171999999999457,0.867999999999995,1.3522999999999001,1.0003000000000384,1.0684000000000538,0.8011999999999944,0.8848000000000411,0.7178999999999292,0.968400000000031,0.8682000000001153]",-0.499838716,2.3819,0.0,19.0,19.0,156.0,1.0,blad,gblad,question_gesture.png,im_hand.png,,,,,
,,,1,3,2023-05-15_07h44.04.495,flesh_expressibility_dutch,2022.2.4,Linux x86_64,59.90534955,,,,,,,,,,,,,,,,,37.0,1.0,nederlands,,,,,,engels,3.0,,0.0,,0.0,,0.0,,0.0,,0.0,,0.0,,0.0,NL,7.0,2.0,2.0,1.0,,sensorypref1,sensorypref2,1745.0,981.0,,,,,,,,,,,,,,,,,,,,,,,,,,,,,,,,,,,,,,,,,,,,,,,,,,,,,,,
,,,1,3,2023-05-15_07h44.04.495,flesh_expressibility_dutch,2022.2.4,Linux x86_64,59.90534955,,,,,,,,,,,,,,,,,37.0,1.0,nederlands,,,,,,engels,3.0,,0.0,,0.0,,0.0,,0.0,,0.0,,0.0,,0.0,NL,7.0,2.0,2.0,1.0,,sensorypref1,sensorypref2,1745.0,981.0,,,,,,,,,,,,,,,,,,,,,,,,,,,,,,,,,,,,,,,,,,,,,,,,,,,1.0,,,,
,,,1,3,2023-05-15_07h44.04.495,flesh_expressibility_dutch,2022.2.4,Linux x86_64,59.90534955,,,,,,,,,,,,,,,,,37.0,1.0,nederlands,,,,,,engels,3.0,,0.0,,0.0,,0.0,,0.0,,0.0,,0.0,,0.0,NL,7.0,2.0,2.0,1.0,,sensorypref1,sensorypref2,1745.0,981.0,,,,,,,,,,,,,,,,,,,,,,,,,,,,,,,,,,,,,,,,,,,,,,,,,,,1.0,,,,
,,,1,3,2023-05-15_07h44.04.495,flesh_expressibility_dutch,2022.2.4,Linux x86_64,59.90534955,,,,,,,,,,,,,,,,,37.0,1.0,nederlands,,,,,,engels,3.0,,0.0,,0.0,,0.0,,0.0,,0.0,,0.0,,0.0,NL,7.0,2.0,2.0,1.0,,sensorypref1,sensorypref2,1745.0,981.0,,,,,,,,,,,,,,,,,,,,,,,,,,,,,,,,,,,,,,,,,,,,,,,,,,,1.0,,1.0,[497.2494],[497.2494]
