welcome_weiter.numClicks,welcome_weiter.timesOn,welcome_weiter.timesOff,exp_ID,session,presentation limit,date,expName,psychopyVersion,OS,frameRate,introduction_weiter.numClicks,introduction_weiter.timesOn,introduction_weiter.timesOff,age,gender,natlang1,natlang2,natlang3,natlang4,natlang5,natlang6,lang1,proficiency1,lang2,proficiency2,lang3,proficiency3,lang4,proficiency4,lang5,proficiency5,lang6,proficiency6,lang7,proficiency7,lang8,proficiency8,country,education,dyslexia,mobility,currentloc,radio-for-required-checkboxes,sensorypref2,xRes,yRes,sensorypref[],sensorypref1,sensorypref3,sensorypref4,practice_weiter.numClicks,practice_weiter.timesOn,practice_weiter.timesOff,pr_message_weiter.numClicks,pr_message_weiter.timesOn,pr_message_weiter.timesOff,pr_remember_weiter.numClicks,pr_remember_weiter.timesOn,pr_remember_weiter.timesOff,button_weiter.numClicks,button_weiter.timesOn,button_weiter.timesOff,pr_expressibility.response,pr_expressibility.rt,practice_trials.thisRepN,practice_trials.thisTrialN,practice_trials.thisN,practice_trials.thisIndex,practice_trials.ran,pr_word,pr_question,pr_image,start_weiter.numClicks,start_weiter.timesOn,start_weiter.timesOff,message_weiter.numClicks,message_weiter.timesOn,message_weiter.timesOff,trial_remember_weiter.numClicks,trial_remember_weiter.timesOn,trial_remember_weiter.timesOff,Count,Shelf time,trial_button_weiter.numClicks,trial_button_weiter.timesOn,trial_button_weiter.timesOff,expressibility.response,expressibility.rt,trials.thisRepN,trials.thisTrialN,trials.thisN,trials.thisIndex,trials.ran,word,fordict,question,trial_img,problem,problem_text,comment_text,end_experiment.numClicks,end_experiment.timesOn,end_experiment.timesOff
1.0,[4.582300000011921],[4.582300000011921],242298,1,21,2023-09-24_17h38.29.380,flesh_expressibility_dutch,2022.2.4,Win32,60.29908345,,,,,,,,,,,,,,,,,,,,,,,,,,,,,,,,,,,,,,,,,,,,,,,,,,,,,,,,,,,,,,,,,,,,,,,,,,,,,,,,,,,,,,,,,,,,,
,,,242298,1,21,2023-09-24_17h38.29.380,flesh_expressibility_dutch,2022.2.4,Win32,60.29908345,,,,,,,,,,,,,,,,,,,,,,,,,,,,,,,,,,,,,,,,,,,,,,,,,,,,,,,,,,,,,,,,,,,,,,,,,,,,,,,,,,,,,,,,,,,,,
,,,242298,1,21,2023-09-24_17h38.29.380,flesh_expressibility_dutch,2022.2.4,Win32,60.29908345,1.0,[11.93480000001192],[11.93480000001192],,,,,,,,,,,,,,,,,,,,,,,,,,,,,,,,,,,,,,,,,,,,,,,,,,,,,,,,,,,,,,,,,,,,,,,,,,,,,,,,,,,,,,,,,,
,,,242298,1,21,2023-09-24_17h38.29.380,flesh_expressibility_dutch,2022.2.4,Win32,60.29908345,,,,,,,,,,,,,,,,,,,,,,,,,,,,,,,,,,,,,,,,,,,,,,,,,,,,,,,,,,,,,,,,,,,,,,,,,,,,,,,,,,,,,,,,,,,,,
,,,242298,1,21,2023-09-24_17h38.29.380,flesh_expressibility_dutch,2022.2.4,Win32,60.29908345,,,,18.0,2.0,Nederlands,,,,,,Engels,3.0,,0.0,,0.0,,0.0,,0.0,,0.0,,0.0,,0.0,NL,2.0,2.0,2.0,1.0,on,sensorypref2,1536.0,864.0,,,,,,,,,,,,,,,,,,,,,,,,,,,,,,,,,,,,,,,,,,,,,,,,,,,,,,,,,
,,,242298,1,21,2023-09-24_17h38.29.380,flesh_expressibility_dutch,2022.2.4,Win32,60.29908345,,,,18.0,2.0,Nederlands,,,,,,Engels,3.0,,0.0,,0.0,,0.0,,0.0,,0.0,,0.0,,0.0,NL,2.0,2.0,2.0,1.0,,sensorypref2,1536.0,864.0,,,,,1.0,[66.55380000001192],[66.55380000001192],,,,,,,,,,,,,,,,,,,,,,,,,,,,,,,,,,,,,,,,,,,,,,,,,,
,,,242298,1,21,2023-09-24_17h38.29.380,flesh_expressibility_dutch,2022.2.4,Win32,60.29908345,,,,18.0,2.0,Nederlands,,,,,,Engels,3.0,,0.0,,0.0,,0.0,,0.0,,0.0,,0.0,,0.0,NL,2.0,2.0,2.0,1.0,,sensorypref2,1536.0,864.0,,,,,,,,,,,,,,,,,,,,,,,,,,,,,,,,,,,,,,,,,,,,,,,,,,,,,,,,,
,,,242298,1,21,2023-09-24_17h38.29.380,flesh_expressibility_dutch,2022.2.4,Win32,60.29908345,,,,18.0,2.0,Nederlands,,,,,,Engels,3.0,,0.0,,0.0,,0.0,,0.0,,0.0,,0.0,,0.0,NL,2.0,2.0,2.0,1.0,,sensorypref2,1536.0,864.0,,,,,,,,1.0,[73.33439999997616],[73.33439999997616],1.0,[78.82230000001191],[78.82240000003576],1.0,[1.449899999976168],[1.449899999976168],0.885185242,7.2231,0.0,0.0,0.0,1.0,1.0,moe,question_vocal.png,im_mouth.png,,,,,,,,,,,,,,,,,,,,,,,,,,,,,,,
,,,242298,1,21,2023-09-24_17h38.29.380,flesh_expressibility_dutch,2022.2.4,Win32,60.29908345,,,,18.0,2.0,Nederlands,,,,,,Engels,3.0,,0.0,,0.0,,0.0,,0.0,,0.0,,0.0,,0.0,NL,2.0,2.0,2.0,1.0,,sensorypref2,1536.0,864.0,,,,,,,,,,,,,,2.0,"[1.449899999976168,1.132800000011926]","[1.449899999976168,1.132800000011926]",-0.557407379,3.0375,0.0,1.0,1.0,0.0,1.0,liefde,question_vocal.png,im_mouth.png,,,,,,,,,,,,,,,,,,,,,,,,,,,,,,,
,,,242298,1,21,2023-09-24_17h38.29.380,flesh_expressibility_dutch,2022.2.4,Win32,60.29908345,,,,18.0,2.0,Nederlands,,,,,,Engels,3.0,,0.0,,0.0,,0.0,,0.0,,0.0,,0.0,,0.0,NL,2.0,2.0,2.0,1.0,,sensorypref2,1536.0,864.0,,,,,,,,2.0,"[73.33439999997616,100.25339999997615]","[73.33439999997616,100.25339999997615]",2.0,"[78.82230000001191,102.21380000001191]","[78.82240000003576,102.21390000003575]",3.0,"[1.449899999976168,1.132800000011926,2.333099999964247]","[1.449899999976168,1.132800000011926,2.333099999964247]",0.453703704,4.5699,0.0,0.0,0.0,0.0,1.0,koken,question_multimodal.png,im_combination.png,,,,,,,,,,,,,,,,,,,,,,,,,,,,,,,
,,,242298,1,21,2023-09-24_17h38.29.380,flesh_expressibility_dutch,2022.2.4,Win32,60.29908345,,,,18.0,2.0,Nederlands,,,,,,Engels,3.0,,0.0,,0.0,,0.0,,0.0,,0.0,,0.0,,0.0,NL,2.0,2.0,2.0,1.0,,sensorypref2,1536.0,864.0,,,,,,,,,,,,,,4.0,"[1.449899999976168,1.132800000011926,2.333099999964247,0.7666000000238427]","[1.449899999976168,1.132800000011926,2.333099999964247,0.7668000000119264]",0.87037037,2.7364,0.0,1.0,1.0,1.0,1.0,leeuw,question_multimodal.png,im_combination.png,,,,,,,,,,,,,,,,,,,,,,,,,,,,,,,
,,,242298,1,21,2023-09-24_17h38.29.380,flesh_expressibility_dutch,2022.2.4,Win32,60.29908345,,,,18.0,2.0,Nederlands,,,,,,Engels,3.0,,0.0,,0.0,,0.0,,0.0,,0.0,,0.0,,0.0,NL,2.0,2.0,2.0,1.0,,sensorypref2,1536.0,864.0,,,,,,,,3.0,"[73.33439999997616,100.25339999997615,121.64979999995231]","[73.33439999997616,100.25339999997615,121.64989999997616]",3.0,"[78.82230000001191,102.21380000001191,124.04390000003575]","[78.82240000003576,102.21390000003575,124.04390000003575]",5.0,"[1.449899999976168,1.132800000011926,2.333099999964247,0.7666000000238427,0.7823999999761497]","[1.449899999976168,1.132800000011926,2.333099999964247,0.7668000000119264,0.7824999999999989]",0.881481595,3.6618,0.0,0.0,0.0,0.0,1.0,baby,question_gesture.png,im_hand.png,,,,,,,,,,,,,,,,,,,,,,,,,,,,,,,
,,,242298,1,21,2023-09-24_17h38.29.380,flesh_expressibility_dutch,2022.2.4,Win32,60.29908345,,,,18.0,2.0,Nederlands,,,,,,Engels,3.0,,0.0,,0.0,,0.0,,0.0,,0.0,,0.0,,0.0,NL,2.0,2.0,2.0,1.0,,sensorypref2,1536.0,864.0,,,,,,,,,,,,,,6.0,"[1.449899999976168,1.132800000011926,2.333099999964247,0.7666000000238427,0.7823999999761497,0.7994999999999948]","[1.449899999976168,1.132800000011926,2.333099999964247,0.7668000000119264,0.7824999999999989,0.7996999999880643]",0.361111111,4.4739,0.0,1.0,1.0,1.0,1.0,auto,question_gesture.png,im_hand.png,,,,,,,,,,,,,,,,,,,,,,,,,,,,,,,
,,,242298,1,21,2023-09-24_17h38.29.380,flesh_expressibility_dutch,2022.2.4,Win32,60.29908345,,,,18.0,2.0,Nederlands,,,,,,Engels,3.0,,0.0,,0.0,,0.0,,0.0,,0.0,,0.0,,0.0,NL,2.0,2.0,2.0,1.0,,sensorypref2,1536.0,864.0,,,,,,,,,,,,,,,,,,,,,,,,,,,1.0,[142.74880000001193],[142.74880000001193],,,,,,,,,,,,,,,,,,,,,,,,,,,,
,,,242298,1,21,2023-09-24_17h38.29.380,flesh_expressibility_dutch,2022.2.4,Win32,60.29908345,,,,18.0,2.0,Nederlands,,,,,,Engels,3.0,,0.0,,0.0,,0.0,,0.0,,0.0,,0.0,,0.0,NL,2.0,2.0,2.0,1.0,,sensorypref2,1536.0,864.0,,,,,,,,,,,,,,,,,,,,,,,,,,,,,,,,,,,,,,,,,,,,,,,,,,,,,,,,,
,,,242298,1,21,2023-09-24_17h38.29.380,flesh_expressibility_dutch,2022.2.4,Win32,60.29908345,,,,18.0,2.0,Nederlands,,,,,,Engels,3.0,,0.0,,0.0,,0.0,,0.0,,0.0,,0.0,,0.0,NL,2.0,2.0,2.0,1.0,,sensorypref2,1536.0,864.0,,,,,,,,,,,,,,,,,,,,,,,,,,,,,,1.0,[148.42010000002384],[148.42019999998809],1.0,[150.68439999997614],[150.68449999999999],15.0,152.1071,1.0,[1.0474999999999852],[1.0476000000238344],-0.461111139,4.5738,0.0,0.0,0.0,68.0,1.0,scherp,vscherp,question_vocal.png,im_mouth.png,,,,,,
,,,242298,1,21,2023-09-24_17h38.29.380,flesh_expressibility_dutch,2022.2.4,Win32,60.29908345,,,,18.0,2.0,Nederlands,,,,,,Engels,3.0,,0.0,,0.0,,0.0,,0.0,,0.0,,0.0,,0.0,NL,2.0,2.0,2.0,1.0,,sensorypref2,1536.0,864.0,,,,,,,,,,,,,,,,,,,,,,,,,,,,,,,,,,,,22.0,157.7719,1.0,[1.0474999999999852],[1.0476000000238344],,,0.0,1.0,1.0,137.0,1.0,vallen,vvallen,question_vocal.png,im_mouth.png,,,,,,
,,,242298,1,21,2023-09-24_17h38.29.380,flesh_expressibility_dutch,2022.2.4,Win32,60.29908345,,,,18.0,2.0,Nederlands,,,,,,Engels,3.0,,0.0,,0.0,,0.0,,0.0,,0.0,,0.0,,0.0,NL,2.0,2.0,2.0,1.0,,sensorypref2,1536.0,864.0,,,,,,,,,,,,,,,,,,,,,,,,,,,,,,,,,,,,16.0,158.7123,2.0,"[1.0474999999999852,1.5829999999999984]","[1.0476000000238344,1.583199999988068]",-0.861111111,10.8089,0.0,2.0,2.0,112.0,1.0,bloed,vbloed,question_vocal.png,im_mouth.png,,,,,,
,,,242298,1,21,2023-09-24_17h38.29.380,flesh_expressibility_dutch,2022.2.4,Win32,60.29908345,,,,18.0,2.0,Nederlands,,,,,,Engels,3.0,,0.0,,0.0,,0.0,,0.0,,0.0,,0.0,,0.0,NL,2.0,2.0,2.0,1.0,,sensorypref2,1536.0,864.0,,,,,,,,,,,,,,,,,,,,,,,,,,,,,,,,,,,,21.0,170.117,3.0,"[1.0474999999999852,1.5829999999999984,0.8714999999999975]","[1.0476000000238344,1.583199999988068,0.8716000000238466]",-0.831481439,3.4191,0.0,3.0,3.0,128.0,1.0,weten,vweten,question_vocal.png,im_mouth.png,,,,,,
,,,242298,1,21,2023-09-24_17h38.29.380,flesh_expressibility_dutch,2022.2.4,Win32,60.29908345,,,,18.0,2.0,Nederlands,,,,,,Engels,3.0,,0.0,,0.0,,0.0,,0.0,,0.0,,0.0,,0.0,NL,2.0,2.0,2.0,1.0,,sensorypref2,1536.0,864.0,,,,,,,,,,,,,,,,,,,,,,,,,,,,,,,,,,,,22.0,174.4022,3.0,"[1.0474999999999852,1.5829999999999984,0.8714999999999975]","[1.0476000000238344,1.583199999988068,0.8716000000238466]",,,0.0,4.0,4.0,15.0,1.0,geel,vgeel,question_vocal.png,im_mouth.png,,,,,,
,,,242298,1,21,2023-09-24_17h38.29.380,flesh_expressibility_dutch,2022.2.4,Win32,60.29908345,,,,18.0,2.0,Nederlands,,,,,,Engels,3.0,,0.0,,0.0,,0.0,,0.0,,0.0,,0.0,,0.0,NL,2.0,2.0,2.0,1.0,,sensorypref2,1536.0,864.0,,,,,,,,,,,,,,,,,,,,,,,,,,,,,,,,,,,,22.0,175.423,3.0,"[1.0474999999999852,1.5829999999999984,0.8714999999999975]","[1.0476000000238344,1.583199999988068,0.8716000000238466]",,,0.0,5.0,5.0,84.0,1.0,kort,vkort,question_vocal.png,im_mouth.png,,,,,,
,,,242298,1,21,2023-09-24_17h38.29.380,flesh_expressibility_dutch,2022.2.4,Win32,60.29908345,,,,18.0,2.0,Nederlands,,,,,,Engels,3.0,,0.0,,0.0,,0.0,,0.0,,0.0,,0.0,,0.0,NL,2.0,2.0,2.0,1.0,,sensorypref2,1536.0,864.0,,,,,,,,,,,,,,,,,,,,,,,,,,,,,,,,,,,,22.0,176.3985,3.0,"[1.0474999999999852,1.5829999999999984,0.8714999999999975]","[1.0476000000238344,1.583199999988068,0.8716000000238466]",,,0.0,6.0,6.0,54.0,1.0,snel,vsnel,question_vocal.png,im_mouth.png,,,,,,
,,,242298,1,21,2023-09-24_17h38.29.380,flesh_expressibility_dutch,2022.2.4,Win32,60.29908345,,,,18.0,2.0,Nederlands,,,,,,Engels,3.0,,0.0,,0.0,,0.0,,0.0,,0.0,,0.0,,0.0,NL,2.0,2.0,2.0,1.0,,sensorypref2,1536.0,864.0,,,,,,,,,,,,,,,,,,,,,,,,,,,,,,,,,,,,22.0,177.4085,3.0,"[1.0474999999999852,1.5829999999999984,0.8714999999999975]","[1.0476000000238344,1.583199999988068,0.8716000000238466]",,,0.0,7.0,7.0,95.0,1.0,niet,vniet,question_vocal.png,im_mouth.png,,,,,,
,,,242298,1,21,2023-09-24_17h38.29.380,flesh_expressibility_dutch,2022.2.4,Win32,60.29908345,,,,18.0,2.0,Nederlands,,,,,,Engels,3.0,,0.0,,0.0,,0.0,,0.0,,0.0,,0.0,,0.0,NL,2.0,2.0,2.0,1.0,,sensorypref2,1536.0,864.0,,,,,,,,,,,,,,,,,,,,,,,,,,,,,,,,,,,,19.0,178.4204,4.0,"[1.0474999999999852,1.5829999999999984,0.8714999999999975,0.7668999999761468]","[1.0476000000238344,1.583199999988068,0.8716000000238466,0.7668999999761468]",-0.527777778,10.663,0.0,8.0,8.0,85.0,1.0,boven,vboven,question_vocal.png,im_mouth.png,,,,,,
,,,242298,1,21,2023-09-24_17h38.29.380,flesh_expressibility_dutch,2022.2.4,Win32,60.29908345,,,,18.0,2.0,Nederlands,,,,,,Engels,3.0,,0.0,,0.0,,0.0,,0.0,,0.0,,0.0,,0.0,NL,2.0,2.0,2.0,1.0,,sensorypref2,1536.0,864.0,,,,,,,,,,,,,,,,,,,,,,,,,,,,,,,,,,,,21.0,189.6739,5.0,"[1.0474999999999852,1.5829999999999984,0.8714999999999975,0.7668999999761468,0.7823000000119293]","[1.0476000000238344,1.583199999988068,0.8716000000238466,0.7668999999761468,0.7823000000119293]",-0.372222194,3.9837,0.0,9.0,9.0,78.0,1.0,wit,vwit,question_vocal.png,im_mouth.png,,,,,,
,,,242298,1,21,2023-09-24_17h38.29.380,flesh_expressibility_dutch,2022.2.4,Win32,60.29908345,,,,18.0,2.0,Nederlands,,,,,,Engels,3.0,,0.0,,0.0,,0.0,,0.0,,0.0,,0.0,,0.0,NL,2.0,2.0,2.0,1.0,,sensorypref2,1536.0,864.0,,,,,,,,,,,,,,,,,,,,,,,,,,,,,,,,,,,,22.0,194.4377,5.0,"[1.0474999999999852,1.5829999999999984,0.8714999999999975,0.7668999999761468,0.7823000000119293]","[1.0476000000238344,1.583199999988068,0.8716000000238466,0.7668999999761468,0.7823000000119293]",,,0.0,10.0,10.0,199.0,1.0,nacht,vnacht,question_vocal.png,im_mouth.png,,,,,,
,,,242298,1,21,2023-09-24_17h38.29.380,flesh_expressibility_dutch,2022.2.4,Win32,60.29908345,,,,18.0,2.0,Nederlands,,,,,,Engels,3.0,,0.0,,0.0,,0.0,,0.0,,0.0,,0.0,,0.0,NL,2.0,2.0,2.0,1.0,,sensorypref2,1536.0,864.0,,,,,,,,,,,,,,,,,,,,,,,,,,,,,,,,,,,,16.0,195.4548,6.0,"[1.0474999999999852,1.5829999999999984,0.8714999999999975,0.7668999999761468,0.7823000000119293,0.716800000011915]","[1.0476000000238344,1.583199999988068,0.8716000000238466,0.7668999999761468,0.7823000000119293,0.716800000011915]",0.733333446,5.4188,0.0,11.0,11.0,165.0,1.0,hard,vhard,question_vocal.png,im_mouth.png,,,,,,
,,,242298,1,21,2023-09-24_17h38.29.380,flesh_expressibility_dutch,2022.2.4,Win32,60.29908345,,,,18.0,2.0,Nederlands,,,,,,Engels,3.0,,0.0,,0.0,,0.0,,0.0,,0.0,,0.0,,0.0,NL,2.0,2.0,2.0,1.0,,sensorypref2,1536.0,864.0,,,,,,,,,,,,,,,,,,,,,,,,,,,,,,,,,,,,22.0,201.3637,6.0,"[1.0474999999999852,1.5829999999999984,0.8714999999999975,0.7668999999761468,0.7823000000119293,0.716800000011915]","[1.0476000000238344,1.583199999988068,0.8716000000238466,0.7668999999761468,0.7823000000119293,0.716800000011915]",,,0.0,12.0,12.0,34.0,1.0,vergeten,vvergeten,question_vocal.png,im_mouth.png,,,,,,
,,,242298,1,21,2023-09-24_17h38.29.380,flesh_expressibility_dutch,2022.2.4,Win32,60.29908345,,,,18.0,2.0,Nederlands,,,,,,Engels,3.0,,0.0,,0.0,,0.0,,0.0,,0.0,,0.0,,0.0,NL,2.0,2.0,2.0,1.0,,sensorypref2,1536.0,864.0,,,,,,,,,,,,,,,,,,,,,,,,,,,,,,,,,,,,22.0,202.4052,6.0,"[1.0474999999999852,1.5829999999999984,0.8714999999999975,0.7668999999761468,0.7823000000119293,0.716800000011915]","[1.0476000000238344,1.583199999988068,0.8716000000238466,0.7668999999761468,0.7823000000119293,0.716800000011915]",,,0.0,13.0,13.0,106.0,1.0,hand,vhand,question_vocal.png,im_mouth.png,,,,,,
,,,242298,1,21,2023-09-24_17h38.29.380,flesh_expressibility_dutch,2022.2.4,Win32,60.29908345,,,,18.0,2.0,Nederlands,,,,,,Engels,3.0,,0.0,,0.0,,0.0,,0.0,,0.0,,0.0,,0.0,NL,2.0,2.0,2.0,1.0,,sensorypref2,1536.0,864.0,,,,,,,,,,,,,,,,,,,,,,,,,,,,,,,,,,,,22.0,203.4346,6.0,"[1.0474999999999852,1.5829999999999984,0.8714999999999975,0.7668999999761468,0.7823000000119293,0.716800000011915]","[1.0476000000238344,1.583199999988068,0.8716000000238466,0.7668999999761468,0.7823000000119293,0.716800000011915]",,,0.0,14.0,14.0,141.0,1.0,dragen,vdragen,question_vocal.png,im_mouth.png,,,,,,
,,,242298,1,21,2023-09-24_17h38.29.380,flesh_expressibility_dutch,2022.2.4,Win32,60.29908345,,,,18.0,2.0,Nederlands,,,,,,Engels,3.0,,0.0,,0.0,,0.0,,0.0,,0.0,,0.0,,0.0,NL,2.0,2.0,2.0,1.0,,sensorypref2,1536.0,864.0,,,,,,,,,,,,,,,,,,,,,,,,,,,,,,,,,,,,22.0,204.4172,6.0,"[1.0474999999999852,1.5829999999999984,0.8714999999999975,0.7668999999761468,0.7823000000119293,0.716800000011915]","[1.0476000000238344,1.583199999988068,0.8716000000238466,0.7668999999761468,0.7823000000119293,0.716800000011915]",,,0.0,15.0,15.0,205.0,1.0,vork,vvork,question_vocal.png,im_mouth.png,,,,,,
,,,242298,1,21,2023-09-24_17h38.29.380,flesh_expressibility_dutch,2022.2.4,Win32,60.29908345,,,,18.0,2.0,Nederlands,,,,,,Engels,3.0,,0.0,,0.0,,0.0,,0.0,,0.0,,0.0,,0.0,NL,2.0,2.0,2.0,1.0,,sensorypref2,1536.0,864.0,,,,,,,,,,,,,,,,,,,,,,,,,,,,,,,,,,,,22.0,205.4364,6.0,"[1.0474999999999852,1.5829999999999984,0.8714999999999975,0.7668999999761468,0.7823000000119293,0.716800000011915]","[1.0476000000238344,1.583199999988068,0.8716000000238466,0.7668999999761468,0.7823000000119293,0.716800000011915]",,,0.0,16.0,16.0,171.0,1.0,zwaar,vzwaar,question_vocal.png,im_mouth.png,,,,,,
,,,242298,1,21,2023-09-24_17h38.29.380,flesh_expressibility_dutch,2022.2.4,Win32,60.29908345,,,,18.0,2.0,Nederlands,,,,,,Engels,3.0,,0.0,,0.0,,0.0,,0.0,,0.0,,0.0,,0.0,NL,2.0,2.0,2.0,1.0,,sensorypref2,1536.0,864.0,,,,,,,,,,,,,,,,,,,,,,,,,,,,,,,,,,,,17.0,206.4825,7.0,"[1.0474999999999852,1.5829999999999984,0.8714999999999975,0.7668999999761468,0.7823000000119293,0.716800000011915,0.7873000000118964]","[1.0476000000238344,1.583199999988068,0.8716000000238466,0.7668999999761468,0.7823000000119293,0.716800000011915,0.7874000000357455]",-0.340740769,6.0927,0.0,17.0,17.0,57.0,1.0,fruit,vfruit,question_vocal.png,im_mouth.png,,,,,,
,,,242298,1,21,2023-09-24_17h38.29.380,flesh_expressibility_dutch,2022.2.4,Win32,60.29908345,,,,18.0,2.0,Nederlands,,,,,,Engels,3.0,,0.0,,0.0,,0.0,,0.0,,0.0,,0.0,,0.0,NL,2.0,2.0,2.0,1.0,,sensorypref2,1536.0,864.0,,,,,,,,,,,,,,,,,,,,,,,,,,,,,,,,,,,,20.0,213.1536,8.0,"[1.0474999999999852,1.5829999999999984,0.8714999999999975,0.7668999999761468,0.7823000000119293,0.716800000011915,0.7873000000118964,1.033199999988085]","[1.0476000000238344,1.583199999988068,0.8716000000238466,0.7668999999761468,0.7823000000119293,0.716800000011915,0.7874000000357455,1.0333000000119341]",-0.266666695,2.6707,0.0,18.0,18.0,132.0,1.0,aarde,vaarde,question_vocal.png,im_mouth.png,,,,,,
,,,242298,1,21,2023-09-24_17h38.29.380,flesh_expressibility_dutch,2022.2.4,Win32,60.29908345,,,,18.0,2.0,Nederlands,,,,,,Engels,3.0,,0.0,,0.0,,0.0,,0.0,,0.0,,0.0,,0.0,NL,2.0,2.0,2.0,1.0,,sensorypref2,1536.0,864.0,,,,,,,,,,,,,,,,,,,,,,,,,,,,,,,,,,,,22.0,216.8257,8.0,"[1.0474999999999852,1.5829999999999984,0.8714999999999975,0.7668999999761468,0.7823000000119293,0.716800000011915,0.7873000000118964,1.033199999988085]","[1.0476000000238344,1.583199999988068,0.8716000000238466,0.7668999999761468,0.7823000000119293,0.716800000011915,0.7874000000357455,1.0333000000119341]",,,0.0,19.0,19.0,30.0,1.0,sterk,vsterk,question_vocal.png,im_mouth.png,,,,,,
,,,242298,1,21,2023-09-24_17h38.29.380,flesh_expressibility_dutch,2022.2.4,Win32,60.29908345,,,,18.0,2.0,Nederlands,,,,,,Engels,3.0,,0.0,,0.0,,0.0,,0.0,,0.0,,0.0,,0.0,NL,2.0,2.0,2.0,1.0,,sensorypref2,1536.0,864.0,,,,,,,,,,,,,,,,,,,,,,,,,,,,,,,,,,,,16.0,217.8468,9.0,"[1.0474999999999852,1.5829999999999984,0.8714999999999975,0.7668999999761468,0.7823000000119293,0.716800000011915,0.7873000000118964,1.033199999988085,0.8498000000119248]","[1.0476000000238344,1.583199999988068,0.8716000000238466,0.7668999999761468,0.7823000000119293,0.716800000011915,0.7874000000357455,1.0333000000119341,0.8498000000119248]",-0.714814787,4.0775,0.0,20.0,20.0,168.0,1.0,schaduw,vschaduw,question_vocal.png,im_mouth.png,,,,,,
,,,242298,1,21,2023-09-24_17h38.29.380,flesh_expressibility_dutch,2022.2.4,Win32,60.29908345,,,,18.0,2.0,Nederlands,,,,,,Engels,3.0,,0.0,,0.0,,0.0,,0.0,,0.0,,0.0,,0.0,NL,2.0,2.0,2.0,1.0,,sensorypref2,1536.0,864.0,,,,,,,,,,,,,,,,,,,,,,,,,,,,,,,,,,,,22.0,222.5933,9.0,"[1.0474999999999852,1.5829999999999984,0.8714999999999975,0.7668999999761468,0.7823000000119293,0.716800000011915,0.7873000000118964,1.033199999988085,0.8498000000119248]","[1.0476000000238344,1.583199999988068,0.8716000000238466,0.7668999999761468,0.7823000000119293,0.716800000011915,0.7874000000357455,1.0333000000119341,0.8498000000119248]",,,0.0,21.0,21.0,14.0,1.0,licht,vlicht,question_vocal.png,im_mouth.png,,,,,,
,,,242298,1,21,2023-09-24_17h38.29.380,flesh_expressibility_dutch,2022.2.4,Win32,60.29908345,,,,18.0,2.0,Nederlands,,,,,,Engels,3.0,,0.0,,0.0,,0.0,,0.0,,0.0,,0.0,,0.0,NL,2.0,2.0,2.0,1.0,,sensorypref2,1536.0,864.0,,,,,,,,,,,,,,,,,,,,,,,,,,,,,,,,,,,,22.0,223.5865,9.0,"[1.0474999999999852,1.5829999999999984,0.8714999999999975,0.7668999999761468,0.7823000000119293,0.716800000011915,0.7873000000118964,1.033199999988085,0.8498000000119248]","[1.0476000000238344,1.583199999988068,0.8716000000238466,0.7668999999761468,0.7823000000119293,0.716800000011915,0.7874000000357455,1.0333000000119341,0.8498000000119248]",,,0.0,22.0,22.0,166.0,1.0,zwart,vzwart,question_vocal.png,im_mouth.png,,,,,,
,,,242298,1,21,2023-09-24_17h38.29.380,flesh_expressibility_dutch,2022.2.4,Win32,60.29908345,,,,18.0,2.0,Nederlands,,,,,,Engels,3.0,,0.0,,0.0,,0.0,,0.0,,0.0,,0.0,,0.0,NL,2.0,2.0,2.0,1.0,,sensorypref2,1536.0,864.0,,,,,,,,,,,,,,,,,,,,,,,,,,,,,,,,,,,,22.0,224.5789,9.0,"[1.0474999999999852,1.5829999999999984,0.8714999999999975,0.7668999999761468,0.7823000000119293,0.716800000011915,0.7873000000118964,1.033199999988085,0.8498000000119248]","[1.0476000000238344,1.583199999988068,0.8716000000238466,0.7668999999761468,0.7823000000119293,0.716800000011915,0.7874000000357455,1.0333000000119341,0.8498000000119248]",,,0.0,23.0,23.0,27.0,1.0,gezond,vgezond,question_vocal.png,im_mouth.png,,,,,,
,,,242298,1,21,2023-09-24_17h38.29.380,flesh_expressibility_dutch,2022.2.4,Win32,60.29908345,,,,18.0,2.0,Nederlands,,,,,,Engels,3.0,,0.0,,0.0,,0.0,,0.0,,0.0,,0.0,,0.0,NL,2.0,2.0,2.0,1.0,,sensorypref2,1536.0,864.0,,,,,,,,,,,,,,,,,,,,,,,,,,,,,,,,,,,,22.0,225.5687,9.0,"[1.0474999999999852,1.5829999999999984,0.8714999999999975,0.7668999999761468,0.7823000000119293,0.716800000011915,0.7873000000118964,1.033199999988085,0.8498000000119248]","[1.0476000000238344,1.583199999988068,0.8716000000238466,0.7668999999761468,0.7823000000119293,0.716800000011915,0.7874000000357455,1.0333000000119341,0.8498000000119248]",,,0.0,24.0,24.0,87.0,1.0,vechten,vvechten,question_vocal.png,im_mouth.png,,,,,,
,,,242298,1,21,2023-09-24_17h38.29.380,flesh_expressibility_dutch,2022.2.4,Win32,60.29908345,,,,18.0,2.0,Nederlands,,,,,,Engels,3.0,,0.0,,0.0,,0.0,,0.0,,0.0,,0.0,,0.0,NL,2.0,2.0,2.0,1.0,,sensorypref2,1536.0,864.0,,,,,,,,,,,,,,,,,,,,,,,,,,,,,,,,,,,,22.0,226.6478,9.0,"[1.0474999999999852,1.5829999999999984,0.8714999999999975,0.7668999999761468,0.7823000000119293,0.716800000011915,0.7873000000118964,1.033199999988085,0.8498000000119248]","[1.0476000000238344,1.583199999988068,0.8716000000238466,0.7668999999761468,0.7823000000119293,0.716800000011915,0.7874000000357455,1.0333000000119341,0.8498000000119248]",,,0.0,25.0,25.0,62.0,1.0,piepen,vpiepen,question_vocal.png,im_mouth.png,,,,,,
,,,242298,1,21,2023-09-24_17h38.29.380,flesh_expressibility_dutch,2022.2.4,Win32,60.29908345,,,,18.0,2.0,Nederlands,,,,,,Engels,3.0,,0.0,,0.0,,0.0,,0.0,,0.0,,0.0,,0.0,NL,2.0,2.0,2.0,1.0,,sensorypref2,1536.0,864.0,,,,,,,,,,,,,,,,,,,,,,,,,,,,,,,,,,,,22.0,227.6644,9.0,"[1.0474999999999852,1.5829999999999984,0.8714999999999975,0.7668999999761468,0.7823000000119293,0.716800000011915,0.7873000000118964,1.033199999988085,0.8498000000119248]","[1.0476000000238344,1.583199999988068,0.8716000000238466,0.7668999999761468,0.7823000000119293,0.716800000011915,0.7874000000357455,1.0333000000119341,0.8498000000119248]",,,0.0,26.0,26.0,179.0,1.0,zij,vzij,question_vocal.png,im_mouth.png,,,,,,
,,,242298,1,21,2023-09-24_17h38.29.380,flesh_expressibility_dutch,2022.2.4,Win32,60.29908345,,,,18.0,2.0,Nederlands,,,,,,Engels,3.0,,0.0,,0.0,,0.0,,0.0,,0.0,,0.0,,0.0,NL,2.0,2.0,2.0,1.0,,sensorypref2,1536.0,864.0,,,,,,,,,,,,,,,,,,,,,,,,,,,,,,,,,,,,22.0,228.6865,9.0,"[1.0474999999999852,1.5829999999999984,0.8714999999999975,0.7668999999761468,0.7823000000119293,0.716800000011915,0.7873000000118964,1.033199999988085,0.8498000000119248]","[1.0476000000238344,1.583199999988068,0.8716000000238466,0.7668999999761468,0.7823000000119293,0.716800000011915,0.7874000000357455,1.0333000000119341,0.8498000000119248]",,,0.0,27.0,27.0,107.0,1.0,mond,vmond,question_vocal.png,im_mouth.png,,,,,,
,,,242298,1,21,2023-09-24_17h38.29.380,flesh_expressibility_dutch,2022.2.4,Win32,60.29908345,,,,18.0,2.0,Nederlands,,,,,,Engels,3.0,,0.0,,0.0,,0.0,,0.0,,0.0,,0.0,,0.0,NL,2.0,2.0,2.0,1.0,,sensorypref2,1536.0,864.0,,,,,,,,,,,,,,,,,,,,,,,,,,,,,,,,,,,,22.0,229.722,9.0,"[1.0474999999999852,1.5829999999999984,0.8714999999999975,0.7668999999761468,0.7823000000119293,0.716800000011915,0.7873000000118964,1.033199999988085,0.8498000000119248]","[1.0476000000238344,1.583199999988068,0.8716000000238466,0.7668999999761468,0.7823000000119293,0.716800000011915,0.7874000000357455,1.0333000000119341,0.8498000000119248]",,,0.0,28.0,28.0,21.0,1.0,heden,vheden,question_vocal.png,im_mouth.png,,,,,,
,,,242298,1,21,2023-09-24_17h38.29.380,flesh_expressibility_dutch,2022.2.4,Win32,60.29908345,,,,18.0,2.0,Nederlands,,,,,,Engels,3.0,,0.0,,0.0,,0.0,,0.0,,0.0,,0.0,,0.0,NL,2.0,2.0,2.0,1.0,,sensorypref2,1536.0,864.0,,,,,,,,,,,,,,,,,,,,,,,,,,,,,,,,,,,,22.0,230.7319,9.0,"[1.0474999999999852,1.5829999999999984,0.8714999999999975,0.7668999999761468,0.7823000000119293,0.716800000011915,0.7873000000118964,1.033199999988085,0.8498000000119248]","[1.0476000000238344,1.583199999988068,0.8716000000238466,0.7668999999761468,0.7823000000119293,0.716800000011915,0.7874000000357455,1.0333000000119341,0.8498000000119248]",,,0.0,29.0,29.0,80.0,1.0,vijand,vvijand,question_vocal.png,im_mouth.png,,,,,,
,,,242298,1,21,2023-09-24_17h38.29.380,flesh_expressibility_dutch,2022.2.4,Win32,60.29908345,,,,18.0,2.0,Nederlands,,,,,,Engels,3.0,,0.0,,0.0,,0.0,,0.0,,0.0,,0.0,,0.0,NL,2.0,2.0,2.0,1.0,,sensorypref2,1536.0,864.0,,,,,,,,,,,,,,,,,,,,,,,,,,,,,,,,,,,,22.0,231.7753,9.0,"[1.0474999999999852,1.5829999999999984,0.8714999999999975,0.7668999999761468,0.7823000000119293,0.716800000011915,0.7873000000118964,1.033199999988085,0.8498000000119248]","[1.0476000000238344,1.583199999988068,0.8716000000238466,0.7668999999761468,0.7823000000119293,0.716800000011915,0.7874000000357455,1.0333000000119341,0.8498000000119248]",,,0.0,30.0,30.0,7.0,1.0,kauwen,vkauwen,question_vocal.png,im_mouth.png,,,,,,
,,,242298,1,21,2023-09-24_17h38.29.380,flesh_expressibility_dutch,2022.2.4,Win32,60.29908345,,,,18.0,2.0,Nederlands,,,,,,Engels,3.0,,0.0,,0.0,,0.0,,0.0,,0.0,,0.0,,0.0,NL,2.0,2.0,2.0,1.0,,sensorypref2,1536.0,864.0,,,,,,,,,,,,,,,,,,,,,,,,,,,,,,,,,,,,17.0,232.7354,10.0,"[1.0474999999999852,1.5829999999999984,0.8714999999999975,0.7668999999761468,0.7823000000119293,0.716800000011915,0.7873000000118964,1.033199999988085,0.8498000000119248,1.3498000000119248]","[1.0476000000238344,1.583199999988068,0.8716000000238466,0.7668999999761468,0.7823000000119293,0.716800000011915,0.7874000000357455,1.0333000000119341,0.8498000000119248,1.3498000000119248]",-0.301851767,6.3484,0.0,31.0,31.0,120.0,1.0,been,vbeen,question_vocal.png,im_mouth.png,,,,,,
,,,242298,1,21,2023-09-24_17h38.29.380,flesh_expressibility_dutch,2022.2.4,Win32,60.29908345,,,,18.0,2.0,Nederlands,,,,,,Engels,3.0,,0.0,,0.0,,0.0,,0.0,,0.0,,0.0,,0.0,NL,2.0,2.0,2.0,1.0,,sensorypref2,1536.0,864.0,,,,,,,,,,,,,,,,,,,,,,,,,,,,,,,,,,,,16.0,240.2898,11.0,"[1.0474999999999852,1.5829999999999984,0.8714999999999975,0.7668999999761468,0.7823000000119293,0.716800000011915,0.7873000000118964,1.033199999988085,0.8498000000119248,1.3498000000119248,0.8328000000119005]","[1.0476000000238344,1.583199999988068,0.8716000000238466,0.7668999999761468,0.7823000000119293,0.716800000011915,0.7874000000357455,1.0333000000119341,0.8498000000119248,1.3498000000119248,0.8328000000119005]",0.444444444,6.5447,0.0,32.0,32.0,73.0,1.0,ruiken,vruiken,question_vocal.png,im_mouth.png,,,,,,
,,,242298,1,21,2023-09-24_17h38.29.380,flesh_expressibility_dutch,2022.2.4,Win32,60.29908345,,,,18.0,2.0,Nederlands,,,,,,Engels,3.0,,0.0,,0.0,,0.0,,0.0,,0.0,,0.0,,0.0,NL,2.0,2.0,2.0,1.0,,sensorypref2,1536.0,864.0,,,,,,,,,,,,,,,,,,,,,,,,,,,,,,,,,,,,21.0,247.6244,12.0,"[1.0474999999999852,1.5829999999999984,0.8714999999999975,0.7668999999761468,0.7823000000119293,0.716800000011915,0.7873000000118964,1.033199999988085,0.8498000000119248,1.3498000000119248,0.8328000000119005,0.799400000035746]","[1.0476000000238344,1.583199999988068,0.8716000000238466,0.7668999999761468,0.7823000000119293,0.716800000011915,0.7874000000357455,1.0333000000119341,0.8498000000119248,1.3498000000119248,0.8328000000119005,0.799400000035746]",-0.409259231,5.8941,0.0,33.0,33.0,51.0,1.0,lopen,vlopen,question_vocal.png,im_mouth.png,,,,,,
,,,242298,1,21,2023-09-24_17h38.29.380,flesh_expressibility_dutch,2022.2.4,Win32,60.29908345,,,,18.0,2.0,Nederlands,,,,,,Engels,3.0,,0.0,,0.0,,0.0,,0.0,,0.0,,0.0,,0.0,NL,2.0,2.0,2.0,1.0,,sensorypref2,1536.0,864.0,,,,,,,,,,,,,,,,,,,,,,,,,,,,,,,,,,,,22.0,254.3735,12.0,"[1.0474999999999852,1.5829999999999984,0.8714999999999975,0.7668999999761468,0.7823000000119293,0.716800000011915,0.7873000000118964,1.033199999988085,0.8498000000119248,1.3498000000119248,0.8328000000119005,0.799400000035746]","[1.0476000000238344,1.583199999988068,0.8716000000238466,0.7668999999761468,0.7823000000119293,0.716800000011915,0.7874000000357455,1.0333000000119341,0.8498000000119248,1.3498000000119248,0.8328000000119005,0.799400000035746]",,,0.0,34.0,34.0,40.0,1.0,bang,vbang,question_vocal.png,im_mouth.png,,,,,,
,,,242298,1,21,2023-09-24_17h38.29.380,flesh_expressibility_dutch,2022.2.4,Win32,60.29908345,,,,18.0,2.0,Nederlands,,,,,,Engels,3.0,,0.0,,0.0,,0.0,,0.0,,0.0,,0.0,,0.0,NL,2.0,2.0,2.0,1.0,,sensorypref2,1536.0,864.0,,,,,,,,,,,,,,,,,,,,,,,,,,,,,,,,,,,,22.0,255.4233,12.0,"[1.0474999999999852,1.5829999999999984,0.8714999999999975,0.7668999999761468,0.7823000000119293,0.716800000011915,0.7873000000118964,1.033199999988085,0.8498000000119248,1.3498000000119248,0.8328000000119005,0.799400000035746]","[1.0476000000238344,1.583199999988068,0.8716000000238466,0.7668999999761468,0.7823000000119293,0.716800000011915,0.7874000000357455,1.0333000000119341,0.8498000000119248,1.3498000000119248,0.8328000000119005,0.799400000035746]",,,0.0,35.0,35.0,123.0,1.0,navel,vnavel,question_vocal.png,im_mouth.png,,,,,,
,,,242298,1,21,2023-09-24_17h38.29.380,flesh_expressibility_dutch,2022.2.4,Win32,60.29908345,,,,18.0,2.0,Nederlands,,,,,,Engels,3.0,,0.0,,0.0,,0.0,,0.0,,0.0,,0.0,,0.0,NL,2.0,2.0,2.0,1.0,,sensorypref2,1536.0,864.0,,,,,,,,,,,,,,,,,,,,,,,,,,,,,,,,,,,,22.0,256.4032,12.0,"[1.0474999999999852,1.5829999999999984,0.8714999999999975,0.7668999999761468,0.7823000000119293,0.716800000011915,0.7873000000118964,1.033199999988085,0.8498000000119248,1.3498000000119248,0.8328000000119005,0.799400000035746]","[1.0476000000238344,1.583199999988068,0.8716000000238466,0.7668999999761468,0.7823000000119293,0.716800000011915,0.7874000000357455,1.0333000000119341,0.8498000000119248,1.3498000000119248,0.8328000000119005,0.799400000035746]",,,0.0,36.0,36.0,156.0,1.0,blad,vblad,question_vocal.png,im_mouth.png,,,,,,
,,,242298,1,21,2023-09-24_17h38.29.380,flesh_expressibility_dutch,2022.2.4,Win32,60.29908345,,,,18.0,2.0,Nederlands,,,,,,Engels,3.0,,0.0,,0.0,,0.0,,0.0,,0.0,,0.0,,0.0,NL,2.0,2.0,2.0,1.0,,sensorypref2,1536.0,864.0,,,,,,,,,,,,,,,,,,,,,,,,,,,,,,,,,,,,19.0,257.3811,13.0,"[1.0474999999999852,1.5829999999999984,0.8714999999999975,0.7668999999761468,0.7823000000119293,0.716800000011915,0.7873000000118964,1.033199999988085,0.8498000000119248,1.3498000000119248,0.8328000000119005,0.799400000035746,0.979900000035741]","[1.0476000000238344,1.583199999988068,0.8716000000238466,0.7668999999761468,0.7823000000119293,0.716800000011915,0.7874000000357455,1.0333000000119341,0.8498000000119248,1.3498000000119248,0.8328000000119005,0.799400000035746,0.9801000000238105]",0.540740826,3.5464,0.0,37.0,37.0,79.0,1.0,veel,vveel,question_vocal.png,im_mouth.png,,,,,,
,,,242298,1,21,2023-09-24_17h38.29.380,flesh_expressibility_dutch,2022.2.4,Win32,60.29908345,,,,18.0,2.0,Nederlands,,,,,,Engels,3.0,,0.0,,0.0,,0.0,,0.0,,0.0,,0.0,,0.0,NL,2.0,2.0,2.0,1.0,,sensorypref2,1536.0,864.0,,,,,,,,,,,,,,,,,,,,,,,,,,,,,,,,,,,,22.0,261.8036,13.0,"[1.0474999999999852,1.5829999999999984,0.8714999999999975,0.7668999999761468,0.7823000000119293,0.716800000011915,0.7873000000118964,1.033199999988085,0.8498000000119248,1.3498000000119248,0.8328000000119005,0.799400000035746,0.979900000035741]","[1.0476000000238344,1.583199999988068,0.8716000000238466,0.7668999999761468,0.7823000000119293,0.716800000011915,0.7874000000357455,1.0333000000119341,0.8498000000119248,1.3498000000119248,0.8328000000119005,0.799400000035746,0.9801000000238105]",,,0.0,38.0,38.0,66.0,1.0,"bot (kenmerk, niet lichaam)","vbot (kenmerk, niet lichaam)",question_vocal.png,im_mouth.png,,,,,,
,,,242298,1,21,2023-09-24_17h38.29.380,flesh_expressibility_dutch,2022.2.4,Win32,60.29908345,,,,18.0,2.0,Nederlands,,,,,,Engels,3.0,,0.0,,0.0,,0.0,,0.0,,0.0,,0.0,,0.0,NL,2.0,2.0,2.0,1.0,,sensorypref2,1536.0,864.0,,,,,,,,,,,,,,,,,,,,,,,,,,,,,,,,,,,,22.0,262.7747,13.0,"[1.0474999999999852,1.5829999999999984,0.8714999999999975,0.7668999999761468,0.7823000000119293,0.716800000011915,0.7873000000118964,1.033199999988085,0.8498000000119248,1.3498000000119248,0.8328000000119005,0.799400000035746,0.979900000035741]","[1.0476000000238344,1.583199999988068,0.8716000000238466,0.7668999999761468,0.7823000000119293,0.716800000011915,0.7874000000357455,1.0333000000119341,0.8498000000119248,1.3498000000119248,0.8328000000119005,0.799400000035746,0.9801000000238105]",,,0.0,39.0,39.0,193.0,1.0,huis,vhuis,question_vocal.png,im_mouth.png,,,,,,
,,,242298,1,21,2023-09-24_17h38.29.380,flesh_expressibility_dutch,2022.2.4,Win32,60.29908345,,,,18.0,2.0,Nederlands,,,,,,Engels,3.0,,0.0,,0.0,,0.0,,0.0,,0.0,,0.0,,0.0,NL,2.0,2.0,2.0,1.0,,sensorypref2,1536.0,864.0,,,,,,,,,,,,,,,,,,,,,,,,,,,,,,,,,,,,22.0,263.8677,13.0,"[1.0474999999999852,1.5829999999999984,0.8714999999999975,0.7668999999761468,0.7823000000119293,0.716800000011915,0.7873000000118964,1.033199999988085,0.8498000000119248,1.3498000000119248,0.8328000000119005,0.799400000035746,0.979900000035741]","[1.0476000000238344,1.583199999988068,0.8716000000238466,0.7668999999761468,0.7823000000119293,0.716800000011915,0.7874000000357455,1.0333000000119341,0.8498000000119248,1.3498000000119248,0.8328000000119005,0.799400000035746,0.9801000000238105]",,,0.0,40.0,40.0,110.0,1.0,tand,vtand,question_vocal.png,im_mouth.png,,,,,,
,,,242298,1,21,2023-09-24_17h38.29.380,flesh_expressibility_dutch,2022.2.4,Win32,60.29908345,,,,18.0,2.0,Nederlands,,,,,,Engels,3.0,,0.0,,0.0,,0.0,,0.0,,0.0,,0.0,,0.0,NL,2.0,2.0,2.0,1.0,,sensorypref2,1536.0,864.0,,,,,,,,,,,,,,,,,,,,,,,,,,,,,,,,,,,,22.0,264.8029,13.0,"[1.0474999999999852,1.5829999999999984,0.8714999999999975,0.7668999999761468,0.7823000000119293,0.716800000011915,0.7873000000118964,1.033199999988085,0.8498000000119248,1.3498000000119248,0.8328000000119005,0.799400000035746,0.979900000035741]","[1.0476000000238344,1.583199999988068,0.8716000000238466,0.7668999999761468,0.7823000000119293,0.716800000011915,0.7874000000357455,1.0333000000119341,0.8498000000119248,1.3498000000119248,0.8328000000119005,0.799400000035746,0.9801000000238105]",,,0.0,41.0,41.0,41.0,1.0,bliksem,vbliksem,question_vocal.png,im_mouth.png,,,,,,
,,,242298,1,21,2023-09-24_17h38.29.380,flesh_expressibility_dutch,2022.2.4,Win32,60.29908345,,,,18.0,2.0,Nederlands,,,,,,Engels,3.0,,0.0,,0.0,,0.0,,0.0,,0.0,,0.0,,0.0,NL,2.0,2.0,2.0,1.0,,sensorypref2,1536.0,864.0,,,,,,,,,,,,,,,,,,,,,,,,,,,,,,,,,,,,19.0,265.7972,14.0,"[1.0474999999999852,1.5829999999999984,0.8714999999999975,0.7668999999761468,0.7823000000119293,0.716800000011915,0.7873000000118964,1.033199999988085,0.8498000000119248,1.3498000000119248,0.8328000000119005,0.799400000035746,0.979900000035741,2.515699999988101]","[1.0476000000238344,1.583199999988068,0.8716000000238466,0.7668999999761468,0.7823000000119293,0.716800000011915,0.7874000000357455,1.0333000000119341,0.8498000000119248,1.3498000000119248,0.8328000000119005,0.799400000035746,0.9801000000238105,2.515699999988101]",0.535185213,3.7455,0.0,42.0,42.0,130.0,1.0,regen,vregen,question_vocal.png,im_mouth.png,,,,,,
,,,242298,1,21,2023-09-24_17h38.29.380,flesh_expressibility_dutch,2022.2.4,Win32,60.29908345,,,,18.0,2.0,Nederlands,,,,,,Engels,3.0,,0.0,,0.0,,0.0,,0.0,,0.0,,0.0,,0.0,NL,2.0,2.0,2.0,1.0,,sensorypref2,1536.0,864.0,,,,,,,,,,,,,,,,,,,,,,,,,,,,,,,,,,,,22.0,271.868,14.0,"[1.0474999999999852,1.5829999999999984,0.8714999999999975,0.7668999999761468,0.7823000000119293,0.716800000011915,0.7873000000118964,1.033199999988085,0.8498000000119248,1.3498000000119248,0.8328000000119005,0.799400000035746,0.979900000035741,2.515699999988101]","[1.0476000000238344,1.583199999988068,0.8716000000238466,0.7668999999761468,0.7823000000119293,0.716800000011915,0.7874000000357455,1.0333000000119341,0.8498000000119248,1.3498000000119248,0.8328000000119005,0.799400000035746,0.9801000000238105,2.515699999988101]",,,0.0,43.0,43.0,25.0,1.0,dood,vdood,question_vocal.png,im_mouth.png,,,,,,
,,,242298,1,21,2023-09-24_17h38.29.380,flesh_expressibility_dutch,2022.2.4,Win32,60.29908345,,,,18.0,2.0,Nederlands,,,,,,Engels,3.0,,0.0,,0.0,,0.0,,0.0,,0.0,,0.0,,0.0,NL,2.0,2.0,2.0,1.0,,sensorypref2,1536.0,864.0,,,,,,,,,,,,,,,,,,,,,,,,,,,,,,,,,,,,21.0,272.8901,15.0,"[1.0474999999999852,1.5829999999999984,0.8714999999999975,0.7668999999761468,0.7823000000119293,0.716800000011915,0.7873000000118964,1.033199999988085,0.8498000000119248,1.3498000000119248,0.8328000000119005,0.799400000035746,0.979900000035741,2.515699999988101,0.8313999999761563]","[1.0476000000238344,1.583199999988068,0.8716000000238466,0.7668999999761468,0.7823000000119293,0.716800000011915,0.7874000000357455,1.0333000000119341,0.8498000000119248,1.3498000000119248,0.8328000000119005,0.799400000035746,0.9801000000238105,2.515699999988101,0.8316000000238546]",-0.746296282,4.3937,0.0,44.0,44.0,126.0,1.0,dij,vdij,question_vocal.png,im_mouth.png,,,,,,
,,,242298,1,21,2023-09-24_17h38.29.380,flesh_expressibility_dutch,2022.2.4,Win32,60.29908345,,,,18.0,2.0,Nederlands,,,,,,Engels,3.0,,0.0,,0.0,,0.0,,0.0,,0.0,,0.0,,0.0,NL,2.0,2.0,2.0,1.0,,sensorypref2,1536.0,864.0,,,,,,,,,,,,,,,,,,,,,,,,,,,,,,,,,,,,21.0,277.8933,16.0,"[1.0474999999999852,1.5829999999999984,0.8714999999999975,0.7668999999761468,0.7823000000119293,0.716800000011915,0.7873000000118964,1.033199999988085,0.8498000000119248,1.3498000000119248,0.8328000000119005,0.799400000035746,0.979900000035741,2.515699999988101,0.8313999999761563,0.7327000000477142]","[1.0476000000238344,1.583199999988068,0.8716000000238466,0.7668999999761468,0.7823000000119293,0.716800000011915,0.7874000000357455,1.0333000000119341,0.8498000000119248,1.3498000000119248,0.8328000000119005,0.799400000035746,0.9801000000238105,2.515699999988101,0.8316000000238546,0.7327000000477142]",0.681481538,3.7877,0.0,45.0,45.0,39.0,1.0,verdrietig,vverdrietig,question_vocal.png,im_mouth.png,,,,,,
,,,242298,1,21,2023-09-24_17h38.29.380,flesh_expressibility_dutch,2022.2.4,Win32,60.29908345,,,,18.0,2.0,Nederlands,,,,,,Engels,3.0,,0.0,,0.0,,0.0,,0.0,,0.0,,0.0,,0.0,NL,2.0,2.0,2.0,1.0,,sensorypref2,1536.0,864.0,,,,,,,,,,,,,,,,,,,,,,,,,,,,,,,,,,,,21.0,282.4498,17.0,"[1.0474999999999852,1.5829999999999984,0.8714999999999975,0.7668999999761468,0.7823000000119293,0.716800000011915,0.7873000000118964,1.033199999988085,0.8498000000119248,1.3498000000119248,0.8328000000119005,0.799400000035746,0.979900000035741,2.515699999988101,0.8313999999761563,0.7327000000477142,0.7354000000357814]","[1.0476000000238344,1.583199999988068,0.8716000000238466,0.7668999999761468,0.7823000000119293,0.716800000011915,0.7874000000357455,1.0333000000119341,0.8498000000119248,1.3498000000119248,0.8328000000119005,0.799400000035746,0.9801000000238105,2.515699999988101,0.8316000000238546,0.7327000000477142,0.7355000000000018]",-0.62962963,3.9175,0.0,46.0,46.0,113.0,1.0,bot (lichaam),vbot (lichaam),question_vocal.png,im_mouth.png,,,,,,
,,,242298,1,21,2023-09-24_17h38.29.380,flesh_expressibility_dutch,2022.2.4,Win32,60.29908345,,,,18.0,2.0,Nederlands,,,,,,Engels,3.0,,0.0,,0.0,,0.0,,0.0,,0.0,,0.0,,0.0,NL,2.0,2.0,2.0,1.0,,sensorypref2,1536.0,864.0,,,,,,,,,,,,,,,,,,,,,,,,,,,,,,,,,,,,19.0,287.147,18.0,"[1.0474999999999852,1.5829999999999984,0.8714999999999975,0.7668999999761468,0.7823000000119293,0.716800000011915,0.7873000000118964,1.033199999988085,0.8498000000119248,1.3498000000119248,0.8328000000119005,0.799400000035746,0.979900000035741,2.515699999988101,0.8313999999761563,0.7327000000477142,0.7354000000357814,2.0155999999642518]","[1.0476000000238344,1.583199999988068,0.8716000000238466,0.7668999999761468,0.7823000000119293,0.716800000011915,0.7874000000357455,1.0333000000119341,0.8498000000119248,1.3498000000119248,0.8328000000119005,0.799400000035746,0.9801000000238105,2.515699999988101,0.8316000000238546,0.7327000000477142,0.7355000000000018,2.015699999988101]",-0.885185171,3.8066,0.0,47.0,47.0,159.0,1.0,wat,vwat,question_vocal.png,im_mouth.png,,,,,,
,,,242298,1,21,2023-09-24_17h38.29.380,flesh_expressibility_dutch,2022.2.4,Win32,60.29908345,,,,18.0,2.0,Nederlands,,,,,,Engels,3.0,,0.0,,0.0,,0.0,,0.0,,0.0,,0.0,,0.0,NL,2.0,2.0,2.0,1.0,,sensorypref2,1536.0,864.0,,,,,,,,,,,,,,,,,,,,,,,,,,,,,,,,,,,,22.0,291.7656,18.0,"[1.0474999999999852,1.5829999999999984,0.8714999999999975,0.7668999999761468,0.7823000000119293,0.716800000011915,0.7873000000118964,1.033199999988085,0.8498000000119248,1.3498000000119248,0.8328000000119005,0.799400000035746,0.979900000035741,2.515699999988101,0.8313999999761563,0.7327000000477142,0.7354000000357814,2.0155999999642518]","[1.0476000000238344,1.583199999988068,0.8716000000238466,0.7668999999761468,0.7823000000119293,0.716800000011915,0.7874000000357455,1.0333000000119341,0.8498000000119248,1.3498000000119248,0.8328000000119005,0.799400000035746,0.9801000000238105,2.515699999988101,0.8316000000238546,0.7327000000477142,0.7355000000000018,2.015699999988101]",,,0.0,48.0,48.0,28.0,1.0,man,vman,question_vocal.png,im_mouth.png,,,,,,
,,,242298,1,21,2023-09-24_17h38.29.380,flesh_expressibility_dutch,2022.2.4,Win32,60.29908345,,,,18.0,2.0,Nederlands,,,,,,Engels,3.0,,0.0,,0.0,,0.0,,0.0,,0.0,,0.0,,0.0,NL,2.0,2.0,2.0,1.0,,sensorypref2,1536.0,864.0,,,,,,,,,,,,,,,,,,,,,,,,,,,,,,,,,,,,13.0,292.778,19.0,"[1.0474999999999852,1.5829999999999984,0.8714999999999975,0.7668999999761468,0.7823000000119293,0.716800000011915,0.7873000000118964,1.033199999988085,0.8498000000119248,1.3498000000119248,0.8328000000119005,0.799400000035746,0.979900000035741,2.515699999988101,0.8313999999761563,0.7327000000477142,0.7354000000357814,2.0155999999642518,0.8493999999761854]","[1.0476000000238344,1.583199999988068,0.8716000000238466,0.7668999999761468,0.7823000000119293,0.716800000011915,0.7874000000357455,1.0333000000119341,0.8498000000119248,1.3498000000119248,0.8328000000119005,0.799400000035746,0.9801000000238105,2.515699999988101,0.8316000000238546,0.7327000000477142,0.7355000000000018,2.015699999988101,0.8493999999761854]",-0.72592594,4.5764,0.0,49.0,49.0,195.0,1.0,rook,vrook,question_vocal.png,im_mouth.png,,,,,,
,,,242298,1,21,2023-09-24_17h38.29.380,flesh_expressibility_dutch,2022.2.4,Win32,60.29908345,,,,18.0,2.0,Nederlands,,,,,,Engels,3.0,,0.0,,0.0,,0.0,,0.0,,0.0,,0.0,,0.0,NL,2.0,2.0,2.0,1.0,,sensorypref2,1536.0,864.0,,,,,,,,,,,,,,,,,,,,,,,,,,,,,,,,,,,,22.0,298.0002,19.0,"[1.0474999999999852,1.5829999999999984,0.8714999999999975,0.7668999999761468,0.7823000000119293,0.716800000011915,0.7873000000118964,1.033199999988085,0.8498000000119248,1.3498000000119248,0.8328000000119005,0.799400000035746,0.979900000035741,2.515699999988101,0.8313999999761563,0.7327000000477142,0.7354000000357814,2.0155999999642518,0.8493999999761854]","[1.0476000000238344,1.583199999988068,0.8716000000238466,0.7668999999761468,0.7823000000119293,0.716800000011915,0.7874000000357455,1.0333000000119341,0.8498000000119248,1.3498000000119248,0.8328000000119005,0.799400000035746,0.9801000000238105,2.515699999988101,0.8316000000238546,0.7327000000477142,0.7355000000000018,2.015699999988101,0.8493999999761854]",,,0.0,50.0,50.0,65.0,1.0,jeuk,vjeuk,question_vocal.png,im_mouth.png,,,,,,
,,,242298,1,21,2023-09-24_17h38.29.380,flesh_expressibility_dutch,2022.2.4,Win32,60.29908345,,,,18.0,2.0,Nederlands,,,,,,Engels,3.0,,0.0,,0.0,,0.0,,0.0,,0.0,,0.0,,0.0,NL,2.0,2.0,2.0,1.0,,sensorypref2,1536.0,864.0,,,,,,,,,,,,,,,,,,,,,,,,,,,,,,,,,,,,22.0,299.0057,19.0,"[1.0474999999999852,1.5829999999999984,0.8714999999999975,0.7668999999761468,0.7823000000119293,0.716800000011915,0.7873000000118964,1.033199999988085,0.8498000000119248,1.3498000000119248,0.8328000000119005,0.799400000035746,0.979900000035741,2.515699999988101,0.8313999999761563,0.7327000000477142,0.7354000000357814,2.0155999999642518,0.8493999999761854]","[1.0476000000238344,1.583199999988068,0.8716000000238466,0.7668999999761468,0.7823000000119293,0.716800000011915,0.7874000000357455,1.0333000000119341,0.8498000000119248,1.3498000000119248,0.8328000000119005,0.799400000035746,0.9801000000238105,2.515699999988101,0.8316000000238546,0.7327000000477142,0.7355000000000018,2.015699999988101,0.8493999999761854]",,,0.0,51.0,51.0,44.0,1.0,lucht,vlucht,question_vocal.png,im_mouth.png,,,,,,
,,,242298,1,21,2023-09-24_17h38.29.380,flesh_expressibility_dutch,2022.2.4,Win32,60.29908345,,,,18.0,2.0,Nederlands,,,,,,Engels,3.0,,0.0,,0.0,,0.0,,0.0,,0.0,,0.0,,0.0,NL,2.0,2.0,2.0,1.0,,sensorypref2,1536.0,864.0,,,,,,,,,,,,,,,,,,,,,,,,,,,,,,,,,,,,15.0,300.0284,20.0,"[1.0474999999999852,1.5829999999999984,0.8714999999999975,0.7668999999761468,0.7823000000119293,0.716800000011915,0.7873000000118964,1.033199999988085,0.8498000000119248,1.3498000000119248,0.8328000000119005,0.799400000035746,0.979900000035741,2.515699999988101,0.8313999999761563,0.7327000000477142,0.7354000000357814,2.0155999999642518,0.8493999999761854,4.532899999976166]","[1.0476000000238344,1.583199999988068,0.8716000000238466,0.7668999999761468,0.7823000000119293,0.716800000011915,0.7874000000357455,1.0333000000119341,0.8498000000119248,1.3498000000119248,0.8328000000119005,0.799400000035746,0.9801000000238105,2.515699999988101,0.8316000000238546,0.7327000000477142,0.7355000000000018,2.015699999988101,0.8493999999761854,4.5330000000000155]",-0.690740727,6.8511,0.0,52.0,52.0,198.0,1.0,nieuw,vnieuw,question_vocal.png,im_mouth.png,,,,,,
,,,242298,1,21,2023-09-24_17h38.29.380,flesh_expressibility_dutch,2022.2.4,Win32,60.29908345,,,,18.0,2.0,Nederlands,,,,,,Engels,3.0,,0.0,,0.0,,0.0,,0.0,,0.0,,0.0,,0.0,NL,2.0,2.0,2.0,1.0,,sensorypref2,1536.0,864.0,,,,,,,,,,,,,,,,,,,,,,,,,,,,,,2.0,"[148.42010000002384,314.2256000000238]","[148.42019999998809,314.2256000000238]",2.0,"[150.68439999997614,318.691]","[150.68449999999999,318.6910999999642]",15.0,320.1503,21.0,"[1.0474999999999852,1.5829999999999984,0.8714999999999975,0.7668999999761468,0.7823000000119293,0.716800000011915,0.7873000000118964,1.033199999988085,0.8498000000119248,1.3498000000119248,0.8328000000119005,0.799400000035746,0.979900000035741,2.515699999988101,0.8313999999761563,0.7327000000477142,0.7354000000357814,2.0155999999642518,0.8493999999761854,4.532899999976166,0.7321999999880404]","[1.0476000000238344,1.583199999988068,0.8716000000238466,0.7668999999761468,0.7823000000119293,0.716800000011915,0.7874000000357455,1.0333000000119341,0.8498000000119248,1.3498000000119248,0.8328000000119005,0.799400000035746,0.9801000000238105,2.515699999988101,0.8316000000238546,0.7327000000477142,0.7355000000000018,2.015699999988101,0.8493999999761854,4.5330000000000155,0.7321999999880404]",0.90370376,3.065,0.0,0.0,0.0,30.0,1.0,sterk,msterk,question_multimodal.png,im_combination.png,,,,,,
,,,242298,1,21,2023-09-24_17h38.29.380,flesh_expressibility_dutch,2022.2.4,Win32,60.29908345,,,,18.0,2.0,Nederlands,,,,,,Engels,3.0,,0.0,,0.0,,0.0,,0.0,,0.0,,0.0,,0.0,NL,2.0,2.0,2.0,1.0,,sensorypref2,1536.0,864.0,,,,,,,,,,,,,,,,,,,,,,,,,,,,,,,,,,,,20.0,323.9465,22.0,"[1.0474999999999852,1.5829999999999984,0.8714999999999975,0.7668999999761468,0.7823000000119293,0.716800000011915,0.7873000000118964,1.033199999988085,0.8498000000119248,1.3498000000119248,0.8328000000119005,0.799400000035746,0.979900000035741,2.515699999988101,0.8313999999761563,0.7327000000477142,0.7354000000357814,2.0155999999642518,0.8493999999761854,4.532899999976166,0.7321999999880404,0.698799999952314]","[1.0476000000238344,1.583199999988068,0.8716000000238466,0.7668999999761468,0.7823000000119293,0.716800000011915,0.7874000000357455,1.0333000000119341,0.8498000000119248,1.3498000000119248,0.8328000000119005,0.799400000035746,0.9801000000238105,2.515699999988101,0.8316000000238546,0.7327000000477142,0.7355000000000018,2.015699999988101,0.8493999999761854,4.5330000000000155,0.7321999999880404,0.6989999999999554]",0.84629624,3.2524,0.0,1.0,1.0,122.0,1.0,lever,mlever,question_multimodal.png,im_combination.png,,,,,,
,,,242298,1,21,2023-09-24_17h38.29.380,flesh_expressibility_dutch,2022.2.4,Win32,60.29908345,,,,18.0,2.0,Nederlands,,,,,,Engels,3.0,,0.0,,0.0,,0.0,,0.0,,0.0,,0.0,,0.0,NL,2.0,2.0,2.0,1.0,,sensorypref2,1536.0,864.0,,,,,,,,,,,,,,,,,,,,,,,,,,,,,,,,,,,,21.0,327.9205,23.0,"[1.0474999999999852,1.5829999999999984,0.8714999999999975,0.7668999999761468,0.7823000000119293,0.716800000011915,0.7873000000118964,1.033199999988085,0.8498000000119248,1.3498000000119248,0.8328000000119005,0.799400000035746,0.979900000035741,2.515699999988101,0.8313999999761563,0.7327000000477142,0.7354000000357814,2.0155999999642518,0.8493999999761854,4.532899999976166,0.7321999999880404,0.698799999952314,0.6321999999880745]","[1.0476000000238344,1.583199999988068,0.8716000000238466,0.7668999999761468,0.7823000000119293,0.716800000011915,0.7874000000357455,1.0333000000119341,0.8498000000119248,1.3498000000119248,0.8328000000119005,0.799400000035746,0.9801000000238105,2.515699999988101,0.8316000000238546,0.7327000000477142,0.7355000000000018,2.015699999988101,0.8493999999761854,4.5330000000000155,0.7321999999880404,0.6989999999999554,0.6321999999880745]",0.385185242,5.0554,0.0,2.0,2.0,137.0,1.0,vallen,mvallen,question_multimodal.png,im_combination.png,,,,,,
,,,242298,1,21,2023-09-24_17h38.29.380,flesh_expressibility_dutch,2022.2.4,Win32,60.29908345,,,,18.0,2.0,Nederlands,,,,,,Engels,3.0,,0.0,,0.0,,0.0,,0.0,,0.0,,0.0,,0.0,NL,2.0,2.0,2.0,1.0,,sensorypref2,1536.0,864.0,,,,,,,,,,,,,,,,,,,,,,,,,,,,,,,,,,,,12.0,333.6098,24.0,"[1.0474999999999852,1.5829999999999984,0.8714999999999975,0.7668999999761468,0.7823000000119293,0.716800000011915,0.7873000000118964,1.033199999988085,0.8498000000119248,1.3498000000119248,0.8328000000119005,0.799400000035746,0.979900000035741,2.515699999988101,0.8313999999761563,0.7327000000477142,0.7354000000357814,2.0155999999642518,0.8493999999761854,4.532899999976166,0.7321999999880404,0.698799999952314,0.6321999999880745,1.0001000000238491]","[1.0476000000238344,1.583199999988068,0.8716000000238466,0.7668999999761468,0.7823000000119293,0.716800000011915,0.7874000000357455,1.0333000000119341,0.8498000000119248,1.3498000000119248,0.8328000000119005,0.799400000035746,0.9801000000238105,2.515699999988101,0.8316000000238546,0.7327000000477142,0.7355000000000018,2.015699999988101,0.8493999999761854,4.5330000000000155,0.7321999999880404,0.6989999999999554,0.6321999999880745,1.0001000000238491]",-0.827777792,4.3515,0.0,3.0,3.0,182.0,1.0,naam,mnaam,question_multimodal.png,im_combination.png,,,,,,
,,,242298,1,21,2023-09-24_17h38.29.380,flesh_expressibility_dutch,2022.2.4,Win32,60.29908345,,,,18.0,2.0,Nederlands,,,,,,Engels,3.0,,0.0,,0.0,,0.0,,0.0,,0.0,,0.0,,0.0,NL,2.0,2.0,2.0,1.0,,sensorypref2,1536.0,864.0,,,,,,,,,,,,,,,,,,,,,,,,,,,,,,,,,,,,22.0,339.4836,24.0,"[1.0474999999999852,1.5829999999999984,0.8714999999999975,0.7668999999761468,0.7823000000119293,0.716800000011915,0.7873000000118964,1.033199999988085,0.8498000000119248,1.3498000000119248,0.8328000000119005,0.799400000035746,0.979900000035741,2.515699999988101,0.8313999999761563,0.7327000000477142,0.7354000000357814,2.0155999999642518,0.8493999999761854,4.532899999976166,0.7321999999880404,0.698799999952314,0.6321999999880745,1.0001000000238491]","[1.0476000000238344,1.583199999988068,0.8716000000238466,0.7668999999761468,0.7823000000119293,0.716800000011915,0.7874000000357455,1.0333000000119341,0.8498000000119248,1.3498000000119248,0.8328000000119005,0.799400000035746,0.9801000000238105,2.515699999988101,0.8316000000238546,0.7327000000477142,0.7355000000000018,2.015699999988101,0.8493999999761854,4.5330000000000155,0.7321999999880404,0.6989999999999554,0.6321999999880745,1.0001000000238491]",,,0.0,4.0,4.0,91.0,1.0,koud,mkoud,question_multimodal.png,im_combination.png,,,,,,
,,,242298,1,21,2023-09-24_17h38.29.380,flesh_expressibility_dutch,2022.2.4,Win32,60.29908345,,,,18.0,2.0,Nederlands,,,,,,Engels,3.0,,0.0,,0.0,,0.0,,0.0,,0.0,,0.0,,0.0,NL,2.0,2.0,2.0,1.0,,sensorypref2,1536.0,864.0,,,,,,,,,,,,,,,,,,,,,,,,,,,,,,,,,,,,22.0,340.2853,24.0,"[1.0474999999999852,1.5829999999999984,0.8714999999999975,0.7668999999761468,0.7823000000119293,0.716800000011915,0.7873000000118964,1.033199999988085,0.8498000000119248,1.3498000000119248,0.8328000000119005,0.799400000035746,0.979900000035741,2.515699999988101,0.8313999999761563,0.7327000000477142,0.7354000000357814,2.0155999999642518,0.8493999999761854,4.532899999976166,0.7321999999880404,0.698799999952314,0.6321999999880745,1.0001000000238491]","[1.0476000000238344,1.583199999988068,0.8716000000238466,0.7668999999761468,0.7823000000119293,0.716800000011915,0.7874000000357455,1.0333000000119341,0.8498000000119248,1.3498000000119248,0.8328000000119005,0.799400000035746,0.9801000000238105,2.515699999988101,0.8316000000238546,0.7327000000477142,0.7355000000000018,2.015699999988101,0.8493999999761854,4.5330000000000155,0.7321999999880404,0.6989999999999554,0.6321999999880745,1.0001000000238491]",,,0.0,5.0,5.0,27.0,1.0,gezond,mgezond,question_multimodal.png,im_combination.png,,,,,,
,,,242298,1,21,2023-09-24_17h38.29.380,flesh_expressibility_dutch,2022.2.4,Win32,60.29908345,,,,18.0,2.0,Nederlands,,,,,,Engels,3.0,,0.0,,0.0,,0.0,,0.0,,0.0,,0.0,,0.0,NL,2.0,2.0,2.0,1.0,,sensorypref2,1536.0,864.0,,,,,,,,,,,,,,,,,,,,,,,,,,,,,,,,,,,,22.0,341.5973,24.0,"[1.0474999999999852,1.5829999999999984,0.8714999999999975,0.7668999999761468,0.7823000000119293,0.716800000011915,0.7873000000118964,1.033199999988085,0.8498000000119248,1.3498000000119248,0.8328000000119005,0.799400000035746,0.979900000035741,2.515699999988101,0.8313999999761563,0.7327000000477142,0.7354000000357814,2.0155999999642518,0.8493999999761854,4.532899999976166,0.7321999999880404,0.698799999952314,0.6321999999880745,1.0001000000238491]","[1.0476000000238344,1.583199999988068,0.8716000000238466,0.7668999999761468,0.7823000000119293,0.716800000011915,0.7874000000357455,1.0333000000119341,0.8498000000119248,1.3498000000119248,0.8328000000119005,0.799400000035746,0.9801000000238105,2.515699999988101,0.8316000000238546,0.7327000000477142,0.7355000000000018,2.015699999988101,0.8493999999761854,4.5330000000000155,0.7321999999880404,0.6989999999999554,0.6321999999880745,1.0001000000238491]",,,0.0,6.0,6.0,93.0,1.0,kleding,mkleding,question_multimodal.png,im_combination.png,,,,,,
,,,242298,1,21,2023-09-24_17h38.29.380,flesh_expressibility_dutch,2022.2.4,Win32,60.29908345,,,,18.0,2.0,Nederlands,,,,,,Engels,3.0,,0.0,,0.0,,0.0,,0.0,,0.0,,0.0,,0.0,NL,2.0,2.0,2.0,1.0,,sensorypref2,1536.0,864.0,,,,,,,,,,,,,,,,,,,,,,,,,,,,,,,,,,,,22.0,343.1265,24.0,"[1.0474999999999852,1.5829999999999984,0.8714999999999975,0.7668999999761468,0.7823000000119293,0.716800000011915,0.7873000000118964,1.033199999988085,0.8498000000119248,1.3498000000119248,0.8328000000119005,0.799400000035746,0.979900000035741,2.515699999988101,0.8313999999761563,0.7327000000477142,0.7354000000357814,2.0155999999642518,0.8493999999761854,4.532899999976166,0.7321999999880404,0.698799999952314,0.6321999999880745,1.0001000000238491]","[1.0476000000238344,1.583199999988068,0.8716000000238466,0.7668999999761468,0.7823000000119293,0.716800000011915,0.7874000000357455,1.0333000000119341,0.8498000000119248,1.3498000000119248,0.8328000000119005,0.799400000035746,0.9801000000238105,2.515699999988101,0.8316000000238546,0.7327000000477142,0.7355000000000018,2.015699999988101,0.8493999999761854,4.5330000000000155,0.7321999999880404,0.6989999999999554,0.6321999999880745,1.0001000000238491]",,,0.0,7.0,7.0,168.0,1.0,schaduw,mschaduw,question_multimodal.png,im_combination.png,,,,,,
,,,242298,1,21,2023-09-24_17h38.29.380,flesh_expressibility_dutch,2022.2.4,Win32,60.29908345,,,,18.0,2.0,Nederlands,,,,,,Engels,3.0,,0.0,,0.0,,0.0,,0.0,,0.0,,0.0,,0.0,NL,2.0,2.0,2.0,1.0,,sensorypref2,1536.0,864.0,,,,,,,,,,,,,,,,,,,,,,,,,,,,,,,,,,,,22.0,344.2095,24.0,"[1.0474999999999852,1.5829999999999984,0.8714999999999975,0.7668999999761468,0.7823000000119293,0.716800000011915,0.7873000000118964,1.033199999988085,0.8498000000119248,1.3498000000119248,0.8328000000119005,0.799400000035746,0.979900000035741,2.515699999988101,0.8313999999761563,0.7327000000477142,0.7354000000357814,2.0155999999642518,0.8493999999761854,4.532899999976166,0.7321999999880404,0.698799999952314,0.6321999999880745,1.0001000000238491]","[1.0476000000238344,1.583199999988068,0.8716000000238466,0.7668999999761468,0.7823000000119293,0.716800000011915,0.7874000000357455,1.0333000000119341,0.8498000000119248,1.3498000000119248,0.8328000000119005,0.799400000035746,0.9801000000238105,2.515699999988101,0.8316000000238546,0.7327000000477142,0.7355000000000018,2.015699999988101,0.8493999999761854,4.5330000000000155,0.7321999999880404,0.6989999999999554,0.6321999999880745,1.0001000000238491]",,,0.0,8.0,8.0,188.0,1.0,verstoppen,mverstoppen,question_multimodal.png,im_combination.png,,,,,,
,,,242298,1,21,2023-09-24_17h38.29.380,flesh_expressibility_dutch,2022.2.4,Win32,60.29908345,,,,18.0,2.0,Nederlands,,,,,,Engels,3.0,,0.0,,0.0,,0.0,,0.0,,0.0,,0.0,,0.0,NL,2.0,2.0,2.0,1.0,,sensorypref2,1536.0,864.0,,,,,,,,,,,,,,,,,,,,,,,,,,,,,,,,,,,,17.0,345.2187,25.0,"[1.0474999999999852,1.5829999999999984,0.8714999999999975,0.7668999999761468,0.7823000000119293,0.716800000011915,0.7873000000118964,1.033199999988085,0.8498000000119248,1.3498000000119248,0.8328000000119005,0.799400000035746,0.979900000035741,2.515699999988101,0.8313999999761563,0.7327000000477142,0.7354000000357814,2.0155999999642518,0.8493999999761854,4.532899999976166,0.7321999999880404,0.698799999952314,0.6321999999880745,1.0001000000238491,0.9038000000119268]","[1.0476000000238344,1.583199999988068,0.8716000000238466,0.7668999999761468,0.7823000000119293,0.716800000011915,0.7874000000357455,1.0333000000119341,0.8498000000119248,1.3498000000119248,0.8328000000119005,0.799400000035746,0.9801000000238105,2.515699999988101,0.8316000000238546,0.7327000000477142,0.7355000000000018,2.015699999988101,0.8493999999761854,4.5330000000000155,0.7321999999880404,0.6989999999999554,0.6321999999880745,1.0001000000238491,0.9038999999761472]",0.753703647,3.1564,0.0,9.0,9.0,1.0,1.0,zoemen,mzoemen,question_multimodal.png,im_combination.png,,,,,,
,,,242298,1,21,2023-09-24_17h38.29.380,flesh_expressibility_dutch,2022.2.4,Win32,60.29908345,,,,18.0,2.0,Nederlands,,,,,,Engels,3.0,,0.0,,0.0,,0.0,,0.0,,0.0,,0.0,,0.0,NL,2.0,2.0,2.0,1.0,,sensorypref2,1536.0,864.0,,,,,,,,,,,,,,,,,,,,,,,,,,,,,,,,,,,,22.0,349.1157,25.0,"[1.0474999999999852,1.5829999999999984,0.8714999999999975,0.7668999999761468,0.7823000000119293,0.716800000011915,0.7873000000118964,1.033199999988085,0.8498000000119248,1.3498000000119248,0.8328000000119005,0.799400000035746,0.979900000035741,2.515699999988101,0.8313999999761563,0.7327000000477142,0.7354000000357814,2.0155999999642518,0.8493999999761854,4.532899999976166,0.7321999999880404,0.698799999952314,0.6321999999880745,1.0001000000238491,0.9038000000119268]","[1.0476000000238344,1.583199999988068,0.8716000000238466,0.7668999999761468,0.7823000000119293,0.716800000011915,0.7874000000357455,1.0333000000119341,0.8498000000119248,1.3498000000119248,0.8328000000119005,0.799400000035746,0.9801000000238105,2.515699999988101,0.8316000000238546,0.7327000000477142,0.7355000000000018,2.015699999988101,0.8493999999761854,4.5330000000000155,0.7321999999880404,0.6989999999999554,0.6321999999880745,1.0001000000238491,0.9038999999761472]",,,0.0,10.0,10.0,45.0,1.0,onweer,monweer,question_multimodal.png,im_combination.png,,,,,,
,,,242298,1,21,2023-09-24_17h38.29.380,flesh_expressibility_dutch,2022.2.4,Win32,60.29908345,,,,18.0,2.0,Nederlands,,,,,,Engels,3.0,,0.0,,0.0,,0.0,,0.0,,0.0,,0.0,,0.0,NL,2.0,2.0,2.0,1.0,,sensorypref2,1536.0,864.0,,,,,,,,,,,,,,,,,,,,,,,,,,,,,,,,,,,,22.0,350.0951,25.0,"[1.0474999999999852,1.5829999999999984,0.8714999999999975,0.7668999999761468,0.7823000000119293,0.716800000011915,0.7873000000118964,1.033199999988085,0.8498000000119248,1.3498000000119248,0.8328000000119005,0.799400000035746,0.979900000035741,2.515699999988101,0.8313999999761563,0.7327000000477142,0.7354000000357814,2.0155999999642518,0.8493999999761854,4.532899999976166,0.7321999999880404,0.698799999952314,0.6321999999880745,1.0001000000238491,0.9038000000119268]","[1.0476000000238344,1.583199999988068,0.8716000000238466,0.7668999999761468,0.7823000000119293,0.716800000011915,0.7874000000357455,1.0333000000119341,0.8498000000119248,1.3498000000119248,0.8328000000119005,0.799400000035746,0.9801000000238105,2.515699999988101,0.8316000000238546,0.7327000000477142,0.7355000000000018,2.015699999988101,0.8493999999761854,4.5330000000000155,0.7321999999880404,0.6989999999999554,0.6321999999880745,1.0001000000238491,0.9038999999761472]",,,0.0,11.0,11.0,49.0,1.0,springen,mspringen,question_multimodal.png,im_combination.png,,,,,,
,,,242298,1,21,2023-09-24_17h38.29.380,flesh_expressibility_dutch,2022.2.4,Win32,60.29908345,,,,18.0,2.0,Nederlands,,,,,,Engels,3.0,,0.0,,0.0,,0.0,,0.0,,0.0,,0.0,,0.0,NL,2.0,2.0,2.0,1.0,,sensorypref2,1536.0,864.0,,,,,,,,,,,,,,,,,,,,,,,,,,,,,,,,,,,,19.0,351.0954,26.0,"[1.0474999999999852,1.5829999999999984,0.8714999999999975,0.7668999999761468,0.7823000000119293,0.716800000011915,0.7873000000118964,1.033199999988085,0.8498000000119248,1.3498000000119248,0.8328000000119005,0.799400000035746,0.979900000035741,2.515699999988101,0.8313999999761563,0.7327000000477142,0.7354000000357814,2.0155999999642518,0.8493999999761854,4.532899999976166,0.7321999999880404,0.698799999952314,0.6321999999880745,1.0001000000238491,0.9038000000119268,0.7501000000238491]","[1.0476000000238344,1.583199999988068,0.8716000000238466,0.7668999999761468,0.7823000000119293,0.716800000011915,0.7874000000357455,1.0333000000119341,0.8498000000119248,1.3498000000119248,0.8328000000119005,0.799400000035746,0.9801000000238105,2.515699999988101,0.8316000000238546,0.7327000000477142,0.7355000000000018,2.015699999988101,0.8493999999761854,4.5330000000000155,0.7321999999880404,0.6989999999999554,0.6321999999880745,1.0001000000238491,0.9038999999761472,0.7504000000357678]",-0.205555527,5.4721,0.0,12.0,12.0,57.0,1.0,fruit,mfruit,question_multimodal.png,im_combination.png,,,,,,
,,,242298,1,21,2023-09-24_17h38.29.380,flesh_expressibility_dutch,2022.2.4,Win32,60.29908345,,,,18.0,2.0,Nederlands,,,,,,Engels,3.0,,0.0,,0.0,,0.0,,0.0,,0.0,,0.0,,0.0,NL,2.0,2.0,2.0,1.0,,sensorypref2,1536.0,864.0,,,,,,,,,,,,,,,,,,,,,,,,,,,,,,,,,,,,20.0,357.1112,27.0,"[1.0474999999999852,1.5829999999999984,0.8714999999999975,0.7668999999761468,0.7823000000119293,0.716800000011915,0.7873000000118964,1.033199999988085,0.8498000000119248,1.3498000000119248,0.8328000000119005,0.799400000035746,0.979900000035741,2.515699999988101,0.8313999999761563,0.7327000000477142,0.7354000000357814,2.0155999999642518,0.8493999999761854,4.532899999976166,0.7321999999880404,0.698799999952314,0.6321999999880745,1.0001000000238491,0.9038000000119268,0.7501000000238491,0.7843999999761309]","[1.0476000000238344,1.583199999988068,0.8716000000238466,0.7668999999761468,0.7823000000119293,0.716800000011915,0.7874000000357455,1.0333000000119341,0.8498000000119248,1.3498000000119248,0.8328000000119005,0.799400000035746,0.9801000000238105,2.515699999988101,0.8316000000238546,0.7327000000477142,0.7355000000000018,2.015699999988101,0.8493999999761854,4.5330000000000155,0.7321999999880404,0.6989999999999554,0.6321999999880745,1.0001000000238491,0.9038999999761472,0.7504000000357678,0.7846999999880495]",0.646296466,4.1541,0.0,13.0,13.0,139.0,1.0,rennen,mrennen,question_multimodal.png,im_combination.png,,,,,,
,,,242298,1,21,2023-09-24_17h38.29.380,flesh_expressibility_dutch,2022.2.4,Win32,60.29908345,,,,18.0,2.0,Nederlands,,,,,,Engels,3.0,,0.0,,0.0,,0.0,,0.0,,0.0,,0.0,,0.0,NL,2.0,2.0,2.0,1.0,,sensorypref2,1536.0,864.0,,,,,,,,,,,,,,,,,,,,,,,,,,,,,,,,,,,,18.0,362.0903,28.0,"[1.0474999999999852,1.5829999999999984,0.8714999999999975,0.7668999999761468,0.7823000000119293,0.716800000011915,0.7873000000118964,1.033199999988085,0.8498000000119248,1.3498000000119248,0.8328000000119005,0.799400000035746,0.979900000035741,2.515699999988101,0.8313999999761563,0.7327000000477142,0.7354000000357814,2.0155999999642518,0.8493999999761854,4.532899999976166,0.7321999999880404,0.698799999952314,0.6321999999880745,1.0001000000238491,0.9038000000119268,0.7501000000238491,0.7843999999761309,0.7824999999999704]","[1.0476000000238344,1.583199999988068,0.8716000000238466,0.7668999999761468,0.7823000000119293,0.716800000011915,0.7874000000357455,1.0333000000119341,0.8498000000119248,1.3498000000119248,0.8328000000119005,0.799400000035746,0.9801000000238105,2.515699999988101,0.8316000000238546,0.7327000000477142,0.7355000000000018,2.015699999988101,0.8493999999761854,4.5330000000000155,0.7321999999880404,0.6989999999999554,0.6321999999880745,1.0001000000238491,0.9038999999761472,0.7504000000357678,0.7846999999880495,0.7824999999999704]",0.78333339,5.3022,0.0,14.0,14.0,23.0,1.0,slang,mslang,question_multimodal.png,im_combination.png,,,,,,
,,,242298,1,21,2023-09-24_17h38.29.380,flesh_expressibility_dutch,2022.2.4,Win32,60.29908345,,,,18.0,2.0,Nederlands,,,,,,Engels,3.0,,0.0,,0.0,,0.0,,0.0,,0.0,,0.0,,0.0,NL,2.0,2.0,2.0,1.0,,sensorypref2,1536.0,864.0,,,,,,,,,,,,,,,,,,,,,,,,,,,,,,,,,,,,21.0,368.1687,29.0,"[1.0474999999999852,1.5829999999999984,0.8714999999999975,0.7668999999761468,0.7823000000119293,0.716800000011915,0.7873000000118964,1.033199999988085,0.8498000000119248,1.3498000000119248,0.8328000000119005,0.799400000035746,0.979900000035741,2.515699999988101,0.8313999999761563,0.7327000000477142,0.7354000000357814,2.0155999999642518,0.8493999999761854,4.532899999976166,0.7321999999880404,0.698799999952314,0.6321999999880745,1.0001000000238491,0.9038000000119268,0.7501000000238491,0.7843999999761309,0.7824999999999704,0.8831000000238305]","[1.0476000000238344,1.583199999988068,0.8716000000238466,0.7668999999761468,0.7823000000119293,0.716800000011915,0.7874000000357455,1.0333000000119341,0.8498000000119248,1.3498000000119248,0.8328000000119005,0.799400000035746,0.9801000000238105,2.515699999988101,0.8316000000238546,0.7327000000477142,0.7355000000000018,2.015699999988101,0.8493999999761854,4.5330000000000155,0.7321999999880404,0.6989999999999554,0.6321999999880745,1.0001000000238491,0.9038999999761472,0.7504000000357678,0.7846999999880495,0.7824999999999704,0.8831999999880509]",-0.807407379,4.6186,0.0,15.0,15.0,158.0,1.0,hout,mhout,question_multimodal.png,im_combination.png,,,,,,
,,,242298,1,21,2023-09-24_17h38.29.380,flesh_expressibility_dutch,2022.2.4,Win32,60.29908345,,,,18.0,2.0,Nederlands,,,,,,Engels,3.0,,0.0,,0.0,,0.0,,0.0,,0.0,,0.0,,0.0,NL,2.0,2.0,2.0,1.0,,sensorypref2,1536.0,864.0,,,,,,,,,,,,,,,,,,,,,,,,,,,,,,,,,,,,20.0,373.6866,30.0,"[1.0474999999999852,1.5829999999999984,0.8714999999999975,0.7668999999761468,0.7823000000119293,0.716800000011915,0.7873000000118964,1.033199999988085,0.8498000000119248,1.3498000000119248,0.8328000000119005,0.799400000035746,0.979900000035741,2.515699999988101,0.8313999999761563,0.7327000000477142,0.7354000000357814,2.0155999999642518,0.8493999999761854,4.532899999976166,0.7321999999880404,0.698799999952314,0.6321999999880745,1.0001000000238491,0.9038000000119268,0.7501000000238491,0.7843999999761309,0.7824999999999704,0.8831000000238305,0.8000000000000114]","[1.0476000000238344,1.583199999988068,0.8716000000238466,0.7668999999761468,0.7823000000119293,0.716800000011915,0.7874000000357455,1.0333000000119341,0.8498000000119248,1.3498000000119248,0.8328000000119005,0.799400000035746,0.9801000000238105,2.515699999988101,0.8316000000238546,0.7327000000477142,0.7355000000000018,2.015699999988101,0.8493999999761854,4.5330000000000155,0.7321999999880404,0.6989999999999554,0.6321999999880745,1.0001000000238491,0.9038999999761472,0.7504000000357678,0.7846999999880495,0.7824999999999704,0.8831999999880509,0.8001000000238605]",0.666666667,4.7672,0.0,16.0,16.0,193.0,1.0,huis,mhuis,question_multimodal.png,im_combination.png,,,,,,
,,,242298,1,21,2023-09-24_17h38.29.380,flesh_expressibility_dutch,2022.2.4,Win32,60.29908345,,,,18.0,2.0,Nederlands,,,,,,Engels,3.0,,0.0,,0.0,,0.0,,0.0,,0.0,,0.0,,0.0,NL,2.0,2.0,2.0,1.0,,sensorypref2,1536.0,864.0,,,,,,,,,,,,,,,,,,,,,,,,,,,,,,,,,,,,22.0,379.282,30.0,"[1.0474999999999852,1.5829999999999984,0.8714999999999975,0.7668999999761468,0.7823000000119293,0.716800000011915,0.7873000000118964,1.033199999988085,0.8498000000119248,1.3498000000119248,0.8328000000119005,0.799400000035746,0.979900000035741,2.515699999988101,0.8313999999761563,0.7327000000477142,0.7354000000357814,2.0155999999642518,0.8493999999761854,4.532899999976166,0.7321999999880404,0.698799999952314,0.6321999999880745,1.0001000000238491,0.9038000000119268,0.7501000000238491,0.7843999999761309,0.7824999999999704,0.8831000000238305,0.8000000000000114]","[1.0476000000238344,1.583199999988068,0.8716000000238466,0.7668999999761468,0.7823000000119293,0.716800000011915,0.7874000000357455,1.0333000000119341,0.8498000000119248,1.3498000000119248,0.8328000000119005,0.799400000035746,0.9801000000238105,2.515699999988101,0.8316000000238546,0.7327000000477142,0.7355000000000018,2.015699999988101,0.8493999999761854,4.5330000000000155,0.7321999999880404,0.6989999999999554,0.6321999999880745,1.0001000000238491,0.9038999999761472,0.7504000000357678,0.7846999999880495,0.7824999999999704,0.8831999999880509,0.8001000000238605]",,,0.0,17.0,17.0,3.0,1.0,stil,mstil,question_multimodal.png,im_combination.png,,,,,,
,,,242298,1,21,2023-09-24_17h38.29.380,flesh_expressibility_dutch,2022.2.4,Win32,60.29908345,,,,18.0,2.0,Nederlands,,,,,,Engels,3.0,,0.0,,0.0,,0.0,,0.0,,0.0,,0.0,,0.0,NL,2.0,2.0,2.0,1.0,,sensorypref2,1536.0,864.0,,,,,,,,,,,,,,,,,,,,,,,,,,,,,,,,,,,,21.0,380.2478,31.0,"[1.0474999999999852,1.5829999999999984,0.8714999999999975,0.7668999999761468,0.7823000000119293,0.716800000011915,0.7873000000118964,1.033199999988085,0.8498000000119248,1.3498000000119248,0.8328000000119005,0.799400000035746,0.979900000035741,2.515699999988101,0.8313999999761563,0.7327000000477142,0.7354000000357814,2.0155999999642518,0.8493999999761854,4.532899999976166,0.7321999999880404,0.698799999952314,0.6321999999880745,1.0001000000238491,0.9038000000119268,0.7501000000238491,0.7843999999761309,0.7824999999999704,0.8831000000238305,0.8000000000000114,0.7331000000237964]","[1.0476000000238344,1.583199999988068,0.8716000000238466,0.7668999999761468,0.7823000000119293,0.716800000011915,0.7874000000357455,1.0333000000119341,0.8498000000119248,1.3498000000119248,0.8328000000119005,0.799400000035746,0.9801000000238105,2.515699999988101,0.8316000000238546,0.7327000000477142,0.7355000000000018,2.015699999988101,0.8493999999761854,4.5330000000000155,0.7321999999880404,0.6989999999999554,0.6321999999880745,1.0001000000238491,0.9038999999761472,0.7504000000357678,0.7846999999880495,0.7824999999999704,0.8831999999880509,0.8001000000238605,0.7332000000476455]",0.668518632,4.9831,0.0,18.0,18.0,169.0,1.0,zien,mzien,question_multimodal.png,im_combination.png,,,,,,
,,,242298,1,21,2023-09-24_17h38.29.380,flesh_expressibility_dutch,2022.2.4,Win32,60.29908345,,,,18.0,2.0,Nederlands,,,,,,Engels,3.0,,0.0,,0.0,,0.0,,0.0,,0.0,,0.0,,0.0,NL,2.0,2.0,2.0,1.0,,sensorypref2,1536.0,864.0,,,,,,,,,,,,,,,,,,,,,,,,,,,,,,,,,,,,22.0,385.839,31.0,"[1.0474999999999852,1.5829999999999984,0.8714999999999975,0.7668999999761468,0.7823000000119293,0.716800000011915,0.7873000000118964,1.033199999988085,0.8498000000119248,1.3498000000119248,0.8328000000119005,0.799400000035746,0.979900000035741,2.515699999988101,0.8313999999761563,0.7327000000477142,0.7354000000357814,2.0155999999642518,0.8493999999761854,4.532899999976166,0.7321999999880404,0.698799999952314,0.6321999999880745,1.0001000000238491,0.9038000000119268,0.7501000000238491,0.7843999999761309,0.7824999999999704,0.8831000000238305,0.8000000000000114,0.7331000000237964]","[1.0476000000238344,1.583199999988068,0.8716000000238466,0.7668999999761468,0.7823000000119293,0.716800000011915,0.7874000000357455,1.0333000000119341,0.8498000000119248,1.3498000000119248,0.8328000000119005,0.799400000035746,0.9801000000238105,2.515699999988101,0.8316000000238546,0.7327000000477142,0.7355000000000018,2.015699999988101,0.8493999999761854,4.5330000000000155,0.7321999999880404,0.6989999999999554,0.6321999999880745,1.0001000000238491,0.9038999999761472,0.7504000000357678,0.7846999999880495,0.7824999999999704,0.8831999999880509,0.8001000000238605,0.7332000000476455]",,,0.0,19.0,19.0,175.0,1.0,dik,mdik,question_multimodal.png,im_combination.png,,,,,,
,,,242298,1,21,2023-09-24_17h38.29.380,flesh_expressibility_dutch,2022.2.4,Win32,60.29908345,,,,18.0,2.0,Nederlands,,,,,,Engels,3.0,,0.0,,0.0,,0.0,,0.0,,0.0,,0.0,,0.0,NL,2.0,2.0,2.0,1.0,,sensorypref2,1536.0,864.0,,,,,,,,,,,,,,,,,,,,,,,,,,,,,,,,,,,,21.0,386.893,32.0,"[1.0474999999999852,1.5829999999999984,0.8714999999999975,0.7668999999761468,0.7823000000119293,0.716800000011915,0.7873000000118964,1.033199999988085,0.8498000000119248,1.3498000000119248,0.8328000000119005,0.799400000035746,0.979900000035741,2.515699999988101,0.8313999999761563,0.7327000000477142,0.7354000000357814,2.0155999999642518,0.8493999999761854,4.532899999976166,0.7321999999880404,0.698799999952314,0.6321999999880745,1.0001000000238491,0.9038000000119268,0.7501000000238491,0.7843999999761309,0.7824999999999704,0.8831000000238305,0.8000000000000114,0.7331000000237964,0.7833999999761545]","[1.0476000000238344,1.583199999988068,0.8716000000238466,0.7668999999761468,0.7823000000119293,0.716800000011915,0.7874000000357455,1.0333000000119341,0.8498000000119248,1.3498000000119248,0.8328000000119005,0.799400000035746,0.9801000000238105,2.515699999988101,0.8316000000238546,0.7327000000477142,0.7355000000000018,2.015699999988101,0.8493999999761854,4.5330000000000155,0.7321999999880404,0.6989999999999554,0.6321999999880745,1.0001000000238491,0.9038999999761472,0.7504000000357678,0.7846999999880495,0.7824999999999704,0.8831999999880509,0.8001000000238605,0.7332000000476455,0.7833999999761545]",0.607407464,4.1454,0.0,20.0,20.0,121.0,1.0,voet,mvoet,question_multimodal.png,im_combination.png,,,,,,
,,,242298,1,21,2023-09-24_17h38.29.380,flesh_expressibility_dutch,2022.2.4,Win32,60.29908345,,,,18.0,2.0,Nederlands,,,,,,Engels,3.0,,0.0,,0.0,,0.0,,0.0,,0.0,,0.0,,0.0,NL,2.0,2.0,2.0,1.0,,sensorypref2,1536.0,864.0,,,,,,,,,,,,,,,,,,,,,,,,,,,,,,,,,,,,17.0,391.6835,33.0,"[1.0474999999999852,1.5829999999999984,0.8714999999999975,0.7668999999761468,0.7823000000119293,0.716800000011915,0.7873000000118964,1.033199999988085,0.8498000000119248,1.3498000000119248,0.8328000000119005,0.799400000035746,0.979900000035741,2.515699999988101,0.8313999999761563,0.7327000000477142,0.7354000000357814,2.0155999999642518,0.8493999999761854,4.532899999976166,0.7321999999880404,0.698799999952314,0.6321999999880745,1.0001000000238491,0.9038000000119268,0.7501000000238491,0.7843999999761309,0.7824999999999704,0.8831000000238305,0.8000000000000114,0.7331000000237964,0.7833999999761545,0.8328000000119005]","[1.0476000000238344,1.583199999988068,0.8716000000238466,0.7668999999761468,0.7823000000119293,0.716800000011915,0.7874000000357455,1.0333000000119341,0.8498000000119248,1.3498000000119248,0.8328000000119005,0.799400000035746,0.9801000000238105,2.515699999988101,0.8316000000238546,0.7327000000477142,0.7355000000000018,2.015699999988101,0.8493999999761854,4.5330000000000155,0.7321999999880404,0.6989999999999554,0.6321999999880745,1.0001000000238491,0.9038999999761472,0.7504000000357678,0.7846999999880495,0.7824999999999704,0.8831999999880509,0.8001000000238605,0.7332000000476455,0.7833999999761545,0.8328000000119005]",-0.803703661,3.1039,0.0,21.0,21.0,167.0,1.0,rood,mrood,question_multimodal.png,im_combination.png,,,,,,
,,,242298,1,21,2023-09-24_17h38.29.380,flesh_expressibility_dutch,2022.2.4,Win32,60.29908345,,,,18.0,2.0,Nederlands,,,,,,Engels,3.0,,0.0,,0.0,,0.0,,0.0,,0.0,,0.0,,0.0,NL,2.0,2.0,2.0,1.0,,sensorypref2,1536.0,864.0,,,,,,,,,,,,,,,,,,,,,,,,,,,,,,,,,,,,22.0,395.5717,33.0,"[1.0474999999999852,1.5829999999999984,0.8714999999999975,0.7668999999761468,0.7823000000119293,0.716800000011915,0.7873000000118964,1.033199999988085,0.8498000000119248,1.3498000000119248,0.8328000000119005,0.799400000035746,0.979900000035741,2.515699999988101,0.8313999999761563,0.7327000000477142,0.7354000000357814,2.0155999999642518,0.8493999999761854,4.532899999976166,0.7321999999880404,0.698799999952314,0.6321999999880745,1.0001000000238491,0.9038000000119268,0.7501000000238491,0.7843999999761309,0.7824999999999704,0.8831000000238305,0.8000000000000114,0.7331000000237964,0.7833999999761545,0.8328000000119005]","[1.0476000000238344,1.583199999988068,0.8716000000238466,0.7668999999761468,0.7823000000119293,0.716800000011915,0.7874000000357455,1.0333000000119341,0.8498000000119248,1.3498000000119248,0.8328000000119005,0.799400000035746,0.9801000000238105,2.515699999988101,0.8316000000238546,0.7327000000477142,0.7355000000000018,2.015699999988101,0.8493999999761854,4.5330000000000155,0.7321999999880404,0.6989999999999554,0.6321999999880745,1.0001000000238491,0.9038999999761472,0.7504000000357678,0.7846999999880495,0.7824999999999704,0.8831999999880509,0.8001000000238605,0.7332000000476455,0.7833999999761545,0.8328000000119005]",,,0.0,22.0,22.0,108.0,1.0,neus,mneus,question_multimodal.png,im_combination.png,,,,,,
,,,242298,1,21,2023-09-24_17h38.29.380,flesh_expressibility_dutch,2022.2.4,Win32,60.29908345,,,,18.0,2.0,Nederlands,,,,,,Engels,3.0,,0.0,,0.0,,0.0,,0.0,,0.0,,0.0,,0.0,NL,2.0,2.0,2.0,1.0,,sensorypref2,1536.0,864.0,,,,,,,,,,,,,,,,,,,,,,,,,,,,,,,,,,,,18.0,396.5902,34.0,"[1.0474999999999852,1.5829999999999984,0.8714999999999975,0.7668999999761468,0.7823000000119293,0.716800000011915,0.7873000000118964,1.033199999988085,0.8498000000119248,1.3498000000119248,0.8328000000119005,0.799400000035746,0.979900000035741,2.515699999988101,0.8313999999761563,0.7327000000477142,0.7354000000357814,2.0155999999642518,0.8493999999761854,4.532899999976166,0.7321999999880404,0.698799999952314,0.6321999999880745,1.0001000000238491,0.9038000000119268,0.7501000000238491,0.7843999999761309,0.7824999999999704,0.8831000000238305,0.8000000000000114,0.7331000000237964,0.7833999999761545,0.8328000000119005,0.9653000000119505]","[1.0476000000238344,1.583199999988068,0.8716000000238466,0.7668999999761468,0.7823000000119293,0.716800000011915,0.7874000000357455,1.0333000000119341,0.8498000000119248,1.3498000000119248,0.8328000000119005,0.799400000035746,0.9801000000238105,2.515699999988101,0.8316000000238546,0.7327000000477142,0.7355000000000018,2.015699999988101,0.8493999999761854,4.5330000000000155,0.7321999999880404,0.6989999999999554,0.6321999999880745,1.0001000000238491,0.9038999999761472,0.7504000000357678,0.7846999999880495,0.7824999999999704,0.8831999999880509,0.8001000000238605,0.7332000000476455,0.7833999999761545,0.8328000000119005,0.96550000000002]",0.440740797,3.4879,0.0,23.0,23.0,109.0,1.0,tong,mtong,question_multimodal.png,im_combination.png,,,,,,
,,,242298,1,21,2023-09-24_17h38.29.380,flesh_expressibility_dutch,2022.2.4,Win32,60.29908345,,,,18.0,2.0,Nederlands,,,,,,Engels,3.0,,0.0,,0.0,,0.0,,0.0,,0.0,,0.0,,0.0,NL,2.0,2.0,2.0,1.0,,sensorypref2,1536.0,864.0,,,,,,,,,,,,,,,,,,,,,,,,,,,,,,,,,,,,17.0,400.8737,35.0,"[1.0474999999999852,1.5829999999999984,0.8714999999999975,0.7668999999761468,0.7823000000119293,0.716800000011915,0.7873000000118964,1.033199999988085,0.8498000000119248,1.3498000000119248,0.8328000000119005,0.799400000035746,0.979900000035741,2.515699999988101,0.8313999999761563,0.7327000000477142,0.7354000000357814,2.0155999999642518,0.8493999999761854,4.532899999976166,0.7321999999880404,0.698799999952314,0.6321999999880745,1.0001000000238491,0.9038000000119268,0.7501000000238491,0.7843999999761309,0.7824999999999704,0.8831000000238305,0.8000000000000114,0.7331000000237964,0.7833999999761545,0.8328000000119005,0.9653000000119505,0.9001000000238264]","[1.0476000000238344,1.583199999988068,0.8716000000238466,0.7668999999761468,0.7823000000119293,0.716800000011915,0.7874000000357455,1.0333000000119341,0.8498000000119248,1.3498000000119248,0.8328000000119005,0.799400000035746,0.9801000000238105,2.515699999988101,0.8316000000238546,0.7327000000477142,0.7355000000000018,2.015699999988101,0.8493999999761854,4.5330000000000155,0.7321999999880404,0.6989999999999554,0.6321999999880745,1.0001000000238491,0.9038999999761472,0.7504000000357678,0.7846999999880495,0.7824999999999704,0.8831999999880509,0.8001000000238605,0.7332000000476455,0.7833999999761545,0.8328000000119005,0.96550000000002,0.9001000000238264]",0.659259372,5.7948,0.0,24.0,24.0,37.0,1.0,walgen,mwalgen,question_multimodal.png,im_combination.png,,,,,,
,,,242298,1,21,2023-09-24_17h38.29.380,flesh_expressibility_dutch,2022.2.4,Win32,60.29908345,,,,18.0,2.0,Nederlands,,,,,,Engels,3.0,,0.0,,0.0,,0.0,,0.0,,0.0,,0.0,,0.0,NL,2.0,2.0,2.0,1.0,,sensorypref2,1536.0,864.0,,,,,,,,,,,,,,,,,,,,,,,,,,,,,,,,,,,,19.0,407.5633,36.0,"[1.0474999999999852,1.5829999999999984,0.8714999999999975,0.7668999999761468,0.7823000000119293,0.716800000011915,0.7873000000118964,1.033199999988085,0.8498000000119248,1.3498000000119248,0.8328000000119005,0.799400000035746,0.979900000035741,2.515699999988101,0.8313999999761563,0.7327000000477142,0.7354000000357814,2.0155999999642518,0.8493999999761854,4.532899999976166,0.7321999999880404,0.698799999952314,0.6321999999880745,1.0001000000238491,0.9038000000119268,0.7501000000238491,0.7843999999761309,0.7824999999999704,0.8831000000238305,0.8000000000000114,0.7331000000237964,0.7833999999761545,0.8328000000119005,0.9653000000119505,0.9001000000238264,0.9618000000119196]","[1.0476000000238344,1.583199999988068,0.8716000000238466,0.7668999999761468,0.7823000000119293,0.716800000011915,0.7874000000357455,1.0333000000119341,0.8498000000119248,1.3498000000119248,0.8328000000119005,0.799400000035746,0.9801000000238105,2.515699999988101,0.8316000000238546,0.7327000000477142,0.7355000000000018,2.015699999988101,0.8493999999761854,4.5330000000000155,0.7321999999880404,0.6989999999999554,0.6321999999880745,1.0001000000238491,0.9038999999761472,0.7504000000357678,0.7846999999880495,0.7824999999999704,0.8831999999880509,0.8001000000238605,0.7332000000476455,0.7833999999761545,0.8328000000119005,0.96550000000002,0.9001000000238264,0.9618000000119196]",0.744444388,4.2196,0.0,25.0,25.0,52.0,1.0,vangen,mvangen,question_multimodal.png,im_combination.png,,,,,,
,,,242298,1,21,2023-09-24_17h38.29.380,flesh_expressibility_dutch,2022.2.4,Win32,60.29908345,,,,18.0,2.0,Nederlands,,,,,,Engels,3.0,,0.0,,0.0,,0.0,,0.0,,0.0,,0.0,,0.0,NL,2.0,2.0,2.0,1.0,,sensorypref2,1536.0,864.0,,,,,,,,,,,,,,,,,,,,,,,,,,,,,,,,,,,,22.0,412.7654,36.0,"[1.0474999999999852,1.5829999999999984,0.8714999999999975,0.7668999999761468,0.7823000000119293,0.716800000011915,0.7873000000118964,1.033199999988085,0.8498000000119248,1.3498000000119248,0.8328000000119005,0.799400000035746,0.979900000035741,2.515699999988101,0.8313999999761563,0.7327000000477142,0.7354000000357814,2.0155999999642518,0.8493999999761854,4.532899999976166,0.7321999999880404,0.698799999952314,0.6321999999880745,1.0001000000238491,0.9038000000119268,0.7501000000238491,0.7843999999761309,0.7824999999999704,0.8831000000238305,0.8000000000000114,0.7331000000237964,0.7833999999761545,0.8328000000119005,0.9653000000119505,0.9001000000238264,0.9618000000119196]","[1.0476000000238344,1.583199999988068,0.8716000000238466,0.7668999999761468,0.7823000000119293,0.716800000011915,0.7874000000357455,1.0333000000119341,0.8498000000119248,1.3498000000119248,0.8328000000119005,0.799400000035746,0.9801000000238105,2.515699999988101,0.8316000000238546,0.7327000000477142,0.7355000000000018,2.015699999988101,0.8493999999761854,4.5330000000000155,0.7321999999880404,0.6989999999999554,0.6321999999880745,1.0001000000238491,0.9038999999761472,0.7504000000357678,0.7846999999880495,0.7824999999999704,0.8831999999880509,0.8001000000238605,0.7332000000476455,0.7833999999761545,0.8328000000119005,0.96550000000002,0.9001000000238264,0.9618000000119196]",,,0.0,26.0,26.0,112.0,1.0,bloed,mbloed,question_multimodal.png,im_combination.png,,,,,,
,,,242298,1,21,2023-09-24_17h38.29.380,flesh_expressibility_dutch,2022.2.4,Win32,60.29908345,,,,18.0,2.0,Nederlands,,,,,,Engels,3.0,,0.0,,0.0,,0.0,,0.0,,0.0,,0.0,,0.0,NL,2.0,2.0,2.0,1.0,,sensorypref2,1536.0,864.0,,,,,,,,,,,,,,,,,,,,,,,,,,,,,,,,,,,,22.0,413.7015,36.0,"[1.0474999999999852,1.5829999999999984,0.8714999999999975,0.7668999999761468,0.7823000000119293,0.716800000011915,0.7873000000118964,1.033199999988085,0.8498000000119248,1.3498000000119248,0.8328000000119005,0.799400000035746,0.979900000035741,2.515699999988101,0.8313999999761563,0.7327000000477142,0.7354000000357814,2.0155999999642518,0.8493999999761854,4.532899999976166,0.7321999999880404,0.698799999952314,0.6321999999880745,1.0001000000238491,0.9038000000119268,0.7501000000238491,0.7843999999761309,0.7824999999999704,0.8831000000238305,0.8000000000000114,0.7331000000237964,0.7833999999761545,0.8328000000119005,0.9653000000119505,0.9001000000238264,0.9618000000119196]","[1.0476000000238344,1.583199999988068,0.8716000000238466,0.7668999999761468,0.7823000000119293,0.716800000011915,0.7874000000357455,1.0333000000119341,0.8498000000119248,1.3498000000119248,0.8328000000119005,0.799400000035746,0.9801000000238105,2.515699999988101,0.8316000000238546,0.7327000000477142,0.7355000000000018,2.015699999988101,0.8493999999761854,4.5330000000000155,0.7321999999880404,0.6989999999999554,0.6321999999880745,1.0001000000238491,0.9038999999761472,0.7504000000357678,0.7846999999880495,0.7824999999999704,0.8831999999880509,0.8001000000238605,0.7332000000476455,0.7833999999761545,0.8328000000119005,0.96550000000002,0.9001000000238264,0.9618000000119196]",,,0.0,27.0,27.0,130.0,1.0,regen,mregen,question_multimodal.png,im_combination.png,,,,,,
,,,242298,1,21,2023-09-24_17h38.29.380,flesh_expressibility_dutch,2022.2.4,Win32,60.29908345,,,,18.0,2.0,Nederlands,,,,,,Engels,3.0,,0.0,,0.0,,0.0,,0.0,,0.0,,0.0,,0.0,NL,2.0,2.0,2.0,1.0,,sensorypref2,1536.0,864.0,,,,,,,,,,,,,,,,,,,,,,,,,,,,,,,,,,,,22.0,414.7778,36.0,"[1.0474999999999852,1.5829999999999984,0.8714999999999975,0.7668999999761468,0.7823000000119293,0.716800000011915,0.7873000000118964,1.033199999988085,0.8498000000119248,1.3498000000119248,0.8328000000119005,0.799400000035746,0.979900000035741,2.515699999988101,0.8313999999761563,0.7327000000477142,0.7354000000357814,2.0155999999642518,0.8493999999761854,4.532899999976166,0.7321999999880404,0.698799999952314,0.6321999999880745,1.0001000000238491,0.9038000000119268,0.7501000000238491,0.7843999999761309,0.7824999999999704,0.8831000000238305,0.8000000000000114,0.7331000000237964,0.7833999999761545,0.8328000000119005,0.9653000000119505,0.9001000000238264,0.9618000000119196]","[1.0476000000238344,1.583199999988068,0.8716000000238466,0.7668999999761468,0.7823000000119293,0.716800000011915,0.7874000000357455,1.0333000000119341,0.8498000000119248,1.3498000000119248,0.8328000000119005,0.799400000035746,0.9801000000238105,2.515699999988101,0.8316000000238546,0.7327000000477142,0.7355000000000018,2.015699999988101,0.8493999999761854,4.5330000000000155,0.7321999999880404,0.6989999999999554,0.6321999999880745,1.0001000000238491,0.9038999999761472,0.7504000000357678,0.7846999999880495,0.7824999999999704,0.8831999999880509,0.8001000000238605,0.7332000000476455,0.7833999999761545,0.8328000000119005,0.96550000000002,0.9001000000238264,0.9618000000119196]",,,0.0,28.0,28.0,8.0,1.0,likken,mlikken,question_multimodal.png,im_combination.png,,,,,,
,,,242298,1,21,2023-09-24_17h38.29.380,flesh_expressibility_dutch,2022.2.4,Win32,60.29908345,,,,18.0,2.0,Nederlands,,,,,,Engels,3.0,,0.0,,0.0,,0.0,,0.0,,0.0,,0.0,,0.0,NL,2.0,2.0,2.0,1.0,,sensorypref2,1536.0,864.0,,,,,,,,,,,,,,,,,,,,,,,,,,,,,,,,,,,,17.0,415.7213,37.0,"[1.0474999999999852,1.5829999999999984,0.8714999999999975,0.7668999999761468,0.7823000000119293,0.716800000011915,0.7873000000118964,1.033199999988085,0.8498000000119248,1.3498000000119248,0.8328000000119005,0.799400000035746,0.979900000035741,2.515699999988101,0.8313999999761563,0.7327000000477142,0.7354000000357814,2.0155999999642518,0.8493999999761854,4.532899999976166,0.7321999999880404,0.698799999952314,0.6321999999880745,1.0001000000238491,0.9038000000119268,0.7501000000238491,0.7843999999761309,0.7824999999999704,0.8831000000238305,0.8000000000000114,0.7331000000237964,0.7833999999761545,0.8328000000119005,0.9653000000119505,0.9001000000238264,0.9618000000119196,0.764399999976149]","[1.0476000000238344,1.583199999988068,0.8716000000238466,0.7668999999761468,0.7823000000119293,0.716800000011915,0.7874000000357455,1.0333000000119341,0.8498000000119248,1.3498000000119248,0.8328000000119005,0.799400000035746,0.9801000000238105,2.515699999988101,0.8316000000238546,0.7327000000477142,0.7355000000000018,2.015699999988101,0.8493999999761854,4.5330000000000155,0.7321999999880404,0.6989999999999554,0.6321999999880745,1.0001000000238491,0.9038999999761472,0.7504000000357678,0.7846999999880495,0.7824999999999704,0.8831999999880509,0.8001000000238605,0.7332000000476455,0.7833999999761545,0.8328000000119005,0.96550000000002,0.9001000000238264,0.9618000000119196,0.764399999976149]",-0.425925926,4.2658,0.0,29.0,29.0,10.0,1.0,strak,mstrak,question_multimodal.png,im_combination.png,,,,,,
,,,242298,1,21,2023-09-24_17h38.29.380,flesh_expressibility_dutch,2022.2.4,Win32,60.29908345,,,,18.0,2.0,Nederlands,,,,,,Engels,3.0,,0.0,,0.0,,0.0,,0.0,,0.0,,0.0,,0.0,NL,2.0,2.0,2.0,1.0,,sensorypref2,1536.0,864.0,,,,,,,,,,,,,,,,,,,,,,,,,,,,,,,,,,,,15.0,421.0349,38.0,"[1.0474999999999852,1.5829999999999984,0.8714999999999975,0.7668999999761468,0.7823000000119293,0.716800000011915,0.7873000000118964,1.033199999988085,0.8498000000119248,1.3498000000119248,0.8328000000119005,0.799400000035746,0.979900000035741,2.515699999988101,0.8313999999761563,0.7327000000477142,0.7354000000357814,2.0155999999642518,0.8493999999761854,4.532899999976166,0.7321999999880404,0.698799999952314,0.6321999999880745,1.0001000000238491,0.9038000000119268,0.7501000000238491,0.7843999999761309,0.7824999999999704,0.8831000000238305,0.8000000000000114,0.7331000000237964,0.7833999999761545,0.8328000000119005,0.9653000000119505,0.9001000000238264,0.9618000000119196,0.764399999976149,0.8485000000000014]","[1.0476000000238344,1.583199999988068,0.8716000000238466,0.7668999999761468,0.7823000000119293,0.716800000011915,0.7874000000357455,1.0333000000119341,0.8498000000119248,1.3498000000119248,0.8328000000119005,0.799400000035746,0.9801000000238105,2.515699999988101,0.8316000000238546,0.7327000000477142,0.7355000000000018,2.015699999988101,0.8493999999761854,4.5330000000000155,0.7321999999880404,0.6989999999999554,0.6321999999880745,1.0001000000238491,0.9038999999761472,0.7504000000357678,0.7846999999880495,0.7824999999999704,0.8831999999880509,0.8001000000238605,0.7332000000476455,0.7833999999761545,0.8328000000119005,0.96550000000002,0.9001000000238264,0.9618000000119196,0.764399999976149,0.8486999999880709]",-0.403703619,3.0207,0.0,30.0,30.0,76.0,1.0,blauw,mblauw,question_multimodal.png,im_combination.png,,,,,,
,,,242298,1,21,2023-09-24_17h38.29.380,flesh_expressibility_dutch,2022.2.4,Win32,60.29908345,,,,18.0,2.0,Nederlands,,,,,,Engels,3.0,,0.0,,0.0,,0.0,,0.0,,0.0,,0.0,,0.0,NL,2.0,2.0,2.0,1.0,,sensorypref2,1536.0,864.0,,,,,,,,,,,,,,,,,,,,,,,,,,,,,,,,,,,,16.0,424.5188,39.0,"[1.0474999999999852,1.5829999999999984,0.8714999999999975,0.7668999999761468,0.7823000000119293,0.716800000011915,0.7873000000118964,1.033199999988085,0.8498000000119248,1.3498000000119248,0.8328000000119005,0.799400000035746,0.979900000035741,2.515699999988101,0.8313999999761563,0.7327000000477142,0.7354000000357814,2.0155999999642518,0.8493999999761854,4.532899999976166,0.7321999999880404,0.698799999952314,0.6321999999880745,1.0001000000238491,0.9038000000119268,0.7501000000238491,0.7843999999761309,0.7824999999999704,0.8831000000238305,0.8000000000000114,0.7331000000237964,0.7833999999761545,0.8328000000119005,0.9653000000119505,0.9001000000238264,0.9618000000119196,0.764399999976149,0.8485000000000014,0.6463000000119337]","[1.0476000000238344,1.583199999988068,0.8716000000238466,0.7668999999761468,0.7823000000119293,0.716800000011915,0.7874000000357455,1.0333000000119341,0.8498000000119248,1.3498000000119248,0.8328000000119005,0.799400000035746,0.9801000000238105,2.515699999988101,0.8316000000238546,0.7327000000477142,0.7355000000000018,2.015699999988101,0.8493999999761854,4.5330000000000155,0.7321999999880404,0.6989999999999554,0.6321999999880745,1.0001000000238491,0.9038999999761472,0.7504000000357678,0.7846999999880495,0.7824999999999704,0.8831999999880509,0.8001000000238605,0.7332000000476455,0.7833999999761545,0.8328000000119005,0.96550000000002,0.9001000000238264,0.9618000000119196,0.764399999976149,0.8486999999880709,0.6466000000238523]",-0.877777735,2.6212,0.0,31.0,31.0,159.0,1.0,wat,mwat,question_multimodal.png,im_combination.png,,,,,,
,,,242298,1,21,2023-09-24_17h38.29.380,flesh_expressibility_dutch,2022.2.4,Win32,60.29908345,,,,18.0,2.0,Nederlands,,,,,,Engels,3.0,,0.0,,0.0,,0.0,,0.0,,0.0,,0.0,,0.0,NL,2.0,2.0,2.0,1.0,,sensorypref2,1536.0,864.0,,,,,,,,,,,,,,,,,,,,,,,,,,,,,,,,,,,,17.0,427.8127,40.0,"[1.0474999999999852,1.5829999999999984,0.8714999999999975,0.7668999999761468,0.7823000000119293,0.716800000011915,0.7873000000118964,1.033199999988085,0.8498000000119248,1.3498000000119248,0.8328000000119005,0.799400000035746,0.979900000035741,2.515699999988101,0.8313999999761563,0.7327000000477142,0.7354000000357814,2.0155999999642518,0.8493999999761854,4.532899999976166,0.7321999999880404,0.698799999952314,0.6321999999880745,1.0001000000238491,0.9038000000119268,0.7501000000238491,0.7843999999761309,0.7824999999999704,0.8831000000238305,0.8000000000000114,0.7331000000237964,0.7833999999761545,0.8328000000119005,0.9653000000119505,0.9001000000238264,0.9618000000119196,0.764399999976149,0.8485000000000014,0.6463000000119337,0.7161999999880777]","[1.0476000000238344,1.583199999988068,0.8716000000238466,0.7668999999761468,0.7823000000119293,0.716800000011915,0.7874000000357455,1.0333000000119341,0.8498000000119248,1.3498000000119248,0.8328000000119005,0.799400000035746,0.9801000000238105,2.515699999988101,0.8316000000238546,0.7327000000477142,0.7355000000000018,2.015699999988101,0.8493999999761854,4.5330000000000155,0.7321999999880404,0.6989999999999554,0.6321999999880745,1.0001000000238491,0.9038999999761472,0.7504000000357678,0.7846999999880495,0.7824999999999704,0.8831999999880509,0.8001000000238605,0.7332000000476455,0.7833999999761545,0.8328000000119005,0.96550000000002,0.9001000000238264,0.9618000000119196,0.764399999976149,0.8486999999880709,0.6466000000238523,0.7163000000119268]",0.288888861,3.8227,0.0,32.0,32.0,126.0,1.0,dij,mdij,question_multimodal.png,im_combination.png,,,,,,
,,,242298,1,21,2023-09-24_17h38.29.380,flesh_expressibility_dutch,2022.2.4,Win32,60.29908345,,,,18.0,2.0,Nederlands,,,,,,Engels,3.0,,0.0,,0.0,,0.0,,0.0,,0.0,,0.0,,0.0,NL,2.0,2.0,2.0,1.0,,sensorypref2,1536.0,864.0,,,,,,,,,,,,,,,,,,,,,,,,,,,,,,3.0,"[148.42010000002384,314.2256000000238,432.3286000000238]","[148.42019999998809,314.2256000000238,432.3286000000238]",3.0,"[150.68439999997614,318.691,435.11259999996423]","[150.68449999999999,318.6910999999642,435.1126999999881]",22.0,436.4716,40.0,"[1.0474999999999852,1.5829999999999984,0.8714999999999975,0.7668999999761468,0.7823000000119293,0.716800000011915,0.7873000000118964,1.033199999988085,0.8498000000119248,1.3498000000119248,0.8328000000119005,0.799400000035746,0.979900000035741,2.515699999988101,0.8313999999761563,0.7327000000477142,0.7354000000357814,2.0155999999642518,0.8493999999761854,4.532899999976166,0.7321999999880404,0.698799999952314,0.6321999999880745,1.0001000000238491,0.9038000000119268,0.7501000000238491,0.7843999999761309,0.7824999999999704,0.8831000000238305,0.8000000000000114,0.7331000000237964,0.7833999999761545,0.8328000000119005,0.9653000000119505,0.9001000000238264,0.9618000000119196,0.764399999976149,0.8485000000000014,0.6463000000119337,0.7161999999880777]","[1.0476000000238344,1.583199999988068,0.8716000000238466,0.7668999999761468,0.7823000000119293,0.716800000011915,0.7874000000357455,1.0333000000119341,0.8498000000119248,1.3498000000119248,0.8328000000119005,0.799400000035746,0.9801000000238105,2.515699999988101,0.8316000000238546,0.7327000000477142,0.7355000000000018,2.015699999988101,0.8493999999761854,4.5330000000000155,0.7321999999880404,0.6989999999999554,0.6321999999880745,1.0001000000238491,0.9038999999761472,0.7504000000357678,0.7846999999880495,0.7824999999999704,0.8831999999880509,0.8001000000238605,0.7332000000476455,0.7833999999761545,0.8328000000119005,0.96550000000002,0.9001000000238264,0.9618000000119196,0.764399999976149,0.8486999999880709,0.6466000000238523,0.7163000000119268]",,,0.0,0.0,0.0,189.0,1.0,as,gas,question_gesture.png,im_hand.png,,,,,,
,,,242298,1,21,2023-09-24_17h38.29.380,flesh_expressibility_dutch,2022.2.4,Win32,60.29908345,,,,18.0,2.0,Nederlands,,,,,,Engels,3.0,,0.0,,0.0,,0.0,,0.0,,0.0,,0.0,,0.0,NL,2.0,2.0,2.0,1.0,,sensorypref2,1536.0,864.0,,,,,,,,,,,,,,,,,,,,,,,,,,,,,,,,,,,,18.0,437.49,41.0,"[1.0474999999999852,1.5829999999999984,0.8714999999999975,0.7668999999761468,0.7823000000119293,0.716800000011915,0.7873000000118964,1.033199999988085,0.8498000000119248,1.3498000000119248,0.8328000000119005,0.799400000035746,0.979900000035741,2.515699999988101,0.8313999999761563,0.7327000000477142,0.7354000000357814,2.0155999999642518,0.8493999999761854,4.532899999976166,0.7321999999880404,0.698799999952314,0.6321999999880745,1.0001000000238491,0.9038000000119268,0.7501000000238491,0.7843999999761309,0.7824999999999704,0.8831000000238305,0.8000000000000114,0.7331000000237964,0.7833999999761545,0.8328000000119005,0.9653000000119505,0.9001000000238264,0.9618000000119196,0.764399999976149,0.8485000000000014,0.6463000000119337,0.7161999999880777,0.9503999999761845]","[1.0476000000238344,1.583199999988068,0.8716000000238466,0.7668999999761468,0.7823000000119293,0.716800000011915,0.7874000000357455,1.0333000000119341,0.8498000000119248,1.3498000000119248,0.8328000000119005,0.799400000035746,0.9801000000238105,2.515699999988101,0.8316000000238546,0.7327000000477142,0.7355000000000018,2.015699999988101,0.8493999999761854,4.5330000000000155,0.7321999999880404,0.6989999999999554,0.6321999999880745,1.0001000000238491,0.9038999999761472,0.7504000000357678,0.7846999999880495,0.7824999999999704,0.8831999999880509,0.8001000000238605,0.7332000000476455,0.7833999999761545,0.8328000000119005,0.96550000000002,0.9001000000238264,0.9618000000119196,0.764399999976149,0.8486999999880709,0.6466000000238523,0.7163000000119268,0.9503999999761845]",0.424074102,4.0522,0.0,1.0,1.0,142.0,1.0,verbrijzelen,gverbrijzelen,question_gesture.png,im_hand.png,,,,,,
,,,242298,1,21,2023-09-24_17h38.29.380,flesh_expressibility_dutch,2022.2.4,Win32,60.29908345,,,,18.0,2.0,Nederlands,,,,,,Engels,3.0,,0.0,,0.0,,0.0,,0.0,,0.0,,0.0,,0.0,NL,2.0,2.0,2.0,1.0,,sensorypref2,1536.0,864.0,,,,,,,,,,,,,,,,,,,,,,,,,,,,,,,,,,,,16.0,442.5987,42.0,"[1.0474999999999852,1.5829999999999984,0.8714999999999975,0.7668999999761468,0.7823000000119293,0.716800000011915,0.7873000000118964,1.033199999988085,0.8498000000119248,1.3498000000119248,0.8328000000119005,0.799400000035746,0.979900000035741,2.515699999988101,0.8313999999761563,0.7327000000477142,0.7354000000357814,2.0155999999642518,0.8493999999761854,4.532899999976166,0.7321999999880404,0.698799999952314,0.6321999999880745,1.0001000000238491,0.9038000000119268,0.7501000000238491,0.7843999999761309,0.7824999999999704,0.8831000000238305,0.8000000000000114,0.7331000000237964,0.7833999999761545,0.8328000000119005,0.9653000000119505,0.9001000000238264,0.9618000000119196,0.764399999976149,0.8485000000000014,0.6463000000119337,0.7161999999880777,0.9503999999761845,0.716800000011915]","[1.0476000000238344,1.583199999988068,0.8716000000238466,0.7668999999761468,0.7823000000119293,0.716800000011915,0.7874000000357455,1.0333000000119341,0.8498000000119248,1.3498000000119248,0.8328000000119005,0.799400000035746,0.9801000000238105,2.515699999988101,0.8316000000238546,0.7327000000477142,0.7355000000000018,2.015699999988101,0.8493999999761854,4.5330000000000155,0.7321999999880404,0.6989999999999554,0.6321999999880745,1.0001000000238491,0.9038999999761472,0.7504000000357678,0.7846999999880495,0.7824999999999704,0.8831999999880509,0.8001000000238605,0.7332000000476455,0.7833999999761545,0.8328000000119005,0.96550000000002,0.9001000000238264,0.9618000000119196,0.764399999976149,0.8486999999880709,0.6466000000238523,0.7163000000119268,0.9503999999761845,0.7169000000357642]",-0.399999972,4.8484,0.0,2.0,2.0,140.0,1.0,staan,gstaan,question_gesture.png,im_hand.png,,,,,,
,,,242298,1,21,2023-09-24_17h38.29.380,flesh_expressibility_dutch,2022.2.4,Win32,60.29908345,,,,18.0,2.0,Nederlands,,,,,,Engels,3.0,,0.0,,0.0,,0.0,,0.0,,0.0,,0.0,,0.0,NL,2.0,2.0,2.0,1.0,,sensorypref2,1536.0,864.0,,,,,,,,,,,,,,,,,,,,,,,,,,,,,,,,,,,,22.0,448.2194,42.0,"[1.0474999999999852,1.5829999999999984,0.8714999999999975,0.7668999999761468,0.7823000000119293,0.716800000011915,0.7873000000118964,1.033199999988085,0.8498000000119248,1.3498000000119248,0.8328000000119005,0.799400000035746,0.979900000035741,2.515699999988101,0.8313999999761563,0.7327000000477142,0.7354000000357814,2.0155999999642518,0.8493999999761854,4.532899999976166,0.7321999999880404,0.698799999952314,0.6321999999880745,1.0001000000238491,0.9038000000119268,0.7501000000238491,0.7843999999761309,0.7824999999999704,0.8831000000238305,0.8000000000000114,0.7331000000237964,0.7833999999761545,0.8328000000119005,0.9653000000119505,0.9001000000238264,0.9618000000119196,0.764399999976149,0.8485000000000014,0.6463000000119337,0.7161999999880777,0.9503999999761845,0.716800000011915]","[1.0476000000238344,1.583199999988068,0.8716000000238466,0.7668999999761468,0.7823000000119293,0.716800000011915,0.7874000000357455,1.0333000000119341,0.8498000000119248,1.3498000000119248,0.8328000000119005,0.799400000035746,0.9801000000238105,2.515699999988101,0.8316000000238546,0.7327000000477142,0.7355000000000018,2.015699999988101,0.8493999999761854,4.5330000000000155,0.7321999999880404,0.6989999999999554,0.6321999999880745,1.0001000000238491,0.9038999999761472,0.7504000000357678,0.7846999999880495,0.7824999999999704,0.8831999999880509,0.8001000000238605,0.7332000000476455,0.7833999999761545,0.8328000000119005,0.96550000000002,0.9001000000238264,0.9618000000119196,0.764399999976149,0.8486999999880709,0.6466000000238523,0.7163000000119268,0.9503999999761845,0.7169000000357642]",,,0.0,3.0,3.0,27.0,1.0,gezond,ggezond,question_gesture.png,im_hand.png,,,,,,
,,,242298,1,21,2023-09-24_17h38.29.380,flesh_expressibility_dutch,2022.2.4,Win32,60.29908345,,,,18.0,2.0,Nederlands,,,,,,Engels,3.0,,0.0,,0.0,,0.0,,0.0,,0.0,,0.0,,0.0,NL,2.0,2.0,2.0,1.0,,sensorypref2,1536.0,864.0,,,,,,,,,,,,,,,,,,,,,,,,,,,,,,,,,,,,19.0,448.9855,43.0,"[1.0474999999999852,1.5829999999999984,0.8714999999999975,0.7668999999761468,0.7823000000119293,0.716800000011915,0.7873000000118964,1.033199999988085,0.8498000000119248,1.3498000000119248,0.8328000000119005,0.799400000035746,0.979900000035741,2.515699999988101,0.8313999999761563,0.7327000000477142,0.7354000000357814,2.0155999999642518,0.8493999999761854,4.532899999976166,0.7321999999880404,0.698799999952314,0.6321999999880745,1.0001000000238491,0.9038000000119268,0.7501000000238491,0.7843999999761309,0.7824999999999704,0.8831000000238305,0.8000000000000114,0.7331000000237964,0.7833999999761545,0.8328000000119005,0.9653000000119505,0.9001000000238264,0.9618000000119196,0.764399999976149,0.8485000000000014,0.6463000000119337,0.7161999999880777,0.9503999999761845,0.716800000011915,0.7992999999523249]","[1.0476000000238344,1.583199999988068,0.8716000000238466,0.7668999999761468,0.7823000000119293,0.716800000011915,0.7874000000357455,1.0333000000119341,0.8498000000119248,1.3498000000119248,0.8328000000119005,0.799400000035746,0.9801000000238105,2.515699999988101,0.8316000000238546,0.7327000000477142,0.7355000000000018,2.015699999988101,0.8493999999761854,4.5330000000000155,0.7321999999880404,0.6989999999999554,0.6321999999880745,1.0001000000238491,0.9038999999761472,0.7504000000357678,0.7846999999880495,0.7824999999999704,0.8831999999880509,0.8001000000238605,0.7332000000476455,0.7833999999761545,0.8328000000119005,0.96550000000002,0.9001000000238264,0.9618000000119196,0.764399999976149,0.8486999999880709,0.6466000000238523,0.7163000000119268,0.9503999999761845,0.7169000000357642,0.7992999999523249]",0.407407407,2.7933,0.0,4.0,4.0,143.0,1.0,vermalen,gvermalen,question_gesture.png,im_hand.png,,,,,,
,,,242298,1,21,2023-09-24_17h38.29.380,flesh_expressibility_dutch,2022.2.4,Win32,60.29908345,,,,18.0,2.0,Nederlands,,,,,,Engels,3.0,,0.0,,0.0,,0.0,,0.0,,0.0,,0.0,,0.0,NL,2.0,2.0,2.0,1.0,,sensorypref2,1536.0,864.0,,,,,,,,,,,,,,,,,,,,,,,,,,,,,,,,,,,,19.0,452.6645,44.0,"[1.0474999999999852,1.5829999999999984,0.8714999999999975,0.7668999999761468,0.7823000000119293,0.716800000011915,0.7873000000118964,1.033199999988085,0.8498000000119248,1.3498000000119248,0.8328000000119005,0.799400000035746,0.979900000035741,2.515699999988101,0.8313999999761563,0.7327000000477142,0.7354000000357814,2.0155999999642518,0.8493999999761854,4.532899999976166,0.7321999999880404,0.698799999952314,0.6321999999880745,1.0001000000238491,0.9038000000119268,0.7501000000238491,0.7843999999761309,0.7824999999999704,0.8831000000238305,0.8000000000000114,0.7331000000237964,0.7833999999761545,0.8328000000119005,0.9653000000119505,0.9001000000238264,0.9618000000119196,0.764399999976149,0.8485000000000014,0.6463000000119337,0.7161999999880777,0.9503999999761845,0.716800000011915,0.7992999999523249,0.8319000000357732]","[1.0476000000238344,1.583199999988068,0.8716000000238466,0.7668999999761468,0.7823000000119293,0.716800000011915,0.7874000000357455,1.0333000000119341,0.8498000000119248,1.3498000000119248,0.8328000000119005,0.799400000035746,0.9801000000238105,2.515699999988101,0.8316000000238546,0.7327000000477142,0.7355000000000018,2.015699999988101,0.8493999999761854,4.5330000000000155,0.7321999999880404,0.6989999999999554,0.6321999999880745,1.0001000000238491,0.9038999999761472,0.7504000000357678,0.7846999999880495,0.7824999999999704,0.8831999999880509,0.8001000000238605,0.7332000000476455,0.7833999999761545,0.8328000000119005,0.96550000000002,0.9001000000238264,0.9618000000119196,0.764399999976149,0.8486999999880709,0.6466000000238523,0.7163000000119268,0.9503999999761845,0.7169000000357642,0.7992999999523249,0.8328000000119005]",-0.183333362,6.5355,0.0,5.0,5.0,44.0,1.0,lucht,glucht,question_gesture.png,im_hand.png,,,,,,
,,,242298,1,21,2023-09-24_17h38.29.380,flesh_expressibility_dutch,2022.2.4,Win32,60.29908345,,,,18.0,2.0,Nederlands,,,,,,Engels,3.0,,0.0,,0.0,,0.0,,0.0,,0.0,,0.0,,0.0,NL,2.0,2.0,2.0,1.0,,sensorypref2,1536.0,864.0,,,,,,,,,,,,,,,,,,,,,,,,,,,,,,,,,,,,22.0,460.043,44.0,"[1.0474999999999852,1.5829999999999984,0.8714999999999975,0.7668999999761468,0.7823000000119293,0.716800000011915,0.7873000000118964,1.033199999988085,0.8498000000119248,1.3498000000119248,0.8328000000119005,0.799400000035746,0.979900000035741,2.515699999988101,0.8313999999761563,0.7327000000477142,0.7354000000357814,2.0155999999642518,0.8493999999761854,4.532899999976166,0.7321999999880404,0.698799999952314,0.6321999999880745,1.0001000000238491,0.9038000000119268,0.7501000000238491,0.7843999999761309,0.7824999999999704,0.8831000000238305,0.8000000000000114,0.7331000000237964,0.7833999999761545,0.8328000000119005,0.9653000000119505,0.9001000000238264,0.9618000000119196,0.764399999976149,0.8485000000000014,0.6463000000119337,0.7161999999880777,0.9503999999761845,0.716800000011915,0.7992999999523249,0.8319000000357732]","[1.0476000000238344,1.583199999988068,0.8716000000238466,0.7668999999761468,0.7823000000119293,0.716800000011915,0.7874000000357455,1.0333000000119341,0.8498000000119248,1.3498000000119248,0.8328000000119005,0.799400000035746,0.9801000000238105,2.515699999988101,0.8316000000238546,0.7327000000477142,0.7355000000000018,2.015699999988101,0.8493999999761854,4.5330000000000155,0.7321999999880404,0.6989999999999554,0.6321999999880745,1.0001000000238491,0.9038999999761472,0.7504000000357678,0.7846999999880495,0.7824999999999704,0.8831999999880509,0.8001000000238605,0.7332000000476455,0.7833999999761545,0.8328000000119005,0.96550000000002,0.9001000000238264,0.9618000000119196,0.764399999976149,0.8486999999880709,0.6466000000238523,0.7163000000119268,0.9503999999761845,0.7169000000357642,0.7992999999523249,0.8328000000119005]",,,0.0,6.0,6.0,30.0,1.0,sterk,gsterk,question_gesture.png,im_hand.png,,,,,,
,,,242298,1,21,2023-09-24_17h38.29.380,flesh_expressibility_dutch,2022.2.4,Win32,60.29908345,,,,18.0,2.0,Nederlands,,,,,,Engels,3.0,,0.0,,0.0,,0.0,,0.0,,0.0,,0.0,,0.0,NL,2.0,2.0,2.0,1.0,,sensorypref2,1536.0,864.0,,,,,,,,,,,,,,,,,,,,,,,,,,,,,,,,,,,,22.0,461.0253,44.0,"[1.0474999999999852,1.5829999999999984,0.8714999999999975,0.7668999999761468,0.7823000000119293,0.716800000011915,0.7873000000118964,1.033199999988085,0.8498000000119248,1.3498000000119248,0.8328000000119005,0.799400000035746,0.979900000035741,2.515699999988101,0.8313999999761563,0.7327000000477142,0.7354000000357814,2.0155999999642518,0.8493999999761854,4.532899999976166,0.7321999999880404,0.698799999952314,0.6321999999880745,1.0001000000238491,0.9038000000119268,0.7501000000238491,0.7843999999761309,0.7824999999999704,0.8831000000238305,0.8000000000000114,0.7331000000237964,0.7833999999761545,0.8328000000119005,0.9653000000119505,0.9001000000238264,0.9618000000119196,0.764399999976149,0.8485000000000014,0.6463000000119337,0.7161999999880777,0.9503999999761845,0.716800000011915,0.7992999999523249,0.8319000000357732]","[1.0476000000238344,1.583199999988068,0.8716000000238466,0.7668999999761468,0.7823000000119293,0.716800000011915,0.7874000000357455,1.0333000000119341,0.8498000000119248,1.3498000000119248,0.8328000000119005,0.799400000035746,0.9801000000238105,2.515699999988101,0.8316000000238546,0.7327000000477142,0.7355000000000018,2.015699999988101,0.8493999999761854,4.5330000000000155,0.7321999999880404,0.6989999999999554,0.6321999999880745,1.0001000000238491,0.9038999999761472,0.7504000000357678,0.7846999999880495,0.7824999999999704,0.8831999999880509,0.8001000000238605,0.7332000000476455,0.7833999999761545,0.8328000000119005,0.96550000000002,0.9001000000238264,0.9618000000119196,0.764399999976149,0.8486999999880709,0.6466000000238523,0.7163000000119268,0.9503999999761845,0.7169000000357642,0.7992999999523249,0.8328000000119005]",,,0.0,7.0,7.0,180.0,1.0,het,ghet,question_gesture.png,im_hand.png,,,,,,
,,,242298,1,21,2023-09-24_17h38.29.380,flesh_expressibility_dutch,2022.2.4,Win32,60.29908345,,,,18.0,2.0,Nederlands,,,,,,Engels,3.0,,0.0,,0.0,,0.0,,0.0,,0.0,,0.0,,0.0,NL,2.0,2.0,2.0,1.0,,sensorypref2,1536.0,864.0,,,,,,,,,,,,,,,,,,,,,,,,,,,,,,,,,,,,22.0,462.2658,44.0,"[1.0474999999999852,1.5829999999999984,0.8714999999999975,0.7668999999761468,0.7823000000119293,0.716800000011915,0.7873000000118964,1.033199999988085,0.8498000000119248,1.3498000000119248,0.8328000000119005,0.799400000035746,0.979900000035741,2.515699999988101,0.8313999999761563,0.7327000000477142,0.7354000000357814,2.0155999999642518,0.8493999999761854,4.532899999976166,0.7321999999880404,0.698799999952314,0.6321999999880745,1.0001000000238491,0.9038000000119268,0.7501000000238491,0.7843999999761309,0.7824999999999704,0.8831000000238305,0.8000000000000114,0.7331000000237964,0.7833999999761545,0.8328000000119005,0.9653000000119505,0.9001000000238264,0.9618000000119196,0.764399999976149,0.8485000000000014,0.6463000000119337,0.7161999999880777,0.9503999999761845,0.716800000011915,0.7992999999523249,0.8319000000357732]","[1.0476000000238344,1.583199999988068,0.8716000000238466,0.7668999999761468,0.7823000000119293,0.716800000011915,0.7874000000357455,1.0333000000119341,0.8498000000119248,1.3498000000119248,0.8328000000119005,0.799400000035746,0.9801000000238105,2.515699999988101,0.8316000000238546,0.7327000000477142,0.7355000000000018,2.015699999988101,0.8493999999761854,4.5330000000000155,0.7321999999880404,0.6989999999999554,0.6321999999880745,1.0001000000238491,0.9038999999761472,0.7504000000357678,0.7846999999880495,0.7824999999999704,0.8831999999880509,0.8001000000238605,0.7332000000476455,0.7833999999761545,0.8328000000119005,0.96550000000002,0.9001000000238264,0.9618000000119196,0.764399999976149,0.8486999999880709,0.6466000000238523,0.7163000000119268,0.9503999999761845,0.7169000000357642,0.7992999999523249,0.8328000000119005]",,,0.0,8.0,8.0,54.0,1.0,snel,gsnel,question_gesture.png,im_hand.png,,,,,,
,,,242298,1,21,2023-09-24_17h38.29.380,flesh_expressibility_dutch,2022.2.4,Win32,60.29908345,,,,18.0,2.0,Nederlands,,,,,,Engels,3.0,,0.0,,0.0,,0.0,,0.0,,0.0,,0.0,,0.0,NL,2.0,2.0,2.0,1.0,,sensorypref2,1536.0,864.0,,,,,,,,,,,,,,,,,,,,,,,,,,,,,,,,,,,,22.0,463.0562,44.0,"[1.0474999999999852,1.5829999999999984,0.8714999999999975,0.7668999999761468,0.7823000000119293,0.716800000011915,0.7873000000118964,1.033199999988085,0.8498000000119248,1.3498000000119248,0.8328000000119005,0.799400000035746,0.979900000035741,2.515699999988101,0.8313999999761563,0.7327000000477142,0.7354000000357814,2.0155999999642518,0.8493999999761854,4.532899999976166,0.7321999999880404,0.698799999952314,0.6321999999880745,1.0001000000238491,0.9038000000119268,0.7501000000238491,0.7843999999761309,0.7824999999999704,0.8831000000238305,0.8000000000000114,0.7331000000237964,0.7833999999761545,0.8328000000119005,0.9653000000119505,0.9001000000238264,0.9618000000119196,0.764399999976149,0.8485000000000014,0.6463000000119337,0.7161999999880777,0.9503999999761845,0.716800000011915,0.7992999999523249,0.8319000000357732]","[1.0476000000238344,1.583199999988068,0.8716000000238466,0.7668999999761468,0.7823000000119293,0.716800000011915,0.7874000000357455,1.0333000000119341,0.8498000000119248,1.3498000000119248,0.8328000000119005,0.799400000035746,0.9801000000238105,2.515699999988101,0.8316000000238546,0.7327000000477142,0.7355000000000018,2.015699999988101,0.8493999999761854,4.5330000000000155,0.7321999999880404,0.6989999999999554,0.6321999999880745,1.0001000000238491,0.9038999999761472,0.7504000000357678,0.7846999999880495,0.7824999999999704,0.8831999999880509,0.8001000000238605,0.7332000000476455,0.7833999999761545,0.8328000000119005,0.96550000000002,0.9001000000238264,0.9618000000119196,0.764399999976149,0.8486999999880709,0.6466000000238523,0.7163000000119268,0.9503999999761845,0.7169000000357642,0.7992999999523249,0.8328000000119005]",,,0.0,9.0,9.0,182.0,1.0,naam,gnaam,question_gesture.png,im_hand.png,,,,,,
,,,242298,1,21,2023-09-24_17h38.29.380,flesh_expressibility_dutch,2022.2.4,Win32,60.29908345,,,,18.0,2.0,Nederlands,,,,,,Engels,3.0,,0.0,,0.0,,0.0,,0.0,,0.0,,0.0,,0.0,NL,2.0,2.0,2.0,1.0,,sensorypref2,1536.0,864.0,,,,,,,,,,,,,,,,,,,,,,,,,,,,,,,,,,,,13.0,464.0961,45.0,"[1.0474999999999852,1.5829999999999984,0.8714999999999975,0.7668999999761468,0.7823000000119293,0.716800000011915,0.7873000000118964,1.033199999988085,0.8498000000119248,1.3498000000119248,0.8328000000119005,0.799400000035746,0.979900000035741,2.515699999988101,0.8313999999761563,0.7327000000477142,0.7354000000357814,2.0155999999642518,0.8493999999761854,4.532899999976166,0.7321999999880404,0.698799999952314,0.6321999999880745,1.0001000000238491,0.9038000000119268,0.7501000000238491,0.7843999999761309,0.7824999999999704,0.8831000000238305,0.8000000000000114,0.7331000000237964,0.7833999999761545,0.8328000000119005,0.9653000000119505,0.9001000000238264,0.9618000000119196,0.764399999976149,0.8485000000000014,0.6463000000119337,0.7161999999880777,0.9503999999761845,0.716800000011915,0.7992999999523249,0.8319000000357732,0.9826999999880854]","[1.0476000000238344,1.583199999988068,0.8716000000238466,0.7668999999761468,0.7823000000119293,0.716800000011915,0.7874000000357455,1.0333000000119341,0.8498000000119248,1.3498000000119248,0.8328000000119005,0.799400000035746,0.9801000000238105,2.515699999988101,0.8316000000238546,0.7327000000477142,0.7355000000000018,2.015699999988101,0.8493999999761854,4.5330000000000155,0.7321999999880404,0.6989999999999554,0.6321999999880745,1.0001000000238491,0.9038999999761472,0.7504000000357678,0.7846999999880495,0.7824999999999704,0.8831999999880509,0.8001000000238605,0.7332000000476455,0.7833999999761545,0.8328000000119005,0.96550000000002,0.9001000000238264,0.9618000000119196,0.764399999976149,0.8486999999880709,0.6466000000238523,0.7163000000119268,0.9503999999761845,0.7169000000357642,0.7992999999523249,0.8328000000119005,0.9828000000119346]",-0.648148148,4.6587,0.0,10.0,10.0,96.0,1.0,verbranden,gverbranden,question_gesture.png,im_hand.png,,,,,,
,,,242298,1,21,2023-09-24_17h38.29.380,flesh_expressibility_dutch,2022.2.4,Win32,60.29908345,,,,18.0,2.0,Nederlands,,,,,,Engels,3.0,,0.0,,0.0,,0.0,,0.0,,0.0,,0.0,,0.0,NL,2.0,2.0,2.0,1.0,,sensorypref2,1536.0,864.0,,,,,,,,,,,,,,,,,,,,,,,,,,,,,,,,,,,,18.0,469.8197,46.0,"[1.0474999999999852,1.5829999999999984,0.8714999999999975,0.7668999999761468,0.7823000000119293,0.716800000011915,0.7873000000118964,1.033199999988085,0.8498000000119248,1.3498000000119248,0.8328000000119005,0.799400000035746,0.979900000035741,2.515699999988101,0.8313999999761563,0.7327000000477142,0.7354000000357814,2.0155999999642518,0.8493999999761854,4.532899999976166,0.7321999999880404,0.698799999952314,0.6321999999880745,1.0001000000238491,0.9038000000119268,0.7501000000238491,0.7843999999761309,0.7824999999999704,0.8831000000238305,0.8000000000000114,0.7331000000237964,0.7833999999761545,0.8328000000119005,0.9653000000119505,0.9001000000238264,0.9618000000119196,0.764399999976149,0.8485000000000014,0.6463000000119337,0.7161999999880777,0.9503999999761845,0.716800000011915,0.7992999999523249,0.8319000000357732,0.9826999999880854,0.9331999999880622]","[1.0476000000238344,1.583199999988068,0.8716000000238466,0.7668999999761468,0.7823000000119293,0.716800000011915,0.7874000000357455,1.0333000000119341,0.8498000000119248,1.3498000000119248,0.8328000000119005,0.799400000035746,0.9801000000238105,2.515699999988101,0.8316000000238546,0.7327000000477142,0.7355000000000018,2.015699999988101,0.8493999999761854,4.5330000000000155,0.7321999999880404,0.6989999999999554,0.6321999999880745,1.0001000000238491,0.9038999999761472,0.7504000000357678,0.7846999999880495,0.7824999999999704,0.8831999999880509,0.8001000000238605,0.7332000000476455,0.7833999999761545,0.8328000000119005,0.96550000000002,0.9001000000238264,0.9618000000119196,0.764399999976149,0.8486999999880709,0.6466000000238523,0.7163000000119268,0.9503999999761845,0.7169000000357642,0.7992999999523249,0.8328000000119005,0.9828000000119346,0.9333000000119114]",0.448148233,4.1533,0.0,11.0,11.0,187.0,1.0,dit,gdit,question_gesture.png,im_hand.png,,,,,,
,,,242298,1,21,2023-09-24_17h38.29.380,flesh_expressibility_dutch,2022.2.4,Win32,60.29908345,,,,18.0,2.0,Nederlands,,,,,,Engels,3.0,,0.0,,0.0,,0.0,,0.0,,0.0,,0.0,,0.0,NL,2.0,2.0,2.0,1.0,,sensorypref2,1536.0,864.0,,,,,,,,,,,,,,,,,,,,,,,,,,,,,,,,,,,,22.0,474.6047,46.0,"[1.0474999999999852,1.5829999999999984,0.8714999999999975,0.7668999999761468,0.7823000000119293,0.716800000011915,0.7873000000118964,1.033199999988085,0.8498000000119248,1.3498000000119248,0.8328000000119005,0.799400000035746,0.979900000035741,2.515699999988101,0.8313999999761563,0.7327000000477142,0.7354000000357814,2.0155999999642518,0.8493999999761854,4.532899999976166,0.7321999999880404,0.698799999952314,0.6321999999880745,1.0001000000238491,0.9038000000119268,0.7501000000238491,0.7843999999761309,0.7824999999999704,0.8831000000238305,0.8000000000000114,0.7331000000237964,0.7833999999761545,0.8328000000119005,0.9653000000119505,0.9001000000238264,0.9618000000119196,0.764399999976149,0.8485000000000014,0.6463000000119337,0.7161999999880777,0.9503999999761845,0.716800000011915,0.7992999999523249,0.8319000000357732,0.9826999999880854,0.9331999999880622]","[1.0476000000238344,1.583199999988068,0.8716000000238466,0.7668999999761468,0.7823000000119293,0.716800000011915,0.7874000000357455,1.0333000000119341,0.8498000000119248,1.3498000000119248,0.8328000000119005,0.799400000035746,0.9801000000238105,2.515699999988101,0.8316000000238546,0.7327000000477142,0.7355000000000018,2.015699999988101,0.8493999999761854,4.5330000000000155,0.7321999999880404,0.6989999999999554,0.6321999999880745,1.0001000000238491,0.9038999999761472,0.7504000000357678,0.7846999999880495,0.7824999999999704,0.8831999999880509,0.8001000000238605,0.7332000000476455,0.7833999999761545,0.8328000000119005,0.96550000000002,0.9001000000238264,0.9618000000119196,0.764399999976149,0.8486999999880709,0.6466000000238523,0.7163000000119268,0.9503999999761845,0.7169000000357642,0.7992999999523249,0.8328000000119005,0.9828000000119346,0.9333000000119114]",,,0.0,12.0,12.0,16.0,1.0,alles,galles,question_gesture.png,im_hand.png,,,,,,
,,,242298,1,21,2023-09-24_17h38.29.380,flesh_expressibility_dutch,2022.2.4,Win32,60.29908345,,,,18.0,2.0,Nederlands,,,,,,Engels,3.0,,0.0,,0.0,,0.0,,0.0,,0.0,,0.0,,0.0,NL,2.0,2.0,2.0,1.0,,sensorypref2,1536.0,864.0,,,,,,,,,,,,,,,,,,,,,,,,,,,,,,,,,,,,22.0,475.5882,46.0,"[1.0474999999999852,1.5829999999999984,0.8714999999999975,0.7668999999761468,0.7823000000119293,0.716800000011915,0.7873000000118964,1.033199999988085,0.8498000000119248,1.3498000000119248,0.8328000000119005,0.799400000035746,0.979900000035741,2.515699999988101,0.8313999999761563,0.7327000000477142,0.7354000000357814,2.0155999999642518,0.8493999999761854,4.532899999976166,0.7321999999880404,0.698799999952314,0.6321999999880745,1.0001000000238491,0.9038000000119268,0.7501000000238491,0.7843999999761309,0.7824999999999704,0.8831000000238305,0.8000000000000114,0.7331000000237964,0.7833999999761545,0.8328000000119005,0.9653000000119505,0.9001000000238264,0.9618000000119196,0.764399999976149,0.8485000000000014,0.6463000000119337,0.7161999999880777,0.9503999999761845,0.716800000011915,0.7992999999523249,0.8319000000357732,0.9826999999880854,0.9331999999880622]","[1.0476000000238344,1.583199999988068,0.8716000000238466,0.7668999999761468,0.7823000000119293,0.716800000011915,0.7874000000357455,1.0333000000119341,0.8498000000119248,1.3498000000119248,0.8328000000119005,0.799400000035746,0.9801000000238105,2.515699999988101,0.8316000000238546,0.7327000000477142,0.7355000000000018,2.015699999988101,0.8493999999761854,4.5330000000000155,0.7321999999880404,0.6989999999999554,0.6321999999880745,1.0001000000238491,0.9038999999761472,0.7504000000357678,0.7846999999880495,0.7824999999999704,0.8831999999880509,0.8001000000238605,0.7332000000476455,0.7833999999761545,0.8328000000119005,0.96550000000002,0.9001000000238264,0.9618000000119196,0.764399999976149,0.8486999999880709,0.6466000000238523,0.7163000000119268,0.9503999999761845,0.7169000000357642,0.7992999999523249,0.8328000000119005,0.9828000000119346,0.9333000000119114]",,,0.0,13.0,13.0,159.0,1.0,wat,gwat,question_gesture.png,im_hand.png,,,,,,
,,,242298,1,21,2023-09-24_17h38.29.380,flesh_expressibility_dutch,2022.2.4,Win32,60.29908345,,,,18.0,2.0,Nederlands,,,,,,Engels,3.0,,0.0,,0.0,,0.0,,0.0,,0.0,,0.0,,0.0,NL,2.0,2.0,2.0,1.0,,sensorypref2,1536.0,864.0,,,,,,,,,,,,,,,,,,,,,,,,,,,,,,,,,,,,18.0,476.8915,47.0,"[1.0474999999999852,1.5829999999999984,0.8714999999999975,0.7668999999761468,0.7823000000119293,0.716800000011915,0.7873000000118964,1.033199999988085,0.8498000000119248,1.3498000000119248,0.8328000000119005,0.799400000035746,0.979900000035741,2.515699999988101,0.8313999999761563,0.7327000000477142,0.7354000000357814,2.0155999999642518,0.8493999999761854,4.532899999976166,0.7321999999880404,0.698799999952314,0.6321999999880745,1.0001000000238491,0.9038000000119268,0.7501000000238491,0.7843999999761309,0.7824999999999704,0.8831000000238305,0.8000000000000114,0.7331000000237964,0.7833999999761545,0.8328000000119005,0.9653000000119505,0.9001000000238264,0.9618000000119196,0.764399999976149,0.8485000000000014,0.6463000000119337,0.7161999999880777,0.9503999999761845,0.716800000011915,0.7992999999523249,0.8319000000357732,0.9826999999880854,0.9331999999880622,0.8826000000238423]","[1.0476000000238344,1.583199999988068,0.8716000000238466,0.7668999999761468,0.7823000000119293,0.716800000011915,0.7874000000357455,1.0333000000119341,0.8498000000119248,1.3498000000119248,0.8328000000119005,0.799400000035746,0.9801000000238105,2.515699999988101,0.8316000000238546,0.7327000000477142,0.7355000000000018,2.015699999988101,0.8493999999761854,4.5330000000000155,0.7321999999880404,0.6989999999999554,0.6321999999880745,1.0001000000238491,0.9038999999761472,0.7504000000357678,0.7846999999880495,0.7824999999999704,0.8831999999880509,0.8001000000238605,0.7332000000476455,0.7833999999761545,0.8328000000119005,0.96550000000002,0.9001000000238264,0.9618000000119196,0.764399999976149,0.8486999999880709,0.6466000000238523,0.7163000000119268,0.9503999999761845,0.7169000000357642,0.7992999999523249,0.8328000000119005,0.9828000000119346,0.9333000000119114,0.8828999999761322]",0.820370427,3.5055,0.0,14.0,14.0,151.0,1.0,drinken,gdrinken,question_gesture.png,im_hand.png,,,,,,
,,,242298,1,21,2023-09-24_17h38.29.380,flesh_expressibility_dutch,2022.2.4,Win32,60.29908345,,,,18.0,2.0,Nederlands,,,,,,Engels,3.0,,0.0,,0.0,,0.0,,0.0,,0.0,,0.0,,0.0,NL,2.0,2.0,2.0,1.0,,sensorypref2,1536.0,864.0,,,,,,,,,,,,,,,,,,,,,,,,,,,,,,,,,,,,18.0,481.146,48.0,"[1.0474999999999852,1.5829999999999984,0.8714999999999975,0.7668999999761468,0.7823000000119293,0.716800000011915,0.7873000000118964,1.033199999988085,0.8498000000119248,1.3498000000119248,0.8328000000119005,0.799400000035746,0.979900000035741,2.515699999988101,0.8313999999761563,0.7327000000477142,0.7354000000357814,2.0155999999642518,0.8493999999761854,4.532899999976166,0.7321999999880404,0.698799999952314,0.6321999999880745,1.0001000000238491,0.9038000000119268,0.7501000000238491,0.7843999999761309,0.7824999999999704,0.8831000000238305,0.8000000000000114,0.7331000000237964,0.7833999999761545,0.8328000000119005,0.9653000000119505,0.9001000000238264,0.9618000000119196,0.764399999976149,0.8485000000000014,0.6463000000119337,0.7161999999880777,0.9503999999761845,0.716800000011915,0.7992999999523249,0.8319000000357732,0.9826999999880854,0.9331999999880622,0.8826000000238423,2.0488000000119087]","[1.0476000000238344,1.583199999988068,0.8716000000238466,0.7668999999761468,0.7823000000119293,0.716800000011915,0.7874000000357455,1.0333000000119341,0.8498000000119248,1.3498000000119248,0.8328000000119005,0.799400000035746,0.9801000000238105,2.515699999988101,0.8316000000238546,0.7327000000477142,0.7355000000000018,2.015699999988101,0.8493999999761854,4.5330000000000155,0.7321999999880404,0.6989999999999554,0.6321999999880745,1.0001000000238491,0.9038999999761472,0.7504000000357678,0.7846999999880495,0.7824999999999704,0.8831999999880509,0.8001000000238605,0.7332000000476455,0.7833999999761545,0.8328000000119005,0.96550000000002,0.9001000000238264,0.9618000000119196,0.764399999976149,0.8486999999880709,0.6466000000238523,0.7163000000119268,0.9503999999761845,0.7169000000357642,0.7992999999523249,0.8328000000119005,0.9828000000119346,0.9333000000119114,0.8828999999761322,2.048900000035758]",0.794444614,3.2548,0.0,15.0,15.0,100.0,1.0,vogel,gvogel,question_gesture.png,im_hand.png,,,,,,
,,,242298,1,21,2023-09-24_17h38.29.380,flesh_expressibility_dutch,2022.2.4,Win32,60.29908345,,,,18.0,2.0,Nederlands,,,,,,Engels,3.0,,0.0,,0.0,,0.0,,0.0,,0.0,,0.0,,0.0,NL,2.0,2.0,2.0,1.0,,sensorypref2,1536.0,864.0,,,,,,,,,,,,,,,,,,,,,,,,,,,,,,,,,,,,21.0,486.1233,49.0,"[1.0474999999999852,1.5829999999999984,0.8714999999999975,0.7668999999761468,0.7823000000119293,0.716800000011915,0.7873000000118964,1.033199999988085,0.8498000000119248,1.3498000000119248,0.8328000000119005,0.799400000035746,0.979900000035741,2.515699999988101,0.8313999999761563,0.7327000000477142,0.7354000000357814,2.0155999999642518,0.8493999999761854,4.532899999976166,0.7321999999880404,0.698799999952314,0.6321999999880745,1.0001000000238491,0.9038000000119268,0.7501000000238491,0.7843999999761309,0.7824999999999704,0.8831000000238305,0.8000000000000114,0.7331000000237964,0.7833999999761545,0.8328000000119005,0.9653000000119505,0.9001000000238264,0.9618000000119196,0.764399999976149,0.8485000000000014,0.6463000000119337,0.7161999999880777,0.9503999999761845,0.716800000011915,0.7992999999523249,0.8319000000357732,0.9826999999880854,0.9331999999880622,0.8826000000238423,2.0488000000119087,0.8656000000238464]","[1.0476000000238344,1.583199999988068,0.8716000000238466,0.7668999999761468,0.7823000000119293,0.716800000011915,0.7874000000357455,1.0333000000119341,0.8498000000119248,1.3498000000119248,0.8328000000119005,0.799400000035746,0.9801000000238105,2.515699999988101,0.8316000000238546,0.7327000000477142,0.7355000000000018,2.015699999988101,0.8493999999761854,4.5330000000000155,0.7321999999880404,0.6989999999999554,0.6321999999880745,1.0001000000238491,0.9038999999761472,0.7504000000357678,0.7846999999880495,0.7824999999999704,0.8831999999880509,0.8001000000238605,0.7332000000476455,0.7833999999761545,0.8328000000119005,0.96550000000002,0.9001000000238264,0.9618000000119196,0.764399999976149,0.8486999999880709,0.6466000000238523,0.7163000000119268,0.9503999999761845,0.7169000000357642,0.7992999999523249,0.8328000000119005,0.9828000000119346,0.9333000000119114,0.8828999999761322,2.048900000035758,0.8658000000119159]",0.833333333,3.9803,0.0,16.0,16.0,37.0,1.0,walgen,gwalgen,question_gesture.png,im_hand.png,,,,,,
,,,242298,1,21,2023-09-24_17h38.29.380,flesh_expressibility_dutch,2022.2.4,Win32,60.29908345,,,,18.0,2.0,Nederlands,,,,,,Engels,3.0,,0.0,,0.0,,0.0,,0.0,,0.0,,0.0,,0.0,NL,2.0,2.0,2.0,1.0,,sensorypref2,1536.0,864.0,,,,,,,,,,,,,,,,,,,,,,,,,,,,,,,,,,,,18.0,490.9805,50.0,"[1.0474999999999852,1.5829999999999984,0.8714999999999975,0.7668999999761468,0.7823000000119293,0.716800000011915,0.7873000000118964,1.033199999988085,0.8498000000119248,1.3498000000119248,0.8328000000119005,0.799400000035746,0.979900000035741,2.515699999988101,0.8313999999761563,0.7327000000477142,0.7354000000357814,2.0155999999642518,0.8493999999761854,4.532899999976166,0.7321999999880404,0.698799999952314,0.6321999999880745,1.0001000000238491,0.9038000000119268,0.7501000000238491,0.7843999999761309,0.7824999999999704,0.8831000000238305,0.8000000000000114,0.7331000000237964,0.7833999999761545,0.8328000000119005,0.9653000000119505,0.9001000000238264,0.9618000000119196,0.764399999976149,0.8485000000000014,0.6463000000119337,0.7161999999880777,0.9503999999761845,0.716800000011915,0.7992999999523249,0.8319000000357732,0.9826999999880854,0.9331999999880622,0.8826000000238423,2.0488000000119087,0.8656000000238464,0.8492999999523363]","[1.0476000000238344,1.583199999988068,0.8716000000238466,0.7668999999761468,0.7823000000119293,0.716800000011915,0.7874000000357455,1.0333000000119341,0.8498000000119248,1.3498000000119248,0.8328000000119005,0.799400000035746,0.9801000000238105,2.515699999988101,0.8316000000238546,0.7327000000477142,0.7355000000000018,2.015699999988101,0.8493999999761854,4.5330000000000155,0.7321999999880404,0.6989999999999554,0.6321999999880745,1.0001000000238491,0.9038999999761472,0.7504000000357678,0.7846999999880495,0.7824999999999704,0.8831999999880509,0.8001000000238605,0.7332000000476455,0.7833999999761545,0.8328000000119005,0.96550000000002,0.9001000000238264,0.9618000000119196,0.764399999976149,0.8486999999880709,0.6466000000238523,0.7163000000119268,0.9503999999761845,0.7169000000357642,0.7992999999523249,0.8328000000119005,0.9828000000119346,0.9333000000119114,0.8828999999761322,2.048900000035758,0.8658000000119159,0.8492999999523363]",0.803703873,3.0705,0.0,17.0,17.0,193.0,1.0,huis,ghuis,question_gesture.png,im_hand.png,,,,,,
,,,242298,1,21,2023-09-24_17h38.29.380,flesh_expressibility_dutch,2022.2.4,Win32,60.29908345,,,,18.0,2.0,Nederlands,,,,,,Engels,3.0,,0.0,,0.0,,0.0,,0.0,,0.0,,0.0,,0.0,NL,2.0,2.0,2.0,1.0,,sensorypref2,1536.0,864.0,,,,,,,,,,,,,,,,,,,,,,,,,,,,,,,,,,,,22.0,495.2398,50.0,"[1.0474999999999852,1.5829999999999984,0.8714999999999975,0.7668999999761468,0.7823000000119293,0.716800000011915,0.7873000000118964,1.033199999988085,0.8498000000119248,1.3498000000119248,0.8328000000119005,0.799400000035746,0.979900000035741,2.515699999988101,0.8313999999761563,0.7327000000477142,0.7354000000357814,2.0155999999642518,0.8493999999761854,4.532899999976166,0.7321999999880404,0.698799999952314,0.6321999999880745,1.0001000000238491,0.9038000000119268,0.7501000000238491,0.7843999999761309,0.7824999999999704,0.8831000000238305,0.8000000000000114,0.7331000000237964,0.7833999999761545,0.8328000000119005,0.9653000000119505,0.9001000000238264,0.9618000000119196,0.764399999976149,0.8485000000000014,0.6463000000119337,0.7161999999880777,0.9503999999761845,0.716800000011915,0.7992999999523249,0.8319000000357732,0.9826999999880854,0.9331999999880622,0.8826000000238423,2.0488000000119087,0.8656000000238464,0.8492999999523363]","[1.0476000000238344,1.583199999988068,0.8716000000238466,0.7668999999761468,0.7823000000119293,0.716800000011915,0.7874000000357455,1.0333000000119341,0.8498000000119248,1.3498000000119248,0.8328000000119005,0.799400000035746,0.9801000000238105,2.515699999988101,0.8316000000238546,0.7327000000477142,0.7355000000000018,2.015699999988101,0.8493999999761854,4.5330000000000155,0.7321999999880404,0.6989999999999554,0.6321999999880745,1.0001000000238491,0.9038999999761472,0.7504000000357678,0.7846999999880495,0.7824999999999704,0.8831999999880509,0.8001000000238605,0.7332000000476455,0.7833999999761545,0.8328000000119005,0.96550000000002,0.9001000000238264,0.9618000000119196,0.764399999976149,0.8486999999880709,0.6466000000238523,0.7163000000119268,0.9503999999761845,0.7169000000357642,0.7992999999523249,0.8328000000119005,0.9828000000119346,0.9333000000119114,0.8828999999761322,2.048900000035758,0.8658000000119159,0.8492999999523363]",,,0.0,18.0,18.0,198.0,1.0,nieuw,gnieuw,question_gesture.png,im_hand.png,,,,,,
,,,242298,1,21,2023-09-24_17h38.29.380,flesh_expressibility_dutch,2022.2.4,Win32,60.29908345,,,,18.0,2.0,Nederlands,,,,,,Engels,3.0,,0.0,,0.0,,0.0,,0.0,,0.0,,0.0,,0.0,NL,2.0,2.0,2.0,1.0,,sensorypref2,1536.0,864.0,,,,,,,,,,,,,,,,,,,,,,,,,,,,,,,,,,,,22.0,496.0594,50.0,"[1.0474999999999852,1.5829999999999984,0.8714999999999975,0.7668999999761468,0.7823000000119293,0.716800000011915,0.7873000000118964,1.033199999988085,0.8498000000119248,1.3498000000119248,0.8328000000119005,0.799400000035746,0.979900000035741,2.515699999988101,0.8313999999761563,0.7327000000477142,0.7354000000357814,2.0155999999642518,0.8493999999761854,4.532899999976166,0.7321999999880404,0.698799999952314,0.6321999999880745,1.0001000000238491,0.9038000000119268,0.7501000000238491,0.7843999999761309,0.7824999999999704,0.8831000000238305,0.8000000000000114,0.7331000000237964,0.7833999999761545,0.8328000000119005,0.9653000000119505,0.9001000000238264,0.9618000000119196,0.764399999976149,0.8485000000000014,0.6463000000119337,0.7161999999880777,0.9503999999761845,0.716800000011915,0.7992999999523249,0.8319000000357732,0.9826999999880854,0.9331999999880622,0.8826000000238423,2.0488000000119087,0.8656000000238464,0.8492999999523363]","[1.0476000000238344,1.583199999988068,0.8716000000238466,0.7668999999761468,0.7823000000119293,0.716800000011915,0.7874000000357455,1.0333000000119341,0.8498000000119248,1.3498000000119248,0.8328000000119005,0.799400000035746,0.9801000000238105,2.515699999988101,0.8316000000238546,0.7327000000477142,0.7355000000000018,2.015699999988101,0.8493999999761854,4.5330000000000155,0.7321999999880404,0.6989999999999554,0.6321999999880745,1.0001000000238491,0.9038999999761472,0.7504000000357678,0.7846999999880495,0.7824999999999704,0.8831999999880509,0.8001000000238605,0.7332000000476455,0.7833999999761545,0.8328000000119005,0.96550000000002,0.9001000000238264,0.9618000000119196,0.764399999976149,0.8486999999880709,0.6466000000238523,0.7163000000119268,0.9503999999761845,0.7169000000357642,0.7992999999523249,0.8328000000119005,0.9828000000119346,0.9333000000119114,0.8828999999761322,2.048900000035758,0.8658000000119159,0.8492999999523363]",,,0.0,19.0,19.0,38.0,1.0,blij,gblij,question_gesture.png,im_hand.png,,,,,,
,,,242298,1,21,2023-09-24_17h38.29.380,flesh_expressibility_dutch,2022.2.4,Win32,60.29908345,,,,18.0,2.0,Nederlands,,,,,,Engels,3.0,,0.0,,0.0,,0.0,,0.0,,0.0,,0.0,,0.0,NL,2.0,2.0,2.0,1.0,,sensorypref2,1536.0,864.0,,,,,,,,,,,,,,,,,,,,,,,,,,,,,,,,,,,,22.0,497.133,50.0,"[1.0474999999999852,1.5829999999999984,0.8714999999999975,0.7668999999761468,0.7823000000119293,0.716800000011915,0.7873000000118964,1.033199999988085,0.8498000000119248,1.3498000000119248,0.8328000000119005,0.799400000035746,0.979900000035741,2.515699999988101,0.8313999999761563,0.7327000000477142,0.7354000000357814,2.0155999999642518,0.8493999999761854,4.532899999976166,0.7321999999880404,0.698799999952314,0.6321999999880745,1.0001000000238491,0.9038000000119268,0.7501000000238491,0.7843999999761309,0.7824999999999704,0.8831000000238305,0.8000000000000114,0.7331000000237964,0.7833999999761545,0.8328000000119005,0.9653000000119505,0.9001000000238264,0.9618000000119196,0.764399999976149,0.8485000000000014,0.6463000000119337,0.7161999999880777,0.9503999999761845,0.716800000011915,0.7992999999523249,0.8319000000357732,0.9826999999880854,0.9331999999880622,0.8826000000238423,2.0488000000119087,0.8656000000238464,0.8492999999523363]","[1.0476000000238344,1.583199999988068,0.8716000000238466,0.7668999999761468,0.7823000000119293,0.716800000011915,0.7874000000357455,1.0333000000119341,0.8498000000119248,1.3498000000119248,0.8328000000119005,0.799400000035746,0.9801000000238105,2.515699999988101,0.8316000000238546,0.7327000000477142,0.7355000000000018,2.015699999988101,0.8493999999761854,4.5330000000000155,0.7321999999880404,0.6989999999999554,0.6321999999880745,1.0001000000238491,0.9038999999761472,0.7504000000357678,0.7846999999880495,0.7824999999999704,0.8831999999880509,0.8001000000238605,0.7332000000476455,0.7833999999761545,0.8328000000119005,0.96550000000002,0.9001000000238264,0.9618000000119196,0.764399999976149,0.8486999999880709,0.6466000000238523,0.7163000000119268,0.9503999999761845,0.7169000000357642,0.7992999999523249,0.8328000000119005,0.9828000000119346,0.9333000000119114,0.8828999999761322,2.048900000035758,0.8658000000119159,0.8492999999523363]",,,0.0,20.0,20.0,116.0,1.0,oog,goog,question_gesture.png,im_hand.png,,,,,,
,,,242298,1,21,2023-09-24_17h38.29.380,flesh_expressibility_dutch,2022.2.4,Win32,60.29908345,,,,18.0,2.0,Nederlands,,,,,,Engels,3.0,,0.0,,0.0,,0.0,,0.0,,0.0,,0.0,,0.0,NL,2.0,2.0,2.0,1.0,,sensorypref2,1536.0,864.0,,,,,,,,,,,,,,,,,,,,,,,,,,,,,,,,,,,,17.0,498.0896,51.0,"[1.0474999999999852,1.5829999999999984,0.8714999999999975,0.7668999999761468,0.7823000000119293,0.716800000011915,0.7873000000118964,1.033199999988085,0.8498000000119248,1.3498000000119248,0.8328000000119005,0.799400000035746,0.979900000035741,2.515699999988101,0.8313999999761563,0.7327000000477142,0.7354000000357814,2.0155999999642518,0.8493999999761854,4.532899999976166,0.7321999999880404,0.698799999952314,0.6321999999880745,1.0001000000238491,0.9038000000119268,0.7501000000238491,0.7843999999761309,0.7824999999999704,0.8831000000238305,0.8000000000000114,0.7331000000237964,0.7833999999761545,0.8328000000119005,0.9653000000119505,0.9001000000238264,0.9618000000119196,0.764399999976149,0.8485000000000014,0.6463000000119337,0.7161999999880777,0.9503999999761845,0.716800000011915,0.7992999999523249,0.8319000000357732,0.9826999999880854,0.9331999999880622,0.8826000000238423,2.0488000000119087,0.8656000000238464,0.8492999999523363,0.7323000000119464]","[1.0476000000238344,1.583199999988068,0.8716000000238466,0.7668999999761468,0.7823000000119293,0.716800000011915,0.7874000000357455,1.0333000000119341,0.8498000000119248,1.3498000000119248,0.8328000000119005,0.799400000035746,0.9801000000238105,2.515699999988101,0.8316000000238546,0.7327000000477142,0.7355000000000018,2.015699999988101,0.8493999999761854,4.5330000000000155,0.7321999999880404,0.6989999999999554,0.6321999999880745,1.0001000000238491,0.9038999999761472,0.7504000000357678,0.7846999999880495,0.7824999999999704,0.8831999999880509,0.8001000000238605,0.7332000000476455,0.7833999999761545,0.8328000000119005,0.96550000000002,0.9001000000238264,0.9618000000119196,0.764399999976149,0.8486999999880709,0.6466000000238523,0.7163000000119268,0.9503999999761845,0.7169000000357642,0.7992999999523249,0.8328000000119005,0.9828000000119346,0.9333000000119114,0.8828999999761322,2.048900000035758,0.8658000000119159,0.8492999999523363,0.7325000000000728]",0.37962963,4.3938,0.0,21.0,21.0,183.0,1.0,jij,gjij,question_gesture.png,im_hand.png,,,,,,
,,,242298,1,21,2023-09-24_17h38.29.380,flesh_expressibility_dutch,2022.2.4,Win32,60.29908345,,,,18.0,2.0,Nederlands,,,,,,Engels,3.0,,0.0,,0.0,,0.0,,0.0,,0.0,,0.0,,0.0,NL,2.0,2.0,2.0,1.0,,sensorypref2,1536.0,864.0,,,,,,,,,,,,,,,,,,,,,,,,,,,,,,,,,,,,16.0,503.1121,52.0,"[1.0474999999999852,1.5829999999999984,0.8714999999999975,0.7668999999761468,0.7823000000119293,0.716800000011915,0.7873000000118964,1.033199999988085,0.8498000000119248,1.3498000000119248,0.8328000000119005,0.799400000035746,0.979900000035741,2.515699999988101,0.8313999999761563,0.7327000000477142,0.7354000000357814,2.0155999999642518,0.8493999999761854,4.532899999976166,0.7321999999880404,0.698799999952314,0.6321999999880745,1.0001000000238491,0.9038000000119268,0.7501000000238491,0.7843999999761309,0.7824999999999704,0.8831000000238305,0.8000000000000114,0.7331000000237964,0.7833999999761545,0.8328000000119005,0.9653000000119505,0.9001000000238264,0.9618000000119196,0.764399999976149,0.8485000000000014,0.6463000000119337,0.7161999999880777,0.9503999999761845,0.716800000011915,0.7992999999523249,0.8319000000357732,0.9826999999880854,0.9331999999880622,0.8826000000238423,2.0488000000119087,0.8656000000238464,0.8492999999523363,0.7323000000119464,0.8329000000356928]","[1.0476000000238344,1.583199999988068,0.8716000000238466,0.7668999999761468,0.7823000000119293,0.716800000011915,0.7874000000357455,1.0333000000119341,0.8498000000119248,1.3498000000119248,0.8328000000119005,0.799400000035746,0.9801000000238105,2.515699999988101,0.8316000000238546,0.7327000000477142,0.7355000000000018,2.015699999988101,0.8493999999761854,4.5330000000000155,0.7321999999880404,0.6989999999999554,0.6321999999880745,1.0001000000238491,0.9038999999761472,0.7504000000357678,0.7846999999880495,0.7824999999999704,0.8831999999880509,0.8001000000238605,0.7332000000476455,0.7833999999761545,0.8328000000119005,0.96550000000002,0.9001000000238264,0.9618000000119196,0.764399999976149,0.8486999999880709,0.6466000000238523,0.7163000000119268,0.9503999999761845,0.7169000000357642,0.7992999999523249,0.8328000000119005,0.9828000000119346,0.9333000000119114,0.8828999999761322,2.048900000035758,0.8658000000119159,0.8492999999523363,0.7325000000000728,0.8329000000356928]",0.157407407,4.3365,0.0,22.0,22.0,168.0,1.0,schaduw,gschaduw,question_gesture.png,im_hand.png,,,,,,
,,,242298,1,21,2023-09-24_17h38.29.380,flesh_expressibility_dutch,2022.2.4,Win32,60.29908345,,,,18.0,2.0,Nederlands,,,,,,Engels,3.0,,0.0,,0.0,,0.0,,0.0,,0.0,,0.0,,0.0,NL,2.0,2.0,2.0,1.0,,sensorypref2,1536.0,864.0,,,,,,,,,,,,,,,,,,,,,,,,,,,,,,,,,,,,22.0,508.2568,52.0,"[1.0474999999999852,1.5829999999999984,0.8714999999999975,0.7668999999761468,0.7823000000119293,0.716800000011915,0.7873000000118964,1.033199999988085,0.8498000000119248,1.3498000000119248,0.8328000000119005,0.799400000035746,0.979900000035741,2.515699999988101,0.8313999999761563,0.7327000000477142,0.7354000000357814,2.0155999999642518,0.8493999999761854,4.532899999976166,0.7321999999880404,0.698799999952314,0.6321999999880745,1.0001000000238491,0.9038000000119268,0.7501000000238491,0.7843999999761309,0.7824999999999704,0.8831000000238305,0.8000000000000114,0.7331000000237964,0.7833999999761545,0.8328000000119005,0.9653000000119505,0.9001000000238264,0.9618000000119196,0.764399999976149,0.8485000000000014,0.6463000000119337,0.7161999999880777,0.9503999999761845,0.716800000011915,0.7992999999523249,0.8319000000357732,0.9826999999880854,0.9331999999880622,0.8826000000238423,2.0488000000119087,0.8656000000238464,0.8492999999523363,0.7323000000119464,0.8329000000356928]","[1.0476000000238344,1.583199999988068,0.8716000000238466,0.7668999999761468,0.7823000000119293,0.716800000011915,0.7874000000357455,1.0333000000119341,0.8498000000119248,1.3498000000119248,0.8328000000119005,0.799400000035746,0.9801000000238105,2.515699999988101,0.8316000000238546,0.7327000000477142,0.7355000000000018,2.015699999988101,0.8493999999761854,4.5330000000000155,0.7321999999880404,0.6989999999999554,0.6321999999880745,1.0001000000238491,0.9038999999761472,0.7504000000357678,0.7846999999880495,0.7824999999999704,0.8831999999880509,0.8001000000238605,0.7332000000476455,0.7833999999761545,0.8328000000119005,0.96550000000002,0.9001000000238264,0.9618000000119196,0.764399999976149,0.8486999999880709,0.6466000000238523,0.7163000000119268,0.9503999999761845,0.7169000000357642,0.7992999999523249,0.8328000000119005,0.9828000000119346,0.9333000000119114,0.8828999999761322,2.048900000035758,0.8658000000119159,0.8492999999523363,0.7325000000000728,0.8329000000356928]",,,0.0,23.0,23.0,106.0,1.0,hand,ghand,question_gesture.png,im_hand.png,,,,,,
,,,242298,1,21,2023-09-24_17h38.29.380,flesh_expressibility_dutch,2022.2.4,Win32,60.29908345,,,,18.0,2.0,Nederlands,,,,,,Engels,3.0,,0.0,,0.0,,0.0,,0.0,,0.0,,0.0,,0.0,NL,2.0,2.0,2.0,1.0,,sensorypref2,1536.0,864.0,,,,,,,,,,,,,,,,,,,,,,,,,,,,,,,,,,,,17.0,509.2565,53.0,"[1.0474999999999852,1.5829999999999984,0.8714999999999975,0.7668999999761468,0.7823000000119293,0.716800000011915,0.7873000000118964,1.033199999988085,0.8498000000119248,1.3498000000119248,0.8328000000119005,0.799400000035746,0.979900000035741,2.515699999988101,0.8313999999761563,0.7327000000477142,0.7354000000357814,2.0155999999642518,0.8493999999761854,4.532899999976166,0.7321999999880404,0.698799999952314,0.6321999999880745,1.0001000000238491,0.9038000000119268,0.7501000000238491,0.7843999999761309,0.7824999999999704,0.8831000000238305,0.8000000000000114,0.7331000000237964,0.7833999999761545,0.8328000000119005,0.9653000000119505,0.9001000000238264,0.9618000000119196,0.764399999976149,0.8485000000000014,0.6463000000119337,0.7161999999880777,0.9503999999761845,0.716800000011915,0.7992999999523249,0.8319000000357732,0.9826999999880854,0.9331999999880622,0.8826000000238423,2.0488000000119087,0.8656000000238464,0.8492999999523363,0.7323000000119464,0.8329000000356928,0.6501000000238264]","[1.0476000000238344,1.583199999988068,0.8716000000238466,0.7668999999761468,0.7823000000119293,0.716800000011915,0.7874000000357455,1.0333000000119341,0.8498000000119248,1.3498000000119248,0.8328000000119005,0.799400000035746,0.9801000000238105,2.515699999988101,0.8316000000238546,0.7327000000477142,0.7355000000000018,2.015699999988101,0.8493999999761854,4.5330000000000155,0.7321999999880404,0.6989999999999554,0.6321999999880745,1.0001000000238491,0.9038999999761472,0.7504000000357678,0.7846999999880495,0.7824999999999704,0.8831999999880509,0.8001000000238605,0.7332000000476455,0.7833999999761545,0.8328000000119005,0.96550000000002,0.9001000000238264,0.9618000000119196,0.764399999976149,0.8486999999880709,0.6466000000238523,0.7163000000119268,0.9503999999761845,0.7169000000357642,0.7992999999523249,0.8328000000119005,0.9828000000119346,0.9333000000119114,0.8828999999761322,2.048900000035758,0.8658000000119159,0.8492999999523363,0.7325000000000728,0.8329000000356928,0.6501999999879899]",0.362962935,3.6186,0.0,24.0,24.0,186.0,1.0,lang,glang,question_gesture.png,im_hand.png,,,,,,
,,,242298,1,21,2023-09-24_17h38.29.380,flesh_expressibility_dutch,2022.2.4,Win32,60.29908345,,,,18.0,2.0,Nederlands,,,,,,Engels,3.0,,0.0,,0.0,,0.0,,0.0,,0.0,,0.0,,0.0,NL,2.0,2.0,2.0,1.0,,sensorypref2,1536.0,864.0,,,,,,,,,,,,,,,,,,,,,,,,,,,,,,,,,,,,22.0,513.5637,53.0,"[1.0474999999999852,1.5829999999999984,0.8714999999999975,0.7668999999761468,0.7823000000119293,0.716800000011915,0.7873000000118964,1.033199999988085,0.8498000000119248,1.3498000000119248,0.8328000000119005,0.799400000035746,0.979900000035741,2.515699999988101,0.8313999999761563,0.7327000000477142,0.7354000000357814,2.0155999999642518,0.8493999999761854,4.532899999976166,0.7321999999880404,0.698799999952314,0.6321999999880745,1.0001000000238491,0.9038000000119268,0.7501000000238491,0.7843999999761309,0.7824999999999704,0.8831000000238305,0.8000000000000114,0.7331000000237964,0.7833999999761545,0.8328000000119005,0.9653000000119505,0.9001000000238264,0.9618000000119196,0.764399999976149,0.8485000000000014,0.6463000000119337,0.7161999999880777,0.9503999999761845,0.716800000011915,0.7992999999523249,0.8319000000357732,0.9826999999880854,0.9331999999880622,0.8826000000238423,2.0488000000119087,0.8656000000238464,0.8492999999523363,0.7323000000119464,0.8329000000356928,0.6501000000238264]","[1.0476000000238344,1.583199999988068,0.8716000000238466,0.7668999999761468,0.7823000000119293,0.716800000011915,0.7874000000357455,1.0333000000119341,0.8498000000119248,1.3498000000119248,0.8328000000119005,0.799400000035746,0.9801000000238105,2.515699999988101,0.8316000000238546,0.7327000000477142,0.7355000000000018,2.015699999988101,0.8493999999761854,4.5330000000000155,0.7321999999880404,0.6989999999999554,0.6321999999880745,1.0001000000238491,0.9038999999761472,0.7504000000357678,0.7846999999880495,0.7824999999999704,0.8831999999880509,0.8001000000238605,0.7332000000476455,0.7833999999761545,0.8328000000119005,0.96550000000002,0.9001000000238264,0.9618000000119196,0.764399999976149,0.8486999999880709,0.6466000000238523,0.7163000000119268,0.9503999999761845,0.7169000000357642,0.7992999999523249,0.8328000000119005,0.9828000000119346,0.9333000000119114,0.8828999999761322,2.048900000035758,0.8658000000119159,0.8492999999523363,0.7325000000000728,0.8329000000356928,0.6501999999879899]",,,0.0,25.0,25.0,127.0,1.0,vleugel,gvleugel,question_gesture.png,im_hand.png,,,,,,
,,,242298,1,21,2023-09-24_17h38.29.380,flesh_expressibility_dutch,2022.2.4,Win32,60.29908345,,,,18.0,2.0,Nederlands,,,,,,Engels,3.0,,0.0,,0.0,,0.0,,0.0,,0.0,,0.0,,0.0,NL,2.0,2.0,2.0,1.0,,sensorypref2,1536.0,864.0,,,,,,,,,,,,,,,,,,,,,,,,,,,,,,,,,,,,22.0,514.3994,53.0,"[1.0474999999999852,1.5829999999999984,0.8714999999999975,0.7668999999761468,0.7823000000119293,0.716800000011915,0.7873000000118964,1.033199999988085,0.8498000000119248,1.3498000000119248,0.8328000000119005,0.799400000035746,0.979900000035741,2.515699999988101,0.8313999999761563,0.7327000000477142,0.7354000000357814,2.0155999999642518,0.8493999999761854,4.532899999976166,0.7321999999880404,0.698799999952314,0.6321999999880745,1.0001000000238491,0.9038000000119268,0.7501000000238491,0.7843999999761309,0.7824999999999704,0.8831000000238305,0.8000000000000114,0.7331000000237964,0.7833999999761545,0.8328000000119005,0.9653000000119505,0.9001000000238264,0.9618000000119196,0.764399999976149,0.8485000000000014,0.6463000000119337,0.7161999999880777,0.9503999999761845,0.716800000011915,0.7992999999523249,0.8319000000357732,0.9826999999880854,0.9331999999880622,0.8826000000238423,2.0488000000119087,0.8656000000238464,0.8492999999523363,0.7323000000119464,0.8329000000356928,0.6501000000238264]","[1.0476000000238344,1.583199999988068,0.8716000000238466,0.7668999999761468,0.7823000000119293,0.716800000011915,0.7874000000357455,1.0333000000119341,0.8498000000119248,1.3498000000119248,0.8328000000119005,0.799400000035746,0.9801000000238105,2.515699999988101,0.8316000000238546,0.7327000000477142,0.7355000000000018,2.015699999988101,0.8493999999761854,4.5330000000000155,0.7321999999880404,0.6989999999999554,0.6321999999880745,1.0001000000238491,0.9038999999761472,0.7504000000357678,0.7846999999880495,0.7824999999999704,0.8831999999880509,0.8001000000238605,0.7332000000476455,0.7833999999761545,0.8328000000119005,0.96550000000002,0.9001000000238264,0.9618000000119196,0.764399999976149,0.8486999999880709,0.6466000000238523,0.7163000000119268,0.9503999999761845,0.7169000000357642,0.7992999999523249,0.8328000000119005,0.9828000000119346,0.9333000000119114,0.8828999999761322,2.048900000035758,0.8658000000119159,0.8492999999523363,0.7325000000000728,0.8329000000356928,0.6501999999879899]",,,0.0,26.0,26.0,85.0,1.0,boven,gboven,question_gesture.png,im_hand.png,,,,,,
,,,242298,1,21,2023-09-24_17h38.29.380,flesh_expressibility_dutch,2022.2.4,Win32,60.29908345,,,,18.0,2.0,Nederlands,,,,,,Engels,3.0,,0.0,,0.0,,0.0,,0.0,,0.0,,0.0,,0.0,NL,2.0,2.0,2.0,1.0,,sensorypref2,1536.0,864.0,,,,,,,,,,,,,,,,,,,,,,,,,,,,,,,,,,,,22.0,515.387,53.0,"[1.0474999999999852,1.5829999999999984,0.8714999999999975,0.7668999999761468,0.7823000000119293,0.716800000011915,0.7873000000118964,1.033199999988085,0.8498000000119248,1.3498000000119248,0.8328000000119005,0.799400000035746,0.979900000035741,2.515699999988101,0.8313999999761563,0.7327000000477142,0.7354000000357814,2.0155999999642518,0.8493999999761854,4.532899999976166,0.7321999999880404,0.698799999952314,0.6321999999880745,1.0001000000238491,0.9038000000119268,0.7501000000238491,0.7843999999761309,0.7824999999999704,0.8831000000238305,0.8000000000000114,0.7331000000237964,0.7833999999761545,0.8328000000119005,0.9653000000119505,0.9001000000238264,0.9618000000119196,0.764399999976149,0.8485000000000014,0.6463000000119337,0.7161999999880777,0.9503999999761845,0.716800000011915,0.7992999999523249,0.8319000000357732,0.9826999999880854,0.9331999999880622,0.8826000000238423,2.0488000000119087,0.8656000000238464,0.8492999999523363,0.7323000000119464,0.8329000000356928,0.6501000000238264]","[1.0476000000238344,1.583199999988068,0.8716000000238466,0.7668999999761468,0.7823000000119293,0.716800000011915,0.7874000000357455,1.0333000000119341,0.8498000000119248,1.3498000000119248,0.8328000000119005,0.799400000035746,0.9801000000238105,2.515699999988101,0.8316000000238546,0.7327000000477142,0.7355000000000018,2.015699999988101,0.8493999999761854,4.5330000000000155,0.7321999999880404,0.6989999999999554,0.6321999999880745,1.0001000000238491,0.9038999999761472,0.7504000000357678,0.7846999999880495,0.7824999999999704,0.8831999999880509,0.8001000000238605,0.7332000000476455,0.7833999999761545,0.8328000000119005,0.96550000000002,0.9001000000238264,0.9618000000119196,0.764399999976149,0.8486999999880709,0.6466000000238523,0.7163000000119268,0.9503999999761845,0.7169000000357642,0.7992999999523249,0.8328000000119005,0.9828000000119346,0.9333000000119114,0.8828999999761322,2.048900000035758,0.8658000000119159,0.8492999999523363,0.7325000000000728,0.8329000000356928,0.6501999999879899]",,,0.0,27.0,27.0,76.0,1.0,blauw,gblauw,question_gesture.png,im_hand.png,,,,,,
,,,242298,1,21,2023-09-24_17h38.29.380,flesh_expressibility_dutch,2022.2.4,Win32,60.29908345,,,,18.0,2.0,Nederlands,,,,,,Engels,3.0,,0.0,,0.0,,0.0,,0.0,,0.0,,0.0,,0.0,NL,2.0,2.0,2.0,1.0,,sensorypref2,1536.0,864.0,,,,,,,,,,,,,,,,,,,,,,,,,,,,,,,,,,,,14.0,516.4973,54.0,"[1.0474999999999852,1.5829999999999984,0.8714999999999975,0.7668999999761468,0.7823000000119293,0.716800000011915,0.7873000000118964,1.033199999988085,0.8498000000119248,1.3498000000119248,0.8328000000119005,0.799400000035746,0.979900000035741,2.515699999988101,0.8313999999761563,0.7327000000477142,0.7354000000357814,2.0155999999642518,0.8493999999761854,4.532899999976166,0.7321999999880404,0.698799999952314,0.6321999999880745,1.0001000000238491,0.9038000000119268,0.7501000000238491,0.7843999999761309,0.7824999999999704,0.8831000000238305,0.8000000000000114,0.7331000000237964,0.7833999999761545,0.8328000000119005,0.9653000000119505,0.9001000000238264,0.9618000000119196,0.764399999976149,0.8485000000000014,0.6463000000119337,0.7161999999880777,0.9503999999761845,0.716800000011915,0.7992999999523249,0.8319000000357732,0.9826999999880854,0.9331999999880622,0.8826000000238423,2.0488000000119087,0.8656000000238464,0.8492999999523363,0.7323000000119464,0.8329000000356928,0.6501000000238264,0.6996000000239064]","[1.0476000000238344,1.583199999988068,0.8716000000238466,0.7668999999761468,0.7823000000119293,0.716800000011915,0.7874000000357455,1.0333000000119341,0.8498000000119248,1.3498000000119248,0.8328000000119005,0.799400000035746,0.9801000000238105,2.515699999988101,0.8316000000238546,0.7327000000477142,0.7355000000000018,2.015699999988101,0.8493999999761854,4.5330000000000155,0.7321999999880404,0.6989999999999554,0.6321999999880745,1.0001000000238491,0.9038999999761472,0.7504000000357678,0.7846999999880495,0.7824999999999704,0.8831999999880509,0.8001000000238605,0.7332000000476455,0.7833999999761545,0.8328000000119005,0.96550000000002,0.9001000000238264,0.9618000000119196,0.764399999976149,0.8486999999880709,0.6466000000238523,0.7163000000119268,0.9503999999761845,0.7169000000357642,0.7992999999523249,0.8328000000119005,0.9828000000119346,0.9333000000119114,0.8828999999761322,2.048900000035758,0.8658000000119159,0.8492999999523363,0.7325000000000728,0.8329000000356928,0.6501999999879899,0.69969999998807]",0.814814815,5.1219,0.0,28.0,28.0,173.0,1.0,klein,gklein,question_gesture.png,im_hand.png,,,,,,
,,,242298,1,21,2023-09-24_17h38.29.380,flesh_expressibility_dutch,2022.2.4,Win32,60.29908345,,,,18.0,2.0,Nederlands,,,,,,Engels,3.0,,0.0,,0.0,,0.0,,0.0,,0.0,,0.0,,0.0,NL,2.0,2.0,2.0,1.0,,sensorypref2,1536.0,864.0,,,,,,,,,,,,,,,,,,,,,,,,,,,,,,,,,,,,20.0,522.0508,55.0,"[1.0474999999999852,1.5829999999999984,0.8714999999999975,0.7668999999761468,0.7823000000119293,0.716800000011915,0.7873000000118964,1.033199999988085,0.8498000000119248,1.3498000000119248,0.8328000000119005,0.799400000035746,0.979900000035741,2.515699999988101,0.8313999999761563,0.7327000000477142,0.7354000000357814,2.0155999999642518,0.8493999999761854,4.532899999976166,0.7321999999880404,0.698799999952314,0.6321999999880745,1.0001000000238491,0.9038000000119268,0.7501000000238491,0.7843999999761309,0.7824999999999704,0.8831000000238305,0.8000000000000114,0.7331000000237964,0.7833999999761545,0.8328000000119005,0.9653000000119505,0.9001000000238264,0.9618000000119196,0.764399999976149,0.8485000000000014,0.6463000000119337,0.7161999999880777,0.9503999999761845,0.716800000011915,0.7992999999523249,0.8319000000357732,0.9826999999880854,0.9331999999880622,0.8826000000238423,2.0488000000119087,0.8656000000238464,0.8492999999523363,0.7323000000119464,0.8329000000356928,0.6501000000238264,0.6996000000239064,1.0327999999523172]","[1.0476000000238344,1.583199999988068,0.8716000000238466,0.7668999999761468,0.7823000000119293,0.716800000011915,0.7874000000357455,1.0333000000119341,0.8498000000119248,1.3498000000119248,0.8328000000119005,0.799400000035746,0.9801000000238105,2.515699999988101,0.8316000000238546,0.7327000000477142,0.7355000000000018,2.015699999988101,0.8493999999761854,4.5330000000000155,0.7321999999880404,0.6989999999999554,0.6321999999880745,1.0001000000238491,0.9038999999761472,0.7504000000357678,0.7846999999880495,0.7824999999999704,0.8831999999880509,0.8001000000238605,0.7332000000476455,0.7833999999761545,0.8328000000119005,0.96550000000002,0.9001000000238264,0.9618000000119196,0.764399999976149,0.8486999999880709,0.6466000000238523,0.7163000000119268,0.9503999999761845,0.7169000000357642,0.7992999999523249,0.8328000000119005,0.9828000000119346,0.9333000000119114,0.8828999999761322,2.048900000035758,0.8658000000119159,0.8492999999523363,0.7325000000000728,0.8329000000356928,0.6501999999879899,0.69969999998807,1.0330000000000155]",0.766666836,4.0304,0.0,29.0,29.0,87.0,1.0,vechten,gvechten,question_gesture.png,im_hand.png,,,,,,
,,,242298,1,21,2023-09-24_17h38.29.380,flesh_expressibility_dutch,2022.2.4,Win32,60.29908345,,,,18.0,2.0,Nederlands,,,,,,Engels,3.0,,0.0,,0.0,,0.0,,0.0,,0.0,,0.0,,0.0,NL,2.0,2.0,2.0,1.0,,sensorypref2,1536.0,864.0,,,,,,,,,,,,,,,,,,,,,,,,,,,,,,,,,,,,22.0,527.1057,55.0,"[1.0474999999999852,1.5829999999999984,0.8714999999999975,0.7668999999761468,0.7823000000119293,0.716800000011915,0.7873000000118964,1.033199999988085,0.8498000000119248,1.3498000000119248,0.8328000000119005,0.799400000035746,0.979900000035741,2.515699999988101,0.8313999999761563,0.7327000000477142,0.7354000000357814,2.0155999999642518,0.8493999999761854,4.532899999976166,0.7321999999880404,0.698799999952314,0.6321999999880745,1.0001000000238491,0.9038000000119268,0.7501000000238491,0.7843999999761309,0.7824999999999704,0.8831000000238305,0.8000000000000114,0.7331000000237964,0.7833999999761545,0.8328000000119005,0.9653000000119505,0.9001000000238264,0.9618000000119196,0.764399999976149,0.8485000000000014,0.6463000000119337,0.7161999999880777,0.9503999999761845,0.716800000011915,0.7992999999523249,0.8319000000357732,0.9826999999880854,0.9331999999880622,0.8826000000238423,2.0488000000119087,0.8656000000238464,0.8492999999523363,0.7323000000119464,0.8329000000356928,0.6501000000238264,0.6996000000239064,1.0327999999523172]","[1.0476000000238344,1.583199999988068,0.8716000000238466,0.7668999999761468,0.7823000000119293,0.716800000011915,0.7874000000357455,1.0333000000119341,0.8498000000119248,1.3498000000119248,0.8328000000119005,0.799400000035746,0.9801000000238105,2.515699999988101,0.8316000000238546,0.7327000000477142,0.7355000000000018,2.015699999988101,0.8493999999761854,4.5330000000000155,0.7321999999880404,0.6989999999999554,0.6321999999880745,1.0001000000238491,0.9038999999761472,0.7504000000357678,0.7846999999880495,0.7824999999999704,0.8831999999880509,0.8001000000238605,0.7332000000476455,0.7833999999761545,0.8328000000119005,0.96550000000002,0.9001000000238264,0.9618000000119196,0.764399999976149,0.8486999999880709,0.6466000000238523,0.7163000000119268,0.9503999999761845,0.7169000000357642,0.7992999999523249,0.8328000000119005,0.9828000000119346,0.9333000000119114,0.8828999999761322,2.048900000035758,0.8658000000119159,0.8492999999523363,0.7325000000000728,0.8329000000356928,0.6501999999879899,0.69969999998807,1.0330000000000155]",,,0.0,30.0,30.0,10.0,1.0,strak,gstrak,question_gesture.png,im_hand.png,,,,,,
,,,242298,1,21,2023-09-24_17h38.29.380,flesh_expressibility_dutch,2022.2.4,Win32,60.29908345,,,,18.0,2.0,Nederlands,,,,,,Engels,3.0,,0.0,,0.0,,0.0,,0.0,,0.0,,0.0,,0.0,NL,2.0,2.0,2.0,1.0,,sensorypref2,1536.0,864.0,,,,,,,,,,,,,,,,,,,,,,,,,,,,,,,,,,,,19.0,528.0974,56.0,"[1.0474999999999852,1.5829999999999984,0.8714999999999975,0.7668999999761468,0.7823000000119293,0.716800000011915,0.7873000000118964,1.033199999988085,0.8498000000119248,1.3498000000119248,0.8328000000119005,0.799400000035746,0.979900000035741,2.515699999988101,0.8313999999761563,0.7327000000477142,0.7354000000357814,2.0155999999642518,0.8493999999761854,4.532899999976166,0.7321999999880404,0.698799999952314,0.6321999999880745,1.0001000000238491,0.9038000000119268,0.7501000000238491,0.7843999999761309,0.7824999999999704,0.8831000000238305,0.8000000000000114,0.7331000000237964,0.7833999999761545,0.8328000000119005,0.9653000000119505,0.9001000000238264,0.9618000000119196,0.764399999976149,0.8485000000000014,0.6463000000119337,0.7161999999880777,0.9503999999761845,0.716800000011915,0.7992999999523249,0.8319000000357732,0.9826999999880854,0.9331999999880622,0.8826000000238423,2.0488000000119087,0.8656000000238464,0.8492999999523363,0.7323000000119464,0.8329000000356928,0.6501000000238264,0.6996000000239064,1.0327999999523172,0.798899999976129]","[1.0476000000238344,1.583199999988068,0.8716000000238466,0.7668999999761468,0.7823000000119293,0.716800000011915,0.7874000000357455,1.0333000000119341,0.8498000000119248,1.3498000000119248,0.8328000000119005,0.799400000035746,0.9801000000238105,2.515699999988101,0.8316000000238546,0.7327000000477142,0.7355000000000018,2.015699999988101,0.8493999999761854,4.5330000000000155,0.7321999999880404,0.6989999999999554,0.6321999999880745,1.0001000000238491,0.9038999999761472,0.7504000000357678,0.7846999999880495,0.7824999999999704,0.8831999999880509,0.8001000000238605,0.7332000000476455,0.7833999999761545,0.8328000000119005,0.96550000000002,0.9001000000238264,0.9618000000119196,0.764399999976149,0.8486999999880709,0.6466000000238523,0.7163000000119268,0.9503999999761845,0.7169000000357642,0.7992999999523249,0.8328000000119005,0.9828000000119346,0.9333000000119114,0.8828999999761322,2.048900000035758,0.8658000000119159,0.8492999999523363,0.7325000000000728,0.8329000000356928,0.6501999999879899,0.69969999998807,1.0330000000000155,0.7989999999999782]",0.714814928,3.1821,0.0,31.0,31.0,120.0,1.0,been,gbeen,question_gesture.png,im_hand.png,,,,,,
,,,242298,1,21,2023-09-24_17h38.29.380,flesh_expressibility_dutch,2022.2.4,Win32,60.29908345,,,,18.0,2.0,Nederlands,,,,,,Engels,3.0,,0.0,,0.0,,0.0,,0.0,,0.0,,0.0,,0.0,NL,2.0,2.0,2.0,1.0,,sensorypref2,1536.0,864.0,,,,,,,,,,,,,,,,,,,,,,,,,,,,,,,,,,,,22.0,531.9502,56.0,"[1.0474999999999852,1.5829999999999984,0.8714999999999975,0.7668999999761468,0.7823000000119293,0.716800000011915,0.7873000000118964,1.033199999988085,0.8498000000119248,1.3498000000119248,0.8328000000119005,0.799400000035746,0.979900000035741,2.515699999988101,0.8313999999761563,0.7327000000477142,0.7354000000357814,2.0155999999642518,0.8493999999761854,4.532899999976166,0.7321999999880404,0.698799999952314,0.6321999999880745,1.0001000000238491,0.9038000000119268,0.7501000000238491,0.7843999999761309,0.7824999999999704,0.8831000000238305,0.8000000000000114,0.7331000000237964,0.7833999999761545,0.8328000000119005,0.9653000000119505,0.9001000000238264,0.9618000000119196,0.764399999976149,0.8485000000000014,0.6463000000119337,0.7161999999880777,0.9503999999761845,0.716800000011915,0.7992999999523249,0.8319000000357732,0.9826999999880854,0.9331999999880622,0.8826000000238423,2.0488000000119087,0.8656000000238464,0.8492999999523363,0.7323000000119464,0.8329000000356928,0.6501000000238264,0.6996000000239064,1.0327999999523172,0.798899999976129]","[1.0476000000238344,1.583199999988068,0.8716000000238466,0.7668999999761468,0.7823000000119293,0.716800000011915,0.7874000000357455,1.0333000000119341,0.8498000000119248,1.3498000000119248,0.8328000000119005,0.799400000035746,0.9801000000238105,2.515699999988101,0.8316000000238546,0.7327000000477142,0.7355000000000018,2.015699999988101,0.8493999999761854,4.5330000000000155,0.7321999999880404,0.6989999999999554,0.6321999999880745,1.0001000000238491,0.9038999999761472,0.7504000000357678,0.7846999999880495,0.7824999999999704,0.8831999999880509,0.8001000000238605,0.7332000000476455,0.7833999999761545,0.8328000000119005,0.96550000000002,0.9001000000238264,0.9618000000119196,0.764399999976149,0.8486999999880709,0.6466000000238523,0.7163000000119268,0.9503999999761845,0.7169000000357642,0.7992999999523249,0.8328000000119005,0.9828000000119346,0.9333000000119114,0.8828999999761322,2.048900000035758,0.8658000000119159,0.8492999999523363,0.7325000000000728,0.8329000000356928,0.6501999999879899,0.69969999998807,1.0330000000000155,0.7989999999999782]",,,0.0,32.0,32.0,93.0,1.0,kleding,gkleding,question_gesture.png,im_hand.png,,,,,,
,,,242298,1,21,2023-09-24_17h38.29.380,flesh_expressibility_dutch,2022.2.4,Win32,60.29908345,,,,18.0,2.0,Nederlands,,,,,,Engels,3.0,,0.0,,0.0,,0.0,,0.0,,0.0,,0.0,,0.0,NL,2.0,2.0,2.0,1.0,,sensorypref2,1536.0,864.0,,,,,,,,,,,,,,,,,,,,,,,,,,,,,,,,,,,,20.0,532.9536,57.0,"[1.0474999999999852,1.5829999999999984,0.8714999999999975,0.7668999999761468,0.7823000000119293,0.716800000011915,0.7873000000118964,1.033199999988085,0.8498000000119248,1.3498000000119248,0.8328000000119005,0.799400000035746,0.979900000035741,2.515699999988101,0.8313999999761563,0.7327000000477142,0.7354000000357814,2.0155999999642518,0.8493999999761854,4.532899999976166,0.7321999999880404,0.698799999952314,0.6321999999880745,1.0001000000238491,0.9038000000119268,0.7501000000238491,0.7843999999761309,0.7824999999999704,0.8831000000238305,0.8000000000000114,0.7331000000237964,0.7833999999761545,0.8328000000119005,0.9653000000119505,0.9001000000238264,0.9618000000119196,0.764399999976149,0.8485000000000014,0.6463000000119337,0.7161999999880777,0.9503999999761845,0.716800000011915,0.7992999999523249,0.8319000000357732,0.9826999999880854,0.9331999999880622,0.8826000000238423,2.0488000000119087,0.8656000000238464,0.8492999999523363,0.7323000000119464,0.8329000000356928,0.6501000000238264,0.6996000000239064,1.0327999999523172,0.798899999976129,0.8156000000238919]","[1.0476000000238344,1.583199999988068,0.8716000000238466,0.7668999999761468,0.7823000000119293,0.716800000011915,0.7874000000357455,1.0333000000119341,0.8498000000119248,1.3498000000119248,0.8328000000119005,0.799400000035746,0.9801000000238105,2.515699999988101,0.8316000000238546,0.7327000000477142,0.7355000000000018,2.015699999988101,0.8493999999761854,4.5330000000000155,0.7321999999880404,0.6989999999999554,0.6321999999880745,1.0001000000238491,0.9038999999761472,0.7504000000357678,0.7846999999880495,0.7824999999999704,0.8831999999880509,0.8001000000238605,0.7332000000476455,0.7833999999761545,0.8328000000119005,0.96550000000002,0.9001000000238264,0.9618000000119196,0.764399999976149,0.8486999999880709,0.6466000000238523,0.7163000000119268,0.9503999999761845,0.7169000000357642,0.7992999999523249,0.8328000000119005,0.9828000000119346,0.9333000000119114,0.8828999999761322,2.048900000035758,0.8658000000119159,0.8492999999523363,0.7325000000000728,0.8329000000356928,0.6501999999879899,0.69969999998807,1.0330000000000155,0.7989999999999782,0.8156000000238919]",-0.599999958,4.0573,0.0,33.0,33.0,78.0,1.0,wit,gwit,question_gesture.png,im_hand.png,,,,,,
,,,242298,1,21,2023-09-24_17h38.29.380,flesh_expressibility_dutch,2022.2.4,Win32,60.29908345,,,,18.0,2.0,Nederlands,,,,,,Engels,3.0,,0.0,,0.0,,0.0,,0.0,,0.0,,0.0,,0.0,NL,2.0,2.0,2.0,1.0,,sensorypref2,1536.0,864.0,,,,,,,,,,,,,,,,,,,,,,,,,,,,,,,,,,,,22.0,537.6145,57.0,"[1.0474999999999852,1.5829999999999984,0.8714999999999975,0.7668999999761468,0.7823000000119293,0.716800000011915,0.7873000000118964,1.033199999988085,0.8498000000119248,1.3498000000119248,0.8328000000119005,0.799400000035746,0.979900000035741,2.515699999988101,0.8313999999761563,0.7327000000477142,0.7354000000357814,2.0155999999642518,0.8493999999761854,4.532899999976166,0.7321999999880404,0.698799999952314,0.6321999999880745,1.0001000000238491,0.9038000000119268,0.7501000000238491,0.7843999999761309,0.7824999999999704,0.8831000000238305,0.8000000000000114,0.7331000000237964,0.7833999999761545,0.8328000000119005,0.9653000000119505,0.9001000000238264,0.9618000000119196,0.764399999976149,0.8485000000000014,0.6463000000119337,0.7161999999880777,0.9503999999761845,0.716800000011915,0.7992999999523249,0.8319000000357732,0.9826999999880854,0.9331999999880622,0.8826000000238423,2.0488000000119087,0.8656000000238464,0.8492999999523363,0.7323000000119464,0.8329000000356928,0.6501000000238264,0.6996000000239064,1.0327999999523172,0.798899999976129,0.8156000000238919]","[1.0476000000238344,1.583199999988068,0.8716000000238466,0.7668999999761468,0.7823000000119293,0.716800000011915,0.7874000000357455,1.0333000000119341,0.8498000000119248,1.3498000000119248,0.8328000000119005,0.799400000035746,0.9801000000238105,2.515699999988101,0.8316000000238546,0.7327000000477142,0.7355000000000018,2.015699999988101,0.8493999999761854,4.5330000000000155,0.7321999999880404,0.6989999999999554,0.6321999999880745,1.0001000000238491,0.9038999999761472,0.7504000000357678,0.7846999999880495,0.7824999999999704,0.8831999999880509,0.8001000000238605,0.7332000000476455,0.7833999999761545,0.8328000000119005,0.96550000000002,0.9001000000238264,0.9618000000119196,0.764399999976149,0.8486999999880709,0.6466000000238523,0.7163000000119268,0.9503999999761845,0.7169000000357642,0.7992999999523249,0.8328000000119005,0.9828000000119346,0.9333000000119114,0.8828999999761322,2.048900000035758,0.8658000000119159,0.8492999999523363,0.7325000000000728,0.8329000000356928,0.6501999999879899,0.69969999998807,1.0330000000000155,0.7989999999999782,0.8156000000238919]",,,0.0,34.0,34.0,104.0,1.0,luis,gluis,question_gesture.png,im_hand.png,,,,,,
,,,242298,1,21,2023-09-24_17h38.29.380,flesh_expressibility_dutch,2022.2.4,Win32,60.29908345,,,,18.0,2.0,Nederlands,,,,,,Engels,3.0,,0.0,,0.0,,0.0,,0.0,,0.0,,0.0,,0.0,NL,2.0,2.0,2.0,1.0,,sensorypref2,1536.0,864.0,,,,,,,,,,,,,,,,,,,,,,,,,,,,,,,,,,,,17.0,538.6464,58.0,"[1.0474999999999852,1.5829999999999984,0.8714999999999975,0.7668999999761468,0.7823000000119293,0.716800000011915,0.7873000000118964,1.033199999988085,0.8498000000119248,1.3498000000119248,0.8328000000119005,0.799400000035746,0.979900000035741,2.515699999988101,0.8313999999761563,0.7327000000477142,0.7354000000357814,2.0155999999642518,0.8493999999761854,4.532899999976166,0.7321999999880404,0.698799999952314,0.6321999999880745,1.0001000000238491,0.9038000000119268,0.7501000000238491,0.7843999999761309,0.7824999999999704,0.8831000000238305,0.8000000000000114,0.7331000000237964,0.7833999999761545,0.8328000000119005,0.9653000000119505,0.9001000000238264,0.9618000000119196,0.764399999976149,0.8485000000000014,0.6463000000119337,0.7161999999880777,0.9503999999761845,0.716800000011915,0.7992999999523249,0.8319000000357732,0.9826999999880854,0.9331999999880622,0.8826000000238423,2.0488000000119087,0.8656000000238464,0.8492999999523363,0.7323000000119464,0.8329000000356928,0.6501000000238264,0.6996000000239064,1.0327999999523172,0.798899999976129,0.8156000000238919,0.8015999999641963]","[1.0476000000238344,1.583199999988068,0.8716000000238466,0.7668999999761468,0.7823000000119293,0.716800000011915,0.7874000000357455,1.0333000000119341,0.8498000000119248,1.3498000000119248,0.8328000000119005,0.799400000035746,0.9801000000238105,2.515699999988101,0.8316000000238546,0.7327000000477142,0.7355000000000018,2.015699999988101,0.8493999999761854,4.5330000000000155,0.7321999999880404,0.6989999999999554,0.6321999999880745,1.0001000000238491,0.9038999999761472,0.7504000000357678,0.7846999999880495,0.7824999999999704,0.8831999999880509,0.8001000000238605,0.7332000000476455,0.7833999999761545,0.8328000000119005,0.96550000000002,0.9001000000238264,0.9618000000119196,0.764399999976149,0.8486999999880709,0.6466000000238523,0.7163000000119268,0.9503999999761845,0.7169000000357642,0.7992999999523249,0.8328000000119005,0.9828000000119346,0.9333000000119114,0.8828999999761322,2.048900000035758,0.8658000000119159,0.8492999999523363,0.7325000000000728,0.8329000000356928,0.6501999999879899,0.69969999998807,1.0330000000000155,0.7989999999999782,0.8156000000238919,0.8017999999523227]",0.546296296,2.9107,0.0,35.0,35.0,117.0,1.0,haar,ghaar,question_gesture.png,im_hand.png,,,,,,
,,,242298,1,21,2023-09-24_17h38.29.380,flesh_expressibility_dutch,2022.2.4,Win32,60.29908345,,,,18.0,2.0,Nederlands,,,,,,Engels,3.0,,0.0,,0.0,,0.0,,0.0,,0.0,,0.0,,0.0,NL,2.0,2.0,2.0,1.0,,sensorypref2,1536.0,864.0,,,,,,,,,,,,,,,,,,,,,,,,,,,,,,,,,,,,19.0,542.174,59.0,"[1.0474999999999852,1.5829999999999984,0.8714999999999975,0.7668999999761468,0.7823000000119293,0.716800000011915,0.7873000000118964,1.033199999988085,0.8498000000119248,1.3498000000119248,0.8328000000119005,0.799400000035746,0.979900000035741,2.515699999988101,0.8313999999761563,0.7327000000477142,0.7354000000357814,2.0155999999642518,0.8493999999761854,4.532899999976166,0.7321999999880404,0.698799999952314,0.6321999999880745,1.0001000000238491,0.9038000000119268,0.7501000000238491,0.7843999999761309,0.7824999999999704,0.8831000000238305,0.8000000000000114,0.7331000000237964,0.7833999999761545,0.8328000000119005,0.9653000000119505,0.9001000000238264,0.9618000000119196,0.764399999976149,0.8485000000000014,0.6463000000119337,0.7161999999880777,0.9503999999761845,0.716800000011915,0.7992999999523249,0.8319000000357732,0.9826999999880854,0.9331999999880622,0.8826000000238423,2.0488000000119087,0.8656000000238464,0.8492999999523363,0.7323000000119464,0.8329000000356928,0.6501000000238264,0.6996000000239064,1.0327999999523172,0.798899999976129,0.8156000000238919,0.8015999999641963,0.8989000000357237]","[1.0476000000238344,1.583199999988068,0.8716000000238466,0.7668999999761468,0.7823000000119293,0.716800000011915,0.7874000000357455,1.0333000000119341,0.8498000000119248,1.3498000000119248,0.8328000000119005,0.799400000035746,0.9801000000238105,2.515699999988101,0.8316000000238546,0.7327000000477142,0.7355000000000018,2.015699999988101,0.8493999999761854,4.5330000000000155,0.7321999999880404,0.6989999999999554,0.6321999999880745,1.0001000000238491,0.9038999999761472,0.7504000000357678,0.7846999999880495,0.7824999999999704,0.8831999999880509,0.8001000000238605,0.7332000000476455,0.7833999999761545,0.8328000000119005,0.96550000000002,0.9001000000238264,0.9618000000119196,0.764399999976149,0.8486999999880709,0.6466000000238523,0.7163000000119268,0.9503999999761845,0.7169000000357642,0.7992999999523249,0.8328000000119005,0.9828000000119346,0.9333000000119114,0.8828999999761322,2.048900000035758,0.8658000000119159,0.8492999999523363,0.7325000000000728,0.8329000000356928,0.6501999999879899,0.69969999998807,1.0330000000000155,0.7989999999999782,0.8156000000238919,0.8017999999523227,0.89910000002385]",0.727777834,2.955,0.0,36.0,36.0,53.0,1.0,gooien,ggooien,question_gesture.png,im_hand.png,,,,,,
,,,242298,1,21,2023-09-24_17h38.29.380,flesh_expressibility_dutch,2022.2.4,Win32,60.29908345,,,,18.0,2.0,Nederlands,,,,,,Engels,3.0,,0.0,,0.0,,0.0,,0.0,,0.0,,0.0,,0.0,NL,2.0,2.0,2.0,1.0,,sensorypref2,1536.0,864.0,,,,,,,,,,,,,,,,,,,,,,,,,,,,,,,,,,,,18.0,545.9858,60.0,"[1.0474999999999852,1.5829999999999984,0.8714999999999975,0.7668999999761468,0.7823000000119293,0.716800000011915,0.7873000000118964,1.033199999988085,0.8498000000119248,1.3498000000119248,0.8328000000119005,0.799400000035746,0.979900000035741,2.515699999988101,0.8313999999761563,0.7327000000477142,0.7354000000357814,2.0155999999642518,0.8493999999761854,4.532899999976166,0.7321999999880404,0.698799999952314,0.6321999999880745,1.0001000000238491,0.9038000000119268,0.7501000000238491,0.7843999999761309,0.7824999999999704,0.8831000000238305,0.8000000000000114,0.7331000000237964,0.7833999999761545,0.8328000000119005,0.9653000000119505,0.9001000000238264,0.9618000000119196,0.764399999976149,0.8485000000000014,0.6463000000119337,0.7161999999880777,0.9503999999761845,0.716800000011915,0.7992999999523249,0.8319000000357732,0.9826999999880854,0.9331999999880622,0.8826000000238423,2.0488000000119087,0.8656000000238464,0.8492999999523363,0.7323000000119464,0.8329000000356928,0.6501000000238264,0.6996000000239064,1.0327999999523172,0.798899999976129,0.8156000000238919,0.8015999999641963,0.8989000000357237,0.7496000000237473]","[1.0476000000238344,1.583199999988068,0.8716000000238466,0.7668999999761468,0.7823000000119293,0.716800000011915,0.7874000000357455,1.0333000000119341,0.8498000000119248,1.3498000000119248,0.8328000000119005,0.799400000035746,0.9801000000238105,2.515699999988101,0.8316000000238546,0.7327000000477142,0.7355000000000018,2.015699999988101,0.8493999999761854,4.5330000000000155,0.7321999999880404,0.6989999999999554,0.6321999999880745,1.0001000000238491,0.9038999999761472,0.7504000000357678,0.7846999999880495,0.7824999999999704,0.8831999999880509,0.8001000000238605,0.7332000000476455,0.7833999999761545,0.8328000000119005,0.96550000000002,0.9001000000238264,0.9618000000119196,0.764399999976149,0.8486999999880709,0.6466000000238523,0.7163000000119268,0.9503999999761845,0.7169000000357642,0.7992999999523249,0.8328000000119005,0.9828000000119346,0.9333000000119114,0.8828999999761322,2.048900000035758,0.8658000000119159,0.8492999999523363,0.7325000000000728,0.8329000000356928,0.6501999999879899,0.69969999998807,1.0330000000000155,0.7989999999999782,0.8156000000238919,0.8017999999523227,0.89910000002385,0.7496000000237473]",0.692592762,2.4596,0.0,37.0,37.0,123.0,1.0,navel,gnavel,question_gesture.png,im_hand.png,,,,,,
,,,242298,1,21,2023-09-24_17h38.29.380,flesh_expressibility_dutch,2022.2.4,Win32,60.29908345,,,,18.0,2.0,Nederlands,,,,,,Engels,3.0,,0.0,,0.0,,0.0,,0.0,,0.0,,0.0,,0.0,NL,2.0,2.0,2.0,1.0,,sensorypref2,1536.0,864.0,,,,,,,,,,,,,,,,,,,,,,,,,,,,,,,,,,,,,,,,,,,,,,,,,,,,,,,,,
,,,242298,1,21,2023-09-24_17h38.29.380,flesh_expressibility_dutch,2022.2.4,Win32,60.29908345,,,,18.0,2.0,Nederlands,,,,,,Engels,3.0,,0.0,,0.0,,0.0,,0.0,,0.0,,0.0,,0.0,NL,2.0,2.0,2.0,1.0,,sensorypref2,1536.0,864.0,,,,,,,,,,,,,,,,,,,,,,,,,,,,,,,,,,,,,,,,,,,,,,,,,,,,1.0,,,,,
,,,242298,1,21,2023-09-24_17h38.29.380,flesh_expressibility_dutch,2022.2.4,Win32,60.29908345,,,,18.0,2.0,Nederlands,,,,,,Engels,3.0,,0.0,,0.0,,0.0,,0.0,,0.0,,0.0,,0.0,NL,2.0,2.0,2.0,1.0,,sensorypref2,1536.0,864.0,,,,,,,,,,,,,,,,,,,,,,,,,,,,,,,,,,,,,,,,,,,,,,,,,,,,1.0,,,,,
,,,242298,1,21,2023-09-24_17h38.29.380,flesh_expressibility_dutch,2022.2.4,Win32,60.29908345,,,,18.0,2.0,Nederlands,,,,,,Engels,3.0,,0.0,,0.0,,0.0,,0.0,,0.0,,0.0,,0.0,NL,2.0,2.0,2.0,1.0,,sensorypref2,1536.0,864.0,,,,,,,,,,,,,,,,,,,,,,,,,,,,,,,,,,,,,,,,,,,,,,,,,,,,1.0,,,1.0,[563.9815],[563.9815]
