welcome_weiter.numClicks,welcome_weiter.timesOn,welcome_weiter.timesOff,exp_ID,session,presentation limit,date,expName,psychopyVersion,OS,frameRate,introduction_weiter.numClicks,introduction_weiter.timesOn,introduction_weiter.timesOff,age,gender,natlang1,natlang2,natlang3,natlang4,natlang5,natlang6,lang1,proficiency1,lang2,proficiency2,lang3,proficiency3,lang4,proficiency4,lang5,proficiency5,lang6,proficiency6,lang7,proficiency7,lang8,proficiency8,country,education,dyslexia,mobility,currentloc,radio-for-required-checkboxes,sensorypref2,xRes,yRes,sensorypref[],sensorypref1,sensorypref3,sensorypref4,practice_weiter.numClicks,practice_weiter.timesOn,practice_weiter.timesOff,pr_message_weiter.numClicks,pr_message_weiter.timesOn,pr_message_weiter.timesOff,pr_remember_weiter.numClicks,pr_remember_weiter.timesOn,pr_remember_weiter.timesOff,button_weiter.numClicks,button_weiter.timesOn,button_weiter.timesOff,pr_expressibility.response,pr_expressibility.rt,practice_trials.thisRepN,practice_trials.thisTrialN,practice_trials.thisN,practice_trials.thisIndex,practice_trials.ran,pr_word,pr_question,pr_image,start_weiter.numClicks,start_weiter.timesOn,start_weiter.timesOff,message_weiter.numClicks,message_weiter.timesOn,message_weiter.timesOff,trial_remember_weiter.numClicks,trial_remember_weiter.timesOn,trial_remember_weiter.timesOff,Count,Shelf time,trial_button_weiter.numClicks,trial_button_weiter.timesOn,trial_button_weiter.timesOff,expressibility.response,expressibility.rt,trials.thisRepN,trials.thisTrialN,trials.thisN,trials.thisIndex,trials.ran,word,fordict,question,trial_img,problem,problem_text,comment_text,end_experiment.numClicks,end_experiment.timesOn,end_experiment.timesOff
1.0,[106.12170000004768],[106.12170000004768],297804,1,21,2023-10-03_11h06.52.330,flesh_expressibility_dutch,2022.2.4,Win32,59.80861244,,,,,,,,,,,,,,,,,,,,,,,,,,,,,,,,,,,,,,,,,,,,,,,,,,,,,,,,,,,,,,,,,,,,,,,,,,,,,,,,,,,,,,,,,,,,,
,,,297804,1,21,2023-10-03_11h06.52.330,flesh_expressibility_dutch,2022.2.4,Win32,59.80861244,,,,,,,,,,,,,,,,,,,,,,,,,,,,,,,,,,,,,,,,,,,,,,,,,,,,,,,,,,,,,,,,,,,,,,,,,,,,,,,,,,,,,,,,,,,,,
,,,297804,1,21,2023-10-03_11h06.52.330,flesh_expressibility_dutch,2022.2.4,Win32,59.80861244,1.0,[121.11839999997616],[121.11850000000001],,,,,,,,,,,,,,,,,,,,,,,,,,,,,,,,,,,,,,,,,,,,,,,,,,,,,,,,,,,,,,,,,,,,,,,,,,,,,,,,,,,,,,,,,,
,,,297804,1,21,2023-10-03_11h06.52.330,flesh_expressibility_dutch,2022.2.4,Win32,59.80861244,,,,,,,,,,,,,,,,,,,,,,,,,,,,,,,,,,,,,,,,,,,,,,,,,,,,,,,,,,,,,,,,,,,,,,,,,,,,,,,,,,,,,,,,,,,,,
,,,297804,1,21,2023-10-03_11h06.52.330,flesh_expressibility_dutch,2022.2.4,Win32,59.80861244,,,,20.0,2.0,Nederlands,,,,,,Engels,2.0,,0.0,,0.0,,0.0,,0.0,,0.0,,0.0,,0.0,NL,6.0,2.0,2.0,1.0,on,sensorypref2,1536.0,864.0,,,,,,,,,,,,,,,,,,,,,,,,,,,,,,,,,,,,,,,,,,,,,,,,,,,,,,,,,
,,,297804,1,21,2023-10-03_11h06.52.330,flesh_expressibility_dutch,2022.2.4,Win32,59.80861244,,,,20.0,2.0,Nederlands,,,,,,Engels,2.0,,0.0,,0.0,,0.0,,0.0,,0.0,,0.0,,0.0,NL,6.0,2.0,2.0,1.0,,sensorypref2,1536.0,864.0,,,,,1.0,[182.20019999998806],[182.20040000003576],,,,,,,,,,,,,,,,,,,,,,,,,,,,,,,,,,,,,,,,,,,,,,,,,,
,,,297804,1,21,2023-10-03_11h06.52.330,flesh_expressibility_dutch,2022.2.4,Win32,59.80861244,,,,20.0,2.0,Nederlands,,,,,,Engels,2.0,,0.0,,0.0,,0.0,,0.0,,0.0,,0.0,,0.0,NL,6.0,2.0,2.0,1.0,,sensorypref2,1536.0,864.0,,,,,,,,,,,,,,,,,,,,,,,,,,,,,,,,,,,,,,,,,,,,,,,,,,,,,,,,,
,,,297804,1,21,2023-10-03_11h06.52.330,flesh_expressibility_dutch,2022.2.4,Win32,59.80861244,,,,20.0,2.0,Nederlands,,,,,,Engels,2.0,,0.0,,0.0,,0.0,,0.0,,0.0,,0.0,,0.0,NL,6.0,2.0,2.0,1.0,,sensorypref2,1536.0,864.0,,,,,,,,1.0,[191.92499999999998],[191.92499999999998],1.0,[197.83940000003577],[197.83940000003577],1.0,[12.927800000011928],[12.927800000011928],0.614814758,9.5156,0.0,0.0,0.0,0.0,1.0,baby,question_gesture.png,im_hand.png,,,,,,,,,,,,,,,,,,,,,,,,,,,,,,,
,,,297804,1,21,2023-10-03_11h06.52.330,flesh_expressibility_dutch,2022.2.4,Win32,59.80861244,,,,20.0,2.0,Nederlands,,,,,,Engels,2.0,,0.0,,0.0,,0.0,,0.0,,0.0,,0.0,,0.0,NL,6.0,2.0,2.0,1.0,,sensorypref2,1536.0,864.0,,,,,,,,,,,,,,2.0,"[12.927800000011928,0.983199999988102]","[12.927800000011928,0.9832999999523224]",0.590740769,8.2346,0.0,1.0,1.0,1.0,1.0,auto,question_gesture.png,im_hand.png,,,,,,,,,,,,,,,,,,,,,,,,,,,,,,,
,,,297804,1,21,2023-10-03_11h06.52.330,flesh_expressibility_dutch,2022.2.4,Win32,59.80861244,,,,20.0,2.0,Nederlands,,,,,,Engels,2.0,,0.0,,0.0,,0.0,,0.0,,0.0,,0.0,,0.0,NL,6.0,2.0,2.0,1.0,,sensorypref2,1536.0,864.0,,,,,,,,2.0,"[191.92499999999998,247.58819999998806]","[191.92499999999998,247.58819999998806]",2.0,"[197.83940000003577,251.43630000001195]","[197.83940000003577,251.43630000001195]",3.0,"[12.927800000011928,0.983199999988102,1.7001000000238378]","[12.927800000011928,0.9832999999523224,1.7001000000238378]",0.335185157,6.8535,0.0,0.0,0.0,1.0,1.0,leeuw,question_multimodal.png,im_combination.png,,,,,,,,,,,,,,,,,,,,,,,,,,,,,,,
,,,297804,1,21,2023-10-03_11h06.52.330,flesh_expressibility_dutch,2022.2.4,Win32,59.80861244,,,,20.0,2.0,Nederlands,,,,,,Engels,2.0,,0.0,,0.0,,0.0,,0.0,,0.0,,0.0,,0.0,NL,6.0,2.0,2.0,1.0,,sensorypref2,1536.0,864.0,,,,,,,,,,,,,,4.0,"[12.927800000011928,0.983199999988102,1.7001000000238378,1.4498999999761395]","[12.927800000011928,0.9832999999523224,1.7001000000238378,1.4498999999761395]",0.03333339,6.5524,0.0,1.0,1.0,0.0,1.0,koken,question_multimodal.png,im_combination.png,,,,,,,,,,,,,,,,,,,,,,,,,,,,,,,
,,,297804,1,21,2023-10-03_11h06.52.330,flesh_expressibility_dutch,2022.2.4,Win32,59.80861244,,,,20.0,2.0,Nederlands,,,,,,Engels,2.0,,0.0,,0.0,,0.0,,0.0,,0.0,,0.0,,0.0,NL,6.0,2.0,2.0,1.0,,sensorypref2,1536.0,864.0,,,,,,,,3.0,"[191.92499999999998,247.58819999998806,276.66980000001195]","[191.92499999999998,247.58819999998806,276.66980000001195]",3.0,"[197.83940000003577,251.43630000001195,280.61769999998813]","[197.83940000003577,251.43630000001195,280.61769999998813]",5.0,"[12.927800000011928,0.983199999988102,1.7001000000238378,1.4498999999761395,2.9500000000000455]","[12.927800000011928,0.9832999999523224,1.7001000000238378,1.4498999999761395,2.9500000000000455]",0.142592677,8.8826,0.0,0.0,0.0,0.0,1.0,liefde,question_vocal.png,im_mouth.png,,,,,,,,,,,,,,,,,,,,,,,,,,,,,,,
,,,297804,1,21,2023-10-03_11h06.52.330,flesh_expressibility_dutch,2022.2.4,Win32,59.80861244,,,,20.0,2.0,Nederlands,,,,,,Engels,2.0,,0.0,,0.0,,0.0,,0.0,,0.0,,0.0,,0.0,NL,6.0,2.0,2.0,1.0,,sensorypref2,1536.0,864.0,,,,,,,,,,,,,,6.0,"[12.927800000011928,0.983199999988102,1.7001000000238378,1.4498999999761395,2.9500000000000455,1.3999000000357569]","[12.927800000011928,0.9832999999523224,1.7001000000238378,1.4498999999761395,2.9500000000000455,1.3999000000357569]",0.261111083,6.9386,0.0,1.0,1.0,1.0,1.0,moe,question_vocal.png,im_mouth.png,,,,,,,,,,,,,,,,,,,,,,,,,,,,,,,
,,,297804,1,21,2023-10-03_11h06.52.330,flesh_expressibility_dutch,2022.2.4,Win32,59.80861244,,,,20.0,2.0,Nederlands,,,,,,Engels,2.0,,0.0,,0.0,,0.0,,0.0,,0.0,,0.0,,0.0,NL,6.0,2.0,2.0,1.0,,sensorypref2,1536.0,864.0,,,,,,,,,,,,,,,,,,,,,,,,,,,1.0,[307.22659999996426],[307.22659999996426],,,,,,,,,,,,,,,,,,,,,,,,,,,,
,,,297804,1,21,2023-10-03_11h06.52.330,flesh_expressibility_dutch,2022.2.4,Win32,59.80861244,,,,20.0,2.0,Nederlands,,,,,,Engels,2.0,,0.0,,0.0,,0.0,,0.0,,0.0,,0.0,,0.0,NL,6.0,2.0,2.0,1.0,,sensorypref2,1536.0,864.0,,,,,,,,,,,,,,,,,,,,,,,,,,,,,,,,,,,,,,,,,,,,,,,,,,,,,,,,,
,,,297804,1,21,2023-10-03_11h06.52.330,flesh_expressibility_dutch,2022.2.4,Win32,59.80861244,,,,20.0,2.0,Nederlands,,,,,,Engels,2.0,,0.0,,0.0,,0.0,,0.0,,0.0,,0.0,,0.0,NL,6.0,2.0,2.0,1.0,,sensorypref2,1536.0,864.0,,,,,,,,,,,,,,,,,,,,,,,,,,,,,,1.0,[315.8396999999881],[315.83979999995233],1.0,[319.4163999999762],[319.41650000000004],22.0,321.1182,0.0,[],[],,,0.0,0.0,0.0,3.0,1.0,stil,mstil,question_multimodal.png,im_combination.png,,,,,,
,,,297804,1,21,2023-10-03_11h06.52.330,flesh_expressibility_dutch,2022.2.4,Win32,59.80861244,,,,20.0,2.0,Nederlands,,,,,,Engels,2.0,,0.0,,0.0,,0.0,,0.0,,0.0,,0.0,,0.0,NL,6.0,2.0,2.0,1.0,,sensorypref2,1536.0,864.0,,,,,,,,,,,,,,,,,,,,,,,,,,,,,,,,,,,,22.0,322.1895,0.0,[],[],,,0.0,1.0,1.0,134.0,1.0,water,mwater,question_multimodal.png,im_combination.png,,,,,,
,,,297804,1,21,2023-10-03_11h06.52.330,flesh_expressibility_dutch,2022.2.4,Win32,59.80861244,,,,20.0,2.0,Nederlands,,,,,,Engels,2.0,,0.0,,0.0,,0.0,,0.0,,0.0,,0.0,,0.0,NL,6.0,2.0,2.0,1.0,,sensorypref2,1536.0,864.0,,,,,,,,,,,,,,,,,,,,,,,,,,,,,,,,,,,,21.0,323.104,1.0,[1.3832000000476796],[1.3832000000476796],-0.794444402,6.2749,0.0,2.0,2.0,163.0,1.0,zout,mzout,question_multimodal.png,im_combination.png,,,,,,
,,,297804,1,21,2023-10-03_11h06.52.330,flesh_expressibility_dutch,2022.2.4,Win32,59.80861244,,,,20.0,2.0,Nederlands,,,,,,Engels,2.0,,0.0,,0.0,,0.0,,0.0,,0.0,,0.0,,0.0,NL,6.0,2.0,2.0,1.0,,sensorypref2,1536.0,864.0,,,,,,,,,,,,,,,,,,,,,,,,,,,,,,,,,,,,22.0,330.7986,1.0,[1.3832000000476796],[1.3832000000476796],,,0.0,3.0,3.0,94.0,1.0,nu,mnu,question_multimodal.png,im_combination.png,,,,,,
,,,297804,1,21,2023-10-03_11h06.52.330,flesh_expressibility_dutch,2022.2.4,Win32,59.80861244,,,,20.0,2.0,Nederlands,,,,,,Engels,2.0,,0.0,,0.0,,0.0,,0.0,,0.0,,0.0,,0.0,NL,6.0,2.0,2.0,1.0,,sensorypref2,1536.0,864.0,,,,,,,,,,,,,,,,,,,,,,,,,,,,,,,,,,,,22.0,331.6706,1.0,[1.3832000000476796],[1.3832000000476796],,,0.0,4.0,4.0,188.0,1.0,verstoppen,mverstoppen,question_multimodal.png,im_combination.png,,,,,,
,,,297804,1,21,2023-10-03_11h06.52.330,flesh_expressibility_dutch,2022.2.4,Win32,59.80861244,,,,20.0,2.0,Nederlands,,,,,,Engels,2.0,,0.0,,0.0,,0.0,,0.0,,0.0,,0.0,,0.0,NL,6.0,2.0,2.0,1.0,,sensorypref2,1536.0,864.0,,,,,,,,,,,,,,,,,,,,,,,,,,,,,,,,,,,,21.0,332.8393,2.0,"[1.3832000000476796,1.1333000000119]","[1.3832000000476796,1.1333000000119]",0.338888945,9.7589,0.0,5.0,5.0,205.0,1.0,vork,mvork,question_multimodal.png,im_combination.png,,,,,,
,,,297804,1,21,2023-10-03_11h06.52.330,flesh_expressibility_dutch,2022.2.4,Win32,59.80861244,,,,20.0,2.0,Nederlands,,,,,,Engels,2.0,,0.0,,0.0,,0.0,,0.0,,0.0,,0.0,,0.0,NL,6.0,2.0,2.0,1.0,,sensorypref2,1536.0,864.0,,,,,,,,,,,,,,,,,,,,,,,,,,,,,,,,,,,,22.0,343.4891,2.0,"[1.3832000000476796,1.1333000000119]","[1.3832000000476796,1.1333000000119]",,,0.0,6.0,6.0,4.0,1.0,fluisteren,mfluisteren,question_multimodal.png,im_combination.png,,,,,,
,,,297804,1,21,2023-10-03_11h06.52.330,flesh_expressibility_dutch,2022.2.4,Win32,59.80861244,,,,20.0,2.0,Nederlands,,,,,,Engels,2.0,,0.0,,0.0,,0.0,,0.0,,0.0,,0.0,,0.0,NL,6.0,2.0,2.0,1.0,,sensorypref2,1536.0,864.0,,,,,,,,,,,,,,,,,,,,,,,,,,,,,,,,,,,,21.0,344.513,3.0,"[1.3832000000476796,1.1333000000119,0.767100000023845]","[1.3832000000476796,1.1333000000119,0.7671999999881223]",-0.616666653,4.4209,0.0,7.0,7.0,156.0,1.0,blad,mblad,question_multimodal.png,im_combination.png,,,,,,
,,,297804,1,21,2023-10-03_11h06.52.330,flesh_expressibility_dutch,2022.2.4,Win32,59.80861244,,,,20.0,2.0,Nederlands,,,,,,Engels,2.0,,0.0,,0.0,,0.0,,0.0,,0.0,,0.0,,0.0,NL,6.0,2.0,2.0,1.0,,sensorypref2,1536.0,864.0,,,,,,,,,,,,,,,,,,,,,,,,,,,,,,,,,,,,22.0,349.6329,3.0,"[1.3832000000476796,1.1333000000119,0.767100000023845]","[1.3832000000476796,1.1333000000119,0.7671999999881223]",,,0.0,8.0,8.0,71.0,1.0,geur,mgeur,question_multimodal.png,im_combination.png,,,,,,
,,,297804,1,21,2023-10-03_11h06.52.330,flesh_expressibility_dutch,2022.2.4,Win32,59.80861244,,,,20.0,2.0,Nederlands,,,,,,Engels,2.0,,0.0,,0.0,,0.0,,0.0,,0.0,,0.0,,0.0,NL,6.0,2.0,2.0,1.0,,sensorypref2,1536.0,864.0,,,,,,,,,,,,,,,,,,,,,,,,,,,,,,,,,,,,21.0,350.6571,4.0,"[1.3832000000476796,1.1333000000119,0.767100000023845,0.966400000035776]","[1.3832000000476796,1.1333000000119,0.7671999999881223,0.966400000035776]",0.505555612,3.5191,0.0,9.0,9.0,59.0,1.0,hoog,mhoog,question_multimodal.png,im_combination.png,,,,,,
,,,297804,1,21,2023-10-03_11h06.52.330,flesh_expressibility_dutch,2022.2.4,Win32,59.80861244,,,,20.0,2.0,Nederlands,,,,,,Engels,2.0,,0.0,,0.0,,0.0,,0.0,,0.0,,0.0,,0.0,NL,6.0,2.0,2.0,1.0,,sensorypref2,1536.0,864.0,,,,,,,,,,,,,,,,,,,,,,,,,,,,,,,,,,,,21.0,354.9224,5.0,"[1.3832000000476796,1.1333000000119,0.767100000023845,0.966400000035776,1.5997999999523245]","[1.3832000000476796,1.1333000000119,0.7671999999881223,0.966400000035776,1.5998999999761736]",0.04814812,9.1569,0.0,10.0,10.0,96.0,1.0,verbranden,mverbranden,question_multimodal.png,im_combination.png,,,,,,
,,,297804,1,21,2023-10-03_11h06.52.330,flesh_expressibility_dutch,2022.2.4,Win32,59.80861244,,,,20.0,2.0,Nederlands,,,,,,Engels,2.0,,0.0,,0.0,,0.0,,0.0,,0.0,,0.0,,0.0,NL,6.0,2.0,2.0,1.0,,sensorypref2,1536.0,864.0,,,,,,,,,,,,,,,,,,,,,,,,,,,,,,,,,,,,22.0,365.8123,5.0,"[1.3832000000476796,1.1333000000119,0.767100000023845,0.966400000035776,1.5997999999523245]","[1.3832000000476796,1.1333000000119,0.7671999999881223,0.966400000035776,1.5998999999761736]",,,0.0,11.0,11.0,201.0,1.0,gisteren,mgisteren,question_multimodal.png,im_combination.png,,,,,,
,,,297804,1,21,2023-10-03_11h06.52.330,flesh_expressibility_dutch,2022.2.4,Win32,59.80861244,,,,20.0,2.0,Nederlands,,,,,,Engels,2.0,,0.0,,0.0,,0.0,,0.0,,0.0,,0.0,,0.0,NL,6.0,2.0,2.0,1.0,,sensorypref2,1536.0,864.0,,,,,,,,,,,,,,,,,,,,,,,,,,,,,,,,,,,,22.0,366.8366,5.0,"[1.3832000000476796,1.1333000000119,0.767100000023845,0.966400000035776,1.5997999999523245]","[1.3832000000476796,1.1333000000119,0.7671999999881223,0.966400000035776,1.5998999999761736]",,,0.0,12.0,12.0,122.0,1.0,lever,mlever,question_multimodal.png,im_combination.png,,,,,,
,,,297804,1,21,2023-10-03_11h06.52.330,flesh_expressibility_dutch,2022.2.4,Win32,59.80861244,,,,20.0,2.0,Nederlands,,,,,,Engels,2.0,,0.0,,0.0,,0.0,,0.0,,0.0,,0.0,,0.0,NL,6.0,2.0,2.0,1.0,,sensorypref2,1536.0,864.0,,,,,,,,,,,,,,,,,,,,,,,,,,,,,,,,,,,,22.0,367.8604,5.0,"[1.3832000000476796,1.1333000000119,0.767100000023845,0.966400000035776,1.5997999999523245]","[1.3832000000476796,1.1333000000119,0.7671999999881223,0.966400000035776,1.5998999999761736]",,,0.0,13.0,13.0,9.0,1.0,kotsen,mkotsen,question_multimodal.png,im_combination.png,,,,,,
,,,297804,1,21,2023-10-03_11h06.52.330,flesh_expressibility_dutch,2022.2.4,Win32,59.80861244,,,,20.0,2.0,Nederlands,,,,,,Engels,2.0,,0.0,,0.0,,0.0,,0.0,,0.0,,0.0,,0.0,NL,6.0,2.0,2.0,1.0,,sensorypref2,1536.0,864.0,,,,,,,,,,,,,,,,,,,,,,,,,,,,,,,,,,,,22.0,368.8842,5.0,"[1.3832000000476796,1.1333000000119,0.767100000023845,0.966400000035776,1.5997999999523245]","[1.3832000000476796,1.1333000000119,0.7671999999881223,0.966400000035776,1.5998999999761736]",,,0.0,14.0,14.0,2.0,1.0,luidruchtig,mluidruchtig,question_multimodal.png,im_combination.png,,,,,,
,,,297804,1,21,2023-10-03_11h06.52.330,flesh_expressibility_dutch,2022.2.4,Win32,59.80861244,,,,20.0,2.0,Nederlands,,,,,,Engels,2.0,,0.0,,0.0,,0.0,,0.0,,0.0,,0.0,,0.0,NL,6.0,2.0,2.0,1.0,,sensorypref2,1536.0,864.0,,,,,,,,,,,,,,,,,,,,,,,,,,,,,,,,,,,,22.0,369.9083,5.0,"[1.3832000000476796,1.1333000000119,0.767100000023845,0.966400000035776,1.5997999999523245]","[1.3832000000476796,1.1333000000119,0.7671999999881223,0.966400000035776,1.5998999999761736]",,,0.0,15.0,15.0,164.0,1.0,zoet,mzoet,question_multimodal.png,im_combination.png,,,,,,
,,,297804,1,21,2023-10-03_11h06.52.330,flesh_expressibility_dutch,2022.2.4,Win32,59.80861244,,,,20.0,2.0,Nederlands,,,,,,Engels,2.0,,0.0,,0.0,,0.0,,0.0,,0.0,,0.0,,0.0,NL,6.0,2.0,2.0,1.0,,sensorypref2,1536.0,864.0,,,,,,,,,,,,,,,,,,,,,,,,,,,,,,,,,,,,21.0,370.9368,6.0,"[1.3832000000476796,1.1333000000119,0.767100000023845,0.966400000035776,1.5997999999523245,6.883199999988108]","[1.3832000000476796,1.1333000000119,0.7671999999881223,0.966400000035776,1.5998999999761736,6.883199999988108]",-0.233333305,13.3875,0.0,16.0,16.0,62.0,1.0,piepen,mpiepen,question_multimodal.png,im_combination.png,,,,,,
,,,297804,1,21,2023-10-03_11h06.52.330,flesh_expressibility_dutch,2022.2.4,Win32,59.80861244,,,,20.0,2.0,Nederlands,,,,,,Engels,2.0,,0.0,,0.0,,0.0,,0.0,,0.0,,0.0,,0.0,NL,6.0,2.0,2.0,1.0,,sensorypref2,1536.0,864.0,,,,,,,,,,,,,,,,,,,,,,,,,,,,,,,,,,,,22.0,385.3705,6.0,"[1.3832000000476796,1.1333000000119,0.767100000023845,0.966400000035776,1.5997999999523245,6.883199999988108]","[1.3832000000476796,1.1333000000119,0.7671999999881223,0.966400000035776,1.5998999999761736,6.883199999988108]",,,0.0,17.0,17.0,186.0,1.0,lang,mlang,question_multimodal.png,im_combination.png,,,,,,
,,,297804,1,21,2023-10-03_11h06.52.330,flesh_expressibility_dutch,2022.2.4,Win32,59.80861244,,,,20.0,2.0,Nederlands,,,,,,Engels,2.0,,0.0,,0.0,,0.0,,0.0,,0.0,,0.0,,0.0,NL,6.0,2.0,2.0,1.0,,sensorypref2,1536.0,864.0,,,,,,,,,,,,,,,,,,,,,,,,,,,,,,,,,,,,21.0,386.395,7.0,"[1.3832000000476796,1.1333000000119,0.767100000023845,0.966400000035776,1.5997999999523245,6.883199999988108,1.0830999999641904]","[1.3832000000476796,1.1333000000119,0.7671999999881223,0.966400000035776,1.5998999999761736,6.883199999988108,1.0830999999641904]",0.575925898,5.4545,0.0,18.0,18.0,170.0,1.0,groot,mgroot,question_multimodal.png,im_combination.png,,,,,,
,,,297804,1,21,2023-10-03_11h06.52.330,flesh_expressibility_dutch,2022.2.4,Win32,59.80861244,,,,20.0,2.0,Nederlands,,,,,,Engels,2.0,,0.0,,0.0,,0.0,,0.0,,0.0,,0.0,,0.0,NL,6.0,2.0,2.0,1.0,,sensorypref2,1536.0,864.0,,,,,,,,,,,,,,,,,,,,,,,,,,,,,,,,,,,,22.0,392.8461,7.0,"[1.3832000000476796,1.1333000000119,0.767100000023845,0.966400000035776,1.5997999999523245,6.883199999988108,1.0830999999641904]","[1.3832000000476796,1.1333000000119,0.7671999999881223,0.966400000035776,1.5998999999761736,6.883199999988108,1.0830999999641904]",,,0.0,19.0,19.0,190.0,1.0,ei,mei,question_multimodal.png,im_combination.png,,,,,,
,,,297804,1,21,2023-10-03_11h06.52.330,flesh_expressibility_dutch,2022.2.4,Win32,59.80861244,,,,20.0,2.0,Nederlands,,,,,,Engels,2.0,,0.0,,0.0,,0.0,,0.0,,0.0,,0.0,,0.0,NL,6.0,2.0,2.0,1.0,,sensorypref2,1536.0,864.0,,,,,,,,,,,,,,,,,,,,,,,,,,,,,,,,,,,,21.0,393.8719,8.0,"[1.3832000000476796,1.1333000000119,0.767100000023845,0.966400000035776,1.5997999999523245,6.883199999988108,1.0830999999641904,1.2165999999642167]","[1.3832000000476796,1.1333000000119,0.7671999999881223,0.966400000035776,1.5998999999761736,6.883199999988108,1.0830999999641904,1.2165999999642167]",0.194444444,5.8047,0.0,20.0,20.0,95.0,1.0,niet,mniet,question_multimodal.png,im_combination.png,,,,,,
,,,297804,1,21,2023-10-03_11h06.52.330,flesh_expressibility_dutch,2022.2.4,Win32,59.80861244,,,,20.0,2.0,Nederlands,,,,,,Engels,2.0,,0.0,,0.0,,0.0,,0.0,,0.0,,0.0,,0.0,NL,6.0,2.0,2.0,1.0,,sensorypref2,1536.0,864.0,,,,,,,,,,,,,,,,,,,,,,,,,,,,,,,,,,,,22.0,400.6829,8.0,"[1.3832000000476796,1.1333000000119,0.767100000023845,0.966400000035776,1.5997999999523245,6.883199999988108,1.0830999999641904,1.2165999999642167]","[1.3832000000476796,1.1333000000119,0.7671999999881223,0.966400000035776,1.5998999999761736,6.883199999988108,1.0830999999641904,1.2165999999642167]",,,0.0,21.0,21.0,35.0,1.0,boos,mboos,question_multimodal.png,im_combination.png,,,,,,
,,,297804,1,21,2023-10-03_11h06.52.330,flesh_expressibility_dutch,2022.2.4,Win32,59.80861244,,,,20.0,2.0,Nederlands,,,,,,Engels,2.0,,0.0,,0.0,,0.0,,0.0,,0.0,,0.0,,0.0,NL,6.0,2.0,2.0,1.0,,sensorypref2,1536.0,864.0,,,,,,,,,,,,,,,,,,,,,,,,,,,,,,,,,,,,22.0,401.8588,8.0,"[1.3832000000476796,1.1333000000119,0.767100000023845,0.966400000035776,1.5997999999523245,6.883199999988108,1.0830999999641904,1.2165999999642167]","[1.3832000000476796,1.1333000000119,0.7671999999881223,0.966400000035776,1.5998999999761736,6.883199999988108,1.0830999999641904,1.2165999999642167]",,,0.0,22.0,22.0,109.0,1.0,tong,mtong,question_multimodal.png,im_combination.png,,,,,,
,,,297804,1,21,2023-10-03_11h06.52.330,flesh_expressibility_dutch,2022.2.4,Win32,59.80861244,,,,20.0,2.0,Nederlands,,,,,,Engels,2.0,,0.0,,0.0,,0.0,,0.0,,0.0,,0.0,,0.0,NL,6.0,2.0,2.0,1.0,,sensorypref2,1536.0,864.0,,,,,,,,,,,,,,,,,,,,,,,,,,,,,,,,,,,,22.0,402.7806,8.0,"[1.3832000000476796,1.1333000000119,0.767100000023845,0.966400000035776,1.5997999999523245,6.883199999988108,1.0830999999641904,1.2165999999642167]","[1.3832000000476796,1.1333000000119,0.7671999999881223,0.966400000035776,1.5998999999761736,6.883199999988108,1.0830999999641904,1.2165999999642167]",,,0.0,23.0,23.0,0.0,1.0,droog,mdroog,question_multimodal.png,im_combination.png,,,,,,
,,,297804,1,21,2023-10-03_11h06.52.330,flesh_expressibility_dutch,2022.2.4,Win32,59.80861244,,,,20.0,2.0,Nederlands,,,,,,Engels,2.0,,0.0,,0.0,,0.0,,0.0,,0.0,,0.0,,0.0,NL,6.0,2.0,2.0,1.0,,sensorypref2,1536.0,864.0,,,,,,,,,,,,,,,,,,,,,,,,,,,,,,,,,,,,22.0,403.907,8.0,"[1.3832000000476796,1.1333000000119,0.767100000023845,0.966400000035776,1.5997999999523245,6.883199999988108,1.0830999999641904,1.2165999999642167]","[1.3832000000476796,1.1333000000119,0.7671999999881223,0.966400000035776,1.5998999999761736,6.883199999988108,1.0830999999641904,1.2165999999642167]",,,0.0,24.0,24.0,99.0,1.0,mier,mmier,question_multimodal.png,im_combination.png,,,,,,
,,,297804,1,21,2023-10-03_11h06.52.330,flesh_expressibility_dutch,2022.2.4,Win32,59.80861244,,,,20.0,2.0,Nederlands,,,,,,Engels,2.0,,0.0,,0.0,,0.0,,0.0,,0.0,,0.0,,0.0,NL,6.0,2.0,2.0,1.0,,sensorypref2,1536.0,864.0,,,,,,,,,,,,,,,,,,,,,,,,,,,,,,,,,,,,21.0,404.8266,9.0,"[1.3832000000476796,1.1333000000119,0.767100000023845,0.966400000035776,1.5997999999523245,6.883199999988108,1.0830999999641904,1.2165999999642167,1.0166000000238]","[1.3832000000476796,1.1333000000119,0.7671999999881223,0.966400000035776,1.5998999999761736,6.883199999988108,1.0830999999641904,1.2165999999642167,1.0166000000238]",0.507407436,8.0192,0.0,25.0,25.0,153.0,1.0,lachen,mlachen,question_multimodal.png,im_combination.png,,,,,,
,,,297804,1,21,2023-10-03_11h06.52.330,flesh_expressibility_dutch,2022.2.4,Win32,59.80861244,,,,20.0,2.0,Nederlands,,,,,,Engels,2.0,,0.0,,0.0,,0.0,,0.0,,0.0,,0.0,,0.0,NL,6.0,2.0,2.0,1.0,,sensorypref2,1536.0,864.0,,,,,,,,,,,,,,,,,,,,,,,,,,,,,,,,,,,,22.0,413.9403,9.0,"[1.3832000000476796,1.1333000000119,0.767100000023845,0.966400000035776,1.5997999999523245,6.883199999988108,1.0830999999641904,1.2165999999642167,1.0166000000238]","[1.3832000000476796,1.1333000000119,0.7671999999881223,0.966400000035776,1.5998999999761736,6.883199999988108,1.0830999999641904,1.2165999999642167,1.0166000000238]",,,0.0,26.0,26.0,31.0,1.0,zwak,mzwak,question_multimodal.png,im_combination.png,,,,,,
,,,297804,1,21,2023-10-03_11h06.52.330,flesh_expressibility_dutch,2022.2.4,Win32,59.80861244,,,,20.0,2.0,Nederlands,,,,,,Engels,2.0,,0.0,,0.0,,0.0,,0.0,,0.0,,0.0,,0.0,NL,6.0,2.0,2.0,1.0,,sensorypref2,1536.0,864.0,,,,,,,,,,,,,,,,,,,,,,,,,,,,,,,,,,,,22.0,414.9646,9.0,"[1.3832000000476796,1.1333000000119,0.767100000023845,0.966400000035776,1.5997999999523245,6.883199999988108,1.0830999999641904,1.2165999999642167,1.0166000000238]","[1.3832000000476796,1.1333000000119,0.7671999999881223,0.966400000035776,1.5998999999761736,6.883199999988108,1.0830999999641904,1.2165999999642167,1.0166000000238]",,,0.0,27.0,27.0,79.0,1.0,veel,mveel,question_multimodal.png,im_combination.png,,,,,,
,,,297804,1,21,2023-10-03_11h06.52.330,flesh_expressibility_dutch,2022.2.4,Win32,59.80861244,,,,20.0,2.0,Nederlands,,,,,,Engels,2.0,,0.0,,0.0,,0.0,,0.0,,0.0,,0.0,,0.0,NL,6.0,2.0,2.0,1.0,,sensorypref2,1536.0,864.0,,,,,,,,,,,,,,,,,,,,,,,,,,,,,,,,,,,,22.0,415.9884,9.0,"[1.3832000000476796,1.1333000000119,0.767100000023845,0.966400000035776,1.5997999999523245,6.883199999988108,1.0830999999641904,1.2165999999642167,1.0166000000238]","[1.3832000000476796,1.1333000000119,0.7671999999881223,0.966400000035776,1.5998999999761736,6.883199999988108,1.0830999999641904,1.2165999999642167,1.0166000000238]",,,0.0,28.0,28.0,111.0,1.0,rug,mrug,question_multimodal.png,im_combination.png,,,,,,
,,,297804,1,21,2023-10-03_11h06.52.330,flesh_expressibility_dutch,2022.2.4,Win32,59.80861244,,,,20.0,2.0,Nederlands,,,,,,Engels,2.0,,0.0,,0.0,,0.0,,0.0,,0.0,,0.0,,0.0,NL,6.0,2.0,2.0,1.0,,sensorypref2,1536.0,864.0,,,,,,,,,,,,,,,,,,,,,,,,,,,,,,,,,,,,21.0,416.9102,10.0,"[1.3832000000476796,1.1333000000119,0.767100000023845,0.966400000035776,1.5997999999523245,6.883199999988108,1.0830999999641904,1.2165999999642167,1.0166000000238,0.8165000000000191]","[1.3832000000476796,1.1333000000119,0.7671999999881223,0.966400000035776,1.5998999999761736,6.883199999988108,1.0830999999641904,1.2165999999642167,1.0166000000238,0.8165999999642395]",0.287037037,4.1965,0.0,29.0,29.0,75.0,1.0,rond,mrond,question_multimodal.png,im_combination.png,,,,,,
,,,297804,1,21,2023-10-03_11h06.52.330,flesh_expressibility_dutch,2022.2.4,Win32,59.80861244,,,,20.0,2.0,Nederlands,,,,,,Engels,2.0,,0.0,,0.0,,0.0,,0.0,,0.0,,0.0,,0.0,NL,6.0,2.0,2.0,1.0,,sensorypref2,1536.0,864.0,,,,,,,,,,,,,,,,,,,,,,,,,,,,,,,,,,,,22.0,421.9294,10.0,"[1.3832000000476796,1.1333000000119,0.767100000023845,0.966400000035776,1.5997999999523245,6.883199999988108,1.0830999999641904,1.2165999999642167,1.0166000000238,0.8165000000000191]","[1.3832000000476796,1.1333000000119,0.7671999999881223,0.966400000035776,1.5998999999761736,6.883199999988108,1.0830999999641904,1.2165999999642167,1.0166000000238,0.8165999999642395]",,,0.0,30.0,30.0,130.0,1.0,regen,mregen,question_multimodal.png,im_combination.png,,,,,,
,,,297804,1,21,2023-10-03_11h06.52.330,flesh_expressibility_dutch,2022.2.4,Win32,59.80861244,,,,20.0,2.0,Nederlands,,,,,,Engels,2.0,,0.0,,0.0,,0.0,,0.0,,0.0,,0.0,,0.0,NL,6.0,2.0,2.0,1.0,,sensorypref2,1536.0,864.0,,,,,,,,,,,,,,,,,,,,,,,,,,,,,,,,,,,,22.0,423.054,10.0,"[1.3832000000476796,1.1333000000119,0.767100000023845,0.966400000035776,1.5997999999523245,6.883199999988108,1.0830999999641904,1.2165999999642167,1.0166000000238,0.8165000000000191]","[1.3832000000476796,1.1333000000119,0.7671999999881223,0.966400000035776,1.5998999999761736,6.883199999988108,1.0830999999641904,1.2165999999642167,1.0166000000238,0.8165999999642395]",,,0.0,31.0,31.0,137.0,1.0,vallen,mvallen,question_multimodal.png,im_combination.png,,,,,,
,,,297804,1,21,2023-10-03_11h06.52.330,flesh_expressibility_dutch,2022.2.4,Win32,59.80861244,,,,20.0,2.0,Nederlands,,,,,,Engels,2.0,,0.0,,0.0,,0.0,,0.0,,0.0,,0.0,,0.0,NL,6.0,2.0,2.0,1.0,,sensorypref2,1536.0,864.0,,,,,,,,,,,,,,,,,,,,,,,,,,,,,,,,,,,,22.0,424.0782,10.0,"[1.3832000000476796,1.1333000000119,0.767100000023845,0.966400000035776,1.5997999999523245,6.883199999988108,1.0830999999641904,1.2165999999642167,1.0166000000238,0.8165000000000191]","[1.3832000000476796,1.1333000000119,0.7671999999881223,0.966400000035776,1.5998999999761736,6.883199999988108,1.0830999999641904,1.2165999999642167,1.0166000000238,0.8165999999642395]",,,0.0,32.0,32.0,165.0,1.0,hard,mhard,question_multimodal.png,im_combination.png,,,,,,
,,,297804,1,21,2023-10-03_11h06.52.330,flesh_expressibility_dutch,2022.2.4,Win32,59.80861244,,,,20.0,2.0,Nederlands,,,,,,Engels,2.0,,0.0,,0.0,,0.0,,0.0,,0.0,,0.0,,0.0,NL,6.0,2.0,2.0,1.0,,sensorypref2,1536.0,864.0,,,,,,,,,,,,,,,,,,,,,,,,,,,,,,,,,,,,22.0,426.3326,10.0,"[1.3832000000476796,1.1333000000119,0.767100000023845,0.966400000035776,1.5997999999523245,6.883199999988108,1.0830999999641904,1.2165999999642167,1.0166000000238,0.8165000000000191]","[1.3832000000476796,1.1333000000119,0.7671999999881223,0.966400000035776,1.5998999999761736,6.883199999988108,1.0830999999641904,1.2165999999642167,1.0166000000238,0.8165999999642395]",,,0.0,33.0,33.0,105.0,1.0,arm (lichaam),marm (lichaam),question_multimodal.png,im_combination.png,,,,,,
,,,297804,1,21,2023-10-03_11h06.52.330,flesh_expressibility_dutch,2022.2.4,Win32,59.80861244,,,,20.0,2.0,Nederlands,,,,,,Engels,2.0,,0.0,,0.0,,0.0,,0.0,,0.0,,0.0,,0.0,NL,6.0,2.0,2.0,1.0,,sensorypref2,1536.0,864.0,,,,,,,,,,,,,,,,,,,,,,,,,,,,,,,,,,,,22.0,427.355,10.0,"[1.3832000000476796,1.1333000000119,0.767100000023845,0.966400000035776,1.5997999999523245,6.883199999988108,1.0830999999641904,1.2165999999642167,1.0166000000238,0.8165000000000191]","[1.3832000000476796,1.1333000000119,0.7671999999881223,0.966400000035776,1.5998999999761736,6.883199999988108,1.0830999999641904,1.2165999999642167,1.0166000000238,0.8165999999642395]",,,0.0,34.0,34.0,157.0,1.0,wortel,mwortel,question_multimodal.png,im_combination.png,,,,,,
,,,297804,1,21,2023-10-03_11h06.52.330,flesh_expressibility_dutch,2022.2.4,Win32,59.80861244,,,,20.0,2.0,Nederlands,,,,,,Engels,2.0,,0.0,,0.0,,0.0,,0.0,,0.0,,0.0,,0.0,NL,6.0,2.0,2.0,1.0,,sensorypref2,1536.0,864.0,,,,,,,,,,,,,,,,,,,,,,,,,,,,,,,,,,,,22.0,428.3792,10.0,"[1.3832000000476796,1.1333000000119,0.767100000023845,0.966400000035776,1.5997999999523245,6.883199999988108,1.0830999999641904,1.2165999999642167,1.0166000000238,0.8165000000000191]","[1.3832000000476796,1.1333000000119,0.7671999999881223,0.966400000035776,1.5998999999761736,6.883199999988108,1.0830999999641904,1.2165999999642167,1.0166000000238,0.8165999999642395]",,,0.0,35.0,35.0,104.0,1.0,luis,mluis,question_multimodal.png,im_combination.png,,,,,,
,,,297804,1,21,2023-10-03_11h06.52.330,flesh_expressibility_dutch,2022.2.4,Win32,59.80861244,,,,20.0,2.0,Nederlands,,,,,,Engels,2.0,,0.0,,0.0,,0.0,,0.0,,0.0,,0.0,,0.0,NL,6.0,2.0,2.0,1.0,,sensorypref2,1536.0,864.0,,,,,,,,,,,,,,,,,,,,,,,,,,,,,,,,,,,,22.0,429.4045,10.0,"[1.3832000000476796,1.1333000000119,0.767100000023845,0.966400000035776,1.5997999999523245,6.883199999988108,1.0830999999641904,1.2165999999642167,1.0166000000238,0.8165000000000191]","[1.3832000000476796,1.1333000000119,0.7671999999881223,0.966400000035776,1.5998999999761736,6.883199999988108,1.0830999999641904,1.2165999999642167,1.0166000000238,0.8165999999642395]",,,0.0,36.0,36.0,10.0,1.0,strak,mstrak,question_multimodal.png,im_combination.png,,,,,,
,,,297804,1,21,2023-10-03_11h06.52.330,flesh_expressibility_dutch,2022.2.4,Win32,59.80861244,,,,20.0,2.0,Nederlands,,,,,,Engels,2.0,,0.0,,0.0,,0.0,,0.0,,0.0,,0.0,,0.0,NL,6.0,2.0,2.0,1.0,,sensorypref2,1536.0,864.0,,,,,,,,,,,,,,,,,,,,,,,,,,,,,,,,,,,,22.0,430.3244,10.0,"[1.3832000000476796,1.1333000000119,0.767100000023845,0.966400000035776,1.5997999999523245,6.883199999988108,1.0830999999641904,1.2165999999642167,1.0166000000238,0.8165000000000191]","[1.3832000000476796,1.1333000000119,0.7671999999881223,0.966400000035776,1.5998999999761736,6.883199999988108,1.0830999999641904,1.2165999999642167,1.0166000000238,0.8165999999642395]",,,0.0,37.0,37.0,69.0,1.0,glad,mglad,question_multimodal.png,im_combination.png,,,,,,
,,,297804,1,21,2023-10-03_11h06.52.330,flesh_expressibility_dutch,2022.2.4,Win32,59.80861244,,,,20.0,2.0,Nederlands,,,,,,Engels,2.0,,0.0,,0.0,,0.0,,0.0,,0.0,,0.0,,0.0,NL,6.0,2.0,2.0,1.0,,sensorypref2,1536.0,864.0,,,,,,,,,,,,,,,,,,,,,,,,,,,,,,,,,,,,22.0,431.3203,10.0,"[1.3832000000476796,1.1333000000119,0.767100000023845,0.966400000035776,1.5997999999523245,6.883199999988108,1.0830999999641904,1.2165999999642167,1.0166000000238,0.8165000000000191]","[1.3832000000476796,1.1333000000119,0.7671999999881223,0.966400000035776,1.5998999999761736,6.883199999988108,1.0830999999641904,1.2165999999642167,1.0166000000238,0.8165999999642395]",,,0.0,38.0,38.0,87.0,1.0,vechten,mvechten,question_multimodal.png,im_combination.png,,,,,,
,,,297804,1,21,2023-10-03_11h06.52.330,flesh_expressibility_dutch,2022.2.4,Win32,59.80861244,,,,20.0,2.0,Nederlands,,,,,,Engels,2.0,,0.0,,0.0,,0.0,,0.0,,0.0,,0.0,,0.0,NL,6.0,2.0,2.0,1.0,,sensorypref2,1536.0,864.0,,,,,,,,,,,,,,,,,,,,,,,,,,,,,,,,,,,,21.0,432.4751,11.0,"[1.3832000000476796,1.1333000000119,0.767100000023845,0.966400000035776,1.5997999999523245,6.883199999988108,1.0830999999641904,1.2165999999642167,1.0166000000238,0.8165000000000191,1.30030000001193]","[1.3832000000476796,1.1333000000119,0.7671999999881223,0.966400000035776,1.5998999999761736,6.883199999988108,1.0830999999641904,1.2165999999642167,1.0166000000238,0.8165999999642395,1.30030000001193]",-0.007407436,4.6486,0.0,39.0,39.0,187.0,1.0,dit,mdit,question_multimodal.png,im_combination.png,,,,,,
,,,297804,1,21,2023-10-03_11h06.52.330,flesh_expressibility_dutch,2022.2.4,Win32,59.80861244,,,,20.0,2.0,Nederlands,,,,,,Engels,2.0,,0.0,,0.0,,0.0,,0.0,,0.0,,0.0,,0.0,NL,6.0,2.0,2.0,1.0,,sensorypref2,1536.0,864.0,,,,,,,,,,,,,,,,,,,,,,,,,,,,,,,,,,,,22.0,438.2096,11.0,"[1.3832000000476796,1.1333000000119,0.767100000023845,0.966400000035776,1.5997999999523245,6.883199999988108,1.0830999999641904,1.2165999999642167,1.0166000000238,0.8165000000000191,1.30030000001193]","[1.3832000000476796,1.1333000000119,0.7671999999881223,0.966400000035776,1.5998999999761736,6.883199999988108,1.0830999999641904,1.2165999999642167,1.0166000000238,0.8165999999642395,1.30030000001193]",,,0.0,40.0,40.0,27.0,1.0,gezond,mgezond,question_multimodal.png,im_combination.png,,,,,,
,,,297804,1,21,2023-10-03_11h06.52.330,flesh_expressibility_dutch,2022.2.4,Win32,59.80861244,,,,20.0,2.0,Nederlands,,,,,,Engels,2.0,,0.0,,0.0,,0.0,,0.0,,0.0,,0.0,,0.0,NL,6.0,2.0,2.0,1.0,,sensorypref2,1536.0,864.0,,,,,,,,,,,,,,,,,,,,,,,,,,,,,,,,,,,,21.0,439.2244,12.0,"[1.3832000000476796,1.1333000000119,0.767100000023845,0.966400000035776,1.5997999999523245,6.883199999988108,1.0830999999641904,1.2165999999642167,1.0166000000238,0.8165000000000191,1.30030000001193,0.5838000000119337]","[1.3832000000476796,1.1333000000119,0.7671999999881223,0.966400000035776,1.5998999999761736,6.883199999988108,1.0830999999641904,1.2165999999642167,1.0166000000238,0.8165999999642395,1.30030000001193,0.5838000000119337]",-0.199999915,3.3791,0.0,41.0,41.0,138.0,1.0,gaan,mgaan,question_multimodal.png,im_combination.png,,,,,,
,,,297804,1,21,2023-10-03_11h06.52.330,flesh_expressibility_dutch,2022.2.4,Win32,59.80861244,,,,20.0,2.0,Nederlands,,,,,,Engels,2.0,,0.0,,0.0,,0.0,,0.0,,0.0,,0.0,,0.0,NL,6.0,2.0,2.0,1.0,,sensorypref2,1536.0,864.0,,,,,,,,,,,,,,,,,,,,,,,,,,,,,,,,,,,,22.0,443.1248,12.0,"[1.3832000000476796,1.1333000000119,0.767100000023845,0.966400000035776,1.5997999999523245,6.883199999988108,1.0830999999641904,1.2165999999642167,1.0166000000238,0.8165000000000191,1.30030000001193,0.5838000000119337]","[1.3832000000476796,1.1333000000119,0.7671999999881223,0.966400000035776,1.5998999999761736,6.883199999988108,1.0830999999641904,1.2165999999642167,1.0166000000238,0.8165999999642395,1.30030000001193,0.5838000000119337]",,,0.0,42.0,42.0,161.0,1.0,horen,mhoren,question_multimodal.png,im_combination.png,,,,,,
,,,297804,1,21,2023-10-03_11h06.52.330,flesh_expressibility_dutch,2022.2.4,Win32,59.80861244,,,,20.0,2.0,Nederlands,,,,,,Engels,2.0,,0.0,,0.0,,0.0,,0.0,,0.0,,0.0,,0.0,NL,6.0,2.0,2.0,1.0,,sensorypref2,1536.0,864.0,,,,,,,,,,,,,,,,,,,,,,,,,,,,,,,,,,,,22.0,444.1487,12.0,"[1.3832000000476796,1.1333000000119,0.767100000023845,0.966400000035776,1.5997999999523245,6.883199999988108,1.0830999999641904,1.2165999999642167,1.0166000000238,0.8165000000000191,1.30030000001193,0.5838000000119337]","[1.3832000000476796,1.1333000000119,0.7671999999881223,0.966400000035776,1.5998999999761736,6.883199999988108,1.0830999999641904,1.2165999999642167,1.0166000000238,0.8165999999642395,1.30030000001193,0.5838000000119337]",,,0.0,43.0,43.0,50.0,1.0,zwemmen,mzwemmen,question_multimodal.png,im_combination.png,,,,,,
,,,297804,1,21,2023-10-03_11h06.52.330,flesh_expressibility_dutch,2022.2.4,Win32,59.80861244,,,,20.0,2.0,Nederlands,,,,,,Engels,2.0,,0.0,,0.0,,0.0,,0.0,,0.0,,0.0,,0.0,NL,6.0,2.0,2.0,1.0,,sensorypref2,1536.0,864.0,,,,,,,,,,,,,,,,,,,,,,,,,,,,,,,,,,,,22.0,445.0704,12.0,"[1.3832000000476796,1.1333000000119,0.767100000023845,0.966400000035776,1.5997999999523245,6.883199999988108,1.0830999999641904,1.2165999999642167,1.0166000000238,0.8165000000000191,1.30030000001193,0.5838000000119337]","[1.3832000000476796,1.1333000000119,0.7671999999881223,0.966400000035776,1.5998999999761736,6.883199999988108,1.0830999999641904,1.2165999999642167,1.0166000000238,0.8165999999642395,1.30030000001193,0.5838000000119337]",,,0.0,44.0,44.0,117.0,1.0,haar,mhaar,question_multimodal.png,im_combination.png,,,,,,
,,,297804,1,21,2023-10-03_11h06.52.330,flesh_expressibility_dutch,2022.2.4,Win32,59.80861244,,,,20.0,2.0,Nederlands,,,,,,Engels,2.0,,0.0,,0.0,,0.0,,0.0,,0.0,,0.0,,0.0,NL,6.0,2.0,2.0,1.0,,sensorypref2,1536.0,864.0,,,,,,,,,,,,,,,,,,,,,,,,,,,,,,,,,,,,21.0,446.1967,13.0,"[1.3832000000476796,1.1333000000119,0.767100000023845,0.966400000035776,1.5997999999523245,6.883199999988108,1.0830999999641904,1.2165999999642167,1.0166000000238,0.8165000000000191,1.30030000001193,0.5838000000119337,0.9336000000238869]","[1.3832000000476796,1.1333000000119,0.7671999999881223,0.966400000035776,1.5998999999761736,6.883199999988108,1.0830999999641904,1.2165999999642167,1.0166000000238,0.8165999999642395,1.30030000001193,0.5838000000119337,0.9336000000238869]",0.488888917,4.4282,0.0,45.0,45.0,52.0,1.0,vangen,mvangen,question_multimodal.png,im_combination.png,,,,,,
,,,297804,1,21,2023-10-03_11h06.52.330,flesh_expressibility_dutch,2022.2.4,Win32,59.80861244,,,,20.0,2.0,Nederlands,,,,,,Engels,2.0,,0.0,,0.0,,0.0,,0.0,,0.0,,0.0,,0.0,NL,6.0,2.0,2.0,1.0,,sensorypref2,1536.0,864.0,,,,,,,,,,,,,,,,,,,,,,,,,,,,,,,,,,,,21.0,451.4193,14.0,"[1.3832000000476796,1.1333000000119,0.767100000023845,0.966400000035776,1.5997999999523245,6.883199999988108,1.0830999999641904,1.2165999999642167,1.0166000000238,0.8165000000000191,1.30030000001193,0.5838000000119337,0.9336000000238869,0.9331999999880622]","[1.3832000000476796,1.1333000000119,0.7671999999881223,0.966400000035776,1.5998999999761736,6.883199999988108,1.0830999999641904,1.2165999999642167,1.0166000000238,0.8165999999642395,1.30030000001193,0.5838000000119337,0.9336000000238869,0.9331999999880622]",-0.479629658,3.5525,0.0,46.0,46.0,72.0,1.0,verrot,mverrot,question_multimodal.png,im_combination.png,,,,,,
,,,297804,1,21,2023-10-03_11h06.52.330,flesh_expressibility_dutch,2022.2.4,Win32,59.80861244,,,,20.0,2.0,Nederlands,,,,,,Engels,2.0,,0.0,,0.0,,0.0,,0.0,,0.0,,0.0,,0.0,NL,6.0,2.0,2.0,1.0,,sensorypref2,1536.0,864.0,,,,,,,,,,,,,,,,,,,,,,,,,,,,,,,,,,,,22.0,455.9246,14.0,"[1.3832000000476796,1.1333000000119,0.767100000023845,0.966400000035776,1.5997999999523245,6.883199999988108,1.0830999999641904,1.2165999999642167,1.0166000000238,0.8165000000000191,1.30030000001193,0.5838000000119337,0.9336000000238869,0.9331999999880622]","[1.3832000000476796,1.1333000000119,0.7671999999881223,0.966400000035776,1.5998999999761736,6.883199999988108,1.0830999999641904,1.2165999999642167,1.0166000000238,0.8165999999642395,1.30030000001193,0.5838000000119337,0.9336000000238869,0.9331999999880622]",,,0.0,47.0,47.0,77.0,1.0,groen,mgroen,question_multimodal.png,im_combination.png,,,,,,
,,,297804,1,21,2023-10-03_11h06.52.330,flesh_expressibility_dutch,2022.2.4,Win32,59.80861244,,,,20.0,2.0,Nederlands,,,,,,Engels,2.0,,0.0,,0.0,,0.0,,0.0,,0.0,,0.0,,0.0,NL,6.0,2.0,2.0,1.0,,sensorypref2,1536.0,864.0,,,,,,,,,,,,,,,,,,,,,,,,,,,,,,,,,,,,22.0,456.8934,14.0,"[1.3832000000476796,1.1333000000119,0.767100000023845,0.966400000035776,1.5997999999523245,6.883199999988108,1.0830999999641904,1.2165999999642167,1.0166000000238,0.8165000000000191,1.30030000001193,0.5838000000119337,0.9336000000238869,0.9331999999880622]","[1.3832000000476796,1.1333000000119,0.7671999999881223,0.966400000035776,1.5998999999761736,6.883199999988108,1.0830999999641904,1.2165999999642167,1.0166000000238,0.8165999999642395,1.30030000001193,0.5838000000119337,0.9336000000238869,0.9331999999880622]",,,0.0,48.0,48.0,121.0,1.0,voet,mvoet,question_multimodal.png,im_combination.png,,,,,,
,,,297804,1,21,2023-10-03_11h06.52.330,flesh_expressibility_dutch,2022.2.4,Win32,59.80861244,,,,20.0,2.0,Nederlands,,,,,,Engels,2.0,,0.0,,0.0,,0.0,,0.0,,0.0,,0.0,,0.0,NL,6.0,2.0,2.0,1.0,,sensorypref2,1536.0,864.0,,,,,,,,,,,,,,,,,,,,,,,,,,,,,,,,,,,,21.0,457.8702,15.0,"[1.3832000000476796,1.1333000000119,0.767100000023845,0.966400000035776,1.5997999999523245,6.883199999988108,1.0830999999641904,1.2165999999642167,1.0166000000238,0.8165000000000191,1.30030000001193,0.5838000000119337,0.9336000000238869,0.9331999999880622,1.083500000000015]","[1.3832000000476796,1.1333000000119,0.7671999999881223,0.966400000035776,1.5998999999761736,6.883199999988108,1.0830999999641904,1.2165999999642167,1.0166000000238,0.8165999999642395,1.30030000001193,0.5838000000119337,0.9336000000238869,0.9331999999880622,1.083500000000015]",-0.574074074,3.3515,0.0,49.0,49.0,158.0,1.0,hout,mhout,question_multimodal.png,im_combination.png,,,,,,
,,,297804,1,21,2023-10-03_11h06.52.330,flesh_expressibility_dutch,2022.2.4,Win32,59.80861244,,,,20.0,2.0,Nederlands,,,,,,Engels,2.0,,0.0,,0.0,,0.0,,0.0,,0.0,,0.0,,0.0,NL,6.0,2.0,2.0,1.0,,sensorypref2,1536.0,864.0,,,,,,,,,,,,,,,,,,,,,,,,,,,,,,,,,,,,22.0,462.274,15.0,"[1.3832000000476796,1.1333000000119,0.767100000023845,0.966400000035776,1.5997999999523245,6.883199999988108,1.0830999999641904,1.2165999999642167,1.0166000000238,0.8165000000000191,1.30030000001193,0.5838000000119337,0.9336000000238869,0.9331999999880622,1.083500000000015]","[1.3832000000476796,1.1333000000119,0.7671999999881223,0.966400000035776,1.5998999999761736,6.883199999988108,1.0830999999641904,1.2165999999642167,1.0166000000238,0.8165999999642395,1.30030000001193,0.5838000000119337,0.9336000000238869,0.9331999999880622,1.083500000000015]",,,0.0,50.0,50.0,181.0,1.0,ik,mik,question_multimodal.png,im_combination.png,,,,,,
,,,297804,1,21,2023-10-03_11h06.52.330,flesh_expressibility_dutch,2022.2.4,Win32,59.80861244,,,,20.0,2.0,Nederlands,,,,,,Engels,2.0,,0.0,,0.0,,0.0,,0.0,,0.0,,0.0,,0.0,NL,6.0,2.0,2.0,1.0,,sensorypref2,1536.0,864.0,,,,,,,,,,,,,,,,,,,,,,,,,,,,,,,,,,,,22.0,463.2986,15.0,"[1.3832000000476796,1.1333000000119,0.767100000023845,0.966400000035776,1.5997999999523245,6.883199999988108,1.0830999999641904,1.2165999999642167,1.0166000000238,0.8165000000000191,1.30030000001193,0.5838000000119337,0.9336000000238869,0.9331999999880622,1.083500000000015]","[1.3832000000476796,1.1333000000119,0.7671999999881223,0.966400000035776,1.5998999999761736,6.883199999988108,1.0830999999641904,1.2165999999642167,1.0166000000238,0.8165999999642395,1.30030000001193,0.5838000000119337,0.9336000000238869,0.9331999999880622,1.083500000000015]",,,0.0,51.0,51.0,116.0,1.0,oog,moog,question_multimodal.png,im_combination.png,,,,,,
,,,297804,1,21,2023-10-03_11h06.52.330,flesh_expressibility_dutch,2022.2.4,Win32,59.80861244,,,,20.0,2.0,Nederlands,,,,,,Engels,2.0,,0.0,,0.0,,0.0,,0.0,,0.0,,0.0,,0.0,NL,6.0,2.0,2.0,1.0,,sensorypref2,1536.0,864.0,,,,,,,,,,,,,,,,,,,,,,,,,,,,,,,,,,,,22.0,464.3215,15.0,"[1.3832000000476796,1.1333000000119,0.767100000023845,0.966400000035776,1.5997999999523245,6.883199999988108,1.0830999999641904,1.2165999999642167,1.0166000000238,0.8165000000000191,1.30030000001193,0.5838000000119337,0.9336000000238869,0.9331999999880622,1.083500000000015]","[1.3832000000476796,1.1333000000119,0.7671999999881223,0.966400000035776,1.5998999999761736,6.883199999988108,1.0830999999641904,1.2165999999642167,1.0166000000238,0.8165999999642395,1.30030000001193,0.5838000000119337,0.9336000000238869,0.9331999999880622,1.083500000000015]",,,0.0,52.0,52.0,84.0,1.0,kort,mkort,question_multimodal.png,im_combination.png,,,,,,
,,,297804,1,21,2023-10-03_11h06.52.330,flesh_expressibility_dutch,2022.2.4,Win32,59.80861244,,,,20.0,2.0,Nederlands,,,,,,Engels,2.0,,0.0,,0.0,,0.0,,0.0,,0.0,,0.0,,0.0,NL,6.0,2.0,2.0,1.0,,sensorypref2,1536.0,864.0,,,,,,,,,,,,,,,,,,,,,,,,,,,,,,,,,,,,21.0,465.3457,16.0,"[1.3832000000476796,1.1333000000119,0.767100000023845,0.966400000035776,1.5997999999523245,6.883199999988108,1.0830999999641904,1.2165999999642167,1.0166000000238,0.8165000000000191,1.30030000001193,0.5838000000119337,0.9336000000238869,0.9331999999880622,1.083500000000015,0.7333000000119227]","[1.3832000000476796,1.1333000000119,0.7671999999881223,0.966400000035776,1.5998999999761736,6.883199999988108,1.0830999999641904,1.2165999999642167,1.0166000000238,0.8165999999642395,1.30030000001193,0.5838000000119337,0.9336000000238869,0.9331999999880622,1.083500000000015,0.7333000000119227]",-0.46666661,3.9868,0.0,53.0,53.0,182.0,1.0,naam,mnaam,question_multimodal.png,im_combination.png,,,,,,
,,,297804,1,21,2023-10-03_11h06.52.330,flesh_expressibility_dutch,2022.2.4,Win32,59.80861244,,,,20.0,2.0,Nederlands,,,,,,Engels,2.0,,0.0,,0.0,,0.0,,0.0,,0.0,,0.0,,0.0,NL,6.0,2.0,2.0,1.0,,sensorypref2,1536.0,864.0,,,,,,,,,,,,,,,,,,,,,,,,,,,,,,,,,,,,22.0,469.975,16.0,"[1.3832000000476796,1.1333000000119,0.767100000023845,0.966400000035776,1.5997999999523245,6.883199999988108,1.0830999999641904,1.2165999999642167,1.0166000000238,0.8165000000000191,1.30030000001193,0.5838000000119337,0.9336000000238869,0.9331999999880622,1.083500000000015,0.7333000000119227]","[1.3832000000476796,1.1333000000119,0.7671999999881223,0.966400000035776,1.5998999999761736,6.883199999988108,1.0830999999641904,1.2165999999642167,1.0166000000238,0.8165999999642395,1.30030000001193,0.5838000000119337,0.9336000000238869,0.9331999999880622,1.083500000000015,0.7333000000119227]",,,0.0,54.0,54.0,22.0,1.0,sommige,msommige,question_multimodal.png,im_combination.png,,,,,,
,,,297804,1,21,2023-10-03_11h06.52.330,flesh_expressibility_dutch,2022.2.4,Win32,59.80861244,,,,20.0,2.0,Nederlands,,,,,,Engels,2.0,,0.0,,0.0,,0.0,,0.0,,0.0,,0.0,,0.0,NL,6.0,2.0,2.0,1.0,,sensorypref2,1536.0,864.0,,,,,,,,,,,,,,,,,,,,,,,,,,,,,,,,,,,,22.0,470.9771,16.0,"[1.3832000000476796,1.1333000000119,0.767100000023845,0.966400000035776,1.5997999999523245,6.883199999988108,1.0830999999641904,1.2165999999642167,1.0166000000238,0.8165000000000191,1.30030000001193,0.5838000000119337,0.9336000000238869,0.9331999999880622,1.083500000000015,0.7333000000119227]","[1.3832000000476796,1.1333000000119,0.7671999999881223,0.966400000035776,1.5998999999761736,6.883199999988108,1.0830999999641904,1.2165999999642167,1.0166000000238,0.8165999999642395,1.30030000001193,0.5838000000119337,0.9336000000238869,0.9331999999880622,1.083500000000015,0.7333000000119227]",,,0.0,55.0,55.0,196.0,1.0,steen,msteen,question_multimodal.png,im_combination.png,,,,,,
,,,297804,1,21,2023-10-03_11h06.52.330,flesh_expressibility_dutch,2022.2.4,Win32,59.80861244,,,,20.0,2.0,Nederlands,,,,,,Engels,2.0,,0.0,,0.0,,0.0,,0.0,,0.0,,0.0,,0.0,NL,6.0,2.0,2.0,1.0,,sensorypref2,1536.0,864.0,,,,,,,,,,,,,,,,,,,,,,,,,,,,,,,,,,,,22.0,472.0756,16.0,"[1.3832000000476796,1.1333000000119,0.767100000023845,0.966400000035776,1.5997999999523245,6.883199999988108,1.0830999999641904,1.2165999999642167,1.0166000000238,0.8165000000000191,1.30030000001193,0.5838000000119337,0.9336000000238869,0.9331999999880622,1.083500000000015,0.7333000000119227]","[1.3832000000476796,1.1333000000119,0.7671999999881223,0.966400000035776,1.5998999999761736,6.883199999988108,1.0830999999641904,1.2165999999642167,1.0166000000238,0.8165999999642395,1.30030000001193,0.5838000000119337,0.9336000000238869,0.9331999999880622,1.083500000000015,0.7333000000119227]",,,0.0,56.0,56.0,133.0,1.0,ster,mster,question_multimodal.png,im_combination.png,,,,,,
,,,297804,1,21,2023-10-03_11h06.52.330,flesh_expressibility_dutch,2022.2.4,Win32,59.80861244,,,,20.0,2.0,Nederlands,,,,,,Engels,2.0,,0.0,,0.0,,0.0,,0.0,,0.0,,0.0,,0.0,NL,6.0,2.0,2.0,1.0,,sensorypref2,1536.0,864.0,,,,,,,,,,,,,,,,,,,,,,,,,,,,,,,,,,,,21.0,473.1297,17.0,"[1.3832000000476796,1.1333000000119,0.767100000023845,0.966400000035776,1.5997999999523245,6.883199999988108,1.0830999999641904,1.2165999999642167,1.0166000000238,0.8165000000000191,1.30030000001193,0.5838000000119337,0.9336000000238869,0.9331999999880622,1.083500000000015,0.7333000000119227,2.4165999999642622]","[1.3832000000476796,1.1333000000119,0.7671999999881223,0.966400000035776,1.5998999999761736,6.883199999988108,1.0830999999641904,1.2165999999642167,1.0166000000238,0.8165999999642395,1.30030000001193,0.5838000000119337,0.9336000000238869,0.9331999999880622,1.083500000000015,0.7333000000119227,2.4165999999642622]",0.014814871,4.6758,0.0,57.0,57.0,103.0,1.0,vlieg,mvlieg,question_multimodal.png,im_combination.png,,,,,,
,,,297804,1,21,2023-10-03_11h06.52.330,flesh_expressibility_dutch,2022.2.4,Win32,59.80861244,,,,20.0,2.0,Nederlands,,,,,,Engels,2.0,,0.0,,0.0,,0.0,,0.0,,0.0,,0.0,,0.0,NL,6.0,2.0,2.0,1.0,,sensorypref2,1536.0,864.0,,,,,,,,,,,,,,,,,,,,,,,,,,,,,,,,,,,,22.0,479.2726,17.0,"[1.3832000000476796,1.1333000000119,0.767100000023845,0.966400000035776,1.5997999999523245,6.883199999988108,1.0830999999641904,1.2165999999642167,1.0166000000238,0.8165000000000191,1.30030000001193,0.5838000000119337,0.9336000000238869,0.9331999999880622,1.083500000000015,0.7333000000119227,2.4165999999642622]","[1.3832000000476796,1.1333000000119,0.7671999999881223,0.966400000035776,1.5998999999761736,6.883199999988108,1.0830999999641904,1.2165999999642167,1.0166000000238,0.8165999999642395,1.30030000001193,0.5838000000119337,0.9336000000238869,0.9331999999880622,1.083500000000015,0.7333000000119227,2.4165999999642622]",,,0.0,58.0,58.0,154.0,1.0,zeggen,mzeggen,question_multimodal.png,im_combination.png,,,,,,
,,,297804,1,21,2023-10-03_11h06.52.330,flesh_expressibility_dutch,2022.2.4,Win32,59.80861244,,,,20.0,2.0,Nederlands,,,,,,Engels,2.0,,0.0,,0.0,,0.0,,0.0,,0.0,,0.0,,0.0,NL,6.0,2.0,2.0,1.0,,sensorypref2,1536.0,864.0,,,,,,,,,,,,,,,,,,,,,,,,,,,,,,,,,,,,21.0,480.2991,18.0,"[1.3832000000476796,1.1333000000119,0.767100000023845,0.966400000035776,1.5997999999523245,6.883199999988108,1.0830999999641904,1.2165999999642167,1.0166000000238,0.8165000000000191,1.30030000001193,0.5838000000119337,0.9336000000238869,0.9331999999880622,1.083500000000015,0.7333000000119227,2.4165999999642622,0.7835000000000036]","[1.3832000000476796,1.1333000000119,0.7671999999881223,0.966400000035776,1.5998999999761736,6.883199999988108,1.0830999999641904,1.2165999999642167,1.0166000000238,0.8165999999642395,1.30030000001193,0.5838000000119337,0.9336000000238869,0.9331999999880622,1.083500000000015,0.7333000000119227,2.4165999999642622,0.7835000000000036]",-0.538888861,3.3935,0.0,59.0,59.0,67.0,1.0,ruw,mruw,question_multimodal.png,im_combination.png,,,,,,
,,,297804,1,21,2023-10-03_11h06.52.330,flesh_expressibility_dutch,2022.2.4,Win32,59.80861244,,,,20.0,2.0,Nederlands,,,,,,Engels,2.0,,0.0,,0.0,,0.0,,0.0,,0.0,,0.0,,0.0,NL,6.0,2.0,2.0,1.0,,sensorypref2,1536.0,864.0,,,,,,,,,,,,,,,,,,,,,,,,,,,,,,,,,,,,22.0,484.3922,18.0,"[1.3832000000476796,1.1333000000119,0.767100000023845,0.966400000035776,1.5997999999523245,6.883199999988108,1.0830999999641904,1.2165999999642167,1.0166000000238,0.8165000000000191,1.30030000001193,0.5838000000119337,0.9336000000238869,0.9331999999880622,1.083500000000015,0.7333000000119227,2.4165999999642622,0.7835000000000036]","[1.3832000000476796,1.1333000000119,0.7671999999881223,0.966400000035776,1.5998999999761736,6.883199999988108,1.0830999999641904,1.2165999999642167,1.0166000000238,0.8165999999642395,1.30030000001193,0.5838000000119337,0.9336000000238869,0.9331999999880622,1.083500000000015,0.7333000000119227,2.4165999999642622,0.7835000000000036]",,,0.0,60.0,60.0,115.0,1.0,oor,moor,question_multimodal.png,im_combination.png,,,,,,
,,,297804,1,21,2023-10-03_11h06.52.330,flesh_expressibility_dutch,2022.2.4,Win32,59.80861244,,,,20.0,2.0,Nederlands,,,,,,Engels,2.0,,0.0,,0.0,,0.0,,0.0,,0.0,,0.0,,0.0,NL,6.0,2.0,2.0,1.0,,sensorypref2,1536.0,864.0,,,,,,,,,,,,,,,,,,,,,,,,,,,,,,,,,,,,22.0,485.4167,18.0,"[1.3832000000476796,1.1333000000119,0.767100000023845,0.966400000035776,1.5997999999523245,6.883199999988108,1.0830999999641904,1.2165999999642167,1.0166000000238,0.8165000000000191,1.30030000001193,0.5838000000119337,0.9336000000238869,0.9331999999880622,1.083500000000015,0.7333000000119227,2.4165999999642622,0.7835000000000036]","[1.3832000000476796,1.1333000000119,0.7671999999881223,0.966400000035776,1.5998999999761736,6.883199999988108,1.0830999999641904,1.2165999999642167,1.0166000000238,0.8165999999642395,1.30030000001193,0.5838000000119337,0.9336000000238869,0.9331999999880622,1.083500000000015,0.7333000000119227,2.4165999999642622,0.7835000000000036]",,,0.0,61.0,61.0,151.0,1.0,drinken,mdrinken,question_multimodal.png,im_combination.png,,,,,,
,,,297804,1,21,2023-10-03_11h06.52.330,flesh_expressibility_dutch,2022.2.4,Win32,59.80861244,,,,20.0,2.0,Nederlands,,,,,,Engels,2.0,,0.0,,0.0,,0.0,,0.0,,0.0,,0.0,,0.0,NL,6.0,2.0,2.0,1.0,,sensorypref2,1536.0,864.0,,,,,,,,,,,,,,,,,,,,,,,,,,,,,,,,,,,,22.0,486.4399,18.0,"[1.3832000000476796,1.1333000000119,0.767100000023845,0.966400000035776,1.5997999999523245,6.883199999988108,1.0830999999641904,1.2165999999642167,1.0166000000238,0.8165000000000191,1.30030000001193,0.5838000000119337,0.9336000000238869,0.9331999999880622,1.083500000000015,0.7333000000119227,2.4165999999642622,0.7835000000000036]","[1.3832000000476796,1.1333000000119,0.7671999999881223,0.966400000035776,1.5998999999761736,6.883199999988108,1.0830999999641904,1.2165999999642167,1.0166000000238,0.8165999999642395,1.30030000001193,0.5838000000119337,0.9336000000238869,0.9331999999880622,1.083500000000015,0.7333000000119227,2.4165999999642622,0.7835000000000036]",,,0.0,62.0,62.0,160.0,1.0,wie,mwie,question_multimodal.png,im_combination.png,,,,,,
,,,297804,1,21,2023-10-03_11h06.52.330,flesh_expressibility_dutch,2022.2.4,Win32,59.80861244,,,,20.0,2.0,Nederlands,,,,,,Engels,2.0,,0.0,,0.0,,0.0,,0.0,,0.0,,0.0,,0.0,NL,6.0,2.0,2.0,1.0,,sensorypref2,1536.0,864.0,,,,,,,,,,,,,,,,,,,,,,,,,,,,,,,,,,,,22.0,487.3499,18.0,"[1.3832000000476796,1.1333000000119,0.767100000023845,0.966400000035776,1.5997999999523245,6.883199999988108,1.0830999999641904,1.2165999999642167,1.0166000000238,0.8165000000000191,1.30030000001193,0.5838000000119337,0.9336000000238869,0.9331999999880622,1.083500000000015,0.7333000000119227,2.4165999999642622,0.7835000000000036]","[1.3832000000476796,1.1333000000119,0.7671999999881223,0.966400000035776,1.5998999999761736,6.883199999988108,1.0830999999641904,1.2165999999642167,1.0166000000238,0.8165999999642395,1.30030000001193,0.5838000000119337,0.9336000000238869,0.9331999999880622,1.083500000000015,0.7333000000119227,2.4165999999642622,0.7835000000000036]",,,0.0,63.0,63.0,159.0,1.0,wat,mwat,question_multimodal.png,im_combination.png,,,,,,
,,,297804,1,21,2023-10-03_11h06.52.330,flesh_expressibility_dutch,2022.2.4,Win32,59.80861244,,,,20.0,2.0,Nederlands,,,,,,Engels,2.0,,0.0,,0.0,,0.0,,0.0,,0.0,,0.0,,0.0,NL,6.0,2.0,2.0,1.0,,sensorypref2,1536.0,864.0,,,,,,,,,,,,,,,,,,,,,,,,,,,,,,,,,,,,22.0,488.3119,18.0,"[1.3832000000476796,1.1333000000119,0.767100000023845,0.966400000035776,1.5997999999523245,6.883199999988108,1.0830999999641904,1.2165999999642167,1.0166000000238,0.8165000000000191,1.30030000001193,0.5838000000119337,0.9336000000238869,0.9331999999880622,1.083500000000015,0.7333000000119227,2.4165999999642622,0.7835000000000036]","[1.3832000000476796,1.1333000000119,0.7671999999881223,0.966400000035776,1.5998999999761736,6.883199999988108,1.0830999999641904,1.2165999999642167,1.0166000000238,0.8165999999642395,1.30030000001193,0.5838000000119337,0.9336000000238869,0.9331999999880622,1.083500000000015,0.7333000000119227,2.4165999999642622,0.7835000000000036]",,,0.0,64.0,64.0,25.0,1.0,dood,mdood,question_multimodal.png,im_combination.png,,,,,,
,,,297804,1,21,2023-10-03_11h06.52.330,flesh_expressibility_dutch,2022.2.4,Win32,59.80861244,,,,20.0,2.0,Nederlands,,,,,,Engels,2.0,,0.0,,0.0,,0.0,,0.0,,0.0,,0.0,,0.0,NL,6.0,2.0,2.0,1.0,,sensorypref2,1536.0,864.0,,,,,,,,,,,,,,,,,,,,,,,,,,,,,,,,,,,,21.0,489.5131,19.0,"[1.3832000000476796,1.1333000000119,0.767100000023845,0.966400000035776,1.5997999999523245,6.883199999988108,1.0830999999641904,1.2165999999642167,1.0166000000238,0.8165000000000191,1.30030000001193,0.5838000000119337,0.9336000000238869,0.9331999999880622,1.083500000000015,0.7333000000119227,2.4165999999642622,0.7835000000000036,0.7669999999999959]","[1.3832000000476796,1.1333000000119,0.7671999999881223,0.966400000035776,1.5998999999761736,6.883199999988108,1.0830999999641904,1.2165999999642167,1.0166000000238,0.8165999999642395,1.30030000001193,0.5838000000119337,0.9336000000238869,0.9331999999880622,1.083500000000015,0.7333000000119227,2.4165999999642622,0.7835000000000036,0.767100000023845]",0.144444501,3.8781,0.0,65.0,65.0,81.0,1.0,vriend,mvriend,question_multimodal.png,im_combination.png,,,,,,
,,,297804,1,21,2023-10-03_11h06.52.330,flesh_expressibility_dutch,2022.2.4,Win32,59.80861244,,,,20.0,2.0,Nederlands,,,,,,Engels,2.0,,0.0,,0.0,,0.0,,0.0,,0.0,,0.0,,0.0,NL,6.0,2.0,2.0,1.0,,sensorypref2,1536.0,864.0,,,,,,,,,,,,,,,,,,,,,,,,,,,,,,,,,,,,22.0,493.915,19.0,"[1.3832000000476796,1.1333000000119,0.767100000023845,0.966400000035776,1.5997999999523245,6.883199999988108,1.0830999999641904,1.2165999999642167,1.0166000000238,0.8165000000000191,1.30030000001193,0.5838000000119337,0.9336000000238869,0.9331999999880622,1.083500000000015,0.7333000000119227,2.4165999999642622,0.7835000000000036,0.7669999999999959]","[1.3832000000476796,1.1333000000119,0.7671999999881223,0.966400000035776,1.5998999999761736,6.883199999988108,1.0830999999641904,1.2165999999642167,1.0166000000238,0.8165999999642395,1.30030000001193,0.5838000000119337,0.9336000000238869,0.9331999999880622,1.083500000000015,0.7333000000119227,2.4165999999642622,0.7835000000000036,0.767100000023845]",,,0.0,66.0,66.0,14.0,1.0,licht,mlicht,question_multimodal.png,im_combination.png,,,,,,
,,,297804,1,21,2023-10-03_11h06.52.330,flesh_expressibility_dutch,2022.2.4,Win32,59.80861244,,,,20.0,2.0,Nederlands,,,,,,Engels,2.0,,0.0,,0.0,,0.0,,0.0,,0.0,,0.0,,0.0,NL,6.0,2.0,2.0,1.0,,sensorypref2,1536.0,864.0,,,,,,,,,,,,,,,,,,,,,,,,,,,,,,,,,,,,22.0,494.8364,19.0,"[1.3832000000476796,1.1333000000119,0.767100000023845,0.966400000035776,1.5997999999523245,6.883199999988108,1.0830999999641904,1.2165999999642167,1.0166000000238,0.8165000000000191,1.30030000001193,0.5838000000119337,0.9336000000238869,0.9331999999880622,1.083500000000015,0.7333000000119227,2.4165999999642622,0.7835000000000036,0.7669999999999959]","[1.3832000000476796,1.1333000000119,0.7671999999881223,0.966400000035776,1.5998999999761736,6.883199999988108,1.0830999999641904,1.2165999999642167,1.0166000000238,0.8165999999642395,1.30030000001193,0.5838000000119337,0.9336000000238869,0.9331999999880622,1.083500000000015,0.7333000000119227,2.4165999999642622,0.7835000000000036,0.767100000023845]",,,0.0,67.0,67.0,125.0,1.0,huid,mhuid,question_multimodal.png,im_combination.png,,,,,,
,,,297804,1,21,2023-10-03_11h06.52.330,flesh_expressibility_dutch,2022.2.4,Win32,59.80861244,,,,20.0,2.0,Nederlands,,,,,,Engels,2.0,,0.0,,0.0,,0.0,,0.0,,0.0,,0.0,,0.0,NL,6.0,2.0,2.0,1.0,,sensorypref2,1536.0,864.0,,,,,,,,,,,,,,,,,,,,,,,,,,,,,,,,,,,,22.0,495.9629,19.0,"[1.3832000000476796,1.1333000000119,0.767100000023845,0.966400000035776,1.5997999999523245,6.883199999988108,1.0830999999641904,1.2165999999642167,1.0166000000238,0.8165000000000191,1.30030000001193,0.5838000000119337,0.9336000000238869,0.9331999999880622,1.083500000000015,0.7333000000119227,2.4165999999642622,0.7835000000000036,0.7669999999999959]","[1.3832000000476796,1.1333000000119,0.7671999999881223,0.966400000035776,1.5998999999761736,6.883199999988108,1.0830999999641904,1.2165999999642167,1.0166000000238,0.8165999999642395,1.30030000001193,0.5838000000119337,0.9336000000238869,0.9331999999880622,1.083500000000015,0.7333000000119227,2.4165999999642622,0.7835000000000036,0.767100000023845]",,,0.0,68.0,68.0,1.0,1.0,zoemen,mzoemen,question_multimodal.png,im_combination.png,,,,,,
,,,297804,1,21,2023-10-03_11h06.52.330,flesh_expressibility_dutch,2022.2.4,Win32,59.80861244,,,,20.0,2.0,Nederlands,,,,,,Engels,2.0,,0.0,,0.0,,0.0,,0.0,,0.0,,0.0,,0.0,NL,6.0,2.0,2.0,1.0,,sensorypref2,1536.0,864.0,,,,,,,,,,,,,,,,,,,,,,,,,,,,,,,,,,,,22.0,496.987,19.0,"[1.3832000000476796,1.1333000000119,0.767100000023845,0.966400000035776,1.5997999999523245,6.883199999988108,1.0830999999641904,1.2165999999642167,1.0166000000238,0.8165000000000191,1.30030000001193,0.5838000000119337,0.9336000000238869,0.9331999999880622,1.083500000000015,0.7333000000119227,2.4165999999642622,0.7835000000000036,0.7669999999999959]","[1.3832000000476796,1.1333000000119,0.7671999999881223,0.966400000035776,1.5998999999761736,6.883199999988108,1.0830999999641904,1.2165999999642167,1.0166000000238,0.8165999999642395,1.30030000001193,0.5838000000119337,0.9336000000238869,0.9331999999880622,1.083500000000015,0.7333000000119227,2.4165999999642622,0.7835000000000036,0.767100000023845]",,,0.0,69.0,69.0,32.0,1.0,vooraan,mvooraan,question_multimodal.png,im_combination.png,,,,,,
,,,297804,1,21,2023-10-03_11h06.52.330,flesh_expressibility_dutch,2022.2.4,Win32,59.80861244,,,,20.0,2.0,Nederlands,,,,,,Engels,2.0,,0.0,,0.0,,0.0,,0.0,,0.0,,0.0,,0.0,NL,6.0,2.0,2.0,1.0,,sensorypref2,1536.0,864.0,,,,,,,,,,,,,,,,,,,,,,,,,,,,,,,,,,,,22.0,497.9086,19.0,"[1.3832000000476796,1.1333000000119,0.767100000023845,0.966400000035776,1.5997999999523245,6.883199999988108,1.0830999999641904,1.2165999999642167,1.0166000000238,0.8165000000000191,1.30030000001193,0.5838000000119337,0.9336000000238869,0.9331999999880622,1.083500000000015,0.7333000000119227,2.4165999999642622,0.7835000000000036,0.7669999999999959]","[1.3832000000476796,1.1333000000119,0.7671999999881223,0.966400000035776,1.5998999999761736,6.883199999988108,1.0830999999641904,1.2165999999642167,1.0166000000238,0.8165999999642395,1.30030000001193,0.5838000000119337,0.9336000000238869,0.9331999999880622,1.083500000000015,0.7333000000119227,2.4165999999642622,0.7835000000000036,0.767100000023845]",,,0.0,70.0,70.0,171.0,1.0,zwaar,mzwaar,question_multimodal.png,im_combination.png,,,,,,
,,,297804,1,21,2023-10-03_11h06.52.330,flesh_expressibility_dutch,2022.2.4,Win32,59.80861244,,,,20.0,2.0,Nederlands,,,,,,Engels,2.0,,0.0,,0.0,,0.0,,0.0,,0.0,,0.0,,0.0,NL,6.0,2.0,2.0,1.0,,sensorypref2,1536.0,864.0,,,,,,,,,,,,,,,,,,,,,,,,,,,,,,,,,,,,21.0,498.9331,20.0,"[1.3832000000476796,1.1333000000119,0.767100000023845,0.966400000035776,1.5997999999523245,6.883199999988108,1.0830999999641904,1.2165999999642167,1.0166000000238,0.8165000000000191,1.30030000001193,0.5838000000119337,0.9336000000238869,0.9331999999880622,1.083500000000015,0.7333000000119227,2.4165999999642622,0.7835000000000036,0.7669999999999959,0.5328000000118891]","[1.3832000000476796,1.1333000000119,0.7671999999881223,0.966400000035776,1.5998999999761736,6.883199999988108,1.0830999999641904,1.2165999999642167,1.0166000000238,0.8165999999642395,1.30030000001193,0.5838000000119337,0.9336000000238869,0.9331999999880622,1.083500000000015,0.7333000000119227,2.4165999999642622,0.7835000000000036,0.767100000023845,0.5329000000357382]",-0.281481425,6.1906,0.0,71.0,71.0,68.0,1.0,scherp,mscherp,question_multimodal.png,im_combination.png,,,,,,
,,,297804,1,21,2023-10-03_11h06.52.330,flesh_expressibility_dutch,2022.2.4,Win32,59.80861244,,,,20.0,2.0,Nederlands,,,,,,Engels,2.0,,0.0,,0.0,,0.0,,0.0,,0.0,,0.0,,0.0,NL,6.0,2.0,2.0,1.0,,sensorypref2,1536.0,864.0,,,,,,,,,,,,,,,,,,,,,,,,,,,,,,2.0,"[315.8396999999881,512.7925999999642]","[315.83979999995233,512.7925999999642]",2.0,"[319.4163999999762,516.4268000000119]","[319.41650000000004,516.4268999999762]",21.0,517.9797,21.0,"[1.3832000000476796,1.1333000000119,0.767100000023845,0.966400000035776,1.5997999999523245,6.883199999988108,1.0830999999641904,1.2165999999642167,1.0166000000238,0.8165000000000191,1.30030000001193,0.5838000000119337,0.9336000000238869,0.9331999999880622,1.083500000000015,0.7333000000119227,2.4165999999642622,0.7835000000000036,0.7669999999999959,0.5328000000118891,3.2335999999642127]","[1.3832000000476796,1.1333000000119,0.7671999999881223,0.966400000035776,1.5998999999761736,6.883199999988108,1.0830999999641904,1.2165999999642167,1.0166000000238,0.8165999999642395,1.30030000001193,0.5838000000119337,0.9336000000238869,0.9331999999880622,1.083500000000015,0.7333000000119227,2.4165999999642622,0.7835000000000036,0.767100000023845,0.5329000000357382,3.233699999988062]",0.116666723,6.1096,0.0,0.0,0.0,71.0,1.0,geur,ggeur,question_gesture.png,im_hand.png,,,,,,
,,,297804,1,21,2023-10-03_11h06.52.330,flesh_expressibility_dutch,2022.2.4,Win32,59.80861244,,,,20.0,2.0,Nederlands,,,,,,Engels,2.0,,0.0,,0.0,,0.0,,0.0,,0.0,,0.0,,0.0,NL,6.0,2.0,2.0,1.0,,sensorypref2,1536.0,864.0,,,,,,,,,,,,,,,,,,,,,,,,,,,,,,,,,,,,22.0,524.7061,21.0,"[1.3832000000476796,1.1333000000119,0.767100000023845,0.966400000035776,1.5997999999523245,6.883199999988108,1.0830999999641904,1.2165999999642167,1.0166000000238,0.8165000000000191,1.30030000001193,0.5838000000119337,0.9336000000238869,0.9331999999880622,1.083500000000015,0.7333000000119227,2.4165999999642622,0.7835000000000036,0.7669999999999959,0.5328000000118891,3.2335999999642127]","[1.3832000000476796,1.1333000000119,0.7671999999881223,0.966400000035776,1.5998999999761736,6.883199999988108,1.0830999999641904,1.2165999999642167,1.0166000000238,0.8165999999642395,1.30030000001193,0.5838000000119337,0.9336000000238869,0.9331999999880622,1.083500000000015,0.7333000000119227,2.4165999999642622,0.7835000000000036,0.767100000023845,0.5329000000357382,3.233699999988062]",,,0.0,1.0,1.0,147.0,1.0,knopen,gknopen,question_gesture.png,im_hand.png,,,,,,
,,,297804,1,21,2023-10-03_11h06.52.330,flesh_expressibility_dutch,2022.2.4,Win32,59.80861244,,,,20.0,2.0,Nederlands,,,,,,Engels,2.0,,0.0,,0.0,,0.0,,0.0,,0.0,,0.0,,0.0,NL,6.0,2.0,2.0,1.0,,sensorypref2,1536.0,864.0,,,,,,,,,,,,,,,,,,,,,,,,,,,,,,,,,,,,22.0,525.8642,21.0,"[1.3832000000476796,1.1333000000119,0.767100000023845,0.966400000035776,1.5997999999523245,6.883199999988108,1.0830999999641904,1.2165999999642167,1.0166000000238,0.8165000000000191,1.30030000001193,0.5838000000119337,0.9336000000238869,0.9331999999880622,1.083500000000015,0.7333000000119227,2.4165999999642622,0.7835000000000036,0.7669999999999959,0.5328000000118891,3.2335999999642127]","[1.3832000000476796,1.1333000000119,0.7671999999881223,0.966400000035776,1.5998999999761736,6.883199999988108,1.0830999999641904,1.2165999999642167,1.0166000000238,0.8165999999642395,1.30030000001193,0.5838000000119337,0.9336000000238869,0.9331999999880622,1.083500000000015,0.7333000000119227,2.4165999999642622,0.7835000000000036,0.767100000023845,0.5329000000357382,3.233699999988062]",,,0.0,2.0,2.0,101.0,1.0,hond,ghond,question_gesture.png,im_hand.png,,,,,,
,,,297804,1,21,2023-10-03_11h06.52.330,flesh_expressibility_dutch,2022.2.4,Win32,59.80861244,,,,20.0,2.0,Nederlands,,,,,,Engels,2.0,,0.0,,0.0,,0.0,,0.0,,0.0,,0.0,,0.0,NL,6.0,2.0,2.0,1.0,,sensorypref2,1536.0,864.0,,,,,,,,,,,,,,,,,,,,,,,,,,,,,,,,,,,,21.0,526.786,22.0,"[1.3832000000476796,1.1333000000119,0.767100000023845,0.966400000035776,1.5997999999523245,6.883199999988108,1.0830999999641904,1.2165999999642167,1.0166000000238,0.8165000000000191,1.30030000001193,0.5838000000119337,0.9336000000238869,0.9331999999880622,1.083500000000015,0.7333000000119227,2.4165999999642622,0.7835000000000036,0.7669999999999959,0.5328000000118891,3.2335999999642127,0.783099999964179]","[1.3832000000476796,1.1333000000119,0.7671999999881223,0.966400000035776,1.5998999999761736,6.883199999988108,1.0830999999641904,1.2165999999642167,1.0166000000238,0.8165999999642395,1.30030000001193,0.5838000000119337,0.9336000000238869,0.9331999999880622,1.083500000000015,0.7333000000119227,2.4165999999642622,0.7835000000000036,0.767100000023845,0.5329000000357382,3.233699999988062,0.783099999964179]",-0.735185199,4.288,0.0,3.0,3.0,122.0,1.0,lever,glever,question_gesture.png,im_hand.png,,,,,,
,,,297804,1,21,2023-10-03_11h06.52.330,flesh_expressibility_dutch,2022.2.4,Win32,59.80861244,,,,20.0,2.0,Nederlands,,,,,,Engels,2.0,,0.0,,0.0,,0.0,,0.0,,0.0,,0.0,,0.0,NL,6.0,2.0,2.0,1.0,,sensorypref2,1536.0,864.0,,,,,,,,,,,,,,,,,,,,,,,,,,,,,,,,,,,,22.0,531.9058,22.0,"[1.3832000000476796,1.1333000000119,0.767100000023845,0.966400000035776,1.5997999999523245,6.883199999988108,1.0830999999641904,1.2165999999642167,1.0166000000238,0.8165000000000191,1.30030000001193,0.5838000000119337,0.9336000000238869,0.9331999999880622,1.083500000000015,0.7333000000119227,2.4165999999642622,0.7835000000000036,0.7669999999999959,0.5328000000118891,3.2335999999642127,0.783099999964179]","[1.3832000000476796,1.1333000000119,0.7671999999881223,0.966400000035776,1.5998999999761736,6.883199999988108,1.0830999999641904,1.2165999999642167,1.0166000000238,0.8165999999642395,1.30030000001193,0.5838000000119337,0.9336000000238869,0.9331999999880622,1.083500000000015,0.7333000000119227,2.4165999999642622,0.7835000000000036,0.767100000023845,0.5329000000357382,3.233699999988062,0.783099999964179]",,,0.0,4.0,4.0,180.0,1.0,het,ghet,question_gesture.png,im_hand.png,,,,,,
,,,297804,1,21,2023-10-03_11h06.52.330,flesh_expressibility_dutch,2022.2.4,Win32,59.80861244,,,,20.0,2.0,Nederlands,,,,,,Engels,2.0,,0.0,,0.0,,0.0,,0.0,,0.0,,0.0,,0.0,NL,6.0,2.0,2.0,1.0,,sensorypref2,1536.0,864.0,,,,,,,,,,,,,,,,,,,,,,,,,,,,,,,,,,,,22.0,532.9298,22.0,"[1.3832000000476796,1.1333000000119,0.767100000023845,0.966400000035776,1.5997999999523245,6.883199999988108,1.0830999999641904,1.2165999999642167,1.0166000000238,0.8165000000000191,1.30030000001193,0.5838000000119337,0.9336000000238869,0.9331999999880622,1.083500000000015,0.7333000000119227,2.4165999999642622,0.7835000000000036,0.7669999999999959,0.5328000000118891,3.2335999999642127,0.783099999964179]","[1.3832000000476796,1.1333000000119,0.7671999999881223,0.966400000035776,1.5998999999761736,6.883199999988108,1.0830999999641904,1.2165999999642167,1.0166000000238,0.8165999999642395,1.30030000001193,0.5838000000119337,0.9336000000238869,0.9331999999880622,1.083500000000015,0.7333000000119227,2.4165999999642622,0.7835000000000036,0.767100000023845,0.5329000000357382,3.233699999988062,0.783099999964179]",,,0.0,5.0,5.0,100.0,1.0,vogel,gvogel,question_gesture.png,im_hand.png,,,,,,
,,,297804,1,21,2023-10-03_11h06.52.330,flesh_expressibility_dutch,2022.2.4,Win32,59.80861244,,,,20.0,2.0,Nederlands,,,,,,Engels,2.0,,0.0,,0.0,,0.0,,0.0,,0.0,,0.0,,0.0,NL,6.0,2.0,2.0,1.0,,sensorypref2,1536.0,864.0,,,,,,,,,,,,,,,,,,,,,,,,,,,,,,,,,,,,22.0,533.9541,22.0,"[1.3832000000476796,1.1333000000119,0.767100000023845,0.966400000035776,1.5997999999523245,6.883199999988108,1.0830999999641904,1.2165999999642167,1.0166000000238,0.8165000000000191,1.30030000001193,0.5838000000119337,0.9336000000238869,0.9331999999880622,1.083500000000015,0.7333000000119227,2.4165999999642622,0.7835000000000036,0.7669999999999959,0.5328000000118891,3.2335999999642127,0.783099999964179]","[1.3832000000476796,1.1333000000119,0.7671999999881223,0.966400000035776,1.5998999999761736,6.883199999988108,1.0830999999641904,1.2165999999642167,1.0166000000238,0.8165999999642395,1.30030000001193,0.5838000000119337,0.9336000000238869,0.9331999999880622,1.083500000000015,0.7333000000119227,2.4165999999642622,0.7835000000000036,0.767100000023845,0.5329000000357382,3.233699999988062,0.783099999964179]",,,0.0,6.0,6.0,57.0,1.0,fruit,gfruit,question_gesture.png,im_hand.png,,,,,,
,,,297804,1,21,2023-10-03_11h06.52.330,flesh_expressibility_dutch,2022.2.4,Win32,59.80861244,,,,20.0,2.0,Nederlands,,,,,,Engels,2.0,,0.0,,0.0,,0.0,,0.0,,0.0,,0.0,,0.0,NL,6.0,2.0,2.0,1.0,,sensorypref2,1536.0,864.0,,,,,,,,,,,,,,,,,,,,,,,,,,,,,,,,,,,,22.0,534.9781,22.0,"[1.3832000000476796,1.1333000000119,0.767100000023845,0.966400000035776,1.5997999999523245,6.883199999988108,1.0830999999641904,1.2165999999642167,1.0166000000238,0.8165000000000191,1.30030000001193,0.5838000000119337,0.9336000000238869,0.9331999999880622,1.083500000000015,0.7333000000119227,2.4165999999642622,0.7835000000000036,0.7669999999999959,0.5328000000118891,3.2335999999642127,0.783099999964179]","[1.3832000000476796,1.1333000000119,0.7671999999881223,0.966400000035776,1.5998999999761736,6.883199999988108,1.0830999999641904,1.2165999999642167,1.0166000000238,0.8165999999642395,1.30030000001193,0.5838000000119337,0.9336000000238869,0.9331999999880622,1.083500000000015,0.7333000000119227,2.4165999999642622,0.7835000000000036,0.767100000023845,0.5329000000357382,3.233699999988062,0.783099999964179]",,,0.0,7.0,7.0,12.0,1.0,ademen,gademen,question_gesture.png,im_hand.png,,,,,,
,,,297804,1,21,2023-10-03_11h06.52.330,flesh_expressibility_dutch,2022.2.4,Win32,59.80861244,,,,20.0,2.0,Nederlands,,,,,,Engels,2.0,,0.0,,0.0,,0.0,,0.0,,0.0,,0.0,,0.0,NL,6.0,2.0,2.0,1.0,,sensorypref2,1536.0,864.0,,,,,,,,,,,,,,,,,,,,,,,,,,,,,,,,,,,,22.0,536.0022,22.0,"[1.3832000000476796,1.1333000000119,0.767100000023845,0.966400000035776,1.5997999999523245,6.883199999988108,1.0830999999641904,1.2165999999642167,1.0166000000238,0.8165000000000191,1.30030000001193,0.5838000000119337,0.9336000000238869,0.9331999999880622,1.083500000000015,0.7333000000119227,2.4165999999642622,0.7835000000000036,0.7669999999999959,0.5328000000118891,3.2335999999642127,0.783099999964179]","[1.3832000000476796,1.1333000000119,0.7671999999881223,0.966400000035776,1.5998999999761736,6.883199999988108,1.0830999999641904,1.2165999999642167,1.0166000000238,0.8165999999642395,1.30030000001193,0.5838000000119337,0.9336000000238869,0.9331999999880622,1.083500000000015,0.7333000000119227,2.4165999999642622,0.7835000000000036,0.767100000023845,0.5329000000357382,3.233699999988062,0.783099999964179]",,,0.0,8.0,8.0,132.0,1.0,aarde,gaarde,question_gesture.png,im_hand.png,,,,,,
,,,297804,1,21,2023-10-03_11h06.52.330,flesh_expressibility_dutch,2022.2.4,Win32,59.80861244,,,,20.0,2.0,Nederlands,,,,,,Engels,2.0,,0.0,,0.0,,0.0,,0.0,,0.0,,0.0,,0.0,NL,6.0,2.0,2.0,1.0,,sensorypref2,1536.0,864.0,,,,,,,,,,,,,,,,,,,,,,,,,,,,,,,,,,,,21.0,536.9238,23.0,"[1.3832000000476796,1.1333000000119,0.767100000023845,0.966400000035776,1.5997999999523245,6.883199999988108,1.0830999999641904,1.2165999999642167,1.0166000000238,0.8165000000000191,1.30030000001193,0.5838000000119337,0.9336000000238869,0.9331999999880622,1.083500000000015,0.7333000000119227,2.4165999999642622,0.7835000000000036,0.7669999999999959,0.5328000000118891,3.2335999999642127,0.783099999964179,2.5830000000000837]","[1.3832000000476796,1.1333000000119,0.7671999999881223,0.966400000035776,1.5998999999761736,6.883199999988108,1.0830999999641904,1.2165999999642167,1.0166000000238,0.8165999999642395,1.30030000001193,0.5838000000119337,0.9336000000238869,0.9331999999880622,1.083500000000015,0.7333000000119227,2.4165999999642622,0.7835000000000036,0.767100000023845,0.5329000000357382,3.233699999988062,0.783099999964179,2.583099999964247]",0.333333333,6.6381,0.0,9.0,9.0,34.0,1.0,vergeten,gvergeten,question_gesture.png,im_hand.png,,,,,,
,,,297804,1,21,2023-10-03_11h06.52.330,flesh_expressibility_dutch,2022.2.4,Win32,59.80861244,,,,20.0,2.0,Nederlands,,,,,,Engels,2.0,,0.0,,0.0,,0.0,,0.0,,0.0,,0.0,,0.0,NL,6.0,2.0,2.0,1.0,,sensorypref2,1536.0,864.0,,,,,,,,,,,,,,,,,,,,,,,,,,,,,,,,,,,,21.0,544.3987,24.0,"[1.3832000000476796,1.1333000000119,0.767100000023845,0.966400000035776,1.5997999999523245,6.883199999988108,1.0830999999641904,1.2165999999642167,1.0166000000238,0.8165000000000191,1.30030000001193,0.5838000000119337,0.9336000000238869,0.9331999999880622,1.083500000000015,0.7333000000119227,2.4165999999642622,0.7835000000000036,0.7669999999999959,0.5328000000118891,3.2335999999642127,0.783099999964179,2.5830000000000837,1.4163999999761927]","[1.3832000000476796,1.1333000000119,0.7671999999881223,0.966400000035776,1.5998999999761736,6.883199999988108,1.0830999999641904,1.2165999999642167,1.0166000000238,0.8165999999642395,1.30030000001193,0.5838000000119337,0.9336000000238869,0.9331999999880622,1.083500000000015,0.7333000000119227,2.4165999999642622,0.7835000000000036,0.767100000023845,0.5329000000357382,3.233699999988062,0.783099999964179,2.583099999964247,1.4163999999761927]",-0.340740769,4.621,0.0,10.0,10.0,13.0,1.0,geurig,ggeurig,question_gesture.png,im_hand.png,,,,,,
,,,297804,1,21,2023-10-03_11h06.52.330,flesh_expressibility_dutch,2022.2.4,Win32,59.80861244,,,,20.0,2.0,Nederlands,,,,,,Engels,2.0,,0.0,,0.0,,0.0,,0.0,,0.0,,0.0,,0.0,NL,6.0,2.0,2.0,1.0,,sensorypref2,1536.0,864.0,,,,,,,,,,,,,,,,,,,,,,,,,,,,,,,,,,,,22.0,549.928,24.0,"[1.3832000000476796,1.1333000000119,0.767100000023845,0.966400000035776,1.5997999999523245,6.883199999988108,1.0830999999641904,1.2165999999642167,1.0166000000238,0.8165000000000191,1.30030000001193,0.5838000000119337,0.9336000000238869,0.9331999999880622,1.083500000000015,0.7333000000119227,2.4165999999642622,0.7835000000000036,0.7669999999999959,0.5328000000118891,3.2335999999642127,0.783099999964179,2.5830000000000837,1.4163999999761927]","[1.3832000000476796,1.1333000000119,0.7671999999881223,0.966400000035776,1.5998999999761736,6.883199999988108,1.0830999999641904,1.2165999999642167,1.0166000000238,0.8165999999642395,1.30030000001193,0.5838000000119337,0.9336000000238869,0.9331999999880622,1.083500000000015,0.7333000000119227,2.4165999999642622,0.7835000000000036,0.767100000023845,0.5329000000357382,3.233699999988062,0.783099999964179,2.583099999964247,1.4163999999761927]",,,0.0,11.0,11.0,54.0,1.0,snel,gsnel,question_gesture.png,im_hand.png,,,,,,
,,,297804,1,21,2023-10-03_11h06.52.330,flesh_expressibility_dutch,2022.2.4,Win32,59.80861244,,,,20.0,2.0,Nederlands,,,,,,Engels,2.0,,0.0,,0.0,,0.0,,0.0,,0.0,,0.0,,0.0,NL,6.0,2.0,2.0,1.0,,sensorypref2,1536.0,864.0,,,,,,,,,,,,,,,,,,,,,,,,,,,,,,,,,,,,22.0,550.9535,24.0,"[1.3832000000476796,1.1333000000119,0.767100000023845,0.966400000035776,1.5997999999523245,6.883199999988108,1.0830999999641904,1.2165999999642167,1.0166000000238,0.8165000000000191,1.30030000001193,0.5838000000119337,0.9336000000238869,0.9331999999880622,1.083500000000015,0.7333000000119227,2.4165999999642622,0.7835000000000036,0.7669999999999959,0.5328000000118891,3.2335999999642127,0.783099999964179,2.5830000000000837,1.4163999999761927]","[1.3832000000476796,1.1333000000119,0.7671999999881223,0.966400000035776,1.5998999999761736,6.883199999988108,1.0830999999641904,1.2165999999642167,1.0166000000238,0.8165999999642395,1.30030000001193,0.5838000000119337,0.9336000000238869,0.9331999999880622,1.083500000000015,0.7333000000119227,2.4165999999642622,0.7835000000000036,0.767100000023845,0.5329000000357382,3.233699999988062,0.783099999964179,2.583099999964247,1.4163999999761927]",,,0.0,12.0,12.0,41.0,1.0,bliksem,gbliksem,question_gesture.png,im_hand.png,,,,,,
,,,297804,1,21,2023-10-03_11h06.52.330,flesh_expressibility_dutch,2022.2.4,Win32,59.80861244,,,,20.0,2.0,Nederlands,,,,,,Engels,2.0,,0.0,,0.0,,0.0,,0.0,,0.0,,0.0,,0.0,NL,6.0,2.0,2.0,1.0,,sensorypref2,1536.0,864.0,,,,,,,,,,,,,,,,,,,,,,,,,,,,,,,,,,,,22.0,551.7848,24.0,"[1.3832000000476796,1.1333000000119,0.767100000023845,0.966400000035776,1.5997999999523245,6.883199999988108,1.0830999999641904,1.2165999999642167,1.0166000000238,0.8165000000000191,1.30030000001193,0.5838000000119337,0.9336000000238869,0.9331999999880622,1.083500000000015,0.7333000000119227,2.4165999999642622,0.7835000000000036,0.7669999999999959,0.5328000000118891,3.2335999999642127,0.783099999964179,2.5830000000000837,1.4163999999761927]","[1.3832000000476796,1.1333000000119,0.7671999999881223,0.966400000035776,1.5998999999761736,6.883199999988108,1.0830999999641904,1.2165999999642167,1.0166000000238,0.8165999999642395,1.30030000001193,0.5838000000119337,0.9336000000238869,0.9331999999880622,1.083500000000015,0.7333000000119227,2.4165999999642622,0.7835000000000036,0.767100000023845,0.5329000000357382,3.233699999988062,0.783099999964179,2.583099999964247,1.4163999999761927]",,,0.0,13.0,13.0,28.0,1.0,man,gman,question_gesture.png,im_hand.png,,,,,,
,,,297804,1,21,2023-10-03_11h06.52.330,flesh_expressibility_dutch,2022.2.4,Win32,59.80861244,,,,20.0,2.0,Nederlands,,,,,,Engels,2.0,,0.0,,0.0,,0.0,,0.0,,0.0,,0.0,,0.0,NL,6.0,2.0,2.0,1.0,,sensorypref2,1536.0,864.0,,,,,,,,,,,,,,,,,,,,,,,,,,,,,,,,,,,,22.0,552.9,24.0,"[1.3832000000476796,1.1333000000119,0.767100000023845,0.966400000035776,1.5997999999523245,6.883199999988108,1.0830999999641904,1.2165999999642167,1.0166000000238,0.8165000000000191,1.30030000001193,0.5838000000119337,0.9336000000238869,0.9331999999880622,1.083500000000015,0.7333000000119227,2.4165999999642622,0.7835000000000036,0.7669999999999959,0.5328000000118891,3.2335999999642127,0.783099999964179,2.5830000000000837,1.4163999999761927]","[1.3832000000476796,1.1333000000119,0.7671999999881223,0.966400000035776,1.5998999999761736,6.883199999988108,1.0830999999641904,1.2165999999642167,1.0166000000238,0.8165999999642395,1.30030000001193,0.5838000000119337,0.9336000000238869,0.9331999999880622,1.083500000000015,0.7333000000119227,2.4165999999642622,0.7835000000000036,0.767100000023845,0.5329000000357382,3.233699999988062,0.783099999964179,2.583099999964247,1.4163999999761927]",,,0.0,14.0,14.0,191.0,1.0,vuur,gvuur,question_gesture.png,im_hand.png,,,,,,
,,,297804,1,21,2023-10-03_11h06.52.330,flesh_expressibility_dutch,2022.2.4,Win32,59.80861244,,,,20.0,2.0,Nederlands,,,,,,Engels,2.0,,0.0,,0.0,,0.0,,0.0,,0.0,,0.0,,0.0,NL,6.0,2.0,2.0,1.0,,sensorypref2,1536.0,864.0,,,,,,,,,,,,,,,,,,,,,,,,,,,,,,,,,,,,22.0,553.9241,24.0,"[1.3832000000476796,1.1333000000119,0.767100000023845,0.966400000035776,1.5997999999523245,6.883199999988108,1.0830999999641904,1.2165999999642167,1.0166000000238,0.8165000000000191,1.30030000001193,0.5838000000119337,0.9336000000238869,0.9331999999880622,1.083500000000015,0.7333000000119227,2.4165999999642622,0.7835000000000036,0.7669999999999959,0.5328000000118891,3.2335999999642127,0.783099999964179,2.5830000000000837,1.4163999999761927]","[1.3832000000476796,1.1333000000119,0.7671999999881223,0.966400000035776,1.5998999999761736,6.883199999988108,1.0830999999641904,1.2165999999642167,1.0166000000238,0.8165999999642395,1.30030000001193,0.5838000000119337,0.9336000000238869,0.9331999999880622,1.083500000000015,0.7333000000119227,2.4165999999642622,0.7835000000000036,0.767100000023845,0.5329000000357382,3.233699999988062,0.783099999964179,2.583099999964247,1.4163999999761927]",,,0.0,15.0,15.0,16.0,1.0,alles,galles,question_gesture.png,im_hand.png,,,,,,
,,,297804,1,21,2023-10-03_11h06.52.330,flesh_expressibility_dutch,2022.2.4,Win32,59.80861244,,,,20.0,2.0,Nederlands,,,,,,Engels,2.0,,0.0,,0.0,,0.0,,0.0,,0.0,,0.0,,0.0,NL,6.0,2.0,2.0,1.0,,sensorypref2,1536.0,864.0,,,,,,,,,,,,,,,,,,,,,,,,,,,,,,,,,,,,21.0,554.9479,25.0,"[1.3832000000476796,1.1333000000119,0.767100000023845,0.966400000035776,1.5997999999523245,6.883199999988108,1.0830999999641904,1.2165999999642167,1.0166000000238,0.8165000000000191,1.30030000001193,0.5838000000119337,0.9336000000238869,0.9331999999880622,1.083500000000015,0.7333000000119227,2.4165999999642622,0.7835000000000036,0.7669999999999959,0.5328000000118891,3.2335999999642127,0.783099999964179,2.5830000000000837,1.4163999999761927,0.6163999999761245]","[1.3832000000476796,1.1333000000119,0.7671999999881223,0.966400000035776,1.5998999999761736,6.883199999988108,1.0830999999641904,1.2165999999642167,1.0166000000238,0.8165999999642395,1.30030000001193,0.5838000000119337,0.9336000000238869,0.9331999999880622,1.083500000000015,0.7333000000119227,2.4165999999642622,0.7835000000000036,0.767100000023845,0.5329000000357382,3.233699999988062,0.783099999964179,2.583099999964247,1.4163999999761927,0.6163999999761245]",-0.1351851,4.512,0.0,16.0,16.0,165.0,1.0,hard,ghard,question_gesture.png,im_hand.png,,,,,,
,,,297804,1,21,2023-10-03_11h06.52.330,flesh_expressibility_dutch,2022.2.4,Win32,59.80861244,,,,20.0,2.0,Nederlands,,,,,,Engels,2.0,,0.0,,0.0,,0.0,,0.0,,0.0,,0.0,,0.0,NL,6.0,2.0,2.0,1.0,,sensorypref2,1536.0,864.0,,,,,,,,,,,,,,,,,,,,,,,,,,,,,,,,,,,,22.0,560.0659,25.0,"[1.3832000000476796,1.1333000000119,0.767100000023845,0.966400000035776,1.5997999999523245,6.883199999988108,1.0830999999641904,1.2165999999642167,1.0166000000238,0.8165000000000191,1.30030000001193,0.5838000000119337,0.9336000000238869,0.9331999999880622,1.083500000000015,0.7333000000119227,2.4165999999642622,0.7835000000000036,0.7669999999999959,0.5328000000118891,3.2335999999642127,0.783099999964179,2.5830000000000837,1.4163999999761927,0.6163999999761245]","[1.3832000000476796,1.1333000000119,0.7671999999881223,0.966400000035776,1.5998999999761736,6.883199999988108,1.0830999999641904,1.2165999999642167,1.0166000000238,0.8165999999642395,1.30030000001193,0.5838000000119337,0.9336000000238869,0.9331999999880622,1.083500000000015,0.7333000000119227,2.4165999999642622,0.7835000000000036,0.767100000023845,0.5329000000357382,3.233699999988062,0.783099999964179,2.583099999964247,1.4163999999761927,0.6163999999761245]",,,0.0,17.0,17.0,78.0,1.0,wit,gwit,question_gesture.png,im_hand.png,,,,,,
,,,297804,1,21,2023-10-03_11h06.52.330,flesh_expressibility_dutch,2022.2.4,Win32,59.80861244,,,,20.0,2.0,Nederlands,,,,,,Engels,2.0,,0.0,,0.0,,0.0,,0.0,,0.0,,0.0,,0.0,NL,6.0,2.0,2.0,1.0,,sensorypref2,1536.0,864.0,,,,,,,,,,,,,,,,,,,,,,,,,,,,,,,,,,,,21.0,560.9884,26.0,"[1.3832000000476796,1.1333000000119,0.767100000023845,0.966400000035776,1.5997999999523245,6.883199999988108,1.0830999999641904,1.2165999999642167,1.0166000000238,0.8165000000000191,1.30030000001193,0.5838000000119337,0.9336000000238869,0.9331999999880622,1.083500000000015,0.7333000000119227,2.4165999999642622,0.7835000000000036,0.7669999999999959,0.5328000000118891,3.2335999999642127,0.783099999964179,2.5830000000000837,1.4163999999761927,0.6163999999761245,0.7163999999761472]","[1.3832000000476796,1.1333000000119,0.7671999999881223,0.966400000035776,1.5998999999761736,6.883199999988108,1.0830999999641904,1.2165999999642167,1.0166000000238,0.8165999999642395,1.30030000001193,0.5838000000119337,0.9336000000238869,0.9331999999880622,1.083500000000015,0.7333000000119227,2.4165999999642622,0.7835000000000036,0.767100000023845,0.5329000000357382,3.233699999988062,0.783099999964179,2.583099999964247,1.4163999999761927,0.6163999999761245,0.7163999999761472]",-0.911111125,4.5055,0.0,18.0,18.0,63.0,1.0,hartig,ghartig,question_gesture.png,im_hand.png,,,,,,
,,,297804,1,21,2023-10-03_11h06.52.330,flesh_expressibility_dutch,2022.2.4,Win32,59.80861244,,,,20.0,2.0,Nederlands,,,,,,Engels,2.0,,0.0,,0.0,,0.0,,0.0,,0.0,,0.0,,0.0,NL,6.0,2.0,2.0,1.0,,sensorypref2,1536.0,864.0,,,,,,,,,,,,,,,,,,,,,,,,,,,,,,,,,,,,22.0,566.3127,26.0,"[1.3832000000476796,1.1333000000119,0.767100000023845,0.966400000035776,1.5997999999523245,6.883199999988108,1.0830999999641904,1.2165999999642167,1.0166000000238,0.8165000000000191,1.30030000001193,0.5838000000119337,0.9336000000238869,0.9331999999880622,1.083500000000015,0.7333000000119227,2.4165999999642622,0.7835000000000036,0.7669999999999959,0.5328000000118891,3.2335999999642127,0.783099999964179,2.5830000000000837,1.4163999999761927,0.6163999999761245,0.7163999999761472]","[1.3832000000476796,1.1333000000119,0.7671999999881223,0.966400000035776,1.5998999999761736,6.883199999988108,1.0830999999641904,1.2165999999642167,1.0166000000238,0.8165999999642395,1.30030000001193,0.5838000000119337,0.9336000000238869,0.9331999999880622,1.083500000000015,0.7333000000119227,2.4165999999642622,0.7835000000000036,0.767100000023845,0.5329000000357382,3.233699999988062,0.783099999964179,2.583099999964247,1.4163999999761927,0.6163999999761245,0.7163999999761472]",,,0.0,19.0,19.0,116.0,1.0,oog,goog,question_gesture.png,im_hand.png,,,,,,
,,,297804,1,21,2023-10-03_11h06.52.330,flesh_expressibility_dutch,2022.2.4,Win32,59.80861244,,,,20.0,2.0,Nederlands,,,,,,Engels,2.0,,0.0,,0.0,,0.0,,0.0,,0.0,,0.0,,0.0,NL,6.0,2.0,2.0,1.0,,sensorypref2,1536.0,864.0,,,,,,,,,,,,,,,,,,,,,,,,,,,,,,,,,,,,22.0,567.234,26.0,"[1.3832000000476796,1.1333000000119,0.767100000023845,0.966400000035776,1.5997999999523245,6.883199999988108,1.0830999999641904,1.2165999999642167,1.0166000000238,0.8165000000000191,1.30030000001193,0.5838000000119337,0.9336000000238869,0.9331999999880622,1.083500000000015,0.7333000000119227,2.4165999999642622,0.7835000000000036,0.7669999999999959,0.5328000000118891,3.2335999999642127,0.783099999964179,2.5830000000000837,1.4163999999761927,0.6163999999761245,0.7163999999761472]","[1.3832000000476796,1.1333000000119,0.7671999999881223,0.966400000035776,1.5998999999761736,6.883199999988108,1.0830999999641904,1.2165999999642167,1.0166000000238,0.8165999999642395,1.30030000001193,0.5838000000119337,0.9336000000238869,0.9331999999880622,1.083500000000015,0.7333000000119227,2.4165999999642622,0.7835000000000036,0.767100000023845,0.5329000000357382,3.233699999988062,0.783099999964179,2.583099999964247,1.4163999999761927,0.6163999999761245,0.7163999999761472]",,,0.0,20.0,20.0,75.0,1.0,rond,grond,question_gesture.png,im_hand.png,,,,,,
,,,297804,1,21,2023-10-03_11h06.52.330,flesh_expressibility_dutch,2022.2.4,Win32,59.80861244,,,,20.0,2.0,Nederlands,,,,,,Engels,2.0,,0.0,,0.0,,0.0,,0.0,,0.0,,0.0,,0.0,NL,6.0,2.0,2.0,1.0,,sensorypref2,1536.0,864.0,,,,,,,,,,,,,,,,,,,,,,,,,,,,,,,,,,,,21.0,568.1529,27.0,"[1.3832000000476796,1.1333000000119,0.767100000023845,0.966400000035776,1.5997999999523245,6.883199999988108,1.0830999999641904,1.2165999999642167,1.0166000000238,0.8165000000000191,1.30030000001193,0.5838000000119337,0.9336000000238869,0.9331999999880622,1.083500000000015,0.7333000000119227,2.4165999999642622,0.7835000000000036,0.7669999999999959,0.5328000000118891,3.2335999999642127,0.783099999964179,2.5830000000000837,1.4163999999761927,0.6163999999761245,0.7163999999761472,0.7666000000239137]","[1.3832000000476796,1.1333000000119,0.7671999999881223,0.966400000035776,1.5998999999761736,6.883199999988108,1.0830999999641904,1.2165999999642167,1.0166000000238,0.8165999999642395,1.30030000001193,0.5838000000119337,0.9336000000238869,0.9331999999880622,1.083500000000015,0.7333000000119227,2.4165999999642622,0.7835000000000036,0.767100000023845,0.5329000000357382,3.233699999988062,0.783099999964179,2.583099999964247,1.4163999999761927,0.6163999999761245,0.7163999999761472,0.7666000000239137]",0.32222225,4.0041,0.0,21.0,21.0,60.0,1.0,luidruchtig,gluidruchtig,question_gesture.png,im_hand.png,,,,,,
,,,297804,1,21,2023-10-03_11h06.52.330,flesh_expressibility_dutch,2022.2.4,Win32,59.80861244,,,,20.0,2.0,Nederlands,,,,,,Engels,2.0,,0.0,,0.0,,0.0,,0.0,,0.0,,0.0,,0.0,NL,6.0,2.0,2.0,1.0,,sensorypref2,1536.0,864.0,,,,,,,,,,,,,,,,,,,,,,,,,,,,,,,,,,,,22.0,572.9701,27.0,"[1.3832000000476796,1.1333000000119,0.767100000023845,0.966400000035776,1.5997999999523245,6.883199999988108,1.0830999999641904,1.2165999999642167,1.0166000000238,0.8165000000000191,1.30030000001193,0.5838000000119337,0.9336000000238869,0.9331999999880622,1.083500000000015,0.7333000000119227,2.4165999999642622,0.7835000000000036,0.7669999999999959,0.5328000000118891,3.2335999999642127,0.783099999964179,2.5830000000000837,1.4163999999761927,0.6163999999761245,0.7163999999761472,0.7666000000239137]","[1.3832000000476796,1.1333000000119,0.7671999999881223,0.966400000035776,1.5998999999761736,6.883199999988108,1.0830999999641904,1.2165999999642167,1.0166000000238,0.8165999999642395,1.30030000001193,0.5838000000119337,0.9336000000238869,0.9331999999880622,1.083500000000015,0.7333000000119227,2.4165999999642622,0.7835000000000036,0.767100000023845,0.5329000000357382,3.233699999988062,0.783099999964179,2.583099999964247,1.4163999999761927,0.6163999999761245,0.7163999999761472,0.7666000000239137]",,,0.0,22.0,22.0,27.0,1.0,gezond,ggezond,question_gesture.png,im_hand.png,,,,,,
,,,297804,1,21,2023-10-03_11h06.52.330,flesh_expressibility_dutch,2022.2.4,Win32,59.80861244,,,,20.0,2.0,Nederlands,,,,,,Engels,2.0,,0.0,,0.0,,0.0,,0.0,,0.0,,0.0,,0.0,NL,6.0,2.0,2.0,1.0,,sensorypref2,1536.0,864.0,,,,,,,,,,,,,,,,,,,,,,,,,,,,,,,,,,,,22.0,573.996,27.0,"[1.3832000000476796,1.1333000000119,0.767100000023845,0.966400000035776,1.5997999999523245,6.883199999988108,1.0830999999641904,1.2165999999642167,1.0166000000238,0.8165000000000191,1.30030000001193,0.5838000000119337,0.9336000000238869,0.9331999999880622,1.083500000000015,0.7333000000119227,2.4165999999642622,0.7835000000000036,0.7669999999999959,0.5328000000118891,3.2335999999642127,0.783099999964179,2.5830000000000837,1.4163999999761927,0.6163999999761245,0.7163999999761472,0.7666000000239137]","[1.3832000000476796,1.1333000000119,0.7671999999881223,0.966400000035776,1.5998999999761736,6.883199999988108,1.0830999999641904,1.2165999999642167,1.0166000000238,0.8165999999642395,1.30030000001193,0.5838000000119337,0.9336000000238869,0.9331999999880622,1.083500000000015,0.7333000000119227,2.4165999999642622,0.7835000000000036,0.767100000023845,0.5329000000357382,3.233699999988062,0.783099999964179,2.583099999964247,1.4163999999761927,0.6163999999761245,0.7163999999761472,0.7666000000239137]",,,0.0,23.0,23.0,126.0,1.0,dij,gdij,question_gesture.png,im_hand.png,,,,,,
,,,297804,1,21,2023-10-03_11h06.52.330,flesh_expressibility_dutch,2022.2.4,Win32,59.80861244,,,,20.0,2.0,Nederlands,,,,,,Engels,2.0,,0.0,,0.0,,0.0,,0.0,,0.0,,0.0,,0.0,NL,6.0,2.0,2.0,1.0,,sensorypref2,1536.0,864.0,,,,,,,,,,,,,,,,,,,,,,,,,,,,,,,,,,,,21.0,575.0164,28.0,"[1.3832000000476796,1.1333000000119,0.767100000023845,0.966400000035776,1.5997999999523245,6.883199999988108,1.0830999999641904,1.2165999999642167,1.0166000000238,0.8165000000000191,1.30030000001193,0.5838000000119337,0.9336000000238869,0.9331999999880622,1.083500000000015,0.7333000000119227,2.4165999999642622,0.7835000000000036,0.7669999999999959,0.5328000000118891,3.2335999999642127,0.783099999964179,2.5830000000000837,1.4163999999761927,0.6163999999761245,0.7163999999761472,0.7666000000239137,0.6335000000000264]","[1.3832000000476796,1.1333000000119,0.7671999999881223,0.966400000035776,1.5998999999761736,6.883199999988108,1.0830999999641904,1.2165999999642167,1.0166000000238,0.8165999999642395,1.30030000001193,0.5838000000119337,0.9336000000238869,0.9331999999880622,1.083500000000015,0.7333000000119227,2.4165999999642622,0.7835000000000036,0.767100000023845,0.5329000000357382,3.233699999988062,0.783099999964179,2.583099999964247,1.4163999999761927,0.6163999999761245,0.7163999999761472,0.7666000000239137,0.6335000000000264]",0.472222222,4.3235,0.0,24.0,24.0,137.0,1.0,vallen,gvallen,question_gesture.png,im_hand.png,,,,,,
,,,297804,1,21,2023-10-03_11h06.52.330,flesh_expressibility_dutch,2022.2.4,Win32,59.80861244,,,,20.0,2.0,Nederlands,,,,,,Engels,2.0,,0.0,,0.0,,0.0,,0.0,,0.0,,0.0,,0.0,NL,6.0,2.0,2.0,1.0,,sensorypref2,1536.0,864.0,,,,,,,,,,,,,,,,,,,,,,,,,,,,,,,,,,,,22.0,579.9315,28.0,"[1.3832000000476796,1.1333000000119,0.767100000023845,0.966400000035776,1.5997999999523245,6.883199999988108,1.0830999999641904,1.2165999999642167,1.0166000000238,0.8165000000000191,1.30030000001193,0.5838000000119337,0.9336000000238869,0.9331999999880622,1.083500000000015,0.7333000000119227,2.4165999999642622,0.7835000000000036,0.7669999999999959,0.5328000000118891,3.2335999999642127,0.783099999964179,2.5830000000000837,1.4163999999761927,0.6163999999761245,0.7163999999761472,0.7666000000239137,0.6335000000000264]","[1.3832000000476796,1.1333000000119,0.7671999999881223,0.966400000035776,1.5998999999761736,6.883199999988108,1.0830999999641904,1.2165999999642167,1.0166000000238,0.8165999999642395,1.30030000001193,0.5838000000119337,0.9336000000238869,0.9331999999880622,1.083500000000015,0.7333000000119227,2.4165999999642622,0.7835000000000036,0.767100000023845,0.5329000000357382,3.233699999988062,0.783099999964179,2.583099999964247,1.4163999999761927,0.6163999999761245,0.7163999999761472,0.7666000000239137,0.6335000000000264]",,,0.0,25.0,25.0,184.0,1.0,ver,gver,question_gesture.png,im_hand.png,,,,,,
,,,297804,1,21,2023-10-03_11h06.52.330,flesh_expressibility_dutch,2022.2.4,Win32,59.80861244,,,,20.0,2.0,Nederlands,,,,,,Engels,2.0,,0.0,,0.0,,0.0,,0.0,,0.0,,0.0,,0.0,NL,6.0,2.0,2.0,1.0,,sensorypref2,1536.0,864.0,,,,,,,,,,,,,,,,,,,,,,,,,,,,,,,,,,,,21.0,580.8952,29.0,"[1.3832000000476796,1.1333000000119,0.767100000023845,0.966400000035776,1.5997999999523245,6.883199999988108,1.0830999999641904,1.2165999999642167,1.0166000000238,0.8165000000000191,1.30030000001193,0.5838000000119337,0.9336000000238869,0.9331999999880622,1.083500000000015,0.7333000000119227,2.4165999999642622,0.7835000000000036,0.7669999999999959,0.5328000000118891,3.2335999999642127,0.783099999964179,2.5830000000000837,1.4163999999761927,0.6163999999761245,0.7163999999761472,0.7666000000239137,0.6335000000000264,1.4669999999999845]","[1.3832000000476796,1.1333000000119,0.7671999999881223,0.966400000035776,1.5998999999761736,6.883199999988108,1.0830999999641904,1.2165999999642167,1.0166000000238,0.8165999999642395,1.30030000001193,0.5838000000119337,0.9336000000238869,0.9331999999880622,1.083500000000015,0.7333000000119227,2.4165999999642622,0.7835000000000036,0.767100000023845,0.5329000000357382,3.233699999988062,0.783099999964179,2.583099999964247,1.4163999999761927,0.6163999999761245,0.7163999999761472,0.7666000000239137,0.6335000000000264,1.4669999999999845]",0.090740769,7.4399,0.0,26.0,26.0,26.0,1.0,vrouw,gvrouw,question_gesture.png,im_hand.png,,,,,,
,,,297804,1,21,2023-10-03_11h06.52.330,flesh_expressibility_dutch,2022.2.4,Win32,59.80861244,,,,20.0,2.0,Nederlands,,,,,,Engels,2.0,,0.0,,0.0,,0.0,,0.0,,0.0,,0.0,,0.0,NL,6.0,2.0,2.0,1.0,,sensorypref2,1536.0,864.0,,,,,,,,,,,,,,,,,,,,,,,,,,,,,,,,,,,,22.0,589.8687,29.0,"[1.3832000000476796,1.1333000000119,0.767100000023845,0.966400000035776,1.5997999999523245,6.883199999988108,1.0830999999641904,1.2165999999642167,1.0166000000238,0.8165000000000191,1.30030000001193,0.5838000000119337,0.9336000000238869,0.9331999999880622,1.083500000000015,0.7333000000119227,2.4165999999642622,0.7835000000000036,0.7669999999999959,0.5328000000118891,3.2335999999642127,0.783099999964179,2.5830000000000837,1.4163999999761927,0.6163999999761245,0.7163999999761472,0.7666000000239137,0.6335000000000264,1.4669999999999845]","[1.3832000000476796,1.1333000000119,0.7671999999881223,0.966400000035776,1.5998999999761736,6.883199999988108,1.0830999999641904,1.2165999999642167,1.0166000000238,0.8165999999642395,1.30030000001193,0.5838000000119337,0.9336000000238869,0.9331999999880622,1.083500000000015,0.7333000000119227,2.4165999999642622,0.7835000000000036,0.767100000023845,0.5329000000357382,3.233699999988062,0.783099999964179,2.583099999964247,1.4163999999761927,0.6163999999761245,0.7163999999761472,0.7666000000239137,0.6335000000000264,1.4669999999999845]",,,0.0,27.0,27.0,17.0,1.0,verschillend,gverschillend,question_gesture.png,im_hand.png,,,,,,
,,,297804,1,21,2023-10-03_11h06.52.330,flesh_expressibility_dutch,2022.2.4,Win32,59.80861244,,,,20.0,2.0,Nederlands,,,,,,Engels,2.0,,0.0,,0.0,,0.0,,0.0,,0.0,,0.0,,0.0,NL,6.0,2.0,2.0,1.0,,sensorypref2,1536.0,864.0,,,,,,,,,,,,,,,,,,,,,,,,,,,,,,,,,,,,22.0,590.8918,29.0,"[1.3832000000476796,1.1333000000119,0.767100000023845,0.966400000035776,1.5997999999523245,6.883199999988108,1.0830999999641904,1.2165999999642167,1.0166000000238,0.8165000000000191,1.30030000001193,0.5838000000119337,0.9336000000238869,0.9331999999880622,1.083500000000015,0.7333000000119227,2.4165999999642622,0.7835000000000036,0.7669999999999959,0.5328000000118891,3.2335999999642127,0.783099999964179,2.5830000000000837,1.4163999999761927,0.6163999999761245,0.7163999999761472,0.7666000000239137,0.6335000000000264,1.4669999999999845]","[1.3832000000476796,1.1333000000119,0.7671999999881223,0.966400000035776,1.5998999999761736,6.883199999988108,1.0830999999641904,1.2165999999642167,1.0166000000238,0.8165999999642395,1.30030000001193,0.5838000000119337,0.9336000000238869,0.9331999999880622,1.083500000000015,0.7333000000119227,2.4165999999642622,0.7835000000000036,0.767100000023845,0.5329000000357382,3.233699999988062,0.783099999964179,2.583099999964247,1.4163999999761927,0.6163999999761245,0.7163999999761472,0.7666000000239137,0.6335000000000264,1.4669999999999845]",,,0.0,28.0,28.0,73.0,1.0,ruiken,gruiken,question_gesture.png,im_hand.png,,,,,,
,,,297804,1,21,2023-10-03_11h06.52.330,flesh_expressibility_dutch,2022.2.4,Win32,59.80861244,,,,20.0,2.0,Nederlands,,,,,,Engels,2.0,,0.0,,0.0,,0.0,,0.0,,0.0,,0.0,,0.0,NL,6.0,2.0,2.0,1.0,,sensorypref2,1536.0,864.0,,,,,,,,,,,,,,,,,,,,,,,,,,,,,,,,,,,,22.0,591.8254,29.0,"[1.3832000000476796,1.1333000000119,0.767100000023845,0.966400000035776,1.5997999999523245,6.883199999988108,1.0830999999641904,1.2165999999642167,1.0166000000238,0.8165000000000191,1.30030000001193,0.5838000000119337,0.9336000000238869,0.9331999999880622,1.083500000000015,0.7333000000119227,2.4165999999642622,0.7835000000000036,0.7669999999999959,0.5328000000118891,3.2335999999642127,0.783099999964179,2.5830000000000837,1.4163999999761927,0.6163999999761245,0.7163999999761472,0.7666000000239137,0.6335000000000264,1.4669999999999845]","[1.3832000000476796,1.1333000000119,0.7671999999881223,0.966400000035776,1.5998999999761736,6.883199999988108,1.0830999999641904,1.2165999999642167,1.0166000000238,0.8165999999642395,1.30030000001193,0.5838000000119337,0.9336000000238869,0.9331999999880622,1.083500000000015,0.7333000000119227,2.4165999999642622,0.7835000000000036,0.767100000023845,0.5329000000357382,3.233699999988062,0.783099999964179,2.583099999964247,1.4163999999761927,0.6163999999761245,0.7163999999761472,0.7666000000239137,0.6335000000000264,1.4669999999999845]",,,0.0,29.0,29.0,192.0,1.0,vlees,gvlees,question_gesture.png,im_hand.png,,,,,,
,,,297804,1,21,2023-10-03_11h06.52.330,flesh_expressibility_dutch,2022.2.4,Win32,59.80861244,,,,20.0,2.0,Nederlands,,,,,,Engels,2.0,,0.0,,0.0,,0.0,,0.0,,0.0,,0.0,,0.0,NL,6.0,2.0,2.0,1.0,,sensorypref2,1536.0,864.0,,,,,,,,,,,,,,,,,,,,,,,,,,,,,,,,,,,,22.0,592.8352,29.0,"[1.3832000000476796,1.1333000000119,0.767100000023845,0.966400000035776,1.5997999999523245,6.883199999988108,1.0830999999641904,1.2165999999642167,1.0166000000238,0.8165000000000191,1.30030000001193,0.5838000000119337,0.9336000000238869,0.9331999999880622,1.083500000000015,0.7333000000119227,2.4165999999642622,0.7835000000000036,0.7669999999999959,0.5328000000118891,3.2335999999642127,0.783099999964179,2.5830000000000837,1.4163999999761927,0.6163999999761245,0.7163999999761472,0.7666000000239137,0.6335000000000264,1.4669999999999845]","[1.3832000000476796,1.1333000000119,0.7671999999881223,0.966400000035776,1.5998999999761736,6.883199999988108,1.0830999999641904,1.2165999999642167,1.0166000000238,0.8165999999642395,1.30030000001193,0.5838000000119337,0.9336000000238869,0.9331999999880622,1.083500000000015,0.7333000000119227,2.4165999999642622,0.7835000000000036,0.767100000023845,0.5329000000357382,3.233699999988062,0.783099999964179,2.583099999964247,1.4163999999761927,0.6163999999761245,0.7163999999761472,0.7666000000239137,0.6335000000000264,1.4669999999999845]",,,0.0,30.0,30.0,47.0,1.0,kruipen,gkruipen,question_gesture.png,im_hand.png,,,,,,
,,,297804,1,21,2023-10-03_11h06.52.330,flesh_expressibility_dutch,2022.2.4,Win32,59.80861244,,,,20.0,2.0,Nederlands,,,,,,Engels,2.0,,0.0,,0.0,,0.0,,0.0,,0.0,,0.0,,0.0,NL,6.0,2.0,2.0,1.0,,sensorypref2,1536.0,864.0,,,,,,,,,,,,,,,,,,,,,,,,,,,,,,,,,,,,22.0,593.8604,29.0,"[1.3832000000476796,1.1333000000119,0.767100000023845,0.966400000035776,1.5997999999523245,6.883199999988108,1.0830999999641904,1.2165999999642167,1.0166000000238,0.8165000000000191,1.30030000001193,0.5838000000119337,0.9336000000238869,0.9331999999880622,1.083500000000015,0.7333000000119227,2.4165999999642622,0.7835000000000036,0.7669999999999959,0.5328000000118891,3.2335999999642127,0.783099999964179,2.5830000000000837,1.4163999999761927,0.6163999999761245,0.7163999999761472,0.7666000000239137,0.6335000000000264,1.4669999999999845]","[1.3832000000476796,1.1333000000119,0.7671999999881223,0.966400000035776,1.5998999999761736,6.883199999988108,1.0830999999641904,1.2165999999642167,1.0166000000238,0.8165999999642395,1.30030000001193,0.5838000000119337,0.9336000000238869,0.9331999999880622,1.083500000000015,0.7333000000119227,2.4165999999642622,0.7835000000000036,0.767100000023845,0.5329000000357382,3.233699999988062,0.783099999964179,2.583099999964247,1.4163999999761927,0.6163999999761245,0.7163999999761472,0.7666000000239137,0.6335000000000264,1.4669999999999845]",,,0.0,31.0,31.0,168.0,1.0,schaduw,gschaduw,question_gesture.png,im_hand.png,,,,,,
,,,297804,1,21,2023-10-03_11h06.52.330,flesh_expressibility_dutch,2022.2.4,Win32,59.80861244,,,,20.0,2.0,Nederlands,,,,,,Engels,2.0,,0.0,,0.0,,0.0,,0.0,,0.0,,0.0,,0.0,NL,6.0,2.0,2.0,1.0,,sensorypref2,1536.0,864.0,,,,,,,,,,,,,,,,,,,,,,,,,,,,,,,,,,,,22.0,594.8849,29.0,"[1.3832000000476796,1.1333000000119,0.767100000023845,0.966400000035776,1.5997999999523245,6.883199999988108,1.0830999999641904,1.2165999999642167,1.0166000000238,0.8165000000000191,1.30030000001193,0.5838000000119337,0.9336000000238869,0.9331999999880622,1.083500000000015,0.7333000000119227,2.4165999999642622,0.7835000000000036,0.7669999999999959,0.5328000000118891,3.2335999999642127,0.783099999964179,2.5830000000000837,1.4163999999761927,0.6163999999761245,0.7163999999761472,0.7666000000239137,0.6335000000000264,1.4669999999999845]","[1.3832000000476796,1.1333000000119,0.7671999999881223,0.966400000035776,1.5998999999761736,6.883199999988108,1.0830999999641904,1.2165999999642167,1.0166000000238,0.8165999999642395,1.30030000001193,0.5838000000119337,0.9336000000238869,0.9331999999880622,1.083500000000015,0.7333000000119227,2.4165999999642622,0.7835000000000036,0.767100000023845,0.5329000000357382,3.233699999988062,0.783099999964179,2.583099999964247,1.4163999999761927,0.6163999999761245,0.7163999999761472,0.7666000000239137,0.6335000000000264,1.4669999999999845]",,,0.0,32.0,32.0,174.0,1.0,staart,gstaart,question_gesture.png,im_hand.png,,,,,,
,,,297804,1,21,2023-10-03_11h06.52.330,flesh_expressibility_dutch,2022.2.4,Win32,59.80861244,,,,20.0,2.0,Nederlands,,,,,,Engels,2.0,,0.0,,0.0,,0.0,,0.0,,0.0,,0.0,,0.0,NL,6.0,2.0,2.0,1.0,,sensorypref2,1536.0,864.0,,,,,,,,,,,,,,,,,,,,,,,,,,,,,,,,,,,,21.0,596.0111,30.0,"[1.3832000000476796,1.1333000000119,0.767100000023845,0.966400000035776,1.5997999999523245,6.883199999988108,1.0830999999641904,1.2165999999642167,1.0166000000238,0.8165000000000191,1.30030000001193,0.5838000000119337,0.9336000000238869,0.9331999999880622,1.083500000000015,0.7333000000119227,2.4165999999642622,0.7835000000000036,0.7669999999999959,0.5328000000118891,3.2335999999642127,0.783099999964179,2.5830000000000837,1.4163999999761927,0.6163999999761245,0.7163999999761472,0.7666000000239137,0.6335000000000264,1.4669999999999845,3.58429999995235]","[1.3832000000476796,1.1333000000119,0.7671999999881223,0.966400000035776,1.5998999999761736,6.883199999988108,1.0830999999641904,1.2165999999642167,1.0166000000238,0.8165999999642395,1.30030000001193,0.5838000000119337,0.9336000000238869,0.9331999999880622,1.083500000000015,0.7333000000119227,2.4165999999642622,0.7835000000000036,0.767100000023845,0.5329000000357382,3.233699999988062,0.783099999964179,2.583099999964247,1.4163999999761927,0.6163999999761245,0.7163999999761472,0.7666000000239137,0.6335000000000264,1.4669999999999845,3.58429999995235]",0.23518527,8.7876,0.0,33.0,33.0,29.0,1.0,ziek,gziek,question_gesture.png,im_hand.png,,,,,,
,,,297804,1,21,2023-10-03_11h06.52.330,flesh_expressibility_dutch,2022.2.4,Win32,59.80861244,,,,20.0,2.0,Nederlands,,,,,,Engels,2.0,,0.0,,0.0,,0.0,,0.0,,0.0,,0.0,,0.0,NL,6.0,2.0,2.0,1.0,,sensorypref2,1536.0,864.0,,,,,,,,,,,,,,,,,,,,,,,,,,,,,,,,,,,,21.0,605.5336,31.0,"[1.3832000000476796,1.1333000000119,0.767100000023845,0.966400000035776,1.5997999999523245,6.883199999988108,1.0830999999641904,1.2165999999642167,1.0166000000238,0.8165000000000191,1.30030000001193,0.5838000000119337,0.9336000000238869,0.9331999999880622,1.083500000000015,0.7333000000119227,2.4165999999642622,0.7835000000000036,0.7669999999999959,0.5328000000118891,3.2335999999642127,0.783099999964179,2.5830000000000837,1.4163999999761927,0.6163999999761245,0.7163999999761472,0.7666000000239137,0.6335000000000264,1.4669999999999845,3.58429999995235,0.8993999999762536]","[1.3832000000476796,1.1333000000119,0.7671999999881223,0.966400000035776,1.5998999999761736,6.883199999988108,1.0830999999641904,1.2165999999642167,1.0166000000238,0.8165999999642395,1.30030000001193,0.5838000000119337,0.9336000000238869,0.9331999999880622,1.083500000000015,0.7333000000119227,2.4165999999642622,0.7835000000000036,0.767100000023845,0.5329000000357382,3.233699999988062,0.783099999964179,2.583099999964247,1.4163999999761927,0.6163999999761245,0.7163999999761472,0.7666000000239137,0.6335000000000264,1.4669999999999845,3.58429999995235,0.8994999999999891]",0.685185185,3.5049,0.0,34.0,34.0,150.0,1.0,huilen,ghuilen,question_gesture.png,im_hand.png,,,,,,
,,,297804,1,21,2023-10-03_11h06.52.330,flesh_expressibility_dutch,2022.2.4,Win32,59.80861244,,,,20.0,2.0,Nederlands,,,,,,Engels,2.0,,0.0,,0.0,,0.0,,0.0,,0.0,,0.0,,0.0,NL,6.0,2.0,2.0,1.0,,sensorypref2,1536.0,864.0,,,,,,,,,,,,,,,,,,,,,,,,,,,,,,,,,,,,21.0,610.2446,32.0,"[1.3832000000476796,1.1333000000119,0.767100000023845,0.966400000035776,1.5997999999523245,6.883199999988108,1.0830999999641904,1.2165999999642167,1.0166000000238,0.8165000000000191,1.30030000001193,0.5838000000119337,0.9336000000238869,0.9331999999880622,1.083500000000015,0.7333000000119227,2.4165999999642622,0.7835000000000036,0.7669999999999959,0.5328000000118891,3.2335999999642127,0.783099999964179,2.5830000000000837,1.4163999999761927,0.6163999999761245,0.7163999999761472,0.7666000000239137,0.6335000000000264,1.4669999999999845,3.58429999995235,0.8993999999762536,1.1326999999880627]","[1.3832000000476796,1.1333000000119,0.7671999999881223,0.966400000035776,1.5998999999761736,6.883199999988108,1.0830999999641904,1.2165999999642167,1.0166000000238,0.8165999999642395,1.30030000001193,0.5838000000119337,0.9336000000238869,0.9331999999880622,1.083500000000015,0.7333000000119227,2.4165999999642622,0.7835000000000036,0.767100000023845,0.5329000000357382,3.233699999988062,0.783099999964179,2.583099999964247,1.4163999999761927,0.6163999999761245,0.7163999999761472,0.7666000000239137,0.6335000000000264,1.4669999999999845,3.58429999995235,0.8994999999999891,1.1328000000119118]",-0.790740755,3.6372,0.0,35.0,35.0,143.0,1.0,vermalen,gvermalen,question_gesture.png,im_hand.png,,,,,,
,,,297804,1,21,2023-10-03_11h06.52.330,flesh_expressibility_dutch,2022.2.4,Win32,59.80861244,,,,20.0,2.0,Nederlands,,,,,,Engels,2.0,,0.0,,0.0,,0.0,,0.0,,0.0,,0.0,,0.0,NL,6.0,2.0,2.0,1.0,,sensorypref2,1536.0,864.0,,,,,,,,,,,,,,,,,,,,,,,,,,,,,,,,,,,,22.0,614.6476,32.0,"[1.3832000000476796,1.1333000000119,0.767100000023845,0.966400000035776,1.5997999999523245,6.883199999988108,1.0830999999641904,1.2165999999642167,1.0166000000238,0.8165000000000191,1.30030000001193,0.5838000000119337,0.9336000000238869,0.9331999999880622,1.083500000000015,0.7333000000119227,2.4165999999642622,0.7835000000000036,0.7669999999999959,0.5328000000118891,3.2335999999642127,0.783099999964179,2.5830000000000837,1.4163999999761927,0.6163999999761245,0.7163999999761472,0.7666000000239137,0.6335000000000264,1.4669999999999845,3.58429999995235,0.8993999999762536,1.1326999999880627]","[1.3832000000476796,1.1333000000119,0.7671999999881223,0.966400000035776,1.5998999999761736,6.883199999988108,1.0830999999641904,1.2165999999642167,1.0166000000238,0.8165999999642395,1.30030000001193,0.5838000000119337,0.9336000000238869,0.9331999999880622,1.083500000000015,0.7333000000119227,2.4165999999642622,0.7835000000000036,0.767100000023845,0.5329000000357382,3.233699999988062,0.783099999964179,2.583099999964247,1.4163999999761927,0.6163999999761245,0.7163999999761472,0.7666000000239137,0.6335000000000264,1.4669999999999845,3.58429999995235,0.8994999999999891,1.1328000000119118]",,,0.0,36.0,36.0,136.0,1.0,komen,gkomen,question_gesture.png,im_hand.png,,,,,,
,,,297804,1,21,2023-10-03_11h06.52.330,flesh_expressibility_dutch,2022.2.4,Win32,59.80861244,,,,20.0,2.0,Nederlands,,,,,,Engels,2.0,,0.0,,0.0,,0.0,,0.0,,0.0,,0.0,,0.0,NL,6.0,2.0,2.0,1.0,,sensorypref2,1536.0,864.0,,,,,,,,,,,,,,,,,,,,,,,,,,,,,,,,,,,,21.0,615.6709,33.0,"[1.3832000000476796,1.1333000000119,0.767100000023845,0.966400000035776,1.5997999999523245,6.883199999988108,1.0830999999641904,1.2165999999642167,1.0166000000238,0.8165000000000191,1.30030000001193,0.5838000000119337,0.9336000000238869,0.9331999999880622,1.083500000000015,0.7333000000119227,2.4165999999642622,0.7835000000000036,0.7669999999999959,0.5328000000118891,3.2335999999642127,0.783099999964179,2.5830000000000837,1.4163999999761927,0.6163999999761245,0.7163999999761472,0.7666000000239137,0.6335000000000264,1.4669999999999845,3.58429999995235,0.8993999999762536,1.1326999999880627,2.41700000000003]","[1.3832000000476796,1.1333000000119,0.7671999999881223,0.966400000035776,1.5998999999761736,6.883199999988108,1.0830999999641904,1.2165999999642167,1.0166000000238,0.8165999999642395,1.30030000001193,0.5838000000119337,0.9336000000238869,0.9331999999880622,1.083500000000015,0.7333000000119227,2.4165999999642622,0.7835000000000036,0.767100000023845,0.5329000000357382,3.233699999988062,0.783099999964179,2.583099999964247,1.4163999999761927,0.6163999999761245,0.7163999999761472,0.7666000000239137,0.6335000000000264,1.4669999999999845,3.58429999995235,0.8994999999999891,1.1328000000119118,2.41700000000003]",-0.501851824,6.2709,0.0,37.0,37.0,117.0,1.0,haar,ghaar,question_gesture.png,im_hand.png,,,,,,
,,,297804,1,21,2023-10-03_11h06.52.330,flesh_expressibility_dutch,2022.2.4,Win32,59.80861244,,,,20.0,2.0,Nederlands,,,,,,Engels,2.0,,0.0,,0.0,,0.0,,0.0,,0.0,,0.0,,0.0,NL,6.0,2.0,2.0,1.0,,sensorypref2,1536.0,864.0,,,,,,,,,,,,,,,,,,,,,,,,,,,,,,,,,,,,21.0,622.4298,34.0,"[1.3832000000476796,1.1333000000119,0.767100000023845,0.966400000035776,1.5997999999523245,6.883199999988108,1.0830999999641904,1.2165999999642167,1.0166000000238,0.8165000000000191,1.30030000001193,0.5838000000119337,0.9336000000238869,0.9331999999880622,1.083500000000015,0.7333000000119227,2.4165999999642622,0.7835000000000036,0.7669999999999959,0.5328000000118891,3.2335999999642127,0.783099999964179,2.5830000000000837,1.4163999999761927,0.6163999999761245,0.7163999999761472,0.7666000000239137,0.6335000000000264,1.4669999999999845,3.58429999995235,0.8993999999762536,1.1326999999880627,2.41700000000003,0.6498999999761281]","[1.3832000000476796,1.1333000000119,0.7671999999881223,0.966400000035776,1.5998999999761736,6.883199999988108,1.0830999999641904,1.2165999999642167,1.0166000000238,0.8165999999642395,1.30030000001193,0.5838000000119337,0.9336000000238869,0.9331999999880622,1.083500000000015,0.7333000000119227,2.4165999999642622,0.7835000000000036,0.767100000023845,0.5329000000357382,3.233699999988062,0.783099999964179,2.583099999964247,1.4163999999761927,0.6163999999761245,0.7163999999761472,0.7666000000239137,0.6335000000000264,1.4669999999999845,3.58429999995235,0.8994999999999891,1.1328000000119118,2.41700000000003,0.6498999999761281]",-0.520370342,3.1917,0.0,38.0,38.0,98.0,1.0,maken,gmaken,question_gesture.png,im_hand.png,,,,,,
,,,297804,1,21,2023-10-03_11h06.52.330,flesh_expressibility_dutch,2022.2.4,Win32,59.80861244,,,,20.0,2.0,Nederlands,,,,,,Engels,2.0,,0.0,,0.0,,0.0,,0.0,,0.0,,0.0,,0.0,NL,6.0,2.0,2.0,1.0,,sensorypref2,1536.0,864.0,,,,,,,,,,,,,,,,,,,,,,,,,,,,,,,,,,,,22.0,626.3211,34.0,"[1.3832000000476796,1.1333000000119,0.767100000023845,0.966400000035776,1.5997999999523245,6.883199999988108,1.0830999999641904,1.2165999999642167,1.0166000000238,0.8165000000000191,1.30030000001193,0.5838000000119337,0.9336000000238869,0.9331999999880622,1.083500000000015,0.7333000000119227,2.4165999999642622,0.7835000000000036,0.7669999999999959,0.5328000000118891,3.2335999999642127,0.783099999964179,2.5830000000000837,1.4163999999761927,0.6163999999761245,0.7163999999761472,0.7666000000239137,0.6335000000000264,1.4669999999999845,3.58429999995235,0.8993999999762536,1.1326999999880627,2.41700000000003,0.6498999999761281]","[1.3832000000476796,1.1333000000119,0.7671999999881223,0.966400000035776,1.5998999999761736,6.883199999988108,1.0830999999641904,1.2165999999642167,1.0166000000238,0.8165999999642395,1.30030000001193,0.5838000000119337,0.9336000000238869,0.9331999999880622,1.083500000000015,0.7333000000119227,2.4165999999642622,0.7835000000000036,0.767100000023845,0.5329000000357382,3.233699999988062,0.783099999964179,2.583099999964247,1.4163999999761927,0.6163999999761245,0.7163999999761472,0.7666000000239137,0.6335000000000264,1.4669999999999845,3.58429999995235,0.8994999999999891,1.1328000000119118,2.41700000000003,0.6498999999761281]",,,0.0,39.0,39.0,9.0,1.0,kotsen,gkotsen,question_gesture.png,im_hand.png,,,,,,
,,,297804,1,21,2023-10-03_11h06.52.330,flesh_expressibility_dutch,2022.2.4,Win32,59.80861244,,,,20.0,2.0,Nederlands,,,,,,Engels,2.0,,0.0,,0.0,,0.0,,0.0,,0.0,,0.0,,0.0,NL,6.0,2.0,2.0,1.0,,sensorypref2,1536.0,864.0,,,,,,,,,,,,,,,,,,,,,,,,,,,,,,,,,,,,21.0,627.4477,35.0,"[1.3832000000476796,1.1333000000119,0.767100000023845,0.966400000035776,1.5997999999523245,6.883199999988108,1.0830999999641904,1.2165999999642167,1.0166000000238,0.8165000000000191,1.30030000001193,0.5838000000119337,0.9336000000238869,0.9331999999880622,1.083500000000015,0.7333000000119227,2.4165999999642622,0.7835000000000036,0.7669999999999959,0.5328000000118891,3.2335999999642127,0.783099999964179,2.5830000000000837,1.4163999999761927,0.6163999999761245,0.7163999999761472,0.7666000000239137,0.6335000000000264,1.4669999999999845,3.58429999995235,0.8993999999762536,1.1326999999880627,2.41700000000003,0.6498999999761281,0.7501999999881264]","[1.3832000000476796,1.1333000000119,0.7671999999881223,0.966400000035776,1.5998999999761736,6.883199999988108,1.0830999999641904,1.2165999999642167,1.0166000000238,0.8165999999642395,1.30030000001193,0.5838000000119337,0.9336000000238869,0.9331999999880622,1.083500000000015,0.7333000000119227,2.4165999999642622,0.7835000000000036,0.767100000023845,0.5329000000357382,3.233699999988062,0.783099999964179,2.583099999964247,1.4163999999761927,0.6163999999761245,0.7163999999761472,0.7666000000239137,0.6335000000000264,1.4669999999999845,3.58429999995235,0.8994999999999891,1.1328000000119118,2.41700000000003,0.6498999999761281,0.7501999999881264]",-0.070370286,4.748,0.0,40.0,40.0,193.0,1.0,huis,ghuis,question_gesture.png,im_hand.png,,,,,,
,,,297804,1,21,2023-10-03_11h06.52.330,flesh_expressibility_dutch,2022.2.4,Win32,59.80861244,,,,20.0,2.0,Nederlands,,,,,,Engels,2.0,,0.0,,0.0,,0.0,,0.0,,0.0,,0.0,,0.0,NL,6.0,2.0,2.0,1.0,,sensorypref2,1536.0,864.0,,,,,,,,,,,,,,,,,,,,,,,,,,,,,,,,,,,,22.0,632.7721,35.0,"[1.3832000000476796,1.1333000000119,0.767100000023845,0.966400000035776,1.5997999999523245,6.883199999988108,1.0830999999641904,1.2165999999642167,1.0166000000238,0.8165000000000191,1.30030000001193,0.5838000000119337,0.9336000000238869,0.9331999999880622,1.083500000000015,0.7333000000119227,2.4165999999642622,0.7835000000000036,0.7669999999999959,0.5328000000118891,3.2335999999642127,0.783099999964179,2.5830000000000837,1.4163999999761927,0.6163999999761245,0.7163999999761472,0.7666000000239137,0.6335000000000264,1.4669999999999845,3.58429999995235,0.8993999999762536,1.1326999999880627,2.41700000000003,0.6498999999761281,0.7501999999881264]","[1.3832000000476796,1.1333000000119,0.7671999999881223,0.966400000035776,1.5998999999761736,6.883199999988108,1.0830999999641904,1.2165999999642167,1.0166000000238,0.8165999999642395,1.30030000001193,0.5838000000119337,0.9336000000238869,0.9331999999880622,1.083500000000015,0.7333000000119227,2.4165999999642622,0.7835000000000036,0.767100000023845,0.5329000000357382,3.233699999988062,0.783099999964179,2.583099999964247,1.4163999999761927,0.6163999999761245,0.7163999999761472,0.7666000000239137,0.6335000000000264,1.4669999999999845,3.58429999995235,0.8994999999999891,1.1328000000119118,2.41700000000003,0.6498999999761281,0.7501999999881264]",,,0.0,41.0,41.0,185.0,1.0,in,gin,question_gesture.png,im_hand.png,,,,,,
,,,297804,1,21,2023-10-03_11h06.52.330,flesh_expressibility_dutch,2022.2.4,Win32,59.80861244,,,,20.0,2.0,Nederlands,,,,,,Engels,2.0,,0.0,,0.0,,0.0,,0.0,,0.0,,0.0,,0.0,NL,6.0,2.0,2.0,1.0,,sensorypref2,1536.0,864.0,,,,,,,,,,,,,,,,,,,,,,,,,,,,,,,,,,,,22.0,633.796,35.0,"[1.3832000000476796,1.1333000000119,0.767100000023845,0.966400000035776,1.5997999999523245,6.883199999988108,1.0830999999641904,1.2165999999642167,1.0166000000238,0.8165000000000191,1.30030000001193,0.5838000000119337,0.9336000000238869,0.9331999999880622,1.083500000000015,0.7333000000119227,2.4165999999642622,0.7835000000000036,0.7669999999999959,0.5328000000118891,3.2335999999642127,0.783099999964179,2.5830000000000837,1.4163999999761927,0.6163999999761245,0.7163999999761472,0.7666000000239137,0.6335000000000264,1.4669999999999845,3.58429999995235,0.8993999999762536,1.1326999999880627,2.41700000000003,0.6498999999761281,0.7501999999881264]","[1.3832000000476796,1.1333000000119,0.7671999999881223,0.966400000035776,1.5998999999761736,6.883199999988108,1.0830999999641904,1.2165999999642167,1.0166000000238,0.8165999999642395,1.30030000001193,0.5838000000119337,0.9336000000238869,0.9331999999880622,1.083500000000015,0.7333000000119227,2.4165999999642622,0.7835000000000036,0.767100000023845,0.5329000000357382,3.233699999988062,0.783099999964179,2.583099999964247,1.4163999999761927,0.6163999999761245,0.7163999999761472,0.7666000000239137,0.6335000000000264,1.4669999999999845,3.58429999995235,0.8994999999999891,1.1328000000119118,2.41700000000003,0.6498999999761281,0.7501999999881264]",,,0.0,42.0,42.0,69.0,1.0,glad,gglad,question_gesture.png,im_hand.png,,,,,,
,,,297804,1,21,2023-10-03_11h06.52.330,flesh_expressibility_dutch,2022.2.4,Win32,59.80861244,,,,20.0,2.0,Nederlands,,,,,,Engels,2.0,,0.0,,0.0,,0.0,,0.0,,0.0,,0.0,,0.0,NL,6.0,2.0,2.0,1.0,,sensorypref2,1536.0,864.0,,,,,,,,,,,,,,,,,,,,,,,,,,,,,,,,,,,,22.0,634.8201,35.0,"[1.3832000000476796,1.1333000000119,0.767100000023845,0.966400000035776,1.5997999999523245,6.883199999988108,1.0830999999641904,1.2165999999642167,1.0166000000238,0.8165000000000191,1.30030000001193,0.5838000000119337,0.9336000000238869,0.9331999999880622,1.083500000000015,0.7333000000119227,2.4165999999642622,0.7835000000000036,0.7669999999999959,0.5328000000118891,3.2335999999642127,0.783099999964179,2.5830000000000837,1.4163999999761927,0.6163999999761245,0.7163999999761472,0.7666000000239137,0.6335000000000264,1.4669999999999845,3.58429999995235,0.8993999999762536,1.1326999999880627,2.41700000000003,0.6498999999761281,0.7501999999881264]","[1.3832000000476796,1.1333000000119,0.7671999999881223,0.966400000035776,1.5998999999761736,6.883199999988108,1.0830999999641904,1.2165999999642167,1.0166000000238,0.8165999999642395,1.30030000001193,0.5838000000119337,0.9336000000238869,0.9331999999880622,1.083500000000015,0.7333000000119227,2.4165999999642622,0.7835000000000036,0.767100000023845,0.5329000000357382,3.233699999988062,0.783099999964179,2.583099999964247,1.4163999999761927,0.6163999999761245,0.7163999999761472,0.7666000000239137,0.6335000000000264,1.4669999999999845,3.58429999995235,0.8994999999999891,1.1328000000119118,2.41700000000003,0.6498999999761281,0.7501999999881264]",,,0.0,43.0,43.0,3.0,1.0,stil,gstil,question_gesture.png,im_hand.png,,,,,,
,,,297804,1,21,2023-10-03_11h06.52.330,flesh_expressibility_dutch,2022.2.4,Win32,59.80861244,,,,20.0,2.0,Nederlands,,,,,,Engels,2.0,,0.0,,0.0,,0.0,,0.0,,0.0,,0.0,,0.0,NL,6.0,2.0,2.0,1.0,,sensorypref2,1536.0,864.0,,,,,,,,,,,,,,,,,,,,,,,,,,,,,,,,,,,,22.0,635.6957,35.0,"[1.3832000000476796,1.1333000000119,0.767100000023845,0.966400000035776,1.5997999999523245,6.883199999988108,1.0830999999641904,1.2165999999642167,1.0166000000238,0.8165000000000191,1.30030000001193,0.5838000000119337,0.9336000000238869,0.9331999999880622,1.083500000000015,0.7333000000119227,2.4165999999642622,0.7835000000000036,0.7669999999999959,0.5328000000118891,3.2335999999642127,0.783099999964179,2.5830000000000837,1.4163999999761927,0.6163999999761245,0.7163999999761472,0.7666000000239137,0.6335000000000264,1.4669999999999845,3.58429999995235,0.8993999999762536,1.1326999999880627,2.41700000000003,0.6498999999761281,0.7501999999881264]","[1.3832000000476796,1.1333000000119,0.7671999999881223,0.966400000035776,1.5998999999761736,6.883199999988108,1.0830999999641904,1.2165999999642167,1.0166000000238,0.8165999999642395,1.30030000001193,0.5838000000119337,0.9336000000238869,0.9331999999880622,1.083500000000015,0.7333000000119227,2.4165999999642622,0.7835000000000036,0.767100000023845,0.5329000000357382,3.233699999988062,0.783099999964179,2.583099999964247,1.4163999999761927,0.6163999999761245,0.7163999999761472,0.7666000000239137,0.6335000000000264,1.4669999999999845,3.58429999995235,0.8994999999999891,1.1328000000119118,2.41700000000003,0.6498999999761281,0.7501999999881264]",,,0.0,44.0,44.0,79.0,1.0,veel,gveel,question_gesture.png,im_hand.png,,,,,,
,,,297804,1,21,2023-10-03_11h06.52.330,flesh_expressibility_dutch,2022.2.4,Win32,59.80861244,,,,20.0,2.0,Nederlands,,,,,,Engels,2.0,,0.0,,0.0,,0.0,,0.0,,0.0,,0.0,,0.0,NL,6.0,2.0,2.0,1.0,,sensorypref2,1536.0,864.0,,,,,,,,,,,,,,,,,,,,,,,,,,,,,,,,,,,,22.0,636.8688,35.0,"[1.3832000000476796,1.1333000000119,0.767100000023845,0.966400000035776,1.5997999999523245,6.883199999988108,1.0830999999641904,1.2165999999642167,1.0166000000238,0.8165000000000191,1.30030000001193,0.5838000000119337,0.9336000000238869,0.9331999999880622,1.083500000000015,0.7333000000119227,2.4165999999642622,0.7835000000000036,0.7669999999999959,0.5328000000118891,3.2335999999642127,0.783099999964179,2.5830000000000837,1.4163999999761927,0.6163999999761245,0.7163999999761472,0.7666000000239137,0.6335000000000264,1.4669999999999845,3.58429999995235,0.8993999999762536,1.1326999999880627,2.41700000000003,0.6498999999761281,0.7501999999881264]","[1.3832000000476796,1.1333000000119,0.7671999999881223,0.966400000035776,1.5998999999761736,6.883199999988108,1.0830999999641904,1.2165999999642167,1.0166000000238,0.8165999999642395,1.30030000001193,0.5838000000119337,0.9336000000238869,0.9331999999880622,1.083500000000015,0.7333000000119227,2.4165999999642622,0.7835000000000036,0.767100000023845,0.5329000000357382,3.233699999988062,0.783099999964179,2.583099999964247,1.4163999999761927,0.6163999999761245,0.7163999999761472,0.7666000000239137,0.6335000000000264,1.4669999999999845,3.58429999995235,0.8994999999999891,1.1328000000119118,2.41700000000003,0.6498999999761281,0.7501999999881264]",,,0.0,45.0,45.0,106.0,1.0,hand,ghand,question_gesture.png,im_hand.png,,,,,,
,,,297804,1,21,2023-10-03_11h06.52.330,flesh_expressibility_dutch,2022.2.4,Win32,59.80861244,,,,20.0,2.0,Nederlands,,,,,,Engels,2.0,,0.0,,0.0,,0.0,,0.0,,0.0,,0.0,,0.0,NL,6.0,2.0,2.0,1.0,,sensorypref2,1536.0,864.0,,,,,,,,,,,,,,,,,,,,,,,,,,,,,,,,,,,,22.0,637.8923,35.0,"[1.3832000000476796,1.1333000000119,0.767100000023845,0.966400000035776,1.5997999999523245,6.883199999988108,1.0830999999641904,1.2165999999642167,1.0166000000238,0.8165000000000191,1.30030000001193,0.5838000000119337,0.9336000000238869,0.9331999999880622,1.083500000000015,0.7333000000119227,2.4165999999642622,0.7835000000000036,0.7669999999999959,0.5328000000118891,3.2335999999642127,0.783099999964179,2.5830000000000837,1.4163999999761927,0.6163999999761245,0.7163999999761472,0.7666000000239137,0.6335000000000264,1.4669999999999845,3.58429999995235,0.8993999999762536,1.1326999999880627,2.41700000000003,0.6498999999761281,0.7501999999881264]","[1.3832000000476796,1.1333000000119,0.7671999999881223,0.966400000035776,1.5998999999761736,6.883199999988108,1.0830999999641904,1.2165999999642167,1.0166000000238,0.8165999999642395,1.30030000001193,0.5838000000119337,0.9336000000238869,0.9331999999880622,1.083500000000015,0.7333000000119227,2.4165999999642622,0.7835000000000036,0.767100000023845,0.5329000000357382,3.233699999988062,0.783099999964179,2.583099999964247,1.4163999999761927,0.6163999999761245,0.7163999999761472,0.7666000000239137,0.6335000000000264,1.4669999999999845,3.58429999995235,0.8994999999999891,1.1328000000119118,2.41700000000003,0.6498999999761281,0.7501999999881264]",,,0.0,46.0,46.0,142.0,1.0,verbrijzelen,gverbrijzelen,question_gesture.png,im_hand.png,,,,,,
,,,297804,1,21,2023-10-03_11h06.52.330,flesh_expressibility_dutch,2022.2.4,Win32,59.80861244,,,,20.0,2.0,Nederlands,,,,,,Engels,2.0,,0.0,,0.0,,0.0,,0.0,,0.0,,0.0,,0.0,NL,6.0,2.0,2.0,1.0,,sensorypref2,1536.0,864.0,,,,,,,,,,,,,,,,,,,,,,,,,,,,,,,,,,,,22.0,638.9177,35.0,"[1.3832000000476796,1.1333000000119,0.767100000023845,0.966400000035776,1.5997999999523245,6.883199999988108,1.0830999999641904,1.2165999999642167,1.0166000000238,0.8165000000000191,1.30030000001193,0.5838000000119337,0.9336000000238869,0.9331999999880622,1.083500000000015,0.7333000000119227,2.4165999999642622,0.7835000000000036,0.7669999999999959,0.5328000000118891,3.2335999999642127,0.783099999964179,2.5830000000000837,1.4163999999761927,0.6163999999761245,0.7163999999761472,0.7666000000239137,0.6335000000000264,1.4669999999999845,3.58429999995235,0.8993999999762536,1.1326999999880627,2.41700000000003,0.6498999999761281,0.7501999999881264]","[1.3832000000476796,1.1333000000119,0.7671999999881223,0.966400000035776,1.5998999999761736,6.883199999988108,1.0830999999641904,1.2165999999642167,1.0166000000238,0.8165999999642395,1.30030000001193,0.5838000000119337,0.9336000000238869,0.9331999999880622,1.083500000000015,0.7333000000119227,2.4165999999642622,0.7835000000000036,0.767100000023845,0.5329000000357382,3.233699999988062,0.783099999964179,2.583099999964247,1.4163999999761927,0.6163999999761245,0.7163999999761472,0.7666000000239137,0.6335000000000264,1.4669999999999845,3.58429999995235,0.8994999999999891,1.1328000000119118,2.41700000000003,0.6498999999761281,0.7501999999881264]",,,0.0,47.0,47.0,194.0,1.0,touw,gtouw,question_gesture.png,im_hand.png,,,,,,
,,,297804,1,21,2023-10-03_11h06.52.330,flesh_expressibility_dutch,2022.2.4,Win32,59.80861244,,,,20.0,2.0,Nederlands,,,,,,Engels,2.0,,0.0,,0.0,,0.0,,0.0,,0.0,,0.0,,0.0,NL,6.0,2.0,2.0,1.0,,sensorypref2,1536.0,864.0,,,,,,,,,,,,,,,,,,,,,,,,,,,,,,,,,,,,21.0,639.9409,36.0,"[1.3832000000476796,1.1333000000119,0.767100000023845,0.966400000035776,1.5997999999523245,6.883199999988108,1.0830999999641904,1.2165999999642167,1.0166000000238,0.8165000000000191,1.30030000001193,0.5838000000119337,0.9336000000238869,0.9331999999880622,1.083500000000015,0.7333000000119227,2.4165999999642622,0.7835000000000036,0.7669999999999959,0.5328000000118891,3.2335999999642127,0.783099999964179,2.5830000000000837,1.4163999999761927,0.6163999999761245,0.7163999999761472,0.7666000000239137,0.6335000000000264,1.4669999999999845,3.58429999995235,0.8993999999762536,1.1326999999880627,2.41700000000003,0.6498999999761281,0.7501999999881264,2.5338000000118654]","[1.3832000000476796,1.1333000000119,0.7671999999881223,0.966400000035776,1.5998999999761736,6.883199999988108,1.0830999999641904,1.2165999999642167,1.0166000000238,0.8165999999642395,1.30030000001193,0.5838000000119337,0.9336000000238869,0.9331999999880622,1.083500000000015,0.7333000000119227,2.4165999999642622,0.7835000000000036,0.767100000023845,0.5329000000357382,3.233699999988062,0.783099999964179,2.583099999964247,1.4163999999761927,0.6163999999761245,0.7163999999761472,0.7666000000239137,0.6335000000000264,1.4669999999999845,3.58429999995235,0.8994999999999891,1.1328000000119118,2.41700000000003,0.6498999999761281,0.7501999999881264,2.5338000000118654]",-0.314814815,5.5117,0.0,48.0,48.0,176.0,1.0,wijd,gwijd,question_gesture.png,im_hand.png,,,,,,
,,,297804,1,21,2023-10-03_11h06.52.330,flesh_expressibility_dutch,2022.2.4,Win32,59.80861244,,,,20.0,2.0,Nederlands,,,,,,Engels,2.0,,0.0,,0.0,,0.0,,0.0,,0.0,,0.0,,0.0,NL,6.0,2.0,2.0,1.0,,sensorypref2,1536.0,864.0,,,,,,,,,,,,,,,,,,,,,,,,,,,,,,,,,,,,22.0,645.8803,36.0,"[1.3832000000476796,1.1333000000119,0.767100000023845,0.966400000035776,1.5997999999523245,6.883199999988108,1.0830999999641904,1.2165999999642167,1.0166000000238,0.8165000000000191,1.30030000001193,0.5838000000119337,0.9336000000238869,0.9331999999880622,1.083500000000015,0.7333000000119227,2.4165999999642622,0.7835000000000036,0.7669999999999959,0.5328000000118891,3.2335999999642127,0.783099999964179,2.5830000000000837,1.4163999999761927,0.6163999999761245,0.7163999999761472,0.7666000000239137,0.6335000000000264,1.4669999999999845,3.58429999995235,0.8993999999762536,1.1326999999880627,2.41700000000003,0.6498999999761281,0.7501999999881264,2.5338000000118654]","[1.3832000000476796,1.1333000000119,0.7671999999881223,0.966400000035776,1.5998999999761736,6.883199999988108,1.0830999999641904,1.2165999999642167,1.0166000000238,0.8165999999642395,1.30030000001193,0.5838000000119337,0.9336000000238869,0.9331999999880622,1.083500000000015,0.7333000000119227,2.4165999999642622,0.7835000000000036,0.767100000023845,0.5329000000357382,3.233699999988062,0.783099999964179,2.583099999964247,1.4163999999761927,0.6163999999761245,0.7163999999761472,0.7666000000239137,0.6335000000000264,1.4669999999999845,3.58429999995235,0.8994999999999891,1.1328000000119118,2.41700000000003,0.6498999999761281,0.7501999999881264,2.5338000000118654]",,,0.0,49.0,49.0,156.0,1.0,blad,gblad,question_gesture.png,im_hand.png,,,,,,
,,,297804,1,21,2023-10-03_11h06.52.330,flesh_expressibility_dutch,2022.2.4,Win32,59.80861244,,,,20.0,2.0,Nederlands,,,,,,Engels,2.0,,0.0,,0.0,,0.0,,0.0,,0.0,,0.0,,0.0,NL,6.0,2.0,2.0,1.0,,sensorypref2,1536.0,864.0,,,,,,,,,,,,,,,,,,,,,,,,,,,,,,,,,,,,22.0,646.9042,36.0,"[1.3832000000476796,1.1333000000119,0.767100000023845,0.966400000035776,1.5997999999523245,6.883199999988108,1.0830999999641904,1.2165999999642167,1.0166000000238,0.8165000000000191,1.30030000001193,0.5838000000119337,0.9336000000238869,0.9331999999880622,1.083500000000015,0.7333000000119227,2.4165999999642622,0.7835000000000036,0.7669999999999959,0.5328000000118891,3.2335999999642127,0.783099999964179,2.5830000000000837,1.4163999999761927,0.6163999999761245,0.7163999999761472,0.7666000000239137,0.6335000000000264,1.4669999999999845,3.58429999995235,0.8993999999762536,1.1326999999880627,2.41700000000003,0.6498999999761281,0.7501999999881264,2.5338000000118654]","[1.3832000000476796,1.1333000000119,0.7671999999881223,0.966400000035776,1.5998999999761736,6.883199999988108,1.0830999999641904,1.2165999999642167,1.0166000000238,0.8165999999642395,1.30030000001193,0.5838000000119337,0.9336000000238869,0.9331999999880622,1.083500000000015,0.7333000000119227,2.4165999999642622,0.7835000000000036,0.767100000023845,0.5329000000357382,3.233699999988062,0.783099999964179,2.583099999964247,1.4163999999761927,0.6163999999761245,0.7163999999761472,0.7666000000239137,0.6335000000000264,1.4669999999999845,3.58429999995235,0.8994999999999891,1.1328000000119118,2.41700000000003,0.6498999999761281,0.7501999999881264,2.5338000000118654]",,,0.0,50.0,50.0,135.0,1.0,wind,gwind,question_gesture.png,im_hand.png,,,,,,
,,,297804,1,21,2023-10-03_11h06.52.330,flesh_expressibility_dutch,2022.2.4,Win32,59.80861244,,,,20.0,2.0,Nederlands,,,,,,Engels,2.0,,0.0,,0.0,,0.0,,0.0,,0.0,,0.0,,0.0,NL,6.0,2.0,2.0,1.0,,sensorypref2,1536.0,864.0,,,,,,,,,,,,,,,,,,,,,,,,,,,,,,,,,,,,22.0,647.825,36.0,"[1.3832000000476796,1.1333000000119,0.767100000023845,0.966400000035776,1.5997999999523245,6.883199999988108,1.0830999999641904,1.2165999999642167,1.0166000000238,0.8165000000000191,1.30030000001193,0.5838000000119337,0.9336000000238869,0.9331999999880622,1.083500000000015,0.7333000000119227,2.4165999999642622,0.7835000000000036,0.7669999999999959,0.5328000000118891,3.2335999999642127,0.783099999964179,2.5830000000000837,1.4163999999761927,0.6163999999761245,0.7163999999761472,0.7666000000239137,0.6335000000000264,1.4669999999999845,3.58429999995235,0.8993999999762536,1.1326999999880627,2.41700000000003,0.6498999999761281,0.7501999999881264,2.5338000000118654]","[1.3832000000476796,1.1333000000119,0.7671999999881223,0.966400000035776,1.5998999999761736,6.883199999988108,1.0830999999641904,1.2165999999642167,1.0166000000238,0.8165999999642395,1.30030000001193,0.5838000000119337,0.9336000000238869,0.9331999999880622,1.083500000000015,0.7333000000119227,2.4165999999642622,0.7835000000000036,0.767100000023845,0.5329000000357382,3.233699999988062,0.783099999964179,2.583099999964247,1.4163999999761927,0.6163999999761245,0.7163999999761472,0.7666000000239137,0.6335000000000264,1.4669999999999845,3.58429999995235,0.8994999999999891,1.1328000000119118,2.41700000000003,0.6498999999761281,0.7501999999881264,2.5338000000118654]",,,0.0,51.0,51.0,4.0,1.0,fluisteren,gfluisteren,question_gesture.png,im_hand.png,,,,,,
,,,297804,1,21,2023-10-03_11h06.52.330,flesh_expressibility_dutch,2022.2.4,Win32,59.80861244,,,,20.0,2.0,Nederlands,,,,,,Engels,2.0,,0.0,,0.0,,0.0,,0.0,,0.0,,0.0,,0.0,NL,6.0,2.0,2.0,1.0,,sensorypref2,1536.0,864.0,,,,,,,,,,,,,,,,,,,,,,,,,,,,,,,,,,,,22.0,648.9516,36.0,"[1.3832000000476796,1.1333000000119,0.767100000023845,0.966400000035776,1.5997999999523245,6.883199999988108,1.0830999999641904,1.2165999999642167,1.0166000000238,0.8165000000000191,1.30030000001193,0.5838000000119337,0.9336000000238869,0.9331999999880622,1.083500000000015,0.7333000000119227,2.4165999999642622,0.7835000000000036,0.7669999999999959,0.5328000000118891,3.2335999999642127,0.783099999964179,2.5830000000000837,1.4163999999761927,0.6163999999761245,0.7163999999761472,0.7666000000239137,0.6335000000000264,1.4669999999999845,3.58429999995235,0.8993999999762536,1.1326999999880627,2.41700000000003,0.6498999999761281,0.7501999999881264,2.5338000000118654]","[1.3832000000476796,1.1333000000119,0.7671999999881223,0.966400000035776,1.5998999999761736,6.883199999988108,1.0830999999641904,1.2165999999642167,1.0166000000238,0.8165999999642395,1.30030000001193,0.5838000000119337,0.9336000000238869,0.9331999999880622,1.083500000000015,0.7333000000119227,2.4165999999642622,0.7835000000000036,0.767100000023845,0.5329000000357382,3.233699999988062,0.783099999964179,2.583099999964247,1.4163999999761927,0.6163999999761245,0.7163999999761472,0.7666000000239137,0.6335000000000264,1.4669999999999845,3.58429999995235,0.8994999999999891,1.1328000000119118,2.41700000000003,0.6498999999761281,0.7501999999881264,2.5338000000118654]",,,0.0,52.0,52.0,86.0,1.0,badderen,gbadderen,question_gesture.png,im_hand.png,,,,,,
,,,297804,1,21,2023-10-03_11h06.52.330,flesh_expressibility_dutch,2022.2.4,Win32,59.80861244,,,,20.0,2.0,Nederlands,,,,,,Engels,2.0,,0.0,,0.0,,0.0,,0.0,,0.0,,0.0,,0.0,NL,6.0,2.0,2.0,1.0,,sensorypref2,1536.0,864.0,,,,,,,,,,,,,,,,,,,,,,,,,,,,,,,,,,,,22.0,649.8732,36.0,"[1.3832000000476796,1.1333000000119,0.767100000023845,0.966400000035776,1.5997999999523245,6.883199999988108,1.0830999999641904,1.2165999999642167,1.0166000000238,0.8165000000000191,1.30030000001193,0.5838000000119337,0.9336000000238869,0.9331999999880622,1.083500000000015,0.7333000000119227,2.4165999999642622,0.7835000000000036,0.7669999999999959,0.5328000000118891,3.2335999999642127,0.783099999964179,2.5830000000000837,1.4163999999761927,0.6163999999761245,0.7163999999761472,0.7666000000239137,0.6335000000000264,1.4669999999999845,3.58429999995235,0.8993999999762536,1.1326999999880627,2.41700000000003,0.6498999999761281,0.7501999999881264,2.5338000000118654]","[1.3832000000476796,1.1333000000119,0.7671999999881223,0.966400000035776,1.5998999999761736,6.883199999988108,1.0830999999641904,1.2165999999642167,1.0166000000238,0.8165999999642395,1.30030000001193,0.5838000000119337,0.9336000000238869,0.9331999999880622,1.083500000000015,0.7333000000119227,2.4165999999642622,0.7835000000000036,0.767100000023845,0.5329000000357382,3.233699999988062,0.783099999964179,2.583099999964247,1.4163999999761927,0.6163999999761245,0.7163999999761472,0.7666000000239137,0.6335000000000264,1.4669999999999845,3.58429999995235,0.8994999999999891,1.1328000000119118,2.41700000000003,0.6498999999761281,0.7501999999881264,2.5338000000118654]",,,0.0,53.0,53.0,66.0,1.0,"bot (kenmerk, niet lichaam)","gbot (kenmerk, niet lichaam)",question_gesture.png,im_hand.png,,,,,,
,,,297804,1,21,2023-10-03_11h06.52.330,flesh_expressibility_dutch,2022.2.4,Win32,59.80861244,,,,20.0,2.0,Nederlands,,,,,,Engels,2.0,,0.0,,0.0,,0.0,,0.0,,0.0,,0.0,,0.0,NL,6.0,2.0,2.0,1.0,,sensorypref2,1536.0,864.0,,,,,,,,,,,,,,,,,,,,,,,,,,,,,,,,,,,,22.0,650.8975,36.0,"[1.3832000000476796,1.1333000000119,0.767100000023845,0.966400000035776,1.5997999999523245,6.883199999988108,1.0830999999641904,1.2165999999642167,1.0166000000238,0.8165000000000191,1.30030000001193,0.5838000000119337,0.9336000000238869,0.9331999999880622,1.083500000000015,0.7333000000119227,2.4165999999642622,0.7835000000000036,0.7669999999999959,0.5328000000118891,3.2335999999642127,0.783099999964179,2.5830000000000837,1.4163999999761927,0.6163999999761245,0.7163999999761472,0.7666000000239137,0.6335000000000264,1.4669999999999845,3.58429999995235,0.8993999999762536,1.1326999999880627,2.41700000000003,0.6498999999761281,0.7501999999881264,2.5338000000118654]","[1.3832000000476796,1.1333000000119,0.7671999999881223,0.966400000035776,1.5998999999761736,6.883199999988108,1.0830999999641904,1.2165999999642167,1.0166000000238,0.8165999999642395,1.30030000001193,0.5838000000119337,0.9336000000238869,0.9331999999880622,1.083500000000015,0.7333000000119227,2.4165999999642622,0.7835000000000036,0.767100000023845,0.5329000000357382,3.233699999988062,0.783099999964179,2.583099999964247,1.4163999999761927,0.6163999999761245,0.7163999999761472,0.7666000000239137,0.6335000000000264,1.4669999999999845,3.58429999995235,0.8994999999999891,1.1328000000119118,2.41700000000003,0.6498999999761281,0.7501999999881264,2.5338000000118654]",,,0.0,54.0,54.0,112.0,1.0,bloed,gbloed,question_gesture.png,im_hand.png,,,,,,
,,,297804,1,21,2023-10-03_11h06.52.330,flesh_expressibility_dutch,2022.2.4,Win32,59.80861244,,,,20.0,2.0,Nederlands,,,,,,Engels,2.0,,0.0,,0.0,,0.0,,0.0,,0.0,,0.0,,0.0,NL,6.0,2.0,2.0,1.0,,sensorypref2,1536.0,864.0,,,,,,,,,,,,,,,,,,,,,,,,,,,,,,,,,,,,22.0,651.9218,36.0,"[1.3832000000476796,1.1333000000119,0.767100000023845,0.966400000035776,1.5997999999523245,6.883199999988108,1.0830999999641904,1.2165999999642167,1.0166000000238,0.8165000000000191,1.30030000001193,0.5838000000119337,0.9336000000238869,0.9331999999880622,1.083500000000015,0.7333000000119227,2.4165999999642622,0.7835000000000036,0.7669999999999959,0.5328000000118891,3.2335999999642127,0.783099999964179,2.5830000000000837,1.4163999999761927,0.6163999999761245,0.7163999999761472,0.7666000000239137,0.6335000000000264,1.4669999999999845,3.58429999995235,0.8993999999762536,1.1326999999880627,2.41700000000003,0.6498999999761281,0.7501999999881264,2.5338000000118654]","[1.3832000000476796,1.1333000000119,0.7671999999881223,0.966400000035776,1.5998999999761736,6.883199999988108,1.0830999999641904,1.2165999999642167,1.0166000000238,0.8165999999642395,1.30030000001193,0.5838000000119337,0.9336000000238869,0.9331999999880622,1.083500000000015,0.7333000000119227,2.4165999999642622,0.7835000000000036,0.767100000023845,0.5329000000357382,3.233699999988062,0.783099999964179,2.583099999964247,1.4163999999761927,0.6163999999761245,0.7163999999761472,0.7666000000239137,0.6335000000000264,1.4669999999999845,3.58429999995235,0.8994999999999891,1.1328000000119118,2.41700000000003,0.6498999999761281,0.7501999999881264,2.5338000000118654]",,,0.0,55.0,55.0,173.0,1.0,klein,gklein,question_gesture.png,im_hand.png,,,,,,
,,,297804,1,21,2023-10-03_11h06.52.330,flesh_expressibility_dutch,2022.2.4,Win32,59.80861244,,,,20.0,2.0,Nederlands,,,,,,Engels,2.0,,0.0,,0.0,,0.0,,0.0,,0.0,,0.0,,0.0,NL,6.0,2.0,2.0,1.0,,sensorypref2,1536.0,864.0,,,,,,,,,,,,,,,,,,,,,,,,,,,,,,,,,,,,21.0,652.7899,37.0,"[1.3832000000476796,1.1333000000119,0.767100000023845,0.966400000035776,1.5997999999523245,6.883199999988108,1.0830999999641904,1.2165999999642167,1.0166000000238,0.8165000000000191,1.30030000001193,0.5838000000119337,0.9336000000238869,0.9331999999880622,1.083500000000015,0.7333000000119227,2.4165999999642622,0.7835000000000036,0.7669999999999959,0.5328000000118891,3.2335999999642127,0.783099999964179,2.5830000000000837,1.4163999999761927,0.6163999999761245,0.7163999999761472,0.7666000000239137,0.6335000000000264,1.4669999999999845,3.58429999995235,0.8993999999762536,1.1326999999880627,2.41700000000003,0.6498999999761281,0.7501999999881264,2.5338000000118654,0.9668000000119719]","[1.3832000000476796,1.1333000000119,0.7671999999881223,0.966400000035776,1.5998999999761736,6.883199999988108,1.0830999999641904,1.2165999999642167,1.0166000000238,0.8165999999642395,1.30030000001193,0.5838000000119337,0.9336000000238869,0.9331999999880622,1.083500000000015,0.7333000000119227,2.4165999999642622,0.7835000000000036,0.767100000023845,0.5329000000357382,3.233699999988062,0.783099999964179,2.583099999964247,1.4163999999761927,0.6163999999761245,0.7163999999761472,0.7666000000239137,0.6335000000000264,1.4669999999999845,3.58429999995235,0.8994999999999891,1.1328000000119118,2.41700000000003,0.6498999999761281,0.7501999999881264,2.5338000000118654,0.9668000000119719]",-0.559259203,3.6928,0.0,56.0,56.0,107.0,1.0,mond,gmond,question_gesture.png,im_hand.png,,,,,,
,,,297804,1,21,2023-10-03_11h06.52.330,flesh_expressibility_dutch,2022.2.4,Win32,59.80861244,,,,20.0,2.0,Nederlands,,,,,,Engels,2.0,,0.0,,0.0,,0.0,,0.0,,0.0,,0.0,,0.0,NL,6.0,2.0,2.0,1.0,,sensorypref2,1536.0,864.0,,,,,,,,,,,,,,,,,,,,,,,,,,,,,,,,,,,,22.0,657.5556,37.0,"[1.3832000000476796,1.1333000000119,0.767100000023845,0.966400000035776,1.5997999999523245,6.883199999988108,1.0830999999641904,1.2165999999642167,1.0166000000238,0.8165000000000191,1.30030000001193,0.5838000000119337,0.9336000000238869,0.9331999999880622,1.083500000000015,0.7333000000119227,2.4165999999642622,0.7835000000000036,0.7669999999999959,0.5328000000118891,3.2335999999642127,0.783099999964179,2.5830000000000837,1.4163999999761927,0.6163999999761245,0.7163999999761472,0.7666000000239137,0.6335000000000264,1.4669999999999845,3.58429999995235,0.8993999999762536,1.1326999999880627,2.41700000000003,0.6498999999761281,0.7501999999881264,2.5338000000118654,0.9668000000119719]","[1.3832000000476796,1.1333000000119,0.7671999999881223,0.966400000035776,1.5998999999761736,6.883199999988108,1.0830999999641904,1.2165999999642167,1.0166000000238,0.8165999999642395,1.30030000001193,0.5838000000119337,0.9336000000238869,0.9331999999880622,1.083500000000015,0.7333000000119227,2.4165999999642622,0.7835000000000036,0.767100000023845,0.5329000000357382,3.233699999988062,0.783099999964179,2.583099999964247,1.4163999999761927,0.6163999999761245,0.7163999999761472,0.7666000000239137,0.6335000000000264,1.4669999999999845,3.58429999995235,0.8994999999999891,1.1328000000119118,2.41700000000003,0.6498999999761281,0.7501999999881264,2.5338000000118654,0.9668000000119719]",,,0.0,57.0,57.0,206.0,1.0,lepel,glepel,question_gesture.png,im_hand.png,,,,,,
,,,297804,1,21,2023-10-03_11h06.52.330,flesh_expressibility_dutch,2022.2.4,Win32,59.80861244,,,,20.0,2.0,Nederlands,,,,,,Engels,2.0,,0.0,,0.0,,0.0,,0.0,,0.0,,0.0,,0.0,NL,6.0,2.0,2.0,1.0,,sensorypref2,1536.0,864.0,,,,,,,,,,,,,,,,,,,,,,,,,,,,,,,,,,,,22.0,658.7821,37.0,"[1.3832000000476796,1.1333000000119,0.767100000023845,0.966400000035776,1.5997999999523245,6.883199999988108,1.0830999999641904,1.2165999999642167,1.0166000000238,0.8165000000000191,1.30030000001193,0.5838000000119337,0.9336000000238869,0.9331999999880622,1.083500000000015,0.7333000000119227,2.4165999999642622,0.7835000000000036,0.7669999999999959,0.5328000000118891,3.2335999999642127,0.783099999964179,2.5830000000000837,1.4163999999761927,0.6163999999761245,0.7163999999761472,0.7666000000239137,0.6335000000000264,1.4669999999999845,3.58429999995235,0.8993999999762536,1.1326999999880627,2.41700000000003,0.6498999999761281,0.7501999999881264,2.5338000000118654,0.9668000000119719]","[1.3832000000476796,1.1333000000119,0.7671999999881223,0.966400000035776,1.5998999999761736,6.883199999988108,1.0830999999641904,1.2165999999642167,1.0166000000238,0.8165999999642395,1.30030000001193,0.5838000000119337,0.9336000000238869,0.9331999999880622,1.083500000000015,0.7333000000119227,2.4165999999642622,0.7835000000000036,0.767100000023845,0.5329000000357382,3.233699999988062,0.783099999964179,2.583099999964247,1.4163999999761927,0.6163999999761245,0.7163999999761472,0.7666000000239137,0.6335000000000264,1.4669999999999845,3.58429999995235,0.8994999999999891,1.1328000000119118,2.41700000000003,0.6498999999761281,0.7501999999881264,2.5338000000118654,0.9668000000119719]",,,0.0,58.0,58.0,114.0,1.0,borst,gborst,question_gesture.png,im_hand.png,,,,,,
,,,297804,1,21,2023-10-03_11h06.52.330,flesh_expressibility_dutch,2022.2.4,Win32,59.80861244,,,,20.0,2.0,Nederlands,,,,,,Engels,2.0,,0.0,,0.0,,0.0,,0.0,,0.0,,0.0,,0.0,NL,6.0,2.0,2.0,1.0,,sensorypref2,1536.0,864.0,,,,,,,,,,,,,,,,,,,,,,,,,,,,,,,,,,,,22.0,659.8068,37.0,"[1.3832000000476796,1.1333000000119,0.767100000023845,0.966400000035776,1.5997999999523245,6.883199999988108,1.0830999999641904,1.2165999999642167,1.0166000000238,0.8165000000000191,1.30030000001193,0.5838000000119337,0.9336000000238869,0.9331999999880622,1.083500000000015,0.7333000000119227,2.4165999999642622,0.7835000000000036,0.7669999999999959,0.5328000000118891,3.2335999999642127,0.783099999964179,2.5830000000000837,1.4163999999761927,0.6163999999761245,0.7163999999761472,0.7666000000239137,0.6335000000000264,1.4669999999999845,3.58429999995235,0.8993999999762536,1.1326999999880627,2.41700000000003,0.6498999999761281,0.7501999999881264,2.5338000000118654,0.9668000000119719]","[1.3832000000476796,1.1333000000119,0.7671999999881223,0.966400000035776,1.5998999999761736,6.883199999988108,1.0830999999641904,1.2165999999642167,1.0166000000238,0.8165999999642395,1.30030000001193,0.5838000000119337,0.9336000000238869,0.9331999999880622,1.083500000000015,0.7333000000119227,2.4165999999642622,0.7835000000000036,0.767100000023845,0.5329000000357382,3.233699999988062,0.783099999964179,2.583099999964247,1.4163999999761927,0.6163999999761245,0.7163999999761472,0.7666000000239137,0.6335000000000264,1.4669999999999845,3.58429999995235,0.8994999999999891,1.1328000000119118,2.41700000000003,0.6498999999761281,0.7501999999881264,2.5338000000118654,0.9668000000119719]",,,0.0,59.0,59.0,93.0,1.0,kleding,gkleding,question_gesture.png,im_hand.png,,,,,,
,,,297804,1,21,2023-10-03_11h06.52.330,flesh_expressibility_dutch,2022.2.4,Win32,59.80861244,,,,20.0,2.0,Nederlands,,,,,,Engels,2.0,,0.0,,0.0,,0.0,,0.0,,0.0,,0.0,,0.0,NL,6.0,2.0,2.0,1.0,,sensorypref2,1536.0,864.0,,,,,,,,,,,,,,,,,,,,,,,,,,,,,,,,,,,,21.0,660.8309,38.0,"[1.3832000000476796,1.1333000000119,0.767100000023845,0.966400000035776,1.5997999999523245,6.883199999988108,1.0830999999641904,1.2165999999642167,1.0166000000238,0.8165000000000191,1.30030000001193,0.5838000000119337,0.9336000000238869,0.9331999999880622,1.083500000000015,0.7333000000119227,2.4165999999642622,0.7835000000000036,0.7669999999999959,0.5328000000118891,3.2335999999642127,0.783099999964179,2.5830000000000837,1.4163999999761927,0.6163999999761245,0.7163999999761472,0.7666000000239137,0.6335000000000264,1.4669999999999845,3.58429999995235,0.8993999999762536,1.1326999999880627,2.41700000000003,0.6498999999761281,0.7501999999881264,2.5338000000118654,0.9668000000119719,2.4667000000476946]","[1.3832000000476796,1.1333000000119,0.7671999999881223,0.966400000035776,1.5998999999761736,6.883199999988108,1.0830999999641904,1.2165999999642167,1.0166000000238,0.8165999999642395,1.30030000001193,0.5838000000119337,0.9336000000238869,0.9331999999880622,1.083500000000015,0.7333000000119227,2.4165999999642622,0.7835000000000036,0.767100000023845,0.5329000000357382,3.233699999988062,0.783099999964179,2.583099999964247,1.4163999999761927,0.6163999999761245,0.7163999999761472,0.7666000000239137,0.6335000000000264,1.4669999999999845,3.58429999995235,0.8994999999999891,1.1328000000119118,2.41700000000003,0.6498999999761281,0.7501999999881264,2.5338000000118654,0.9668000000119719,2.4669000000357073]",0.431481538,6.0719,0.0,60.0,60.0,148.0,1.0,bijten,gbijten,question_gesture.png,im_hand.png,,,,,,
,,,297804,1,21,2023-10-03_11h06.52.330,flesh_expressibility_dutch,2022.2.4,Win32,59.80861244,,,,20.0,2.0,Nederlands,,,,,,Engels,2.0,,0.0,,0.0,,0.0,,0.0,,0.0,,0.0,,0.0,NL,6.0,2.0,2.0,1.0,,sensorypref2,1536.0,864.0,,,,,,,,,,,,,,,,,,,,,,,,,,,,,,,,,,,,22.0,667.3833,38.0,"[1.3832000000476796,1.1333000000119,0.767100000023845,0.966400000035776,1.5997999999523245,6.883199999988108,1.0830999999641904,1.2165999999642167,1.0166000000238,0.8165000000000191,1.30030000001193,0.5838000000119337,0.9336000000238869,0.9331999999880622,1.083500000000015,0.7333000000119227,2.4165999999642622,0.7835000000000036,0.7669999999999959,0.5328000000118891,3.2335999999642127,0.783099999964179,2.5830000000000837,1.4163999999761927,0.6163999999761245,0.7163999999761472,0.7666000000239137,0.6335000000000264,1.4669999999999845,3.58429999995235,0.8993999999762536,1.1326999999880627,2.41700000000003,0.6498999999761281,0.7501999999881264,2.5338000000118654,0.9668000000119719,2.4667000000476946]","[1.3832000000476796,1.1333000000119,0.7671999999881223,0.966400000035776,1.5998999999761736,6.883199999988108,1.0830999999641904,1.2165999999642167,1.0166000000238,0.8165999999642395,1.30030000001193,0.5838000000119337,0.9336000000238869,0.9331999999880622,1.083500000000015,0.7333000000119227,2.4165999999642622,0.7835000000000036,0.767100000023845,0.5329000000357382,3.233699999988062,0.783099999964179,2.583099999964247,1.4163999999761927,0.6163999999761245,0.7163999999761472,0.7666000000239137,0.6335000000000264,1.4669999999999845,3.58429999995235,0.8994999999999891,1.1328000000119118,2.41700000000003,0.6498999999761281,0.7501999999881264,2.5338000000118654,0.9668000000119719,2.4669000000357073]",,,0.0,61.0,61.0,198.0,1.0,nieuw,gnieuw,question_gesture.png,im_hand.png,,,,,,
,,,297804,1,21,2023-10-03_11h06.52.330,flesh_expressibility_dutch,2022.2.4,Win32,59.80861244,,,,20.0,2.0,Nederlands,,,,,,Engels,2.0,,0.0,,0.0,,0.0,,0.0,,0.0,,0.0,,0.0,NL,6.0,2.0,2.0,1.0,,sensorypref2,1536.0,864.0,,,,,,,,,,,,,,,,,,,,,,,,,,,,,,,,,,,,22.0,668.4077,38.0,"[1.3832000000476796,1.1333000000119,0.767100000023845,0.966400000035776,1.5997999999523245,6.883199999988108,1.0830999999641904,1.2165999999642167,1.0166000000238,0.8165000000000191,1.30030000001193,0.5838000000119337,0.9336000000238869,0.9331999999880622,1.083500000000015,0.7333000000119227,2.4165999999642622,0.7835000000000036,0.7669999999999959,0.5328000000118891,3.2335999999642127,0.783099999964179,2.5830000000000837,1.4163999999761927,0.6163999999761245,0.7163999999761472,0.7666000000239137,0.6335000000000264,1.4669999999999845,3.58429999995235,0.8993999999762536,1.1326999999880627,2.41700000000003,0.6498999999761281,0.7501999999881264,2.5338000000118654,0.9668000000119719,2.4667000000476946]","[1.3832000000476796,1.1333000000119,0.7671999999881223,0.966400000035776,1.5998999999761736,6.883199999988108,1.0830999999641904,1.2165999999642167,1.0166000000238,0.8165999999642395,1.30030000001193,0.5838000000119337,0.9336000000238869,0.9331999999880622,1.083500000000015,0.7333000000119227,2.4165999999642622,0.7835000000000036,0.767100000023845,0.5329000000357382,3.233699999988062,0.783099999964179,2.583099999964247,1.4163999999761927,0.6163999999761245,0.7163999999761472,0.7666000000239137,0.6335000000000264,1.4669999999999845,3.58429999995235,0.8994999999999891,1.1328000000119118,2.41700000000003,0.6498999999761281,0.7501999999881264,2.5338000000118654,0.9668000000119719,2.4669000000357073]",,,0.0,62.0,62.0,38.0,1.0,blij,gblij,question_gesture.png,im_hand.png,,,,,,
,,,297804,1,21,2023-10-03_11h06.52.330,flesh_expressibility_dutch,2022.2.4,Win32,59.80861244,,,,20.0,2.0,Nederlands,,,,,,Engels,2.0,,0.0,,0.0,,0.0,,0.0,,0.0,,0.0,,0.0,NL,6.0,2.0,2.0,1.0,,sensorypref2,1536.0,864.0,,,,,,,,,,,,,,,,,,,,,,,,,,,,,,,,,,,,22.0,669.4317,38.0,"[1.3832000000476796,1.1333000000119,0.767100000023845,0.966400000035776,1.5997999999523245,6.883199999988108,1.0830999999641904,1.2165999999642167,1.0166000000238,0.8165000000000191,1.30030000001193,0.5838000000119337,0.9336000000238869,0.9331999999880622,1.083500000000015,0.7333000000119227,2.4165999999642622,0.7835000000000036,0.7669999999999959,0.5328000000118891,3.2335999999642127,0.783099999964179,2.5830000000000837,1.4163999999761927,0.6163999999761245,0.7163999999761472,0.7666000000239137,0.6335000000000264,1.4669999999999845,3.58429999995235,0.8993999999762536,1.1326999999880627,2.41700000000003,0.6498999999761281,0.7501999999881264,2.5338000000118654,0.9668000000119719,2.4667000000476946]","[1.3832000000476796,1.1333000000119,0.7671999999881223,0.966400000035776,1.5998999999761736,6.883199999988108,1.0830999999641904,1.2165999999642167,1.0166000000238,0.8165999999642395,1.30030000001193,0.5838000000119337,0.9336000000238869,0.9331999999880622,1.083500000000015,0.7333000000119227,2.4165999999642622,0.7835000000000036,0.767100000023845,0.5329000000357382,3.233699999988062,0.783099999964179,2.583099999964247,1.4163999999761927,0.6163999999761245,0.7163999999761472,0.7666000000239137,0.6335000000000264,1.4669999999999845,3.58429999995235,0.8994999999999891,1.1328000000119118,2.41700000000003,0.6498999999761281,0.7501999999881264,2.5338000000118654,0.9668000000119719,2.4669000000357073]",,,0.0,63.0,63.0,8.0,1.0,likken,glikken,question_gesture.png,im_hand.png,,,,,,
,,,297804,1,21,2023-10-03_11h06.52.330,flesh_expressibility_dutch,2022.2.4,Win32,59.80861244,,,,20.0,2.0,Nederlands,,,,,,Engels,2.0,,0.0,,0.0,,0.0,,0.0,,0.0,,0.0,,0.0,NL,6.0,2.0,2.0,1.0,,sensorypref2,1536.0,864.0,,,,,,,,,,,,,,,,,,,,,,,,,,,,,,,,,,,,21.0,670.456,39.0,"[1.3832000000476796,1.1333000000119,0.767100000023845,0.966400000035776,1.5997999999523245,6.883199999988108,1.0830999999641904,1.2165999999642167,1.0166000000238,0.8165000000000191,1.30030000001193,0.5838000000119337,0.9336000000238869,0.9331999999880622,1.083500000000015,0.7333000000119227,2.4165999999642622,0.7835000000000036,0.7669999999999959,0.5328000000118891,3.2335999999642127,0.783099999964179,2.5830000000000837,1.4163999999761927,0.6163999999761245,0.7163999999761472,0.7666000000239137,0.6335000000000264,1.4669999999999845,3.58429999995235,0.8993999999762536,1.1326999999880627,2.41700000000003,0.6498999999761281,0.7501999999881264,2.5338000000118654,0.9668000000119719,2.4667000000476946,1.382400000035659]","[1.3832000000476796,1.1333000000119,0.7671999999881223,0.966400000035776,1.5998999999761736,6.883199999988108,1.0830999999641904,1.2165999999642167,1.0166000000238,0.8165999999642395,1.30030000001193,0.5838000000119337,0.9336000000238869,0.9331999999880622,1.083500000000015,0.7333000000119227,2.4165999999642622,0.7835000000000036,0.767100000023845,0.5329000000357382,3.233699999988062,0.783099999964179,2.583099999964247,1.4163999999761927,0.6163999999761245,0.7163999999761472,0.7666000000239137,0.6335000000000264,1.4669999999999845,3.58429999995235,0.8994999999999891,1.1328000000119118,2.41700000000003,0.6498999999761281,0.7501999999881264,2.5338000000118654,0.9668000000119719,2.4669000000357073,1.3824999999999363]",-0.711111069,3.0841,0.0,64.0,64.0,72.0,1.0,verrot,gverrot,question_gesture.png,im_hand.png,,,,,,
,,,297804,1,21,2023-10-03_11h06.52.330,flesh_expressibility_dutch,2022.2.4,Win32,59.80861244,,,,20.0,2.0,Nederlands,,,,,,Engels,2.0,,0.0,,0.0,,0.0,,0.0,,0.0,,0.0,,0.0,NL,6.0,2.0,2.0,1.0,,sensorypref2,1536.0,864.0,,,,,,,,,,,,,,,,,,,,,,,,,,,,,,,,,,,,22.0,674.8592,39.0,"[1.3832000000476796,1.1333000000119,0.767100000023845,0.966400000035776,1.5997999999523245,6.883199999988108,1.0830999999641904,1.2165999999642167,1.0166000000238,0.8165000000000191,1.30030000001193,0.5838000000119337,0.9336000000238869,0.9331999999880622,1.083500000000015,0.7333000000119227,2.4165999999642622,0.7835000000000036,0.7669999999999959,0.5328000000118891,3.2335999999642127,0.783099999964179,2.5830000000000837,1.4163999999761927,0.6163999999761245,0.7163999999761472,0.7666000000239137,0.6335000000000264,1.4669999999999845,3.58429999995235,0.8993999999762536,1.1326999999880627,2.41700000000003,0.6498999999761281,0.7501999999881264,2.5338000000118654,0.9668000000119719,2.4667000000476946,1.382400000035659]","[1.3832000000476796,1.1333000000119,0.7671999999881223,0.966400000035776,1.5998999999761736,6.883199999988108,1.0830999999641904,1.2165999999642167,1.0166000000238,0.8165999999642395,1.30030000001193,0.5838000000119337,0.9336000000238869,0.9331999999880622,1.083500000000015,0.7333000000119227,2.4165999999642622,0.7835000000000036,0.767100000023845,0.5329000000357382,3.233699999988062,0.783099999964179,2.583099999964247,1.4163999999761927,0.6163999999761245,0.7163999999761472,0.7666000000239137,0.6335000000000264,1.4669999999999845,3.58429999995235,0.8994999999999891,1.1328000000119118,2.41700000000003,0.6498999999761281,0.7501999999881264,2.5338000000118654,0.9668000000119719,2.4669000000357073,1.3824999999999363]",,,0.0,65.0,65.0,203.0,1.0,kat,gkat,question_gesture.png,im_hand.png,,,,,,
,,,297804,1,21,2023-10-03_11h06.52.330,flesh_expressibility_dutch,2022.2.4,Win32,59.80861244,,,,20.0,2.0,Nederlands,,,,,,Engels,2.0,,0.0,,0.0,,0.0,,0.0,,0.0,,0.0,,0.0,NL,6.0,2.0,2.0,1.0,,sensorypref2,1536.0,864.0,,,,,,,,,,,,,,,,,,,,,,,,,,,,,,,,,,,,22.0,675.8837,39.0,"[1.3832000000476796,1.1333000000119,0.767100000023845,0.966400000035776,1.5997999999523245,6.883199999988108,1.0830999999641904,1.2165999999642167,1.0166000000238,0.8165000000000191,1.30030000001193,0.5838000000119337,0.9336000000238869,0.9331999999880622,1.083500000000015,0.7333000000119227,2.4165999999642622,0.7835000000000036,0.7669999999999959,0.5328000000118891,3.2335999999642127,0.783099999964179,2.5830000000000837,1.4163999999761927,0.6163999999761245,0.7163999999761472,0.7666000000239137,0.6335000000000264,1.4669999999999845,3.58429999995235,0.8993999999762536,1.1326999999880627,2.41700000000003,0.6498999999761281,0.7501999999881264,2.5338000000118654,0.9668000000119719,2.4667000000476946,1.382400000035659]","[1.3832000000476796,1.1333000000119,0.7671999999881223,0.966400000035776,1.5998999999761736,6.883199999988108,1.0830999999641904,1.2165999999642167,1.0166000000238,0.8165999999642395,1.30030000001193,0.5838000000119337,0.9336000000238869,0.9331999999880622,1.083500000000015,0.7333000000119227,2.4165999999642622,0.7835000000000036,0.767100000023845,0.5329000000357382,3.233699999988062,0.783099999964179,2.583099999964247,1.4163999999761927,0.6163999999761245,0.7163999999761472,0.7666000000239137,0.6335000000000264,1.4669999999999845,3.58429999995235,0.8994999999999891,1.1328000000119118,2.41700000000003,0.6498999999761281,0.7501999999881264,2.5338000000118654,0.9668000000119719,2.4669000000357073,1.3824999999999363]",,,0.0,66.0,66.0,46.0,1.0,nat,gnat,question_gesture.png,im_hand.png,,,,,,
,,,297804,1,21,2023-10-03_11h06.52.330,flesh_expressibility_dutch,2022.2.4,Win32,59.80861244,,,,20.0,2.0,Nederlands,,,,,,Engels,2.0,,0.0,,0.0,,0.0,,0.0,,0.0,,0.0,,0.0,NL,6.0,2.0,2.0,1.0,,sensorypref2,1536.0,864.0,,,,,,,,,,,,,,,,,,,,,,,,,,,,,,,,,,,,22.0,677.01,39.0,"[1.3832000000476796,1.1333000000119,0.767100000023845,0.966400000035776,1.5997999999523245,6.883199999988108,1.0830999999641904,1.2165999999642167,1.0166000000238,0.8165000000000191,1.30030000001193,0.5838000000119337,0.9336000000238869,0.9331999999880622,1.083500000000015,0.7333000000119227,2.4165999999642622,0.7835000000000036,0.7669999999999959,0.5328000000118891,3.2335999999642127,0.783099999964179,2.5830000000000837,1.4163999999761927,0.6163999999761245,0.7163999999761472,0.7666000000239137,0.6335000000000264,1.4669999999999845,3.58429999995235,0.8993999999762536,1.1326999999880627,2.41700000000003,0.6498999999761281,0.7501999999881264,2.5338000000118654,0.9668000000119719,2.4667000000476946,1.382400000035659]","[1.3832000000476796,1.1333000000119,0.7671999999881223,0.966400000035776,1.5998999999761736,6.883199999988108,1.0830999999641904,1.2165999999642167,1.0166000000238,0.8165999999642395,1.30030000001193,0.5838000000119337,0.9336000000238869,0.9331999999880622,1.083500000000015,0.7333000000119227,2.4165999999642622,0.7835000000000036,0.767100000023845,0.5329000000357382,3.233699999988062,0.783099999964179,2.583099999964247,1.4163999999761927,0.6163999999761245,0.7163999999761472,0.7666000000239137,0.6335000000000264,1.4669999999999845,3.58429999995235,0.8994999999999891,1.1328000000119118,2.41700000000003,0.6498999999761281,0.7501999999881264,2.5338000000118654,0.9668000000119719,2.4669000000357073,1.3824999999999363]",,,0.0,67.0,67.0,35.0,1.0,boos,gboos,question_gesture.png,im_hand.png,,,,,,
,,,297804,1,21,2023-10-03_11h06.52.330,flesh_expressibility_dutch,2022.2.4,Win32,59.80861244,,,,20.0,2.0,Nederlands,,,,,,Engels,2.0,,0.0,,0.0,,0.0,,0.0,,0.0,,0.0,,0.0,NL,6.0,2.0,2.0,1.0,,sensorypref2,1536.0,864.0,,,,,,,,,,,,,,,,,,,,,,,,,,,,,,,,,,,,21.0,678.1395,40.0,"[1.3832000000476796,1.1333000000119,0.767100000023845,0.966400000035776,1.5997999999523245,6.883199999988108,1.0830999999641904,1.2165999999642167,1.0166000000238,0.8165000000000191,1.30030000001193,0.5838000000119337,0.9336000000238869,0.9331999999880622,1.083500000000015,0.7333000000119227,2.4165999999642622,0.7835000000000036,0.7669999999999959,0.5328000000118891,3.2335999999642127,0.783099999964179,2.5830000000000837,1.4163999999761927,0.6163999999761245,0.7163999999761472,0.7666000000239137,0.6335000000000264,1.4669999999999845,3.58429999995235,0.8993999999762536,1.1326999999880627,2.41700000000003,0.6498999999761281,0.7501999999881264,2.5338000000118654,0.9668000000119719,2.4667000000476946,1.382400000035659,0.5000999999641635]","[1.3832000000476796,1.1333000000119,0.7671999999881223,0.966400000035776,1.5998999999761736,6.883199999988108,1.0830999999641904,1.2165999999642167,1.0166000000238,0.8165999999642395,1.30030000001193,0.5838000000119337,0.9336000000238869,0.9331999999880622,1.083500000000015,0.7333000000119227,2.4165999999642622,0.7835000000000036,0.767100000023845,0.5329000000357382,3.233699999988062,0.783099999964179,2.583099999964247,1.4163999999761927,0.6163999999761245,0.7163999999761472,0.7666000000239137,0.6335000000000264,1.4669999999999845,3.58429999995235,0.8994999999999891,1.1328000000119118,2.41700000000003,0.6498999999761281,0.7501999999881264,2.5338000000118654,0.9668000000119719,2.4669000000357073,1.3824999999999363,0.5001999999880127]",-0.344444416,5.4953,0.0,68.0,68.0,32.0,1.0,vooraan,gvooraan,question_gesture.png,im_hand.png,,,,,,
,,,297804,1,21,2023-10-03_11h06.52.330,flesh_expressibility_dutch,2022.2.4,Win32,59.80861244,,,,20.0,2.0,Nederlands,,,,,,Engels,2.0,,0.0,,0.0,,0.0,,0.0,,0.0,,0.0,,0.0,NL,6.0,2.0,2.0,1.0,,sensorypref2,1536.0,864.0,,,,,,,,,,,,,,,,,,,,,,,,,,,,,,3.0,"[315.8396999999881,512.7925999999642,685.4952999999523]","[315.83979999995233,512.7925999999642,685.4952999999523]",3.0,"[319.4163999999762,516.4268000000119,688.2446000000239]","[319.41650000000004,516.4268999999762,688.244699999988]",22.0,689.8097,40.0,"[1.3832000000476796,1.1333000000119,0.767100000023845,0.966400000035776,1.5997999999523245,6.883199999988108,1.0830999999641904,1.2165999999642167,1.0166000000238,0.8165000000000191,1.30030000001193,0.5838000000119337,0.9336000000238869,0.9331999999880622,1.083500000000015,0.7333000000119227,2.4165999999642622,0.7835000000000036,0.7669999999999959,0.5328000000118891,3.2335999999642127,0.783099999964179,2.5830000000000837,1.4163999999761927,0.6163999999761245,0.7163999999761472,0.7666000000239137,0.6335000000000264,1.4669999999999845,3.58429999995235,0.8993999999762536,1.1326999999880627,2.41700000000003,0.6498999999761281,0.7501999999881264,2.5338000000118654,0.9668000000119719,2.4667000000476946,1.382400000035659,0.5000999999641635]","[1.3832000000476796,1.1333000000119,0.7671999999881223,0.966400000035776,1.5998999999761736,6.883199999988108,1.0830999999641904,1.2165999999642167,1.0166000000238,0.8165999999642395,1.30030000001193,0.5838000000119337,0.9336000000238869,0.9331999999880622,1.083500000000015,0.7333000000119227,2.4165999999642622,0.7835000000000036,0.767100000023845,0.5329000000357382,3.233699999988062,0.783099999964179,2.583099999964247,1.4163999999761927,0.6163999999761245,0.7163999999761472,0.7666000000239137,0.6335000000000264,1.4669999999999845,3.58429999995235,0.8994999999999891,1.1328000000119118,2.41700000000003,0.6498999999761281,0.7501999999881264,2.5338000000118654,0.9668000000119719,2.4669000000357073,1.3824999999999363,0.5001999999880127]",,,0.0,0.0,0.0,136.0,1.0,komen,vkomen,question_vocal.png,im_mouth.png,,,,,,
,,,297804,1,21,2023-10-03_11h06.52.330,flesh_expressibility_dutch,2022.2.4,Win32,59.80861244,,,,20.0,2.0,Nederlands,,,,,,Engels,2.0,,0.0,,0.0,,0.0,,0.0,,0.0,,0.0,,0.0,NL,6.0,2.0,2.0,1.0,,sensorypref2,1536.0,864.0,,,,,,,,,,,,,,,,,,,,,,,,,,,,,,,,,,,,22.0,690.9365,40.0,"[1.3832000000476796,1.1333000000119,0.767100000023845,0.966400000035776,1.5997999999523245,6.883199999988108,1.0830999999641904,1.2165999999642167,1.0166000000238,0.8165000000000191,1.30030000001193,0.5838000000119337,0.9336000000238869,0.9331999999880622,1.083500000000015,0.7333000000119227,2.4165999999642622,0.7835000000000036,0.7669999999999959,0.5328000000118891,3.2335999999642127,0.783099999964179,2.5830000000000837,1.4163999999761927,0.6163999999761245,0.7163999999761472,0.7666000000239137,0.6335000000000264,1.4669999999999845,3.58429999995235,0.8993999999762536,1.1326999999880627,2.41700000000003,0.6498999999761281,0.7501999999881264,2.5338000000118654,0.9668000000119719,2.4667000000476946,1.382400000035659,0.5000999999641635]","[1.3832000000476796,1.1333000000119,0.7671999999881223,0.966400000035776,1.5998999999761736,6.883199999988108,1.0830999999641904,1.2165999999642167,1.0166000000238,0.8165999999642395,1.30030000001193,0.5838000000119337,0.9336000000238869,0.9331999999880622,1.083500000000015,0.7333000000119227,2.4165999999642622,0.7835000000000036,0.767100000023845,0.5329000000357382,3.233699999988062,0.783099999964179,2.583099999964247,1.4163999999761927,0.6163999999761245,0.7163999999761472,0.7666000000239137,0.6335000000000264,1.4669999999999845,3.58429999995235,0.8994999999999891,1.1328000000119118,2.41700000000003,0.6498999999761281,0.7501999999881264,2.5338000000118654,0.9668000000119719,2.4669000000357073,1.3824999999999363,0.5001999999880127]",,,0.0,1.0,1.0,57.0,1.0,fruit,vfruit,question_vocal.png,im_mouth.png,,,,,,
,,,297804,1,21,2023-10-03_11h06.52.330,flesh_expressibility_dutch,2022.2.4,Win32,59.80861244,,,,20.0,2.0,Nederlands,,,,,,Engels,2.0,,0.0,,0.0,,0.0,,0.0,,0.0,,0.0,,0.0,NL,6.0,2.0,2.0,1.0,,sensorypref2,1536.0,864.0,,,,,,,,,,,,,,,,,,,,,,,,,,,,,,,,,,,,21.0,691.9619,41.0,"[1.3832000000476796,1.1333000000119,0.767100000023845,0.966400000035776,1.5997999999523245,6.883199999988108,1.0830999999641904,1.2165999999642167,1.0166000000238,0.8165000000000191,1.30030000001193,0.5838000000119337,0.9336000000238869,0.9331999999880622,1.083500000000015,0.7333000000119227,2.4165999999642622,0.7835000000000036,0.7669999999999959,0.5328000000118891,3.2335999999642127,0.783099999964179,2.5830000000000837,1.4163999999761927,0.6163999999761245,0.7163999999761472,0.7666000000239137,0.6335000000000264,1.4669999999999845,3.58429999995235,0.8993999999762536,1.1326999999880627,2.41700000000003,0.6498999999761281,0.7501999999881264,2.5338000000118654,0.9668000000119719,2.4667000000476946,1.382400000035659,0.5000999999641635,0.9329999999999927]","[1.3832000000476796,1.1333000000119,0.7671999999881223,0.966400000035776,1.5998999999761736,6.883199999988108,1.0830999999641904,1.2165999999642167,1.0166000000238,0.8165999999642395,1.30030000001193,0.5838000000119337,0.9336000000238869,0.9331999999880622,1.083500000000015,0.7333000000119227,2.4165999999642622,0.7835000000000036,0.767100000023845,0.5329000000357382,3.233699999988062,0.783099999964179,2.583099999964247,1.4163999999761927,0.6163999999761245,0.7163999999761472,0.7666000000239137,0.6335000000000264,1.4669999999999845,3.58429999995235,0.8994999999999891,1.1328000000119118,2.41700000000003,0.6498999999761281,0.7501999999881264,2.5338000000118654,0.9668000000119719,2.4669000000357073,1.3824999999999363,0.5001999999880127,0.9331000000238419]",-0.729629587,5.5625,0.0,2.0,2.0,21.0,1.0,heden,vheden,question_vocal.png,im_mouth.png,,,,,,
,,,297804,1,21,2023-10-03_11h06.52.330,flesh_expressibility_dutch,2022.2.4,Win32,59.80861244,,,,20.0,2.0,Nederlands,,,,,,Engels,2.0,,0.0,,0.0,,0.0,,0.0,,0.0,,0.0,,0.0,NL,6.0,2.0,2.0,1.0,,sensorypref2,1536.0,864.0,,,,,,,,,,,,,,,,,,,,,,,,,,,,,,,,,,,,22.0,698.4138,41.0,"[1.3832000000476796,1.1333000000119,0.767100000023845,0.966400000035776,1.5997999999523245,6.883199999988108,1.0830999999641904,1.2165999999642167,1.0166000000238,0.8165000000000191,1.30030000001193,0.5838000000119337,0.9336000000238869,0.9331999999880622,1.083500000000015,0.7333000000119227,2.4165999999642622,0.7835000000000036,0.7669999999999959,0.5328000000118891,3.2335999999642127,0.783099999964179,2.5830000000000837,1.4163999999761927,0.6163999999761245,0.7163999999761472,0.7666000000239137,0.6335000000000264,1.4669999999999845,3.58429999995235,0.8993999999762536,1.1326999999880627,2.41700000000003,0.6498999999761281,0.7501999999881264,2.5338000000118654,0.9668000000119719,2.4667000000476946,1.382400000035659,0.5000999999641635,0.9329999999999927]","[1.3832000000476796,1.1333000000119,0.7671999999881223,0.966400000035776,1.5998999999761736,6.883199999988108,1.0830999999641904,1.2165999999642167,1.0166000000238,0.8165999999642395,1.30030000001193,0.5838000000119337,0.9336000000238869,0.9331999999880622,1.083500000000015,0.7333000000119227,2.4165999999642622,0.7835000000000036,0.767100000023845,0.5329000000357382,3.233699999988062,0.783099999964179,2.583099999964247,1.4163999999761927,0.6163999999761245,0.7163999999761472,0.7666000000239137,0.6335000000000264,1.4669999999999845,3.58429999995235,0.8994999999999891,1.1328000000119118,2.41700000000003,0.6498999999761281,0.7501999999881264,2.5338000000118654,0.9668000000119719,2.4669000000357073,1.3824999999999363,0.5001999999880127,0.9331000000238419]",,,0.0,3.0,3.0,81.0,1.0,vriend,vvriend,question_vocal.png,im_mouth.png,,,,,,
,,,297804,1,21,2023-10-03_11h06.52.330,flesh_expressibility_dutch,2022.2.4,Win32,59.80861244,,,,20.0,2.0,Nederlands,,,,,,Engels,2.0,,0.0,,0.0,,0.0,,0.0,,0.0,,0.0,,0.0,NL,6.0,2.0,2.0,1.0,,sensorypref2,1536.0,864.0,,,,,,,,,,,,,,,,,,,,,,,,,,,,,,,,,,,,22.0,699.9473,41.0,"[1.3832000000476796,1.1333000000119,0.767100000023845,0.966400000035776,1.5997999999523245,6.883199999988108,1.0830999999641904,1.2165999999642167,1.0166000000238,0.8165000000000191,1.30030000001193,0.5838000000119337,0.9336000000238869,0.9331999999880622,1.083500000000015,0.7333000000119227,2.4165999999642622,0.7835000000000036,0.7669999999999959,0.5328000000118891,3.2335999999642127,0.783099999964179,2.5830000000000837,1.4163999999761927,0.6163999999761245,0.7163999999761472,0.7666000000239137,0.6335000000000264,1.4669999999999845,3.58429999995235,0.8993999999762536,1.1326999999880627,2.41700000000003,0.6498999999761281,0.7501999999881264,2.5338000000118654,0.9668000000119719,2.4667000000476946,1.382400000035659,0.5000999999641635,0.9329999999999927]","[1.3832000000476796,1.1333000000119,0.7671999999881223,0.966400000035776,1.5998999999761736,6.883199999988108,1.0830999999641904,1.2165999999642167,1.0166000000238,0.8165999999642395,1.30030000001193,0.5838000000119337,0.9336000000238869,0.9331999999880622,1.083500000000015,0.7333000000119227,2.4165999999642622,0.7835000000000036,0.767100000023845,0.5329000000357382,3.233699999988062,0.783099999964179,2.583099999964247,1.4163999999761927,0.6163999999761245,0.7163999999761472,0.7666000000239137,0.6335000000000264,1.4669999999999845,3.58429999995235,0.8994999999999891,1.1328000000119118,2.41700000000003,0.6498999999761281,0.7501999999881264,2.5338000000118654,0.9668000000119719,2.4669000000357073,1.3824999999999363,0.5001999999880127,0.9331000000238419]",,,0.0,4.0,4.0,113.0,1.0,bot (lichaam),vbot (lichaam),question_vocal.png,im_mouth.png,,,,,,
,,,297804,1,21,2023-10-03_11h06.52.330,flesh_expressibility_dutch,2022.2.4,Win32,59.80861244,,,,20.0,2.0,Nederlands,,,,,,Engels,2.0,,0.0,,0.0,,0.0,,0.0,,0.0,,0.0,,0.0,NL,6.0,2.0,2.0,1.0,,sensorypref2,1536.0,864.0,,,,,,,,,,,,,,,,,,,,,,,,,,,,,,,,,,,,21.0,700.869,42.0,"[1.3832000000476796,1.1333000000119,0.767100000023845,0.966400000035776,1.5997999999523245,6.883199999988108,1.0830999999641904,1.2165999999642167,1.0166000000238,0.8165000000000191,1.30030000001193,0.5838000000119337,0.9336000000238869,0.9331999999880622,1.083500000000015,0.7333000000119227,2.4165999999642622,0.7835000000000036,0.7669999999999959,0.5328000000118891,3.2335999999642127,0.783099999964179,2.5830000000000837,1.4163999999761927,0.6163999999761245,0.7163999999761472,0.7666000000239137,0.6335000000000264,1.4669999999999845,3.58429999995235,0.8993999999762536,1.1326999999880627,2.41700000000003,0.6498999999761281,0.7501999999881264,2.5338000000118654,0.9668000000119719,2.4667000000476946,1.382400000035659,0.5000999999641635,0.9329999999999927,0.633699999988039]","[1.3832000000476796,1.1333000000119,0.7671999999881223,0.966400000035776,1.5998999999761736,6.883199999988108,1.0830999999641904,1.2165999999642167,1.0166000000238,0.8165999999642395,1.30030000001193,0.5838000000119337,0.9336000000238869,0.9331999999880622,1.083500000000015,0.7333000000119227,2.4165999999642622,0.7835000000000036,0.767100000023845,0.5329000000357382,3.233699999988062,0.783099999964179,2.583099999964247,1.4163999999761927,0.6163999999761245,0.7163999999761472,0.7666000000239137,0.6335000000000264,1.4669999999999845,3.58429999995235,0.8994999999999891,1.1328000000119118,2.41700000000003,0.6498999999761281,0.7501999999881264,2.5338000000118654,0.9668000000119719,2.4669000000357073,1.3824999999999363,0.5001999999880127,0.9331000000238419,0.6338000000118882]",-0.20185188,7.6775,0.0,5.0,5.0,154.0,1.0,zeggen,vzeggen,question_vocal.png,im_mouth.png,,,,,,
,,,297804,1,21,2023-10-03_11h06.52.330,flesh_expressibility_dutch,2022.2.4,Win32,59.80861244,,,,20.0,2.0,Nederlands,,,,,,Engels,2.0,,0.0,,0.0,,0.0,,0.0,,0.0,,0.0,,0.0,NL,6.0,2.0,2.0,1.0,,sensorypref2,1536.0,864.0,,,,,,,,,,,,,,,,,,,,,,,,,,,,,,,,,,,,22.0,709.2657,42.0,"[1.3832000000476796,1.1333000000119,0.767100000023845,0.966400000035776,1.5997999999523245,6.883199999988108,1.0830999999641904,1.2165999999642167,1.0166000000238,0.8165000000000191,1.30030000001193,0.5838000000119337,0.9336000000238869,0.9331999999880622,1.083500000000015,0.7333000000119227,2.4165999999642622,0.7835000000000036,0.7669999999999959,0.5328000000118891,3.2335999999642127,0.783099999964179,2.5830000000000837,1.4163999999761927,0.6163999999761245,0.7163999999761472,0.7666000000239137,0.6335000000000264,1.4669999999999845,3.58429999995235,0.8993999999762536,1.1326999999880627,2.41700000000003,0.6498999999761281,0.7501999999881264,2.5338000000118654,0.9668000000119719,2.4667000000476946,1.382400000035659,0.5000999999641635,0.9329999999999927,0.633699999988039]","[1.3832000000476796,1.1333000000119,0.7671999999881223,0.966400000035776,1.5998999999761736,6.883199999988108,1.0830999999641904,1.2165999999642167,1.0166000000238,0.8165999999642395,1.30030000001193,0.5838000000119337,0.9336000000238869,0.9331999999880622,1.083500000000015,0.7333000000119227,2.4165999999642622,0.7835000000000036,0.767100000023845,0.5329000000357382,3.233699999988062,0.783099999964179,2.583099999964247,1.4163999999761927,0.6163999999761245,0.7163999999761472,0.7666000000239137,0.6335000000000264,1.4669999999999845,3.58429999995235,0.8994999999999891,1.1328000000119118,2.41700000000003,0.6498999999761281,0.7501999999881264,2.5338000000118654,0.9668000000119719,2.4669000000357073,1.3824999999999363,0.5001999999880127,0.9331000000238419,0.6338000000118882]",,,0.0,6.0,6.0,186.0,1.0,lang,vlang,question_vocal.png,im_mouth.png,,,,,,
,,,297804,1,21,2023-10-03_11h06.52.330,flesh_expressibility_dutch,2022.2.4,Win32,59.80861244,,,,20.0,2.0,Nederlands,,,,,,Engels,2.0,,0.0,,0.0,,0.0,,0.0,,0.0,,0.0,,0.0,NL,6.0,2.0,2.0,1.0,,sensorypref2,1536.0,864.0,,,,,,,,,,,,,,,,,,,,,,,,,,,,,,,,,,,,22.0,710.393,42.0,"[1.3832000000476796,1.1333000000119,0.767100000023845,0.966400000035776,1.5997999999523245,6.883199999988108,1.0830999999641904,1.2165999999642167,1.0166000000238,0.8165000000000191,1.30030000001193,0.5838000000119337,0.9336000000238869,0.9331999999880622,1.083500000000015,0.7333000000119227,2.4165999999642622,0.7835000000000036,0.7669999999999959,0.5328000000118891,3.2335999999642127,0.783099999964179,2.5830000000000837,1.4163999999761927,0.6163999999761245,0.7163999999761472,0.7666000000239137,0.6335000000000264,1.4669999999999845,3.58429999995235,0.8993999999762536,1.1326999999880627,2.41700000000003,0.6498999999761281,0.7501999999881264,2.5338000000118654,0.9668000000119719,2.4667000000476946,1.382400000035659,0.5000999999641635,0.9329999999999927,0.633699999988039]","[1.3832000000476796,1.1333000000119,0.7671999999881223,0.966400000035776,1.5998999999761736,6.883199999988108,1.0830999999641904,1.2165999999642167,1.0166000000238,0.8165999999642395,1.30030000001193,0.5838000000119337,0.9336000000238869,0.9331999999880622,1.083500000000015,0.7333000000119227,2.4165999999642622,0.7835000000000036,0.767100000023845,0.5329000000357382,3.233699999988062,0.783099999964179,2.583099999964247,1.4163999999761927,0.6163999999761245,0.7163999999761472,0.7666000000239137,0.6335000000000264,1.4669999999999845,3.58429999995235,0.8994999999999891,1.1328000000119118,2.41700000000003,0.6498999999761281,0.7501999999881264,2.5338000000118654,0.9668000000119719,2.4669000000357073,1.3824999999999363,0.5001999999880127,0.9331000000238419,0.6338000000118882]",,,0.0,7.0,7.0,91.0,1.0,koud,vkoud,question_vocal.png,im_mouth.png,,,,,,
,,,297804,1,21,2023-10-03_11h06.52.330,flesh_expressibility_dutch,2022.2.4,Win32,59.80861244,,,,20.0,2.0,Nederlands,,,,,,Engels,2.0,,0.0,,0.0,,0.0,,0.0,,0.0,,0.0,,0.0,NL,6.0,2.0,2.0,1.0,,sensorypref2,1536.0,864.0,,,,,,,,,,,,,,,,,,,,,,,,,,,,,,,,,,,,21.0,711.4185,43.0,"[1.3832000000476796,1.1333000000119,0.767100000023845,0.966400000035776,1.5997999999523245,6.883199999988108,1.0830999999641904,1.2165999999642167,1.0166000000238,0.8165000000000191,1.30030000001193,0.5838000000119337,0.9336000000238869,0.9331999999880622,1.083500000000015,0.7333000000119227,2.4165999999642622,0.7835000000000036,0.7669999999999959,0.5328000000118891,3.2335999999642127,0.783099999964179,2.5830000000000837,1.4163999999761927,0.6163999999761245,0.7163999999761472,0.7666000000239137,0.6335000000000264,1.4669999999999845,3.58429999995235,0.8993999999762536,1.1326999999880627,2.41700000000003,0.6498999999761281,0.7501999999881264,2.5338000000118654,0.9668000000119719,2.4667000000476946,1.382400000035659,0.5000999999641635,0.9329999999999927,0.633699999988039,0.583399999976109]","[1.3832000000476796,1.1333000000119,0.7671999999881223,0.966400000035776,1.5998999999761736,6.883199999988108,1.0830999999641904,1.2165999999642167,1.0166000000238,0.8165999999642395,1.30030000001193,0.5838000000119337,0.9336000000238869,0.9331999999880622,1.083500000000015,0.7333000000119227,2.4165999999642622,0.7835000000000036,0.767100000023845,0.5329000000357382,3.233699999988062,0.783099999964179,2.583099999964247,1.4163999999761927,0.6163999999761245,0.7163999999761472,0.7666000000239137,0.6335000000000264,1.4669999999999845,3.58429999995235,0.8994999999999891,1.1328000000119118,2.41700000000003,0.6498999999761281,0.7501999999881264,2.5338000000118654,0.9668000000119719,2.4669000000357073,1.3824999999999363,0.5001999999880127,0.9331000000238419,0.6338000000118882,0.583399999976109]",-0.842592593,3.636,0.0,8.0,8.0,106.0,1.0,hand,vhand,question_vocal.png,im_mouth.png,,,,,,
,,,297804,1,21,2023-10-03_11h06.52.330,flesh_expressibility_dutch,2022.2.4,Win32,59.80861244,,,,20.0,2.0,Nederlands,,,,,,Engels,2.0,,0.0,,0.0,,0.0,,0.0,,0.0,,0.0,,0.0,NL,6.0,2.0,2.0,1.0,,sensorypref2,1536.0,864.0,,,,,,,,,,,,,,,,,,,,,,,,,,,,,,,,,,,,22.0,715.615,43.0,"[1.3832000000476796,1.1333000000119,0.767100000023845,0.966400000035776,1.5997999999523245,6.883199999988108,1.0830999999641904,1.2165999999642167,1.0166000000238,0.8165000000000191,1.30030000001193,0.5838000000119337,0.9336000000238869,0.9331999999880622,1.083500000000015,0.7333000000119227,2.4165999999642622,0.7835000000000036,0.7669999999999959,0.5328000000118891,3.2335999999642127,0.783099999964179,2.5830000000000837,1.4163999999761927,0.6163999999761245,0.7163999999761472,0.7666000000239137,0.6335000000000264,1.4669999999999845,3.58429999995235,0.8993999999762536,1.1326999999880627,2.41700000000003,0.6498999999761281,0.7501999999881264,2.5338000000118654,0.9668000000119719,2.4667000000476946,1.382400000035659,0.5000999999641635,0.9329999999999927,0.633699999988039,0.583399999976109]","[1.3832000000476796,1.1333000000119,0.7671999999881223,0.966400000035776,1.5998999999761736,6.883199999988108,1.0830999999641904,1.2165999999642167,1.0166000000238,0.8165999999642395,1.30030000001193,0.5838000000119337,0.9336000000238869,0.9331999999880622,1.083500000000015,0.7333000000119227,2.4165999999642622,0.7835000000000036,0.767100000023845,0.5329000000357382,3.233699999988062,0.783099999964179,2.583099999964247,1.4163999999761927,0.6163999999761245,0.7163999999761472,0.7666000000239137,0.6335000000000264,1.4669999999999845,3.58429999995235,0.8994999999999891,1.1328000000119118,2.41700000000003,0.6498999999761281,0.7501999999881264,2.5338000000118654,0.9668000000119719,2.4669000000357073,1.3824999999999363,0.5001999999880127,0.9331000000238419,0.6338000000118882,0.583399999976109]",,,0.0,9.0,9.0,34.0,1.0,vergeten,vvergeten,question_vocal.png,im_mouth.png,,,,,,
,,,297804,1,21,2023-10-03_11h06.52.330,flesh_expressibility_dutch,2022.2.4,Win32,59.80861244,,,,20.0,2.0,Nederlands,,,,,,Engels,2.0,,0.0,,0.0,,0.0,,0.0,,0.0,,0.0,,0.0,NL,6.0,2.0,2.0,1.0,,sensorypref2,1536.0,864.0,,,,,,,,,,,,,,,,,,,,,,,,,,,,,,,,,,,,22.0,716.6405,43.0,"[1.3832000000476796,1.1333000000119,0.767100000023845,0.966400000035776,1.5997999999523245,6.883199999988108,1.0830999999641904,1.2165999999642167,1.0166000000238,0.8165000000000191,1.30030000001193,0.5838000000119337,0.9336000000238869,0.9331999999880622,1.083500000000015,0.7333000000119227,2.4165999999642622,0.7835000000000036,0.7669999999999959,0.5328000000118891,3.2335999999642127,0.783099999964179,2.5830000000000837,1.4163999999761927,0.6163999999761245,0.7163999999761472,0.7666000000239137,0.6335000000000264,1.4669999999999845,3.58429999995235,0.8993999999762536,1.1326999999880627,2.41700000000003,0.6498999999761281,0.7501999999881264,2.5338000000118654,0.9668000000119719,2.4667000000476946,1.382400000035659,0.5000999999641635,0.9329999999999927,0.633699999988039,0.583399999976109]","[1.3832000000476796,1.1333000000119,0.7671999999881223,0.966400000035776,1.5998999999761736,6.883199999988108,1.0830999999641904,1.2165999999642167,1.0166000000238,0.8165999999642395,1.30030000001193,0.5838000000119337,0.9336000000238869,0.9331999999880622,1.083500000000015,0.7333000000119227,2.4165999999642622,0.7835000000000036,0.767100000023845,0.5329000000357382,3.233699999988062,0.783099999964179,2.583099999964247,1.4163999999761927,0.6163999999761245,0.7163999999761472,0.7666000000239137,0.6335000000000264,1.4669999999999845,3.58429999995235,0.8994999999999891,1.1328000000119118,2.41700000000003,0.6498999999761281,0.7501999999881264,2.5338000000118654,0.9668000000119719,2.4669000000357073,1.3824999999999363,0.5001999999880127,0.9331000000238419,0.6338000000118882,0.583399999976109]",,,0.0,10.0,10.0,125.0,1.0,huid,vhuid,question_vocal.png,im_mouth.png,,,,,,
,,,297804,1,21,2023-10-03_11h06.52.330,flesh_expressibility_dutch,2022.2.4,Win32,59.80861244,,,,20.0,2.0,Nederlands,,,,,,Engels,2.0,,0.0,,0.0,,0.0,,0.0,,0.0,,0.0,,0.0,NL,6.0,2.0,2.0,1.0,,sensorypref2,1536.0,864.0,,,,,,,,,,,,,,,,,,,,,,,,,,,,,,,,,,,,22.0,717.5686,43.0,"[1.3832000000476796,1.1333000000119,0.767100000023845,0.966400000035776,1.5997999999523245,6.883199999988108,1.0830999999641904,1.2165999999642167,1.0166000000238,0.8165000000000191,1.30030000001193,0.5838000000119337,0.9336000000238869,0.9331999999880622,1.083500000000015,0.7333000000119227,2.4165999999642622,0.7835000000000036,0.7669999999999959,0.5328000000118891,3.2335999999642127,0.783099999964179,2.5830000000000837,1.4163999999761927,0.6163999999761245,0.7163999999761472,0.7666000000239137,0.6335000000000264,1.4669999999999845,3.58429999995235,0.8993999999762536,1.1326999999880627,2.41700000000003,0.6498999999761281,0.7501999999881264,2.5338000000118654,0.9668000000119719,2.4667000000476946,1.382400000035659,0.5000999999641635,0.9329999999999927,0.633699999988039,0.583399999976109]","[1.3832000000476796,1.1333000000119,0.7671999999881223,0.966400000035776,1.5998999999761736,6.883199999988108,1.0830999999641904,1.2165999999642167,1.0166000000238,0.8165999999642395,1.30030000001193,0.5838000000119337,0.9336000000238869,0.9331999999880622,1.083500000000015,0.7333000000119227,2.4165999999642622,0.7835000000000036,0.767100000023845,0.5329000000357382,3.233699999988062,0.783099999964179,2.583099999964247,1.4163999999761927,0.6163999999761245,0.7163999999761472,0.7666000000239137,0.6335000000000264,1.4669999999999845,3.58429999995235,0.8994999999999891,1.1328000000119118,2.41700000000003,0.6498999999761281,0.7501999999881264,2.5338000000118654,0.9668000000119719,2.4669000000357073,1.3824999999999363,0.5001999999880127,0.9331000000238419,0.6338000000118882,0.583399999976109]",,,0.0,11.0,11.0,90.0,1.0,slapen,vslapen,question_vocal.png,im_mouth.png,,,,,,
,,,297804,1,21,2023-10-03_11h06.52.330,flesh_expressibility_dutch,2022.2.4,Win32,59.80861244,,,,20.0,2.0,Nederlands,,,,,,Engels,2.0,,0.0,,0.0,,0.0,,0.0,,0.0,,0.0,,0.0,NL,6.0,2.0,2.0,1.0,,sensorypref2,1536.0,864.0,,,,,,,,,,,,,,,,,,,,,,,,,,,,,,,,,,,,21.0,718.5854,44.0,"[1.3832000000476796,1.1333000000119,0.767100000023845,0.966400000035776,1.5997999999523245,6.883199999988108,1.0830999999641904,1.2165999999642167,1.0166000000238,0.8165000000000191,1.30030000001193,0.5838000000119337,0.9336000000238869,0.9331999999880622,1.083500000000015,0.7333000000119227,2.4165999999642622,0.7835000000000036,0.7669999999999959,0.5328000000118891,3.2335999999642127,0.783099999964179,2.5830000000000837,1.4163999999761927,0.6163999999761245,0.7163999999761472,0.7666000000239137,0.6335000000000264,1.4669999999999845,3.58429999995235,0.8993999999762536,1.1326999999880627,2.41700000000003,0.6498999999761281,0.7501999999881264,2.5338000000118654,0.9668000000119719,2.4667000000476946,1.382400000035659,0.5000999999641635,0.9329999999999927,0.633699999988039,0.583399999976109,1.2328000000119346]","[1.3832000000476796,1.1333000000119,0.7671999999881223,0.966400000035776,1.5998999999761736,6.883199999988108,1.0830999999641904,1.2165999999642167,1.0166000000238,0.8165999999642395,1.30030000001193,0.5838000000119337,0.9336000000238869,0.9331999999880622,1.083500000000015,0.7333000000119227,2.4165999999642622,0.7835000000000036,0.767100000023845,0.5329000000357382,3.233699999988062,0.783099999964179,2.583099999964247,1.4163999999761927,0.6163999999761245,0.7163999999761472,0.7666000000239137,0.6335000000000264,1.4669999999999845,3.58429999995235,0.8994999999999891,1.1328000000119118,2.41700000000003,0.6498999999761281,0.7501999999881264,2.5338000000118654,0.9668000000119719,2.4669000000357073,1.3824999999999363,0.5001999999880127,0.9331000000238419,0.6338000000118882,0.583399999976109,1.2328000000119346]",-0.592592593,5.8381,0.0,12.0,12.0,191.0,1.0,vuur,vvuur,question_vocal.png,im_mouth.png,,,,,,
,,,297804,1,21,2023-10-03_11h06.52.330,flesh_expressibility_dutch,2022.2.4,Win32,59.80861244,,,,20.0,2.0,Nederlands,,,,,,Engels,2.0,,0.0,,0.0,,0.0,,0.0,,0.0,,0.0,,0.0,NL,6.0,2.0,2.0,1.0,,sensorypref2,1536.0,864.0,,,,,,,,,,,,,,,,,,,,,,,,,,,,,,,,,,,,22.0,725.6496,44.0,"[1.3832000000476796,1.1333000000119,0.767100000023845,0.966400000035776,1.5997999999523245,6.883199999988108,1.0830999999641904,1.2165999999642167,1.0166000000238,0.8165000000000191,1.30030000001193,0.5838000000119337,0.9336000000238869,0.9331999999880622,1.083500000000015,0.7333000000119227,2.4165999999642622,0.7835000000000036,0.7669999999999959,0.5328000000118891,3.2335999999642127,0.783099999964179,2.5830000000000837,1.4163999999761927,0.6163999999761245,0.7163999999761472,0.7666000000239137,0.6335000000000264,1.4669999999999845,3.58429999995235,0.8993999999762536,1.1326999999880627,2.41700000000003,0.6498999999761281,0.7501999999881264,2.5338000000118654,0.9668000000119719,2.4667000000476946,1.382400000035659,0.5000999999641635,0.9329999999999927,0.633699999988039,0.583399999976109,1.2328000000119346]","[1.3832000000476796,1.1333000000119,0.7671999999881223,0.966400000035776,1.5998999999761736,6.883199999988108,1.0830999999641904,1.2165999999642167,1.0166000000238,0.8165999999642395,1.30030000001193,0.5838000000119337,0.9336000000238869,0.9331999999880622,1.083500000000015,0.7333000000119227,2.4165999999642622,0.7835000000000036,0.767100000023845,0.5329000000357382,3.233699999988062,0.783099999964179,2.583099999964247,1.4163999999761927,0.6163999999761245,0.7163999999761472,0.7666000000239137,0.6335000000000264,1.4669999999999845,3.58429999995235,0.8994999999999891,1.1328000000119118,2.41700000000003,0.6498999999761281,0.7501999999881264,2.5338000000118654,0.9668000000119719,2.4669000000357073,1.3824999999999363,0.5001999999880127,0.9331000000238419,0.6338000000118882,0.583399999976109,1.2328000000119346]",,,0.0,13.0,13.0,165.0,1.0,hard,vhard,question_vocal.png,im_mouth.png,,,,,,
,,,297804,1,21,2023-10-03_11h06.52.330,flesh_expressibility_dutch,2022.2.4,Win32,59.80861244,,,,20.0,2.0,Nederlands,,,,,,Engels,2.0,,0.0,,0.0,,0.0,,0.0,,0.0,,0.0,,0.0,NL,6.0,2.0,2.0,1.0,,sensorypref2,1536.0,864.0,,,,,,,,,,,,,,,,,,,,,,,,,,,,,,,,,,,,22.0,726.674,44.0,"[1.3832000000476796,1.1333000000119,0.767100000023845,0.966400000035776,1.5997999999523245,6.883199999988108,1.0830999999641904,1.2165999999642167,1.0166000000238,0.8165000000000191,1.30030000001193,0.5838000000119337,0.9336000000238869,0.9331999999880622,1.083500000000015,0.7333000000119227,2.4165999999642622,0.7835000000000036,0.7669999999999959,0.5328000000118891,3.2335999999642127,0.783099999964179,2.5830000000000837,1.4163999999761927,0.6163999999761245,0.7163999999761472,0.7666000000239137,0.6335000000000264,1.4669999999999845,3.58429999995235,0.8993999999762536,1.1326999999880627,2.41700000000003,0.6498999999761281,0.7501999999881264,2.5338000000118654,0.9668000000119719,2.4667000000476946,1.382400000035659,0.5000999999641635,0.9329999999999927,0.633699999988039,0.583399999976109,1.2328000000119346]","[1.3832000000476796,1.1333000000119,0.7671999999881223,0.966400000035776,1.5998999999761736,6.883199999988108,1.0830999999641904,1.2165999999642167,1.0166000000238,0.8165999999642395,1.30030000001193,0.5838000000119337,0.9336000000238869,0.9331999999880622,1.083500000000015,0.7333000000119227,2.4165999999642622,0.7835000000000036,0.767100000023845,0.5329000000357382,3.233699999988062,0.783099999964179,2.583099999964247,1.4163999999761927,0.6163999999761245,0.7163999999761472,0.7666000000239137,0.6335000000000264,1.4669999999999845,3.58429999995235,0.8994999999999891,1.1328000000119118,2.41700000000003,0.6498999999761281,0.7501999999881264,2.5338000000118654,0.9668000000119719,2.4669000000357073,1.3824999999999363,0.5001999999880127,0.9331000000238419,0.6338000000118882,0.583399999976109,1.2328000000119346]",,,0.0,14.0,14.0,134.0,1.0,water,vwater,question_vocal.png,im_mouth.png,,,,,,
,,,297804,1,21,2023-10-03_11h06.52.330,flesh_expressibility_dutch,2022.2.4,Win32,59.80861244,,,,20.0,2.0,Nederlands,,,,,,Engels,2.0,,0.0,,0.0,,0.0,,0.0,,0.0,,0.0,,0.0,NL,6.0,2.0,2.0,1.0,,sensorypref2,1536.0,864.0,,,,,,,,,,,,,,,,,,,,,,,,,,,,,,,,,,,,21.0,727.6984,45.0,"[1.3832000000476796,1.1333000000119,0.767100000023845,0.966400000035776,1.5997999999523245,6.883199999988108,1.0830999999641904,1.2165999999642167,1.0166000000238,0.8165000000000191,1.30030000001193,0.5838000000119337,0.9336000000238869,0.9331999999880622,1.083500000000015,0.7333000000119227,2.4165999999642622,0.7835000000000036,0.7669999999999959,0.5328000000118891,3.2335999999642127,0.783099999964179,2.5830000000000837,1.4163999999761927,0.6163999999761245,0.7163999999761472,0.7666000000239137,0.6335000000000264,1.4669999999999845,3.58429999995235,0.8993999999762536,1.1326999999880627,2.41700000000003,0.6498999999761281,0.7501999999881264,2.5338000000118654,0.9668000000119719,2.4667000000476946,1.382400000035659,0.5000999999641635,0.9329999999999927,0.633699999988039,0.583399999976109,1.2328000000119346,0.6168999999762264]","[1.3832000000476796,1.1333000000119,0.7671999999881223,0.966400000035776,1.5998999999761736,6.883199999988108,1.0830999999641904,1.2165999999642167,1.0166000000238,0.8165999999642395,1.30030000001193,0.5838000000119337,0.9336000000238869,0.9331999999880622,1.083500000000015,0.7333000000119227,2.4165999999642622,0.7835000000000036,0.767100000023845,0.5329000000357382,3.233699999988062,0.783099999964179,2.583099999964247,1.4163999999761927,0.6163999999761245,0.7163999999761472,0.7666000000239137,0.6335000000000264,1.4669999999999845,3.58429999995235,0.8994999999999891,1.1328000000119118,2.41700000000003,0.6498999999761281,0.7501999999881264,2.5338000000118654,0.9668000000119719,2.4669000000357073,1.3824999999999363,0.5001999999880127,0.9331000000238419,0.6338000000118882,0.583399999976109,1.2328000000119346,0.6168999999762264]",-0.531481425,4.051,0.0,15.0,15.0,119.0,1.0,knie,vknie,question_vocal.png,im_mouth.png,,,,,,
,,,297804,1,21,2023-10-03_11h06.52.330,flesh_expressibility_dutch,2022.2.4,Win32,59.80861244,,,,20.0,2.0,Nederlands,,,,,,Engels,2.0,,0.0,,0.0,,0.0,,0.0,,0.0,,0.0,,0.0,NL,6.0,2.0,2.0,1.0,,sensorypref2,1536.0,864.0,,,,,,,,,,,,,,,,,,,,,,,,,,,,,,,,,,,,21.0,732.3069,46.0,"[1.3832000000476796,1.1333000000119,0.767100000023845,0.966400000035776,1.5997999999523245,6.883199999988108,1.0830999999641904,1.2165999999642167,1.0166000000238,0.8165000000000191,1.30030000001193,0.5838000000119337,0.9336000000238869,0.9331999999880622,1.083500000000015,0.7333000000119227,2.4165999999642622,0.7835000000000036,0.7669999999999959,0.5328000000118891,3.2335999999642127,0.783099999964179,2.5830000000000837,1.4163999999761927,0.6163999999761245,0.7163999999761472,0.7666000000239137,0.6335000000000264,1.4669999999999845,3.58429999995235,0.8993999999762536,1.1326999999880627,2.41700000000003,0.6498999999761281,0.7501999999881264,2.5338000000118654,0.9668000000119719,2.4667000000476946,1.382400000035659,0.5000999999641635,0.9329999999999927,0.633699999988039,0.583399999976109,1.2328000000119346,0.6168999999762264,0.8505000000000109]","[1.3832000000476796,1.1333000000119,0.7671999999881223,0.966400000035776,1.5998999999761736,6.883199999988108,1.0830999999641904,1.2165999999642167,1.0166000000238,0.8165999999642395,1.30030000001193,0.5838000000119337,0.9336000000238869,0.9331999999880622,1.083500000000015,0.7333000000119227,2.4165999999642622,0.7835000000000036,0.767100000023845,0.5329000000357382,3.233699999988062,0.783099999964179,2.583099999964247,1.4163999999761927,0.6163999999761245,0.7163999999761472,0.7666000000239137,0.6335000000000264,1.4669999999999845,3.58429999995235,0.8994999999999891,1.1328000000119118,2.41700000000003,0.6498999999761281,0.7501999999881264,2.5338000000118654,0.9668000000119719,2.4669000000357073,1.3824999999999363,0.5001999999880127,0.9331000000238419,0.6338000000118882,0.583399999976109,1.2328000000119346,0.6168999999762264,0.8505999999642881]",-0.812962921,2.3894,0.0,16.0,16.0,122.0,1.0,lever,vlever,question_vocal.png,im_mouth.png,,,,,,
,,,297804,1,21,2023-10-03_11h06.52.330,flesh_expressibility_dutch,2022.2.4,Win32,59.80861244,,,,20.0,2.0,Nederlands,,,,,,Engels,2.0,,0.0,,0.0,,0.0,,0.0,,0.0,,0.0,,0.0,NL,6.0,2.0,2.0,1.0,,sensorypref2,1536.0,864.0,,,,,,,,,,,,,,,,,,,,,,,,,,,,,,,,,,,,22.0,735.5846,46.0,"[1.3832000000476796,1.1333000000119,0.767100000023845,0.966400000035776,1.5997999999523245,6.883199999988108,1.0830999999641904,1.2165999999642167,1.0166000000238,0.8165000000000191,1.30030000001193,0.5838000000119337,0.9336000000238869,0.9331999999880622,1.083500000000015,0.7333000000119227,2.4165999999642622,0.7835000000000036,0.7669999999999959,0.5328000000118891,3.2335999999642127,0.783099999964179,2.5830000000000837,1.4163999999761927,0.6163999999761245,0.7163999999761472,0.7666000000239137,0.6335000000000264,1.4669999999999845,3.58429999995235,0.8993999999762536,1.1326999999880627,2.41700000000003,0.6498999999761281,0.7501999999881264,2.5338000000118654,0.9668000000119719,2.4667000000476946,1.382400000035659,0.5000999999641635,0.9329999999999927,0.633699999988039,0.583399999976109,1.2328000000119346,0.6168999999762264,0.8505000000000109]","[1.3832000000476796,1.1333000000119,0.7671999999881223,0.966400000035776,1.5998999999761736,6.883199999988108,1.0830999999641904,1.2165999999642167,1.0166000000238,0.8165999999642395,1.30030000001193,0.5838000000119337,0.9336000000238869,0.9331999999880622,1.083500000000015,0.7333000000119227,2.4165999999642622,0.7835000000000036,0.767100000023845,0.5329000000357382,3.233699999988062,0.783099999964179,2.583099999964247,1.4163999999761927,0.6163999999761245,0.7163999999761472,0.7666000000239137,0.6335000000000264,1.4669999999999845,3.58429999995235,0.8994999999999891,1.1328000000119118,2.41700000000003,0.6498999999761281,0.7501999999881264,2.5338000000118654,0.9668000000119719,2.4669000000357073,1.3824999999999363,0.5001999999880127,0.9331000000238419,0.6338000000118882,0.583399999976109,1.2328000000119346,0.6168999999762264,0.8505999999642881]",,,0.0,17.0,17.0,162.0,1.0,bitter,vbitter,question_vocal.png,im_mouth.png,,,,,,
,,,297804,1,21,2023-10-03_11h06.52.330,flesh_expressibility_dutch,2022.2.4,Win32,59.80861244,,,,20.0,2.0,Nederlands,,,,,,Engels,2.0,,0.0,,0.0,,0.0,,0.0,,0.0,,0.0,,0.0,NL,6.0,2.0,2.0,1.0,,sensorypref2,1536.0,864.0,,,,,,,,,,,,,,,,,,,,,,,,,,,,,,,,,,,,21.0,736.6071,47.0,"[1.3832000000476796,1.1333000000119,0.767100000023845,0.966400000035776,1.5997999999523245,6.883199999988108,1.0830999999641904,1.2165999999642167,1.0166000000238,0.8165000000000191,1.30030000001193,0.5838000000119337,0.9336000000238869,0.9331999999880622,1.083500000000015,0.7333000000119227,2.4165999999642622,0.7835000000000036,0.7669999999999959,0.5328000000118891,3.2335999999642127,0.783099999964179,2.5830000000000837,1.4163999999761927,0.6163999999761245,0.7163999999761472,0.7666000000239137,0.6335000000000264,1.4669999999999845,3.58429999995235,0.8993999999762536,1.1326999999880627,2.41700000000003,0.6498999999761281,0.7501999999881264,2.5338000000118654,0.9668000000119719,2.4667000000476946,1.382400000035659,0.5000999999641635,0.9329999999999927,0.633699999988039,0.583399999976109,1.2328000000119346,0.6168999999762264,0.8505000000000109,0.9829999999999472]","[1.3832000000476796,1.1333000000119,0.7671999999881223,0.966400000035776,1.5998999999761736,6.883199999988108,1.0830999999641904,1.2165999999642167,1.0166000000238,0.8165999999642395,1.30030000001193,0.5838000000119337,0.9336000000238869,0.9331999999880622,1.083500000000015,0.7333000000119227,2.4165999999642622,0.7835000000000036,0.767100000023845,0.5329000000357382,3.233699999988062,0.783099999964179,2.583099999964247,1.4163999999761927,0.6163999999761245,0.7163999999761472,0.7666000000239137,0.6335000000000264,1.4669999999999845,3.58429999995235,0.8994999999999891,1.1328000000119118,2.41700000000003,0.6498999999761281,0.7501999999881264,2.5338000000118654,0.9668000000119719,2.4669000000357073,1.3824999999999363,0.5001999999880127,0.9331000000238419,0.6338000000118882,0.583399999976109,1.2328000000119346,0.6168999999762264,0.8505999999642881,0.9829999999999472]",-0.612962935,3.8149,0.0,18.0,18.0,80.0,1.0,vijand,vvijand,question_vocal.png,im_mouth.png,,,,,,
,,,297804,1,21,2023-10-03_11h06.52.330,flesh_expressibility_dutch,2022.2.4,Win32,59.80861244,,,,20.0,2.0,Nederlands,,,,,,Engels,2.0,,0.0,,0.0,,0.0,,0.0,,0.0,,0.0,,0.0,NL,6.0,2.0,2.0,1.0,,sensorypref2,1536.0,864.0,,,,,,,,,,,,,,,,,,,,,,,,,,,,,,,,,,,,22.0,741.3161,47.0,"[1.3832000000476796,1.1333000000119,0.767100000023845,0.966400000035776,1.5997999999523245,6.883199999988108,1.0830999999641904,1.2165999999642167,1.0166000000238,0.8165000000000191,1.30030000001193,0.5838000000119337,0.9336000000238869,0.9331999999880622,1.083500000000015,0.7333000000119227,2.4165999999642622,0.7835000000000036,0.7669999999999959,0.5328000000118891,3.2335999999642127,0.783099999964179,2.5830000000000837,1.4163999999761927,0.6163999999761245,0.7163999999761472,0.7666000000239137,0.6335000000000264,1.4669999999999845,3.58429999995235,0.8993999999762536,1.1326999999880627,2.41700000000003,0.6498999999761281,0.7501999999881264,2.5338000000118654,0.9668000000119719,2.4667000000476946,1.382400000035659,0.5000999999641635,0.9329999999999927,0.633699999988039,0.583399999976109,1.2328000000119346,0.6168999999762264,0.8505000000000109,0.9829999999999472]","[1.3832000000476796,1.1333000000119,0.7671999999881223,0.966400000035776,1.5998999999761736,6.883199999988108,1.0830999999641904,1.2165999999642167,1.0166000000238,0.8165999999642395,1.30030000001193,0.5838000000119337,0.9336000000238869,0.9331999999880622,1.083500000000015,0.7333000000119227,2.4165999999642622,0.7835000000000036,0.767100000023845,0.5329000000357382,3.233699999988062,0.783099999964179,2.583099999964247,1.4163999999761927,0.6163999999761245,0.7163999999761472,0.7666000000239137,0.6335000000000264,1.4669999999999845,3.58429999995235,0.8994999999999891,1.1328000000119118,2.41700000000003,0.6498999999761281,0.7501999999881264,2.5338000000118654,0.9668000000119719,2.4669000000357073,1.3824999999999363,0.5001999999880127,0.9331000000238419,0.6338000000118882,0.583399999976109,1.2328000000119346,0.6168999999762264,0.8505999999642881,0.9829999999999472]",,,0.0,19.0,19.0,7.0,1.0,kauwen,vkauwen,question_vocal.png,im_mouth.png,,,,,,
,,,297804,1,21,2023-10-03_11h06.52.330,flesh_expressibility_dutch,2022.2.4,Win32,59.80861244,,,,20.0,2.0,Nederlands,,,,,,Engels,2.0,,0.0,,0.0,,0.0,,0.0,,0.0,,0.0,,0.0,NL,6.0,2.0,2.0,1.0,,sensorypref2,1536.0,864.0,,,,,,,,,,,,,,,,,,,,,,,,,,,,,,,,,,,,22.0,742.3405,47.0,"[1.3832000000476796,1.1333000000119,0.767100000023845,0.966400000035776,1.5997999999523245,6.883199999988108,1.0830999999641904,1.2165999999642167,1.0166000000238,0.8165000000000191,1.30030000001193,0.5838000000119337,0.9336000000238869,0.9331999999880622,1.083500000000015,0.7333000000119227,2.4165999999642622,0.7835000000000036,0.7669999999999959,0.5328000000118891,3.2335999999642127,0.783099999964179,2.5830000000000837,1.4163999999761927,0.6163999999761245,0.7163999999761472,0.7666000000239137,0.6335000000000264,1.4669999999999845,3.58429999995235,0.8993999999762536,1.1326999999880627,2.41700000000003,0.6498999999761281,0.7501999999881264,2.5338000000118654,0.9668000000119719,2.4667000000476946,1.382400000035659,0.5000999999641635,0.9329999999999927,0.633699999988039,0.583399999976109,1.2328000000119346,0.6168999999762264,0.8505000000000109,0.9829999999999472]","[1.3832000000476796,1.1333000000119,0.7671999999881223,0.966400000035776,1.5998999999761736,6.883199999988108,1.0830999999641904,1.2165999999642167,1.0166000000238,0.8165999999642395,1.30030000001193,0.5838000000119337,0.9336000000238869,0.9331999999880622,1.083500000000015,0.7333000000119227,2.4165999999642622,0.7835000000000036,0.767100000023845,0.5329000000357382,3.233699999988062,0.783099999964179,2.583099999964247,1.4163999999761927,0.6163999999761245,0.7163999999761472,0.7666000000239137,0.6335000000000264,1.4669999999999845,3.58429999995235,0.8994999999999891,1.1328000000119118,2.41700000000003,0.6498999999761281,0.7501999999881264,2.5338000000118654,0.9668000000119719,2.4669000000357073,1.3824999999999363,0.5001999999880127,0.9331000000238419,0.6338000000118882,0.583399999976109,1.2328000000119346,0.6168999999762264,0.8505999999642881,0.9829999999999472]",,,0.0,20.0,20.0,12.0,1.0,ademen,vademen,question_vocal.png,im_mouth.png,,,,,,
,,,297804,1,21,2023-10-03_11h06.52.330,flesh_expressibility_dutch,2022.2.4,Win32,59.80861244,,,,20.0,2.0,Nederlands,,,,,,Engels,2.0,,0.0,,0.0,,0.0,,0.0,,0.0,,0.0,,0.0,NL,6.0,2.0,2.0,1.0,,sensorypref2,1536.0,864.0,,,,,,,,,,,,,,,,,,,,,,,,,,,,,,,,,,,,22.0,743.3642,47.0,"[1.3832000000476796,1.1333000000119,0.767100000023845,0.966400000035776,1.5997999999523245,6.883199999988108,1.0830999999641904,1.2165999999642167,1.0166000000238,0.8165000000000191,1.30030000001193,0.5838000000119337,0.9336000000238869,0.9331999999880622,1.083500000000015,0.7333000000119227,2.4165999999642622,0.7835000000000036,0.7669999999999959,0.5328000000118891,3.2335999999642127,0.783099999964179,2.5830000000000837,1.4163999999761927,0.6163999999761245,0.7163999999761472,0.7666000000239137,0.6335000000000264,1.4669999999999845,3.58429999995235,0.8993999999762536,1.1326999999880627,2.41700000000003,0.6498999999761281,0.7501999999881264,2.5338000000118654,0.9668000000119719,2.4667000000476946,1.382400000035659,0.5000999999641635,0.9329999999999927,0.633699999988039,0.583399999976109,1.2328000000119346,0.6168999999762264,0.8505000000000109,0.9829999999999472]","[1.3832000000476796,1.1333000000119,0.7671999999881223,0.966400000035776,1.5998999999761736,6.883199999988108,1.0830999999641904,1.2165999999642167,1.0166000000238,0.8165999999642395,1.30030000001193,0.5838000000119337,0.9336000000238869,0.9331999999880622,1.083500000000015,0.7333000000119227,2.4165999999642622,0.7835000000000036,0.767100000023845,0.5329000000357382,3.233699999988062,0.783099999964179,2.583099999964247,1.4163999999761927,0.6163999999761245,0.7163999999761472,0.7666000000239137,0.6335000000000264,1.4669999999999845,3.58429999995235,0.8994999999999891,1.1328000000119118,2.41700000000003,0.6498999999761281,0.7501999999881264,2.5338000000118654,0.9668000000119719,2.4669000000357073,1.3824999999999363,0.5001999999880127,0.9331000000238419,0.6338000000118882,0.583399999976109,1.2328000000119346,0.6168999999762264,0.8505999999642881,0.9829999999999472]",,,0.0,21.0,21.0,32.0,1.0,vooraan,vvooraan,question_vocal.png,im_mouth.png,,,,,,
,,,297804,1,21,2023-10-03_11h06.52.330,flesh_expressibility_dutch,2022.2.4,Win32,59.80861244,,,,20.0,2.0,Nederlands,,,,,,Engels,2.0,,0.0,,0.0,,0.0,,0.0,,0.0,,0.0,,0.0,NL,6.0,2.0,2.0,1.0,,sensorypref2,1536.0,864.0,,,,,,,,,,,,,,,,,,,,,,,,,,,,,,,,,,,,21.0,744.3521,48.0,"[1.3832000000476796,1.1333000000119,0.767100000023845,0.966400000035776,1.5997999999523245,6.883199999988108,1.0830999999641904,1.2165999999642167,1.0166000000238,0.8165000000000191,1.30030000001193,0.5838000000119337,0.9336000000238869,0.9331999999880622,1.083500000000015,0.7333000000119227,2.4165999999642622,0.7835000000000036,0.7669999999999959,0.5328000000118891,3.2335999999642127,0.783099999964179,2.5830000000000837,1.4163999999761927,0.6163999999761245,0.7163999999761472,0.7666000000239137,0.6335000000000264,1.4669999999999845,3.58429999995235,0.8993999999762536,1.1326999999880627,2.41700000000003,0.6498999999761281,0.7501999999881264,2.5338000000118654,0.9668000000119719,2.4667000000476946,1.382400000035659,0.5000999999641635,0.9329999999999927,0.633699999988039,0.583399999976109,1.2328000000119346,0.6168999999762264,0.8505000000000109,0.9829999999999472,1.3665999999641372]","[1.3832000000476796,1.1333000000119,0.7671999999881223,0.966400000035776,1.5998999999761736,6.883199999988108,1.0830999999641904,1.2165999999642167,1.0166000000238,0.8165999999642395,1.30030000001193,0.5838000000119337,0.9336000000238869,0.9331999999880622,1.083500000000015,0.7333000000119227,2.4165999999642622,0.7835000000000036,0.767100000023845,0.5329000000357382,3.233699999988062,0.783099999964179,2.583099999964247,1.4163999999761927,0.6163999999761245,0.7163999999761472,0.7666000000239137,0.6335000000000264,1.4669999999999845,3.58429999995235,0.8994999999999891,1.1328000000119118,2.41700000000003,0.6498999999761281,0.7501999999881264,2.5338000000118654,0.9668000000119719,2.4669000000357073,1.3824999999999363,0.5001999999880127,0.9331000000238419,0.6338000000118882,0.583399999976109,1.2328000000119346,0.6168999999762264,0.8505999999642881,0.9829999999999472,1.3665999999641372]",-0.662962949,3.0158,0.0,22.0,22.0,10.0,1.0,strak,vstrak,question_vocal.png,im_mouth.png,,,,,,
,,,297804,1,21,2023-10-03_11h06.52.330,flesh_expressibility_dutch,2022.2.4,Win32,59.80861244,,,,20.0,2.0,Nederlands,,,,,,Engels,2.0,,0.0,,0.0,,0.0,,0.0,,0.0,,0.0,,0.0,NL,6.0,2.0,2.0,1.0,,sensorypref2,1536.0,864.0,,,,,,,,,,,,,,,,,,,,,,,,,,,,,,,,,,,,22.0,748.7919,48.0,"[1.3832000000476796,1.1333000000119,0.767100000023845,0.966400000035776,1.5997999999523245,6.883199999988108,1.0830999999641904,1.2165999999642167,1.0166000000238,0.8165000000000191,1.30030000001193,0.5838000000119337,0.9336000000238869,0.9331999999880622,1.083500000000015,0.7333000000119227,2.4165999999642622,0.7835000000000036,0.7669999999999959,0.5328000000118891,3.2335999999642127,0.783099999964179,2.5830000000000837,1.4163999999761927,0.6163999999761245,0.7163999999761472,0.7666000000239137,0.6335000000000264,1.4669999999999845,3.58429999995235,0.8993999999762536,1.1326999999880627,2.41700000000003,0.6498999999761281,0.7501999999881264,2.5338000000118654,0.9668000000119719,2.4667000000476946,1.382400000035659,0.5000999999641635,0.9329999999999927,0.633699999988039,0.583399999976109,1.2328000000119346,0.6168999999762264,0.8505000000000109,0.9829999999999472,1.3665999999641372]","[1.3832000000476796,1.1333000000119,0.7671999999881223,0.966400000035776,1.5998999999761736,6.883199999988108,1.0830999999641904,1.2165999999642167,1.0166000000238,0.8165999999642395,1.30030000001193,0.5838000000119337,0.9336000000238869,0.9331999999880622,1.083500000000015,0.7333000000119227,2.4165999999642622,0.7835000000000036,0.767100000023845,0.5329000000357382,3.233699999988062,0.783099999964179,2.583099999964247,1.4163999999761927,0.6163999999761245,0.7163999999761472,0.7666000000239137,0.6335000000000264,1.4669999999999845,3.58429999995235,0.8994999999999891,1.1328000000119118,2.41700000000003,0.6498999999761281,0.7501999999881264,2.5338000000118654,0.9668000000119719,2.4669000000357073,1.3824999999999363,0.5001999999880127,0.9331000000238419,0.6338000000118882,0.583399999976109,1.2328000000119346,0.6168999999762264,0.8505999999642881,0.9829999999999472,1.3665999999641372]",,,0.0,23.0,23.0,5.0,1.0,honing,vhoning,question_vocal.png,im_mouth.png,,,,,,
,,,297804,1,21,2023-10-03_11h06.52.330,flesh_expressibility_dutch,2022.2.4,Win32,59.80861244,,,,20.0,2.0,Nederlands,,,,,,Engels,2.0,,0.0,,0.0,,0.0,,0.0,,0.0,,0.0,,0.0,NL,6.0,2.0,2.0,1.0,,sensorypref2,1536.0,864.0,,,,,,,,,,,,,,,,,,,,,,,,,,,,,,,,,,,,22.0,749.7134,48.0,"[1.3832000000476796,1.1333000000119,0.767100000023845,0.966400000035776,1.5997999999523245,6.883199999988108,1.0830999999641904,1.2165999999642167,1.0166000000238,0.8165000000000191,1.30030000001193,0.5838000000119337,0.9336000000238869,0.9331999999880622,1.083500000000015,0.7333000000119227,2.4165999999642622,0.7835000000000036,0.7669999999999959,0.5328000000118891,3.2335999999642127,0.783099999964179,2.5830000000000837,1.4163999999761927,0.6163999999761245,0.7163999999761472,0.7666000000239137,0.6335000000000264,1.4669999999999845,3.58429999995235,0.8993999999762536,1.1326999999880627,2.41700000000003,0.6498999999761281,0.7501999999881264,2.5338000000118654,0.9668000000119719,2.4667000000476946,1.382400000035659,0.5000999999641635,0.9329999999999927,0.633699999988039,0.583399999976109,1.2328000000119346,0.6168999999762264,0.8505000000000109,0.9829999999999472,1.3665999999641372]","[1.3832000000476796,1.1333000000119,0.7671999999881223,0.966400000035776,1.5998999999761736,6.883199999988108,1.0830999999641904,1.2165999999642167,1.0166000000238,0.8165999999642395,1.30030000001193,0.5838000000119337,0.9336000000238869,0.9331999999880622,1.083500000000015,0.7333000000119227,2.4165999999642622,0.7835000000000036,0.767100000023845,0.5329000000357382,3.233699999988062,0.783099999964179,2.583099999964247,1.4163999999761927,0.6163999999761245,0.7163999999761472,0.7666000000239137,0.6335000000000264,1.4669999999999845,3.58429999995235,0.8994999999999891,1.1328000000119118,2.41700000000003,0.6498999999761281,0.7501999999881264,2.5338000000118654,0.9668000000119719,2.4669000000357073,1.3824999999999363,0.5001999999880127,0.9331000000238419,0.6338000000118882,0.583399999976109,1.2328000000119346,0.6168999999762264,0.8505999999642881,0.9829999999999472,1.3665999999641372]",,,0.0,24.0,24.0,93.0,1.0,kleding,vkleding,question_vocal.png,im_mouth.png,,,,,,
,,,297804,1,21,2023-10-03_11h06.52.330,flesh_expressibility_dutch,2022.2.4,Win32,59.80861244,,,,20.0,2.0,Nederlands,,,,,,Engels,2.0,,0.0,,0.0,,0.0,,0.0,,0.0,,0.0,,0.0,NL,6.0,2.0,2.0,1.0,,sensorypref2,1536.0,864.0,,,,,,,,,,,,,,,,,,,,,,,,,,,,,,,,,,,,21.0,750.739,49.0,"[1.3832000000476796,1.1333000000119,0.767100000023845,0.966400000035776,1.5997999999523245,6.883199999988108,1.0830999999641904,1.2165999999642167,1.0166000000238,0.8165000000000191,1.30030000001193,0.5838000000119337,0.9336000000238869,0.9331999999880622,1.083500000000015,0.7333000000119227,2.4165999999642622,0.7835000000000036,0.7669999999999959,0.5328000000118891,3.2335999999642127,0.783099999964179,2.5830000000000837,1.4163999999761927,0.6163999999761245,0.7163999999761472,0.7666000000239137,0.6335000000000264,1.4669999999999845,3.58429999995235,0.8993999999762536,1.1326999999880627,2.41700000000003,0.6498999999761281,0.7501999999881264,2.5338000000118654,0.9668000000119719,2.4667000000476946,1.382400000035659,0.5000999999641635,0.9329999999999927,0.633699999988039,0.583399999976109,1.2328000000119346,0.6168999999762264,0.8505000000000109,0.9829999999999472,1.3665999999641372,0.6171999999880882]","[1.3832000000476796,1.1333000000119,0.7671999999881223,0.966400000035776,1.5998999999761736,6.883199999988108,1.0830999999641904,1.2165999999642167,1.0166000000238,0.8165999999642395,1.30030000001193,0.5838000000119337,0.9336000000238869,0.9331999999880622,1.083500000000015,0.7333000000119227,2.4165999999642622,0.7835000000000036,0.767100000023845,0.5329000000357382,3.233699999988062,0.783099999964179,2.583099999964247,1.4163999999761927,0.6163999999761245,0.7163999999761472,0.7666000000239137,0.6335000000000264,1.4669999999999845,3.58429999995235,0.8994999999999891,1.1328000000119118,2.41700000000003,0.6498999999761281,0.7501999999881264,2.5338000000118654,0.9668000000119719,2.4669000000357073,1.3824999999999363,0.5001999999880127,0.9331000000238419,0.6338000000118882,0.583399999976109,1.2328000000119346,0.6168999999762264,0.8505999999642881,0.9829999999999472,1.3665999999641372,0.6171999999880882]",-0.699999986,4.5806,0.0,25.0,25.0,14.0,1.0,licht,vlicht,question_vocal.png,im_mouth.png,,,,,,
,,,297804,1,21,2023-10-03_11h06.52.330,flesh_expressibility_dutch,2022.2.4,Win32,59.80861244,,,,20.0,2.0,Nederlands,,,,,,Engels,2.0,,0.0,,0.0,,0.0,,0.0,,0.0,,0.0,,0.0,NL,6.0,2.0,2.0,1.0,,sensorypref2,1536.0,864.0,,,,,,,,,,,,,,,,,,,,,,,,,,,,,,,,,,,,21.0,756.164,50.0,"[1.3832000000476796,1.1333000000119,0.767100000023845,0.966400000035776,1.5997999999523245,6.883199999988108,1.0830999999641904,1.2165999999642167,1.0166000000238,0.8165000000000191,1.30030000001193,0.5838000000119337,0.9336000000238869,0.9331999999880622,1.083500000000015,0.7333000000119227,2.4165999999642622,0.7835000000000036,0.7669999999999959,0.5328000000118891,3.2335999999642127,0.783099999964179,2.5830000000000837,1.4163999999761927,0.6163999999761245,0.7163999999761472,0.7666000000239137,0.6335000000000264,1.4669999999999845,3.58429999995235,0.8993999999762536,1.1326999999880627,2.41700000000003,0.6498999999761281,0.7501999999881264,2.5338000000118654,0.9668000000119719,2.4667000000476946,1.382400000035659,0.5000999999641635,0.9329999999999927,0.633699999988039,0.583399999976109,1.2328000000119346,0.6168999999762264,0.8505000000000109,0.9829999999999472,1.3665999999641372,0.6171999999880882,1.533099999964179]","[1.3832000000476796,1.1333000000119,0.7671999999881223,0.966400000035776,1.5998999999761736,6.883199999988108,1.0830999999641904,1.2165999999642167,1.0166000000238,0.8165999999642395,1.30030000001193,0.5838000000119337,0.9336000000238869,0.9331999999880622,1.083500000000015,0.7333000000119227,2.4165999999642622,0.7835000000000036,0.767100000023845,0.5329000000357382,3.233699999988062,0.783099999964179,2.583099999964247,1.4163999999761927,0.6163999999761245,0.7163999999761472,0.7666000000239137,0.6335000000000264,1.4669999999999845,3.58429999995235,0.8994999999999891,1.1328000000119118,2.41700000000003,0.6498999999761281,0.7501999999881264,2.5338000000118654,0.9668000000119719,2.4669000000357073,1.3824999999999363,0.5001999999880127,0.9331000000238419,0.6338000000118882,0.583399999976109,1.2328000000119346,0.6168999999762264,0.8505999999642881,0.9829999999999472,1.3665999999641372,0.6171999999880882,1.533099999964179]",-0.72592594,5.7137,0.0,26.0,26.0,46.0,1.0,nat,vnat,question_vocal.png,im_mouth.png,,,,,,
,,,297804,1,21,2023-10-03_11h06.52.330,flesh_expressibility_dutch,2022.2.4,Win32,59.80861244,,,,20.0,2.0,Nederlands,,,,,,Engels,2.0,,0.0,,0.0,,0.0,,0.0,,0.0,,0.0,,0.0,NL,6.0,2.0,2.0,1.0,,sensorypref2,1536.0,864.0,,,,,,,,,,,,,,,,,,,,,,,,,,,,,,,,,,,,21.0,763.1282,51.0,"[1.3832000000476796,1.1333000000119,0.767100000023845,0.966400000035776,1.5997999999523245,6.883199999988108,1.0830999999641904,1.2165999999642167,1.0166000000238,0.8165000000000191,1.30030000001193,0.5838000000119337,0.9336000000238869,0.9331999999880622,1.083500000000015,0.7333000000119227,2.4165999999642622,0.7835000000000036,0.7669999999999959,0.5328000000118891,3.2335999999642127,0.783099999964179,2.5830000000000837,1.4163999999761927,0.6163999999761245,0.7163999999761472,0.7666000000239137,0.6335000000000264,1.4669999999999845,3.58429999995235,0.8993999999762536,1.1326999999880627,2.41700000000003,0.6498999999761281,0.7501999999881264,2.5338000000118654,0.9668000000119719,2.4667000000476946,1.382400000035659,0.5000999999641635,0.9329999999999927,0.633699999988039,0.583399999976109,1.2328000000119346,0.6168999999762264,0.8505000000000109,0.9829999999999472,1.3665999999641372,0.6171999999880882,1.533099999964179,1.8828000000119118]","[1.3832000000476796,1.1333000000119,0.7671999999881223,0.966400000035776,1.5998999999761736,6.883199999988108,1.0830999999641904,1.2165999999642167,1.0166000000238,0.8165999999642395,1.30030000001193,0.5838000000119337,0.9336000000238869,0.9331999999880622,1.083500000000015,0.7333000000119227,2.4165999999642622,0.7835000000000036,0.767100000023845,0.5329000000357382,3.233699999988062,0.783099999964179,2.583099999964247,1.4163999999761927,0.6163999999761245,0.7163999999761472,0.7666000000239137,0.6335000000000264,1.4669999999999845,3.58429999995235,0.8994999999999891,1.1328000000119118,2.41700000000003,0.6498999999761281,0.7501999999881264,2.5338000000118654,0.9668000000119719,2.4669000000357073,1.3824999999999363,0.5001999999880127,0.9331000000238419,0.6338000000118882,0.583399999976109,1.2328000000119346,0.6168999999762264,0.8505999999642881,0.9829999999999472,1.3665999999641372,0.6171999999880882,1.533099999964179,1.882899999976189]",-0.748148106,3.1552,0.0,27.0,27.0,194.0,1.0,touw,vtouw,question_vocal.png,im_mouth.png,,,,,,
,,,297804,1,21,2023-10-03_11h06.52.330,flesh_expressibility_dutch,2022.2.4,Win32,59.80861244,,,,20.0,2.0,Nederlands,,,,,,Engels,2.0,,0.0,,0.0,,0.0,,0.0,,0.0,,0.0,,0.0,NL,6.0,2.0,2.0,1.0,,sensorypref2,1536.0,864.0,,,,,,,,,,,,,,,,,,,,,,,,,,,,,,,,,,,,22.0,768.5562,51.0,"[1.3832000000476796,1.1333000000119,0.767100000023845,0.966400000035776,1.5997999999523245,6.883199999988108,1.0830999999641904,1.2165999999642167,1.0166000000238,0.8165000000000191,1.30030000001193,0.5838000000119337,0.9336000000238869,0.9331999999880622,1.083500000000015,0.7333000000119227,2.4165999999642622,0.7835000000000036,0.7669999999999959,0.5328000000118891,3.2335999999642127,0.783099999964179,2.5830000000000837,1.4163999999761927,0.6163999999761245,0.7163999999761472,0.7666000000239137,0.6335000000000264,1.4669999999999845,3.58429999995235,0.8993999999762536,1.1326999999880627,2.41700000000003,0.6498999999761281,0.7501999999881264,2.5338000000118654,0.9668000000119719,2.4667000000476946,1.382400000035659,0.5000999999641635,0.9329999999999927,0.633699999988039,0.583399999976109,1.2328000000119346,0.6168999999762264,0.8505000000000109,0.9829999999999472,1.3665999999641372,0.6171999999880882,1.533099999964179,1.8828000000119118]","[1.3832000000476796,1.1333000000119,0.7671999999881223,0.966400000035776,1.5998999999761736,6.883199999988108,1.0830999999641904,1.2165999999642167,1.0166000000238,0.8165999999642395,1.30030000001193,0.5838000000119337,0.9336000000238869,0.9331999999880622,1.083500000000015,0.7333000000119227,2.4165999999642622,0.7835000000000036,0.767100000023845,0.5329000000357382,3.233699999988062,0.783099999964179,2.583099999964247,1.4163999999761927,0.6163999999761245,0.7163999999761472,0.7666000000239137,0.6335000000000264,1.4669999999999845,3.58429999995235,0.8994999999999891,1.1328000000119118,2.41700000000003,0.6498999999761281,0.7501999999881264,2.5338000000118654,0.9668000000119719,2.4669000000357073,1.3824999999999363,0.5001999999880127,0.9331000000238419,0.6338000000118882,0.583399999976109,1.2328000000119346,0.6168999999762264,0.8505999999642881,0.9829999999999472,1.3665999999641372,0.6171999999880882,1.533099999964179,1.882899999976189]",,,0.0,28.0,28.0,140.0,1.0,staan,vstaan,question_vocal.png,im_mouth.png,,,,,,
,,,297804,1,21,2023-10-03_11h06.52.330,flesh_expressibility_dutch,2022.2.4,Win32,59.80861244,,,,20.0,2.0,Nederlands,,,,,,Engels,2.0,,0.0,,0.0,,0.0,,0.0,,0.0,,0.0,,0.0,NL,6.0,2.0,2.0,1.0,,sensorypref2,1536.0,864.0,,,,,,,,,,,,,,,,,,,,,,,,,,,,,,,,,,,,22.0,769.4773,51.0,"[1.3832000000476796,1.1333000000119,0.767100000023845,0.966400000035776,1.5997999999523245,6.883199999988108,1.0830999999641904,1.2165999999642167,1.0166000000238,0.8165000000000191,1.30030000001193,0.5838000000119337,0.9336000000238869,0.9331999999880622,1.083500000000015,0.7333000000119227,2.4165999999642622,0.7835000000000036,0.7669999999999959,0.5328000000118891,3.2335999999642127,0.783099999964179,2.5830000000000837,1.4163999999761927,0.6163999999761245,0.7163999999761472,0.7666000000239137,0.6335000000000264,1.4669999999999845,3.58429999995235,0.8993999999762536,1.1326999999880627,2.41700000000003,0.6498999999761281,0.7501999999881264,2.5338000000118654,0.9668000000119719,2.4667000000476946,1.382400000035659,0.5000999999641635,0.9329999999999927,0.633699999988039,0.583399999976109,1.2328000000119346,0.6168999999762264,0.8505000000000109,0.9829999999999472,1.3665999999641372,0.6171999999880882,1.533099999964179,1.8828000000119118]","[1.3832000000476796,1.1333000000119,0.7671999999881223,0.966400000035776,1.5998999999761736,6.883199999988108,1.0830999999641904,1.2165999999642167,1.0166000000238,0.8165999999642395,1.30030000001193,0.5838000000119337,0.9336000000238869,0.9331999999880622,1.083500000000015,0.7333000000119227,2.4165999999642622,0.7835000000000036,0.767100000023845,0.5329000000357382,3.233699999988062,0.783099999964179,2.583099999964247,1.4163999999761927,0.6163999999761245,0.7163999999761472,0.7666000000239137,0.6335000000000264,1.4669999999999845,3.58429999995235,0.8994999999999891,1.1328000000119118,2.41700000000003,0.6498999999761281,0.7501999999881264,2.5338000000118654,0.9668000000119719,2.4669000000357073,1.3824999999999363,0.5001999999880127,0.9331000000238419,0.6338000000118882,0.583399999976109,1.2328000000119346,0.6168999999762264,0.8505999999642881,0.9829999999999472,1.3665999999641372,0.6171999999880882,1.533099999964179,1.882899999976189]",,,0.0,29.0,29.0,143.0,1.0,vermalen,vvermalen,question_vocal.png,im_mouth.png,,,,,,
,,,297804,1,21,2023-10-03_11h06.52.330,flesh_expressibility_dutch,2022.2.4,Win32,59.80861244,,,,20.0,2.0,Nederlands,,,,,,Engels,2.0,,0.0,,0.0,,0.0,,0.0,,0.0,,0.0,,0.0,NL,6.0,2.0,2.0,1.0,,sensorypref2,1536.0,864.0,,,,,,,,,,,,,,,,,,,,,,,,,,,,,,,,,,,,21.0,770.5011,52.0,"[1.3832000000476796,1.1333000000119,0.767100000023845,0.966400000035776,1.5997999999523245,6.883199999988108,1.0830999999641904,1.2165999999642167,1.0166000000238,0.8165000000000191,1.30030000001193,0.5838000000119337,0.9336000000238869,0.9331999999880622,1.083500000000015,0.7333000000119227,2.4165999999642622,0.7835000000000036,0.7669999999999959,0.5328000000118891,3.2335999999642127,0.783099999964179,2.5830000000000837,1.4163999999761927,0.6163999999761245,0.7163999999761472,0.7666000000239137,0.6335000000000264,1.4669999999999845,3.58429999995235,0.8993999999762536,1.1326999999880627,2.41700000000003,0.6498999999761281,0.7501999999881264,2.5338000000118654,0.9668000000119719,2.4667000000476946,1.382400000035659,0.5000999999641635,0.9329999999999927,0.633699999988039,0.583399999976109,1.2328000000119346,0.6168999999762264,0.8505000000000109,0.9829999999999472,1.3665999999641372,0.6171999999880882,1.533099999964179,1.8828000000119118,3.9836000000237846]","[1.3832000000476796,1.1333000000119,0.7671999999881223,0.966400000035776,1.5998999999761736,6.883199999988108,1.0830999999641904,1.2165999999642167,1.0166000000238,0.8165999999642395,1.30030000001193,0.5838000000119337,0.9336000000238869,0.9331999999880622,1.083500000000015,0.7333000000119227,2.4165999999642622,0.7835000000000036,0.767100000023845,0.5329000000357382,3.233699999988062,0.783099999964179,2.583099999964247,1.4163999999761927,0.6163999999761245,0.7163999999761472,0.7666000000239137,0.6335000000000264,1.4669999999999845,3.58429999995235,0.8994999999999891,1.1328000000119118,2.41700000000003,0.6498999999761281,0.7501999999881264,2.5338000000118654,0.9668000000119719,2.4669000000357073,1.3824999999999363,0.5001999999880127,0.9331000000238419,0.6338000000118882,0.583399999976109,1.2328000000119346,0.6168999999762264,0.8505999999642881,0.9829999999999472,1.3665999999641372,0.6171999999880882,1.533099999964179,1.882899999976189,3.9836000000237846]",0.268518519,7.9963,0.0,30.0,30.0,35.0,1.0,boos,vboos,question_vocal.png,im_mouth.png,,,,,,
,,,297804,1,21,2023-10-03_11h06.52.330,flesh_expressibility_dutch,2022.2.4,Win32,59.80861244,,,,20.0,2.0,Nederlands,,,,,,Engels,2.0,,0.0,,0.0,,0.0,,0.0,,0.0,,0.0,,0.0,NL,6.0,2.0,2.0,1.0,,sensorypref2,1536.0,864.0,,,,,,,,,,,,,,,,,,,,,,,,,,,,,,,,,,,,21.0,780.0281,53.0,"[1.3832000000476796,1.1333000000119,0.767100000023845,0.966400000035776,1.5997999999523245,6.883199999988108,1.0830999999641904,1.2165999999642167,1.0166000000238,0.8165000000000191,1.30030000001193,0.5838000000119337,0.9336000000238869,0.9331999999880622,1.083500000000015,0.7333000000119227,2.4165999999642622,0.7835000000000036,0.7669999999999959,0.5328000000118891,3.2335999999642127,0.783099999964179,2.5830000000000837,1.4163999999761927,0.6163999999761245,0.7163999999761472,0.7666000000239137,0.6335000000000264,1.4669999999999845,3.58429999995235,0.8993999999762536,1.1326999999880627,2.41700000000003,0.6498999999761281,0.7501999999881264,2.5338000000118654,0.9668000000119719,2.4667000000476946,1.382400000035659,0.5000999999641635,0.9329999999999927,0.633699999988039,0.583399999976109,1.2328000000119346,0.6168999999762264,0.8505000000000109,0.9829999999999472,1.3665999999641372,0.6171999999880882,1.533099999964179,1.8828000000119118,3.9836000000237846,1.0158999999761136]","[1.3832000000476796,1.1333000000119,0.7671999999881223,0.966400000035776,1.5998999999761736,6.883199999988108,1.0830999999641904,1.2165999999642167,1.0166000000238,0.8165999999642395,1.30030000001193,0.5838000000119337,0.9336000000238869,0.9331999999880622,1.083500000000015,0.7333000000119227,2.4165999999642622,0.7835000000000036,0.767100000023845,0.5329000000357382,3.233699999988062,0.783099999964179,2.583099999964247,1.4163999999761927,0.6163999999761245,0.7163999999761472,0.7666000000239137,0.6335000000000264,1.4669999999999845,3.58429999995235,0.8994999999999891,1.1328000000119118,2.41700000000003,0.6498999999761281,0.7501999999881264,2.5338000000118654,0.9668000000119719,2.4669000000357073,1.3824999999999363,0.5001999999880127,0.9331000000238419,0.6338000000118882,0.583399999976109,1.2328000000119346,0.6168999999762264,0.8505999999642881,0.9829999999999472,1.3665999999641372,0.6171999999880882,1.533099999964179,1.882899999976189,3.9836000000237846,1.0158999999761136]",-0.64444443,18.5785,0.0,31.0,31.0,92.0,1.0,heet,vheet,question_vocal.png,im_mouth.png,,,,,,
,,,297804,1,21,2023-10-03_11h06.52.330,flesh_expressibility_dutch,2022.2.4,Win32,59.80861244,,,,20.0,2.0,Nederlands,,,,,,Engels,2.0,,0.0,,0.0,,0.0,,0.0,,0.0,,0.0,,0.0,NL,6.0,2.0,2.0,1.0,,sensorypref2,1536.0,864.0,,,,,,,,,,,,,,,,,,,,,,,,,,,,,,,,,,,,22.0,799.6862,53.0,"[1.3832000000476796,1.1333000000119,0.767100000023845,0.966400000035776,1.5997999999523245,6.883199999988108,1.0830999999641904,1.2165999999642167,1.0166000000238,0.8165000000000191,1.30030000001193,0.5838000000119337,0.9336000000238869,0.9331999999880622,1.083500000000015,0.7333000000119227,2.4165999999642622,0.7835000000000036,0.7669999999999959,0.5328000000118891,3.2335999999642127,0.783099999964179,2.5830000000000837,1.4163999999761927,0.6163999999761245,0.7163999999761472,0.7666000000239137,0.6335000000000264,1.4669999999999845,3.58429999995235,0.8993999999762536,1.1326999999880627,2.41700000000003,0.6498999999761281,0.7501999999881264,2.5338000000118654,0.9668000000119719,2.4667000000476946,1.382400000035659,0.5000999999641635,0.9329999999999927,0.633699999988039,0.583399999976109,1.2328000000119346,0.6168999999762264,0.8505000000000109,0.9829999999999472,1.3665999999641372,0.6171999999880882,1.533099999964179,1.8828000000119118,3.9836000000237846,1.0158999999761136]","[1.3832000000476796,1.1333000000119,0.7671999999881223,0.966400000035776,1.5998999999761736,6.883199999988108,1.0830999999641904,1.2165999999642167,1.0166000000238,0.8165999999642395,1.30030000001193,0.5838000000119337,0.9336000000238869,0.9331999999880622,1.083500000000015,0.7333000000119227,2.4165999999642622,0.7835000000000036,0.767100000023845,0.5329000000357382,3.233699999988062,0.783099999964179,2.583099999964247,1.4163999999761927,0.6163999999761245,0.7163999999761472,0.7666000000239137,0.6335000000000264,1.4669999999999845,3.58429999995235,0.8994999999999891,1.1328000000119118,2.41700000000003,0.6498999999761281,0.7501999999881264,2.5338000000118654,0.9668000000119719,2.4669000000357073,1.3824999999999363,0.5001999999880127,0.9331000000238419,0.6338000000118882,0.583399999976109,1.2328000000119346,0.6168999999762264,0.8505999999642881,0.9829999999999472,1.3665999999641372,0.6171999999880882,1.533099999964179,1.882899999976189,3.9836000000237846,1.0158999999761136]",,,0.0,32.0,32.0,188.0,1.0,verstoppen,vverstoppen,question_vocal.png,im_mouth.png,,,,,,
,,,297804,1,21,2023-10-03_11h06.52.330,flesh_expressibility_dutch,2022.2.4,Win32,59.80861244,,,,20.0,2.0,Nederlands,,,,,,Engels,2.0,,0.0,,0.0,,0.0,,0.0,,0.0,,0.0,,0.0,NL,6.0,2.0,2.0,1.0,,sensorypref2,1536.0,864.0,,,,,,,,,,,,,,,,,,,,,,,,,,,,,,,,,,,,22.0,800.8143,53.0,"[1.3832000000476796,1.1333000000119,0.767100000023845,0.966400000035776,1.5997999999523245,6.883199999988108,1.0830999999641904,1.2165999999642167,1.0166000000238,0.8165000000000191,1.30030000001193,0.5838000000119337,0.9336000000238869,0.9331999999880622,1.083500000000015,0.7333000000119227,2.4165999999642622,0.7835000000000036,0.7669999999999959,0.5328000000118891,3.2335999999642127,0.783099999964179,2.5830000000000837,1.4163999999761927,0.6163999999761245,0.7163999999761472,0.7666000000239137,0.6335000000000264,1.4669999999999845,3.58429999995235,0.8993999999762536,1.1326999999880627,2.41700000000003,0.6498999999761281,0.7501999999881264,2.5338000000118654,0.9668000000119719,2.4667000000476946,1.382400000035659,0.5000999999641635,0.9329999999999927,0.633699999988039,0.583399999976109,1.2328000000119346,0.6168999999762264,0.8505000000000109,0.9829999999999472,1.3665999999641372,0.6171999999880882,1.533099999964179,1.8828000000119118,3.9836000000237846,1.0158999999761136]","[1.3832000000476796,1.1333000000119,0.7671999999881223,0.966400000035776,1.5998999999761736,6.883199999988108,1.0830999999641904,1.2165999999642167,1.0166000000238,0.8165999999642395,1.30030000001193,0.5838000000119337,0.9336000000238869,0.9331999999880622,1.083500000000015,0.7333000000119227,2.4165999999642622,0.7835000000000036,0.767100000023845,0.5329000000357382,3.233699999988062,0.783099999964179,2.583099999964247,1.4163999999761927,0.6163999999761245,0.7163999999761472,0.7666000000239137,0.6335000000000264,1.4669999999999845,3.58429999995235,0.8994999999999891,1.1328000000119118,2.41700000000003,0.6498999999761281,0.7501999999881264,2.5338000000118654,0.9668000000119719,2.4669000000357073,1.3824999999999363,0.5001999999880127,0.9331000000238419,0.6338000000118882,0.583399999976109,1.2328000000119346,0.6168999999762264,0.8505999999642881,0.9829999999999472,1.3665999999641372,0.6171999999880882,1.533099999964179,1.882899999976189,3.9836000000237846,1.0158999999761136]",,,0.0,33.0,33.0,76.0,1.0,blauw,vblauw,question_vocal.png,im_mouth.png,,,,,,
,,,297804,1,21,2023-10-03_11h06.52.330,flesh_expressibility_dutch,2022.2.4,Win32,59.80861244,,,,20.0,2.0,Nederlands,,,,,,Engels,2.0,,0.0,,0.0,,0.0,,0.0,,0.0,,0.0,,0.0,NL,6.0,2.0,2.0,1.0,,sensorypref2,1536.0,864.0,,,,,,,,,,,,,,,,,,,,,,,,,,,,,,,,,,,,22.0,801.8372,53.0,"[1.3832000000476796,1.1333000000119,0.767100000023845,0.966400000035776,1.5997999999523245,6.883199999988108,1.0830999999641904,1.2165999999642167,1.0166000000238,0.8165000000000191,1.30030000001193,0.5838000000119337,0.9336000000238869,0.9331999999880622,1.083500000000015,0.7333000000119227,2.4165999999642622,0.7835000000000036,0.7669999999999959,0.5328000000118891,3.2335999999642127,0.783099999964179,2.5830000000000837,1.4163999999761927,0.6163999999761245,0.7163999999761472,0.7666000000239137,0.6335000000000264,1.4669999999999845,3.58429999995235,0.8993999999762536,1.1326999999880627,2.41700000000003,0.6498999999761281,0.7501999999881264,2.5338000000118654,0.9668000000119719,2.4667000000476946,1.382400000035659,0.5000999999641635,0.9329999999999927,0.633699999988039,0.583399999976109,1.2328000000119346,0.6168999999762264,0.8505000000000109,0.9829999999999472,1.3665999999641372,0.6171999999880882,1.533099999964179,1.8828000000119118,3.9836000000237846,1.0158999999761136]","[1.3832000000476796,1.1333000000119,0.7671999999881223,0.966400000035776,1.5998999999761736,6.883199999988108,1.0830999999641904,1.2165999999642167,1.0166000000238,0.8165999999642395,1.30030000001193,0.5838000000119337,0.9336000000238869,0.9331999999880622,1.083500000000015,0.7333000000119227,2.4165999999642622,0.7835000000000036,0.767100000023845,0.5329000000357382,3.233699999988062,0.783099999964179,2.583099999964247,1.4163999999761927,0.6163999999761245,0.7163999999761472,0.7666000000239137,0.6335000000000264,1.4669999999999845,3.58429999995235,0.8994999999999891,1.1328000000119118,2.41700000000003,0.6498999999761281,0.7501999999881264,2.5338000000118654,0.9668000000119719,2.4669000000357073,1.3824999999999363,0.5001999999880127,0.9331000000238419,0.6338000000118882,0.583399999976109,1.2328000000119346,0.6168999999762264,0.8505999999642881,0.9829999999999472,1.3665999999641372,0.6171999999880882,1.533099999964179,1.882899999976189,3.9836000000237846,1.0158999999761136]",,,0.0,34.0,34.0,15.0,1.0,geel,vgeel,question_vocal.png,im_mouth.png,,,,,,
,,,297804,1,21,2023-10-03_11h06.52.330,flesh_expressibility_dutch,2022.2.4,Win32,59.80861244,,,,20.0,2.0,Nederlands,,,,,,Engels,2.0,,0.0,,0.0,,0.0,,0.0,,0.0,,0.0,,0.0,NL,6.0,2.0,2.0,1.0,,sensorypref2,1536.0,864.0,,,,,,,,,,,,,,,,,,,,,,,,,,,,,,,,,,,,22.0,802.7572,53.0,"[1.3832000000476796,1.1333000000119,0.767100000023845,0.966400000035776,1.5997999999523245,6.883199999988108,1.0830999999641904,1.2165999999642167,1.0166000000238,0.8165000000000191,1.30030000001193,0.5838000000119337,0.9336000000238869,0.9331999999880622,1.083500000000015,0.7333000000119227,2.4165999999642622,0.7835000000000036,0.7669999999999959,0.5328000000118891,3.2335999999642127,0.783099999964179,2.5830000000000837,1.4163999999761927,0.6163999999761245,0.7163999999761472,0.7666000000239137,0.6335000000000264,1.4669999999999845,3.58429999995235,0.8993999999762536,1.1326999999880627,2.41700000000003,0.6498999999761281,0.7501999999881264,2.5338000000118654,0.9668000000119719,2.4667000000476946,1.382400000035659,0.5000999999641635,0.9329999999999927,0.633699999988039,0.583399999976109,1.2328000000119346,0.6168999999762264,0.8505000000000109,0.9829999999999472,1.3665999999641372,0.6171999999880882,1.533099999964179,1.8828000000119118,3.9836000000237846,1.0158999999761136]","[1.3832000000476796,1.1333000000119,0.7671999999881223,0.966400000035776,1.5998999999761736,6.883199999988108,1.0830999999641904,1.2165999999642167,1.0166000000238,0.8165999999642395,1.30030000001193,0.5838000000119337,0.9336000000238869,0.9331999999880622,1.083500000000015,0.7333000000119227,2.4165999999642622,0.7835000000000036,0.767100000023845,0.5329000000357382,3.233699999988062,0.783099999964179,2.583099999964247,1.4163999999761927,0.6163999999761245,0.7163999999761472,0.7666000000239137,0.6335000000000264,1.4669999999999845,3.58429999995235,0.8994999999999891,1.1328000000119118,2.41700000000003,0.6498999999761281,0.7501999999881264,2.5338000000118654,0.9668000000119719,2.4669000000357073,1.3824999999999363,0.5001999999880127,0.9331000000238419,0.6338000000118882,0.583399999976109,1.2328000000119346,0.6168999999762264,0.8505999999642881,0.9829999999999472,1.3665999999641372,0.6171999999880882,1.533099999964179,1.882899999976189,3.9836000000237846,1.0158999999761136]",,,0.0,35.0,35.0,31.0,1.0,zwak,vzwak,question_vocal.png,im_mouth.png,,,,,,
,,,297804,1,21,2023-10-03_11h06.52.330,flesh_expressibility_dutch,2022.2.4,Win32,59.80861244,,,,20.0,2.0,Nederlands,,,,,,Engels,2.0,,0.0,,0.0,,0.0,,0.0,,0.0,,0.0,,0.0,NL,6.0,2.0,2.0,1.0,,sensorypref2,1536.0,864.0,,,,,,,,,,,,,,,,,,,,,,,,,,,,,,,,,,,,22.0,803.8839,53.0,"[1.3832000000476796,1.1333000000119,0.767100000023845,0.966400000035776,1.5997999999523245,6.883199999988108,1.0830999999641904,1.2165999999642167,1.0166000000238,0.8165000000000191,1.30030000001193,0.5838000000119337,0.9336000000238869,0.9331999999880622,1.083500000000015,0.7333000000119227,2.4165999999642622,0.7835000000000036,0.7669999999999959,0.5328000000118891,3.2335999999642127,0.783099999964179,2.5830000000000837,1.4163999999761927,0.6163999999761245,0.7163999999761472,0.7666000000239137,0.6335000000000264,1.4669999999999845,3.58429999995235,0.8993999999762536,1.1326999999880627,2.41700000000003,0.6498999999761281,0.7501999999881264,2.5338000000118654,0.9668000000119719,2.4667000000476946,1.382400000035659,0.5000999999641635,0.9329999999999927,0.633699999988039,0.583399999976109,1.2328000000119346,0.6168999999762264,0.8505000000000109,0.9829999999999472,1.3665999999641372,0.6171999999880882,1.533099999964179,1.8828000000119118,3.9836000000237846,1.0158999999761136]","[1.3832000000476796,1.1333000000119,0.7671999999881223,0.966400000035776,1.5998999999761736,6.883199999988108,1.0830999999641904,1.2165999999642167,1.0166000000238,0.8165999999642395,1.30030000001193,0.5838000000119337,0.9336000000238869,0.9331999999880622,1.083500000000015,0.7333000000119227,2.4165999999642622,0.7835000000000036,0.767100000023845,0.5329000000357382,3.233699999988062,0.783099999964179,2.583099999964247,1.4163999999761927,0.6163999999761245,0.7163999999761472,0.7666000000239137,0.6335000000000264,1.4669999999999845,3.58429999995235,0.8994999999999891,1.1328000000119118,2.41700000000003,0.6498999999761281,0.7501999999881264,2.5338000000118654,0.9668000000119719,2.4669000000357073,1.3824999999999363,0.5001999999880127,0.9331000000238419,0.6338000000118882,0.583399999976109,1.2328000000119346,0.6168999999762264,0.8505999999642881,0.9829999999999472,1.3665999999641372,0.6171999999880882,1.533099999964179,1.882899999976189,3.9836000000237846,1.0158999999761136]",,,0.0,36.0,36.0,82.0,1.0,beneden,vbeneden,question_vocal.png,im_mouth.png,,,,,,
,,,297804,1,21,2023-10-03_11h06.52.330,flesh_expressibility_dutch,2022.2.4,Win32,59.80861244,,,,20.0,2.0,Nederlands,,,,,,Engels,2.0,,0.0,,0.0,,0.0,,0.0,,0.0,,0.0,,0.0,NL,6.0,2.0,2.0,1.0,,sensorypref2,1536.0,864.0,,,,,,,,,,,,,,,,,,,,,,,,,,,,,,,,,,,,21.0,804.9086,54.0,"[1.3832000000476796,1.1333000000119,0.767100000023845,0.966400000035776,1.5997999999523245,6.883199999988108,1.0830999999641904,1.2165999999642167,1.0166000000238,0.8165000000000191,1.30030000001193,0.5838000000119337,0.9336000000238869,0.9331999999880622,1.083500000000015,0.7333000000119227,2.4165999999642622,0.7835000000000036,0.7669999999999959,0.5328000000118891,3.2335999999642127,0.783099999964179,2.5830000000000837,1.4163999999761927,0.6163999999761245,0.7163999999761472,0.7666000000239137,0.6335000000000264,1.4669999999999845,3.58429999995235,0.8993999999762536,1.1326999999880627,2.41700000000003,0.6498999999761281,0.7501999999881264,2.5338000000118654,0.9668000000119719,2.4667000000476946,1.382400000035659,0.5000999999641635,0.9329999999999927,0.633699999988039,0.583399999976109,1.2328000000119346,0.6168999999762264,0.8505000000000109,0.9829999999999472,1.3665999999641372,0.6171999999880882,1.533099999964179,1.8828000000119118,3.9836000000237846,1.0158999999761136,1.8835000000000264]","[1.3832000000476796,1.1333000000119,0.7671999999881223,0.966400000035776,1.5998999999761736,6.883199999988108,1.0830999999641904,1.2165999999642167,1.0166000000238,0.8165999999642395,1.30030000001193,0.5838000000119337,0.9336000000238869,0.9331999999880622,1.083500000000015,0.7333000000119227,2.4165999999642622,0.7835000000000036,0.767100000023845,0.5329000000357382,3.233699999988062,0.783099999964179,2.583099999964247,1.4163999999761927,0.6163999999761245,0.7163999999761472,0.7666000000239137,0.6335000000000264,1.4669999999999845,3.58429999995235,0.8994999999999891,1.1328000000119118,2.41700000000003,0.6498999999761281,0.7501999999881264,2.5338000000118654,0.9668000000119719,2.4669000000357073,1.3824999999999363,0.5001999999880127,0.9331000000238419,0.6338000000118882,0.583399999976109,1.2328000000119346,0.6168999999762264,0.8505999999642881,0.9829999999999472,1.3665999999641372,0.6171999999880882,1.533099999964179,1.882899999976189,3.9836000000237846,1.0158999999761136,1.8835000000000264]",-0.698148162,4.488,0.0,37.0,37.0,52.0,1.0,vangen,vvangen,question_vocal.png,im_mouth.png,,,,,,
,,,297804,1,21,2023-10-03_11h06.52.330,flesh_expressibility_dutch,2022.2.4,Win32,59.80861244,,,,20.0,2.0,Nederlands,,,,,,Engels,2.0,,0.0,,0.0,,0.0,,0.0,,0.0,,0.0,,0.0,NL,6.0,2.0,2.0,1.0,,sensorypref2,1536.0,864.0,,,,,,,,,,,,,,,,,,,,,,,,,,,,,,,,,,,,21.0,811.3585,55.0,"[1.3832000000476796,1.1333000000119,0.767100000023845,0.966400000035776,1.5997999999523245,6.883199999988108,1.0830999999641904,1.2165999999642167,1.0166000000238,0.8165000000000191,1.30030000001193,0.5838000000119337,0.9336000000238869,0.9331999999880622,1.083500000000015,0.7333000000119227,2.4165999999642622,0.7835000000000036,0.7669999999999959,0.5328000000118891,3.2335999999642127,0.783099999964179,2.5830000000000837,1.4163999999761927,0.6163999999761245,0.7163999999761472,0.7666000000239137,0.6335000000000264,1.4669999999999845,3.58429999995235,0.8993999999762536,1.1326999999880627,2.41700000000003,0.6498999999761281,0.7501999999881264,2.5338000000118654,0.9668000000119719,2.4667000000476946,1.382400000035659,0.5000999999641635,0.9329999999999927,0.633699999988039,0.583399999976109,1.2328000000119346,0.6168999999762264,0.8505000000000109,0.9829999999999472,1.3665999999641372,0.6171999999880882,1.533099999964179,1.8828000000119118,3.9836000000237846,1.0158999999761136,1.8835000000000264,3.63279999995234]","[1.3832000000476796,1.1333000000119,0.7671999999881223,0.966400000035776,1.5998999999761736,6.883199999988108,1.0830999999641904,1.2165999999642167,1.0166000000238,0.8165999999642395,1.30030000001193,0.5838000000119337,0.9336000000238869,0.9331999999880622,1.083500000000015,0.7333000000119227,2.4165999999642622,0.7835000000000036,0.767100000023845,0.5329000000357382,3.233699999988062,0.783099999964179,2.583099999964247,1.4163999999761927,0.6163999999761245,0.7163999999761472,0.7666000000239137,0.6335000000000264,1.4669999999999845,3.58429999995235,0.8994999999999891,1.1328000000119118,2.41700000000003,0.6498999999761281,0.7501999999881264,2.5338000000118654,0.9668000000119719,2.4669000000357073,1.3824999999999363,0.5001999999880127,0.9331000000238419,0.6338000000118882,0.583399999976109,1.2328000000119346,0.6168999999762264,0.8505999999642881,0.9829999999999472,1.3665999999641372,0.6171999999880882,1.533099999964179,1.882899999976189,3.9836000000237846,1.0158999999761136,1.8835000000000264,3.63279999995234]",-0.744444459,6.0926,0.0,38.0,38.0,204.0,1.0,donker,vdonker,question_vocal.png,im_mouth.png,,,,,,
,,,297804,1,21,2023-10-03_11h06.52.330,flesh_expressibility_dutch,2022.2.4,Win32,59.80861244,,,,20.0,2.0,Nederlands,,,,,,Engels,2.0,,0.0,,0.0,,0.0,,0.0,,0.0,,0.0,,0.0,NL,6.0,2.0,2.0,1.0,,sensorypref2,1536.0,864.0,,,,,,,,,,,,,,,,,,,,,,,,,,,,,,,,,,,,21.0,818.015,56.0,"[1.3832000000476796,1.1333000000119,0.767100000023845,0.966400000035776,1.5997999999523245,6.883199999988108,1.0830999999641904,1.2165999999642167,1.0166000000238,0.8165000000000191,1.30030000001193,0.5838000000119337,0.9336000000238869,0.9331999999880622,1.083500000000015,0.7333000000119227,2.4165999999642622,0.7835000000000036,0.7669999999999959,0.5328000000118891,3.2335999999642127,0.783099999964179,2.5830000000000837,1.4163999999761927,0.6163999999761245,0.7163999999761472,0.7666000000239137,0.6335000000000264,1.4669999999999845,3.58429999995235,0.8993999999762536,1.1326999999880627,2.41700000000003,0.6498999999761281,0.7501999999881264,2.5338000000118654,0.9668000000119719,2.4667000000476946,1.382400000035659,0.5000999999641635,0.9329999999999927,0.633699999988039,0.583399999976109,1.2328000000119346,0.6168999999762264,0.8505000000000109,0.9829999999999472,1.3665999999641372,0.6171999999880882,1.533099999964179,1.8828000000119118,3.9836000000237846,1.0158999999761136,1.8835000000000264,3.63279999995234,0.9328999999762573]","[1.3832000000476796,1.1333000000119,0.7671999999881223,0.966400000035776,1.5998999999761736,6.883199999988108,1.0830999999641904,1.2165999999642167,1.0166000000238,0.8165999999642395,1.30030000001193,0.5838000000119337,0.9336000000238869,0.9331999999880622,1.083500000000015,0.7333000000119227,2.4165999999642622,0.7835000000000036,0.767100000023845,0.5329000000357382,3.233699999988062,0.783099999964179,2.583099999964247,1.4163999999761927,0.6163999999761245,0.7163999999761472,0.7666000000239137,0.6335000000000264,1.4669999999999845,3.58429999995235,0.8994999999999891,1.1328000000119118,2.41700000000003,0.6498999999761281,0.7501999999881264,2.5338000000118654,0.9668000000119719,2.4669000000357073,1.3824999999999363,0.5001999999880127,0.9331000000238419,0.6338000000118882,0.583399999976109,1.2328000000119346,0.6168999999762264,0.8505999999642881,0.9829999999999472,1.3665999999641372,0.6171999999880882,1.533099999964179,1.882899999976189,3.9836000000237846,1.0158999999761136,1.8835000000000264,3.63279999995234,0.9330000000001064]",0.550000085,3.6458,0.0,39.0,39.0,3.0,1.0,stil,vstil,question_vocal.png,im_mouth.png,,,,,,
,,,297804,1,21,2023-10-03_11h06.52.330,flesh_expressibility_dutch,2022.2.4,Win32,59.80861244,,,,20.0,2.0,Nederlands,,,,,,Engels,2.0,,0.0,,0.0,,0.0,,0.0,,0.0,,0.0,,0.0,NL,6.0,2.0,2.0,1.0,,sensorypref2,1536.0,864.0,,,,,,,,,,,,,,,,,,,,,,,,,,,,,,,,,,,,22.0,822.6235,56.0,"[1.3832000000476796,1.1333000000119,0.767100000023845,0.966400000035776,1.5997999999523245,6.883199999988108,1.0830999999641904,1.2165999999642167,1.0166000000238,0.8165000000000191,1.30030000001193,0.5838000000119337,0.9336000000238869,0.9331999999880622,1.083500000000015,0.7333000000119227,2.4165999999642622,0.7835000000000036,0.7669999999999959,0.5328000000118891,3.2335999999642127,0.783099999964179,2.5830000000000837,1.4163999999761927,0.6163999999761245,0.7163999999761472,0.7666000000239137,0.6335000000000264,1.4669999999999845,3.58429999995235,0.8993999999762536,1.1326999999880627,2.41700000000003,0.6498999999761281,0.7501999999881264,2.5338000000118654,0.9668000000119719,2.4667000000476946,1.382400000035659,0.5000999999641635,0.9329999999999927,0.633699999988039,0.583399999976109,1.2328000000119346,0.6168999999762264,0.8505000000000109,0.9829999999999472,1.3665999999641372,0.6171999999880882,1.533099999964179,1.8828000000119118,3.9836000000237846,1.0158999999761136,1.8835000000000264,3.63279999995234,0.9328999999762573]","[1.3832000000476796,1.1333000000119,0.7671999999881223,0.966400000035776,1.5998999999761736,6.883199999988108,1.0830999999641904,1.2165999999642167,1.0166000000238,0.8165999999642395,1.30030000001193,0.5838000000119337,0.9336000000238869,0.9331999999880622,1.083500000000015,0.7333000000119227,2.4165999999642622,0.7835000000000036,0.767100000023845,0.5329000000357382,3.233699999988062,0.783099999964179,2.583099999964247,1.4163999999761927,0.6163999999761245,0.7163999999761472,0.7666000000239137,0.6335000000000264,1.4669999999999845,3.58429999995235,0.8994999999999891,1.1328000000119118,2.41700000000003,0.6498999999761281,0.7501999999881264,2.5338000000118654,0.9668000000119719,2.4669000000357073,1.3824999999999363,0.5001999999880127,0.9331000000238419,0.6338000000118882,0.583399999976109,1.2328000000119346,0.6168999999762264,0.8505999999642881,0.9829999999999472,1.3665999999641372,0.6171999999880882,1.533099999964179,1.882899999976189,3.9836000000237846,1.0158999999761136,1.8835000000000264,3.63279999995234,0.9330000000001064]",,,0.0,40.0,40.0,180.0,1.0,het,vhet,question_vocal.png,im_mouth.png,,,,,,
,,,297804,1,21,2023-10-03_11h06.52.330,flesh_expressibility_dutch,2022.2.4,Win32,59.80861244,,,,20.0,2.0,Nederlands,,,,,,Engels,2.0,,0.0,,0.0,,0.0,,0.0,,0.0,,0.0,,0.0,NL,6.0,2.0,2.0,1.0,,sensorypref2,1536.0,864.0,,,,,,,,,,,,,,,,,,,,,,,,,,,,,,,,,,,,22.0,823.6466,56.0,"[1.3832000000476796,1.1333000000119,0.767100000023845,0.966400000035776,1.5997999999523245,6.883199999988108,1.0830999999641904,1.2165999999642167,1.0166000000238,0.8165000000000191,1.30030000001193,0.5838000000119337,0.9336000000238869,0.9331999999880622,1.083500000000015,0.7333000000119227,2.4165999999642622,0.7835000000000036,0.7669999999999959,0.5328000000118891,3.2335999999642127,0.783099999964179,2.5830000000000837,1.4163999999761927,0.6163999999761245,0.7163999999761472,0.7666000000239137,0.6335000000000264,1.4669999999999845,3.58429999995235,0.8993999999762536,1.1326999999880627,2.41700000000003,0.6498999999761281,0.7501999999881264,2.5338000000118654,0.9668000000119719,2.4667000000476946,1.382400000035659,0.5000999999641635,0.9329999999999927,0.633699999988039,0.583399999976109,1.2328000000119346,0.6168999999762264,0.8505000000000109,0.9829999999999472,1.3665999999641372,0.6171999999880882,1.533099999964179,1.8828000000119118,3.9836000000237846,1.0158999999761136,1.8835000000000264,3.63279999995234,0.9328999999762573]","[1.3832000000476796,1.1333000000119,0.7671999999881223,0.966400000035776,1.5998999999761736,6.883199999988108,1.0830999999641904,1.2165999999642167,1.0166000000238,0.8165999999642395,1.30030000001193,0.5838000000119337,0.9336000000238869,0.9331999999880622,1.083500000000015,0.7333000000119227,2.4165999999642622,0.7835000000000036,0.767100000023845,0.5329000000357382,3.233699999988062,0.783099999964179,2.583099999964247,1.4163999999761927,0.6163999999761245,0.7163999999761472,0.7666000000239137,0.6335000000000264,1.4669999999999845,3.58429999995235,0.8994999999999891,1.1328000000119118,2.41700000000003,0.6498999999761281,0.7501999999881264,2.5338000000118654,0.9668000000119719,2.4669000000357073,1.3824999999999363,0.5001999999880127,0.9331000000238419,0.6338000000118882,0.583399999976109,1.2328000000119346,0.6168999999762264,0.8505999999642881,0.9829999999999472,1.3665999999641372,0.6171999999880882,1.533099999964179,1.882899999976189,3.9836000000237846,1.0158999999761136,1.8835000000000264,3.63279999995234,0.9330000000001064]",,,0.0,41.0,41.0,167.0,1.0,rood,vrood,question_vocal.png,im_mouth.png,,,,,,
,,,297804,1,21,2023-10-03_11h06.52.330,flesh_expressibility_dutch,2022.2.4,Win32,59.80861244,,,,20.0,2.0,Nederlands,,,,,,Engels,2.0,,0.0,,0.0,,0.0,,0.0,,0.0,,0.0,,0.0,NL,6.0,2.0,2.0,1.0,,sensorypref2,1536.0,864.0,,,,,,,,,,,,,,,,,,,,,,,,,,,,,,,,,,,,22.0,824.6709,56.0,"[1.3832000000476796,1.1333000000119,0.767100000023845,0.966400000035776,1.5997999999523245,6.883199999988108,1.0830999999641904,1.2165999999642167,1.0166000000238,0.8165000000000191,1.30030000001193,0.5838000000119337,0.9336000000238869,0.9331999999880622,1.083500000000015,0.7333000000119227,2.4165999999642622,0.7835000000000036,0.7669999999999959,0.5328000000118891,3.2335999999642127,0.783099999964179,2.5830000000000837,1.4163999999761927,0.6163999999761245,0.7163999999761472,0.7666000000239137,0.6335000000000264,1.4669999999999845,3.58429999995235,0.8993999999762536,1.1326999999880627,2.41700000000003,0.6498999999761281,0.7501999999881264,2.5338000000118654,0.9668000000119719,2.4667000000476946,1.382400000035659,0.5000999999641635,0.9329999999999927,0.633699999988039,0.583399999976109,1.2328000000119346,0.6168999999762264,0.8505000000000109,0.9829999999999472,1.3665999999641372,0.6171999999880882,1.533099999964179,1.8828000000119118,3.9836000000237846,1.0158999999761136,1.8835000000000264,3.63279999995234,0.9328999999762573]","[1.3832000000476796,1.1333000000119,0.7671999999881223,0.966400000035776,1.5998999999761736,6.883199999988108,1.0830999999641904,1.2165999999642167,1.0166000000238,0.8165999999642395,1.30030000001193,0.5838000000119337,0.9336000000238869,0.9331999999880622,1.083500000000015,0.7333000000119227,2.4165999999642622,0.7835000000000036,0.767100000023845,0.5329000000357382,3.233699999988062,0.783099999964179,2.583099999964247,1.4163999999761927,0.6163999999761245,0.7163999999761472,0.7666000000239137,0.6335000000000264,1.4669999999999845,3.58429999995235,0.8994999999999891,1.1328000000119118,2.41700000000003,0.6498999999761281,0.7501999999881264,2.5338000000118654,0.9668000000119719,2.4669000000357073,1.3824999999999363,0.5001999999880127,0.9331000000238419,0.6338000000118882,0.583399999976109,1.2328000000119346,0.6168999999762264,0.8505999999642881,0.9829999999999472,1.3665999999641372,0.6171999999880882,1.533099999964179,1.882899999976189,3.9836000000237846,1.0158999999761136,1.8835000000000264,3.63279999995234,0.9330000000001064]",,,0.0,42.0,42.0,23.0,1.0,slang,vslang,question_vocal.png,im_mouth.png,,,,,,
,,,297804,1,21,2023-10-03_11h06.52.330,flesh_expressibility_dutch,2022.2.4,Win32,59.80861244,,,,20.0,2.0,Nederlands,,,,,,Engels,2.0,,0.0,,0.0,,0.0,,0.0,,0.0,,0.0,,0.0,NL,6.0,2.0,2.0,1.0,,sensorypref2,1536.0,864.0,,,,,,,,,,,,,,,,,,,,,,,,,,,,,,,,,,,,22.0,825.6956,56.0,"[1.3832000000476796,1.1333000000119,0.767100000023845,0.966400000035776,1.5997999999523245,6.883199999988108,1.0830999999641904,1.2165999999642167,1.0166000000238,0.8165000000000191,1.30030000001193,0.5838000000119337,0.9336000000238869,0.9331999999880622,1.083500000000015,0.7333000000119227,2.4165999999642622,0.7835000000000036,0.7669999999999959,0.5328000000118891,3.2335999999642127,0.783099999964179,2.5830000000000837,1.4163999999761927,0.6163999999761245,0.7163999999761472,0.7666000000239137,0.6335000000000264,1.4669999999999845,3.58429999995235,0.8993999999762536,1.1326999999880627,2.41700000000003,0.6498999999761281,0.7501999999881264,2.5338000000118654,0.9668000000119719,2.4667000000476946,1.382400000035659,0.5000999999641635,0.9329999999999927,0.633699999988039,0.583399999976109,1.2328000000119346,0.6168999999762264,0.8505000000000109,0.9829999999999472,1.3665999999641372,0.6171999999880882,1.533099999964179,1.8828000000119118,3.9836000000237846,1.0158999999761136,1.8835000000000264,3.63279999995234,0.9328999999762573]","[1.3832000000476796,1.1333000000119,0.7671999999881223,0.966400000035776,1.5998999999761736,6.883199999988108,1.0830999999641904,1.2165999999642167,1.0166000000238,0.8165999999642395,1.30030000001193,0.5838000000119337,0.9336000000238869,0.9331999999880622,1.083500000000015,0.7333000000119227,2.4165999999642622,0.7835000000000036,0.767100000023845,0.5329000000357382,3.233699999988062,0.783099999964179,2.583099999964247,1.4163999999761927,0.6163999999761245,0.7163999999761472,0.7666000000239137,0.6335000000000264,1.4669999999999845,3.58429999995235,0.8994999999999891,1.1328000000119118,2.41700000000003,0.6498999999761281,0.7501999999881264,2.5338000000118654,0.9668000000119719,2.4669000000357073,1.3824999999999363,0.5001999999880127,0.9331000000238419,0.6338000000118882,0.583399999976109,1.2328000000119346,0.6168999999762264,0.8505999999642881,0.9829999999999472,1.3665999999641372,0.6171999999880882,1.533099999964179,1.882899999976189,3.9836000000237846,1.0158999999761136,1.8835000000000264,3.63279999995234,0.9330000000001064]",,,0.0,43.0,43.0,2.0,1.0,luidruchtig,vluidruchtig,question_vocal.png,im_mouth.png,,,,,,
,,,297804,1,21,2023-10-03_11h06.52.330,flesh_expressibility_dutch,2022.2.4,Win32,59.80861244,,,,20.0,2.0,Nederlands,,,,,,Engels,2.0,,0.0,,0.0,,0.0,,0.0,,0.0,,0.0,,0.0,NL,6.0,2.0,2.0,1.0,,sensorypref2,1536.0,864.0,,,,,,,,,,,,,,,,,,,,,,,,,,,,,,,,,,,,21.0,826.7195,57.0,"[1.3832000000476796,1.1333000000119,0.767100000023845,0.966400000035776,1.5997999999523245,6.883199999988108,1.0830999999641904,1.2165999999642167,1.0166000000238,0.8165000000000191,1.30030000001193,0.5838000000119337,0.9336000000238869,0.9331999999880622,1.083500000000015,0.7333000000119227,2.4165999999642622,0.7835000000000036,0.7669999999999959,0.5328000000118891,3.2335999999642127,0.783099999964179,2.5830000000000837,1.4163999999761927,0.6163999999761245,0.7163999999761472,0.7666000000239137,0.6335000000000264,1.4669999999999845,3.58429999995235,0.8993999999762536,1.1326999999880627,2.41700000000003,0.6498999999761281,0.7501999999881264,2.5338000000118654,0.9668000000119719,2.4667000000476946,1.382400000035659,0.5000999999641635,0.9329999999999927,0.633699999988039,0.583399999976109,1.2328000000119346,0.6168999999762264,0.8505000000000109,0.9829999999999472,1.3665999999641372,0.6171999999880882,1.533099999964179,1.8828000000119118,3.9836000000237846,1.0158999999761136,1.8835000000000264,3.63279999995234,0.9328999999762573,1.2498000000119873]","[1.3832000000476796,1.1333000000119,0.7671999999881223,0.966400000035776,1.5998999999761736,6.883199999988108,1.0830999999641904,1.2165999999642167,1.0166000000238,0.8165999999642395,1.30030000001193,0.5838000000119337,0.9336000000238869,0.9331999999880622,1.083500000000015,0.7333000000119227,2.4165999999642622,0.7835000000000036,0.767100000023845,0.5329000000357382,3.233699999988062,0.783099999964179,2.583099999964247,1.4163999999761927,0.6163999999761245,0.7163999999761472,0.7666000000239137,0.6335000000000264,1.4669999999999845,3.58429999995235,0.8994999999999891,1.1328000000119118,2.41700000000003,0.6498999999761281,0.7501999999881264,2.5338000000118654,0.9668000000119719,2.4669000000357073,1.3824999999999363,0.5001999999880127,0.9331000000238419,0.6338000000118882,0.583399999976109,1.2328000000119346,0.6168999999762264,0.8505999999642881,0.9829999999999472,1.3665999999641372,0.6171999999880882,1.533099999964179,1.882899999976189,3.9836000000237846,1.0158999999761136,1.8835000000000264,3.63279999995234,0.9330000000001064,1.2498000000119873]",-0.314814815,51.8032,0.0,44.0,44.0,183.0,1.0,jij,vjij,question_vocal.png,im_mouth.png,,,,,,
,,,297804,1,21,2023-10-03_11h06.52.330,flesh_expressibility_dutch,2022.2.4,Win32,59.80861244,,,,20.0,2.0,Nederlands,,,,,,Engels,2.0,,0.0,,0.0,,0.0,,0.0,,0.0,,0.0,,0.0,NL,6.0,2.0,2.0,1.0,,sensorypref2,1536.0,864.0,,,,,,,,,,,,,,,,,,,,,,,,,,,,,,,,,,,,22.0,879.7627,57.0,"[1.3832000000476796,1.1333000000119,0.767100000023845,0.966400000035776,1.5997999999523245,6.883199999988108,1.0830999999641904,1.2165999999642167,1.0166000000238,0.8165000000000191,1.30030000001193,0.5838000000119337,0.9336000000238869,0.9331999999880622,1.083500000000015,0.7333000000119227,2.4165999999642622,0.7835000000000036,0.7669999999999959,0.5328000000118891,3.2335999999642127,0.783099999964179,2.5830000000000837,1.4163999999761927,0.6163999999761245,0.7163999999761472,0.7666000000239137,0.6335000000000264,1.4669999999999845,3.58429999995235,0.8993999999762536,1.1326999999880627,2.41700000000003,0.6498999999761281,0.7501999999881264,2.5338000000118654,0.9668000000119719,2.4667000000476946,1.382400000035659,0.5000999999641635,0.9329999999999927,0.633699999988039,0.583399999976109,1.2328000000119346,0.6168999999762264,0.8505000000000109,0.9829999999999472,1.3665999999641372,0.6171999999880882,1.533099999964179,1.8828000000119118,3.9836000000237846,1.0158999999761136,1.8835000000000264,3.63279999995234,0.9328999999762573,1.2498000000119873]","[1.3832000000476796,1.1333000000119,0.7671999999881223,0.966400000035776,1.5998999999761736,6.883199999988108,1.0830999999641904,1.2165999999642167,1.0166000000238,0.8165999999642395,1.30030000001193,0.5838000000119337,0.9336000000238869,0.9331999999880622,1.083500000000015,0.7333000000119227,2.4165999999642622,0.7835000000000036,0.767100000023845,0.5329000000357382,3.233699999988062,0.783099999964179,2.583099999964247,1.4163999999761927,0.6163999999761245,0.7163999999761472,0.7666000000239137,0.6335000000000264,1.4669999999999845,3.58429999995235,0.8994999999999891,1.1328000000119118,2.41700000000003,0.6498999999761281,0.7501999999881264,2.5338000000118654,0.9668000000119719,2.4669000000357073,1.3824999999999363,0.5001999999880127,0.9331000000238419,0.6338000000118882,0.583399999976109,1.2328000000119346,0.6168999999762264,0.8505999999642881,0.9829999999999472,1.3665999999641372,0.6171999999880882,1.533099999964179,1.882899999976189,3.9836000000237846,1.0158999999761136,1.8835000000000264,3.63279999995234,0.9330000000001064,1.2498000000119873]",,,0.0,45.0,45.0,146.0,1.0,nemen,vnemen,question_vocal.png,im_mouth.png,,,,,,
,,,297804,1,21,2023-10-03_11h06.52.330,flesh_expressibility_dutch,2022.2.4,Win32,59.80861244,,,,20.0,2.0,Nederlands,,,,,,Engels,2.0,,0.0,,0.0,,0.0,,0.0,,0.0,,0.0,,0.0,NL,6.0,2.0,2.0,1.0,,sensorypref2,1536.0,864.0,,,,,,,,,,,,,,,,,,,,,,,,,,,,,,,,,,,,21.0,880.7873,58.0,"[1.3832000000476796,1.1333000000119,0.767100000023845,0.966400000035776,1.5997999999523245,6.883199999988108,1.0830999999641904,1.2165999999642167,1.0166000000238,0.8165000000000191,1.30030000001193,0.5838000000119337,0.9336000000238869,0.9331999999880622,1.083500000000015,0.7333000000119227,2.4165999999642622,0.7835000000000036,0.7669999999999959,0.5328000000118891,3.2335999999642127,0.783099999964179,2.5830000000000837,1.4163999999761927,0.6163999999761245,0.7163999999761472,0.7666000000239137,0.6335000000000264,1.4669999999999845,3.58429999995235,0.8993999999762536,1.1326999999880627,2.41700000000003,0.6498999999761281,0.7501999999881264,2.5338000000118654,0.9668000000119719,2.4667000000476946,1.382400000035659,0.5000999999641635,0.9329999999999927,0.633699999988039,0.583399999976109,1.2328000000119346,0.6168999999762264,0.8505000000000109,0.9829999999999472,1.3665999999641372,0.6171999999880882,1.533099999964179,1.8828000000119118,3.9836000000237846,1.0158999999761136,1.8835000000000264,3.63279999995234,0.9328999999762573,1.2498000000119873,1.0836999999880845]","[1.3832000000476796,1.1333000000119,0.7671999999881223,0.966400000035776,1.5998999999761736,6.883199999988108,1.0830999999641904,1.2165999999642167,1.0166000000238,0.8165999999642395,1.30030000001193,0.5838000000119337,0.9336000000238869,0.9331999999880622,1.083500000000015,0.7333000000119227,2.4165999999642622,0.7835000000000036,0.767100000023845,0.5329000000357382,3.233699999988062,0.783099999964179,2.583099999964247,1.4163999999761927,0.6163999999761245,0.7163999999761472,0.7666000000239137,0.6335000000000264,1.4669999999999845,3.58429999995235,0.8994999999999891,1.1328000000119118,2.41700000000003,0.6498999999761281,0.7501999999881264,2.5338000000118654,0.9668000000119719,2.4669000000357073,1.3824999999999363,0.5001999999880127,0.9331000000238419,0.6338000000118882,0.583399999976109,1.2328000000119346,0.6168999999762264,0.8505999999642881,0.9829999999999472,1.3665999999641372,0.6171999999880882,1.533099999964179,1.882899999976189,3.9836000000237846,1.0158999999761136,1.8835000000000264,3.63279999995234,0.9330000000001064,1.2498000000119873,1.0836999999880845]",-0.696296268,3.2864,0.0,46.0,46.0,17.0,1.0,verschillend,vverschillend,question_vocal.png,im_mouth.png,,,,,,
,,,297804,1,21,2023-10-03_11h06.52.330,flesh_expressibility_dutch,2022.2.4,Win32,59.80861244,,,,20.0,2.0,Nederlands,,,,,,Engels,2.0,,0.0,,0.0,,0.0,,0.0,,0.0,,0.0,,0.0,NL,6.0,2.0,2.0,1.0,,sensorypref2,1536.0,864.0,,,,,,,,,,,,,,,,,,,,,,,,,,,,,,,,,,,,22.0,885.6005,58.0,"[1.3832000000476796,1.1333000000119,0.767100000023845,0.966400000035776,1.5997999999523245,6.883199999988108,1.0830999999641904,1.2165999999642167,1.0166000000238,0.8165000000000191,1.30030000001193,0.5838000000119337,0.9336000000238869,0.9331999999880622,1.083500000000015,0.7333000000119227,2.4165999999642622,0.7835000000000036,0.7669999999999959,0.5328000000118891,3.2335999999642127,0.783099999964179,2.5830000000000837,1.4163999999761927,0.6163999999761245,0.7163999999761472,0.7666000000239137,0.6335000000000264,1.4669999999999845,3.58429999995235,0.8993999999762536,1.1326999999880627,2.41700000000003,0.6498999999761281,0.7501999999881264,2.5338000000118654,0.9668000000119719,2.4667000000476946,1.382400000035659,0.5000999999641635,0.9329999999999927,0.633699999988039,0.583399999976109,1.2328000000119346,0.6168999999762264,0.8505000000000109,0.9829999999999472,1.3665999999641372,0.6171999999880882,1.533099999964179,1.8828000000119118,3.9836000000237846,1.0158999999761136,1.8835000000000264,3.63279999995234,0.9328999999762573,1.2498000000119873,1.0836999999880845]","[1.3832000000476796,1.1333000000119,0.7671999999881223,0.966400000035776,1.5998999999761736,6.883199999988108,1.0830999999641904,1.2165999999642167,1.0166000000238,0.8165999999642395,1.30030000001193,0.5838000000119337,0.9336000000238869,0.9331999999880622,1.083500000000015,0.7333000000119227,2.4165999999642622,0.7835000000000036,0.767100000023845,0.5329000000357382,3.233699999988062,0.783099999964179,2.583099999964247,1.4163999999761927,0.6163999999761245,0.7163999999761472,0.7666000000239137,0.6335000000000264,1.4669999999999845,3.58429999995235,0.8994999999999891,1.1328000000119118,2.41700000000003,0.6498999999761281,0.7501999999881264,2.5338000000118654,0.9668000000119719,2.4669000000357073,1.3824999999999363,0.5001999999880127,0.9331000000238419,0.6338000000118882,0.583399999976109,1.2328000000119346,0.6168999999762264,0.8505999999642881,0.9829999999999472,1.3665999999641372,0.6171999999880882,1.533099999964179,1.882899999976189,3.9836000000237846,1.0158999999761136,1.8835000000000264,3.63279999995234,0.9330000000001064,1.2498000000119873,1.0836999999880845]",,,0.0,47.0,47.0,151.0,1.0,drinken,vdrinken,question_vocal.png,im_mouth.png,,,,,,
,,,297804,1,21,2023-10-03_11h06.52.330,flesh_expressibility_dutch,2022.2.4,Win32,59.80861244,,,,20.0,2.0,Nederlands,,,,,,Engels,2.0,,0.0,,0.0,,0.0,,0.0,,0.0,,0.0,,0.0,NL,6.0,2.0,2.0,1.0,,sensorypref2,1536.0,864.0,,,,,,,,,,,,,,,,,,,,,,,,,,,,,,,,,,,,22.0,886.9317,58.0,"[1.3832000000476796,1.1333000000119,0.767100000023845,0.966400000035776,1.5997999999523245,6.883199999988108,1.0830999999641904,1.2165999999642167,1.0166000000238,0.8165000000000191,1.30030000001193,0.5838000000119337,0.9336000000238869,0.9331999999880622,1.083500000000015,0.7333000000119227,2.4165999999642622,0.7835000000000036,0.7669999999999959,0.5328000000118891,3.2335999999642127,0.783099999964179,2.5830000000000837,1.4163999999761927,0.6163999999761245,0.7163999999761472,0.7666000000239137,0.6335000000000264,1.4669999999999845,3.58429999995235,0.8993999999762536,1.1326999999880627,2.41700000000003,0.6498999999761281,0.7501999999881264,2.5338000000118654,0.9668000000119719,2.4667000000476946,1.382400000035659,0.5000999999641635,0.9329999999999927,0.633699999988039,0.583399999976109,1.2328000000119346,0.6168999999762264,0.8505000000000109,0.9829999999999472,1.3665999999641372,0.6171999999880882,1.533099999964179,1.8828000000119118,3.9836000000237846,1.0158999999761136,1.8835000000000264,3.63279999995234,0.9328999999762573,1.2498000000119873,1.0836999999880845]","[1.3832000000476796,1.1333000000119,0.7671999999881223,0.966400000035776,1.5998999999761736,6.883199999988108,1.0830999999641904,1.2165999999642167,1.0166000000238,0.8165999999642395,1.30030000001193,0.5838000000119337,0.9336000000238869,0.9331999999880622,1.083500000000015,0.7333000000119227,2.4165999999642622,0.7835000000000036,0.767100000023845,0.5329000000357382,3.233699999988062,0.783099999964179,2.583099999964247,1.4163999999761927,0.6163999999761245,0.7163999999761472,0.7666000000239137,0.6335000000000264,1.4669999999999845,3.58429999995235,0.8994999999999891,1.1328000000119118,2.41700000000003,0.6498999999761281,0.7501999999881264,2.5338000000118654,0.9668000000119719,2.4669000000357073,1.3824999999999363,0.5001999999880127,0.9331000000238419,0.6338000000118882,0.583399999976109,1.2328000000119346,0.6168999999762264,0.8505999999642881,0.9829999999999472,1.3665999999641372,0.6171999999880882,1.533099999964179,1.882899999976189,3.9836000000237846,1.0158999999761136,1.8835000000000264,3.63279999995234,0.9330000000001064,1.2498000000119873,1.0836999999880845]",,,0.0,48.0,48.0,24.0,1.0,levend,vlevend,question_vocal.png,im_mouth.png,,,,,,
,,,297804,1,21,2023-10-03_11h06.52.330,flesh_expressibility_dutch,2022.2.4,Win32,59.80861244,,,,20.0,2.0,Nederlands,,,,,,Engels,2.0,,0.0,,0.0,,0.0,,0.0,,0.0,,0.0,,0.0,NL,6.0,2.0,2.0,1.0,,sensorypref2,1536.0,864.0,,,,,,,,,,,,,,,,,,,,,,,,,,,,,,,,,,,,21.0,888.1601,59.0,"[1.3832000000476796,1.1333000000119,0.767100000023845,0.966400000035776,1.5997999999523245,6.883199999988108,1.0830999999641904,1.2165999999642167,1.0166000000238,0.8165000000000191,1.30030000001193,0.5838000000119337,0.9336000000238869,0.9331999999880622,1.083500000000015,0.7333000000119227,2.4165999999642622,0.7835000000000036,0.7669999999999959,0.5328000000118891,3.2335999999642127,0.783099999964179,2.5830000000000837,1.4163999999761927,0.6163999999761245,0.7163999999761472,0.7666000000239137,0.6335000000000264,1.4669999999999845,3.58429999995235,0.8993999999762536,1.1326999999880627,2.41700000000003,0.6498999999761281,0.7501999999881264,2.5338000000118654,0.9668000000119719,2.4667000000476946,1.382400000035659,0.5000999999641635,0.9329999999999927,0.633699999988039,0.583399999976109,1.2328000000119346,0.6168999999762264,0.8505000000000109,0.9829999999999472,1.3665999999641372,0.6171999999880882,1.533099999964179,1.8828000000119118,3.9836000000237846,1.0158999999761136,1.8835000000000264,3.63279999995234,0.9328999999762573,1.2498000000119873,1.0836999999880845,1.5165999999642281]","[1.3832000000476796,1.1333000000119,0.7671999999881223,0.966400000035776,1.5998999999761736,6.883199999988108,1.0830999999641904,1.2165999999642167,1.0166000000238,0.8165999999642395,1.30030000001193,0.5838000000119337,0.9336000000238869,0.9331999999880622,1.083500000000015,0.7333000000119227,2.4165999999642622,0.7835000000000036,0.767100000023845,0.5329000000357382,3.233699999988062,0.783099999964179,2.583099999964247,1.4163999999761927,0.6163999999761245,0.7163999999761472,0.7666000000239137,0.6335000000000264,1.4669999999999845,3.58429999995235,0.8994999999999891,1.1328000000119118,2.41700000000003,0.6498999999761281,0.7501999999881264,2.5338000000118654,0.9668000000119719,2.4669000000357073,1.3824999999999363,0.5001999999880127,0.9331000000238419,0.6338000000118882,0.583399999976109,1.2328000000119346,0.6168999999762264,0.8505999999642881,0.9829999999999472,1.3665999999641372,0.6171999999880882,1.533099999964179,1.882899999976189,3.9836000000237846,1.0158999999761136,1.8835000000000264,3.63279999995234,0.9330000000001064,1.2498000000119873,1.0836999999880845,1.5166999999880773]",-0.837037051,6.0021,0.0,49.0,49.0,61.0,1.0,laag (ruimtelijk),vlaag (ruimtelijk),question_vocal.png,im_mouth.png,,,,,,
,,,297804,1,21,2023-10-03_11h06.52.330,flesh_expressibility_dutch,2022.2.4,Win32,59.80861244,,,,20.0,2.0,Nederlands,,,,,,Engels,2.0,,0.0,,0.0,,0.0,,0.0,,0.0,,0.0,,0.0,NL,6.0,2.0,2.0,1.0,,sensorypref2,1536.0,864.0,,,,,,,,,,,,,,,,,,,,,,,,,,,,,,,,,,,,22.0,895.4299,59.0,"[1.3832000000476796,1.1333000000119,0.767100000023845,0.966400000035776,1.5997999999523245,6.883199999988108,1.0830999999641904,1.2165999999642167,1.0166000000238,0.8165000000000191,1.30030000001193,0.5838000000119337,0.9336000000238869,0.9331999999880622,1.083500000000015,0.7333000000119227,2.4165999999642622,0.7835000000000036,0.7669999999999959,0.5328000000118891,3.2335999999642127,0.783099999964179,2.5830000000000837,1.4163999999761927,0.6163999999761245,0.7163999999761472,0.7666000000239137,0.6335000000000264,1.4669999999999845,3.58429999995235,0.8993999999762536,1.1326999999880627,2.41700000000003,0.6498999999761281,0.7501999999881264,2.5338000000118654,0.9668000000119719,2.4667000000476946,1.382400000035659,0.5000999999641635,0.9329999999999927,0.633699999988039,0.583399999976109,1.2328000000119346,0.6168999999762264,0.8505000000000109,0.9829999999999472,1.3665999999641372,0.6171999999880882,1.533099999964179,1.8828000000119118,3.9836000000237846,1.0158999999761136,1.8835000000000264,3.63279999995234,0.9328999999762573,1.2498000000119873,1.0836999999880845,1.5165999999642281]","[1.3832000000476796,1.1333000000119,0.7671999999881223,0.966400000035776,1.5998999999761736,6.883199999988108,1.0830999999641904,1.2165999999642167,1.0166000000238,0.8165999999642395,1.30030000001193,0.5838000000119337,0.9336000000238869,0.9331999999880622,1.083500000000015,0.7333000000119227,2.4165999999642622,0.7835000000000036,0.767100000023845,0.5329000000357382,3.233699999988062,0.783099999964179,2.583099999964247,1.4163999999761927,0.6163999999761245,0.7163999999761472,0.7666000000239137,0.6335000000000264,1.4669999999999845,3.58429999995235,0.8994999999999891,1.1328000000119118,2.41700000000003,0.6498999999761281,0.7501999999881264,2.5338000000118654,0.9668000000119719,2.4669000000357073,1.3824999999999363,0.5001999999880127,0.9331000000238419,0.6338000000118882,0.583399999976109,1.2328000000119346,0.6168999999762264,0.8505999999642881,0.9829999999999472,1.3665999999641372,0.6171999999880882,1.533099999964179,1.882899999976189,3.9836000000237846,1.0158999999761136,1.8835000000000264,3.63279999995234,0.9330000000001064,1.2498000000119873,1.0836999999880845,1.5166999999880773]",,,0.0,50.0,50.0,176.0,1.0,wijd,vwijd,question_vocal.png,im_mouth.png,,,,,,
,,,297804,1,21,2023-10-03_11h06.52.330,flesh_expressibility_dutch,2022.2.4,Win32,59.80861244,,,,20.0,2.0,Nederlands,,,,,,Engels,2.0,,0.0,,0.0,,0.0,,0.0,,0.0,,0.0,,0.0,NL,6.0,2.0,2.0,1.0,,sensorypref2,1536.0,864.0,,,,,,,,,,,,,,,,,,,,,,,,,,,,,,,,,,,,21.0,896.455,60.0,"[1.3832000000476796,1.1333000000119,0.767100000023845,0.966400000035776,1.5997999999523245,6.883199999988108,1.0830999999641904,1.2165999999642167,1.0166000000238,0.8165000000000191,1.30030000001193,0.5838000000119337,0.9336000000238869,0.9331999999880622,1.083500000000015,0.7333000000119227,2.4165999999642622,0.7835000000000036,0.7669999999999959,0.5328000000118891,3.2335999999642127,0.783099999964179,2.5830000000000837,1.4163999999761927,0.6163999999761245,0.7163999999761472,0.7666000000239137,0.6335000000000264,1.4669999999999845,3.58429999995235,0.8993999999762536,1.1326999999880627,2.41700000000003,0.6498999999761281,0.7501999999881264,2.5338000000118654,0.9668000000119719,2.4667000000476946,1.382400000035659,0.5000999999641635,0.9329999999999927,0.633699999988039,0.583399999976109,1.2328000000119346,0.6168999999762264,0.8505000000000109,0.9829999999999472,1.3665999999641372,0.6171999999880882,1.533099999964179,1.8828000000119118,3.9836000000237846,1.0158999999761136,1.8835000000000264,3.63279999995234,0.9328999999762573,1.2498000000119873,1.0836999999880845,1.5165999999642281,1.0335999999642809]","[1.3832000000476796,1.1333000000119,0.7671999999881223,0.966400000035776,1.5998999999761736,6.883199999988108,1.0830999999641904,1.2165999999642167,1.0166000000238,0.8165999999642395,1.30030000001193,0.5838000000119337,0.9336000000238869,0.9331999999880622,1.083500000000015,0.7333000000119227,2.4165999999642622,0.7835000000000036,0.767100000023845,0.5329000000357382,3.233699999988062,0.783099999964179,2.583099999964247,1.4163999999761927,0.6163999999761245,0.7163999999761472,0.7666000000239137,0.6335000000000264,1.4669999999999845,3.58429999995235,0.8994999999999891,1.1328000000119118,2.41700000000003,0.6498999999761281,0.7501999999881264,2.5338000000118654,0.9668000000119719,2.4669000000357073,1.3824999999999363,0.5001999999880127,0.9331000000238419,0.6338000000118882,0.583399999976109,1.2328000000119346,0.6168999999762264,0.8505999999642881,0.9829999999999472,1.3665999999641372,0.6171999999880882,1.533099999964179,1.882899999976189,3.9836000000237846,1.0158999999761136,1.8835000000000264,3.63279999995234,0.9330000000001064,1.2498000000119873,1.0836999999880845,1.5166999999880773,1.0335999999642809]",0.553703732,4.4059,0.0,51.0,51.0,9.0,1.0,kotsen,vkotsen,question_vocal.png,im_mouth.png,,,,,,
,,,297804,1,21,2023-10-03_11h06.52.330,flesh_expressibility_dutch,2022.2.4,Win32,59.80861244,,,,20.0,2.0,Nederlands,,,,,,Engels,2.0,,0.0,,0.0,,0.0,,0.0,,0.0,,0.0,,0.0,NL,6.0,2.0,2.0,1.0,,sensorypref2,1536.0,864.0,,,,,,,,,,,,,,,,,,,,,,,,,,,,,,,,,,,,,,,,,,,,,,,,,,,,,,,,,
,,,297804,1,21,2023-10-03_11h06.52.330,flesh_expressibility_dutch,2022.2.4,Win32,59.80861244,,,,20.0,2.0,Nederlands,,,,,,Engels,2.0,,0.0,,0.0,,0.0,,0.0,,0.0,,0.0,,0.0,NL,6.0,2.0,2.0,1.0,,sensorypref2,1536.0,864.0,,,,,,,,,,,,,,,,,,,,,,,,,,,,,,,,,,,,,,,,,,,,,,,,,,,,1.0,,,,,
,,,297804,1,21,2023-10-03_11h06.52.330,flesh_expressibility_dutch,2022.2.4,Win32,59.80861244,,,,20.0,2.0,Nederlands,,,,,,Engels,2.0,,0.0,,0.0,,0.0,,0.0,,0.0,,0.0,,0.0,NL,6.0,2.0,2.0,1.0,,sensorypref2,1536.0,864.0,,,,,,,,,,,,,,,,,,,,,,,,,,,,,,,,,,,,,,,,,,,,,,,,,,,,1.0,,,,,
,,,297804,1,21,2023-10-03_11h06.52.330,flesh_expressibility_dutch,2022.2.4,Win32,59.80861244,,,,20.0,2.0,Nederlands,,,,,,Engels,2.0,,0.0,,0.0,,0.0,,0.0,,0.0,,0.0,,0.0,NL,6.0,2.0,2.0,1.0,,sensorypref2,1536.0,864.0,,,,,,,,,,,,,,,,,,,,,,,,,,,,,,,,,,,,,,,,,,,,,,,,,,,,1.0,,,1.0,[913.2668999999762],[913.267]
