welcome_weiter.numClicks,welcome_weiter.timesOn,welcome_weiter.timesOff,exp_ID,session,presentation limit,date,expName,psychopyVersion,OS,frameRate,introduction_weiter.numClicks,introduction_weiter.timesOn,introduction_weiter.timesOff,age,gender,natlang1,natlang2,natlang3,natlang4,natlang5,natlang6,lang1,proficiency1,lang2,proficiency2,lang3,proficiency3,lang4,proficiency4,lang5,proficiency5,lang6,proficiency6,lang7,proficiency7,lang8,proficiency8,country,education,dyslexia,mobility,currentloc,radio-for-required-checkboxes,sensorypref1,sensorypref2,xRes,yRes,sensorypref[],sensorypref3,sensorypref4,practice_weiter.numClicks,practice_weiter.timesOn,practice_weiter.timesOff,pr_message_weiter.numClicks,pr_message_weiter.timesOn,pr_message_weiter.timesOff,pr_remember_weiter.numClicks,pr_remember_weiter.timesOn,pr_remember_weiter.timesOff,button_weiter.numClicks,button_weiter.timesOn,button_weiter.timesOff,pr_expressibility.response,pr_expressibility.rt,practice_trials.thisRepN,practice_trials.thisTrialN,practice_trials.thisN,practice_trials.thisIndex,practice_trials.ran,pr_word,pr_question,pr_image,start_weiter.numClicks,start_weiter.timesOn,start_weiter.timesOff,message_weiter.numClicks,message_weiter.timesOn,message_weiter.timesOff,trial_remember_weiter.numClicks,trial_remember_weiter.timesOn,trial_remember_weiter.timesOff,Count,Shelf time,trial_button_weiter.numClicks,trial_button_weiter.timesOn,trial_button_weiter.timesOff,expressibility.response,expressibility.rt,trials.thisRepN,trials.thisTrialN,trials.thisN,trials.thisIndex,trials.ran,word,fordict,question,trial_img,problem,problem_text,comment_text,end_experiment.numClicks,end_experiment.timesOn,end_experiment.timesOff
1.0,[3.9405],[3.9405],348676,1,21,2023-10-02_21h26.35.284,flesh_expressibility_dutch,2022.2.4,Win32,60.15399423,,,,,,,,,,,,,,,,,,,,,,,,,,,,,,,,,,,,,,,,,,,,,,,,,,,,,,,,,,,,,,,,,,,,,,,,,,,,,,,,,,,,,,,,,,,,,
,,,348676,1,21,2023-10-02_21h26.35.284,flesh_expressibility_dutch,2022.2.4,Win32,60.15399423,,,,,,,,,,,,,,,,,,,,,,,,,,,,,,,,,,,,,,,,,,,,,,,,,,,,,,,,,,,,,,,,,,,,,,,,,,,,,,,,,,,,,,,,,,,,,
,,,348676,1,21,2023-10-02_21h26.35.284,flesh_expressibility_dutch,2022.2.4,Win32,60.15399423,1.0,[12.063300000011917],[12.063300000011917],,,,,,,,,,,,,,,,,,,,,,,,,,,,,,,,,,,,,,,,,,,,,,,,,,,,,,,,,,,,,,,,,,,,,,,,,,,,,,,,,,,,,,,,,,
,,,348676,1,21,2023-10-02_21h26.35.284,flesh_expressibility_dutch,2022.2.4,Win32,60.15399423,,,,,,,,,,,,,,,,,,,,,,,,,,,,,,,,,,,,,,,,,,,,,,,,,,,,,,,,,,,,,,,,,,,,,,,,,,,,,,,,,,,,,,,,,,,,,
,,,348676,1,21,2023-10-02_21h26.35.284,flesh_expressibility_dutch,2022.2.4,Win32,60.15399423,,,,18.0,1.0,Nederlands,,,,,,Engels,2.0,Duits,1.0,,0.0,,0.0,,0.0,,0.0,,0.0,,0.0,NL,2.0,2.0,2.0,1.0,on,sensorypref1,sensorypref2,1536.0,864.0,,,,,,,,,,,,,,,,,,,,,,,,,,,,,,,,,,,,,,,,,,,,,,,,,,,,,,,,
,,,348676,1,21,2023-10-02_21h26.35.284,flesh_expressibility_dutch,2022.2.4,Win32,60.15399423,,,,18.0,1.0,Nederlands,,,,,,Engels,2.0,Duits,1.0,,0.0,,0.0,,0.0,,0.0,,0.0,,0.0,NL,2.0,2.0,2.0,1.0,,sensorypref1,sensorypref2,1536.0,864.0,,,,1.0,[82.16360000002385],[82.16380000001192],,,,,,,,,,,,,,,,,,,,,,,,,,,,,,,,,,,,,,,,,,,,,,,,,,
,,,348676,1,21,2023-10-02_21h26.35.284,flesh_expressibility_dutch,2022.2.4,Win32,60.15399423,,,,18.0,1.0,Nederlands,,,,,,Engels,2.0,Duits,1.0,,0.0,,0.0,,0.0,,0.0,,0.0,,0.0,NL,2.0,2.0,2.0,1.0,,sensorypref1,sensorypref2,1536.0,864.0,,,,,,,,,,,,,,,,,,,,,,,,,,,,,,,,,,,,,,,,,,,,,,,,,,,,,,,,
,,,348676,1,21,2023-10-02_21h26.35.284,flesh_expressibility_dutch,2022.2.4,Win32,60.15399423,,,,18.0,1.0,Nederlands,,,,,,Engels,2.0,Duits,1.0,,0.0,,0.0,,0.0,,0.0,,0.0,,0.0,NL,2.0,2.0,2.0,1.0,,sensorypref1,sensorypref2,1536.0,864.0,,,,,,,1.0,[95.96480000001192],[95.96480000001192],1.0,[106.02679999995232],[106.02679999995232],1.0,[1.3818000000119355],[1.3818000000119355],0.825926039,3.4245,0.0,0.0,0.0,1.0,1.0,leeuw,question_multimodal.png,im_combination.png,,,,,,,,,,,,,,,,,,,,,,,,,,,,,,,
,,,348676,1,21,2023-10-02_21h26.35.284,flesh_expressibility_dutch,2022.2.4,Win32,60.15399423,,,,18.0,1.0,Nederlands,,,,,,Engels,2.0,Duits,1.0,,0.0,,0.0,,0.0,,0.0,,0.0,,0.0,NL,2.0,2.0,2.0,1.0,,sensorypref1,sensorypref2,1536.0,864.0,,,,,,,,,,,,,2.0,"[1.3818000000119355,0.9989000000357748]","[1.3818000000119355,0.9989000000357748]",0.918518632,6.3805,0.0,1.0,1.0,0.0,1.0,koken,question_multimodal.png,im_combination.png,,,,,,,,,,,,,,,,,,,,,,,,,,,,,,,
,,,348676,1,21,2023-10-02_21h26.35.284,flesh_expressibility_dutch,2022.2.4,Win32,60.15399423,,,,18.0,1.0,Nederlands,,,,,,Engels,2.0,Duits,1.0,,0.0,,0.0,,0.0,,0.0,,0.0,,0.0,NL,2.0,2.0,2.0,1.0,,sensorypref1,sensorypref2,1536.0,864.0,,,,,,,2.0,"[95.96480000001192,128.91739999997617]","[95.96480000001192,128.91739999997617]",2.0,"[106.02679999995232,131.89659999996422]","[106.02679999995232,131.89669999998807]",3.0,"[1.3818000000119355,0.9989000000357748,0.6491999999880989]","[1.3818000000119355,0.9989000000357748,0.6491999999880989]",-0.707407422,12.743,0.0,0.0,0.0,0.0,1.0,liefde,question_vocal.png,im_mouth.png,,,,,,,,,,,,,,,,,,,,,,,,,,,,,,,
,,,348676,1,21,2023-10-02_21h26.35.284,flesh_expressibility_dutch,2022.2.4,Win32,60.15399423,,,,18.0,1.0,Nederlands,,,,,,Engels,2.0,Duits,1.0,,0.0,,0.0,,0.0,,0.0,,0.0,,0.0,NL,2.0,2.0,2.0,1.0,,sensorypref1,sensorypref2,1536.0,864.0,,,,,,,,,,,,,4.0,"[1.3818000000119355,0.9989000000357748,0.6491999999880989,1.3818999999761559]","[1.3818000000119355,0.9989000000357748,0.6491999999880989,1.3819999999999766]",0.461111139,12.495,0.0,1.0,1.0,1.0,1.0,moe,question_vocal.png,im_mouth.png,,,,,,,,,,,,,,,,,,,,,,,,,,,,,,,
,,,348676,1,21,2023-10-02_21h26.35.284,flesh_expressibility_dutch,2022.2.4,Win32,60.15399423,,,,18.0,1.0,Nederlands,,,,,,Engels,2.0,Duits,1.0,,0.0,,0.0,,0.0,,0.0,,0.0,,0.0,NL,2.0,2.0,2.0,1.0,,sensorypref1,sensorypref2,1536.0,864.0,,,,,,,3.0,"[95.96480000001192,128.91739999997617,165.79960000002384]","[95.96480000001192,128.91739999997617,165.79960000002384]",3.0,"[106.02679999995232,131.89659999996422,167.68009999996423]","[106.02679999995232,131.89669999998807,167.68009999996423]",5.0,"[1.3818000000119355,0.9989000000357748,0.6491999999880989,1.3818999999761559,0.9153999999761595]","[1.3818000000119355,0.9989000000357748,0.6491999999880989,1.3819999999999766,0.9153999999761595]",0.264814871,7.2944,0.0,0.0,0.0,1.0,1.0,auto,question_gesture.png,im_hand.png,,,,,,,,,,,,,,,,,,,,,,,,,,,,,,,
,,,348676,1,21,2023-10-02_21h26.35.284,flesh_expressibility_dutch,2022.2.4,Win32,60.15399423,,,,18.0,1.0,Nederlands,,,,,,Engels,2.0,Duits,1.0,,0.0,,0.0,,0.0,,0.0,,0.0,,0.0,NL,2.0,2.0,2.0,1.0,,sensorypref1,sensorypref2,1536.0,864.0,,,,,,,,,,,,,6.0,"[1.3818000000119355,0.9989000000357748,0.6491999999880989,1.3818999999761559,0.9153999999761595,0.8492999999523363]","[1.3818000000119355,0.9989000000357748,0.6491999999880989,1.3819999999999766,0.9153999999761595,0.8493999999761854]",0.898148148,5.9865,0.0,1.0,1.0,0.0,1.0,baby,question_gesture.png,im_hand.png,,,,,,,,,,,,,,,,,,,,,,,,,,,,,,,
,,,348676,1,21,2023-10-02_21h26.35.284,flesh_expressibility_dutch,2022.2.4,Win32,60.15399423,,,,18.0,1.0,Nederlands,,,,,,Engels,2.0,Duits,1.0,,0.0,,0.0,,0.0,,0.0,,0.0,,0.0,NL,2.0,2.0,2.0,1.0,,sensorypref1,sensorypref2,1536.0,864.0,,,,,,,,,,,,,,,,,,,,,,,,,,1.0,[191.44319999998808],[191.44319999998808],,,,,,,,,,,,,,,,,,,,,,,,,,,,
,,,348676,1,21,2023-10-02_21h26.35.284,flesh_expressibility_dutch,2022.2.4,Win32,60.15399423,,,,18.0,1.0,Nederlands,,,,,,Engels,2.0,Duits,1.0,,0.0,,0.0,,0.0,,0.0,,0.0,,0.0,NL,2.0,2.0,2.0,1.0,,sensorypref1,sensorypref2,1536.0,864.0,,,,,,,,,,,,,,,,,,,,,,,,,,,,,,,,,,,,,,,,,,,,,,,,,,,,,,,,
,,,348676,1,21,2023-10-02_21h26.35.284,flesh_expressibility_dutch,2022.2.4,Win32,60.15399423,,,,18.0,1.0,Nederlands,,,,,,Engels,2.0,Duits,1.0,,0.0,,0.0,,0.0,,0.0,,0.0,,0.0,NL,2.0,2.0,2.0,1.0,,sensorypref1,sensorypref2,1536.0,864.0,,,,,,,,,,,,,,,,,,,,,,,,,,,,,1.0,[195.76330000001195],[195.76330000001195],1.0,[197.1445],[197.1445],21.0,198.5711,1.0,[0.7493999999761627],[0.7493999999761627],-0.635185171,7.0104,0.0,0.0,0.0,75.0,1.0,rond,vrond,question_vocal.png,im_mouth.png,,,,,,
,,,348676,1,21,2023-10-02_21h26.35.284,flesh_expressibility_dutch,2022.2.4,Win32,60.15399423,,,,18.0,1.0,Nederlands,,,,,,Engels,2.0,Duits,1.0,,0.0,,0.0,,0.0,,0.0,,0.0,,0.0,NL,2.0,2.0,2.0,1.0,,sensorypref1,sensorypref2,1536.0,864.0,,,,,,,,,,,,,,,,,,,,,,,,,,,,,,,,,,,21.0,206.289,2.0,"[0.7493999999761627,0.7161000000238289]","[0.7493999999761627,0.7161000000238289]",-0.861111111,7.9137,0.0,1.0,1.0,48.0,1.0,vliegen,vvliegen,question_vocal.png,im_mouth.png,,,,,,
,,,348676,1,21,2023-10-02_21h26.35.284,flesh_expressibility_dutch,2022.2.4,Win32,60.15399423,,,,18.0,1.0,Nederlands,,,,,,Engels,2.0,Duits,1.0,,0.0,,0.0,,0.0,,0.0,,0.0,,0.0,NL,2.0,2.0,2.0,1.0,,sensorypref1,sensorypref2,1536.0,864.0,,,,,,,,,,,,,,,,,,,,,,,,,,,,,,,,,,,21.0,214.9299,3.0,"[0.7493999999761627,0.7161000000238289,0.7828999999761663]","[0.7493999999761627,0.7161000000238289,0.7830000000000155]",-0.985185199,9.836,0.0,2.0,2.0,141.0,1.0,dragen,vdragen,question_vocal.png,im_mouth.png,,,,,,
,,,348676,1,21,2023-10-02_21h26.35.284,flesh_expressibility_dutch,2022.2.4,Win32,60.15399423,,,,18.0,1.0,Nederlands,,,,,,Engels,2.0,Duits,1.0,,0.0,,0.0,,0.0,,0.0,,0.0,,0.0,NL,2.0,2.0,2.0,1.0,,sensorypref1,sensorypref2,1536.0,864.0,,,,,,,,,,,,,,,,,,,,,,,,,,,,,,,,,,,21.0,225.6026,4.0,"[0.7493999999761627,0.7161000000238289,0.7828999999761663,0.6161000000238346]","[0.7493999999761627,0.7161000000238289,0.7830000000000155,0.6162000000476837]",-0.353703675,14.241,0.0,3.0,3.0,160.0,1.0,wie,vwie,question_vocal.png,im_mouth.png,,,,,,
,,,348676,1,21,2023-10-02_21h26.35.284,flesh_expressibility_dutch,2022.2.4,Win32,60.15399423,,,,18.0,1.0,Nederlands,,,,,,Engels,2.0,Duits,1.0,,0.0,,0.0,,0.0,,0.0,,0.0,,0.0,NL,2.0,2.0,2.0,1.0,,sensorypref1,sensorypref2,1536.0,864.0,,,,,,,,,,,,,,,,,,,,,,,,,,,,,,,,,,,21.0,240.455,5.0,"[0.7493999999761627,0.7161000000238289,0.7828999999761663,0.6161000000238346,0.8658000000119159]","[0.7493999999761627,0.7161000000238289,0.7830000000000155,0.6162000000476837,0.8658000000119159]",-0.699999986,10.1866,0.0,4.0,4.0,178.0,1.0,hij,vhij,question_vocal.png,im_mouth.png,,,,,,
,,,348676,1,21,2023-10-02_21h26.35.284,flesh_expressibility_dutch,2022.2.4,Win32,60.15399423,,,,18.0,1.0,Nederlands,,,,,,Engels,2.0,Duits,1.0,,0.0,,0.0,,0.0,,0.0,,0.0,,0.0,NL,2.0,2.0,2.0,1.0,,sensorypref1,sensorypref2,1536.0,864.0,,,,,,,,,,,,,,,,,,,,,,,,,,,,,,,,,,,21.0,251.482,6.0,"[0.7493999999761627,0.7161000000238289,0.7828999999761663,0.6161000000238346,0.8658000000119159,0.6661999999880663]","[0.7493999999761627,0.7161000000238289,0.7830000000000155,0.6162000000476837,0.8658000000119159,0.6662999999523436]",-0.364814758,11.1778,0.0,5.0,5.0,146.0,1.0,nemen,vnemen,question_vocal.png,im_mouth.png,,,,,,
,,,348676,1,21,2023-10-02_21h26.35.284,flesh_expressibility_dutch,2022.2.4,Win32,60.15399423,,,,18.0,1.0,Nederlands,,,,,,Engels,2.0,Duits,1.0,,0.0,,0.0,,0.0,,0.0,,0.0,,0.0,NL,2.0,2.0,2.0,1.0,,sensorypref1,sensorypref2,1536.0,864.0,,,,,,,,,,,,,,,,,,,,,,,,,,,,,,,,,,,22.0,263.3574,6.0,"[0.7493999999761627,0.7161000000238289,0.7828999999761663,0.6161000000238346,0.8658000000119159,0.6661999999880663]","[0.7493999999761627,0.7161000000238289,0.7830000000000155,0.6162000000476837,0.8658000000119159,0.6662999999523436]",,,0.0,6.0,6.0,71.0,1.0,geur,vgeur,question_vocal.png,im_mouth.png,,,,,,
,,,348676,1,21,2023-10-02_21h26.35.284,flesh_expressibility_dutch,2022.2.4,Win32,60.15399423,,,,18.0,1.0,Nederlands,,,,,,Engels,2.0,Duits,1.0,,0.0,,0.0,,0.0,,0.0,,0.0,,0.0,NL,2.0,2.0,2.0,1.0,,sensorypref1,sensorypref2,1536.0,864.0,,,,,,,,,,,,,,,,,,,,,,,,,,,,,,,,,,,21.0,264.3293,7.0,"[0.7493999999761627,0.7161000000238289,0.7828999999761663,0.6161000000238346,0.8658000000119159,0.6661999999880663,0.8158000000119614]","[0.7493999999761627,0.7161000000238289,0.7830000000000155,0.6162000000476837,0.8658000000119159,0.6662999999523436,0.8158000000119614]",0.257407436,13.4847,0.0,7.0,7.0,168.0,1.0,schaduw,vschaduw,question_vocal.png,im_mouth.png,,,,,,
,,,348676,1,21,2023-10-02_21h26.35.284,flesh_expressibility_dutch,2022.2.4,Win32,60.15399423,,,,18.0,1.0,Nederlands,,,,,,Engels,2.0,Duits,1.0,,0.0,,0.0,,0.0,,0.0,,0.0,,0.0,NL,2.0,2.0,2.0,1.0,,sensorypref1,sensorypref2,1536.0,864.0,,,,,,,,,,,,,,,,,,,,,,,,,,,,,,,,,,,21.0,278.4855,8.0,"[0.7493999999761627,0.7161000000238289,0.7828999999761663,0.6161000000238346,0.8658000000119159,0.6661999999880663,0.8158000000119614,0.6324999999999932]","[0.7493999999761627,0.7161000000238289,0.7830000000000155,0.6162000000476837,0.8658000000119159,0.6662999999523436,0.8158000000119614,0.6324999999999932]",-0.899999972,3.2561,0.0,8.0,8.0,174.0,1.0,staart,vstaart,question_vocal.png,im_mouth.png,,,,,,
,,,348676,1,21,2023-10-02_21h26.35.284,flesh_expressibility_dutch,2022.2.4,Win32,60.15399423,,,,18.0,1.0,Nederlands,,,,,,Engels,2.0,Duits,1.0,,0.0,,0.0,,0.0,,0.0,,0.0,,0.0,NL,2.0,2.0,2.0,1.0,,sensorypref1,sensorypref2,1536.0,864.0,,,,,,,,,,,,,,,,,,,,,,,,,,,,,,,,,,,21.0,282.379,9.0,"[0.7493999999761627,0.7161000000238289,0.7828999999761663,0.6161000000238346,0.8658000000119159,0.6661999999880663,0.8158000000119614,0.6324999999999932,0.5493999999761741]","[0.7493999999761627,0.7161000000238289,0.7830000000000155,0.6162000000476837,0.8658000000119159,0.6662999999523436,0.8158000000119614,0.6324999999999932,0.5493999999761741]",-0.388888889,5.8154,0.0,9.0,9.0,162.0,1.0,bitter,vbitter,question_vocal.png,im_mouth.png,,,,,,
,,,348676,1,21,2023-10-02_21h26.35.284,flesh_expressibility_dutch,2022.2.4,Win32,60.15399423,,,,18.0,1.0,Nederlands,,,,,,Engels,2.0,Duits,1.0,,0.0,,0.0,,0.0,,0.0,,0.0,,0.0,NL,2.0,2.0,2.0,1.0,,sensorypref1,sensorypref2,1536.0,864.0,,,,,,,,,,,,,,,,,,,,,,,,,,,,,,,,,,,21.0,288.7605,10.0,"[0.7493999999761627,0.7161000000238289,0.7828999999761663,0.6161000000238346,0.8658000000119159,0.6661999999880663,0.8158000000119614,0.6324999999999932,0.5493999999761741,0.5491999999881045]","[0.7493999999761627,0.7161000000238289,0.7830000000000155,0.6162000000476837,0.8658000000119159,0.6662999999523436,0.8158000000119614,0.6324999999999932,0.5493999999761741,0.5491999999881045]",0.270370342,4.1915,0.0,10.0,10.0,96.0,1.0,verbranden,vverbranden,question_vocal.png,im_mouth.png,,,,,,
,,,348676,1,21,2023-10-02_21h26.35.284,flesh_expressibility_dutch,2022.2.4,Win32,60.15399423,,,,18.0,1.0,Nederlands,,,,,,Engels,2.0,Duits,1.0,,0.0,,0.0,,0.0,,0.0,,0.0,,0.0,NL,2.0,2.0,2.0,1.0,,sensorypref1,sensorypref2,1536.0,864.0,,,,,,,,,,,,,,,,,,,,,,,,,,,,,,,,,,,22.0,293.4899,10.0,"[0.7493999999761627,0.7161000000238289,0.7828999999761663,0.6161000000238346,0.8658000000119159,0.6661999999880663,0.8158000000119614,0.6324999999999932,0.5493999999761741,0.5491999999881045]","[0.7493999999761627,0.7161000000238289,0.7830000000000155,0.6162000000476837,0.8658000000119159,0.6662999999523436,0.8158000000119614,0.6324999999999932,0.5493999999761741,0.5491999999881045]",,,0.0,11.0,11.0,130.0,1.0,regen,vregen,question_vocal.png,im_mouth.png,,,,,,
,,,348676,1,21,2023-10-02_21h26.35.284,flesh_expressibility_dutch,2022.2.4,Win32,60.15399423,,,,18.0,1.0,Nederlands,,,,,,Engels,2.0,Duits,1.0,,0.0,,0.0,,0.0,,0.0,,0.0,,0.0,NL,2.0,2.0,2.0,1.0,,sensorypref1,sensorypref2,1536.0,864.0,,,,,,,,,,,,,,,,,,,,,,,,,,,,,,,,,,,21.0,294.4638,11.0,"[0.7493999999761627,0.7161000000238289,0.7828999999761663,0.6161000000238346,0.8658000000119159,0.6661999999880663,0.8158000000119614,0.6324999999999932,0.5493999999761741,0.5491999999881045,0.6329999999999814]","[0.7493999999761627,0.7161000000238289,0.7830000000000155,0.6162000000476837,0.8658000000119159,0.6662999999523436,0.8158000000119614,0.6324999999999932,0.5493999999761741,0.5491999999881045,0.6329999999999814]",-0.877777735,3.6593,0.0,12.0,12.0,13.0,1.0,geurig,vgeurig,question_vocal.png,im_mouth.png,,,,,,
,,,348676,1,21,2023-10-02_21h26.35.284,flesh_expressibility_dutch,2022.2.4,Win32,60.15399423,,,,18.0,1.0,Nederlands,,,,,,Engels,2.0,Duits,1.0,,0.0,,0.0,,0.0,,0.0,,0.0,,0.0,NL,2.0,2.0,2.0,1.0,,sensorypref1,sensorypref2,1536.0,864.0,,,,,,,,,,,,,,,,,,,,,,,,,,,,,,,,,,,22.0,298.5726,11.0,"[0.7493999999761627,0.7161000000238289,0.7828999999761663,0.6161000000238346,0.8658000000119159,0.6661999999880663,0.8158000000119614,0.6324999999999932,0.5493999999761741,0.5491999999881045,0.6329999999999814]","[0.7493999999761627,0.7161000000238289,0.7830000000000155,0.6162000000476837,0.8658000000119159,0.6662999999523436,0.8158000000119614,0.6324999999999932,0.5493999999761741,0.5491999999881045,0.6329999999999814]",,,0.0,13.0,13.0,142.0,1.0,verbrijzelen,vverbrijzelen,question_vocal.png,im_mouth.png,,,,,,
,,,348676,1,21,2023-10-02_21h26.35.284,flesh_expressibility_dutch,2022.2.4,Win32,60.15399423,,,,18.0,1.0,Nederlands,,,,,,Engels,2.0,Duits,1.0,,0.0,,0.0,,0.0,,0.0,,0.0,,0.0,NL,2.0,2.0,2.0,1.0,,sensorypref1,sensorypref2,1536.0,864.0,,,,,,,,,,,,,,,,,,,,,,,,,,,,,,,,,,,22.0,299.5915,11.0,"[0.7493999999761627,0.7161000000238289,0.7828999999761663,0.6161000000238346,0.8658000000119159,0.6661999999880663,0.8158000000119614,0.6324999999999932,0.5493999999761741,0.5491999999881045,0.6329999999999814]","[0.7493999999761627,0.7161000000238289,0.7830000000000155,0.6162000000476837,0.8658000000119159,0.6662999999523436,0.8158000000119614,0.6324999999999932,0.5493999999761741,0.5491999999881045,0.6329999999999814]",,,0.0,14.0,14.0,64.0,1.0,smaak,vsmaak,question_vocal.png,im_mouth.png,,,,,,
,,,348676,1,21,2023-10-02_21h26.35.284,flesh_expressibility_dutch,2022.2.4,Win32,60.15399423,,,,18.0,1.0,Nederlands,,,,,,Engels,2.0,Duits,1.0,,0.0,,0.0,,0.0,,0.0,,0.0,,0.0,NL,2.0,2.0,2.0,1.0,,sensorypref1,sensorypref2,1536.0,864.0,,,,,,,,,,,,,,,,,,,,,,,,,,,,,,,,,,,21.0,300.6008,12.0,"[0.7493999999761627,0.7161000000238289,0.7828999999761663,0.6161000000238346,0.8658000000119159,0.6661999999880663,0.8158000000119614,0.6324999999999932,0.5493999999761741,0.5491999999881045,0.6329999999999814,3.8296999999881223]","[0.7493999999761627,0.7161000000238289,0.7830000000000155,0.6162000000476837,0.8658000000119159,0.6662999999523436,0.8158000000119614,0.6324999999999932,0.5493999999761741,0.5491999999881045,0.6329999999999814,3.8296999999881223]",-0.733333305,7.3069,0.0,15.0,15.0,165.0,1.0,hard,vhard,question_vocal.png,im_mouth.png,,,,,,
,,,348676,1,21,2023-10-02_21h26.35.284,flesh_expressibility_dutch,2022.2.4,Win32,60.15399423,,,,18.0,1.0,Nederlands,,,,,,Engels,2.0,Duits,1.0,,0.0,,0.0,,0.0,,0.0,,0.0,,0.0,NL,2.0,2.0,2.0,1.0,,sensorypref1,sensorypref2,1536.0,864.0,,,,,,,,,,,,,,,,,,,,,,,,,,,,,,,,,,,21.0,308.3854,13.0,"[0.7493999999761627,0.7161000000238289,0.7828999999761663,0.6161000000238346,0.8658000000119159,0.6661999999880663,0.8158000000119614,0.6324999999999932,0.5493999999761741,0.5491999999881045,0.6329999999999814,3.8296999999881223,1.514900000035766]","[0.7493999999761627,0.7161000000238289,0.7830000000000155,0.6162000000476837,0.8658000000119159,0.6662999999523436,0.8158000000119614,0.6324999999999932,0.5493999999761741,0.5491999999881045,0.6329999999999814,3.8296999999881223,1.514900000035766]",-0.114814758,4.3505,0.0,16.0,16.0,43.0,1.0,rivier,vrivier,question_vocal.png,im_mouth.png,,,,,,
,,,348676,1,21,2023-10-02_21h26.35.284,flesh_expressibility_dutch,2022.2.4,Win32,60.15399423,,,,18.0,1.0,Nederlands,,,,,,Engels,2.0,Duits,1.0,,0.0,,0.0,,0.0,,0.0,,0.0,,0.0,NL,2.0,2.0,2.0,1.0,,sensorypref1,sensorypref2,1536.0,864.0,,,,,,,,,,,,,,,,,,,,,,,,,,,,,,,,,,,21.0,313.2685,14.0,"[0.7493999999761627,0.7161000000238289,0.7828999999761663,0.6161000000238346,0.8658000000119159,0.6661999999880663,0.8158000000119614,0.6324999999999932,0.5493999999761741,0.5491999999881045,0.6329999999999814,3.8296999999881223,1.514900000035766,0.932300000011935]","[0.7493999999761627,0.7161000000238289,0.7830000000000155,0.6162000000476837,0.8658000000119159,0.6662999999523436,0.8158000000119614,0.6324999999999932,0.5493999999761741,0.5491999999881045,0.6329999999999814,3.8296999999881223,1.514900000035766,0.932300000011935]",-0.987037023,6.3509,0.0,17.0,17.0,113.0,1.0,bot (lichaam),vbot (lichaam),question_vocal.png,im_mouth.png,,,,,,
,,,348676,1,21,2023-10-02_21h26.35.284,flesh_expressibility_dutch,2022.2.4,Win32,60.15399423,,,,18.0,1.0,Nederlands,,,,,,Engels,2.0,Duits,1.0,,0.0,,0.0,,0.0,,0.0,,0.0,,0.0,NL,2.0,2.0,2.0,1.0,,sensorypref1,sensorypref2,1536.0,864.0,,,,,,,,,,,,,,,,,,,,,,,,,,,,,,,,,,,21.0,320.5531,15.0,"[0.7493999999761627,0.7161000000238289,0.7828999999761663,0.6161000000238346,0.8658000000119159,0.6661999999880663,0.8158000000119614,0.6324999999999932,0.5493999999761741,0.5491999999881045,0.6329999999999814,3.8296999999881223,1.514900000035766,0.932300000011935,0.6323999999762009]","[0.7493999999761627,0.7161000000238289,0.7830000000000155,0.6162000000476837,0.8658000000119159,0.6662999999523436,0.8158000000119614,0.6324999999999932,0.5493999999761741,0.5491999999881045,0.6329999999999814,3.8296999999881223,1.514900000035766,0.932300000011935,0.6324999999999932]",-0.807407379,6.0238,0.0,18.0,18.0,186.0,1.0,lang,vlang,question_vocal.png,im_mouth.png,,,,,,
,,,348676,1,21,2023-10-02_21h26.35.284,flesh_expressibility_dutch,2022.2.4,Win32,60.15399423,,,,18.0,1.0,Nederlands,,,,,,Engels,2.0,Duits,1.0,,0.0,,0.0,,0.0,,0.0,,0.0,,0.0,NL,2.0,2.0,2.0,1.0,,sensorypref1,sensorypref2,1536.0,864.0,,,,,,,,,,,,,,,,,,,,,,,,,,,,,,,,,,,21.0,327.236,16.0,"[0.7493999999761627,0.7161000000238289,0.7828999999761663,0.6161000000238346,0.8658000000119159,0.6661999999880663,0.8158000000119614,0.6324999999999932,0.5493999999761741,0.5491999999881045,0.6329999999999814,3.8296999999881223,1.514900000035766,0.932300000011935,0.6323999999762009,0.9656999999880327]","[0.7493999999761627,0.7161000000238289,0.7830000000000155,0.6162000000476837,0.8658000000119159,0.6662999999523436,0.8158000000119614,0.6324999999999932,0.5493999999761741,0.5491999999881045,0.6329999999999814,3.8296999999881223,1.514900000035766,0.932300000011935,0.6324999999999932,0.9656999999880327]",-0.94259255,5.215,0.0,19.0,19.0,179.0,1.0,zij,vzij,question_vocal.png,im_mouth.png,,,,,,
,,,348676,1,21,2023-10-02_21h26.35.284,flesh_expressibility_dutch,2022.2.4,Win32,60.15399423,,,,18.0,1.0,Nederlands,,,,,,Engels,2.0,Duits,1.0,,0.0,,0.0,,0.0,,0.0,,0.0,,0.0,NL,2.0,2.0,2.0,1.0,,sensorypref1,sensorypref2,1536.0,864.0,,,,,,,,,,,,,,,,,,,,,,,,,,,,,,,,,,,21.0,333.4148,17.0,"[0.7493999999761627,0.7161000000238289,0.7828999999761663,0.6161000000238346,0.8658000000119159,0.6661999999880663,0.8158000000119614,0.6324999999999932,0.5493999999761741,0.5491999999881045,0.6329999999999814,3.8296999999881223,1.514900000035766,0.932300000011935,0.6323999999762009,0.9656999999880327,0.5496000000238723]","[0.7493999999761627,0.7161000000238289,0.7830000000000155,0.6162000000476837,0.8658000000119159,0.6662999999523436,0.8158000000119614,0.6324999999999932,0.5493999999761741,0.5491999999881045,0.6329999999999814,3.8296999999881223,1.514900000035766,0.932300000011935,0.6324999999999932,0.9656999999880327,0.5496000000238723]",-0.601851852,7.0815,0.0,20.0,20.0,77.0,1.0,groen,vgroen,question_vocal.png,im_mouth.png,,,,,,
,,,348676,1,21,2023-10-02_21h26.35.284,flesh_expressibility_dutch,2022.2.4,Win32,60.15399423,,,,18.0,1.0,Nederlands,,,,,,Engels,2.0,Duits,1.0,,0.0,,0.0,,0.0,,0.0,,0.0,,0.0,NL,2.0,2.0,2.0,1.0,,sensorypref1,sensorypref2,1536.0,864.0,,,,,,,,,,,,,,,,,,,,,,,,,,,,,,,,,,,21.0,341.0417,18.0,"[0.7493999999761627,0.7161000000238289,0.7828999999761663,0.6161000000238346,0.8658000000119159,0.6661999999880663,0.8158000000119614,0.6324999999999932,0.5493999999761741,0.5491999999881045,0.6329999999999814,3.8296999999881223,1.514900000035766,0.932300000011935,0.6323999999762009,0.9656999999880327,0.5496000000238723,0.6493000000119196]","[0.7493999999761627,0.7161000000238289,0.7830000000000155,0.6162000000476837,0.8658000000119159,0.6662999999523436,0.8158000000119614,0.6324999999999932,0.5493999999761741,0.5491999999881045,0.6329999999999814,3.8296999999881223,1.514900000035766,0.932300000011935,0.6324999999999932,0.9656999999880327,0.5496000000238723,0.6493000000119196]",0.287037037,3.7515,0.0,21.0,21.0,18.0,1.0,toekomst,vtoekomst,question_vocal.png,im_mouth.png,,,,,,
,,,348676,1,21,2023-10-02_21h26.35.284,flesh_expressibility_dutch,2022.2.4,Win32,60.15399423,,,,18.0,1.0,Nederlands,,,,,,Engels,2.0,Duits,1.0,,0.0,,0.0,,0.0,,0.0,,0.0,,0.0,NL,2.0,2.0,2.0,1.0,,sensorypref1,sensorypref2,1536.0,864.0,,,,,,,,,,,,,,,,,,,,,,,,,,,,,,,,,,,22.0,345.5239,18.0,"[0.7493999999761627,0.7161000000238289,0.7828999999761663,0.6161000000238346,0.8658000000119159,0.6661999999880663,0.8158000000119614,0.6324999999999932,0.5493999999761741,0.5491999999881045,0.6329999999999814,3.8296999999881223,1.514900000035766,0.932300000011935,0.6323999999762009,0.9656999999880327,0.5496000000238723,0.6493000000119196]","[0.7493999999761627,0.7161000000238289,0.7830000000000155,0.6162000000476837,0.8658000000119159,0.6662999999523436,0.8158000000119614,0.6324999999999932,0.5493999999761741,0.5491999999881045,0.6329999999999814,3.8296999999881223,1.514900000035766,0.932300000011935,0.6324999999999932,0.9656999999880327,0.5496000000238723,0.6493000000119196]",,,0.0,22.0,22.0,34.0,1.0,vergeten,vvergeten,question_vocal.png,im_mouth.png,,,,,,
,,,348676,1,21,2023-10-02_21h26.35.284,flesh_expressibility_dutch,2022.2.4,Win32,60.15399423,,,,18.0,1.0,Nederlands,,,,,,Engels,2.0,Duits,1.0,,0.0,,0.0,,0.0,,0.0,,0.0,,0.0,NL,2.0,2.0,2.0,1.0,,sensorypref1,sensorypref2,1536.0,864.0,,,,,,,,,,,,,,,,,,,,,,,,,,,,,,,,,,,21.0,346.485,19.0,"[0.7493999999761627,0.7161000000238289,0.7828999999761663,0.6161000000238346,0.8658000000119159,0.6661999999880663,0.8158000000119614,0.6324999999999932,0.5493999999761741,0.5491999999881045,0.6329999999999814,3.8296999999881223,1.514900000035766,0.932300000011935,0.6323999999762009,0.9656999999880327,0.5496000000238723,0.6493000000119196,0.6824000000357273]","[0.7493999999761627,0.7161000000238289,0.7830000000000155,0.6162000000476837,0.8658000000119159,0.6662999999523436,0.8158000000119614,0.6324999999999932,0.5493999999761741,0.5491999999881045,0.6329999999999814,3.8296999999881223,1.514900000035766,0.932300000011935,0.6324999999999932,0.9656999999880327,0.5496000000238723,0.6493000000119196,0.6825000000000045]",-0.911111125,5.3062,0.0,23.0,23.0,140.0,1.0,staan,vstaan,question_vocal.png,im_mouth.png,,,,,,
,,,348676,1,21,2023-10-02_21h26.35.284,flesh_expressibility_dutch,2022.2.4,Win32,60.15399423,,,,18.0,1.0,Nederlands,,,,,,Engels,2.0,Duits,1.0,,0.0,,0.0,,0.0,,0.0,,0.0,,0.0,NL,2.0,2.0,2.0,1.0,,sensorypref1,sensorypref2,1536.0,864.0,,,,,,,,,,,,,,,,,,,,,,,,,,,,,,,,,,,22.0,352.2777,19.0,"[0.7493999999761627,0.7161000000238289,0.7828999999761663,0.6161000000238346,0.8658000000119159,0.6661999999880663,0.8158000000119614,0.6324999999999932,0.5493999999761741,0.5491999999881045,0.6329999999999814,3.8296999999881223,1.514900000035766,0.932300000011935,0.6323999999762009,0.9656999999880327,0.5496000000238723,0.6493000000119196,0.6824000000357273]","[0.7493999999761627,0.7161000000238289,0.7830000000000155,0.6162000000476837,0.8658000000119159,0.6662999999523436,0.8158000000119614,0.6324999999999932,0.5493999999761741,0.5491999999881045,0.6329999999999814,3.8296999999881223,1.514900000035766,0.932300000011935,0.6324999999999932,0.9656999999880327,0.5496000000238723,0.6493000000119196,0.6825000000000045]",,,0.0,24.0,24.0,107.0,1.0,mond,vmond,question_vocal.png,im_mouth.png,,,,,,
,,,348676,1,21,2023-10-02_21h26.35.284,flesh_expressibility_dutch,2022.2.4,Win32,60.15399423,,,,18.0,1.0,Nederlands,,,,,,Engels,2.0,Duits,1.0,,0.0,,0.0,,0.0,,0.0,,0.0,,0.0,NL,2.0,2.0,2.0,1.0,,sensorypref1,sensorypref2,1536.0,864.0,,,,,,,,,,,,,,,,,,,,,,,,,,,,,,,,,,,21.0,353.3018,20.0,"[0.7493999999761627,0.7161000000238289,0.7828999999761663,0.6161000000238346,0.8658000000119159,0.6661999999880663,0.8158000000119614,0.6324999999999932,0.5493999999761741,0.5491999999881045,0.6329999999999814,3.8296999999881223,1.514900000035766,0.932300000011935,0.6323999999762009,0.9656999999880327,0.5496000000238723,0.6493000000119196,0.6824000000357273,0.5995000000000346]","[0.7493999999761627,0.7161000000238289,0.7830000000000155,0.6162000000476837,0.8658000000119159,0.6662999999523436,0.8158000000119614,0.6324999999999932,0.5493999999761741,0.5491999999881045,0.6329999999999814,3.8296999999881223,1.514900000035766,0.932300000011935,0.6324999999999932,0.9656999999880327,0.5496000000238723,0.6493000000119196,0.6825000000000045,0.5995000000000346]",-0.811111097,2.9091,0.0,25.0,25.0,131.0,1.0,zand,vzand,question_vocal.png,im_mouth.png,,,,,,
,,,348676,1,21,2023-10-02_21h26.35.284,flesh_expressibility_dutch,2022.2.4,Win32,60.15399423,,,,18.0,1.0,Nederlands,,,,,,Engels,2.0,Duits,1.0,,0.0,,0.0,,0.0,,0.0,,0.0,,0.0,NL,2.0,2.0,2.0,1.0,,sensorypref1,sensorypref2,1536.0,864.0,,,,,,,,,,,,,,,,,,,,,,,,,,,,,2.0,"[195.76330000001195,362.4745]","[195.76330000001195,362.4745]",2.0,"[197.1445,364.5216000000238]","[197.1445,364.5216000000238]",22.0,365.9492,20.0,"[0.7493999999761627,0.7161000000238289,0.7828999999761663,0.6161000000238346,0.8658000000119159,0.6661999999880663,0.8158000000119614,0.6324999999999932,0.5493999999761741,0.5491999999881045,0.6329999999999814,3.8296999999881223,1.514900000035766,0.932300000011935,0.6323999999762009,0.9656999999880327,0.5496000000238723,0.6493000000119196,0.6824000000357273,0.5995000000000346]","[0.7493999999761627,0.7161000000238289,0.7830000000000155,0.6162000000476837,0.8658000000119159,0.6662999999523436,0.8158000000119614,0.6324999999999932,0.5493999999761741,0.5491999999881045,0.6329999999999814,3.8296999999881223,1.514900000035766,0.932300000011935,0.6324999999999932,0.9656999999880327,0.5496000000238723,0.6493000000119196,0.6825000000000045,0.5995000000000346]",,,0.0,0.0,0.0,193.0,1.0,huis,mhuis,question_multimodal.png,im_combination.png,,,,,,
,,,348676,1,21,2023-10-02_21h26.35.284,flesh_expressibility_dutch,2022.2.4,Win32,60.15399423,,,,18.0,1.0,Nederlands,,,,,,Engels,2.0,Duits,1.0,,0.0,,0.0,,0.0,,0.0,,0.0,,0.0,NL,2.0,2.0,2.0,1.0,,sensorypref1,sensorypref2,1536.0,864.0,,,,,,,,,,,,,,,,,,,,,,,,,,,,,,,,,,,22.0,366.927,20.0,"[0.7493999999761627,0.7161000000238289,0.7828999999761663,0.6161000000238346,0.8658000000119159,0.6661999999880663,0.8158000000119614,0.6324999999999932,0.5493999999761741,0.5491999999881045,0.6329999999999814,3.8296999999881223,1.514900000035766,0.932300000011935,0.6323999999762009,0.9656999999880327,0.5496000000238723,0.6493000000119196,0.6824000000357273,0.5995000000000346]","[0.7493999999761627,0.7161000000238289,0.7830000000000155,0.6162000000476837,0.8658000000119159,0.6662999999523436,0.8158000000119614,0.6324999999999932,0.5493999999761741,0.5491999999881045,0.6329999999999814,3.8296999999881223,1.514900000035766,0.932300000011935,0.6324999999999932,0.9656999999880327,0.5496000000238723,0.6493000000119196,0.6825000000000045,0.5995000000000346]",,,0.0,1.0,1.0,26.0,1.0,vrouw,mvrouw,question_multimodal.png,im_combination.png,,,,,,
,,,348676,1,21,2023-10-02_21h26.35.284,flesh_expressibility_dutch,2022.2.4,Win32,60.15399423,,,,18.0,1.0,Nederlands,,,,,,Engels,2.0,Duits,1.0,,0.0,,0.0,,0.0,,0.0,,0.0,,0.0,NL,2.0,2.0,2.0,1.0,,sensorypref1,sensorypref2,1536.0,864.0,,,,,,,,,,,,,,,,,,,,,,,,,,,,,,,,,,,22.0,367.9217,20.0,"[0.7493999999761627,0.7161000000238289,0.7828999999761663,0.6161000000238346,0.8658000000119159,0.6661999999880663,0.8158000000119614,0.6324999999999932,0.5493999999761741,0.5491999999881045,0.6329999999999814,3.8296999999881223,1.514900000035766,0.932300000011935,0.6323999999762009,0.9656999999880327,0.5496000000238723,0.6493000000119196,0.6824000000357273,0.5995000000000346]","[0.7493999999761627,0.7161000000238289,0.7830000000000155,0.6162000000476837,0.8658000000119159,0.6662999999523436,0.8158000000119614,0.6324999999999932,0.5493999999761741,0.5491999999881045,0.6329999999999814,3.8296999999881223,1.514900000035766,0.932300000011935,0.6324999999999932,0.9656999999880327,0.5496000000238723,0.6493000000119196,0.6825000000000045,0.5995000000000346]",,,0.0,2.0,2.0,5.0,1.0,honing,mhoning,question_multimodal.png,im_combination.png,,,,,,
,,,348676,1,21,2023-10-02_21h26.35.284,flesh_expressibility_dutch,2022.2.4,Win32,60.15399423,,,,18.0,1.0,Nederlands,,,,,,Engels,2.0,Duits,1.0,,0.0,,0.0,,0.0,,0.0,,0.0,,0.0,NL,2.0,2.0,2.0,1.0,,sensorypref1,sensorypref2,1536.0,864.0,,,,,,,,,,,,,,,,,,,,,,,,,,,,,,,,,,,22.0,368.906,20.0,"[0.7493999999761627,0.7161000000238289,0.7828999999761663,0.6161000000238346,0.8658000000119159,0.6661999999880663,0.8158000000119614,0.6324999999999932,0.5493999999761741,0.5491999999881045,0.6329999999999814,3.8296999999881223,1.514900000035766,0.932300000011935,0.6323999999762009,0.9656999999880327,0.5496000000238723,0.6493000000119196,0.6824000000357273,0.5995000000000346]","[0.7493999999761627,0.7161000000238289,0.7830000000000155,0.6162000000476837,0.8658000000119159,0.6662999999523436,0.8158000000119614,0.6324999999999932,0.5493999999761741,0.5491999999881045,0.6329999999999814,3.8296999999881223,1.514900000035766,0.932300000011935,0.6324999999999932,0.9656999999880327,0.5496000000238723,0.6493000000119196,0.6825000000000045,0.5995000000000346]",,,0.0,3.0,3.0,44.0,1.0,lucht,mlucht,question_multimodal.png,im_combination.png,,,,,,
,,,348676,1,21,2023-10-02_21h26.35.284,flesh_expressibility_dutch,2022.2.4,Win32,60.15399423,,,,18.0,1.0,Nederlands,,,,,,Engels,2.0,Duits,1.0,,0.0,,0.0,,0.0,,0.0,,0.0,,0.0,NL,2.0,2.0,2.0,1.0,,sensorypref1,sensorypref2,1536.0,864.0,,,,,,,,,,,,,,,,,,,,,,,,,,,,,,,,,,,22.0,369.9232,20.0,"[0.7493999999761627,0.7161000000238289,0.7828999999761663,0.6161000000238346,0.8658000000119159,0.6661999999880663,0.8158000000119614,0.6324999999999932,0.5493999999761741,0.5491999999881045,0.6329999999999814,3.8296999999881223,1.514900000035766,0.932300000011935,0.6323999999762009,0.9656999999880327,0.5496000000238723,0.6493000000119196,0.6824000000357273,0.5995000000000346]","[0.7493999999761627,0.7161000000238289,0.7830000000000155,0.6162000000476837,0.8658000000119159,0.6662999999523436,0.8158000000119614,0.6324999999999932,0.5493999999761741,0.5491999999881045,0.6329999999999814,3.8296999999881223,1.514900000035766,0.932300000011935,0.6324999999999932,0.9656999999880327,0.5496000000238723,0.6493000000119196,0.6825000000000045,0.5995000000000346]",,,0.0,4.0,4.0,33.0,1.0,dromen,mdromen,question_multimodal.png,im_combination.png,,,,,,
,,,348676,1,21,2023-10-02_21h26.35.284,flesh_expressibility_dutch,2022.2.4,Win32,60.15399423,,,,18.0,1.0,Nederlands,,,,,,Engels,2.0,Duits,1.0,,0.0,,0.0,,0.0,,0.0,,0.0,,0.0,NL,2.0,2.0,2.0,1.0,,sensorypref1,sensorypref2,1536.0,864.0,,,,,,,,,,,,,,,,,,,,,,,,,,,,,,,,,,,19.0,370.8994,21.0,"[0.7493999999761627,0.7161000000238289,0.7828999999761663,0.6161000000238346,0.8658000000119159,0.6661999999880663,0.8158000000119614,0.6324999999999932,0.5493999999761741,0.5491999999881045,0.6329999999999814,3.8296999999881223,1.514900000035766,0.932300000011935,0.6323999999762009,0.9656999999880327,0.5496000000238723,0.6493000000119196,0.6824000000357273,0.5995000000000346,0.7824999999999704]","[0.7493999999761627,0.7161000000238289,0.7830000000000155,0.6162000000476837,0.8658000000119159,0.6662999999523436,0.8158000000119614,0.6324999999999932,0.5493999999761741,0.5491999999881045,0.6329999999999814,3.8296999999881223,1.514900000035766,0.932300000011935,0.6324999999999932,0.9656999999880327,0.5496000000238723,0.6493000000119196,0.6825000000000045,0.5995000000000346,0.7826000000238196]",0.990740741,5.0896,0.0,5.0,5.0,82.0,1.0,beneden,mbeneden,question_multimodal.png,im_combination.png,,,,,,
,,,348676,1,21,2023-10-02_21h26.35.284,flesh_expressibility_dutch,2022.2.4,Win32,60.15399423,,,,18.0,1.0,Nederlands,,,,,,Engels,2.0,Duits,1.0,,0.0,,0.0,,0.0,,0.0,,0.0,,0.0,NL,2.0,2.0,2.0,1.0,,sensorypref1,sensorypref2,1536.0,864.0,,,,,,,,,,,,,,,,,,,,,,,,,,,,,,,,,,,22.0,376.666,21.0,"[0.7493999999761627,0.7161000000238289,0.7828999999761663,0.6161000000238346,0.8658000000119159,0.6661999999880663,0.8158000000119614,0.6324999999999932,0.5493999999761741,0.5491999999881045,0.6329999999999814,3.8296999999881223,1.514900000035766,0.932300000011935,0.6323999999762009,0.9656999999880327,0.5496000000238723,0.6493000000119196,0.6824000000357273,0.5995000000000346,0.7824999999999704]","[0.7493999999761627,0.7161000000238289,0.7830000000000155,0.6162000000476837,0.8658000000119159,0.6662999999523436,0.8158000000119614,0.6324999999999932,0.5493999999761741,0.5491999999881045,0.6329999999999814,3.8296999999881223,1.514900000035766,0.932300000011935,0.6324999999999932,0.9656999999880327,0.5496000000238723,0.6493000000119196,0.6825000000000045,0.5995000000000346,0.7826000000238196]",,,0.0,6.0,6.0,53.0,1.0,gooien,mgooien,question_multimodal.png,im_combination.png,,,,,,
,,,348676,1,21,2023-10-02_21h26.35.284,flesh_expressibility_dutch,2022.2.4,Win32,60.15399423,,,,18.0,1.0,Nederlands,,,,,,Engels,2.0,Duits,1.0,,0.0,,0.0,,0.0,,0.0,,0.0,,0.0,NL,2.0,2.0,2.0,1.0,,sensorypref1,sensorypref2,1536.0,864.0,,,,,,,,,,,,,,,,,,,,,,,,,,,,,,,,,,,22.0,377.564,21.0,"[0.7493999999761627,0.7161000000238289,0.7828999999761663,0.6161000000238346,0.8658000000119159,0.6661999999880663,0.8158000000119614,0.6324999999999932,0.5493999999761741,0.5491999999881045,0.6329999999999814,3.8296999999881223,1.514900000035766,0.932300000011935,0.6323999999762009,0.9656999999880327,0.5496000000238723,0.6493000000119196,0.6824000000357273,0.5995000000000346,0.7824999999999704]","[0.7493999999761627,0.7161000000238289,0.7830000000000155,0.6162000000476837,0.8658000000119159,0.6662999999523436,0.8158000000119614,0.6324999999999932,0.5493999999761741,0.5491999999881045,0.6329999999999814,3.8296999999881223,1.514900000035766,0.932300000011935,0.6324999999999932,0.9656999999880327,0.5496000000238723,0.6493000000119196,0.6825000000000045,0.5995000000000346,0.7826000000238196]",,,0.0,7.0,7.0,109.0,1.0,tong,mtong,question_multimodal.png,im_combination.png,,,,,,
,,,348676,1,21,2023-10-02_21h26.35.284,flesh_expressibility_dutch,2022.2.4,Win32,60.15399423,,,,18.0,1.0,Nederlands,,,,,,Engels,2.0,Duits,1.0,,0.0,,0.0,,0.0,,0.0,,0.0,,0.0,NL,2.0,2.0,2.0,1.0,,sensorypref1,sensorypref2,1536.0,864.0,,,,,,,,,,,,,,,,,,,,,,,,,,,,,,,,,,,22.0,378.5699,21.0,"[0.7493999999761627,0.7161000000238289,0.7828999999761663,0.6161000000238346,0.8658000000119159,0.6661999999880663,0.8158000000119614,0.6324999999999932,0.5493999999761741,0.5491999999881045,0.6329999999999814,3.8296999999881223,1.514900000035766,0.932300000011935,0.6323999999762009,0.9656999999880327,0.5496000000238723,0.6493000000119196,0.6824000000357273,0.5995000000000346,0.7824999999999704]","[0.7493999999761627,0.7161000000238289,0.7830000000000155,0.6162000000476837,0.8658000000119159,0.6662999999523436,0.8158000000119614,0.6324999999999932,0.5493999999761741,0.5491999999881045,0.6329999999999814,3.8296999999881223,1.514900000035766,0.932300000011935,0.6324999999999932,0.9656999999880327,0.5496000000238723,0.6493000000119196,0.6825000000000045,0.5995000000000346,0.7826000000238196]",,,0.0,8.0,8.0,6.0,1.0,zuur,mzuur,question_multimodal.png,im_combination.png,,,,,,
,,,348676,1,21,2023-10-02_21h26.35.284,flesh_expressibility_dutch,2022.2.4,Win32,60.15399423,,,,18.0,1.0,Nederlands,,,,,,Engels,2.0,Duits,1.0,,0.0,,0.0,,0.0,,0.0,,0.0,,0.0,NL,2.0,2.0,2.0,1.0,,sensorypref1,sensorypref2,1536.0,864.0,,,,,,,,,,,,,,,,,,,,,,,,,,,,,,,,,,,22.0,379.5694,21.0,"[0.7493999999761627,0.7161000000238289,0.7828999999761663,0.6161000000238346,0.8658000000119159,0.6661999999880663,0.8158000000119614,0.6324999999999932,0.5493999999761741,0.5491999999881045,0.6329999999999814,3.8296999999881223,1.514900000035766,0.932300000011935,0.6323999999762009,0.9656999999880327,0.5496000000238723,0.6493000000119196,0.6824000000357273,0.5995000000000346,0.7824999999999704]","[0.7493999999761627,0.7161000000238289,0.7830000000000155,0.6162000000476837,0.8658000000119159,0.6662999999523436,0.8158000000119614,0.6324999999999932,0.5493999999761741,0.5491999999881045,0.6329999999999814,3.8296999999881223,1.514900000035766,0.932300000011935,0.6324999999999932,0.9656999999880327,0.5496000000238723,0.6493000000119196,0.6825000000000045,0.5995000000000346,0.7826000000238196]",,,0.0,9.0,9.0,108.0,1.0,neus,mneus,question_multimodal.png,im_combination.png,,,,,,
,,,348676,1,21,2023-10-02_21h26.35.284,flesh_expressibility_dutch,2022.2.4,Win32,60.15399423,,,,18.0,1.0,Nederlands,,,,,,Engels,2.0,Duits,1.0,,0.0,,0.0,,0.0,,0.0,,0.0,,0.0,NL,2.0,2.0,2.0,1.0,,sensorypref1,sensorypref2,1536.0,864.0,,,,,,,,,,,,,,,,,,,,,,,,,,,,,,,,,,,22.0,380.6696,21.0,"[0.7493999999761627,0.7161000000238289,0.7828999999761663,0.6161000000238346,0.8658000000119159,0.6661999999880663,0.8158000000119614,0.6324999999999932,0.5493999999761741,0.5491999999881045,0.6329999999999814,3.8296999999881223,1.514900000035766,0.932300000011935,0.6323999999762009,0.9656999999880327,0.5496000000238723,0.6493000000119196,0.6824000000357273,0.5995000000000346,0.7824999999999704]","[0.7493999999761627,0.7161000000238289,0.7830000000000155,0.6162000000476837,0.8658000000119159,0.6662999999523436,0.8158000000119614,0.6324999999999932,0.5493999999761741,0.5491999999881045,0.6329999999999814,3.8296999999881223,1.514900000035766,0.932300000011935,0.6324999999999932,0.9656999999880327,0.5496000000238723,0.6493000000119196,0.6825000000000045,0.5995000000000346,0.7826000000238196]",,,0.0,10.0,10.0,166.0,1.0,zwart,mzwart,question_multimodal.png,im_combination.png,,,,,,
,,,348676,1,21,2023-10-02_21h26.35.284,flesh_expressibility_dutch,2022.2.4,Win32,60.15399423,,,,18.0,1.0,Nederlands,,,,,,Engels,2.0,Duits,1.0,,0.0,,0.0,,0.0,,0.0,,0.0,,0.0,NL,2.0,2.0,2.0,1.0,,sensorypref1,sensorypref2,1536.0,864.0,,,,,,,,,,,,,,,,,,,,,,,,,,,,,,,,,,,19.0,381.5662,22.0,"[0.7493999999761627,0.7161000000238289,0.7828999999761663,0.6161000000238346,0.8658000000119159,0.6661999999880663,0.8158000000119614,0.6324999999999932,0.5493999999761741,0.5491999999881045,0.6329999999999814,3.8296999999881223,1.514900000035766,0.932300000011935,0.6323999999762009,0.9656999999880327,0.5496000000238723,0.6493000000119196,0.6824000000357273,0.5995000000000346,0.7824999999999704,0.8326999999881082]","[0.7493999999761627,0.7161000000238289,0.7830000000000155,0.6162000000476837,0.8658000000119159,0.6662999999523436,0.8158000000119614,0.6324999999999932,0.5493999999761741,0.5491999999881045,0.6329999999999814,3.8296999999881223,1.514900000035766,0.932300000011935,0.6324999999999932,0.9656999999880327,0.5496000000238723,0.6493000000119196,0.6825000000000045,0.5995000000000346,0.7826000000238196,0.8326999999881082]",0.964814928,3.4216,0.0,11.0,11.0,75.0,1.0,rond,mrond,question_multimodal.png,im_combination.png,,,,,,
,,,348676,1,21,2023-10-02_21h26.35.284,flesh_expressibility_dutch,2022.2.4,Win32,60.15399423,,,,18.0,1.0,Nederlands,,,,,,Engels,2.0,Duits,1.0,,0.0,,0.0,,0.0,,0.0,,0.0,,0.0,NL,2.0,2.0,2.0,1.0,,sensorypref1,sensorypref2,1536.0,864.0,,,,,,,,,,,,,,,,,,,,,,,,,,,,,,,,,,,22.0,385.6986,22.0,"[0.7493999999761627,0.7161000000238289,0.7828999999761663,0.6161000000238346,0.8658000000119159,0.6661999999880663,0.8158000000119614,0.6324999999999932,0.5493999999761741,0.5491999999881045,0.6329999999999814,3.8296999999881223,1.514900000035766,0.932300000011935,0.6323999999762009,0.9656999999880327,0.5496000000238723,0.6493000000119196,0.6824000000357273,0.5995000000000346,0.7824999999999704,0.8326999999881082]","[0.7493999999761627,0.7161000000238289,0.7830000000000155,0.6162000000476837,0.8658000000119159,0.6662999999523436,0.8158000000119614,0.6324999999999932,0.5493999999761741,0.5491999999881045,0.6329999999999814,3.8296999999881223,1.514900000035766,0.932300000011935,0.6324999999999932,0.9656999999880327,0.5496000000238723,0.6493000000119196,0.6825000000000045,0.5995000000000346,0.7826000000238196,0.8326999999881082]",,,0.0,12.0,12.0,30.0,1.0,sterk,msterk,question_multimodal.png,im_combination.png,,,,,,
,,,348676,1,21,2023-10-02_21h26.35.284,flesh_expressibility_dutch,2022.2.4,Win32,60.15399423,,,,18.0,1.0,Nederlands,,,,,,Engels,2.0,Duits,1.0,,0.0,,0.0,,0.0,,0.0,,0.0,,0.0,NL,2.0,2.0,2.0,1.0,,sensorypref1,sensorypref2,1536.0,864.0,,,,,,,,,,,,,,,,,,,,,,,,,,,,,,,,,,,22.0,386.7135,22.0,"[0.7493999999761627,0.7161000000238289,0.7828999999761663,0.6161000000238346,0.8658000000119159,0.6661999999880663,0.8158000000119614,0.6324999999999932,0.5493999999761741,0.5491999999881045,0.6329999999999814,3.8296999999881223,1.514900000035766,0.932300000011935,0.6323999999762009,0.9656999999880327,0.5496000000238723,0.6493000000119196,0.6824000000357273,0.5995000000000346,0.7824999999999704,0.8326999999881082]","[0.7493999999761627,0.7161000000238289,0.7830000000000155,0.6162000000476837,0.8658000000119159,0.6662999999523436,0.8158000000119614,0.6324999999999932,0.5493999999761741,0.5491999999881045,0.6329999999999814,3.8296999999881223,1.514900000035766,0.932300000011935,0.6324999999999932,0.9656999999880327,0.5496000000238723,0.6493000000119196,0.6825000000000045,0.5995000000000346,0.7826000000238196,0.8326999999881082]",,,0.0,13.0,13.0,10.0,1.0,strak,mstrak,question_multimodal.png,im_combination.png,,,,,,
,,,348676,1,21,2023-10-02_21h26.35.284,flesh_expressibility_dutch,2022.2.4,Win32,60.15399423,,,,18.0,1.0,Nederlands,,,,,,Engels,2.0,Duits,1.0,,0.0,,0.0,,0.0,,0.0,,0.0,,0.0,NL,2.0,2.0,2.0,1.0,,sensorypref1,sensorypref2,1536.0,864.0,,,,,,,,,,,,,,,,,,,,,,,,,,,,,,,,,,,22.0,387.6998,22.0,"[0.7493999999761627,0.7161000000238289,0.7828999999761663,0.6161000000238346,0.8658000000119159,0.6661999999880663,0.8158000000119614,0.6324999999999932,0.5493999999761741,0.5491999999881045,0.6329999999999814,3.8296999999881223,1.514900000035766,0.932300000011935,0.6323999999762009,0.9656999999880327,0.5496000000238723,0.6493000000119196,0.6824000000357273,0.5995000000000346,0.7824999999999704,0.8326999999881082]","[0.7493999999761627,0.7161000000238289,0.7830000000000155,0.6162000000476837,0.8658000000119159,0.6662999999523436,0.8158000000119614,0.6324999999999932,0.5493999999761741,0.5491999999881045,0.6329999999999814,3.8296999999881223,1.514900000035766,0.932300000011935,0.6324999999999932,0.9656999999880327,0.5496000000238723,0.6493000000119196,0.6825000000000045,0.5995000000000346,0.7826000000238196,0.8326999999881082]",,,0.0,14.0,14.0,27.0,1.0,gezond,mgezond,question_multimodal.png,im_combination.png,,,,,,
,,,348676,1,21,2023-10-02_21h26.35.284,flesh_expressibility_dutch,2022.2.4,Win32,60.15399423,,,,18.0,1.0,Nederlands,,,,,,Engels,2.0,Duits,1.0,,0.0,,0.0,,0.0,,0.0,,0.0,,0.0,NL,2.0,2.0,2.0,1.0,,sensorypref1,sensorypref2,1536.0,864.0,,,,,,,,,,,,,,,,,,,,,,,,,,,,,,,,,,,20.0,388.7327,23.0,"[0.7493999999761627,0.7161000000238289,0.7828999999761663,0.6161000000238346,0.8658000000119159,0.6661999999880663,0.8158000000119614,0.6324999999999932,0.5493999999761741,0.5491999999881045,0.6329999999999814,3.8296999999881223,1.514900000035766,0.932300000011935,0.6323999999762009,0.9656999999880327,0.5496000000238723,0.6493000000119196,0.6824000000357273,0.5995000000000346,0.7824999999999704,0.8326999999881082,2.7643000000119287]","[0.7493999999761627,0.7161000000238289,0.7830000000000155,0.6162000000476837,0.8658000000119159,0.6662999999523436,0.8158000000119614,0.6324999999999932,0.5493999999761741,0.5491999999881045,0.6329999999999814,3.8296999999881223,1.514900000035766,0.932300000011935,0.6324999999999932,0.9656999999880327,0.5496000000238723,0.6493000000119196,0.6825000000000045,0.5995000000000346,0.7826000000238196,0.8326999999881082,2.7643000000119287]",-0.737037023,5.4992,0.0,15.0,15.0,76.0,1.0,blauw,mblauw,question_multimodal.png,im_combination.png,,,,,,
,,,348676,1,21,2023-10-02_21h26.35.284,flesh_expressibility_dutch,2022.2.4,Win32,60.15399423,,,,18.0,1.0,Nederlands,,,,,,Engels,2.0,Duits,1.0,,0.0,,0.0,,0.0,,0.0,,0.0,,0.0,NL,2.0,2.0,2.0,1.0,,sensorypref1,sensorypref2,1536.0,864.0,,,,,,,,,,,,,,,,,,,,,,,,,,,,,,,,,,,22.0,396.7617,23.0,"[0.7493999999761627,0.7161000000238289,0.7828999999761663,0.6161000000238346,0.8658000000119159,0.6661999999880663,0.8158000000119614,0.6324999999999932,0.5493999999761741,0.5491999999881045,0.6329999999999814,3.8296999999881223,1.514900000035766,0.932300000011935,0.6323999999762009,0.9656999999880327,0.5496000000238723,0.6493000000119196,0.6824000000357273,0.5995000000000346,0.7824999999999704,0.8326999999881082,2.7643000000119287]","[0.7493999999761627,0.7161000000238289,0.7830000000000155,0.6162000000476837,0.8658000000119159,0.6662999999523436,0.8158000000119614,0.6324999999999932,0.5493999999761741,0.5491999999881045,0.6329999999999814,3.8296999999881223,1.514900000035766,0.932300000011935,0.6324999999999932,0.9656999999880327,0.5496000000238723,0.6493000000119196,0.6825000000000045,0.5995000000000346,0.7826000000238196,0.8326999999881082,2.7643000000119287]",,,0.0,16.0,16.0,104.0,1.0,luis,mluis,question_multimodal.png,im_combination.png,,,,,,
,,,348676,1,21,2023-10-02_21h26.35.284,flesh_expressibility_dutch,2022.2.4,Win32,60.15399423,,,,18.0,1.0,Nederlands,,,,,,Engels,2.0,Duits,1.0,,0.0,,0.0,,0.0,,0.0,,0.0,,0.0,NL,2.0,2.0,2.0,1.0,,sensorypref1,sensorypref2,1536.0,864.0,,,,,,,,,,,,,,,,,,,,,,,,,,,,,,,,,,,22.0,397.7604,23.0,"[0.7493999999761627,0.7161000000238289,0.7828999999761663,0.6161000000238346,0.8658000000119159,0.6661999999880663,0.8158000000119614,0.6324999999999932,0.5493999999761741,0.5491999999881045,0.6329999999999814,3.8296999999881223,1.514900000035766,0.932300000011935,0.6323999999762009,0.9656999999880327,0.5496000000238723,0.6493000000119196,0.6824000000357273,0.5995000000000346,0.7824999999999704,0.8326999999881082,2.7643000000119287]","[0.7493999999761627,0.7161000000238289,0.7830000000000155,0.6162000000476837,0.8658000000119159,0.6662999999523436,0.8158000000119614,0.6324999999999932,0.5493999999761741,0.5491999999881045,0.6329999999999814,3.8296999999881223,1.514900000035766,0.932300000011935,0.6324999999999932,0.9656999999880327,0.5496000000238723,0.6493000000119196,0.6825000000000045,0.5995000000000346,0.7826000000238196,0.8326999999881082,2.7643000000119287]",,,0.0,17.0,17.0,146.0,1.0,nemen,mnemen,question_multimodal.png,im_combination.png,,,,,,
,,,348676,1,21,2023-10-02_21h26.35.284,flesh_expressibility_dutch,2022.2.4,Win32,60.15399423,,,,18.0,1.0,Nederlands,,,,,,Engels,2.0,Duits,1.0,,0.0,,0.0,,0.0,,0.0,,0.0,,0.0,NL,2.0,2.0,2.0,1.0,,sensorypref1,sensorypref2,1536.0,864.0,,,,,,,,,,,,,,,,,,,,,,,,,,,,,,,,,,,22.0,398.7965,23.0,"[0.7493999999761627,0.7161000000238289,0.7828999999761663,0.6161000000238346,0.8658000000119159,0.6661999999880663,0.8158000000119614,0.6324999999999932,0.5493999999761741,0.5491999999881045,0.6329999999999814,3.8296999999881223,1.514900000035766,0.932300000011935,0.6323999999762009,0.9656999999880327,0.5496000000238723,0.6493000000119196,0.6824000000357273,0.5995000000000346,0.7824999999999704,0.8326999999881082,2.7643000000119287]","[0.7493999999761627,0.7161000000238289,0.7830000000000155,0.6162000000476837,0.8658000000119159,0.6662999999523436,0.8158000000119614,0.6324999999999932,0.5493999999761741,0.5491999999881045,0.6329999999999814,3.8296999999881223,1.514900000035766,0.932300000011935,0.6324999999999932,0.9656999999880327,0.5496000000238723,0.6493000000119196,0.6825000000000045,0.5995000000000346,0.7826000000238196,0.8326999999881082,2.7643000000119287]",,,0.0,18.0,18.0,87.0,1.0,vechten,mvechten,question_multimodal.png,im_combination.png,,,,,,
,,,348676,1,21,2023-10-02_21h26.35.284,flesh_expressibility_dutch,2022.2.4,Win32,60.15399423,,,,18.0,1.0,Nederlands,,,,,,Engels,2.0,Duits,1.0,,0.0,,0.0,,0.0,,0.0,,0.0,,0.0,NL,2.0,2.0,2.0,1.0,,sensorypref1,sensorypref2,1536.0,864.0,,,,,,,,,,,,,,,,,,,,,,,,,,,,,,,,,,,22.0,399.7601,23.0,"[0.7493999999761627,0.7161000000238289,0.7828999999761663,0.6161000000238346,0.8658000000119159,0.6661999999880663,0.8158000000119614,0.6324999999999932,0.5493999999761741,0.5491999999881045,0.6329999999999814,3.8296999999881223,1.514900000035766,0.932300000011935,0.6323999999762009,0.9656999999880327,0.5496000000238723,0.6493000000119196,0.6824000000357273,0.5995000000000346,0.7824999999999704,0.8326999999881082,2.7643000000119287]","[0.7493999999761627,0.7161000000238289,0.7830000000000155,0.6162000000476837,0.8658000000119159,0.6662999999523436,0.8158000000119614,0.6324999999999932,0.5493999999761741,0.5491999999881045,0.6329999999999814,3.8296999999881223,1.514900000035766,0.932300000011935,0.6324999999999932,0.9656999999880327,0.5496000000238723,0.6493000000119196,0.6825000000000045,0.5995000000000346,0.7826000000238196,0.8326999999881082,2.7643000000119287]",,,0.0,19.0,19.0,151.0,1.0,drinken,mdrinken,question_multimodal.png,im_combination.png,,,,,,
,,,348676,1,21,2023-10-02_21h26.35.284,flesh_expressibility_dutch,2022.2.4,Win32,60.15399423,,,,18.0,1.0,Nederlands,,,,,,Engels,2.0,Duits,1.0,,0.0,,0.0,,0.0,,0.0,,0.0,,0.0,NL,2.0,2.0,2.0,1.0,,sensorypref1,sensorypref2,1536.0,864.0,,,,,,,,,,,,,,,,,,,,,,,,,,,,,,,,,,,22.0,400.7575,23.0,"[0.7493999999761627,0.7161000000238289,0.7828999999761663,0.6161000000238346,0.8658000000119159,0.6661999999880663,0.8158000000119614,0.6324999999999932,0.5493999999761741,0.5491999999881045,0.6329999999999814,3.8296999999881223,1.514900000035766,0.932300000011935,0.6323999999762009,0.9656999999880327,0.5496000000238723,0.6493000000119196,0.6824000000357273,0.5995000000000346,0.7824999999999704,0.8326999999881082,2.7643000000119287]","[0.7493999999761627,0.7161000000238289,0.7830000000000155,0.6162000000476837,0.8658000000119159,0.6662999999523436,0.8158000000119614,0.6324999999999932,0.5493999999761741,0.5491999999881045,0.6329999999999814,3.8296999999881223,1.514900000035766,0.932300000011935,0.6324999999999932,0.9656999999880327,0.5496000000238723,0.6493000000119196,0.6825000000000045,0.5995000000000346,0.7826000000238196,0.8326999999881082,2.7643000000119287]",,,0.0,20.0,20.0,21.0,1.0,heden,mheden,question_multimodal.png,im_combination.png,,,,,,
,,,348676,1,21,2023-10-02_21h26.35.284,flesh_expressibility_dutch,2022.2.4,Win32,60.15399423,,,,18.0,1.0,Nederlands,,,,,,Engels,2.0,Duits,1.0,,0.0,,0.0,,0.0,,0.0,,0.0,,0.0,NL,2.0,2.0,2.0,1.0,,sensorypref1,sensorypref2,1536.0,864.0,,,,,,,,,,,,,,,,,,,,,,,,,,,,,,,,,,,19.0,401.7639,24.0,"[0.7493999999761627,0.7161000000238289,0.7828999999761663,0.6161000000238346,0.8658000000119159,0.6661999999880663,0.8158000000119614,0.6324999999999932,0.5493999999761741,0.5491999999881045,0.6329999999999814,3.8296999999881223,1.514900000035766,0.932300000011935,0.6323999999762009,0.9656999999880327,0.5496000000238723,0.6493000000119196,0.6824000000357273,0.5995000000000346,0.7824999999999704,0.8326999999881082,2.7643000000119287,1.498599999964199]","[0.7493999999761627,0.7161000000238289,0.7830000000000155,0.6162000000476837,0.8658000000119159,0.6662999999523436,0.8158000000119614,0.6324999999999932,0.5493999999761741,0.5491999999881045,0.6329999999999814,3.8296999999881223,1.514900000035766,0.932300000011935,0.6324999999999932,0.9656999999880327,0.5496000000238723,0.6493000000119196,0.6825000000000045,0.5995000000000346,0.7826000000238196,0.8326999999881082,2.7643000000119287,1.4986999999880481]",0.975925869,4.3806,0.0,21.0,21.0,153.0,1.0,lachen,mlachen,question_multimodal.png,im_combination.png,,,,,,
,,,348676,1,21,2023-10-02_21h26.35.284,flesh_expressibility_dutch,2022.2.4,Win32,60.15399423,,,,18.0,1.0,Nederlands,,,,,,Engels,2.0,Duits,1.0,,0.0,,0.0,,0.0,,0.0,,0.0,,0.0,NL,2.0,2.0,2.0,1.0,,sensorypref1,sensorypref2,1536.0,864.0,,,,,,,,,,,,,,,,,,,,,,,,,,,,,,,,,,,22.0,407.4256,24.0,"[0.7493999999761627,0.7161000000238289,0.7828999999761663,0.6161000000238346,0.8658000000119159,0.6661999999880663,0.8158000000119614,0.6324999999999932,0.5493999999761741,0.5491999999881045,0.6329999999999814,3.8296999999881223,1.514900000035766,0.932300000011935,0.6323999999762009,0.9656999999880327,0.5496000000238723,0.6493000000119196,0.6824000000357273,0.5995000000000346,0.7824999999999704,0.8326999999881082,2.7643000000119287,1.498599999964199]","[0.7493999999761627,0.7161000000238289,0.7830000000000155,0.6162000000476837,0.8658000000119159,0.6662999999523436,0.8158000000119614,0.6324999999999932,0.5493999999761741,0.5491999999881045,0.6329999999999814,3.8296999999881223,1.514900000035766,0.932300000011935,0.6324999999999932,0.9656999999880327,0.5496000000238723,0.6493000000119196,0.6825000000000045,0.5995000000000346,0.7826000000238196,0.8326999999881082,2.7643000000119287,1.4986999999880481]",,,0.0,22.0,22.0,115.0,1.0,oor,moor,question_multimodal.png,im_combination.png,,,,,,
,,,348676,1,21,2023-10-02_21h26.35.284,flesh_expressibility_dutch,2022.2.4,Win32,60.15399423,,,,18.0,1.0,Nederlands,,,,,,Engels,2.0,Duits,1.0,,0.0,,0.0,,0.0,,0.0,,0.0,,0.0,NL,2.0,2.0,2.0,1.0,,sensorypref1,sensorypref2,1536.0,864.0,,,,,,,,,,,,,,,,,,,,,,,,,,,,,,,,,,,22.0,408.4415,24.0,"[0.7493999999761627,0.7161000000238289,0.7828999999761663,0.6161000000238346,0.8658000000119159,0.6661999999880663,0.8158000000119614,0.6324999999999932,0.5493999999761741,0.5491999999881045,0.6329999999999814,3.8296999999881223,1.514900000035766,0.932300000011935,0.6323999999762009,0.9656999999880327,0.5496000000238723,0.6493000000119196,0.6824000000357273,0.5995000000000346,0.7824999999999704,0.8326999999881082,2.7643000000119287,1.498599999964199]","[0.7493999999761627,0.7161000000238289,0.7830000000000155,0.6162000000476837,0.8658000000119159,0.6662999999523436,0.8158000000119614,0.6324999999999932,0.5493999999761741,0.5491999999881045,0.6329999999999814,3.8296999999881223,1.514900000035766,0.932300000011935,0.6324999999999932,0.9656999999880327,0.5496000000238723,0.6493000000119196,0.6825000000000045,0.5995000000000346,0.7826000000238196,0.8326999999881082,2.7643000000119287,1.4986999999880481]",,,0.0,23.0,23.0,50.0,1.0,zwemmen,mzwemmen,question_multimodal.png,im_combination.png,,,,,,
,,,348676,1,21,2023-10-02_21h26.35.284,flesh_expressibility_dutch,2022.2.4,Win32,60.15399423,,,,18.0,1.0,Nederlands,,,,,,Engels,2.0,Duits,1.0,,0.0,,0.0,,0.0,,0.0,,0.0,,0.0,NL,2.0,2.0,2.0,1.0,,sensorypref1,sensorypref2,1536.0,864.0,,,,,,,,,,,,,,,,,,,,,,,,,,,,,,,,,,,22.0,409.4455,24.0,"[0.7493999999761627,0.7161000000238289,0.7828999999761663,0.6161000000238346,0.8658000000119159,0.6661999999880663,0.8158000000119614,0.6324999999999932,0.5493999999761741,0.5491999999881045,0.6329999999999814,3.8296999999881223,1.514900000035766,0.932300000011935,0.6323999999762009,0.9656999999880327,0.5496000000238723,0.6493000000119196,0.6824000000357273,0.5995000000000346,0.7824999999999704,0.8326999999881082,2.7643000000119287,1.498599999964199]","[0.7493999999761627,0.7161000000238289,0.7830000000000155,0.6162000000476837,0.8658000000119159,0.6662999999523436,0.8158000000119614,0.6324999999999932,0.5493999999761741,0.5491999999881045,0.6329999999999814,3.8296999999881223,1.514900000035766,0.932300000011935,0.6324999999999932,0.9656999999880327,0.5496000000238723,0.6493000000119196,0.6825000000000045,0.5995000000000346,0.7826000000238196,0.8326999999881082,2.7643000000119287,1.4986999999880481]",,,0.0,24.0,24.0,192.0,1.0,vlees,mvlees,question_multimodal.png,im_combination.png,,,,,,
,,,348676,1,21,2023-10-02_21h26.35.284,flesh_expressibility_dutch,2022.2.4,Win32,60.15399423,,,,18.0,1.0,Nederlands,,,,,,Engels,2.0,Duits,1.0,,0.0,,0.0,,0.0,,0.0,,0.0,,0.0,NL,2.0,2.0,2.0,1.0,,sensorypref1,sensorypref2,1536.0,864.0,,,,,,,,,,,,,,,,,,,,,,,,,,,,,,,,,,,22.0,410.4258,24.0,"[0.7493999999761627,0.7161000000238289,0.7828999999761663,0.6161000000238346,0.8658000000119159,0.6661999999880663,0.8158000000119614,0.6324999999999932,0.5493999999761741,0.5491999999881045,0.6329999999999814,3.8296999999881223,1.514900000035766,0.932300000011935,0.6323999999762009,0.9656999999880327,0.5496000000238723,0.6493000000119196,0.6824000000357273,0.5995000000000346,0.7824999999999704,0.8326999999881082,2.7643000000119287,1.498599999964199]","[0.7493999999761627,0.7161000000238289,0.7830000000000155,0.6162000000476837,0.8658000000119159,0.6662999999523436,0.8158000000119614,0.6324999999999932,0.5493999999761741,0.5491999999881045,0.6329999999999814,3.8296999999881223,1.514900000035766,0.932300000011935,0.6324999999999932,0.9656999999880327,0.5496000000238723,0.6493000000119196,0.6825000000000045,0.5995000000000346,0.7826000000238196,0.8326999999881082,2.7643000000119287,1.4986999999880481]",,,0.0,25.0,25.0,119.0,1.0,knie,mknie,question_multimodal.png,im_combination.png,,,,,,
,,,348676,1,21,2023-10-02_21h26.35.284,flesh_expressibility_dutch,2022.2.4,Win32,60.15399423,,,,18.0,1.0,Nederlands,,,,,,Engels,2.0,Duits,1.0,,0.0,,0.0,,0.0,,0.0,,0.0,,0.0,NL,2.0,2.0,2.0,1.0,,sensorypref1,sensorypref2,1536.0,864.0,,,,,,,,,,,,,,,,,,,,,,,,,,,,,,,,,,,22.0,411.4317,24.0,"[0.7493999999761627,0.7161000000238289,0.7828999999761663,0.6161000000238346,0.8658000000119159,0.6661999999880663,0.8158000000119614,0.6324999999999932,0.5493999999761741,0.5491999999881045,0.6329999999999814,3.8296999999881223,1.514900000035766,0.932300000011935,0.6323999999762009,0.9656999999880327,0.5496000000238723,0.6493000000119196,0.6824000000357273,0.5995000000000346,0.7824999999999704,0.8326999999881082,2.7643000000119287,1.498599999964199]","[0.7493999999761627,0.7161000000238289,0.7830000000000155,0.6162000000476837,0.8658000000119159,0.6662999999523436,0.8158000000119614,0.6324999999999932,0.5493999999761741,0.5491999999881045,0.6329999999999814,3.8296999999881223,1.514900000035766,0.932300000011935,0.6324999999999932,0.9656999999880327,0.5496000000238723,0.6493000000119196,0.6825000000000045,0.5995000000000346,0.7826000000238196,0.8326999999881082,2.7643000000119287,1.4986999999880481]",,,0.0,26.0,26.0,131.0,1.0,zand,mzand,question_multimodal.png,im_combination.png,,,,,,
,,,348676,1,21,2023-10-02_21h26.35.284,flesh_expressibility_dutch,2022.2.4,Win32,60.15399423,,,,18.0,1.0,Nederlands,,,,,,Engels,2.0,Duits,1.0,,0.0,,0.0,,0.0,,0.0,,0.0,,0.0,NL,2.0,2.0,2.0,1.0,,sensorypref1,sensorypref2,1536.0,864.0,,,,,,,,,,,,,,,,,,,,,,,,,,,,,,,,,,,20.0,412.452,25.0,"[0.7493999999761627,0.7161000000238289,0.7828999999761663,0.6161000000238346,0.8658000000119159,0.6661999999880663,0.8158000000119614,0.6324999999999932,0.5493999999761741,0.5491999999881045,0.6329999999999814,3.8296999999881223,1.514900000035766,0.932300000011935,0.6323999999762009,0.9656999999880327,0.5496000000238723,0.6493000000119196,0.6824000000357273,0.5995000000000346,0.7824999999999704,0.8326999999881082,2.7643000000119287,1.498599999964199,2.447599999964268]","[0.7493999999761627,0.7161000000238289,0.7830000000000155,0.6162000000476837,0.8658000000119159,0.6662999999523436,0.8158000000119614,0.6324999999999932,0.5493999999761741,0.5491999999881045,0.6329999999999814,3.8296999999881223,1.514900000035766,0.932300000011935,0.6324999999999932,0.9656999999880327,0.5496000000238723,0.6493000000119196,0.6825000000000045,0.5995000000000346,0.7826000000238196,0.8326999999881082,2.7643000000119287,1.4986999999880481,2.4476999999881173]",-0.949999986,7.7146,0.0,27.0,27.0,163.0,1.0,zout,mzout,question_multimodal.png,im_combination.png,,,,,,
,,,348676,1,21,2023-10-02_21h26.35.284,flesh_expressibility_dutch,2022.2.4,Win32,60.15399423,,,,18.0,1.0,Nederlands,,,,,,Engels,2.0,Duits,1.0,,0.0,,0.0,,0.0,,0.0,,0.0,,0.0,NL,2.0,2.0,2.0,1.0,,sensorypref1,sensorypref2,1536.0,864.0,,,,,,,,,,,,,,,,,,,,,,,,,,,,,,,,,,,22.0,422.4127,25.0,"[0.7493999999761627,0.7161000000238289,0.7828999999761663,0.6161000000238346,0.8658000000119159,0.6661999999880663,0.8158000000119614,0.6324999999999932,0.5493999999761741,0.5491999999881045,0.6329999999999814,3.8296999999881223,1.514900000035766,0.932300000011935,0.6323999999762009,0.9656999999880327,0.5496000000238723,0.6493000000119196,0.6824000000357273,0.5995000000000346,0.7824999999999704,0.8326999999881082,2.7643000000119287,1.498599999964199,2.447599999964268]","[0.7493999999761627,0.7161000000238289,0.7830000000000155,0.6162000000476837,0.8658000000119159,0.6662999999523436,0.8158000000119614,0.6324999999999932,0.5493999999761741,0.5491999999881045,0.6329999999999814,3.8296999999881223,1.514900000035766,0.932300000011935,0.6324999999999932,0.9656999999880327,0.5496000000238723,0.6493000000119196,0.6825000000000045,0.5995000000000346,0.7826000000238196,0.8326999999881082,2.7643000000119287,1.4986999999880481,2.4476999999881173]",,,0.0,28.0,28.0,100.0,1.0,vogel,mvogel,question_multimodal.png,im_combination.png,,,,,,
,,,348676,1,21,2023-10-02_21h26.35.284,flesh_expressibility_dutch,2022.2.4,Win32,60.15399423,,,,18.0,1.0,Nederlands,,,,,,Engels,2.0,Duits,1.0,,0.0,,0.0,,0.0,,0.0,,0.0,,0.0,NL,2.0,2.0,2.0,1.0,,sensorypref1,sensorypref2,1536.0,864.0,,,,,,,,,,,,,,,,,,,,,,,,,,,,,,,,,,,22.0,423.4082,25.0,"[0.7493999999761627,0.7161000000238289,0.7828999999761663,0.6161000000238346,0.8658000000119159,0.6661999999880663,0.8158000000119614,0.6324999999999932,0.5493999999761741,0.5491999999881045,0.6329999999999814,3.8296999999881223,1.514900000035766,0.932300000011935,0.6323999999762009,0.9656999999880327,0.5496000000238723,0.6493000000119196,0.6824000000357273,0.5995000000000346,0.7824999999999704,0.8326999999881082,2.7643000000119287,1.498599999964199,2.447599999964268]","[0.7493999999761627,0.7161000000238289,0.7830000000000155,0.6162000000476837,0.8658000000119159,0.6662999999523436,0.8158000000119614,0.6324999999999932,0.5493999999761741,0.5491999999881045,0.6329999999999814,3.8296999999881223,1.514900000035766,0.932300000011935,0.6324999999999932,0.9656999999880327,0.5496000000238723,0.6493000000119196,0.6825000000000045,0.5995000000000346,0.7826000000238196,0.8326999999881082,2.7643000000119287,1.4986999999880481,2.4476999999881173]",,,0.0,29.0,29.0,17.0,1.0,verschillend,mverschillend,question_multimodal.png,im_combination.png,,,,,,
,,,348676,1,21,2023-10-02_21h26.35.284,flesh_expressibility_dutch,2022.2.4,Win32,60.15399423,,,,18.0,1.0,Nederlands,,,,,,Engels,2.0,Duits,1.0,,0.0,,0.0,,0.0,,0.0,,0.0,,0.0,NL,2.0,2.0,2.0,1.0,,sensorypref1,sensorypref2,1536.0,864.0,,,,,,,,,,,,,,,,,,,,,,,,,,,,,,,,,,,22.0,424.4119,25.0,"[0.7493999999761627,0.7161000000238289,0.7828999999761663,0.6161000000238346,0.8658000000119159,0.6661999999880663,0.8158000000119614,0.6324999999999932,0.5493999999761741,0.5491999999881045,0.6329999999999814,3.8296999999881223,1.514900000035766,0.932300000011935,0.6323999999762009,0.9656999999880327,0.5496000000238723,0.6493000000119196,0.6824000000357273,0.5995000000000346,0.7824999999999704,0.8326999999881082,2.7643000000119287,1.498599999964199,2.447599999964268]","[0.7493999999761627,0.7161000000238289,0.7830000000000155,0.6162000000476837,0.8658000000119159,0.6662999999523436,0.8158000000119614,0.6324999999999932,0.5493999999761741,0.5491999999881045,0.6329999999999814,3.8296999999881223,1.514900000035766,0.932300000011935,0.6324999999999932,0.9656999999880327,0.5496000000238723,0.6493000000119196,0.6825000000000045,0.5995000000000346,0.7826000000238196,0.8326999999881082,2.7643000000119287,1.4986999999880481,2.4476999999881173]",,,0.0,30.0,30.0,24.0,1.0,levend,mlevend,question_multimodal.png,im_combination.png,,,,,,
,,,348676,1,21,2023-10-02_21h26.35.284,flesh_expressibility_dutch,2022.2.4,Win32,60.15399423,,,,18.0,1.0,Nederlands,,,,,,Engels,2.0,Duits,1.0,,0.0,,0.0,,0.0,,0.0,,0.0,,0.0,NL,2.0,2.0,2.0,1.0,,sensorypref1,sensorypref2,1536.0,864.0,,,,,,,,,,,,,,,,,,,,,,,,,,,,,,,,,,,22.0,425.39,25.0,"[0.7493999999761627,0.7161000000238289,0.7828999999761663,0.6161000000238346,0.8658000000119159,0.6661999999880663,0.8158000000119614,0.6324999999999932,0.5493999999761741,0.5491999999881045,0.6329999999999814,3.8296999999881223,1.514900000035766,0.932300000011935,0.6323999999762009,0.9656999999880327,0.5496000000238723,0.6493000000119196,0.6824000000357273,0.5995000000000346,0.7824999999999704,0.8326999999881082,2.7643000000119287,1.498599999964199,2.447599999964268]","[0.7493999999761627,0.7161000000238289,0.7830000000000155,0.6162000000476837,0.8658000000119159,0.6662999999523436,0.8158000000119614,0.6324999999999932,0.5493999999761741,0.5491999999881045,0.6329999999999814,3.8296999999881223,1.514900000035766,0.932300000011935,0.6324999999999932,0.9656999999880327,0.5496000000238723,0.6493000000119196,0.6825000000000045,0.5995000000000346,0.7826000000238196,0.8326999999881082,2.7643000000119287,1.4986999999880481,2.4476999999881173]",,,0.0,31.0,31.0,2.0,1.0,luidruchtig,mluidruchtig,question_multimodal.png,im_combination.png,,,,,,
,,,348676,1,21,2023-10-02_21h26.35.284,flesh_expressibility_dutch,2022.2.4,Win32,60.15399423,,,,18.0,1.0,Nederlands,,,,,,Engels,2.0,Duits,1.0,,0.0,,0.0,,0.0,,0.0,,0.0,,0.0,NL,2.0,2.0,2.0,1.0,,sensorypref1,sensorypref2,1536.0,864.0,,,,,,,,,,,,,,,,,,,,,,,,,,,,,,,,,,,22.0,426.4018,25.0,"[0.7493999999761627,0.7161000000238289,0.7828999999761663,0.6161000000238346,0.8658000000119159,0.6661999999880663,0.8158000000119614,0.6324999999999932,0.5493999999761741,0.5491999999881045,0.6329999999999814,3.8296999999881223,1.514900000035766,0.932300000011935,0.6323999999762009,0.9656999999880327,0.5496000000238723,0.6493000000119196,0.6824000000357273,0.5995000000000346,0.7824999999999704,0.8326999999881082,2.7643000000119287,1.498599999964199,2.447599999964268]","[0.7493999999761627,0.7161000000238289,0.7830000000000155,0.6162000000476837,0.8658000000119159,0.6662999999523436,0.8158000000119614,0.6324999999999932,0.5493999999761741,0.5491999999881045,0.6329999999999814,3.8296999999881223,1.514900000035766,0.932300000011935,0.6324999999999932,0.9656999999880327,0.5496000000238723,0.6493000000119196,0.6825000000000045,0.5995000000000346,0.7826000000238196,0.8326999999881082,2.7643000000119287,1.4986999999880481,2.4476999999881173]",,,0.0,32.0,32.0,165.0,1.0,hard,mhard,question_multimodal.png,im_combination.png,,,,,,
,,,348676,1,21,2023-10-02_21h26.35.284,flesh_expressibility_dutch,2022.2.4,Win32,60.15399423,,,,18.0,1.0,Nederlands,,,,,,Engels,2.0,Duits,1.0,,0.0,,0.0,,0.0,,0.0,,0.0,,0.0,NL,2.0,2.0,2.0,1.0,,sensorypref1,sensorypref2,1536.0,864.0,,,,,,,,,,,,,,,,,,,,,,,,,,,,,,,,,,,22.0,427.4229,25.0,"[0.7493999999761627,0.7161000000238289,0.7828999999761663,0.6161000000238346,0.8658000000119159,0.6661999999880663,0.8158000000119614,0.6324999999999932,0.5493999999761741,0.5491999999881045,0.6329999999999814,3.8296999999881223,1.514900000035766,0.932300000011935,0.6323999999762009,0.9656999999880327,0.5496000000238723,0.6493000000119196,0.6824000000357273,0.5995000000000346,0.7824999999999704,0.8326999999881082,2.7643000000119287,1.498599999964199,2.447599999964268]","[0.7493999999761627,0.7161000000238289,0.7830000000000155,0.6162000000476837,0.8658000000119159,0.6662999999523436,0.8158000000119614,0.6324999999999932,0.5493999999761741,0.5491999999881045,0.6329999999999814,3.8296999999881223,1.514900000035766,0.932300000011935,0.6324999999999932,0.9656999999880327,0.5496000000238723,0.6493000000119196,0.6825000000000045,0.5995000000000346,0.7826000000238196,0.8326999999881082,2.7643000000119287,1.4986999999880481,2.4476999999881173]",,,0.0,33.0,33.0,72.0,1.0,verrot,mverrot,question_multimodal.png,im_combination.png,,,,,,
,,,348676,1,21,2023-10-02_21h26.35.284,flesh_expressibility_dutch,2022.2.4,Win32,60.15399423,,,,18.0,1.0,Nederlands,,,,,,Engels,2.0,Duits,1.0,,0.0,,0.0,,0.0,,0.0,,0.0,,0.0,NL,2.0,2.0,2.0,1.0,,sensorypref1,sensorypref2,1536.0,864.0,,,,,,,,,,,,,,,,,,,,,,,,,,,,,,,,,,,22.0,428.4263,25.0,"[0.7493999999761627,0.7161000000238289,0.7828999999761663,0.6161000000238346,0.8658000000119159,0.6661999999880663,0.8158000000119614,0.6324999999999932,0.5493999999761741,0.5491999999881045,0.6329999999999814,3.8296999999881223,1.514900000035766,0.932300000011935,0.6323999999762009,0.9656999999880327,0.5496000000238723,0.6493000000119196,0.6824000000357273,0.5995000000000346,0.7824999999999704,0.8326999999881082,2.7643000000119287,1.498599999964199,2.447599999964268]","[0.7493999999761627,0.7161000000238289,0.7830000000000155,0.6162000000476837,0.8658000000119159,0.6662999999523436,0.8158000000119614,0.6324999999999932,0.5493999999761741,0.5491999999881045,0.6329999999999814,3.8296999999881223,1.514900000035766,0.932300000011935,0.6324999999999932,0.9656999999880327,0.5496000000238723,0.6493000000119196,0.6825000000000045,0.5995000000000346,0.7826000000238196,0.8326999999881082,2.7643000000119287,1.4986999999880481,2.4476999999881173]",,,0.0,34.0,34.0,79.0,1.0,veel,mveel,question_multimodal.png,im_combination.png,,,,,,
,,,348676,1,21,2023-10-02_21h26.35.284,flesh_expressibility_dutch,2022.2.4,Win32,60.15399423,,,,18.0,1.0,Nederlands,,,,,,Engels,2.0,Duits,1.0,,0.0,,0.0,,0.0,,0.0,,0.0,,0.0,NL,2.0,2.0,2.0,1.0,,sensorypref1,sensorypref2,1536.0,864.0,,,,,,,,,,,,,,,,,,,,,,,,,,,,,,,,,,,16.0,429.505,26.0,"[0.7493999999761627,0.7161000000238289,0.7828999999761663,0.6161000000238346,0.8658000000119159,0.6661999999880663,0.8158000000119614,0.6324999999999932,0.5493999999761741,0.5491999999881045,0.6329999999999814,3.8296999999881223,1.514900000035766,0.932300000011935,0.6323999999762009,0.9656999999880327,0.5496000000238723,0.6493000000119196,0.6824000000357273,0.5995000000000346,0.7824999999999704,0.8326999999881082,2.7643000000119287,1.498599999964199,2.447599999964268,0.8326000000238878]","[0.7493999999761627,0.7161000000238289,0.7830000000000155,0.6162000000476837,0.8658000000119159,0.6662999999523436,0.8158000000119614,0.6324999999999932,0.5493999999761741,0.5491999999881045,0.6329999999999814,3.8296999999881223,1.514900000035766,0.932300000011935,0.6324999999999932,0.9656999999880327,0.5496000000238723,0.6493000000119196,0.6825000000000045,0.5995000000000346,0.7826000000238196,0.8326999999881082,2.7643000000119287,1.4986999999880481,2.4476999999881173,0.8326999999881082]",0.961111281,4.818,0.0,35.0,35.0,172.0,1.0,één,méén,question_multimodal.png,im_combination.png,,,,,,
,,,348676,1,21,2023-10-02_21h26.35.284,flesh_expressibility_dutch,2022.2.4,Win32,60.15399423,,,,18.0,1.0,Nederlands,,,,,,Engels,2.0,Duits,1.0,,0.0,,0.0,,0.0,,0.0,,0.0,,0.0,NL,2.0,2.0,2.0,1.0,,sensorypref1,sensorypref2,1536.0,864.0,,,,,,,,,,,,,,,,,,,,,,,,,,,,,,,,,,,22.0,434.8859,26.0,"[0.7493999999761627,0.7161000000238289,0.7828999999761663,0.6161000000238346,0.8658000000119159,0.6661999999880663,0.8158000000119614,0.6324999999999932,0.5493999999761741,0.5491999999881045,0.6329999999999814,3.8296999999881223,1.514900000035766,0.932300000011935,0.6323999999762009,0.9656999999880327,0.5496000000238723,0.6493000000119196,0.6824000000357273,0.5995000000000346,0.7824999999999704,0.8326999999881082,2.7643000000119287,1.498599999964199,2.447599999964268,0.8326000000238878]","[0.7493999999761627,0.7161000000238289,0.7830000000000155,0.6162000000476837,0.8658000000119159,0.6662999999523436,0.8158000000119614,0.6324999999999932,0.5493999999761741,0.5491999999881045,0.6329999999999814,3.8296999999881223,1.514900000035766,0.932300000011935,0.6324999999999932,0.9656999999880327,0.5496000000238723,0.6493000000119196,0.6825000000000045,0.5995000000000346,0.7826000000238196,0.8326999999881082,2.7643000000119287,1.4986999999880481,2.4476999999881173,0.8326999999881082]",,,0.0,36.0,36.0,88.0,1.0,verzamelen,mverzamelen,question_multimodal.png,im_combination.png,,,,,,
,,,348676,1,21,2023-10-02_21h26.35.284,flesh_expressibility_dutch,2022.2.4,Win32,60.15399423,,,,18.0,1.0,Nederlands,,,,,,Engels,2.0,Duits,1.0,,0.0,,0.0,,0.0,,0.0,,0.0,,0.0,NL,2.0,2.0,2.0,1.0,,sensorypref1,sensorypref2,1536.0,864.0,,,,,,,,,,,,,,,,,,,,,,,,,,,,,,,,,,,22.0,435.9235,26.0,"[0.7493999999761627,0.7161000000238289,0.7828999999761663,0.6161000000238346,0.8658000000119159,0.6661999999880663,0.8158000000119614,0.6324999999999932,0.5493999999761741,0.5491999999881045,0.6329999999999814,3.8296999999881223,1.514900000035766,0.932300000011935,0.6323999999762009,0.9656999999880327,0.5496000000238723,0.6493000000119196,0.6824000000357273,0.5995000000000346,0.7824999999999704,0.8326999999881082,2.7643000000119287,1.498599999964199,2.447599999964268,0.8326000000238878]","[0.7493999999761627,0.7161000000238289,0.7830000000000155,0.6162000000476837,0.8658000000119159,0.6662999999523436,0.8158000000119614,0.6324999999999932,0.5493999999761741,0.5491999999881045,0.6329999999999814,3.8296999999881223,1.514900000035766,0.932300000011935,0.6324999999999932,0.9656999999880327,0.5496000000238723,0.6493000000119196,0.6825000000000045,0.5995000000000346,0.7826000000238196,0.8326999999881082,2.7643000000119287,1.4986999999880481,2.4476999999881173,0.8326999999881082]",,,0.0,37.0,37.0,60.0,1.0,luidruchtig,mluidruchtig,question_multimodal.png,im_combination.png,,,,,,
,,,348676,1,21,2023-10-02_21h26.35.284,flesh_expressibility_dutch,2022.2.4,Win32,60.15399423,,,,18.0,1.0,Nederlands,,,,,,Engels,2.0,Duits,1.0,,0.0,,0.0,,0.0,,0.0,,0.0,,0.0,NL,2.0,2.0,2.0,1.0,,sensorypref1,sensorypref2,1536.0,864.0,,,,,,,,,,,,,,,,,,,,,,,,,,,,,,,,,,,22.0,436.8663,26.0,"[0.7493999999761627,0.7161000000238289,0.7828999999761663,0.6161000000238346,0.8658000000119159,0.6661999999880663,0.8158000000119614,0.6324999999999932,0.5493999999761741,0.5491999999881045,0.6329999999999814,3.8296999999881223,1.514900000035766,0.932300000011935,0.6323999999762009,0.9656999999880327,0.5496000000238723,0.6493000000119196,0.6824000000357273,0.5995000000000346,0.7824999999999704,0.8326999999881082,2.7643000000119287,1.498599999964199,2.447599999964268,0.8326000000238878]","[0.7493999999761627,0.7161000000238289,0.7830000000000155,0.6162000000476837,0.8658000000119159,0.6662999999523436,0.8158000000119614,0.6324999999999932,0.5493999999761741,0.5491999999881045,0.6329999999999814,3.8296999999881223,1.514900000035766,0.932300000011935,0.6324999999999932,0.9656999999880327,0.5496000000238723,0.6493000000119196,0.6825000000000045,0.5995000000000346,0.7826000000238196,0.8326999999881082,2.7643000000119287,1.4986999999880481,2.4476999999881173,0.8326999999881082]",,,0.0,38.0,38.0,35.0,1.0,boos,mboos,question_multimodal.png,im_combination.png,,,,,,
,,,348676,1,21,2023-10-02_21h26.35.284,flesh_expressibility_dutch,2022.2.4,Win32,60.15399423,,,,18.0,1.0,Nederlands,,,,,,Engels,2.0,Duits,1.0,,0.0,,0.0,,0.0,,0.0,,0.0,,0.0,NL,2.0,2.0,2.0,1.0,,sensorypref1,sensorypref2,1536.0,864.0,,,,,,,,,,,,,,,,,,,,,,,,,,,,,,,,,,,22.0,437.9272,26.0,"[0.7493999999761627,0.7161000000238289,0.7828999999761663,0.6161000000238346,0.8658000000119159,0.6661999999880663,0.8158000000119614,0.6324999999999932,0.5493999999761741,0.5491999999881045,0.6329999999999814,3.8296999999881223,1.514900000035766,0.932300000011935,0.6323999999762009,0.9656999999880327,0.5496000000238723,0.6493000000119196,0.6824000000357273,0.5995000000000346,0.7824999999999704,0.8326999999881082,2.7643000000119287,1.498599999964199,2.447599999964268,0.8326000000238878]","[0.7493999999761627,0.7161000000238289,0.7830000000000155,0.6162000000476837,0.8658000000119159,0.6662999999523436,0.8158000000119614,0.6324999999999932,0.5493999999761741,0.5491999999881045,0.6329999999999814,3.8296999999881223,1.514900000035766,0.932300000011935,0.6324999999999932,0.9656999999880327,0.5496000000238723,0.6493000000119196,0.6825000000000045,0.5995000000000346,0.7826000000238196,0.8326999999881082,2.7643000000119287,1.4986999999880481,2.4476999999881173,0.8326999999881082]",,,0.0,39.0,39.0,32.0,1.0,vooraan,mvooraan,question_multimodal.png,im_combination.png,,,,,,
,,,348676,1,21,2023-10-02_21h26.35.284,flesh_expressibility_dutch,2022.2.4,Win32,60.15399423,,,,18.0,1.0,Nederlands,,,,,,Engels,2.0,Duits,1.0,,0.0,,0.0,,0.0,,0.0,,0.0,,0.0,NL,2.0,2.0,2.0,1.0,,sensorypref1,sensorypref2,1536.0,864.0,,,,,,,,,,,,,,,,,,,,,,,,,,,,,,,,,,,22.0,438.8918,26.0,"[0.7493999999761627,0.7161000000238289,0.7828999999761663,0.6161000000238346,0.8658000000119159,0.6661999999880663,0.8158000000119614,0.6324999999999932,0.5493999999761741,0.5491999999881045,0.6329999999999814,3.8296999999881223,1.514900000035766,0.932300000011935,0.6323999999762009,0.9656999999880327,0.5496000000238723,0.6493000000119196,0.6824000000357273,0.5995000000000346,0.7824999999999704,0.8326999999881082,2.7643000000119287,1.498599999964199,2.447599999964268,0.8326000000238878]","[0.7493999999761627,0.7161000000238289,0.7830000000000155,0.6162000000476837,0.8658000000119159,0.6662999999523436,0.8158000000119614,0.6324999999999932,0.5493999999761741,0.5491999999881045,0.6329999999999814,3.8296999999881223,1.514900000035766,0.932300000011935,0.6324999999999932,0.9656999999880327,0.5496000000238723,0.6493000000119196,0.6825000000000045,0.5995000000000346,0.7826000000238196,0.8326999999881082,2.7643000000119287,1.4986999999880481,2.4476999999881173,0.8326999999881082]",,,0.0,40.0,40.0,203.0,1.0,kat,mkat,question_multimodal.png,im_combination.png,,,,,,
,,,348676,1,21,2023-10-02_21h26.35.284,flesh_expressibility_dutch,2022.2.4,Win32,60.15399423,,,,18.0,1.0,Nederlands,,,,,,Engels,2.0,Duits,1.0,,0.0,,0.0,,0.0,,0.0,,0.0,,0.0,NL,2.0,2.0,2.0,1.0,,sensorypref1,sensorypref2,1536.0,864.0,,,,,,,,,,,,,,,,,,,,,,,,,,,,,,,,,,,22.0,439.9104,26.0,"[0.7493999999761627,0.7161000000238289,0.7828999999761663,0.6161000000238346,0.8658000000119159,0.6661999999880663,0.8158000000119614,0.6324999999999932,0.5493999999761741,0.5491999999881045,0.6329999999999814,3.8296999999881223,1.514900000035766,0.932300000011935,0.6323999999762009,0.9656999999880327,0.5496000000238723,0.6493000000119196,0.6824000000357273,0.5995000000000346,0.7824999999999704,0.8326999999881082,2.7643000000119287,1.498599999964199,2.447599999964268,0.8326000000238878]","[0.7493999999761627,0.7161000000238289,0.7830000000000155,0.6162000000476837,0.8658000000119159,0.6662999999523436,0.8158000000119614,0.6324999999999932,0.5493999999761741,0.5491999999881045,0.6329999999999814,3.8296999999881223,1.514900000035766,0.932300000011935,0.6324999999999932,0.9656999999880327,0.5496000000238723,0.6493000000119196,0.6825000000000045,0.5995000000000346,0.7826000000238196,0.8326999999881082,2.7643000000119287,1.4986999999880481,2.4476999999881173,0.8326999999881082]",,,0.0,41.0,41.0,71.0,1.0,geur,mgeur,question_multimodal.png,im_combination.png,,,,,,
,,,348676,1,21,2023-10-02_21h26.35.284,flesh_expressibility_dutch,2022.2.4,Win32,60.15399423,,,,18.0,1.0,Nederlands,,,,,,Engels,2.0,Duits,1.0,,0.0,,0.0,,0.0,,0.0,,0.0,,0.0,NL,2.0,2.0,2.0,1.0,,sensorypref1,sensorypref2,1536.0,864.0,,,,,,,,,,,,,,,,,,,,,,,,,,,,,,,,,,,22.0,440.9346,26.0,"[0.7493999999761627,0.7161000000238289,0.7828999999761663,0.6161000000238346,0.8658000000119159,0.6661999999880663,0.8158000000119614,0.6324999999999932,0.5493999999761741,0.5491999999881045,0.6329999999999814,3.8296999999881223,1.514900000035766,0.932300000011935,0.6323999999762009,0.9656999999880327,0.5496000000238723,0.6493000000119196,0.6824000000357273,0.5995000000000346,0.7824999999999704,0.8326999999881082,2.7643000000119287,1.498599999964199,2.447599999964268,0.8326000000238878]","[0.7493999999761627,0.7161000000238289,0.7830000000000155,0.6162000000476837,0.8658000000119159,0.6662999999523436,0.8158000000119614,0.6324999999999932,0.5493999999761741,0.5491999999881045,0.6329999999999814,3.8296999999881223,1.514900000035766,0.932300000011935,0.6324999999999932,0.9656999999880327,0.5496000000238723,0.6493000000119196,0.6825000000000045,0.5995000000000346,0.7826000000238196,0.8326999999881082,2.7643000000119287,1.4986999999880481,2.4476999999881173,0.8326999999881082]",,,0.0,42.0,42.0,38.0,1.0,blij,mblij,question_multimodal.png,im_combination.png,,,,,,
,,,348676,1,21,2023-10-02_21h26.35.284,flesh_expressibility_dutch,2022.2.4,Win32,60.15399423,,,,18.0,1.0,Nederlands,,,,,,Engels,2.0,Duits,1.0,,0.0,,0.0,,0.0,,0.0,,0.0,,0.0,NL,2.0,2.0,2.0,1.0,,sensorypref1,sensorypref2,1536.0,864.0,,,,,,,,,,,,,,,,,,,,,,,,,,,,,,,,,,,22.0,441.9257,26.0,"[0.7493999999761627,0.7161000000238289,0.7828999999761663,0.6161000000238346,0.8658000000119159,0.6661999999880663,0.8158000000119614,0.6324999999999932,0.5493999999761741,0.5491999999881045,0.6329999999999814,3.8296999999881223,1.514900000035766,0.932300000011935,0.6323999999762009,0.9656999999880327,0.5496000000238723,0.6493000000119196,0.6824000000357273,0.5995000000000346,0.7824999999999704,0.8326999999881082,2.7643000000119287,1.498599999964199,2.447599999964268,0.8326000000238878]","[0.7493999999761627,0.7161000000238289,0.7830000000000155,0.6162000000476837,0.8658000000119159,0.6662999999523436,0.8158000000119614,0.6324999999999932,0.5493999999761741,0.5491999999881045,0.6329999999999814,3.8296999999881223,1.514900000035766,0.932300000011935,0.6324999999999932,0.9656999999880327,0.5496000000238723,0.6493000000119196,0.6825000000000045,0.5995000000000346,0.7826000000238196,0.8326999999881082,2.7643000000119287,1.4986999999880481,2.4476999999881173,0.8326999999881082]",,,0.0,43.0,43.0,0.0,1.0,droog,mdroog,question_multimodal.png,im_combination.png,,,,,,
,,,348676,1,21,2023-10-02_21h26.35.284,flesh_expressibility_dutch,2022.2.4,Win32,60.15399423,,,,18.0,1.0,Nederlands,,,,,,Engels,2.0,Duits,1.0,,0.0,,0.0,,0.0,,0.0,,0.0,,0.0,NL,2.0,2.0,2.0,1.0,,sensorypref1,sensorypref2,1536.0,864.0,,,,,,,,,,,,,,,,,,,,,,,,,,,,,,,,,,,22.0,442.924,26.0,"[0.7493999999761627,0.7161000000238289,0.7828999999761663,0.6161000000238346,0.8658000000119159,0.6661999999880663,0.8158000000119614,0.6324999999999932,0.5493999999761741,0.5491999999881045,0.6329999999999814,3.8296999999881223,1.514900000035766,0.932300000011935,0.6323999999762009,0.9656999999880327,0.5496000000238723,0.6493000000119196,0.6824000000357273,0.5995000000000346,0.7824999999999704,0.8326999999881082,2.7643000000119287,1.498599999964199,2.447599999964268,0.8326000000238878]","[0.7493999999761627,0.7161000000238289,0.7830000000000155,0.6162000000476837,0.8658000000119159,0.6662999999523436,0.8158000000119614,0.6324999999999932,0.5493999999761741,0.5491999999881045,0.6329999999999814,3.8296999999881223,1.514900000035766,0.932300000011935,0.6324999999999932,0.9656999999880327,0.5496000000238723,0.6493000000119196,0.6825000000000045,0.5995000000000346,0.7826000000238196,0.8326999999881082,2.7643000000119287,1.4986999999880481,2.4476999999881173,0.8326999999881082]",,,0.0,44.0,44.0,201.0,1.0,gisteren,mgisteren,question_multimodal.png,im_combination.png,,,,,,
,,,348676,1,21,2023-10-02_21h26.35.284,flesh_expressibility_dutch,2022.2.4,Win32,60.15399423,,,,18.0,1.0,Nederlands,,,,,,Engels,2.0,Duits,1.0,,0.0,,0.0,,0.0,,0.0,,0.0,,0.0,NL,2.0,2.0,2.0,1.0,,sensorypref1,sensorypref2,1536.0,864.0,,,,,,,,,,,,,,,,,,,,,,,,,,,,,,,,,,,21.0,443.9182,27.0,"[0.7493999999761627,0.7161000000238289,0.7828999999761663,0.6161000000238346,0.8658000000119159,0.6661999999880663,0.8158000000119614,0.6324999999999932,0.5493999999761741,0.5491999999881045,0.6329999999999814,3.8296999999881223,1.514900000035766,0.932300000011935,0.6323999999762009,0.9656999999880327,0.5496000000238723,0.6493000000119196,0.6824000000357273,0.5995000000000346,0.7824999999999704,0.8326999999881082,2.7643000000119287,1.498599999964199,2.447599999964268,0.8326000000238878,5.061899999976163]","[0.7493999999761627,0.7161000000238289,0.7830000000000155,0.6162000000476837,0.8658000000119159,0.6662999999523436,0.8158000000119614,0.6324999999999932,0.5493999999761741,0.5491999999881045,0.6329999999999814,3.8296999999881223,1.514900000035766,0.932300000011935,0.6324999999999932,0.9656999999880327,0.5496000000238723,0.6493000000119196,0.6825000000000045,0.5995000000000346,0.7826000000238196,0.8326999999881082,2.7643000000119287,1.4986999999880481,2.4476999999881173,0.8326999999881082,5.062000000000012]",-0.966666681,9.9949,0.0,45.0,45.0,198.0,1.0,nieuw,mnieuw,question_multimodal.png,im_combination.png,,,,,,
,,,348676,1,21,2023-10-02_21h26.35.284,flesh_expressibility_dutch,2022.2.4,Win32,60.15399423,,,,18.0,1.0,Nederlands,,,,,,Engels,2.0,Duits,1.0,,0.0,,0.0,,0.0,,0.0,,0.0,,0.0,NL,2.0,2.0,2.0,1.0,,sensorypref1,sensorypref2,1536.0,864.0,,,,,,,,,,,,,,,,,,,,,,,,,,,,,,,,,,,21.0,454.7587,28.0,"[0.7493999999761627,0.7161000000238289,0.7828999999761663,0.6161000000238346,0.8658000000119159,0.6661999999880663,0.8158000000119614,0.6324999999999932,0.5493999999761741,0.5491999999881045,0.6329999999999814,3.8296999999881223,1.514900000035766,0.932300000011935,0.6323999999762009,0.9656999999880327,0.5496000000238723,0.6493000000119196,0.6824000000357273,0.5995000000000346,0.7824999999999704,0.8326999999881082,2.7643000000119287,1.498599999964199,2.447599999964268,0.8326000000238878,5.061899999976163,0.9158000000119273]","[0.7493999999761627,0.7161000000238289,0.7830000000000155,0.6162000000476837,0.8658000000119159,0.6662999999523436,0.8158000000119614,0.6324999999999932,0.5493999999761741,0.5491999999881045,0.6329999999999814,3.8296999999881223,1.514900000035766,0.932300000011935,0.6324999999999932,0.9656999999880327,0.5496000000238723,0.6493000000119196,0.6825000000000045,0.5995000000000346,0.7826000000238196,0.8326999999881082,2.7643000000119287,1.4986999999880481,2.4476999999881173,0.8326999999881082,5.062000000000012,0.9158000000119273]",0.90370376,5.8592,0.0,46.0,46.0,40.0,1.0,bang,mbang,question_multimodal.png,im_combination.png,,,,,,
,,,348676,1,21,2023-10-02_21h26.35.284,flesh_expressibility_dutch,2022.2.4,Win32,60.15399423,,,,18.0,1.0,Nederlands,,,,,,Engels,2.0,Duits,1.0,,0.0,,0.0,,0.0,,0.0,,0.0,,0.0,NL,2.0,2.0,2.0,1.0,,sensorypref1,sensorypref2,1536.0,864.0,,,,,,,,,,,,,,,,,,,,,,,,,,,,,,,,,,,22.0,461.4996,28.0,"[0.7493999999761627,0.7161000000238289,0.7828999999761663,0.6161000000238346,0.8658000000119159,0.6661999999880663,0.8158000000119614,0.6324999999999932,0.5493999999761741,0.5491999999881045,0.6329999999999814,3.8296999999881223,1.514900000035766,0.932300000011935,0.6323999999762009,0.9656999999880327,0.5496000000238723,0.6493000000119196,0.6824000000357273,0.5995000000000346,0.7824999999999704,0.8326999999881082,2.7643000000119287,1.498599999964199,2.447599999964268,0.8326000000238878,5.061899999976163,0.9158000000119273]","[0.7493999999761627,0.7161000000238289,0.7830000000000155,0.6162000000476837,0.8658000000119159,0.6662999999523436,0.8158000000119614,0.6324999999999932,0.5493999999761741,0.5491999999881045,0.6329999999999814,3.8296999999881223,1.514900000035766,0.932300000011935,0.6324999999999932,0.9656999999880327,0.5496000000238723,0.6493000000119196,0.6825000000000045,0.5995000000000346,0.7826000000238196,0.8326999999881082,2.7643000000119287,1.4986999999880481,2.4476999999881173,0.8326999999881082,5.062000000000012,0.9158000000119273]",,,0.0,47.0,47.0,37.0,1.0,walgen,mwalgen,question_multimodal.png,im_combination.png,,,,,,
,,,348676,1,21,2023-10-02_21h26.35.284,flesh_expressibility_dutch,2022.2.4,Win32,60.15399423,,,,18.0,1.0,Nederlands,,,,,,Engels,2.0,Duits,1.0,,0.0,,0.0,,0.0,,0.0,,0.0,,0.0,NL,2.0,2.0,2.0,1.0,,sensorypref1,sensorypref2,1536.0,864.0,,,,,,,,,,,,,,,,,,,,,,,,,,,,,,,,,,,22.0,462.551,28.0,"[0.7493999999761627,0.7161000000238289,0.7828999999761663,0.6161000000238346,0.8658000000119159,0.6661999999880663,0.8158000000119614,0.6324999999999932,0.5493999999761741,0.5491999999881045,0.6329999999999814,3.8296999999881223,1.514900000035766,0.932300000011935,0.6323999999762009,0.9656999999880327,0.5496000000238723,0.6493000000119196,0.6824000000357273,0.5995000000000346,0.7824999999999704,0.8326999999881082,2.7643000000119287,1.498599999964199,2.447599999964268,0.8326000000238878,5.061899999976163,0.9158000000119273]","[0.7493999999761627,0.7161000000238289,0.7830000000000155,0.6162000000476837,0.8658000000119159,0.6662999999523436,0.8158000000119614,0.6324999999999932,0.5493999999761741,0.5491999999881045,0.6329999999999814,3.8296999999881223,1.514900000035766,0.932300000011935,0.6324999999999932,0.9656999999880327,0.5496000000238723,0.6493000000119196,0.6825000000000045,0.5995000000000346,0.7826000000238196,0.8326999999881082,2.7643000000119287,1.4986999999880481,2.4476999999881173,0.8326999999881082,5.062000000000012,0.9158000000119273]",,,0.0,48.0,48.0,68.0,1.0,scherp,mscherp,question_multimodal.png,im_combination.png,,,,,,
,,,348676,1,21,2023-10-02_21h26.35.284,flesh_expressibility_dutch,2022.2.4,Win32,60.15399423,,,,18.0,1.0,Nederlands,,,,,,Engels,2.0,Duits,1.0,,0.0,,0.0,,0.0,,0.0,,0.0,,0.0,NL,2.0,2.0,2.0,1.0,,sensorypref1,sensorypref2,1536.0,864.0,,,,,,,,,,,,,,,,,,,,,,,,,,,,,,,,,,,22.0,463.5343,28.0,"[0.7493999999761627,0.7161000000238289,0.7828999999761663,0.6161000000238346,0.8658000000119159,0.6661999999880663,0.8158000000119614,0.6324999999999932,0.5493999999761741,0.5491999999881045,0.6329999999999814,3.8296999999881223,1.514900000035766,0.932300000011935,0.6323999999762009,0.9656999999880327,0.5496000000238723,0.6493000000119196,0.6824000000357273,0.5995000000000346,0.7824999999999704,0.8326999999881082,2.7643000000119287,1.498599999964199,2.447599999964268,0.8326000000238878,5.061899999976163,0.9158000000119273]","[0.7493999999761627,0.7161000000238289,0.7830000000000155,0.6162000000476837,0.8658000000119159,0.6662999999523436,0.8158000000119614,0.6324999999999932,0.5493999999761741,0.5491999999881045,0.6329999999999814,3.8296999999881223,1.514900000035766,0.932300000011935,0.6324999999999932,0.9656999999880327,0.5496000000238723,0.6493000000119196,0.6825000000000045,0.5995000000000346,0.7826000000238196,0.8326999999881082,2.7643000000119287,1.4986999999880481,2.4476999999881173,0.8326999999881082,5.062000000000012,0.9158000000119273]",,,0.0,49.0,49.0,136.0,1.0,komen,mkomen,question_multimodal.png,im_combination.png,,,,,,
,,,348676,1,21,2023-10-02_21h26.35.284,flesh_expressibility_dutch,2022.2.4,Win32,60.15399423,,,,18.0,1.0,Nederlands,,,,,,Engels,2.0,Duits,1.0,,0.0,,0.0,,0.0,,0.0,,0.0,,0.0,NL,2.0,2.0,2.0,1.0,,sensorypref1,sensorypref2,1536.0,864.0,,,,,,,,,,,,,,,,,,,,,,,,,,,,,,,,,,,22.0,464.5106,28.0,"[0.7493999999761627,0.7161000000238289,0.7828999999761663,0.6161000000238346,0.8658000000119159,0.6661999999880663,0.8158000000119614,0.6324999999999932,0.5493999999761741,0.5491999999881045,0.6329999999999814,3.8296999999881223,1.514900000035766,0.932300000011935,0.6323999999762009,0.9656999999880327,0.5496000000238723,0.6493000000119196,0.6824000000357273,0.5995000000000346,0.7824999999999704,0.8326999999881082,2.7643000000119287,1.498599999964199,2.447599999964268,0.8326000000238878,5.061899999976163,0.9158000000119273]","[0.7493999999761627,0.7161000000238289,0.7830000000000155,0.6162000000476837,0.8658000000119159,0.6662999999523436,0.8158000000119614,0.6324999999999932,0.5493999999761741,0.5491999999881045,0.6329999999999814,3.8296999999881223,1.514900000035766,0.932300000011935,0.6324999999999932,0.9656999999880327,0.5496000000238723,0.6493000000119196,0.6825000000000045,0.5995000000000346,0.7826000000238196,0.8326999999881082,2.7643000000119287,1.4986999999880481,2.4476999999881173,0.8326999999881082,5.062000000000012,0.9158000000119273]",,,0.0,50.0,50.0,78.0,1.0,wit,mwit,question_multimodal.png,im_combination.png,,,,,,
,,,348676,1,21,2023-10-02_21h26.35.284,flesh_expressibility_dutch,2022.2.4,Win32,60.15399423,,,,18.0,1.0,Nederlands,,,,,,Engels,2.0,Duits,1.0,,0.0,,0.0,,0.0,,0.0,,0.0,,0.0,NL,2.0,2.0,2.0,1.0,,sensorypref1,sensorypref2,1536.0,864.0,,,,,,,,,,,,,,,,,,,,,,,,,,,,,,,,,,,22.0,465.5337,28.0,"[0.7493999999761627,0.7161000000238289,0.7828999999761663,0.6161000000238346,0.8658000000119159,0.6661999999880663,0.8158000000119614,0.6324999999999932,0.5493999999761741,0.5491999999881045,0.6329999999999814,3.8296999999881223,1.514900000035766,0.932300000011935,0.6323999999762009,0.9656999999880327,0.5496000000238723,0.6493000000119196,0.6824000000357273,0.5995000000000346,0.7824999999999704,0.8326999999881082,2.7643000000119287,1.498599999964199,2.447599999964268,0.8326000000238878,5.061899999976163,0.9158000000119273]","[0.7493999999761627,0.7161000000238289,0.7830000000000155,0.6162000000476837,0.8658000000119159,0.6662999999523436,0.8158000000119614,0.6324999999999932,0.5493999999761741,0.5491999999881045,0.6329999999999814,3.8296999999881223,1.514900000035766,0.932300000011935,0.6324999999999932,0.9656999999880327,0.5496000000238723,0.6493000000119196,0.6825000000000045,0.5995000000000346,0.7826000000238196,0.8326999999881082,2.7643000000119287,1.4986999999880481,2.4476999999881173,0.8326999999881082,5.062000000000012,0.9158000000119273]",,,0.0,51.0,51.0,143.0,1.0,vermalen,mvermalen,question_multimodal.png,im_combination.png,,,,,,
,,,348676,1,21,2023-10-02_21h26.35.284,flesh_expressibility_dutch,2022.2.4,Win32,60.15399423,,,,18.0,1.0,Nederlands,,,,,,Engels,2.0,Duits,1.0,,0.0,,0.0,,0.0,,0.0,,0.0,,0.0,NL,2.0,2.0,2.0,1.0,,sensorypref1,sensorypref2,1536.0,864.0,,,,,,,,,,,,,,,,,,,,,,,,,,,,,,,,,,,22.0,466.5528,28.0,"[0.7493999999761627,0.7161000000238289,0.7828999999761663,0.6161000000238346,0.8658000000119159,0.6661999999880663,0.8158000000119614,0.6324999999999932,0.5493999999761741,0.5491999999881045,0.6329999999999814,3.8296999999881223,1.514900000035766,0.932300000011935,0.6323999999762009,0.9656999999880327,0.5496000000238723,0.6493000000119196,0.6824000000357273,0.5995000000000346,0.7824999999999704,0.8326999999881082,2.7643000000119287,1.498599999964199,2.447599999964268,0.8326000000238878,5.061899999976163,0.9158000000119273]","[0.7493999999761627,0.7161000000238289,0.7830000000000155,0.6162000000476837,0.8658000000119159,0.6662999999523436,0.8158000000119614,0.6324999999999932,0.5493999999761741,0.5491999999881045,0.6329999999999814,3.8296999999881223,1.514900000035766,0.932300000011935,0.6324999999999932,0.9656999999880327,0.5496000000238723,0.6493000000119196,0.6825000000000045,0.5995000000000346,0.7826000000238196,0.8326999999881082,2.7643000000119287,1.4986999999880481,2.4476999999881173,0.8326999999881082,5.062000000000012,0.9158000000119273]",,,0.0,52.0,52.0,99.0,1.0,mier,mmier,question_multimodal.png,im_combination.png,,,,,,
,,,348676,1,21,2023-10-02_21h26.35.284,flesh_expressibility_dutch,2022.2.4,Win32,60.15399423,,,,18.0,1.0,Nederlands,,,,,,Engels,2.0,Duits,1.0,,0.0,,0.0,,0.0,,0.0,,0.0,,0.0,NL,2.0,2.0,2.0,1.0,,sensorypref1,sensorypref2,1536.0,864.0,,,,,,,,,,,,,,,,,,,,,,,,,,,,,,,,,,,17.0,467.5099,29.0,"[0.7493999999761627,0.7161000000238289,0.7828999999761663,0.6161000000238346,0.8658000000119159,0.6661999999880663,0.8158000000119614,0.6324999999999932,0.5493999999761741,0.5491999999881045,0.6329999999999814,3.8296999999881223,1.514900000035766,0.932300000011935,0.6323999999762009,0.9656999999880327,0.5496000000238723,0.6493000000119196,0.6824000000357273,0.5995000000000346,0.7824999999999704,0.8326999999881082,2.7643000000119287,1.498599999964199,2.447599999964268,0.8326000000238878,5.061899999976163,0.9158000000119273,0.5991999999881159]","[0.7493999999761627,0.7161000000238289,0.7830000000000155,0.6162000000476837,0.8658000000119159,0.6662999999523436,0.8158000000119614,0.6324999999999932,0.5493999999761741,0.5491999999881045,0.6329999999999814,3.8296999999881223,1.514900000035766,0.932300000011935,0.6324999999999932,0.9656999999880327,0.5496000000238723,0.6493000000119196,0.6825000000000045,0.5995000000000346,0.7826000000238196,0.8326999999881082,2.7643000000119287,1.4986999999880481,2.4476999999881173,0.8326999999881082,5.062000000000012,0.9158000000119273,0.5991999999881159]",-0.735185199,4.3329,0.0,53.0,53.0,197.0,1.0,rots,mrots,question_multimodal.png,im_combination.png,,,,,,
,,,348676,1,21,2023-10-02_21h26.35.284,flesh_expressibility_dutch,2022.2.4,Win32,60.15399423,,,,18.0,1.0,Nederlands,,,,,,Engels,2.0,Duits,1.0,,0.0,,0.0,,0.0,,0.0,,0.0,,0.0,NL,2.0,2.0,2.0,1.0,,sensorypref1,sensorypref2,1536.0,864.0,,,,,,,,,,,,,,,,,,,,,,,,,,,,,,,,,,,22.0,472.2693,29.0,"[0.7493999999761627,0.7161000000238289,0.7828999999761663,0.6161000000238346,0.8658000000119159,0.6661999999880663,0.8158000000119614,0.6324999999999932,0.5493999999761741,0.5491999999881045,0.6329999999999814,3.8296999999881223,1.514900000035766,0.932300000011935,0.6323999999762009,0.9656999999880327,0.5496000000238723,0.6493000000119196,0.6824000000357273,0.5995000000000346,0.7824999999999704,0.8326999999881082,2.7643000000119287,1.498599999964199,2.447599999964268,0.8326000000238878,5.061899999976163,0.9158000000119273,0.5991999999881159]","[0.7493999999761627,0.7161000000238289,0.7830000000000155,0.6162000000476837,0.8658000000119159,0.6662999999523436,0.8158000000119614,0.6324999999999932,0.5493999999761741,0.5491999999881045,0.6329999999999814,3.8296999999881223,1.514900000035766,0.932300000011935,0.6324999999999932,0.9656999999880327,0.5496000000238723,0.6493000000119196,0.6825000000000045,0.5995000000000346,0.7826000000238196,0.8326999999881082,2.7643000000119287,1.4986999999880481,2.4476999999881173,0.8326999999881082,5.062000000000012,0.9158000000119273,0.5991999999881159]",,,0.0,54.0,54.0,102.0,1.0,vis,mvis,question_multimodal.png,im_combination.png,,,,,,
,,,348676,1,21,2023-10-02_21h26.35.284,flesh_expressibility_dutch,2022.2.4,Win32,60.15399423,,,,18.0,1.0,Nederlands,,,,,,Engels,2.0,Duits,1.0,,0.0,,0.0,,0.0,,0.0,,0.0,,0.0,NL,2.0,2.0,2.0,1.0,,sensorypref1,sensorypref2,1536.0,864.0,,,,,,,,,,,,,,,,,,,,,,,,,,,,,,,,,,,22.0,473.2813,29.0,"[0.7493999999761627,0.7161000000238289,0.7828999999761663,0.6161000000238346,0.8658000000119159,0.6661999999880663,0.8158000000119614,0.6324999999999932,0.5493999999761741,0.5491999999881045,0.6329999999999814,3.8296999999881223,1.514900000035766,0.932300000011935,0.6323999999762009,0.9656999999880327,0.5496000000238723,0.6493000000119196,0.6824000000357273,0.5995000000000346,0.7824999999999704,0.8326999999881082,2.7643000000119287,1.498599999964199,2.447599999964268,0.8326000000238878,5.061899999976163,0.9158000000119273,0.5991999999881159]","[0.7493999999761627,0.7161000000238289,0.7830000000000155,0.6162000000476837,0.8658000000119159,0.6662999999523436,0.8158000000119614,0.6324999999999932,0.5493999999761741,0.5491999999881045,0.6329999999999814,3.8296999999881223,1.514900000035766,0.932300000011935,0.6324999999999932,0.9656999999880327,0.5496000000238723,0.6493000000119196,0.6825000000000045,0.5995000000000346,0.7826000000238196,0.8326999999881082,2.7643000000119287,1.4986999999880481,2.4476999999881173,0.8326999999881082,5.062000000000012,0.9158000000119273,0.5991999999881159]",,,0.0,55.0,55.0,63.0,1.0,hartig,mhartig,question_multimodal.png,im_combination.png,,,,,,
,,,348676,1,21,2023-10-02_21h26.35.284,flesh_expressibility_dutch,2022.2.4,Win32,60.15399423,,,,18.0,1.0,Nederlands,,,,,,Engels,2.0,Duits,1.0,,0.0,,0.0,,0.0,,0.0,,0.0,,0.0,NL,2.0,2.0,2.0,1.0,,sensorypref1,sensorypref2,1536.0,864.0,,,,,,,,,,,,,,,,,,,,,,,,,,,,,,,,,,,22.0,474.2715,29.0,"[0.7493999999761627,0.7161000000238289,0.7828999999761663,0.6161000000238346,0.8658000000119159,0.6661999999880663,0.8158000000119614,0.6324999999999932,0.5493999999761741,0.5491999999881045,0.6329999999999814,3.8296999999881223,1.514900000035766,0.932300000011935,0.6323999999762009,0.9656999999880327,0.5496000000238723,0.6493000000119196,0.6824000000357273,0.5995000000000346,0.7824999999999704,0.8326999999881082,2.7643000000119287,1.498599999964199,2.447599999964268,0.8326000000238878,5.061899999976163,0.9158000000119273,0.5991999999881159]","[0.7493999999761627,0.7161000000238289,0.7830000000000155,0.6162000000476837,0.8658000000119159,0.6662999999523436,0.8158000000119614,0.6324999999999932,0.5493999999761741,0.5491999999881045,0.6329999999999814,3.8296999999881223,1.514900000035766,0.932300000011935,0.6324999999999932,0.9656999999880327,0.5496000000238723,0.6493000000119196,0.6825000000000045,0.5995000000000346,0.7826000000238196,0.8326999999881082,2.7643000000119287,1.4986999999880481,2.4476999999881173,0.8326999999881082,5.062000000000012,0.9158000000119273,0.5991999999881159]",,,0.0,56.0,56.0,147.0,1.0,knopen,mknopen,question_multimodal.png,im_combination.png,,,,,,
,,,348676,1,21,2023-10-02_21h26.35.284,flesh_expressibility_dutch,2022.2.4,Win32,60.15399423,,,,18.0,1.0,Nederlands,,,,,,Engels,2.0,Duits,1.0,,0.0,,0.0,,0.0,,0.0,,0.0,,0.0,NL,2.0,2.0,2.0,1.0,,sensorypref1,sensorypref2,1536.0,864.0,,,,,,,,,,,,,,,,,,,,,,,,,,,,,,,,,,,22.0,475.2866,29.0,"[0.7493999999761627,0.7161000000238289,0.7828999999761663,0.6161000000238346,0.8658000000119159,0.6661999999880663,0.8158000000119614,0.6324999999999932,0.5493999999761741,0.5491999999881045,0.6329999999999814,3.8296999999881223,1.514900000035766,0.932300000011935,0.6323999999762009,0.9656999999880327,0.5496000000238723,0.6493000000119196,0.6824000000357273,0.5995000000000346,0.7824999999999704,0.8326999999881082,2.7643000000119287,1.498599999964199,2.447599999964268,0.8326000000238878,5.061899999976163,0.9158000000119273,0.5991999999881159]","[0.7493999999761627,0.7161000000238289,0.7830000000000155,0.6162000000476837,0.8658000000119159,0.6662999999523436,0.8158000000119614,0.6324999999999932,0.5493999999761741,0.5491999999881045,0.6329999999999814,3.8296999999881223,1.514900000035766,0.932300000011935,0.6324999999999932,0.9656999999880327,0.5496000000238723,0.6493000000119196,0.6825000000000045,0.5995000000000346,0.7826000000238196,0.8326999999881082,2.7643000000119287,1.4986999999880481,2.4476999999881173,0.8326999999881082,5.062000000000012,0.9158000000119273,0.5991999999881159]",,,0.0,57.0,57.0,128.0,1.0,weten,mweten,question_multimodal.png,im_combination.png,,,,,,
,,,348676,1,21,2023-10-02_21h26.35.284,flesh_expressibility_dutch,2022.2.4,Win32,60.15399423,,,,18.0,1.0,Nederlands,,,,,,Engels,2.0,Duits,1.0,,0.0,,0.0,,0.0,,0.0,,0.0,,0.0,NL,2.0,2.0,2.0,1.0,,sensorypref1,sensorypref2,1536.0,864.0,,,,,,,,,,,,,,,,,,,,,,,,,,,,,,,,,,,21.0,476.2908,30.0,"[0.7493999999761627,0.7161000000238289,0.7828999999761663,0.6161000000238346,0.8658000000119159,0.6661999999880663,0.8158000000119614,0.6324999999999932,0.5493999999761741,0.5491999999881045,0.6329999999999814,3.8296999999881223,1.514900000035766,0.932300000011935,0.6323999999762009,0.9656999999880327,0.5496000000238723,0.6493000000119196,0.6824000000357273,0.5995000000000346,0.7824999999999704,0.8326999999881082,2.7643000000119287,1.498599999964199,2.447599999964268,0.8326000000238878,5.061899999976163,0.9158000000119273,0.5991999999881159,1.1490999999642213]","[0.7493999999761627,0.7161000000238289,0.7830000000000155,0.6162000000476837,0.8658000000119159,0.6662999999523436,0.8158000000119614,0.6324999999999932,0.5493999999761741,0.5491999999881045,0.6329999999999814,3.8296999999881223,1.514900000035766,0.932300000011935,0.6324999999999932,0.9656999999880327,0.5496000000238723,0.6493000000119196,0.6825000000000045,0.5995000000000346,0.7826000000238196,0.8326999999881082,2.7643000000119287,1.4986999999880481,2.4476999999881173,0.8326999999881082,5.062000000000012,0.9158000000119273,0.5991999999881159,1.1491999999880704]",0.979629799,5.4064,0.0,58.0,58.0,106.0,1.0,hand,mhand,question_multimodal.png,im_combination.png,,,,,,
,,,348676,1,21,2023-10-02_21h26.35.284,flesh_expressibility_dutch,2022.2.4,Win32,60.15399423,,,,18.0,1.0,Nederlands,,,,,,Engels,2.0,Duits,1.0,,0.0,,0.0,,0.0,,0.0,,0.0,,0.0,NL,2.0,2.0,2.0,1.0,,sensorypref1,sensorypref2,1536.0,864.0,,,,,,,,,,,,,,,,,,,,,,,,,,,,,,,,,,,22.0,482.6194,30.0,"[0.7493999999761627,0.7161000000238289,0.7828999999761663,0.6161000000238346,0.8658000000119159,0.6661999999880663,0.8158000000119614,0.6324999999999932,0.5493999999761741,0.5491999999881045,0.6329999999999814,3.8296999999881223,1.514900000035766,0.932300000011935,0.6323999999762009,0.9656999999880327,0.5496000000238723,0.6493000000119196,0.6824000000357273,0.5995000000000346,0.7824999999999704,0.8326999999881082,2.7643000000119287,1.498599999964199,2.447599999964268,0.8326000000238878,5.061899999976163,0.9158000000119273,0.5991999999881159,1.1490999999642213]","[0.7493999999761627,0.7161000000238289,0.7830000000000155,0.6162000000476837,0.8658000000119159,0.6662999999523436,0.8158000000119614,0.6324999999999932,0.5493999999761741,0.5491999999881045,0.6329999999999814,3.8296999999881223,1.514900000035766,0.932300000011935,0.6324999999999932,0.9656999999880327,0.5496000000238723,0.6493000000119196,0.6825000000000045,0.5995000000000346,0.7826000000238196,0.8326999999881082,2.7643000000119287,1.4986999999880481,2.4476999999881173,0.8326999999881082,5.062000000000012,0.9158000000119273,0.5991999999881159,1.1491999999880704]",,,0.0,59.0,59.0,28.0,1.0,man,mman,question_multimodal.png,im_combination.png,,,,,,
,,,348676,1,21,2023-10-02_21h26.35.284,flesh_expressibility_dutch,2022.2.4,Win32,60.15399423,,,,18.0,1.0,Nederlands,,,,,,Engels,2.0,Duits,1.0,,0.0,,0.0,,0.0,,0.0,,0.0,,0.0,NL,2.0,2.0,2.0,1.0,,sensorypref1,sensorypref2,1536.0,864.0,,,,,,,,,,,,,,,,,,,,,,,,,,,,,,,,,,,22.0,483.64,30.0,"[0.7493999999761627,0.7161000000238289,0.7828999999761663,0.6161000000238346,0.8658000000119159,0.6661999999880663,0.8158000000119614,0.6324999999999932,0.5493999999761741,0.5491999999881045,0.6329999999999814,3.8296999999881223,1.514900000035766,0.932300000011935,0.6323999999762009,0.9656999999880327,0.5496000000238723,0.6493000000119196,0.6824000000357273,0.5995000000000346,0.7824999999999704,0.8326999999881082,2.7643000000119287,1.498599999964199,2.447599999964268,0.8326000000238878,5.061899999976163,0.9158000000119273,0.5991999999881159,1.1490999999642213]","[0.7493999999761627,0.7161000000238289,0.7830000000000155,0.6162000000476837,0.8658000000119159,0.6662999999523436,0.8158000000119614,0.6324999999999932,0.5493999999761741,0.5491999999881045,0.6329999999999814,3.8296999999881223,1.514900000035766,0.932300000011935,0.6324999999999932,0.9656999999880327,0.5496000000238723,0.6493000000119196,0.6825000000000045,0.5995000000000346,0.7826000000238196,0.8326999999881082,2.7643000000119287,1.4986999999880481,2.4476999999881173,0.8326999999881082,5.062000000000012,0.9158000000119273,0.5991999999881159,1.1491999999880704]",,,0.0,60.0,60.0,57.0,1.0,fruit,mfruit,question_multimodal.png,im_combination.png,,,,,,
,,,348676,1,21,2023-10-02_21h26.35.284,flesh_expressibility_dutch,2022.2.4,Win32,60.15399423,,,,18.0,1.0,Nederlands,,,,,,Engels,2.0,Duits,1.0,,0.0,,0.0,,0.0,,0.0,,0.0,,0.0,NL,2.0,2.0,2.0,1.0,,sensorypref1,sensorypref2,1536.0,864.0,,,,,,,,,,,,,,,,,,,,,,,,,,,,,,,,,,,22.0,484.6626,30.0,"[0.7493999999761627,0.7161000000238289,0.7828999999761663,0.6161000000238346,0.8658000000119159,0.6661999999880663,0.8158000000119614,0.6324999999999932,0.5493999999761741,0.5491999999881045,0.6329999999999814,3.8296999999881223,1.514900000035766,0.932300000011935,0.6323999999762009,0.9656999999880327,0.5496000000238723,0.6493000000119196,0.6824000000357273,0.5995000000000346,0.7824999999999704,0.8326999999881082,2.7643000000119287,1.498599999964199,2.447599999964268,0.8326000000238878,5.061899999976163,0.9158000000119273,0.5991999999881159,1.1490999999642213]","[0.7493999999761627,0.7161000000238289,0.7830000000000155,0.6162000000476837,0.8658000000119159,0.6662999999523436,0.8158000000119614,0.6324999999999932,0.5493999999761741,0.5491999999881045,0.6329999999999814,3.8296999999881223,1.514900000035766,0.932300000011935,0.6324999999999932,0.9656999999880327,0.5496000000238723,0.6493000000119196,0.6825000000000045,0.5995000000000346,0.7826000000238196,0.8326999999881082,2.7643000000119287,1.4986999999880481,2.4476999999881173,0.8326999999881082,5.062000000000012,0.9158000000119273,0.5991999999881159,1.1491999999880704]",,,0.0,61.0,61.0,91.0,1.0,koud,mkoud,question_multimodal.png,im_combination.png,,,,,,
,,,348676,1,21,2023-10-02_21h26.35.284,flesh_expressibility_dutch,2022.2.4,Win32,60.15399423,,,,18.0,1.0,Nederlands,,,,,,Engels,2.0,Duits,1.0,,0.0,,0.0,,0.0,,0.0,,0.0,,0.0,NL,2.0,2.0,2.0,1.0,,sensorypref1,sensorypref2,1536.0,864.0,,,,,,,,,,,,,,,,,,,,,,,,,,,,,,,,,,,22.0,485.632,30.0,"[0.7493999999761627,0.7161000000238289,0.7828999999761663,0.6161000000238346,0.8658000000119159,0.6661999999880663,0.8158000000119614,0.6324999999999932,0.5493999999761741,0.5491999999881045,0.6329999999999814,3.8296999999881223,1.514900000035766,0.932300000011935,0.6323999999762009,0.9656999999880327,0.5496000000238723,0.6493000000119196,0.6824000000357273,0.5995000000000346,0.7824999999999704,0.8326999999881082,2.7643000000119287,1.498599999964199,2.447599999964268,0.8326000000238878,5.061899999976163,0.9158000000119273,0.5991999999881159,1.1490999999642213]","[0.7493999999761627,0.7161000000238289,0.7830000000000155,0.6162000000476837,0.8658000000119159,0.6662999999523436,0.8158000000119614,0.6324999999999932,0.5493999999761741,0.5491999999881045,0.6329999999999814,3.8296999999881223,1.514900000035766,0.932300000011935,0.6324999999999932,0.9656999999880327,0.5496000000238723,0.6493000000119196,0.6825000000000045,0.5995000000000346,0.7826000000238196,0.8326999999881082,2.7643000000119287,1.4986999999880481,2.4476999999881173,0.8326999999881082,5.062000000000012,0.9158000000119273,0.5991999999881159,1.1491999999880704]",,,0.0,62.0,62.0,145.0,1.0,slaan,mslaan,question_multimodal.png,im_combination.png,,,,,,
,,,348676,1,21,2023-10-02_21h26.35.284,flesh_expressibility_dutch,2022.2.4,Win32,60.15399423,,,,18.0,1.0,Nederlands,,,,,,Engels,2.0,Duits,1.0,,0.0,,0.0,,0.0,,0.0,,0.0,,0.0,NL,2.0,2.0,2.0,1.0,,sensorypref1,sensorypref2,1536.0,864.0,,,,,,,,,,,,,,,,,,,,,,,,,,,,,,,,,,,22.0,486.6597,30.0,"[0.7493999999761627,0.7161000000238289,0.7828999999761663,0.6161000000238346,0.8658000000119159,0.6661999999880663,0.8158000000119614,0.6324999999999932,0.5493999999761741,0.5491999999881045,0.6329999999999814,3.8296999999881223,1.514900000035766,0.932300000011935,0.6323999999762009,0.9656999999880327,0.5496000000238723,0.6493000000119196,0.6824000000357273,0.5995000000000346,0.7824999999999704,0.8326999999881082,2.7643000000119287,1.498599999964199,2.447599999964268,0.8326000000238878,5.061899999976163,0.9158000000119273,0.5991999999881159,1.1490999999642213]","[0.7493999999761627,0.7161000000238289,0.7830000000000155,0.6162000000476837,0.8658000000119159,0.6662999999523436,0.8158000000119614,0.6324999999999932,0.5493999999761741,0.5491999999881045,0.6329999999999814,3.8296999999881223,1.514900000035766,0.932300000011935,0.6324999999999932,0.9656999999880327,0.5496000000238723,0.6493000000119196,0.6825000000000045,0.5995000000000346,0.7826000000238196,0.8326999999881082,2.7643000000119287,1.4986999999880481,2.4476999999881173,0.8326999999881082,5.062000000000012,0.9158000000119273,0.5991999999881159,1.1491999999880704]",,,0.0,63.0,63.0,103.0,1.0,vlieg,mvlieg,question_multimodal.png,im_combination.png,,,,,,
,,,348676,1,21,2023-10-02_21h26.35.284,flesh_expressibility_dutch,2022.2.4,Win32,60.15399423,,,,18.0,1.0,Nederlands,,,,,,Engels,2.0,Duits,1.0,,0.0,,0.0,,0.0,,0.0,,0.0,,0.0,NL,2.0,2.0,2.0,1.0,,sensorypref1,sensorypref2,1536.0,864.0,,,,,,,,,,,,,,,,,,,,,,,,,,,,,,,,,,,22.0,487.618,30.0,"[0.7493999999761627,0.7161000000238289,0.7828999999761663,0.6161000000238346,0.8658000000119159,0.6661999999880663,0.8158000000119614,0.6324999999999932,0.5493999999761741,0.5491999999881045,0.6329999999999814,3.8296999999881223,1.514900000035766,0.932300000011935,0.6323999999762009,0.9656999999880327,0.5496000000238723,0.6493000000119196,0.6824000000357273,0.5995000000000346,0.7824999999999704,0.8326999999881082,2.7643000000119287,1.498599999964199,2.447599999964268,0.8326000000238878,5.061899999976163,0.9158000000119273,0.5991999999881159,1.1490999999642213]","[0.7493999999761627,0.7161000000238289,0.7830000000000155,0.6162000000476837,0.8658000000119159,0.6662999999523436,0.8158000000119614,0.6324999999999932,0.5493999999761741,0.5491999999881045,0.6329999999999814,3.8296999999881223,1.514900000035766,0.932300000011935,0.6324999999999932,0.9656999999880327,0.5496000000238723,0.6493000000119196,0.6825000000000045,0.5995000000000346,0.7826000000238196,0.8326999999881082,2.7643000000119287,1.4986999999880481,2.4476999999881173,0.8326999999881082,5.062000000000012,0.9158000000119273,0.5991999999881159,1.1491999999880704]",,,0.0,64.0,64.0,62.0,1.0,piepen,mpiepen,question_multimodal.png,im_combination.png,,,,,,
,,,348676,1,21,2023-10-02_21h26.35.284,flesh_expressibility_dutch,2022.2.4,Win32,60.15399423,,,,18.0,1.0,Nederlands,,,,,,Engels,2.0,Duits,1.0,,0.0,,0.0,,0.0,,0.0,,0.0,,0.0,NL,2.0,2.0,2.0,1.0,,sensorypref1,sensorypref2,1536.0,864.0,,,,,,,,,,,,,,,,,,,,,,,,,,,,,,,,,,,22.0,488.6413,30.0,"[0.7493999999761627,0.7161000000238289,0.7828999999761663,0.6161000000238346,0.8658000000119159,0.6661999999880663,0.8158000000119614,0.6324999999999932,0.5493999999761741,0.5491999999881045,0.6329999999999814,3.8296999999881223,1.514900000035766,0.932300000011935,0.6323999999762009,0.9656999999880327,0.5496000000238723,0.6493000000119196,0.6824000000357273,0.5995000000000346,0.7824999999999704,0.8326999999881082,2.7643000000119287,1.498599999964199,2.447599999964268,0.8326000000238878,5.061899999976163,0.9158000000119273,0.5991999999881159,1.1490999999642213]","[0.7493999999761627,0.7161000000238289,0.7830000000000155,0.6162000000476837,0.8658000000119159,0.6662999999523436,0.8158000000119614,0.6324999999999932,0.5493999999761741,0.5491999999881045,0.6329999999999814,3.8296999999881223,1.514900000035766,0.932300000011935,0.6324999999999932,0.9656999999880327,0.5496000000238723,0.6493000000119196,0.6825000000000045,0.5995000000000346,0.7826000000238196,0.8326999999881082,2.7643000000119287,1.4986999999880481,2.4476999999881173,0.8326999999881082,5.062000000000012,0.9158000000119273,0.5991999999881159,1.1491999999880704]",,,0.0,65.0,65.0,117.0,1.0,haar,mhaar,question_multimodal.png,im_combination.png,,,,,,
,,,348676,1,21,2023-10-02_21h26.35.284,flesh_expressibility_dutch,2022.2.4,Win32,60.15399423,,,,18.0,1.0,Nederlands,,,,,,Engels,2.0,Duits,1.0,,0.0,,0.0,,0.0,,0.0,,0.0,,0.0,NL,2.0,2.0,2.0,1.0,,sensorypref1,sensorypref2,1536.0,864.0,,,,,,,,,,,,,,,,,,,,,,,,,,,,,,,,,,,22.0,489.6466,30.0,"[0.7493999999761627,0.7161000000238289,0.7828999999761663,0.6161000000238346,0.8658000000119159,0.6661999999880663,0.8158000000119614,0.6324999999999932,0.5493999999761741,0.5491999999881045,0.6329999999999814,3.8296999999881223,1.514900000035766,0.932300000011935,0.6323999999762009,0.9656999999880327,0.5496000000238723,0.6493000000119196,0.6824000000357273,0.5995000000000346,0.7824999999999704,0.8326999999881082,2.7643000000119287,1.498599999964199,2.447599999964268,0.8326000000238878,5.061899999976163,0.9158000000119273,0.5991999999881159,1.1490999999642213]","[0.7493999999761627,0.7161000000238289,0.7830000000000155,0.6162000000476837,0.8658000000119159,0.6662999999523436,0.8158000000119614,0.6324999999999932,0.5493999999761741,0.5491999999881045,0.6329999999999814,3.8296999999881223,1.514900000035766,0.932300000011935,0.6324999999999932,0.9656999999880327,0.5496000000238723,0.6493000000119196,0.6825000000000045,0.5995000000000346,0.7826000000238196,0.8326999999881082,2.7643000000119287,1.4986999999880481,2.4476999999881173,0.8326999999881082,5.062000000000012,0.9158000000119273,0.5991999999881159,1.1491999999880704]",,,0.0,66.0,66.0,70.0,1.0,aanraken,maanraken,question_multimodal.png,im_combination.png,,,,,,
,,,348676,1,21,2023-10-02_21h26.35.284,flesh_expressibility_dutch,2022.2.4,Win32,60.15399423,,,,18.0,1.0,Nederlands,,,,,,Engels,2.0,Duits,1.0,,0.0,,0.0,,0.0,,0.0,,0.0,,0.0,NL,2.0,2.0,2.0,1.0,,sensorypref1,sensorypref2,1536.0,864.0,,,,,,,,,,,,,,,,,,,,,,,,,,,,,,,,,,,22.0,490.6293,30.0,"[0.7493999999761627,0.7161000000238289,0.7828999999761663,0.6161000000238346,0.8658000000119159,0.6661999999880663,0.8158000000119614,0.6324999999999932,0.5493999999761741,0.5491999999881045,0.6329999999999814,3.8296999999881223,1.514900000035766,0.932300000011935,0.6323999999762009,0.9656999999880327,0.5496000000238723,0.6493000000119196,0.6824000000357273,0.5995000000000346,0.7824999999999704,0.8326999999881082,2.7643000000119287,1.498599999964199,2.447599999964268,0.8326000000238878,5.061899999976163,0.9158000000119273,0.5991999999881159,1.1490999999642213]","[0.7493999999761627,0.7161000000238289,0.7830000000000155,0.6162000000476837,0.8658000000119159,0.6662999999523436,0.8158000000119614,0.6324999999999932,0.5493999999761741,0.5491999999881045,0.6329999999999814,3.8296999999881223,1.514900000035766,0.932300000011935,0.6324999999999932,0.9656999999880327,0.5496000000238723,0.6493000000119196,0.6825000000000045,0.5995000000000346,0.7826000000238196,0.8326999999881082,2.7643000000119287,1.4986999999880481,2.4476999999881173,0.8326999999881082,5.062000000000012,0.9158000000119273,0.5991999999881159,1.1491999999880704]",,,0.0,67.0,67.0,36.0,1.0,slecht,mslecht,question_multimodal.png,im_combination.png,,,,,,
,,,348676,1,21,2023-10-02_21h26.35.284,flesh_expressibility_dutch,2022.2.4,Win32,60.15399423,,,,18.0,1.0,Nederlands,,,,,,Engels,2.0,Duits,1.0,,0.0,,0.0,,0.0,,0.0,,0.0,,0.0,NL,2.0,2.0,2.0,1.0,,sensorypref1,sensorypref2,1536.0,864.0,,,,,,,,,,,,,,,,,,,,,,,,,,,,,,,,,,,22.0,491.661,30.0,"[0.7493999999761627,0.7161000000238289,0.7828999999761663,0.6161000000238346,0.8658000000119159,0.6661999999880663,0.8158000000119614,0.6324999999999932,0.5493999999761741,0.5491999999881045,0.6329999999999814,3.8296999999881223,1.514900000035766,0.932300000011935,0.6323999999762009,0.9656999999880327,0.5496000000238723,0.6493000000119196,0.6824000000357273,0.5995000000000346,0.7824999999999704,0.8326999999881082,2.7643000000119287,1.498599999964199,2.447599999964268,0.8326000000238878,5.061899999976163,0.9158000000119273,0.5991999999881159,1.1490999999642213]","[0.7493999999761627,0.7161000000238289,0.7830000000000155,0.6162000000476837,0.8658000000119159,0.6662999999523436,0.8158000000119614,0.6324999999999932,0.5493999999761741,0.5491999999881045,0.6329999999999814,3.8296999999881223,1.514900000035766,0.932300000011935,0.6324999999999932,0.9656999999880327,0.5496000000238723,0.6493000000119196,0.6825000000000045,0.5995000000000346,0.7826000000238196,0.8326999999881082,2.7643000000119287,1.4986999999880481,2.4476999999881173,0.8326999999881082,5.062000000000012,0.9158000000119273,0.5991999999881159,1.1491999999880704]",,,0.0,68.0,68.0,144.0,1.0,geven,mgeven,question_multimodal.png,im_combination.png,,,,,,
,,,348676,1,21,2023-10-02_21h26.35.284,flesh_expressibility_dutch,2022.2.4,Win32,60.15399423,,,,18.0,1.0,Nederlands,,,,,,Engels,2.0,Duits,1.0,,0.0,,0.0,,0.0,,0.0,,0.0,,0.0,NL,2.0,2.0,2.0,1.0,,sensorypref1,sensorypref2,1536.0,864.0,,,,,,,,,,,,,,,,,,,,,,,,,,,,,,,,,,,22.0,492.6941,30.0,"[0.7493999999761627,0.7161000000238289,0.7828999999761663,0.6161000000238346,0.8658000000119159,0.6661999999880663,0.8158000000119614,0.6324999999999932,0.5493999999761741,0.5491999999881045,0.6329999999999814,3.8296999999881223,1.514900000035766,0.932300000011935,0.6323999999762009,0.9656999999880327,0.5496000000238723,0.6493000000119196,0.6824000000357273,0.5995000000000346,0.7824999999999704,0.8326999999881082,2.7643000000119287,1.498599999964199,2.447599999964268,0.8326000000238878,5.061899999976163,0.9158000000119273,0.5991999999881159,1.1490999999642213]","[0.7493999999761627,0.7161000000238289,0.7830000000000155,0.6162000000476837,0.8658000000119159,0.6662999999523436,0.8158000000119614,0.6324999999999932,0.5493999999761741,0.5491999999881045,0.6329999999999814,3.8296999999881223,1.514900000035766,0.932300000011935,0.6324999999999932,0.9656999999880327,0.5496000000238723,0.6493000000119196,0.6825000000000045,0.5995000000000346,0.7826000000238196,0.8326999999881082,2.7643000000119287,1.4986999999880481,2.4476999999881173,0.8326999999881082,5.062000000000012,0.9158000000119273,0.5991999999881159,1.1491999999880704]",,,0.0,69.0,69.0,191.0,1.0,vuur,mvuur,question_multimodal.png,im_combination.png,,,,,,
,,,348676,1,21,2023-10-02_21h26.35.284,flesh_expressibility_dutch,2022.2.4,Win32,60.15399423,,,,18.0,1.0,Nederlands,,,,,,Engels,2.0,Duits,1.0,,0.0,,0.0,,0.0,,0.0,,0.0,,0.0,NL,2.0,2.0,2.0,1.0,,sensorypref1,sensorypref2,1536.0,864.0,,,,,,,,,,,,,,,,,,,,,,,,,,,,,,,,,,,22.0,493.6648,30.0,"[0.7493999999761627,0.7161000000238289,0.7828999999761663,0.6161000000238346,0.8658000000119159,0.6661999999880663,0.8158000000119614,0.6324999999999932,0.5493999999761741,0.5491999999881045,0.6329999999999814,3.8296999999881223,1.514900000035766,0.932300000011935,0.6323999999762009,0.9656999999880327,0.5496000000238723,0.6493000000119196,0.6824000000357273,0.5995000000000346,0.7824999999999704,0.8326999999881082,2.7643000000119287,1.498599999964199,2.447599999964268,0.8326000000238878,5.061899999976163,0.9158000000119273,0.5991999999881159,1.1490999999642213]","[0.7493999999761627,0.7161000000238289,0.7830000000000155,0.6162000000476837,0.8658000000119159,0.6662999999523436,0.8158000000119614,0.6324999999999932,0.5493999999761741,0.5491999999881045,0.6329999999999814,3.8296999999881223,1.514900000035766,0.932300000011935,0.6324999999999932,0.9656999999880327,0.5496000000238723,0.6493000000119196,0.6825000000000045,0.5995000000000346,0.7826000000238196,0.8326999999881082,2.7643000000119287,1.4986999999880481,2.4476999999881173,0.8326999999881082,5.062000000000012,0.9158000000119273,0.5991999999881159,1.1491999999880704]",,,0.0,70.0,70.0,1.0,1.0,zoemen,mzoemen,question_multimodal.png,im_combination.png,,,,,,
,,,348676,1,21,2023-10-02_21h26.35.284,flesh_expressibility_dutch,2022.2.4,Win32,60.15399423,,,,18.0,1.0,Nederlands,,,,,,Engels,2.0,Duits,1.0,,0.0,,0.0,,0.0,,0.0,,0.0,,0.0,NL,2.0,2.0,2.0,1.0,,sensorypref1,sensorypref2,1536.0,864.0,,,,,,,,,,,,,,,,,,,,,,,,,,,,,,,,,,,22.0,494.646,30.0,"[0.7493999999761627,0.7161000000238289,0.7828999999761663,0.6161000000238346,0.8658000000119159,0.6661999999880663,0.8158000000119614,0.6324999999999932,0.5493999999761741,0.5491999999881045,0.6329999999999814,3.8296999999881223,1.514900000035766,0.932300000011935,0.6323999999762009,0.9656999999880327,0.5496000000238723,0.6493000000119196,0.6824000000357273,0.5995000000000346,0.7824999999999704,0.8326999999881082,2.7643000000119287,1.498599999964199,2.447599999964268,0.8326000000238878,5.061899999976163,0.9158000000119273,0.5991999999881159,1.1490999999642213]","[0.7493999999761627,0.7161000000238289,0.7830000000000155,0.6162000000476837,0.8658000000119159,0.6662999999523436,0.8158000000119614,0.6324999999999932,0.5493999999761741,0.5491999999881045,0.6329999999999814,3.8296999999881223,1.514900000035766,0.932300000011935,0.6324999999999932,0.9656999999880327,0.5496000000238723,0.6493000000119196,0.6825000000000045,0.5995000000000346,0.7826000000238196,0.8326999999881082,2.7643000000119287,1.4986999999880481,2.4476999999881173,0.8326999999881082,5.062000000000012,0.9158000000119273,0.5991999999881159,1.1491999999880704]",,,0.0,71.0,71.0,61.0,1.0,laag (ruimtelijk),mlaag (ruimtelijk),question_multimodal.png,im_combination.png,,,,,,
,,,348676,1,21,2023-10-02_21h26.35.284,flesh_expressibility_dutch,2022.2.4,Win32,60.15399423,,,,18.0,1.0,Nederlands,,,,,,Engels,2.0,Duits,1.0,,0.0,,0.0,,0.0,,0.0,,0.0,,0.0,NL,2.0,2.0,2.0,1.0,,sensorypref1,sensorypref2,1536.0,864.0,,,,,,,,,,,,,,,,,,,,,,,,,,,,,,,,,,,22.0,495.6275,30.0,"[0.7493999999761627,0.7161000000238289,0.7828999999761663,0.6161000000238346,0.8658000000119159,0.6661999999880663,0.8158000000119614,0.6324999999999932,0.5493999999761741,0.5491999999881045,0.6329999999999814,3.8296999999881223,1.514900000035766,0.932300000011935,0.6323999999762009,0.9656999999880327,0.5496000000238723,0.6493000000119196,0.6824000000357273,0.5995000000000346,0.7824999999999704,0.8326999999881082,2.7643000000119287,1.498599999964199,2.447599999964268,0.8326000000238878,5.061899999976163,0.9158000000119273,0.5991999999881159,1.1490999999642213]","[0.7493999999761627,0.7161000000238289,0.7830000000000155,0.6162000000476837,0.8658000000119159,0.6662999999523436,0.8158000000119614,0.6324999999999932,0.5493999999761741,0.5491999999881045,0.6329999999999814,3.8296999999881223,1.514900000035766,0.932300000011935,0.6324999999999932,0.9656999999880327,0.5496000000238723,0.6493000000119196,0.6825000000000045,0.5995000000000346,0.7826000000238196,0.8326999999881082,2.7643000000119287,1.4986999999880481,2.4476999999881173,0.8326999999881082,5.062000000000012,0.9158000000119273,0.5991999999881159,1.1491999999880704]",,,0.0,72.0,72.0,185.0,1.0,in,min,question_multimodal.png,im_combination.png,,,,,,
,,,348676,1,21,2023-10-02_21h26.35.284,flesh_expressibility_dutch,2022.2.4,Win32,60.15399423,,,,18.0,1.0,Nederlands,,,,,,Engels,2.0,Duits,1.0,,0.0,,0.0,,0.0,,0.0,,0.0,,0.0,NL,2.0,2.0,2.0,1.0,,sensorypref1,sensorypref2,1536.0,864.0,,,,,,,,,,,,,,,,,,,,,,,,,,,,,,,,,,,22.0,496.6236,30.0,"[0.7493999999761627,0.7161000000238289,0.7828999999761663,0.6161000000238346,0.8658000000119159,0.6661999999880663,0.8158000000119614,0.6324999999999932,0.5493999999761741,0.5491999999881045,0.6329999999999814,3.8296999999881223,1.514900000035766,0.932300000011935,0.6323999999762009,0.9656999999880327,0.5496000000238723,0.6493000000119196,0.6824000000357273,0.5995000000000346,0.7824999999999704,0.8326999999881082,2.7643000000119287,1.498599999964199,2.447599999964268,0.8326000000238878,5.061899999976163,0.9158000000119273,0.5991999999881159,1.1490999999642213]","[0.7493999999761627,0.7161000000238289,0.7830000000000155,0.6162000000476837,0.8658000000119159,0.6662999999523436,0.8158000000119614,0.6324999999999932,0.5493999999761741,0.5491999999881045,0.6329999999999814,3.8296999999881223,1.514900000035766,0.932300000011935,0.6324999999999932,0.9656999999880327,0.5496000000238723,0.6493000000119196,0.6825000000000045,0.5995000000000346,0.7826000000238196,0.8326999999881082,2.7643000000119287,1.4986999999880481,2.4476999999881173,0.8326999999881082,5.062000000000012,0.9158000000119273,0.5991999999881159,1.1491999999880704]",,,0.0,73.0,73.0,154.0,1.0,zeggen,mzeggen,question_multimodal.png,im_combination.png,,,,,,
,,,348676,1,21,2023-10-02_21h26.35.284,flesh_expressibility_dutch,2022.2.4,Win32,60.15399423,,,,18.0,1.0,Nederlands,,,,,,Engels,2.0,Duits,1.0,,0.0,,0.0,,0.0,,0.0,,0.0,,0.0,NL,2.0,2.0,2.0,1.0,,sensorypref1,sensorypref2,1536.0,864.0,,,,,,,,,,,,,,,,,,,,,,,,,,,,,,,,,,,22.0,497.6281,30.0,"[0.7493999999761627,0.7161000000238289,0.7828999999761663,0.6161000000238346,0.8658000000119159,0.6661999999880663,0.8158000000119614,0.6324999999999932,0.5493999999761741,0.5491999999881045,0.6329999999999814,3.8296999999881223,1.514900000035766,0.932300000011935,0.6323999999762009,0.9656999999880327,0.5496000000238723,0.6493000000119196,0.6824000000357273,0.5995000000000346,0.7824999999999704,0.8326999999881082,2.7643000000119287,1.498599999964199,2.447599999964268,0.8326000000238878,5.061899999976163,0.9158000000119273,0.5991999999881159,1.1490999999642213]","[0.7493999999761627,0.7161000000238289,0.7830000000000155,0.6162000000476837,0.8658000000119159,0.6662999999523436,0.8158000000119614,0.6324999999999932,0.5493999999761741,0.5491999999881045,0.6329999999999814,3.8296999999881223,1.514900000035766,0.932300000011935,0.6324999999999932,0.9656999999880327,0.5496000000238723,0.6493000000119196,0.6825000000000045,0.5995000000000346,0.7826000000238196,0.8326999999881082,2.7643000000119287,1.4986999999880481,2.4476999999881173,0.8326999999881082,5.062000000000012,0.9158000000119273,0.5991999999881159,1.1491999999880704]",,,0.0,74.0,74.0,34.0,1.0,vergeten,mvergeten,question_multimodal.png,im_combination.png,,,,,,
,,,348676,1,21,2023-10-02_21h26.35.284,flesh_expressibility_dutch,2022.2.4,Win32,60.15399423,,,,18.0,1.0,Nederlands,,,,,,Engels,2.0,Duits,1.0,,0.0,,0.0,,0.0,,0.0,,0.0,,0.0,NL,2.0,2.0,2.0,1.0,,sensorypref1,sensorypref2,1536.0,864.0,,,,,,,,,,,,,,,,,,,,,,,,,,,,,,,,,,,20.0,498.6357,31.0,"[0.7493999999761627,0.7161000000238289,0.7828999999761663,0.6161000000238346,0.8658000000119159,0.6661999999880663,0.8158000000119614,0.6324999999999932,0.5493999999761741,0.5491999999881045,0.6329999999999814,3.8296999999881223,1.514900000035766,0.932300000011935,0.6323999999762009,0.9656999999880327,0.5496000000238723,0.6493000000119196,0.6824000000357273,0.5995000000000346,0.7824999999999704,0.8326999999881082,2.7643000000119287,1.498599999964199,2.447599999964268,0.8326000000238878,5.061899999976163,0.9158000000119273,0.5991999999881159,1.1490999999642213,9.007700000047748]","[0.7493999999761627,0.7161000000238289,0.7830000000000155,0.6162000000476837,0.8658000000119159,0.6662999999523436,0.8158000000119614,0.6324999999999932,0.5493999999761741,0.5491999999881045,0.6329999999999814,3.8296999999881223,1.514900000035766,0.932300000011935,0.6324999999999932,0.9656999999880327,0.5496000000238723,0.6493000000119196,0.6825000000000045,0.5995000000000346,0.7826000000238196,0.8326999999881082,2.7643000000119287,1.4986999999880481,2.4476999999881173,0.8326999999881082,5.062000000000012,0.9158000000119273,0.5991999999881159,1.1491999999880704,9.007800000012026]",-0.431481397,18.0129,0.0,75.0,75.0,116.0,1.0,oog,moog,question_multimodal.png,im_combination.png,,,,,,
,,,348676,1,21,2023-10-02_21h26.35.284,flesh_expressibility_dutch,2022.2.4,Win32,60.15399423,,,,18.0,1.0,Nederlands,,,,,,Engels,2.0,Duits,1.0,,0.0,,0.0,,0.0,,0.0,,0.0,,0.0,NL,2.0,2.0,2.0,1.0,,sensorypref1,sensorypref2,1536.0,864.0,,,,,,,,,,,,,,,,,,,,,,,,,,,,,,,,,,,22.0,517.2802,31.0,"[0.7493999999761627,0.7161000000238289,0.7828999999761663,0.6161000000238346,0.8658000000119159,0.6661999999880663,0.8158000000119614,0.6324999999999932,0.5493999999761741,0.5491999999881045,0.6329999999999814,3.8296999999881223,1.514900000035766,0.932300000011935,0.6323999999762009,0.9656999999880327,0.5496000000238723,0.6493000000119196,0.6824000000357273,0.5995000000000346,0.7824999999999704,0.8326999999881082,2.7643000000119287,1.498599999964199,2.447599999964268,0.8326000000238878,5.061899999976163,0.9158000000119273,0.5991999999881159,1.1490999999642213,9.007700000047748]","[0.7493999999761627,0.7161000000238289,0.7830000000000155,0.6162000000476837,0.8658000000119159,0.6662999999523436,0.8158000000119614,0.6324999999999932,0.5493999999761741,0.5491999999881045,0.6329999999999814,3.8296999999881223,1.514900000035766,0.932300000011935,0.6324999999999932,0.9656999999880327,0.5496000000238723,0.6493000000119196,0.6825000000000045,0.5995000000000346,0.7826000000238196,0.8326999999881082,2.7643000000119287,1.4986999999880481,2.4476999999881173,0.8326999999881082,5.062000000000012,0.9158000000119273,0.5991999999881159,1.1491999999880704,9.007800000012026]",,,0.0,76.0,76.0,190.0,1.0,ei,mei,question_multimodal.png,im_combination.png,,,,,,
,,,348676,1,21,2023-10-02_21h26.35.284,flesh_expressibility_dutch,2022.2.4,Win32,60.15399423,,,,18.0,1.0,Nederlands,,,,,,Engels,2.0,Duits,1.0,,0.0,,0.0,,0.0,,0.0,,0.0,,0.0,NL,2.0,2.0,2.0,1.0,,sensorypref1,sensorypref2,1536.0,864.0,,,,,,,,,,,,,,,,,,,,,,,,,,,,,,,,,,,22.0,518.3059,31.0,"[0.7493999999761627,0.7161000000238289,0.7828999999761663,0.6161000000238346,0.8658000000119159,0.6661999999880663,0.8158000000119614,0.6324999999999932,0.5493999999761741,0.5491999999881045,0.6329999999999814,3.8296999999881223,1.514900000035766,0.932300000011935,0.6323999999762009,0.9656999999880327,0.5496000000238723,0.6493000000119196,0.6824000000357273,0.5995000000000346,0.7824999999999704,0.8326999999881082,2.7643000000119287,1.498599999964199,2.447599999964268,0.8326000000238878,5.061899999976163,0.9158000000119273,0.5991999999881159,1.1490999999642213,9.007700000047748]","[0.7493999999761627,0.7161000000238289,0.7830000000000155,0.6162000000476837,0.8658000000119159,0.6662999999523436,0.8158000000119614,0.6324999999999932,0.5493999999761741,0.5491999999881045,0.6329999999999814,3.8296999999881223,1.514900000035766,0.932300000011935,0.6324999999999932,0.9656999999880327,0.5496000000238723,0.6493000000119196,0.6825000000000045,0.5995000000000346,0.7826000000238196,0.8326999999881082,2.7643000000119287,1.4986999999880481,2.4476999999881173,0.8326999999881082,5.062000000000012,0.9158000000119273,0.5991999999881159,1.1491999999880704,9.007800000012026]",,,0.0,77.0,77.0,64.0,1.0,smaak,msmaak,question_multimodal.png,im_combination.png,,,,,,
,,,348676,1,21,2023-10-02_21h26.35.284,flesh_expressibility_dutch,2022.2.4,Win32,60.15399423,,,,18.0,1.0,Nederlands,,,,,,Engels,2.0,Duits,1.0,,0.0,,0.0,,0.0,,0.0,,0.0,,0.0,NL,2.0,2.0,2.0,1.0,,sensorypref1,sensorypref2,1536.0,864.0,,,,,,,,,,,,,,,,,,,,,,,,,,,,,,,,,,,22.0,519.2605,31.0,"[0.7493999999761627,0.7161000000238289,0.7828999999761663,0.6161000000238346,0.8658000000119159,0.6661999999880663,0.8158000000119614,0.6324999999999932,0.5493999999761741,0.5491999999881045,0.6329999999999814,3.8296999999881223,1.514900000035766,0.932300000011935,0.6323999999762009,0.9656999999880327,0.5496000000238723,0.6493000000119196,0.6824000000357273,0.5995000000000346,0.7824999999999704,0.8326999999881082,2.7643000000119287,1.498599999964199,2.447599999964268,0.8326000000238878,5.061899999976163,0.9158000000119273,0.5991999999881159,1.1490999999642213,9.007700000047748]","[0.7493999999761627,0.7161000000238289,0.7830000000000155,0.6162000000476837,0.8658000000119159,0.6662999999523436,0.8158000000119614,0.6324999999999932,0.5493999999761741,0.5491999999881045,0.6329999999999814,3.8296999999881223,1.514900000035766,0.932300000011935,0.6324999999999932,0.9656999999880327,0.5496000000238723,0.6493000000119196,0.6825000000000045,0.5995000000000346,0.7826000000238196,0.8326999999881082,2.7643000000119287,1.4986999999880481,2.4476999999881173,0.8326999999881082,5.062000000000012,0.9158000000119273,0.5991999999881159,1.1491999999880704,9.007800000012026]",,,0.0,78.0,78.0,90.0,1.0,slapen,mslapen,question_multimodal.png,im_combination.png,,,,,,
,,,348676,1,21,2023-10-02_21h26.35.284,flesh_expressibility_dutch,2022.2.4,Win32,60.15399423,,,,18.0,1.0,Nederlands,,,,,,Engels,2.0,Duits,1.0,,0.0,,0.0,,0.0,,0.0,,0.0,,0.0,NL,2.0,2.0,2.0,1.0,,sensorypref1,sensorypref2,1536.0,864.0,,,,,,,,,,,,,,,,,,,,,,,,,,,,,,,,,,,22.0,520.2998,31.0,"[0.7493999999761627,0.7161000000238289,0.7828999999761663,0.6161000000238346,0.8658000000119159,0.6661999999880663,0.8158000000119614,0.6324999999999932,0.5493999999761741,0.5491999999881045,0.6329999999999814,3.8296999999881223,1.514900000035766,0.932300000011935,0.6323999999762009,0.9656999999880327,0.5496000000238723,0.6493000000119196,0.6824000000357273,0.5995000000000346,0.7824999999999704,0.8326999999881082,2.7643000000119287,1.498599999964199,2.447599999964268,0.8326000000238878,5.061899999976163,0.9158000000119273,0.5991999999881159,1.1490999999642213,9.007700000047748]","[0.7493999999761627,0.7161000000238289,0.7830000000000155,0.6162000000476837,0.8658000000119159,0.6662999999523436,0.8158000000119614,0.6324999999999932,0.5493999999761741,0.5491999999881045,0.6329999999999814,3.8296999999881223,1.514900000035766,0.932300000011935,0.6324999999999932,0.9656999999880327,0.5496000000238723,0.6493000000119196,0.6825000000000045,0.5995000000000346,0.7826000000238196,0.8326999999881082,2.7643000000119287,1.4986999999880481,2.4476999999881173,0.8326999999881082,5.062000000000012,0.9158000000119273,0.5991999999881159,1.1491999999880704,9.007800000012026]",,,0.0,79.0,79.0,59.0,1.0,hoog,mhoog,question_multimodal.png,im_combination.png,,,,,,
,,,348676,1,21,2023-10-02_21h26.35.284,flesh_expressibility_dutch,2022.2.4,Win32,60.15399423,,,,18.0,1.0,Nederlands,,,,,,Engels,2.0,Duits,1.0,,0.0,,0.0,,0.0,,0.0,,0.0,,0.0,NL,2.0,2.0,2.0,1.0,,sensorypref1,sensorypref2,1536.0,864.0,,,,,,,,,,,,,,,,,,,,,,,,,,,,,,,,,,,22.0,521.2847,31.0,"[0.7493999999761627,0.7161000000238289,0.7828999999761663,0.6161000000238346,0.8658000000119159,0.6661999999880663,0.8158000000119614,0.6324999999999932,0.5493999999761741,0.5491999999881045,0.6329999999999814,3.8296999999881223,1.514900000035766,0.932300000011935,0.6323999999762009,0.9656999999880327,0.5496000000238723,0.6493000000119196,0.6824000000357273,0.5995000000000346,0.7824999999999704,0.8326999999881082,2.7643000000119287,1.498599999964199,2.447599999964268,0.8326000000238878,5.061899999976163,0.9158000000119273,0.5991999999881159,1.1490999999642213,9.007700000047748]","[0.7493999999761627,0.7161000000238289,0.7830000000000155,0.6162000000476837,0.8658000000119159,0.6662999999523436,0.8158000000119614,0.6324999999999932,0.5493999999761741,0.5491999999881045,0.6329999999999814,3.8296999999881223,1.514900000035766,0.932300000011935,0.6324999999999932,0.9656999999880327,0.5496000000238723,0.6493000000119196,0.6825000000000045,0.5995000000000346,0.7826000000238196,0.8326999999881082,2.7643000000119287,1.4986999999880481,2.4476999999881173,0.8326999999881082,5.062000000000012,0.9158000000119273,0.5991999999881159,1.1491999999880704,9.007800000012026]",,,0.0,80.0,80.0,13.0,1.0,geurig,mgeurig,question_multimodal.png,im_combination.png,,,,,,
,,,348676,1,21,2023-10-02_21h26.35.284,flesh_expressibility_dutch,2022.2.4,Win32,60.15399423,,,,18.0,1.0,Nederlands,,,,,,Engels,2.0,Duits,1.0,,0.0,,0.0,,0.0,,0.0,,0.0,,0.0,NL,2.0,2.0,2.0,1.0,,sensorypref1,sensorypref2,1536.0,864.0,,,,,,,,,,,,,,,,,,,,,,,,,,,,,,,,,,,22.0,522.3086,31.0,"[0.7493999999761627,0.7161000000238289,0.7828999999761663,0.6161000000238346,0.8658000000119159,0.6661999999880663,0.8158000000119614,0.6324999999999932,0.5493999999761741,0.5491999999881045,0.6329999999999814,3.8296999999881223,1.514900000035766,0.932300000011935,0.6323999999762009,0.9656999999880327,0.5496000000238723,0.6493000000119196,0.6824000000357273,0.5995000000000346,0.7824999999999704,0.8326999999881082,2.7643000000119287,1.498599999964199,2.447599999964268,0.8326000000238878,5.061899999976163,0.9158000000119273,0.5991999999881159,1.1490999999642213,9.007700000047748]","[0.7493999999761627,0.7161000000238289,0.7830000000000155,0.6162000000476837,0.8658000000119159,0.6662999999523436,0.8158000000119614,0.6324999999999932,0.5493999999761741,0.5491999999881045,0.6329999999999814,3.8296999999881223,1.514900000035766,0.932300000011935,0.6324999999999932,0.9656999999880327,0.5496000000238723,0.6493000000119196,0.6825000000000045,0.5995000000000346,0.7826000000238196,0.8326999999881082,2.7643000000119287,1.4986999999880481,2.4476999999881173,0.8326999999881082,5.062000000000012,0.9158000000119273,0.5991999999881159,1.1491999999880704,9.007800000012026]",,,0.0,81.0,81.0,19.0,1.0,misschien,mmisschien,question_multimodal.png,im_combination.png,,,,,,
,,,348676,1,21,2023-10-02_21h26.35.284,flesh_expressibility_dutch,2022.2.4,Win32,60.15399423,,,,18.0,1.0,Nederlands,,,,,,Engels,2.0,Duits,1.0,,0.0,,0.0,,0.0,,0.0,,0.0,,0.0,NL,2.0,2.0,2.0,1.0,,sensorypref1,sensorypref2,1536.0,864.0,,,,,,,,,,,,,,,,,,,,,,,,,,,,,,,,,,,22.0,523.2955,31.0,"[0.7493999999761627,0.7161000000238289,0.7828999999761663,0.6161000000238346,0.8658000000119159,0.6661999999880663,0.8158000000119614,0.6324999999999932,0.5493999999761741,0.5491999999881045,0.6329999999999814,3.8296999999881223,1.514900000035766,0.932300000011935,0.6323999999762009,0.9656999999880327,0.5496000000238723,0.6493000000119196,0.6824000000357273,0.5995000000000346,0.7824999999999704,0.8326999999881082,2.7643000000119287,1.498599999964199,2.447599999964268,0.8326000000238878,5.061899999976163,0.9158000000119273,0.5991999999881159,1.1490999999642213,9.007700000047748]","[0.7493999999761627,0.7161000000238289,0.7830000000000155,0.6162000000476837,0.8658000000119159,0.6662999999523436,0.8158000000119614,0.6324999999999932,0.5493999999761741,0.5491999999881045,0.6329999999999814,3.8296999999881223,1.514900000035766,0.932300000011935,0.6324999999999932,0.9656999999880327,0.5496000000238723,0.6493000000119196,0.6825000000000045,0.5995000000000346,0.7826000000238196,0.8326999999881082,2.7643000000119287,1.4986999999880481,2.4476999999881173,0.8326999999881082,5.062000000000012,0.9158000000119273,0.5991999999881159,1.1491999999880704,9.007800000012026]",,,0.0,82.0,82.0,199.0,1.0,nacht,mnacht,question_multimodal.png,im_combination.png,,,,,,
,,,348676,1,21,2023-10-02_21h26.35.284,flesh_expressibility_dutch,2022.2.4,Win32,60.15399423,,,,18.0,1.0,Nederlands,,,,,,Engels,2.0,Duits,1.0,,0.0,,0.0,,0.0,,0.0,,0.0,,0.0,NL,2.0,2.0,2.0,1.0,,sensorypref1,sensorypref2,1536.0,864.0,,,,,,,,,,,,,,,,,,,,,,,,,,,,,,,,,,,22.0,524.3072,31.0,"[0.7493999999761627,0.7161000000238289,0.7828999999761663,0.6161000000238346,0.8658000000119159,0.6661999999880663,0.8158000000119614,0.6324999999999932,0.5493999999761741,0.5491999999881045,0.6329999999999814,3.8296999999881223,1.514900000035766,0.932300000011935,0.6323999999762009,0.9656999999880327,0.5496000000238723,0.6493000000119196,0.6824000000357273,0.5995000000000346,0.7824999999999704,0.8326999999881082,2.7643000000119287,1.498599999964199,2.447599999964268,0.8326000000238878,5.061899999976163,0.9158000000119273,0.5991999999881159,1.1490999999642213,9.007700000047748]","[0.7493999999761627,0.7161000000238289,0.7830000000000155,0.6162000000476837,0.8658000000119159,0.6662999999523436,0.8158000000119614,0.6324999999999932,0.5493999999761741,0.5491999999881045,0.6329999999999814,3.8296999999881223,1.514900000035766,0.932300000011935,0.6324999999999932,0.9656999999880327,0.5496000000238723,0.6493000000119196,0.6825000000000045,0.5995000000000346,0.7826000000238196,0.8326999999881082,2.7643000000119287,1.4986999999880481,2.4476999999881173,0.8326999999881082,5.062000000000012,0.9158000000119273,0.5991999999881159,1.1491999999880704,9.007800000012026]",,,0.0,83.0,83.0,56.0,1.0,grommen,mgrommen,question_multimodal.png,im_combination.png,,,,,,
,,,348676,1,21,2023-10-02_21h26.35.284,flesh_expressibility_dutch,2022.2.4,Win32,60.15399423,,,,18.0,1.0,Nederlands,,,,,,Engels,2.0,Duits,1.0,,0.0,,0.0,,0.0,,0.0,,0.0,,0.0,NL,2.0,2.0,2.0,1.0,,sensorypref1,sensorypref2,1536.0,864.0,,,,,,,,,,,,,,,,,,,,,,,,,,,,,,,,,,,22.0,525.3278,31.0,"[0.7493999999761627,0.7161000000238289,0.7828999999761663,0.6161000000238346,0.8658000000119159,0.6661999999880663,0.8158000000119614,0.6324999999999932,0.5493999999761741,0.5491999999881045,0.6329999999999814,3.8296999999881223,1.514900000035766,0.932300000011935,0.6323999999762009,0.9656999999880327,0.5496000000238723,0.6493000000119196,0.6824000000357273,0.5995000000000346,0.7824999999999704,0.8326999999881082,2.7643000000119287,1.498599999964199,2.447599999964268,0.8326000000238878,5.061899999976163,0.9158000000119273,0.5991999999881159,1.1490999999642213,9.007700000047748]","[0.7493999999761627,0.7161000000238289,0.7830000000000155,0.6162000000476837,0.8658000000119159,0.6662999999523436,0.8158000000119614,0.6324999999999932,0.5493999999761741,0.5491999999881045,0.6329999999999814,3.8296999999881223,1.514900000035766,0.932300000011935,0.6324999999999932,0.9656999999880327,0.5496000000238723,0.6493000000119196,0.6825000000000045,0.5995000000000346,0.7826000000238196,0.8326999999881082,2.7643000000119287,1.4986999999880481,2.4476999999881173,0.8326999999881082,5.062000000000012,0.9158000000119273,0.5991999999881159,1.1491999999880704,9.007800000012026]",,,0.0,84.0,84.0,48.0,1.0,vliegen,mvliegen,question_multimodal.png,im_combination.png,,,,,,
,,,348676,1,21,2023-10-02_21h26.35.284,flesh_expressibility_dutch,2022.2.4,Win32,60.15399423,,,,18.0,1.0,Nederlands,,,,,,Engels,2.0,Duits,1.0,,0.0,,0.0,,0.0,,0.0,,0.0,,0.0,NL,2.0,2.0,2.0,1.0,,sensorypref1,sensorypref2,1536.0,864.0,,,,,,,,,,,,,,,,,,,,,,,,,,,,,,,,,,,22.0,526.2557,31.0,"[0.7493999999761627,0.7161000000238289,0.7828999999761663,0.6161000000238346,0.8658000000119159,0.6661999999880663,0.8158000000119614,0.6324999999999932,0.5493999999761741,0.5491999999881045,0.6329999999999814,3.8296999999881223,1.514900000035766,0.932300000011935,0.6323999999762009,0.9656999999880327,0.5496000000238723,0.6493000000119196,0.6824000000357273,0.5995000000000346,0.7824999999999704,0.8326999999881082,2.7643000000119287,1.498599999964199,2.447599999964268,0.8326000000238878,5.061899999976163,0.9158000000119273,0.5991999999881159,1.1490999999642213,9.007700000047748]","[0.7493999999761627,0.7161000000238289,0.7830000000000155,0.6162000000476837,0.8658000000119159,0.6662999999523436,0.8158000000119614,0.6324999999999932,0.5493999999761741,0.5491999999881045,0.6329999999999814,3.8296999999881223,1.514900000035766,0.932300000011935,0.6324999999999932,0.9656999999880327,0.5496000000238723,0.6493000000119196,0.6825000000000045,0.5995000000000346,0.7826000000238196,0.8326999999881082,2.7643000000119287,1.4986999999880481,2.4476999999881173,0.8326999999881082,5.062000000000012,0.9158000000119273,0.5991999999881159,1.1491999999880704,9.007800000012026]",,,0.0,85.0,85.0,110.0,1.0,tand,mtand,question_multimodal.png,im_combination.png,,,,,,
,,,348676,1,21,2023-10-02_21h26.35.284,flesh_expressibility_dutch,2022.2.4,Win32,60.15399423,,,,18.0,1.0,Nederlands,,,,,,Engels,2.0,Duits,1.0,,0.0,,0.0,,0.0,,0.0,,0.0,,0.0,NL,2.0,2.0,2.0,1.0,,sensorypref1,sensorypref2,1536.0,864.0,,,,,,,,,,,,,,,,,,,,,,,,,,,,,,,,,,,22.0,527.2598,31.0,"[0.7493999999761627,0.7161000000238289,0.7828999999761663,0.6161000000238346,0.8658000000119159,0.6661999999880663,0.8158000000119614,0.6324999999999932,0.5493999999761741,0.5491999999881045,0.6329999999999814,3.8296999999881223,1.514900000035766,0.932300000011935,0.6323999999762009,0.9656999999880327,0.5496000000238723,0.6493000000119196,0.6824000000357273,0.5995000000000346,0.7824999999999704,0.8326999999881082,2.7643000000119287,1.498599999964199,2.447599999964268,0.8326000000238878,5.061899999976163,0.9158000000119273,0.5991999999881159,1.1490999999642213,9.007700000047748]","[0.7493999999761627,0.7161000000238289,0.7830000000000155,0.6162000000476837,0.8658000000119159,0.6662999999523436,0.8158000000119614,0.6324999999999932,0.5493999999761741,0.5491999999881045,0.6329999999999814,3.8296999999881223,1.514900000035766,0.932300000011935,0.6324999999999932,0.9656999999880327,0.5496000000238723,0.6493000000119196,0.6825000000000045,0.5995000000000346,0.7826000000238196,0.8326999999881082,2.7643000000119287,1.4986999999880481,2.4476999999881173,0.8326999999881082,5.062000000000012,0.9158000000119273,0.5991999999881159,1.1491999999880704,9.007800000012026]",,,0.0,86.0,86.0,188.0,1.0,verstoppen,mverstoppen,question_multimodal.png,im_combination.png,,,,,,
,,,348676,1,21,2023-10-02_21h26.35.284,flesh_expressibility_dutch,2022.2.4,Win32,60.15399423,,,,18.0,1.0,Nederlands,,,,,,Engels,2.0,Duits,1.0,,0.0,,0.0,,0.0,,0.0,,0.0,,0.0,NL,2.0,2.0,2.0,1.0,,sensorypref1,sensorypref2,1536.0,864.0,,,,,,,,,,,,,,,,,,,,,,,,,,,,,,,,,,,22.0,528.2811,31.0,"[0.7493999999761627,0.7161000000238289,0.7828999999761663,0.6161000000238346,0.8658000000119159,0.6661999999880663,0.8158000000119614,0.6324999999999932,0.5493999999761741,0.5491999999881045,0.6329999999999814,3.8296999999881223,1.514900000035766,0.932300000011935,0.6323999999762009,0.9656999999880327,0.5496000000238723,0.6493000000119196,0.6824000000357273,0.5995000000000346,0.7824999999999704,0.8326999999881082,2.7643000000119287,1.498599999964199,2.447599999964268,0.8326000000238878,5.061899999976163,0.9158000000119273,0.5991999999881159,1.1490999999642213,9.007700000047748]","[0.7493999999761627,0.7161000000238289,0.7830000000000155,0.6162000000476837,0.8658000000119159,0.6662999999523436,0.8158000000119614,0.6324999999999932,0.5493999999761741,0.5491999999881045,0.6329999999999814,3.8296999999881223,1.514900000035766,0.932300000011935,0.6324999999999932,0.9656999999880327,0.5496000000238723,0.6493000000119196,0.6825000000000045,0.5995000000000346,0.7826000000238196,0.8326999999881082,2.7643000000119287,1.4986999999880481,2.4476999999881173,0.8326999999881082,5.062000000000012,0.9158000000119273,0.5991999999881159,1.1491999999880704,9.007800000012026]",,,0.0,87.0,87.0,118.0,1.0,hoorn,mhoorn,question_multimodal.png,im_combination.png,,,,,,
,,,348676,1,21,2023-10-02_21h26.35.284,flesh_expressibility_dutch,2022.2.4,Win32,60.15399423,,,,18.0,1.0,Nederlands,,,,,,Engels,2.0,Duits,1.0,,0.0,,0.0,,0.0,,0.0,,0.0,,0.0,NL,2.0,2.0,2.0,1.0,,sensorypref1,sensorypref2,1536.0,864.0,,,,,,,,,,,,,,,,,,,,,,,,,,,,,,,,,,,22.0,529.3216,31.0,"[0.7493999999761627,0.7161000000238289,0.7828999999761663,0.6161000000238346,0.8658000000119159,0.6661999999880663,0.8158000000119614,0.6324999999999932,0.5493999999761741,0.5491999999881045,0.6329999999999814,3.8296999999881223,1.514900000035766,0.932300000011935,0.6323999999762009,0.9656999999880327,0.5496000000238723,0.6493000000119196,0.6824000000357273,0.5995000000000346,0.7824999999999704,0.8326999999881082,2.7643000000119287,1.498599999964199,2.447599999964268,0.8326000000238878,5.061899999976163,0.9158000000119273,0.5991999999881159,1.1490999999642213,9.007700000047748]","[0.7493999999761627,0.7161000000238289,0.7830000000000155,0.6162000000476837,0.8658000000119159,0.6662999999523436,0.8158000000119614,0.6324999999999932,0.5493999999761741,0.5491999999881045,0.6329999999999814,3.8296999999881223,1.514900000035766,0.932300000011935,0.6324999999999932,0.9656999999880327,0.5496000000238723,0.6493000000119196,0.6825000000000045,0.5995000000000346,0.7826000000238196,0.8326999999881082,2.7643000000119287,1.4986999999880481,2.4476999999881173,0.8326999999881082,5.062000000000012,0.9158000000119273,0.5991999999881159,1.1491999999880704,9.007800000012026]",,,0.0,88.0,88.0,137.0,1.0,vallen,mvallen,question_multimodal.png,im_combination.png,,,,,,
,,,348676,1,21,2023-10-02_21h26.35.284,flesh_expressibility_dutch,2022.2.4,Win32,60.15399423,,,,18.0,1.0,Nederlands,,,,,,Engels,2.0,Duits,1.0,,0.0,,0.0,,0.0,,0.0,,0.0,,0.0,NL,2.0,2.0,2.0,1.0,,sensorypref1,sensorypref2,1536.0,864.0,,,,,,,,,,,,,,,,,,,,,,,,,,,,,,,,,,,22.0,530.2553,31.0,"[0.7493999999761627,0.7161000000238289,0.7828999999761663,0.6161000000238346,0.8658000000119159,0.6661999999880663,0.8158000000119614,0.6324999999999932,0.5493999999761741,0.5491999999881045,0.6329999999999814,3.8296999999881223,1.514900000035766,0.932300000011935,0.6323999999762009,0.9656999999880327,0.5496000000238723,0.6493000000119196,0.6824000000357273,0.5995000000000346,0.7824999999999704,0.8326999999881082,2.7643000000119287,1.498599999964199,2.447599999964268,0.8326000000238878,5.061899999976163,0.9158000000119273,0.5991999999881159,1.1490999999642213,9.007700000047748]","[0.7493999999761627,0.7161000000238289,0.7830000000000155,0.6162000000476837,0.8658000000119159,0.6662999999523436,0.8158000000119614,0.6324999999999932,0.5493999999761741,0.5491999999881045,0.6329999999999814,3.8296999999881223,1.514900000035766,0.932300000011935,0.6324999999999932,0.9656999999880327,0.5496000000238723,0.6493000000119196,0.6825000000000045,0.5995000000000346,0.7826000000238196,0.8326999999881082,2.7643000000119287,1.4986999999880481,2.4476999999881173,0.8326999999881082,5.062000000000012,0.9158000000119273,0.5991999999881159,1.1491999999880704,9.007800000012026]",,,0.0,89.0,89.0,69.0,1.0,glad,mglad,question_multimodal.png,im_combination.png,,,,,,
,,,348676,1,21,2023-10-02_21h26.35.284,flesh_expressibility_dutch,2022.2.4,Win32,60.15399423,,,,18.0,1.0,Nederlands,,,,,,Engels,2.0,Duits,1.0,,0.0,,0.0,,0.0,,0.0,,0.0,,0.0,NL,2.0,2.0,2.0,1.0,,sensorypref1,sensorypref2,1536.0,864.0,,,,,,,,,,,,,,,,,,,,,,,,,,,,,,,,,,,22.0,531.2989,31.0,"[0.7493999999761627,0.7161000000238289,0.7828999999761663,0.6161000000238346,0.8658000000119159,0.6661999999880663,0.8158000000119614,0.6324999999999932,0.5493999999761741,0.5491999999881045,0.6329999999999814,3.8296999999881223,1.514900000035766,0.932300000011935,0.6323999999762009,0.9656999999880327,0.5496000000238723,0.6493000000119196,0.6824000000357273,0.5995000000000346,0.7824999999999704,0.8326999999881082,2.7643000000119287,1.498599999964199,2.447599999964268,0.8326000000238878,5.061899999976163,0.9158000000119273,0.5991999999881159,1.1490999999642213,9.007700000047748]","[0.7493999999761627,0.7161000000238289,0.7830000000000155,0.6162000000476837,0.8658000000119159,0.6662999999523436,0.8158000000119614,0.6324999999999932,0.5493999999761741,0.5491999999881045,0.6329999999999814,3.8296999999881223,1.514900000035766,0.932300000011935,0.6324999999999932,0.9656999999880327,0.5496000000238723,0.6493000000119196,0.6825000000000045,0.5995000000000346,0.7826000000238196,0.8326999999881082,2.7643000000119287,1.4986999999880481,2.4476999999881173,0.8326999999881082,5.062000000000012,0.9158000000119273,0.5991999999881159,1.1491999999880704,9.007800000012026]",,,0.0,90.0,90.0,14.0,1.0,licht,mlicht,question_multimodal.png,im_combination.png,,,,,,
,,,348676,1,21,2023-10-02_21h26.35.284,flesh_expressibility_dutch,2022.2.4,Win32,60.15399423,,,,18.0,1.0,Nederlands,,,,,,Engels,2.0,Duits,1.0,,0.0,,0.0,,0.0,,0.0,,0.0,,0.0,NL,2.0,2.0,2.0,1.0,,sensorypref1,sensorypref2,1536.0,864.0,,,,,,,,,,,,,,,,,,,,,,,,,,,,,,,,,,,22.0,532.2849,31.0,"[0.7493999999761627,0.7161000000238289,0.7828999999761663,0.6161000000238346,0.8658000000119159,0.6661999999880663,0.8158000000119614,0.6324999999999932,0.5493999999761741,0.5491999999881045,0.6329999999999814,3.8296999999881223,1.514900000035766,0.932300000011935,0.6323999999762009,0.9656999999880327,0.5496000000238723,0.6493000000119196,0.6824000000357273,0.5995000000000346,0.7824999999999704,0.8326999999881082,2.7643000000119287,1.498599999964199,2.447599999964268,0.8326000000238878,5.061899999976163,0.9158000000119273,0.5991999999881159,1.1490999999642213,9.007700000047748]","[0.7493999999761627,0.7161000000238289,0.7830000000000155,0.6162000000476837,0.8658000000119159,0.6662999999523436,0.8158000000119614,0.6324999999999932,0.5493999999761741,0.5491999999881045,0.6329999999999814,3.8296999999881223,1.514900000035766,0.932300000011935,0.6324999999999932,0.9656999999880327,0.5496000000238723,0.6493000000119196,0.6825000000000045,0.5995000000000346,0.7826000000238196,0.8326999999881082,2.7643000000119287,1.4986999999880481,2.4476999999881173,0.8326999999881082,5.062000000000012,0.9158000000119273,0.5991999999881159,1.1491999999880704,9.007800000012026]",,,0.0,91.0,91.0,55.0,1.0,langzaam,mlangzaam,question_multimodal.png,im_combination.png,,,,,,
,,,348676,1,21,2023-10-02_21h26.35.284,flesh_expressibility_dutch,2022.2.4,Win32,60.15399423,,,,18.0,1.0,Nederlands,,,,,,Engels,2.0,Duits,1.0,,0.0,,0.0,,0.0,,0.0,,0.0,,0.0,NL,2.0,2.0,2.0,1.0,,sensorypref1,sensorypref2,1536.0,864.0,,,,,,,,,,,,,,,,,,,,,,,,,,,,,,,,,,,22.0,533.2574,31.0,"[0.7493999999761627,0.7161000000238289,0.7828999999761663,0.6161000000238346,0.8658000000119159,0.6661999999880663,0.8158000000119614,0.6324999999999932,0.5493999999761741,0.5491999999881045,0.6329999999999814,3.8296999999881223,1.514900000035766,0.932300000011935,0.6323999999762009,0.9656999999880327,0.5496000000238723,0.6493000000119196,0.6824000000357273,0.5995000000000346,0.7824999999999704,0.8326999999881082,2.7643000000119287,1.498599999964199,2.447599999964268,0.8326000000238878,5.061899999976163,0.9158000000119273,0.5991999999881159,1.1490999999642213,9.007700000047748]","[0.7493999999761627,0.7161000000238289,0.7830000000000155,0.6162000000476837,0.8658000000119159,0.6662999999523436,0.8158000000119614,0.6324999999999932,0.5493999999761741,0.5491999999881045,0.6329999999999814,3.8296999999881223,1.514900000035766,0.932300000011935,0.6324999999999932,0.9656999999880327,0.5496000000238723,0.6493000000119196,0.6825000000000045,0.5995000000000346,0.7826000000238196,0.8326999999881082,2.7643000000119287,1.4986999999880481,2.4476999999881173,0.8326999999881082,5.062000000000012,0.9158000000119273,0.5991999999881159,1.1491999999880704,9.007800000012026]",,,0.0,92.0,92.0,123.0,1.0,navel,mnavel,question_multimodal.png,im_combination.png,,,,,,
,,,348676,1,21,2023-10-02_21h26.35.284,flesh_expressibility_dutch,2022.2.4,Win32,60.15399423,,,,18.0,1.0,Nederlands,,,,,,Engels,2.0,Duits,1.0,,0.0,,0.0,,0.0,,0.0,,0.0,,0.0,NL,2.0,2.0,2.0,1.0,,sensorypref1,sensorypref2,1536.0,864.0,,,,,,,,,,,,,,,,,,,,,,,,,,,,,,,,,,,22.0,534.2767,31.0,"[0.7493999999761627,0.7161000000238289,0.7828999999761663,0.6161000000238346,0.8658000000119159,0.6661999999880663,0.8158000000119614,0.6324999999999932,0.5493999999761741,0.5491999999881045,0.6329999999999814,3.8296999999881223,1.514900000035766,0.932300000011935,0.6323999999762009,0.9656999999880327,0.5496000000238723,0.6493000000119196,0.6824000000357273,0.5995000000000346,0.7824999999999704,0.8326999999881082,2.7643000000119287,1.498599999964199,2.447599999964268,0.8326000000238878,5.061899999976163,0.9158000000119273,0.5991999999881159,1.1490999999642213,9.007700000047748]","[0.7493999999761627,0.7161000000238289,0.7830000000000155,0.6162000000476837,0.8658000000119159,0.6662999999523436,0.8158000000119614,0.6324999999999932,0.5493999999761741,0.5491999999881045,0.6329999999999814,3.8296999999881223,1.514900000035766,0.932300000011935,0.6324999999999932,0.9656999999880327,0.5496000000238723,0.6493000000119196,0.6825000000000045,0.5995000000000346,0.7826000000238196,0.8326999999881082,2.7643000000119287,1.4986999999880481,2.4476999999881173,0.8326999999881082,5.062000000000012,0.9158000000119273,0.5991999999881159,1.1491999999880704,9.007800000012026]",,,0.0,93.0,93.0,150.0,1.0,huilen,mhuilen,question_multimodal.png,im_combination.png,,,,,,
,,,348676,1,21,2023-10-02_21h26.35.284,flesh_expressibility_dutch,2022.2.4,Win32,60.15399423,,,,18.0,1.0,Nederlands,,,,,,Engels,2.0,Duits,1.0,,0.0,,0.0,,0.0,,0.0,,0.0,,0.0,NL,2.0,2.0,2.0,1.0,,sensorypref1,sensorypref2,1536.0,864.0,,,,,,,,,,,,,,,,,,,,,,,,,,,,,,,,,,,22.0,535.317,31.0,"[0.7493999999761627,0.7161000000238289,0.7828999999761663,0.6161000000238346,0.8658000000119159,0.6661999999880663,0.8158000000119614,0.6324999999999932,0.5493999999761741,0.5491999999881045,0.6329999999999814,3.8296999999881223,1.514900000035766,0.932300000011935,0.6323999999762009,0.9656999999880327,0.5496000000238723,0.6493000000119196,0.6824000000357273,0.5995000000000346,0.7824999999999704,0.8326999999881082,2.7643000000119287,1.498599999964199,2.447599999964268,0.8326000000238878,5.061899999976163,0.9158000000119273,0.5991999999881159,1.1490999999642213,9.007700000047748]","[0.7493999999761627,0.7161000000238289,0.7830000000000155,0.6162000000476837,0.8658000000119159,0.6662999999523436,0.8158000000119614,0.6324999999999932,0.5493999999761741,0.5491999999881045,0.6329999999999814,3.8296999999881223,1.514900000035766,0.932300000011935,0.6324999999999932,0.9656999999880327,0.5496000000238723,0.6493000000119196,0.6825000000000045,0.5995000000000346,0.7826000000238196,0.8326999999881082,2.7643000000119287,1.4986999999880481,2.4476999999881173,0.8326999999881082,5.062000000000012,0.9158000000119273,0.5991999999881159,1.1491999999880704,9.007800000012026]",,,0.0,94.0,94.0,181.0,1.0,ik,mik,question_multimodal.png,im_combination.png,,,,,,
,,,348676,1,21,2023-10-02_21h26.35.284,flesh_expressibility_dutch,2022.2.4,Win32,60.15399423,,,,18.0,1.0,Nederlands,,,,,,Engels,2.0,Duits,1.0,,0.0,,0.0,,0.0,,0.0,,0.0,,0.0,NL,2.0,2.0,2.0,1.0,,sensorypref1,sensorypref2,1536.0,864.0,,,,,,,,,,,,,,,,,,,,,,,,,,,,,,,,,,,22.0,536.2703,31.0,"[0.7493999999761627,0.7161000000238289,0.7828999999761663,0.6161000000238346,0.8658000000119159,0.6661999999880663,0.8158000000119614,0.6324999999999932,0.5493999999761741,0.5491999999881045,0.6329999999999814,3.8296999999881223,1.514900000035766,0.932300000011935,0.6323999999762009,0.9656999999880327,0.5496000000238723,0.6493000000119196,0.6824000000357273,0.5995000000000346,0.7824999999999704,0.8326999999881082,2.7643000000119287,1.498599999964199,2.447599999964268,0.8326000000238878,5.061899999976163,0.9158000000119273,0.5991999999881159,1.1490999999642213,9.007700000047748]","[0.7493999999761627,0.7161000000238289,0.7830000000000155,0.6162000000476837,0.8658000000119159,0.6662999999523436,0.8158000000119614,0.6324999999999932,0.5493999999761741,0.5491999999881045,0.6329999999999814,3.8296999999881223,1.514900000035766,0.932300000011935,0.6324999999999932,0.9656999999880327,0.5496000000238723,0.6493000000119196,0.6825000000000045,0.5995000000000346,0.7826000000238196,0.8326999999881082,2.7643000000119287,1.4986999999880481,2.4476999999881173,0.8326999999881082,5.062000000000012,0.9158000000119273,0.5991999999881159,1.1491999999880704,9.007800000012026]",,,0.0,95.0,95.0,3.0,1.0,stil,mstil,question_multimodal.png,im_combination.png,,,,,,
,,,348676,1,21,2023-10-02_21h26.35.284,flesh_expressibility_dutch,2022.2.4,Win32,60.15399423,,,,18.0,1.0,Nederlands,,,,,,Engels,2.0,Duits,1.0,,0.0,,0.0,,0.0,,0.0,,0.0,,0.0,NL,2.0,2.0,2.0,1.0,,sensorypref1,sensorypref2,1536.0,864.0,,,,,,,,,,,,,,,,,,,,,,,,,,,,,,,,,,,22.0,537.2633,31.0,"[0.7493999999761627,0.7161000000238289,0.7828999999761663,0.6161000000238346,0.8658000000119159,0.6661999999880663,0.8158000000119614,0.6324999999999932,0.5493999999761741,0.5491999999881045,0.6329999999999814,3.8296999999881223,1.514900000035766,0.932300000011935,0.6323999999762009,0.9656999999880327,0.5496000000238723,0.6493000000119196,0.6824000000357273,0.5995000000000346,0.7824999999999704,0.8326999999881082,2.7643000000119287,1.498599999964199,2.447599999964268,0.8326000000238878,5.061899999976163,0.9158000000119273,0.5991999999881159,1.1490999999642213,9.007700000047748]","[0.7493999999761627,0.7161000000238289,0.7830000000000155,0.6162000000476837,0.8658000000119159,0.6662999999523436,0.8158000000119614,0.6324999999999932,0.5493999999761741,0.5491999999881045,0.6329999999999814,3.8296999999881223,1.514900000035766,0.932300000011935,0.6324999999999932,0.9656999999880327,0.5496000000238723,0.6493000000119196,0.6825000000000045,0.5995000000000346,0.7826000000238196,0.8326999999881082,2.7643000000119287,1.4986999999880481,2.4476999999881173,0.8326999999881082,5.062000000000012,0.9158000000119273,0.5991999999881159,1.1491999999880704,9.007800000012026]",,,0.0,96.0,96.0,22.0,1.0,sommige,msommige,question_multimodal.png,im_combination.png,,,,,,
,,,348676,1,21,2023-10-02_21h26.35.284,flesh_expressibility_dutch,2022.2.4,Win32,60.15399423,,,,18.0,1.0,Nederlands,,,,,,Engels,2.0,Duits,1.0,,0.0,,0.0,,0.0,,0.0,,0.0,,0.0,NL,2.0,2.0,2.0,1.0,,sensorypref1,sensorypref2,1536.0,864.0,,,,,,,,,,,,,,,,,,,,,,,,,,,,,,,,,,,21.0,538.3103,32.0,"[0.7493999999761627,0.7161000000238289,0.7828999999761663,0.6161000000238346,0.8658000000119159,0.6661999999880663,0.8158000000119614,0.6324999999999932,0.5493999999761741,0.5491999999881045,0.6329999999999814,3.8296999999881223,1.514900000035766,0.932300000011935,0.6323999999762009,0.9656999999880327,0.5496000000238723,0.6493000000119196,0.6824000000357273,0.5995000000000346,0.7824999999999704,0.8326999999881082,2.7643000000119287,1.498599999964199,2.447599999964268,0.8326000000238878,5.061899999976163,0.9158000000119273,0.5991999999881159,1.1490999999642213,9.007700000047748,0.9325000000000045]","[0.7493999999761627,0.7161000000238289,0.7830000000000155,0.6162000000476837,0.8658000000119159,0.6662999999523436,0.8158000000119614,0.6324999999999932,0.5493999999761741,0.5491999999881045,0.6329999999999814,3.8296999999881223,1.514900000035766,0.932300000011935,0.6324999999999932,0.9656999999880327,0.5496000000238723,0.6493000000119196,0.6825000000000045,0.5995000000000346,0.7826000000238196,0.8326999999881082,2.7643000000119287,1.4986999999880481,2.4476999999881173,0.8326999999881082,5.062000000000012,0.9158000000119273,0.5991999999881159,1.1491999999880704,9.007800000012026,0.9325999999642818]",0.912963019,7.5299,0.0,97.0,97.0,46.0,1.0,nat,mnat,question_multimodal.png,im_combination.png,,,,,,
,,,348676,1,21,2023-10-02_21h26.35.284,flesh_expressibility_dutch,2022.2.4,Win32,60.15399423,,,,18.0,1.0,Nederlands,,,,,,Engels,2.0,Duits,1.0,,0.0,,0.0,,0.0,,0.0,,0.0,,0.0,NL,2.0,2.0,2.0,1.0,,sensorypref1,sensorypref2,1536.0,864.0,,,,,,,,,,,,,,,,,,,,,,,,,,,,,,,,,,,22.0,546.5082,32.0,"[0.7493999999761627,0.7161000000238289,0.7828999999761663,0.6161000000238346,0.8658000000119159,0.6661999999880663,0.8158000000119614,0.6324999999999932,0.5493999999761741,0.5491999999881045,0.6329999999999814,3.8296999999881223,1.514900000035766,0.932300000011935,0.6323999999762009,0.9656999999880327,0.5496000000238723,0.6493000000119196,0.6824000000357273,0.5995000000000346,0.7824999999999704,0.8326999999881082,2.7643000000119287,1.498599999964199,2.447599999964268,0.8326000000238878,5.061899999976163,0.9158000000119273,0.5991999999881159,1.1490999999642213,9.007700000047748,0.9325000000000045]","[0.7493999999761627,0.7161000000238289,0.7830000000000155,0.6162000000476837,0.8658000000119159,0.6662999999523436,0.8158000000119614,0.6324999999999932,0.5493999999761741,0.5491999999881045,0.6329999999999814,3.8296999999881223,1.514900000035766,0.932300000011935,0.6324999999999932,0.9656999999880327,0.5496000000238723,0.6493000000119196,0.6825000000000045,0.5995000000000346,0.7826000000238196,0.8326999999881082,2.7643000000119287,1.4986999999880481,2.4476999999881173,0.8326999999881082,5.062000000000012,0.9158000000119273,0.5991999999881159,1.1491999999880704,9.007800000012026,0.9325999999642818]",,,0.0,98.0,98.0,177.0,1.0,kind,mkind,question_multimodal.png,im_combination.png,,,,,,
,,,348676,1,21,2023-10-02_21h26.35.284,flesh_expressibility_dutch,2022.2.4,Win32,60.15399423,,,,18.0,1.0,Nederlands,,,,,,Engels,2.0,Duits,1.0,,0.0,,0.0,,0.0,,0.0,,0.0,,0.0,NL,2.0,2.0,2.0,1.0,,sensorypref1,sensorypref2,1536.0,864.0,,,,,,,,,,,,,,,,,,,,,,,,,,,,,,,,,,,22.0,547.5299,32.0,"[0.7493999999761627,0.7161000000238289,0.7828999999761663,0.6161000000238346,0.8658000000119159,0.6661999999880663,0.8158000000119614,0.6324999999999932,0.5493999999761741,0.5491999999881045,0.6329999999999814,3.8296999999881223,1.514900000035766,0.932300000011935,0.6323999999762009,0.9656999999880327,0.5496000000238723,0.6493000000119196,0.6824000000357273,0.5995000000000346,0.7824999999999704,0.8326999999881082,2.7643000000119287,1.498599999964199,2.447599999964268,0.8326000000238878,5.061899999976163,0.9158000000119273,0.5991999999881159,1.1490999999642213,9.007700000047748,0.9325000000000045]","[0.7493999999761627,0.7161000000238289,0.7830000000000155,0.6162000000476837,0.8658000000119159,0.6662999999523436,0.8158000000119614,0.6324999999999932,0.5493999999761741,0.5491999999881045,0.6329999999999814,3.8296999999881223,1.514900000035766,0.932300000011935,0.6324999999999932,0.9656999999880327,0.5496000000238723,0.6493000000119196,0.6825000000000045,0.5995000000000346,0.7826000000238196,0.8326999999881082,2.7643000000119287,1.4986999999880481,2.4476999999881173,0.8326999999881082,5.062000000000012,0.9158000000119273,0.5991999999881159,1.1491999999880704,9.007800000012026,0.9325999999642818]",,,0.0,99.0,99.0,65.0,1.0,jeuk,mjeuk,question_multimodal.png,im_combination.png,,,,,,
,,,348676,1,21,2023-10-02_21h26.35.284,flesh_expressibility_dutch,2022.2.4,Win32,60.15399423,,,,18.0,1.0,Nederlands,,,,,,Engels,2.0,Duits,1.0,,0.0,,0.0,,0.0,,0.0,,0.0,,0.0,NL,2.0,2.0,2.0,1.0,,sensorypref1,sensorypref2,1536.0,864.0,,,,,,,,,,,,,,,,,,,,,,,,,,,,,,,,,,,22.0,548.4859,32.0,"[0.7493999999761627,0.7161000000238289,0.7828999999761663,0.6161000000238346,0.8658000000119159,0.6661999999880663,0.8158000000119614,0.6324999999999932,0.5493999999761741,0.5491999999881045,0.6329999999999814,3.8296999999881223,1.514900000035766,0.932300000011935,0.6323999999762009,0.9656999999880327,0.5496000000238723,0.6493000000119196,0.6824000000357273,0.5995000000000346,0.7824999999999704,0.8326999999881082,2.7643000000119287,1.498599999964199,2.447599999964268,0.8326000000238878,5.061899999976163,0.9158000000119273,0.5991999999881159,1.1490999999642213,9.007700000047748,0.9325000000000045]","[0.7493999999761627,0.7161000000238289,0.7830000000000155,0.6162000000476837,0.8658000000119159,0.6662999999523436,0.8158000000119614,0.6324999999999932,0.5493999999761741,0.5491999999881045,0.6329999999999814,3.8296999999881223,1.514900000035766,0.932300000011935,0.6324999999999932,0.9656999999880327,0.5496000000238723,0.6493000000119196,0.6825000000000045,0.5995000000000346,0.7826000000238196,0.8326999999881082,2.7643000000119287,1.4986999999880481,2.4476999999881173,0.8326999999881082,5.062000000000012,0.9158000000119273,0.5991999999881159,1.1491999999880704,9.007800000012026,0.9325999999642818]",,,0.0,100.0,100.0,168.0,1.0,schaduw,mschaduw,question_multimodal.png,im_combination.png,,,,,,
,,,348676,1,21,2023-10-02_21h26.35.284,flesh_expressibility_dutch,2022.2.4,Win32,60.15399423,,,,18.0,1.0,Nederlands,,,,,,Engels,2.0,Duits,1.0,,0.0,,0.0,,0.0,,0.0,,0.0,,0.0,NL,2.0,2.0,2.0,1.0,,sensorypref1,sensorypref2,1536.0,864.0,,,,,,,,,,,,,,,,,,,,,,,,,,,,,,,,,,,22.0,549.5275,32.0,"[0.7493999999761627,0.7161000000238289,0.7828999999761663,0.6161000000238346,0.8658000000119159,0.6661999999880663,0.8158000000119614,0.6324999999999932,0.5493999999761741,0.5491999999881045,0.6329999999999814,3.8296999999881223,1.514900000035766,0.932300000011935,0.6323999999762009,0.9656999999880327,0.5496000000238723,0.6493000000119196,0.6824000000357273,0.5995000000000346,0.7824999999999704,0.8326999999881082,2.7643000000119287,1.498599999964199,2.447599999964268,0.8326000000238878,5.061899999976163,0.9158000000119273,0.5991999999881159,1.1490999999642213,9.007700000047748,0.9325000000000045]","[0.7493999999761627,0.7161000000238289,0.7830000000000155,0.6162000000476837,0.8658000000119159,0.6662999999523436,0.8158000000119614,0.6324999999999932,0.5493999999761741,0.5491999999881045,0.6329999999999814,3.8296999999881223,1.514900000035766,0.932300000011935,0.6324999999999932,0.9656999999880327,0.5496000000238723,0.6493000000119196,0.6825000000000045,0.5995000000000346,0.7826000000238196,0.8326999999881082,2.7643000000119287,1.4986999999880481,2.4476999999881173,0.8326999999881082,5.062000000000012,0.9158000000119273,0.5991999999881159,1.1491999999880704,9.007800000012026,0.9325999999642818]",,,0.0,101.0,101.0,160.0,1.0,wie,mwie,question_multimodal.png,im_combination.png,,,,,,
,,,348676,1,21,2023-10-02_21h26.35.284,flesh_expressibility_dutch,2022.2.4,Win32,60.15399423,,,,18.0,1.0,Nederlands,,,,,,Engels,2.0,Duits,1.0,,0.0,,0.0,,0.0,,0.0,,0.0,,0.0,NL,2.0,2.0,2.0,1.0,,sensorypref1,sensorypref2,1536.0,864.0,,,,,,,,,,,,,,,,,,,,,,,,,,,,,,,,,,,22.0,550.5007,32.0,"[0.7493999999761627,0.7161000000238289,0.7828999999761663,0.6161000000238346,0.8658000000119159,0.6661999999880663,0.8158000000119614,0.6324999999999932,0.5493999999761741,0.5491999999881045,0.6329999999999814,3.8296999999881223,1.514900000035766,0.932300000011935,0.6323999999762009,0.9656999999880327,0.5496000000238723,0.6493000000119196,0.6824000000357273,0.5995000000000346,0.7824999999999704,0.8326999999881082,2.7643000000119287,1.498599999964199,2.447599999964268,0.8326000000238878,5.061899999976163,0.9158000000119273,0.5991999999881159,1.1490999999642213,9.007700000047748,0.9325000000000045]","[0.7493999999761627,0.7161000000238289,0.7830000000000155,0.6162000000476837,0.8658000000119159,0.6662999999523436,0.8158000000119614,0.6324999999999932,0.5493999999761741,0.5491999999881045,0.6329999999999814,3.8296999999881223,1.514900000035766,0.932300000011935,0.6324999999999932,0.9656999999880327,0.5496000000238723,0.6493000000119196,0.6825000000000045,0.5995000000000346,0.7826000000238196,0.8326999999881082,2.7643000000119287,1.4986999999880481,2.4476999999881173,0.8326999999881082,5.062000000000012,0.9158000000119273,0.5991999999881159,1.1491999999880704,9.007800000012026,0.9325999999642818]",,,0.0,102.0,102.0,89.0,1.0,jagen,mjagen,question_multimodal.png,im_combination.png,,,,,,
,,,348676,1,21,2023-10-02_21h26.35.284,flesh_expressibility_dutch,2022.2.4,Win32,60.15399423,,,,18.0,1.0,Nederlands,,,,,,Engels,2.0,Duits,1.0,,0.0,,0.0,,0.0,,0.0,,0.0,,0.0,NL,2.0,2.0,2.0,1.0,,sensorypref1,sensorypref2,1536.0,864.0,,,,,,,,,,,,,,,,,,,,,,,,,,,,,,,,,,,22.0,551.6019,32.0,"[0.7493999999761627,0.7161000000238289,0.7828999999761663,0.6161000000238346,0.8658000000119159,0.6661999999880663,0.8158000000119614,0.6324999999999932,0.5493999999761741,0.5491999999881045,0.6329999999999814,3.8296999999881223,1.514900000035766,0.932300000011935,0.6323999999762009,0.9656999999880327,0.5496000000238723,0.6493000000119196,0.6824000000357273,0.5995000000000346,0.7824999999999704,0.8326999999881082,2.7643000000119287,1.498599999964199,2.447599999964268,0.8326000000238878,5.061899999976163,0.9158000000119273,0.5991999999881159,1.1490999999642213,9.007700000047748,0.9325000000000045]","[0.7493999999761627,0.7161000000238289,0.7830000000000155,0.6162000000476837,0.8658000000119159,0.6662999999523436,0.8158000000119614,0.6324999999999932,0.5493999999761741,0.5491999999881045,0.6329999999999814,3.8296999999881223,1.514900000035766,0.932300000011935,0.6324999999999932,0.9656999999880327,0.5496000000238723,0.6493000000119196,0.6825000000000045,0.5995000000000346,0.7826000000238196,0.8326999999881082,2.7643000000119287,1.4986999999880481,2.4476999999881173,0.8326999999881082,5.062000000000012,0.9158000000119273,0.5991999999881159,1.1491999999880704,9.007800000012026,0.9325999999642818]",,,0.0,103.0,103.0,161.0,1.0,horen,mhoren,question_multimodal.png,im_combination.png,,,,,,
,,,348676,1,21,2023-10-02_21h26.35.284,flesh_expressibility_dutch,2022.2.4,Win32,60.15399423,,,,18.0,1.0,Nederlands,,,,,,Engels,2.0,Duits,1.0,,0.0,,0.0,,0.0,,0.0,,0.0,,0.0,NL,2.0,2.0,2.0,1.0,,sensorypref1,sensorypref2,1536.0,864.0,,,,,,,,,,,,,,,,,,,,,,,,,,,,,,,,,,,22.0,552.524,32.0,"[0.7493999999761627,0.7161000000238289,0.7828999999761663,0.6161000000238346,0.8658000000119159,0.6661999999880663,0.8158000000119614,0.6324999999999932,0.5493999999761741,0.5491999999881045,0.6329999999999814,3.8296999999881223,1.514900000035766,0.932300000011935,0.6323999999762009,0.9656999999880327,0.5496000000238723,0.6493000000119196,0.6824000000357273,0.5995000000000346,0.7824999999999704,0.8326999999881082,2.7643000000119287,1.498599999964199,2.447599999964268,0.8326000000238878,5.061899999976163,0.9158000000119273,0.5991999999881159,1.1490999999642213,9.007700000047748,0.9325000000000045]","[0.7493999999761627,0.7161000000238289,0.7830000000000155,0.6162000000476837,0.8658000000119159,0.6662999999523436,0.8158000000119614,0.6324999999999932,0.5493999999761741,0.5491999999881045,0.6329999999999814,3.8296999999881223,1.514900000035766,0.932300000011935,0.6324999999999932,0.9656999999880327,0.5496000000238723,0.6493000000119196,0.6825000000000045,0.5995000000000346,0.7826000000238196,0.8326999999881082,2.7643000000119287,1.4986999999880481,2.4476999999881173,0.8326999999881082,5.062000000000012,0.9158000000119273,0.5991999999881159,1.1491999999880704,9.007800000012026,0.9325999999642818]",,,0.0,104.0,104.0,81.0,1.0,vriend,mvriend,question_multimodal.png,im_combination.png,,,,,,
,,,348676,1,21,2023-10-02_21h26.35.284,flesh_expressibility_dutch,2022.2.4,Win32,60.15399423,,,,18.0,1.0,Nederlands,,,,,,Engels,2.0,Duits,1.0,,0.0,,0.0,,0.0,,0.0,,0.0,,0.0,NL,2.0,2.0,2.0,1.0,,sensorypref1,sensorypref2,1536.0,864.0,,,,,,,,,,,,,,,,,,,,,,,,,,,,,,,,,,,22.0,553.5671,32.0,"[0.7493999999761627,0.7161000000238289,0.7828999999761663,0.6161000000238346,0.8658000000119159,0.6661999999880663,0.8158000000119614,0.6324999999999932,0.5493999999761741,0.5491999999881045,0.6329999999999814,3.8296999999881223,1.514900000035766,0.932300000011935,0.6323999999762009,0.9656999999880327,0.5496000000238723,0.6493000000119196,0.6824000000357273,0.5995000000000346,0.7824999999999704,0.8326999999881082,2.7643000000119287,1.498599999964199,2.447599999964268,0.8326000000238878,5.061899999976163,0.9158000000119273,0.5991999999881159,1.1490999999642213,9.007700000047748,0.9325000000000045]","[0.7493999999761627,0.7161000000238289,0.7830000000000155,0.6162000000476837,0.8658000000119159,0.6662999999523436,0.8158000000119614,0.6324999999999932,0.5493999999761741,0.5491999999881045,0.6329999999999814,3.8296999999881223,1.514900000035766,0.932300000011935,0.6324999999999932,0.9656999999880327,0.5496000000238723,0.6493000000119196,0.6825000000000045,0.5995000000000346,0.7826000000238196,0.8326999999881082,2.7643000000119287,1.4986999999880481,2.4476999999881173,0.8326999999881082,5.062000000000012,0.9158000000119273,0.5991999999881159,1.1491999999880704,9.007800000012026,0.9325999999642818]",,,0.0,105.0,105.0,49.0,1.0,springen,mspringen,question_multimodal.png,im_combination.png,,,,,,
,,,348676,1,21,2023-10-02_21h26.35.284,flesh_expressibility_dutch,2022.2.4,Win32,60.15399423,,,,18.0,1.0,Nederlands,,,,,,Engels,2.0,Duits,1.0,,0.0,,0.0,,0.0,,0.0,,0.0,,0.0,NL,2.0,2.0,2.0,1.0,,sensorypref1,sensorypref2,1536.0,864.0,,,,,,,,,,,,,,,,,,,,,,,,,,,,,,,,,,,22.0,554.525,32.0,"[0.7493999999761627,0.7161000000238289,0.7828999999761663,0.6161000000238346,0.8658000000119159,0.6661999999880663,0.8158000000119614,0.6324999999999932,0.5493999999761741,0.5491999999881045,0.6329999999999814,3.8296999999881223,1.514900000035766,0.932300000011935,0.6323999999762009,0.9656999999880327,0.5496000000238723,0.6493000000119196,0.6824000000357273,0.5995000000000346,0.7824999999999704,0.8326999999881082,2.7643000000119287,1.498599999964199,2.447599999964268,0.8326000000238878,5.061899999976163,0.9158000000119273,0.5991999999881159,1.1490999999642213,9.007700000047748,0.9325000000000045]","[0.7493999999761627,0.7161000000238289,0.7830000000000155,0.6162000000476837,0.8658000000119159,0.6662999999523436,0.8158000000119614,0.6324999999999932,0.5493999999761741,0.5491999999881045,0.6329999999999814,3.8296999999881223,1.514900000035766,0.932300000011935,0.6324999999999932,0.9656999999880327,0.5496000000238723,0.6493000000119196,0.6825000000000045,0.5995000000000346,0.7826000000238196,0.8326999999881082,2.7643000000119287,1.4986999999880481,2.4476999999881173,0.8326999999881082,5.062000000000012,0.9158000000119273,0.5991999999881159,1.1491999999880704,9.007800000012026,0.9325999999642818]",,,0.0,106.0,106.0,141.0,1.0,dragen,mdragen,question_multimodal.png,im_combination.png,,,,,,
,,,348676,1,21,2023-10-02_21h26.35.284,flesh_expressibility_dutch,2022.2.4,Win32,60.15399423,,,,18.0,1.0,Nederlands,,,,,,Engels,2.0,Duits,1.0,,0.0,,0.0,,0.0,,0.0,,0.0,,0.0,NL,2.0,2.0,2.0,1.0,,sensorypref1,sensorypref2,1536.0,864.0,,,,,,,,,,,,,,,,,,,,,,,,,,,,,,,,,,,22.0,555.5178,32.0,"[0.7493999999761627,0.7161000000238289,0.7828999999761663,0.6161000000238346,0.8658000000119159,0.6661999999880663,0.8158000000119614,0.6324999999999932,0.5493999999761741,0.5491999999881045,0.6329999999999814,3.8296999999881223,1.514900000035766,0.932300000011935,0.6323999999762009,0.9656999999880327,0.5496000000238723,0.6493000000119196,0.6824000000357273,0.5995000000000346,0.7824999999999704,0.8326999999881082,2.7643000000119287,1.498599999964199,2.447599999964268,0.8326000000238878,5.061899999976163,0.9158000000119273,0.5991999999881159,1.1490999999642213,9.007700000047748,0.9325000000000045]","[0.7493999999761627,0.7161000000238289,0.7830000000000155,0.6162000000476837,0.8658000000119159,0.6662999999523436,0.8158000000119614,0.6324999999999932,0.5493999999761741,0.5491999999881045,0.6329999999999814,3.8296999999881223,1.514900000035766,0.932300000011935,0.6324999999999932,0.9656999999880327,0.5496000000238723,0.6493000000119196,0.6825000000000045,0.5995000000000346,0.7826000000238196,0.8326999999881082,2.7643000000119287,1.4986999999880481,2.4476999999881173,0.8326999999881082,5.062000000000012,0.9158000000119273,0.5991999999881159,1.1491999999880704,9.007800000012026,0.9325999999642818]",,,0.0,107.0,107.0,124.0,1.0,nek,mnek,question_multimodal.png,im_combination.png,,,,,,
,,,348676,1,21,2023-10-02_21h26.35.284,flesh_expressibility_dutch,2022.2.4,Win32,60.15399423,,,,18.0,1.0,Nederlands,,,,,,Engels,2.0,Duits,1.0,,0.0,,0.0,,0.0,,0.0,,0.0,,0.0,NL,2.0,2.0,2.0,1.0,,sensorypref1,sensorypref2,1536.0,864.0,,,,,,,,,,,,,,,,,,,,,,,,,,,,,,,,,,,22.0,556.501,32.0,"[0.7493999999761627,0.7161000000238289,0.7828999999761663,0.6161000000238346,0.8658000000119159,0.6661999999880663,0.8158000000119614,0.6324999999999932,0.5493999999761741,0.5491999999881045,0.6329999999999814,3.8296999999881223,1.514900000035766,0.932300000011935,0.6323999999762009,0.9656999999880327,0.5496000000238723,0.6493000000119196,0.6824000000357273,0.5995000000000346,0.7824999999999704,0.8326999999881082,2.7643000000119287,1.498599999964199,2.447599999964268,0.8326000000238878,5.061899999976163,0.9158000000119273,0.5991999999881159,1.1490999999642213,9.007700000047748,0.9325000000000045]","[0.7493999999761627,0.7161000000238289,0.7830000000000155,0.6162000000476837,0.8658000000119159,0.6662999999523436,0.8158000000119614,0.6324999999999932,0.5493999999761741,0.5491999999881045,0.6329999999999814,3.8296999999881223,1.514900000035766,0.932300000011935,0.6324999999999932,0.9656999999880327,0.5496000000238723,0.6493000000119196,0.6825000000000045,0.5995000000000346,0.7826000000238196,0.8326999999881082,2.7643000000119287,1.4986999999880481,2.4476999999881173,0.8326999999881082,5.062000000000012,0.9158000000119273,0.5991999999881159,1.1491999999880704,9.007800000012026,0.9325999999642818]",,,0.0,108.0,108.0,156.0,1.0,blad,mblad,question_multimodal.png,im_combination.png,,,,,,
,,,348676,1,21,2023-10-02_21h26.35.284,flesh_expressibility_dutch,2022.2.4,Win32,60.15399423,,,,18.0,1.0,Nederlands,,,,,,Engels,2.0,Duits,1.0,,0.0,,0.0,,0.0,,0.0,,0.0,,0.0,NL,2.0,2.0,2.0,1.0,,sensorypref1,sensorypref2,1536.0,864.0,,,,,,,,,,,,,,,,,,,,,,,,,,,,,,,,,,,22.0,557.5579,32.0,"[0.7493999999761627,0.7161000000238289,0.7828999999761663,0.6161000000238346,0.8658000000119159,0.6661999999880663,0.8158000000119614,0.6324999999999932,0.5493999999761741,0.5491999999881045,0.6329999999999814,3.8296999999881223,1.514900000035766,0.932300000011935,0.6323999999762009,0.9656999999880327,0.5496000000238723,0.6493000000119196,0.6824000000357273,0.5995000000000346,0.7824999999999704,0.8326999999881082,2.7643000000119287,1.498599999964199,2.447599999964268,0.8326000000238878,5.061899999976163,0.9158000000119273,0.5991999999881159,1.1490999999642213,9.007700000047748,0.9325000000000045]","[0.7493999999761627,0.7161000000238289,0.7830000000000155,0.6162000000476837,0.8658000000119159,0.6662999999523436,0.8158000000119614,0.6324999999999932,0.5493999999761741,0.5491999999881045,0.6329999999999814,3.8296999999881223,1.514900000035766,0.932300000011935,0.6324999999999932,0.9656999999880327,0.5496000000238723,0.6493000000119196,0.6825000000000045,0.5995000000000346,0.7826000000238196,0.8326999999881082,2.7643000000119287,1.4986999999880481,2.4476999999881173,0.8326999999881082,5.062000000000012,0.9158000000119273,0.5991999999881159,1.1491999999880704,9.007800000012026,0.9325999999642818]",,,0.0,109.0,109.0,186.0,1.0,lang,mlang,question_multimodal.png,im_combination.png,,,,,,
,,,348676,1,21,2023-10-02_21h26.35.284,flesh_expressibility_dutch,2022.2.4,Win32,60.15399423,,,,18.0,1.0,Nederlands,,,,,,Engels,2.0,Duits,1.0,,0.0,,0.0,,0.0,,0.0,,0.0,,0.0,NL,2.0,2.0,2.0,1.0,,sensorypref1,sensorypref2,1536.0,864.0,,,,,,,,,,,,,,,,,,,,,,,,,,,,,,,,,,,22.0,558.5505,32.0,"[0.7493999999761627,0.7161000000238289,0.7828999999761663,0.6161000000238346,0.8658000000119159,0.6661999999880663,0.8158000000119614,0.6324999999999932,0.5493999999761741,0.5491999999881045,0.6329999999999814,3.8296999999881223,1.514900000035766,0.932300000011935,0.6323999999762009,0.9656999999880327,0.5496000000238723,0.6493000000119196,0.6824000000357273,0.5995000000000346,0.7824999999999704,0.8326999999881082,2.7643000000119287,1.498599999964199,2.447599999964268,0.8326000000238878,5.061899999976163,0.9158000000119273,0.5991999999881159,1.1490999999642213,9.007700000047748,0.9325000000000045]","[0.7493999999761627,0.7161000000238289,0.7830000000000155,0.6162000000476837,0.8658000000119159,0.6662999999523436,0.8158000000119614,0.6324999999999932,0.5493999999761741,0.5491999999881045,0.6329999999999814,3.8296999999881223,1.514900000035766,0.932300000011935,0.6324999999999932,0.9656999999880327,0.5496000000238723,0.6493000000119196,0.6825000000000045,0.5995000000000346,0.7826000000238196,0.8326999999881082,2.7643000000119287,1.4986999999880481,2.4476999999881173,0.8326999999881082,5.062000000000012,0.9158000000119273,0.5991999999881159,1.1491999999880704,9.007800000012026,0.9325999999642818]",,,0.0,110.0,110.0,98.0,1.0,maken,mmaken,question_multimodal.png,im_combination.png,,,,,,
,,,348676,1,21,2023-10-02_21h26.35.284,flesh_expressibility_dutch,2022.2.4,Win32,60.15399423,,,,18.0,1.0,Nederlands,,,,,,Engels,2.0,Duits,1.0,,0.0,,0.0,,0.0,,0.0,,0.0,,0.0,NL,2.0,2.0,2.0,1.0,,sensorypref1,sensorypref2,1536.0,864.0,,,,,,,,,,,,,,,,,,,,,,,,,,,,,,,,,,,22.0,559.5614,32.0,"[0.7493999999761627,0.7161000000238289,0.7828999999761663,0.6161000000238346,0.8658000000119159,0.6661999999880663,0.8158000000119614,0.6324999999999932,0.5493999999761741,0.5491999999881045,0.6329999999999814,3.8296999999881223,1.514900000035766,0.932300000011935,0.6323999999762009,0.9656999999880327,0.5496000000238723,0.6493000000119196,0.6824000000357273,0.5995000000000346,0.7824999999999704,0.8326999999881082,2.7643000000119287,1.498599999964199,2.447599999964268,0.8326000000238878,5.061899999976163,0.9158000000119273,0.5991999999881159,1.1490999999642213,9.007700000047748,0.9325000000000045]","[0.7493999999761627,0.7161000000238289,0.7830000000000155,0.6162000000476837,0.8658000000119159,0.6662999999523436,0.8158000000119614,0.6324999999999932,0.5493999999761741,0.5491999999881045,0.6329999999999814,3.8296999999881223,1.514900000035766,0.932300000011935,0.6324999999999932,0.9656999999880327,0.5496000000238723,0.6493000000119196,0.6825000000000045,0.5995000000000346,0.7826000000238196,0.8326999999881082,2.7643000000119287,1.4986999999880481,2.4476999999881173,0.8326999999881082,5.062000000000012,0.9158000000119273,0.5991999999881159,1.1491999999880704,9.007800000012026,0.9325999999642818]",,,0.0,111.0,111.0,23.0,1.0,slang,mslang,question_multimodal.png,im_combination.png,,,,,,
,,,348676,1,21,2023-10-02_21h26.35.284,flesh_expressibility_dutch,2022.2.4,Win32,60.15399423,,,,18.0,1.0,Nederlands,,,,,,Engels,2.0,Duits,1.0,,0.0,,0.0,,0.0,,0.0,,0.0,,0.0,NL,2.0,2.0,2.0,1.0,,sensorypref1,sensorypref2,1536.0,864.0,,,,,,,,,,,,,,,,,,,,,,,,,,,,,,,,,,,22.0,560.505,32.0,"[0.7493999999761627,0.7161000000238289,0.7828999999761663,0.6161000000238346,0.8658000000119159,0.6661999999880663,0.8158000000119614,0.6324999999999932,0.5493999999761741,0.5491999999881045,0.6329999999999814,3.8296999999881223,1.514900000035766,0.932300000011935,0.6323999999762009,0.9656999999880327,0.5496000000238723,0.6493000000119196,0.6824000000357273,0.5995000000000346,0.7824999999999704,0.8326999999881082,2.7643000000119287,1.498599999964199,2.447599999964268,0.8326000000238878,5.061899999976163,0.9158000000119273,0.5991999999881159,1.1490999999642213,9.007700000047748,0.9325000000000045]","[0.7493999999761627,0.7161000000238289,0.7830000000000155,0.6162000000476837,0.8658000000119159,0.6662999999523436,0.8158000000119614,0.6324999999999932,0.5493999999761741,0.5491999999881045,0.6329999999999814,3.8296999999881223,1.514900000035766,0.932300000011935,0.6324999999999932,0.9656999999880327,0.5496000000238723,0.6493000000119196,0.6825000000000045,0.5995000000000346,0.7826000000238196,0.8326999999881082,2.7643000000119287,1.4986999999880481,2.4476999999881173,0.8326999999881082,5.062000000000012,0.9158000000119273,0.5991999999881159,1.1491999999880704,9.007800000012026,0.9325999999642818]",,,0.0,112.0,112.0,45.0,1.0,onweer,monweer,question_multimodal.png,im_combination.png,,,,,,
,,,348676,1,21,2023-10-02_21h26.35.284,flesh_expressibility_dutch,2022.2.4,Win32,60.15399423,,,,18.0,1.0,Nederlands,,,,,,Engels,2.0,Duits,1.0,,0.0,,0.0,,0.0,,0.0,,0.0,,0.0,NL,2.0,2.0,2.0,1.0,,sensorypref1,sensorypref2,1536.0,864.0,,,,,,,,,,,,,,,,,,,,,,,,,,,,,,,,,,,22.0,561.5414,32.0,"[0.7493999999761627,0.7161000000238289,0.7828999999761663,0.6161000000238346,0.8658000000119159,0.6661999999880663,0.8158000000119614,0.6324999999999932,0.5493999999761741,0.5491999999881045,0.6329999999999814,3.8296999999881223,1.514900000035766,0.932300000011935,0.6323999999762009,0.9656999999880327,0.5496000000238723,0.6493000000119196,0.6824000000357273,0.5995000000000346,0.7824999999999704,0.8326999999881082,2.7643000000119287,1.498599999964199,2.447599999964268,0.8326000000238878,5.061899999976163,0.9158000000119273,0.5991999999881159,1.1490999999642213,9.007700000047748,0.9325000000000045]","[0.7493999999761627,0.7161000000238289,0.7830000000000155,0.6162000000476837,0.8658000000119159,0.6662999999523436,0.8158000000119614,0.6324999999999932,0.5493999999761741,0.5491999999881045,0.6329999999999814,3.8296999999881223,1.514900000035766,0.932300000011935,0.6324999999999932,0.9656999999880327,0.5496000000238723,0.6493000000119196,0.6825000000000045,0.5995000000000346,0.7826000000238196,0.8326999999881082,2.7643000000119287,1.4986999999880481,2.4476999999881173,0.8326999999881082,5.062000000000012,0.9158000000119273,0.5991999999881159,1.1491999999880704,9.007800000012026,0.9325999999642818]",,,0.0,113.0,113.0,58.0,1.0,wanneer,mwanneer,question_multimodal.png,im_combination.png,,,,,,
,,,348676,1,21,2023-10-02_21h26.35.284,flesh_expressibility_dutch,2022.2.4,Win32,60.15399423,,,,18.0,1.0,Nederlands,,,,,,Engels,2.0,Duits,1.0,,0.0,,0.0,,0.0,,0.0,,0.0,,0.0,NL,2.0,2.0,2.0,1.0,,sensorypref1,sensorypref2,1536.0,864.0,,,,,,,,,,,,,,,,,,,,,,,,,,,,,,,,,,,22.0,562.5215,32.0,"[0.7493999999761627,0.7161000000238289,0.7828999999761663,0.6161000000238346,0.8658000000119159,0.6661999999880663,0.8158000000119614,0.6324999999999932,0.5493999999761741,0.5491999999881045,0.6329999999999814,3.8296999999881223,1.514900000035766,0.932300000011935,0.6323999999762009,0.9656999999880327,0.5496000000238723,0.6493000000119196,0.6824000000357273,0.5995000000000346,0.7824999999999704,0.8326999999881082,2.7643000000119287,1.498599999964199,2.447599999964268,0.8326000000238878,5.061899999976163,0.9158000000119273,0.5991999999881159,1.1490999999642213,9.007700000047748,0.9325000000000045]","[0.7493999999761627,0.7161000000238289,0.7830000000000155,0.6162000000476837,0.8658000000119159,0.6662999999523436,0.8158000000119614,0.6324999999999932,0.5493999999761741,0.5491999999881045,0.6329999999999814,3.8296999999881223,1.514900000035766,0.932300000011935,0.6324999999999932,0.9656999999880327,0.5496000000238723,0.6493000000119196,0.6825000000000045,0.5995000000000346,0.7826000000238196,0.8326999999881082,2.7643000000119287,1.4986999999880481,2.4476999999881173,0.8326999999881082,5.062000000000012,0.9158000000119273,0.5991999999881159,1.1491999999880704,9.007800000012026,0.9325999999642818]",,,0.0,114.0,114.0,130.0,1.0,regen,mregen,question_multimodal.png,im_combination.png,,,,,,
,,,348676,1,21,2023-10-02_21h26.35.284,flesh_expressibility_dutch,2022.2.4,Win32,60.15399423,,,,18.0,1.0,Nederlands,,,,,,Engels,2.0,Duits,1.0,,0.0,,0.0,,0.0,,0.0,,0.0,,0.0,NL,2.0,2.0,2.0,1.0,,sensorypref1,sensorypref2,1536.0,864.0,,,,,,,,,,,,,,,,,,,,,,,,,,,,,,,,,,,22.0,563.541,32.0,"[0.7493999999761627,0.7161000000238289,0.7828999999761663,0.6161000000238346,0.8658000000119159,0.6661999999880663,0.8158000000119614,0.6324999999999932,0.5493999999761741,0.5491999999881045,0.6329999999999814,3.8296999999881223,1.514900000035766,0.932300000011935,0.6323999999762009,0.9656999999880327,0.5496000000238723,0.6493000000119196,0.6824000000357273,0.5995000000000346,0.7824999999999704,0.8326999999881082,2.7643000000119287,1.498599999964199,2.447599999964268,0.8326000000238878,5.061899999976163,0.9158000000119273,0.5991999999881159,1.1490999999642213,9.007700000047748,0.9325000000000045]","[0.7493999999761627,0.7161000000238289,0.7830000000000155,0.6162000000476837,0.8658000000119159,0.6662999999523436,0.8158000000119614,0.6324999999999932,0.5493999999761741,0.5491999999881045,0.6329999999999814,3.8296999999881223,1.514900000035766,0.932300000011935,0.6324999999999932,0.9656999999880327,0.5496000000238723,0.6493000000119196,0.6825000000000045,0.5995000000000346,0.7826000000238196,0.8326999999881082,2.7643000000119287,1.4986999999880481,2.4476999999881173,0.8326999999881082,5.062000000000012,0.9158000000119273,0.5991999999881159,1.1491999999880704,9.007800000012026,0.9325999999642818]",,,0.0,115.0,115.0,202.0,1.0,vlinder,mvlinder,question_multimodal.png,im_combination.png,,,,,,
,,,348676,1,21,2023-10-02_21h26.35.284,flesh_expressibility_dutch,2022.2.4,Win32,60.15399423,,,,18.0,1.0,Nederlands,,,,,,Engels,2.0,Duits,1.0,,0.0,,0.0,,0.0,,0.0,,0.0,,0.0,NL,2.0,2.0,2.0,1.0,,sensorypref1,sensorypref2,1536.0,864.0,,,,,,,,,,,,,,,,,,,,,,,,,,,,,,,,,,,22.0,564.5011,32.0,"[0.7493999999761627,0.7161000000238289,0.7828999999761663,0.6161000000238346,0.8658000000119159,0.6661999999880663,0.8158000000119614,0.6324999999999932,0.5493999999761741,0.5491999999881045,0.6329999999999814,3.8296999999881223,1.514900000035766,0.932300000011935,0.6323999999762009,0.9656999999880327,0.5496000000238723,0.6493000000119196,0.6824000000357273,0.5995000000000346,0.7824999999999704,0.8326999999881082,2.7643000000119287,1.498599999964199,2.447599999964268,0.8326000000238878,5.061899999976163,0.9158000000119273,0.5991999999881159,1.1490999999642213,9.007700000047748,0.9325000000000045]","[0.7493999999761627,0.7161000000238289,0.7830000000000155,0.6162000000476837,0.8658000000119159,0.6662999999523436,0.8158000000119614,0.6324999999999932,0.5493999999761741,0.5491999999881045,0.6329999999999814,3.8296999999881223,1.514900000035766,0.932300000011935,0.6324999999999932,0.9656999999880327,0.5496000000238723,0.6493000000119196,0.6825000000000045,0.5995000000000346,0.7826000000238196,0.8326999999881082,2.7643000000119287,1.4986999999880481,2.4476999999881173,0.8326999999881082,5.062000000000012,0.9158000000119273,0.5991999999881159,1.1491999999880704,9.007800000012026,0.9325999999642818]",,,0.0,116.0,116.0,142.0,1.0,verbrijzelen,mverbrijzelen,question_multimodal.png,im_combination.png,,,,,,
,,,348676,1,21,2023-10-02_21h26.35.284,flesh_expressibility_dutch,2022.2.4,Win32,60.15399423,,,,18.0,1.0,Nederlands,,,,,,Engels,2.0,Duits,1.0,,0.0,,0.0,,0.0,,0.0,,0.0,,0.0,NL,2.0,2.0,2.0,1.0,,sensorypref1,sensorypref2,1536.0,864.0,,,,,,,,,,,,,,,,,,,,,,,,,,,,,,,,,,,22.0,565.5509,32.0,"[0.7493999999761627,0.7161000000238289,0.7828999999761663,0.6161000000238346,0.8658000000119159,0.6661999999880663,0.8158000000119614,0.6324999999999932,0.5493999999761741,0.5491999999881045,0.6329999999999814,3.8296999999881223,1.514900000035766,0.932300000011935,0.6323999999762009,0.9656999999880327,0.5496000000238723,0.6493000000119196,0.6824000000357273,0.5995000000000346,0.7824999999999704,0.8326999999881082,2.7643000000119287,1.498599999964199,2.447599999964268,0.8326000000238878,5.061899999976163,0.9158000000119273,0.5991999999881159,1.1490999999642213,9.007700000047748,0.9325000000000045]","[0.7493999999761627,0.7161000000238289,0.7830000000000155,0.6162000000476837,0.8658000000119159,0.6662999999523436,0.8158000000119614,0.6324999999999932,0.5493999999761741,0.5491999999881045,0.6329999999999814,3.8296999999881223,1.514900000035766,0.932300000011935,0.6324999999999932,0.9656999999880327,0.5496000000238723,0.6493000000119196,0.6825000000000045,0.5995000000000346,0.7826000000238196,0.8326999999881082,2.7643000000119287,1.4986999999880481,2.4476999999881173,0.8326999999881082,5.062000000000012,0.9158000000119273,0.5991999999881159,1.1491999999880704,9.007800000012026,0.9325999999642818]",,,0.0,117.0,117.0,94.0,1.0,nu,mnu,question_multimodal.png,im_combination.png,,,,,,
,,,348676,1,21,2023-10-02_21h26.35.284,flesh_expressibility_dutch,2022.2.4,Win32,60.15399423,,,,18.0,1.0,Nederlands,,,,,,Engels,2.0,Duits,1.0,,0.0,,0.0,,0.0,,0.0,,0.0,,0.0,NL,2.0,2.0,2.0,1.0,,sensorypref1,sensorypref2,1536.0,864.0,,,,,,,,,,,,,,,,,,,,,,,,,,,,,,,,,,,22.0,566.5142,32.0,"[0.7493999999761627,0.7161000000238289,0.7828999999761663,0.6161000000238346,0.8658000000119159,0.6661999999880663,0.8158000000119614,0.6324999999999932,0.5493999999761741,0.5491999999881045,0.6329999999999814,3.8296999999881223,1.514900000035766,0.932300000011935,0.6323999999762009,0.9656999999880327,0.5496000000238723,0.6493000000119196,0.6824000000357273,0.5995000000000346,0.7824999999999704,0.8326999999881082,2.7643000000119287,1.498599999964199,2.447599999964268,0.8326000000238878,5.061899999976163,0.9158000000119273,0.5991999999881159,1.1490999999642213,9.007700000047748,0.9325000000000045]","[0.7493999999761627,0.7161000000238289,0.7830000000000155,0.6162000000476837,0.8658000000119159,0.6662999999523436,0.8158000000119614,0.6324999999999932,0.5493999999761741,0.5491999999881045,0.6329999999999814,3.8296999999881223,1.514900000035766,0.932300000011935,0.6324999999999932,0.9656999999880327,0.5496000000238723,0.6493000000119196,0.6825000000000045,0.5995000000000346,0.7826000000238196,0.8326999999881082,2.7643000000119287,1.4986999999880481,2.4476999999881173,0.8326999999881082,5.062000000000012,0.9158000000119273,0.5991999999881159,1.1491999999880704,9.007800000012026,0.9325999999642818]",,,0.0,118.0,118.0,85.0,1.0,boven,mboven,question_multimodal.png,im_combination.png,,,,,,
,,,348676,1,21,2023-10-02_21h26.35.284,flesh_expressibility_dutch,2022.2.4,Win32,60.15399423,,,,18.0,1.0,Nederlands,,,,,,Engels,2.0,Duits,1.0,,0.0,,0.0,,0.0,,0.0,,0.0,,0.0,NL,2.0,2.0,2.0,1.0,,sensorypref1,sensorypref2,1536.0,864.0,,,,,,,,,,,,,,,,,,,,,,,,,,,,,,,,,,,22.0,567.5428,32.0,"[0.7493999999761627,0.7161000000238289,0.7828999999761663,0.6161000000238346,0.8658000000119159,0.6661999999880663,0.8158000000119614,0.6324999999999932,0.5493999999761741,0.5491999999881045,0.6329999999999814,3.8296999999881223,1.514900000035766,0.932300000011935,0.6323999999762009,0.9656999999880327,0.5496000000238723,0.6493000000119196,0.6824000000357273,0.5995000000000346,0.7824999999999704,0.8326999999881082,2.7643000000119287,1.498599999964199,2.447599999964268,0.8326000000238878,5.061899999976163,0.9158000000119273,0.5991999999881159,1.1490999999642213,9.007700000047748,0.9325000000000045]","[0.7493999999761627,0.7161000000238289,0.7830000000000155,0.6162000000476837,0.8658000000119159,0.6662999999523436,0.8158000000119614,0.6324999999999932,0.5493999999761741,0.5491999999881045,0.6329999999999814,3.8296999999881223,1.514900000035766,0.932300000011935,0.6324999999999932,0.9656999999880327,0.5496000000238723,0.6493000000119196,0.6825000000000045,0.5995000000000346,0.7826000000238196,0.8326999999881082,2.7643000000119287,1.4986999999880481,2.4476999999881173,0.8326999999881082,5.062000000000012,0.9158000000119273,0.5991999999881159,1.1491999999880704,9.007800000012026,0.9325999999642818]",,,0.0,119.0,119.0,121.0,1.0,voet,mvoet,question_multimodal.png,im_combination.png,,,,,,
,,,348676,1,21,2023-10-02_21h26.35.284,flesh_expressibility_dutch,2022.2.4,Win32,60.15399423,,,,18.0,1.0,Nederlands,,,,,,Engels,2.0,Duits,1.0,,0.0,,0.0,,0.0,,0.0,,0.0,,0.0,NL,2.0,2.0,2.0,1.0,,sensorypref1,sensorypref2,1536.0,864.0,,,,,,,,,,,,,,,,,,,,,,,,,,,,,,,,,,,22.0,568.5663,32.0,"[0.7493999999761627,0.7161000000238289,0.7828999999761663,0.6161000000238346,0.8658000000119159,0.6661999999880663,0.8158000000119614,0.6324999999999932,0.5493999999761741,0.5491999999881045,0.6329999999999814,3.8296999999881223,1.514900000035766,0.932300000011935,0.6323999999762009,0.9656999999880327,0.5496000000238723,0.6493000000119196,0.6824000000357273,0.5995000000000346,0.7824999999999704,0.8326999999881082,2.7643000000119287,1.498599999964199,2.447599999964268,0.8326000000238878,5.061899999976163,0.9158000000119273,0.5991999999881159,1.1490999999642213,9.007700000047748,0.9325000000000045]","[0.7493999999761627,0.7161000000238289,0.7830000000000155,0.6162000000476837,0.8658000000119159,0.6662999999523436,0.8158000000119614,0.6324999999999932,0.5493999999761741,0.5491999999881045,0.6329999999999814,3.8296999999881223,1.514900000035766,0.932300000011935,0.6324999999999932,0.9656999999880327,0.5496000000238723,0.6493000000119196,0.6825000000000045,0.5995000000000346,0.7826000000238196,0.8326999999881082,2.7643000000119287,1.4986999999880481,2.4476999999881173,0.8326999999881082,5.062000000000012,0.9158000000119273,0.5991999999881159,1.1491999999880704,9.007800000012026,0.9325999999642818]",,,0.0,120.0,120.0,93.0,1.0,kleding,mkleding,question_multimodal.png,im_combination.png,,,,,,
,,,348676,1,21,2023-10-02_21h26.35.284,flesh_expressibility_dutch,2022.2.4,Win32,60.15399423,,,,18.0,1.0,Nederlands,,,,,,Engels,2.0,Duits,1.0,,0.0,,0.0,,0.0,,0.0,,0.0,,0.0,NL,2.0,2.0,2.0,1.0,,sensorypref1,sensorypref2,1536.0,864.0,,,,,,,,,,,,,,,,,,,,,,,,,,,,,,,,,,,20.0,569.5179,33.0,"[0.7493999999761627,0.7161000000238289,0.7828999999761663,0.6161000000238346,0.8658000000119159,0.6661999999880663,0.8158000000119614,0.6324999999999932,0.5493999999761741,0.5491999999881045,0.6329999999999814,3.8296999999881223,1.514900000035766,0.932300000011935,0.6323999999762009,0.9656999999880327,0.5496000000238723,0.6493000000119196,0.6824000000357273,0.5995000000000346,0.7824999999999704,0.8326999999881082,2.7643000000119287,1.498599999964199,2.447599999964268,0.8326000000238878,5.061899999976163,0.9158000000119273,0.5991999999881159,1.1490999999642213,9.007700000047748,0.9325000000000045,2.2480000000000473]","[0.7493999999761627,0.7161000000238289,0.7830000000000155,0.6162000000476837,0.8658000000119159,0.6662999999523436,0.8158000000119614,0.6324999999999932,0.5493999999761741,0.5491999999881045,0.6329999999999814,3.8296999999881223,1.514900000035766,0.932300000011935,0.6324999999999932,0.9656999999880327,0.5496000000238723,0.6493000000119196,0.6825000000000045,0.5995000000000346,0.7826000000238196,0.8326999999881082,2.7643000000119287,1.4986999999880481,2.4476999999881173,0.8326999999881082,5.062000000000012,0.9158000000119273,0.5991999999881159,1.1491999999880704,9.007800000012026,0.9325999999642818,2.2480000000000473]",-0.925925926,4.8592,0.0,121.0,121.0,77.0,1.0,groen,mgroen,question_multimodal.png,im_combination.png,,,,,,
,,,348676,1,21,2023-10-02_21h26.35.284,flesh_expressibility_dutch,2022.2.4,Win32,60.15399423,,,,18.0,1.0,Nederlands,,,,,,Engels,2.0,Duits,1.0,,0.0,,0.0,,0.0,,0.0,,0.0,,0.0,NL,2.0,2.0,2.0,1.0,,sensorypref1,sensorypref2,1536.0,864.0,,,,,,,,,,,,,,,,,,,,,,,,,,,,,,,,,,,22.0,576.4753,33.0,"[0.7493999999761627,0.7161000000238289,0.7828999999761663,0.6161000000238346,0.8658000000119159,0.6661999999880663,0.8158000000119614,0.6324999999999932,0.5493999999761741,0.5491999999881045,0.6329999999999814,3.8296999999881223,1.514900000035766,0.932300000011935,0.6323999999762009,0.9656999999880327,0.5496000000238723,0.6493000000119196,0.6824000000357273,0.5995000000000346,0.7824999999999704,0.8326999999881082,2.7643000000119287,1.498599999964199,2.447599999964268,0.8326000000238878,5.061899999976163,0.9158000000119273,0.5991999999881159,1.1490999999642213,9.007700000047748,0.9325000000000045,2.2480000000000473]","[0.7493999999761627,0.7161000000238289,0.7830000000000155,0.6162000000476837,0.8658000000119159,0.6662999999523436,0.8158000000119614,0.6324999999999932,0.5493999999761741,0.5491999999881045,0.6329999999999814,3.8296999999881223,1.514900000035766,0.932300000011935,0.6324999999999932,0.9656999999880327,0.5496000000238723,0.6493000000119196,0.6825000000000045,0.5995000000000346,0.7826000000238196,0.8326999999881082,2.7643000000119287,1.4986999999880481,2.4476999999881173,0.8326999999881082,5.062000000000012,0.9158000000119273,0.5991999999881159,1.1491999999880704,9.007800000012026,0.9325999999642818,2.2480000000000473]",,,0.0,122.0,122.0,139.0,1.0,rennen,mrennen,question_multimodal.png,im_combination.png,,,,,,
,,,348676,1,21,2023-10-02_21h26.35.284,flesh_expressibility_dutch,2022.2.4,Win32,60.15399423,,,,18.0,1.0,Nederlands,,,,,,Engels,2.0,Duits,1.0,,0.0,,0.0,,0.0,,0.0,,0.0,,0.0,NL,2.0,2.0,2.0,1.0,,sensorypref1,sensorypref2,1536.0,864.0,,,,,,,,,,,,,,,,,,,,,,,,,,,,,,,,,,,22.0,577.4852,33.0,"[0.7493999999761627,0.7161000000238289,0.7828999999761663,0.6161000000238346,0.8658000000119159,0.6661999999880663,0.8158000000119614,0.6324999999999932,0.5493999999761741,0.5491999999881045,0.6329999999999814,3.8296999999881223,1.514900000035766,0.932300000011935,0.6323999999762009,0.9656999999880327,0.5496000000238723,0.6493000000119196,0.6824000000357273,0.5995000000000346,0.7824999999999704,0.8326999999881082,2.7643000000119287,1.498599999964199,2.447599999964268,0.8326000000238878,5.061899999976163,0.9158000000119273,0.5991999999881159,1.1490999999642213,9.007700000047748,0.9325000000000045,2.2480000000000473]","[0.7493999999761627,0.7161000000238289,0.7830000000000155,0.6162000000476837,0.8658000000119159,0.6662999999523436,0.8158000000119614,0.6324999999999932,0.5493999999761741,0.5491999999881045,0.6329999999999814,3.8296999999881223,1.514900000035766,0.932300000011935,0.6324999999999932,0.9656999999880327,0.5496000000238723,0.6493000000119196,0.6825000000000045,0.5995000000000346,0.7826000000238196,0.8326999999881082,2.7643000000119287,1.4986999999880481,2.4476999999881173,0.8326999999881082,5.062000000000012,0.9158000000119273,0.5991999999881159,1.1491999999880704,9.007800000012026,0.9325999999642818,2.2480000000000473]",,,0.0,123.0,123.0,157.0,1.0,wortel,mwortel,question_multimodal.png,im_combination.png,,,,,,
,,,348676,1,21,2023-10-02_21h26.35.284,flesh_expressibility_dutch,2022.2.4,Win32,60.15399423,,,,18.0,1.0,Nederlands,,,,,,Engels,2.0,Duits,1.0,,0.0,,0.0,,0.0,,0.0,,0.0,,0.0,NL,2.0,2.0,2.0,1.0,,sensorypref1,sensorypref2,1536.0,864.0,,,,,,,,,,,,,,,,,,,,,,,,,,,,,,,,,,,22.0,578.4838,33.0,"[0.7493999999761627,0.7161000000238289,0.7828999999761663,0.6161000000238346,0.8658000000119159,0.6661999999880663,0.8158000000119614,0.6324999999999932,0.5493999999761741,0.5491999999881045,0.6329999999999814,3.8296999999881223,1.514900000035766,0.932300000011935,0.6323999999762009,0.9656999999880327,0.5496000000238723,0.6493000000119196,0.6824000000357273,0.5995000000000346,0.7824999999999704,0.8326999999881082,2.7643000000119287,1.498599999964199,2.447599999964268,0.8326000000238878,5.061899999976163,0.9158000000119273,0.5991999999881159,1.1490999999642213,9.007700000047748,0.9325000000000045,2.2480000000000473]","[0.7493999999761627,0.7161000000238289,0.7830000000000155,0.6162000000476837,0.8658000000119159,0.6662999999523436,0.8158000000119614,0.6324999999999932,0.5493999999761741,0.5491999999881045,0.6329999999999814,3.8296999999881223,1.514900000035766,0.932300000011935,0.6324999999999932,0.9656999999880327,0.5496000000238723,0.6493000000119196,0.6825000000000045,0.5995000000000346,0.7826000000238196,0.8326999999881082,2.7643000000119287,1.4986999999880481,2.4476999999881173,0.8326999999881082,5.062000000000012,0.9158000000119273,0.5991999999881159,1.1491999999880704,9.007800000012026,0.9325999999642818,2.2480000000000473]",,,0.0,124.0,124.0,41.0,1.0,bliksem,mbliksem,question_multimodal.png,im_combination.png,,,,,,
,,,348676,1,21,2023-10-02_21h26.35.284,flesh_expressibility_dutch,2022.2.4,Win32,60.15399423,,,,18.0,1.0,Nederlands,,,,,,Engels,2.0,Duits,1.0,,0.0,,0.0,,0.0,,0.0,,0.0,,0.0,NL,2.0,2.0,2.0,1.0,,sensorypref1,sensorypref2,1536.0,864.0,,,,,,,,,,,,,,,,,,,,,,,,,,,,,,,,,,,22.0,583.3361,33.0,"[0.7493999999761627,0.7161000000238289,0.7828999999761663,0.6161000000238346,0.8658000000119159,0.6661999999880663,0.8158000000119614,0.6324999999999932,0.5493999999761741,0.5491999999881045,0.6329999999999814,3.8296999999881223,1.514900000035766,0.932300000011935,0.6323999999762009,0.9656999999880327,0.5496000000238723,0.6493000000119196,0.6824000000357273,0.5995000000000346,0.7824999999999704,0.8326999999881082,2.7643000000119287,1.498599999964199,2.447599999964268,0.8326000000238878,5.061899999976163,0.9158000000119273,0.5991999999881159,1.1490999999642213,9.007700000047748,0.9325000000000045,2.2480000000000473]","[0.7493999999761627,0.7161000000238289,0.7830000000000155,0.6162000000476837,0.8658000000119159,0.6662999999523436,0.8158000000119614,0.6324999999999932,0.5493999999761741,0.5491999999881045,0.6329999999999814,3.8296999999881223,1.514900000035766,0.932300000011935,0.6324999999999932,0.9656999999880327,0.5496000000238723,0.6493000000119196,0.6825000000000045,0.5995000000000346,0.7826000000238196,0.8326999999881082,2.7643000000119287,1.4986999999880481,2.4476999999881173,0.8326999999881082,5.062000000000012,0.9158000000119273,0.5991999999881159,1.1491999999880704,9.007800000012026,0.9325999999642818,2.2480000000000473]",,,0.0,125.0,125.0,80.0,1.0,vijand,mvijand,question_multimodal.png,im_combination.png,,,,,,
,,,348676,1,21,2023-10-02_21h26.35.284,flesh_expressibility_dutch,2022.2.4,Win32,60.15399423,,,,18.0,1.0,Nederlands,,,,,,Engels,2.0,Duits,1.0,,0.0,,0.0,,0.0,,0.0,,0.0,,0.0,NL,2.0,2.0,2.0,1.0,,sensorypref1,sensorypref2,1536.0,864.0,,,,,,,,,,,,,,,,,,,,,,,,,,,,,,,,,,,22.0,584.347,33.0,"[0.7493999999761627,0.7161000000238289,0.7828999999761663,0.6161000000238346,0.8658000000119159,0.6661999999880663,0.8158000000119614,0.6324999999999932,0.5493999999761741,0.5491999999881045,0.6329999999999814,3.8296999999881223,1.514900000035766,0.932300000011935,0.6323999999762009,0.9656999999880327,0.5496000000238723,0.6493000000119196,0.6824000000357273,0.5995000000000346,0.7824999999999704,0.8326999999881082,2.7643000000119287,1.498599999964199,2.447599999964268,0.8326000000238878,5.061899999976163,0.9158000000119273,0.5991999999881159,1.1490999999642213,9.007700000047748,0.9325000000000045,2.2480000000000473]","[0.7493999999761627,0.7161000000238289,0.7830000000000155,0.6162000000476837,0.8658000000119159,0.6662999999523436,0.8158000000119614,0.6324999999999932,0.5493999999761741,0.5491999999881045,0.6329999999999814,3.8296999999881223,1.514900000035766,0.932300000011935,0.6324999999999932,0.9656999999880327,0.5496000000238723,0.6493000000119196,0.6825000000000045,0.5995000000000346,0.7826000000238196,0.8326999999881082,2.7643000000119287,1.4986999999880481,2.4476999999881173,0.8326999999881082,5.062000000000012,0.9158000000119273,0.5991999999881159,1.1491999999880704,9.007800000012026,0.9325999999642818,2.2480000000000473]",,,0.0,126.0,126.0,83.0,1.0,uit,muit,question_multimodal.png,im_combination.png,,,,,,
,,,348676,1,21,2023-10-02_21h26.35.284,flesh_expressibility_dutch,2022.2.4,Win32,60.15399423,,,,18.0,1.0,Nederlands,,,,,,Engels,2.0,Duits,1.0,,0.0,,0.0,,0.0,,0.0,,0.0,,0.0,NL,2.0,2.0,2.0,1.0,,sensorypref1,sensorypref2,1536.0,864.0,,,,,,,,,,,,,,,,,,,,,,,,,,,,,,,,,,,22.0,585.3608,33.0,"[0.7493999999761627,0.7161000000238289,0.7828999999761663,0.6161000000238346,0.8658000000119159,0.6661999999880663,0.8158000000119614,0.6324999999999932,0.5493999999761741,0.5491999999881045,0.6329999999999814,3.8296999999881223,1.514900000035766,0.932300000011935,0.6323999999762009,0.9656999999880327,0.5496000000238723,0.6493000000119196,0.6824000000357273,0.5995000000000346,0.7824999999999704,0.8326999999881082,2.7643000000119287,1.498599999964199,2.447599999964268,0.8326000000238878,5.061899999976163,0.9158000000119273,0.5991999999881159,1.1490999999642213,9.007700000047748,0.9325000000000045,2.2480000000000473]","[0.7493999999761627,0.7161000000238289,0.7830000000000155,0.6162000000476837,0.8658000000119159,0.6662999999523436,0.8158000000119614,0.6324999999999932,0.5493999999761741,0.5491999999881045,0.6329999999999814,3.8296999999881223,1.514900000035766,0.932300000011935,0.6324999999999932,0.9656999999880327,0.5496000000238723,0.6493000000119196,0.6825000000000045,0.5995000000000346,0.7826000000238196,0.8326999999881082,2.7643000000119287,1.4986999999880481,2.4476999999881173,0.8326999999881082,5.062000000000012,0.9158000000119273,0.5991999999881159,1.1491999999880704,9.007800000012026,0.9325999999642818,2.2480000000000473]",,,0.0,127.0,127.0,73.0,1.0,ruiken,mruiken,question_multimodal.png,im_combination.png,,,,,,
,,,348676,1,21,2023-10-02_21h26.35.284,flesh_expressibility_dutch,2022.2.4,Win32,60.15399423,,,,18.0,1.0,Nederlands,,,,,,Engels,2.0,Duits,1.0,,0.0,,0.0,,0.0,,0.0,,0.0,,0.0,NL,2.0,2.0,2.0,1.0,,sensorypref1,sensorypref2,1536.0,864.0,,,,,,,,,,,,,,,,,,,,,,,,,,,,,,,,,,,22.0,586.3758,33.0,"[0.7493999999761627,0.7161000000238289,0.7828999999761663,0.6161000000238346,0.8658000000119159,0.6661999999880663,0.8158000000119614,0.6324999999999932,0.5493999999761741,0.5491999999881045,0.6329999999999814,3.8296999999881223,1.514900000035766,0.932300000011935,0.6323999999762009,0.9656999999880327,0.5496000000238723,0.6493000000119196,0.6824000000357273,0.5995000000000346,0.7824999999999704,0.8326999999881082,2.7643000000119287,1.498599999964199,2.447599999964268,0.8326000000238878,5.061899999976163,0.9158000000119273,0.5991999999881159,1.1490999999642213,9.007700000047748,0.9325000000000045,2.2480000000000473]","[0.7493999999761627,0.7161000000238289,0.7830000000000155,0.6162000000476837,0.8658000000119159,0.6662999999523436,0.8158000000119614,0.6324999999999932,0.5493999999761741,0.5491999999881045,0.6329999999999814,3.8296999999881223,1.514900000035766,0.932300000011935,0.6324999999999932,0.9656999999880327,0.5496000000238723,0.6493000000119196,0.6825000000000045,0.5995000000000346,0.7826000000238196,0.8326999999881082,2.7643000000119287,1.4986999999880481,2.4476999999881173,0.8326999999881082,5.062000000000012,0.9158000000119273,0.5991999999881159,1.1491999999880704,9.007800000012026,0.9325999999642818,2.2480000000000473]",,,0.0,128.0,128.0,114.0,1.0,borst,mborst,question_multimodal.png,im_combination.png,,,,,,
,,,348676,1,21,2023-10-02_21h26.35.284,flesh_expressibility_dutch,2022.2.4,Win32,60.15399423,,,,18.0,1.0,Nederlands,,,,,,Engels,2.0,Duits,1.0,,0.0,,0.0,,0.0,,0.0,,0.0,,0.0,NL,2.0,2.0,2.0,1.0,,sensorypref1,sensorypref2,1536.0,864.0,,,,,,,,,,,,,,,,,,,,,,,,,,,,,,,,,,,22.0,587.3771,33.0,"[0.7493999999761627,0.7161000000238289,0.7828999999761663,0.6161000000238346,0.8658000000119159,0.6661999999880663,0.8158000000119614,0.6324999999999932,0.5493999999761741,0.5491999999881045,0.6329999999999814,3.8296999999881223,1.514900000035766,0.932300000011935,0.6323999999762009,0.9656999999880327,0.5496000000238723,0.6493000000119196,0.6824000000357273,0.5995000000000346,0.7824999999999704,0.8326999999881082,2.7643000000119287,1.498599999964199,2.447599999964268,0.8326000000238878,5.061899999976163,0.9158000000119273,0.5991999999881159,1.1490999999642213,9.007700000047748,0.9325000000000045,2.2480000000000473]","[0.7493999999761627,0.7161000000238289,0.7830000000000155,0.6162000000476837,0.8658000000119159,0.6662999999523436,0.8158000000119614,0.6324999999999932,0.5493999999761741,0.5491999999881045,0.6329999999999814,3.8296999999881223,1.514900000035766,0.932300000011935,0.6324999999999932,0.9656999999880327,0.5496000000238723,0.6493000000119196,0.6825000000000045,0.5995000000000346,0.7826000000238196,0.8326999999881082,2.7643000000119287,1.4986999999880481,2.4476999999881173,0.8326999999881082,5.062000000000012,0.9158000000119273,0.5991999999881159,1.1491999999880704,9.007800000012026,0.9325999999642818,2.2480000000000473]",,,0.0,129.0,129.0,11.0,1.0,voelen,mvoelen,question_multimodal.png,im_combination.png,,,,,,
,,,348676,1,21,2023-10-02_21h26.35.284,flesh_expressibility_dutch,2022.2.4,Win32,60.15399423,,,,18.0,1.0,Nederlands,,,,,,Engels,2.0,Duits,1.0,,0.0,,0.0,,0.0,,0.0,,0.0,,0.0,NL,2.0,2.0,2.0,1.0,,sensorypref1,sensorypref2,1536.0,864.0,,,,,,,,,,,,,,,,,,,,,,,,,,,,,,,,,,,22.0,588.3274,33.0,"[0.7493999999761627,0.7161000000238289,0.7828999999761663,0.6161000000238346,0.8658000000119159,0.6661999999880663,0.8158000000119614,0.6324999999999932,0.5493999999761741,0.5491999999881045,0.6329999999999814,3.8296999999881223,1.514900000035766,0.932300000011935,0.6323999999762009,0.9656999999880327,0.5496000000238723,0.6493000000119196,0.6824000000357273,0.5995000000000346,0.7824999999999704,0.8326999999881082,2.7643000000119287,1.498599999964199,2.447599999964268,0.8326000000238878,5.061899999976163,0.9158000000119273,0.5991999999881159,1.1490999999642213,9.007700000047748,0.9325000000000045,2.2480000000000473]","[0.7493999999761627,0.7161000000238289,0.7830000000000155,0.6162000000476837,0.8658000000119159,0.6662999999523436,0.8158000000119614,0.6324999999999932,0.5493999999761741,0.5491999999881045,0.6329999999999814,3.8296999999881223,1.514900000035766,0.932300000011935,0.6324999999999932,0.9656999999880327,0.5496000000238723,0.6493000000119196,0.6825000000000045,0.5995000000000346,0.7826000000238196,0.8326999999881082,2.7643000000119287,1.4986999999880481,2.4476999999881173,0.8326999999881082,5.062000000000012,0.9158000000119273,0.5991999999881159,1.1491999999880704,9.007800000012026,0.9325999999642818,2.2480000000000473]",,,0.0,130.0,130.0,96.0,1.0,verbranden,mverbranden,question_multimodal.png,im_combination.png,,,,,,
,,,348676,1,21,2023-10-02_21h26.35.284,flesh_expressibility_dutch,2022.2.4,Win32,60.15399423,,,,18.0,1.0,Nederlands,,,,,,Engels,2.0,Duits,1.0,,0.0,,0.0,,0.0,,0.0,,0.0,,0.0,NL,2.0,2.0,2.0,1.0,,sensorypref1,sensorypref2,1536.0,864.0,,,,,,,,,,,,,,,,,,,,,,,,,,,,,,,,,,,22.0,589.4659,33.0,"[0.7493999999761627,0.7161000000238289,0.7828999999761663,0.6161000000238346,0.8658000000119159,0.6661999999880663,0.8158000000119614,0.6324999999999932,0.5493999999761741,0.5491999999881045,0.6329999999999814,3.8296999999881223,1.514900000035766,0.932300000011935,0.6323999999762009,0.9656999999880327,0.5496000000238723,0.6493000000119196,0.6824000000357273,0.5995000000000346,0.7824999999999704,0.8326999999881082,2.7643000000119287,1.498599999964199,2.447599999964268,0.8326000000238878,5.061899999976163,0.9158000000119273,0.5991999999881159,1.1490999999642213,9.007700000047748,0.9325000000000045,2.2480000000000473]","[0.7493999999761627,0.7161000000238289,0.7830000000000155,0.6162000000476837,0.8658000000119159,0.6662999999523436,0.8158000000119614,0.6324999999999932,0.5493999999761741,0.5491999999881045,0.6329999999999814,3.8296999999881223,1.514900000035766,0.932300000011935,0.6324999999999932,0.9656999999880327,0.5496000000238723,0.6493000000119196,0.6825000000000045,0.5995000000000346,0.7826000000238196,0.8326999999881082,2.7643000000119287,1.4986999999880481,2.4476999999881173,0.8326999999881082,5.062000000000012,0.9158000000119273,0.5991999999881159,1.1491999999880704,9.007800000012026,0.9325999999642818,2.2480000000000473]",,,0.0,131.0,131.0,112.0,1.0,bloed,mbloed,question_multimodal.png,im_combination.png,,,,,,
,,,348676,1,21,2023-10-02_21h26.35.284,flesh_expressibility_dutch,2022.2.4,Win32,60.15399423,,,,18.0,1.0,Nederlands,,,,,,Engels,2.0,Duits,1.0,,0.0,,0.0,,0.0,,0.0,,0.0,,0.0,NL,2.0,2.0,2.0,1.0,,sensorypref1,sensorypref2,1536.0,864.0,,,,,,,,,,,,,,,,,,,,,,,,,,,,,,,,,,,22.0,590.3591,33.0,"[0.7493999999761627,0.7161000000238289,0.7828999999761663,0.6161000000238346,0.8658000000119159,0.6661999999880663,0.8158000000119614,0.6324999999999932,0.5493999999761741,0.5491999999881045,0.6329999999999814,3.8296999999881223,1.514900000035766,0.932300000011935,0.6323999999762009,0.9656999999880327,0.5496000000238723,0.6493000000119196,0.6824000000357273,0.5995000000000346,0.7824999999999704,0.8326999999881082,2.7643000000119287,1.498599999964199,2.447599999964268,0.8326000000238878,5.061899999976163,0.9158000000119273,0.5991999999881159,1.1490999999642213,9.007700000047748,0.9325000000000045,2.2480000000000473]","[0.7493999999761627,0.7161000000238289,0.7830000000000155,0.6162000000476837,0.8658000000119159,0.6662999999523436,0.8158000000119614,0.6324999999999932,0.5493999999761741,0.5491999999881045,0.6329999999999814,3.8296999999881223,1.514900000035766,0.932300000011935,0.6324999999999932,0.9656999999880327,0.5496000000238723,0.6493000000119196,0.6825000000000045,0.5995000000000346,0.7826000000238196,0.8326999999881082,2.7643000000119287,1.4986999999880481,2.4476999999881173,0.8326999999881082,5.062000000000012,0.9158000000119273,0.5991999999881159,1.1491999999880704,9.007800000012026,0.9325999999642818,2.2480000000000473]",,,0.0,132.0,132.0,180.0,1.0,het,mhet,question_multimodal.png,im_combination.png,,,,,,
,,,348676,1,21,2023-10-02_21h26.35.284,flesh_expressibility_dutch,2022.2.4,Win32,60.15399423,,,,18.0,1.0,Nederlands,,,,,,Engels,2.0,Duits,1.0,,0.0,,0.0,,0.0,,0.0,,0.0,,0.0,NL,2.0,2.0,2.0,1.0,,sensorypref1,sensorypref2,1536.0,864.0,,,,,,,,,,,,,,,,,,,,,,,,,,,,,,,,,,,22.0,591.3774,33.0,"[0.7493999999761627,0.7161000000238289,0.7828999999761663,0.6161000000238346,0.8658000000119159,0.6661999999880663,0.8158000000119614,0.6324999999999932,0.5493999999761741,0.5491999999881045,0.6329999999999814,3.8296999999881223,1.514900000035766,0.932300000011935,0.6323999999762009,0.9656999999880327,0.5496000000238723,0.6493000000119196,0.6824000000357273,0.5995000000000346,0.7824999999999704,0.8326999999881082,2.7643000000119287,1.498599999964199,2.447599999964268,0.8326000000238878,5.061899999976163,0.9158000000119273,0.5991999999881159,1.1490999999642213,9.007700000047748,0.9325000000000045,2.2480000000000473]","[0.7493999999761627,0.7161000000238289,0.7830000000000155,0.6162000000476837,0.8658000000119159,0.6662999999523436,0.8158000000119614,0.6324999999999932,0.5493999999761741,0.5491999999881045,0.6329999999999814,3.8296999999881223,1.514900000035766,0.932300000011935,0.6324999999999932,0.9656999999880327,0.5496000000238723,0.6493000000119196,0.6825000000000045,0.5995000000000346,0.7826000000238196,0.8326999999881082,2.7643000000119287,1.4986999999880481,2.4476999999881173,0.8326999999881082,5.062000000000012,0.9158000000119273,0.5991999999881159,1.1491999999880704,9.007800000012026,0.9325999999642818,2.2480000000000473]",,,0.0,133.0,133.0,122.0,1.0,lever,mlever,question_multimodal.png,im_combination.png,,,,,,
,,,348676,1,21,2023-10-02_21h26.35.284,flesh_expressibility_dutch,2022.2.4,Win32,60.15399423,,,,18.0,1.0,Nederlands,,,,,,Engels,2.0,Duits,1.0,,0.0,,0.0,,0.0,,0.0,,0.0,,0.0,NL,2.0,2.0,2.0,1.0,,sensorypref1,sensorypref2,1536.0,864.0,,,,,,,,,,,,,,,,,,,,,,,,,,,,,,,,,,,21.0,592.3541,34.0,"[0.7493999999761627,0.7161000000238289,0.7828999999761663,0.6161000000238346,0.8658000000119159,0.6661999999880663,0.8158000000119614,0.6324999999999932,0.5493999999761741,0.5491999999881045,0.6329999999999814,3.8296999999881223,1.514900000035766,0.932300000011935,0.6323999999762009,0.9656999999880327,0.5496000000238723,0.6493000000119196,0.6824000000357273,0.5995000000000346,0.7824999999999704,0.8326999999881082,2.7643000000119287,1.498599999964199,2.447599999964268,0.8326000000238878,5.061899999976163,0.9158000000119273,0.5991999999881159,1.1490999999642213,9.007700000047748,0.9325000000000045,2.2480000000000473,11.006299999952375]","[0.7493999999761627,0.7161000000238289,0.7830000000000155,0.6162000000476837,0.8658000000119159,0.6662999999523436,0.8158000000119614,0.6324999999999932,0.5493999999761741,0.5491999999881045,0.6329999999999814,3.8296999999881223,1.514900000035766,0.932300000011935,0.6324999999999932,0.9656999999880327,0.5496000000238723,0.6493000000119196,0.6825000000000045,0.5995000000000346,0.7826000000238196,0.8326999999881082,2.7643000000119287,1.4986999999880481,2.4476999999881173,0.8326999999881082,5.062000000000012,0.9158000000119273,0.5991999999881159,1.1491999999880704,9.007800000012026,0.9325999999642818,2.2480000000000473,11.006299999952375]",0.956968811,12.3292,0.0,134.0,134.0,39.0,1.0,verdrietig,mverdrietig,question_multimodal.png,im_combination.png,,,,,,
,,,348676,1,21,2023-10-02_21h26.35.284,flesh_expressibility_dutch,2022.2.4,Win32,60.15399423,,,,18.0,1.0,Nederlands,,,,,,Engels,2.0,Duits,1.0,,0.0,,0.0,,0.0,,0.0,,0.0,,0.0,NL,2.0,2.0,2.0,1.0,,sensorypref1,sensorypref2,1536.0,864.0,,,,,,,,,,,,,,,,,,,,,,,,,,,,,,,,,,,22.0,611.7647,34.0,"[0.7493999999761627,0.7161000000238289,0.7828999999761663,0.6161000000238346,0.8658000000119159,0.6661999999880663,0.8158000000119614,0.6324999999999932,0.5493999999761741,0.5491999999881045,0.6329999999999814,3.8296999999881223,1.514900000035766,0.932300000011935,0.6323999999762009,0.9656999999880327,0.5496000000238723,0.6493000000119196,0.6824000000357273,0.5995000000000346,0.7824999999999704,0.8326999999881082,2.7643000000119287,1.498599999964199,2.447599999964268,0.8326000000238878,5.061899999976163,0.9158000000119273,0.5991999999881159,1.1490999999642213,9.007700000047748,0.9325000000000045,2.2480000000000473,11.006299999952375]","[0.7493999999761627,0.7161000000238289,0.7830000000000155,0.6162000000476837,0.8658000000119159,0.6662999999523436,0.8158000000119614,0.6324999999999932,0.5493999999761741,0.5491999999881045,0.6329999999999814,3.8296999999881223,1.514900000035766,0.932300000011935,0.6324999999999932,0.9656999999880327,0.5496000000238723,0.6493000000119196,0.6825000000000045,0.5995000000000346,0.7826000000238196,0.8326999999881082,2.7643000000119287,1.4986999999880481,2.4476999999881173,0.8326999999881082,5.062000000000012,0.9158000000119273,0.5991999999881159,1.1491999999880704,9.007800000012026,0.9325999999642818,2.2480000000000473,11.006299999952375]",,,0.0,135.0,135.0,174.0,1.0,staart,mstaart,question_multimodal.png,im_combination.png,,,,,,
,,,348676,1,21,2023-10-02_21h26.35.284,flesh_expressibility_dutch,2022.2.4,Win32,60.15399423,,,,18.0,1.0,Nederlands,,,,,,Engels,2.0,Duits,1.0,,0.0,,0.0,,0.0,,0.0,,0.0,,0.0,NL,2.0,2.0,2.0,1.0,,sensorypref1,sensorypref2,1536.0,864.0,,,,,,,,,,,,,,,,,,,,,,,,,,,,,,,,,,,22.0,612.7345,34.0,"[0.7493999999761627,0.7161000000238289,0.7828999999761663,0.6161000000238346,0.8658000000119159,0.6661999999880663,0.8158000000119614,0.6324999999999932,0.5493999999761741,0.5491999999881045,0.6329999999999814,3.8296999999881223,1.514900000035766,0.932300000011935,0.6323999999762009,0.9656999999880327,0.5496000000238723,0.6493000000119196,0.6824000000357273,0.5995000000000346,0.7824999999999704,0.8326999999881082,2.7643000000119287,1.498599999964199,2.447599999964268,0.8326000000238878,5.061899999976163,0.9158000000119273,0.5991999999881159,1.1490999999642213,9.007700000047748,0.9325000000000045,2.2480000000000473,11.006299999952375]","[0.7493999999761627,0.7161000000238289,0.7830000000000155,0.6162000000476837,0.8658000000119159,0.6662999999523436,0.8158000000119614,0.6324999999999932,0.5493999999761741,0.5491999999881045,0.6329999999999814,3.8296999999881223,1.514900000035766,0.932300000011935,0.6324999999999932,0.9656999999880327,0.5496000000238723,0.6493000000119196,0.6825000000000045,0.5995000000000346,0.7826000000238196,0.8326999999881082,2.7643000000119287,1.4986999999880481,2.4476999999881173,0.8326999999881082,5.062000000000012,0.9158000000119273,0.5991999999881159,1.1491999999880704,9.007800000012026,0.9325999999642818,2.2480000000000473,11.006299999952375]",,,0.0,136.0,136.0,101.0,1.0,hond,mhond,question_multimodal.png,im_combination.png,,,,,,
,,,348676,1,21,2023-10-02_21h26.35.284,flesh_expressibility_dutch,2022.2.4,Win32,60.15399423,,,,18.0,1.0,Nederlands,,,,,,Engels,2.0,Duits,1.0,,0.0,,0.0,,0.0,,0.0,,0.0,,0.0,NL,2.0,2.0,2.0,1.0,,sensorypref1,sensorypref2,1536.0,864.0,,,,,,,,,,,,,,,,,,,,,,,,,,,,,,,,,,,22.0,613.7636,34.0,"[0.7493999999761627,0.7161000000238289,0.7828999999761663,0.6161000000238346,0.8658000000119159,0.6661999999880663,0.8158000000119614,0.6324999999999932,0.5493999999761741,0.5491999999881045,0.6329999999999814,3.8296999999881223,1.514900000035766,0.932300000011935,0.6323999999762009,0.9656999999880327,0.5496000000238723,0.6493000000119196,0.6824000000357273,0.5995000000000346,0.7824999999999704,0.8326999999881082,2.7643000000119287,1.498599999964199,2.447599999964268,0.8326000000238878,5.061899999976163,0.9158000000119273,0.5991999999881159,1.1490999999642213,9.007700000047748,0.9325000000000045,2.2480000000000473,11.006299999952375]","[0.7493999999761627,0.7161000000238289,0.7830000000000155,0.6162000000476837,0.8658000000119159,0.6662999999523436,0.8158000000119614,0.6324999999999932,0.5493999999761741,0.5491999999881045,0.6329999999999814,3.8296999999881223,1.514900000035766,0.932300000011935,0.6324999999999932,0.9656999999880327,0.5496000000238723,0.6493000000119196,0.6825000000000045,0.5995000000000346,0.7826000000238196,0.8326999999881082,2.7643000000119287,1.4986999999880481,2.4476999999881173,0.8326999999881082,5.062000000000012,0.9158000000119273,0.5991999999881159,1.1491999999880704,9.007800000012026,0.9325999999642818,2.2480000000000473,11.006299999952375]",,,0.0,137.0,137.0,173.0,1.0,klein,mklein,question_multimodal.png,im_combination.png,,,,,,
,,,348676,1,21,2023-10-02_21h26.35.284,flesh_expressibility_dutch,2022.2.4,Win32,60.15399423,,,,18.0,1.0,Nederlands,,,,,,Engels,2.0,Duits,1.0,,0.0,,0.0,,0.0,,0.0,,0.0,,0.0,NL,2.0,2.0,2.0,1.0,,sensorypref1,sensorypref2,1536.0,864.0,,,,,,,,,,,,,,,,,,,,,,,,,,,,,,,,,,,22.0,614.7565,34.0,"[0.7493999999761627,0.7161000000238289,0.7828999999761663,0.6161000000238346,0.8658000000119159,0.6661999999880663,0.8158000000119614,0.6324999999999932,0.5493999999761741,0.5491999999881045,0.6329999999999814,3.8296999999881223,1.514900000035766,0.932300000011935,0.6323999999762009,0.9656999999880327,0.5496000000238723,0.6493000000119196,0.6824000000357273,0.5995000000000346,0.7824999999999704,0.8326999999881082,2.7643000000119287,1.498599999964199,2.447599999964268,0.8326000000238878,5.061899999976163,0.9158000000119273,0.5991999999881159,1.1490999999642213,9.007700000047748,0.9325000000000045,2.2480000000000473,11.006299999952375]","[0.7493999999761627,0.7161000000238289,0.7830000000000155,0.6162000000476837,0.8658000000119159,0.6662999999523436,0.8158000000119614,0.6324999999999932,0.5493999999761741,0.5491999999881045,0.6329999999999814,3.8296999999881223,1.514900000035766,0.932300000011935,0.6324999999999932,0.9656999999880327,0.5496000000238723,0.6493000000119196,0.6825000000000045,0.5995000000000346,0.7826000000238196,0.8326999999881082,2.7643000000119287,1.4986999999880481,2.4476999999881173,0.8326999999881082,5.062000000000012,0.9158000000119273,0.5991999999881159,1.1491999999880704,9.007800000012026,0.9325999999642818,2.2480000000000473,11.006299999952375]",,,0.0,138.0,138.0,25.0,1.0,dood,mdood,question_multimodal.png,im_combination.png,,,,,,
,,,348676,1,21,2023-10-02_21h26.35.284,flesh_expressibility_dutch,2022.2.4,Win32,60.15399423,,,,18.0,1.0,Nederlands,,,,,,Engels,2.0,Duits,1.0,,0.0,,0.0,,0.0,,0.0,,0.0,,0.0,NL,2.0,2.0,2.0,1.0,,sensorypref1,sensorypref2,1536.0,864.0,,,,,,,,,,,,,,,,,,,,,,,,,,,,,,,,,,,22.0,615.7376,34.0,"[0.7493999999761627,0.7161000000238289,0.7828999999761663,0.6161000000238346,0.8658000000119159,0.6661999999880663,0.8158000000119614,0.6324999999999932,0.5493999999761741,0.5491999999881045,0.6329999999999814,3.8296999999881223,1.514900000035766,0.932300000011935,0.6323999999762009,0.9656999999880327,0.5496000000238723,0.6493000000119196,0.6824000000357273,0.5995000000000346,0.7824999999999704,0.8326999999881082,2.7643000000119287,1.498599999964199,2.447599999964268,0.8326000000238878,5.061899999976163,0.9158000000119273,0.5991999999881159,1.1490999999642213,9.007700000047748,0.9325000000000045,2.2480000000000473,11.006299999952375]","[0.7493999999761627,0.7161000000238289,0.7830000000000155,0.6162000000476837,0.8658000000119159,0.6662999999523436,0.8158000000119614,0.6324999999999932,0.5493999999761741,0.5491999999881045,0.6329999999999814,3.8296999999881223,1.514900000035766,0.932300000011935,0.6324999999999932,0.9656999999880327,0.5496000000238723,0.6493000000119196,0.6825000000000045,0.5995000000000346,0.7826000000238196,0.8326999999881082,2.7643000000119287,1.4986999999880481,2.4476999999881173,0.8326999999881082,5.062000000000012,0.9158000000119273,0.5991999999881159,1.1491999999880704,9.007800000012026,0.9325999999642818,2.2480000000000473,11.006299999952375]",,,0.0,139.0,139.0,134.0,1.0,water,mwater,question_multimodal.png,im_combination.png,,,,,,
,,,348676,1,21,2023-10-02_21h26.35.284,flesh_expressibility_dutch,2022.2.4,Win32,60.15399423,,,,18.0,1.0,Nederlands,,,,,,Engels,2.0,Duits,1.0,,0.0,,0.0,,0.0,,0.0,,0.0,,0.0,NL,2.0,2.0,2.0,1.0,,sensorypref1,sensorypref2,1536.0,864.0,,,,,,,,,,,,,,,,,,,,,,,,,,,,,,,,,,,22.0,616.7313,34.0,"[0.7493999999761627,0.7161000000238289,0.7828999999761663,0.6161000000238346,0.8658000000119159,0.6661999999880663,0.8158000000119614,0.6324999999999932,0.5493999999761741,0.5491999999881045,0.6329999999999814,3.8296999999881223,1.514900000035766,0.932300000011935,0.6323999999762009,0.9656999999880327,0.5496000000238723,0.6493000000119196,0.6824000000357273,0.5995000000000346,0.7824999999999704,0.8326999999881082,2.7643000000119287,1.498599999964199,2.447599999964268,0.8326000000238878,5.061899999976163,0.9158000000119273,0.5991999999881159,1.1490999999642213,9.007700000047748,0.9325000000000045,2.2480000000000473,11.006299999952375]","[0.7493999999761627,0.7161000000238289,0.7830000000000155,0.6162000000476837,0.8658000000119159,0.6662999999523436,0.8158000000119614,0.6324999999999932,0.5493999999761741,0.5491999999881045,0.6329999999999814,3.8296999999881223,1.514900000035766,0.932300000011935,0.6324999999999932,0.9656999999880327,0.5496000000238723,0.6493000000119196,0.6825000000000045,0.5995000000000346,0.7826000000238196,0.8326999999881082,2.7643000000119287,1.4986999999880481,2.4476999999881173,0.8326999999881082,5.062000000000012,0.9158000000119273,0.5991999999881159,1.1491999999880704,9.007800000012026,0.9325999999642818,2.2480000000000473,11.006299999952375]",,,0.0,140.0,140.0,176.0,1.0,wijd,mwijd,question_multimodal.png,im_combination.png,,,,,,
,,,348676,1,21,2023-10-02_21h26.35.284,flesh_expressibility_dutch,2022.2.4,Win32,60.15399423,,,,18.0,1.0,Nederlands,,,,,,Engels,2.0,Duits,1.0,,0.0,,0.0,,0.0,,0.0,,0.0,,0.0,NL,2.0,2.0,2.0,1.0,,sensorypref1,sensorypref2,1536.0,864.0,,,,,,,,,,,,,,,,,,,,,,,,,,,,,,,,,,,22.0,617.7433,34.0,"[0.7493999999761627,0.7161000000238289,0.7828999999761663,0.6161000000238346,0.8658000000119159,0.6661999999880663,0.8158000000119614,0.6324999999999932,0.5493999999761741,0.5491999999881045,0.6329999999999814,3.8296999999881223,1.514900000035766,0.932300000011935,0.6323999999762009,0.9656999999880327,0.5496000000238723,0.6493000000119196,0.6824000000357273,0.5995000000000346,0.7824999999999704,0.8326999999881082,2.7643000000119287,1.498599999964199,2.447599999964268,0.8326000000238878,5.061899999976163,0.9158000000119273,0.5991999999881159,1.1490999999642213,9.007700000047748,0.9325000000000045,2.2480000000000473,11.006299999952375]","[0.7493999999761627,0.7161000000238289,0.7830000000000155,0.6162000000476837,0.8658000000119159,0.6662999999523436,0.8158000000119614,0.6324999999999932,0.5493999999761741,0.5491999999881045,0.6329999999999814,3.8296999999881223,1.514900000035766,0.932300000011935,0.6324999999999932,0.9656999999880327,0.5496000000238723,0.6493000000119196,0.6825000000000045,0.5995000000000346,0.7826000000238196,0.8326999999881082,2.7643000000119287,1.4986999999880481,2.4476999999881173,0.8326999999881082,5.062000000000012,0.9158000000119273,0.5991999999881159,1.1491999999880704,9.007800000012026,0.9325999999642818,2.2480000000000473,11.006299999952375]",,,0.0,141.0,141.0,140.0,1.0,staan,mstaan,question_multimodal.png,im_combination.png,,,,,,
,,,348676,1,21,2023-10-02_21h26.35.284,flesh_expressibility_dutch,2022.2.4,Win32,60.15399423,,,,18.0,1.0,Nederlands,,,,,,Engels,2.0,Duits,1.0,,0.0,,0.0,,0.0,,0.0,,0.0,,0.0,NL,2.0,2.0,2.0,1.0,,sensorypref1,sensorypref2,1536.0,864.0,,,,,,,,,,,,,,,,,,,,,,,,,,,,,,,,,,,22.0,618.7572,34.0,"[0.7493999999761627,0.7161000000238289,0.7828999999761663,0.6161000000238346,0.8658000000119159,0.6661999999880663,0.8158000000119614,0.6324999999999932,0.5493999999761741,0.5491999999881045,0.6329999999999814,3.8296999999881223,1.514900000035766,0.932300000011935,0.6323999999762009,0.9656999999880327,0.5496000000238723,0.6493000000119196,0.6824000000357273,0.5995000000000346,0.7824999999999704,0.8326999999881082,2.7643000000119287,1.498599999964199,2.447599999964268,0.8326000000238878,5.061899999976163,0.9158000000119273,0.5991999999881159,1.1490999999642213,9.007700000047748,0.9325000000000045,2.2480000000000473,11.006299999952375]","[0.7493999999761627,0.7161000000238289,0.7830000000000155,0.6162000000476837,0.8658000000119159,0.6662999999523436,0.8158000000119614,0.6324999999999932,0.5493999999761741,0.5491999999881045,0.6329999999999814,3.8296999999881223,1.514900000035766,0.932300000011935,0.6324999999999932,0.9656999999880327,0.5496000000238723,0.6493000000119196,0.6825000000000045,0.5995000000000346,0.7826000000238196,0.8326999999881082,2.7643000000119287,1.4986999999880481,2.4476999999881173,0.8326999999881082,5.062000000000012,0.9158000000119273,0.5991999999881159,1.1491999999880704,9.007800000012026,0.9325999999642818,2.2480000000000473,11.006299999952375]",,,0.0,142.0,142.0,4.0,1.0,fluisteren,mfluisteren,question_multimodal.png,im_combination.png,,,,,,
,,,348676,1,21,2023-10-02_21h26.35.284,flesh_expressibility_dutch,2022.2.4,Win32,60.15399423,,,,18.0,1.0,Nederlands,,,,,,Engels,2.0,Duits,1.0,,0.0,,0.0,,0.0,,0.0,,0.0,,0.0,NL,2.0,2.0,2.0,1.0,,sensorypref1,sensorypref2,1536.0,864.0,,,,,,,,,,,,,,,,,,,,,,,,,,,,,,,,,,,21.0,619.7496,35.0,"[0.7493999999761627,0.7161000000238289,0.7828999999761663,0.6161000000238346,0.8658000000119159,0.6661999999880663,0.8158000000119614,0.6324999999999932,0.5493999999761741,0.5491999999881045,0.6329999999999814,3.8296999999881223,1.514900000035766,0.932300000011935,0.6323999999762009,0.9656999999880327,0.5496000000238723,0.6493000000119196,0.6824000000357273,0.5995000000000346,0.7824999999999704,0.8326999999881082,2.7643000000119287,1.498599999964199,2.447599999964268,0.8326000000238878,5.061899999976163,0.9158000000119273,0.5991999999881159,1.1490999999642213,9.007700000047748,0.9325000000000045,2.2480000000000473,11.006299999952375,2.1316999999880863]","[0.7493999999761627,0.7161000000238289,0.7830000000000155,0.6162000000476837,0.8658000000119159,0.6662999999523436,0.8158000000119614,0.6324999999999932,0.5493999999761741,0.5491999999881045,0.6329999999999814,3.8296999999881223,1.514900000035766,0.932300000011935,0.6324999999999932,0.9656999999880327,0.5496000000238723,0.6493000000119196,0.6825000000000045,0.5995000000000346,0.7826000000238196,0.8326999999881082,2.7643000000119287,1.4986999999880481,2.4476999999881173,0.8326999999881082,5.062000000000012,0.9158000000119273,0.5991999999881159,1.1491999999880704,9.007800000012026,0.9325999999642818,2.2480000000000473,11.006299999952375,2.1316999999880863]",-0.933152876,3.9963,0.0,143.0,143.0,182.0,1.0,naam,mnaam,question_multimodal.png,im_combination.png,,,,,,
,,,348676,1,21,2023-10-02_21h26.35.284,flesh_expressibility_dutch,2022.2.4,Win32,60.15399423,,,,18.0,1.0,Nederlands,,,,,,Engels,2.0,Duits,1.0,,0.0,,0.0,,0.0,,0.0,,0.0,,0.0,NL,2.0,2.0,2.0,1.0,,sensorypref1,sensorypref2,1536.0,864.0,,,,,,,,,,,,,,,,,,,,,,,,,,,,,,,,,,,22.0,625.6855,35.0,"[0.7493999999761627,0.7161000000238289,0.7828999999761663,0.6161000000238346,0.8658000000119159,0.6661999999880663,0.8158000000119614,0.6324999999999932,0.5493999999761741,0.5491999999881045,0.6329999999999814,3.8296999999881223,1.514900000035766,0.932300000011935,0.6323999999762009,0.9656999999880327,0.5496000000238723,0.6493000000119196,0.6824000000357273,0.5995000000000346,0.7824999999999704,0.8326999999881082,2.7643000000119287,1.498599999964199,2.447599999964268,0.8326000000238878,5.061899999976163,0.9158000000119273,0.5991999999881159,1.1490999999642213,9.007700000047748,0.9325000000000045,2.2480000000000473,11.006299999952375,2.1316999999880863]","[0.7493999999761627,0.7161000000238289,0.7830000000000155,0.6162000000476837,0.8658000000119159,0.6662999999523436,0.8158000000119614,0.6324999999999932,0.5493999999761741,0.5491999999881045,0.6329999999999814,3.8296999999881223,1.514900000035766,0.932300000011935,0.6324999999999932,0.9656999999880327,0.5496000000238723,0.6493000000119196,0.6825000000000045,0.5995000000000346,0.7826000000238196,0.8326999999881082,2.7643000000119287,1.4986999999880481,2.4476999999881173,0.8326999999881082,5.062000000000012,0.9158000000119273,0.5991999999881159,1.1491999999880704,9.007800000012026,0.9325999999642818,2.2480000000000473,11.006299999952375,2.1316999999880863]",,,0.0,144.0,144.0,155.0,1.0,zuigen,mzuigen,question_multimodal.png,im_combination.png,,,,,,
,,,348676,1,21,2023-10-02_21h26.35.284,flesh_expressibility_dutch,2022.2.4,Win32,60.15399423,,,,18.0,1.0,Nederlands,,,,,,Engels,2.0,Duits,1.0,,0.0,,0.0,,0.0,,0.0,,0.0,,0.0,NL,2.0,2.0,2.0,1.0,,sensorypref1,sensorypref2,1536.0,864.0,,,,,,,,,,,,,,,,,,,,,,,,,,,,,,,,,,,22.0,626.7014,35.0,"[0.7493999999761627,0.7161000000238289,0.7828999999761663,0.6161000000238346,0.8658000000119159,0.6661999999880663,0.8158000000119614,0.6324999999999932,0.5493999999761741,0.5491999999881045,0.6329999999999814,3.8296999999881223,1.514900000035766,0.932300000011935,0.6323999999762009,0.9656999999880327,0.5496000000238723,0.6493000000119196,0.6824000000357273,0.5995000000000346,0.7824999999999704,0.8326999999881082,2.7643000000119287,1.498599999964199,2.447599999964268,0.8326000000238878,5.061899999976163,0.9158000000119273,0.5991999999881159,1.1490999999642213,9.007700000047748,0.9325000000000045,2.2480000000000473,11.006299999952375,2.1316999999880863]","[0.7493999999761627,0.7161000000238289,0.7830000000000155,0.6162000000476837,0.8658000000119159,0.6662999999523436,0.8158000000119614,0.6324999999999932,0.5493999999761741,0.5491999999881045,0.6329999999999814,3.8296999999881223,1.514900000035766,0.932300000011935,0.6324999999999932,0.9656999999880327,0.5496000000238723,0.6493000000119196,0.6825000000000045,0.5995000000000346,0.7826000000238196,0.8326999999881082,2.7643000000119287,1.4986999999880481,2.4476999999881173,0.8326999999881082,5.062000000000012,0.9158000000119273,0.5991999999881159,1.1491999999880704,9.007800000012026,0.9325999999642818,2.2480000000000473,11.006299999952375,2.1316999999880863]",,,0.0,145.0,145.0,47.0,1.0,kruipen,mkruipen,question_multimodal.png,im_combination.png,,,,,,
,,,348676,1,21,2023-10-02_21h26.35.284,flesh_expressibility_dutch,2022.2.4,Win32,60.15399423,,,,18.0,1.0,Nederlands,,,,,,Engels,2.0,Duits,1.0,,0.0,,0.0,,0.0,,0.0,,0.0,,0.0,NL,2.0,2.0,2.0,1.0,,sensorypref1,sensorypref2,1536.0,864.0,,,,,,,,,,,,,,,,,,,,,,,,,,,,,,,,,,,22.0,627.6858,35.0,"[0.7493999999761627,0.7161000000238289,0.7828999999761663,0.6161000000238346,0.8658000000119159,0.6661999999880663,0.8158000000119614,0.6324999999999932,0.5493999999761741,0.5491999999881045,0.6329999999999814,3.8296999999881223,1.514900000035766,0.932300000011935,0.6323999999762009,0.9656999999880327,0.5496000000238723,0.6493000000119196,0.6824000000357273,0.5995000000000346,0.7824999999999704,0.8326999999881082,2.7643000000119287,1.498599999964199,2.447599999964268,0.8326000000238878,5.061899999976163,0.9158000000119273,0.5991999999881159,1.1490999999642213,9.007700000047748,0.9325000000000045,2.2480000000000473,11.006299999952375,2.1316999999880863]","[0.7493999999761627,0.7161000000238289,0.7830000000000155,0.6162000000476837,0.8658000000119159,0.6662999999523436,0.8158000000119614,0.6324999999999932,0.5493999999761741,0.5491999999881045,0.6329999999999814,3.8296999999881223,1.514900000035766,0.932300000011935,0.6324999999999932,0.9656999999880327,0.5496000000238723,0.6493000000119196,0.6825000000000045,0.5995000000000346,0.7826000000238196,0.8326999999881082,2.7643000000119287,1.4986999999880481,2.4476999999881173,0.8326999999881082,5.062000000000012,0.9158000000119273,0.5991999999881159,1.1491999999880704,9.007800000012026,0.9325999999642818,2.2480000000000473,11.006299999952375,2.1316999999880863]",,,0.0,146.0,146.0,184.0,1.0,ver,mver,question_multimodal.png,im_combination.png,,,,,,
,,,348676,1,21,2023-10-02_21h26.35.284,flesh_expressibility_dutch,2022.2.4,Win32,60.15399423,,,,18.0,1.0,Nederlands,,,,,,Engels,2.0,Duits,1.0,,0.0,,0.0,,0.0,,0.0,,0.0,,0.0,NL,2.0,2.0,2.0,1.0,,sensorypref1,sensorypref2,1536.0,864.0,,,,,,,,,,,,,,,,,,,,,,,,,,,,,,,,,,,22.0,628.6847,35.0,"[0.7493999999761627,0.7161000000238289,0.7828999999761663,0.6161000000238346,0.8658000000119159,0.6661999999880663,0.8158000000119614,0.6324999999999932,0.5493999999761741,0.5491999999881045,0.6329999999999814,3.8296999999881223,1.514900000035766,0.932300000011935,0.6323999999762009,0.9656999999880327,0.5496000000238723,0.6493000000119196,0.6824000000357273,0.5995000000000346,0.7824999999999704,0.8326999999881082,2.7643000000119287,1.498599999964199,2.447599999964268,0.8326000000238878,5.061899999976163,0.9158000000119273,0.5991999999881159,1.1490999999642213,9.007700000047748,0.9325000000000045,2.2480000000000473,11.006299999952375,2.1316999999880863]","[0.7493999999761627,0.7161000000238289,0.7830000000000155,0.6162000000476837,0.8658000000119159,0.6662999999523436,0.8158000000119614,0.6324999999999932,0.5493999999761741,0.5491999999881045,0.6329999999999814,3.8296999999881223,1.514900000035766,0.932300000011935,0.6324999999999932,0.9656999999880327,0.5496000000238723,0.6493000000119196,0.6825000000000045,0.5995000000000346,0.7826000000238196,0.8326999999881082,2.7643000000119287,1.4986999999880481,2.4476999999881173,0.8326999999881082,5.062000000000012,0.9158000000119273,0.5991999999881159,1.1491999999880704,9.007800000012026,0.9325999999642818,2.2480000000000473,11.006299999952375,2.1316999999880863]",,,0.0,147.0,147.0,8.0,1.0,likken,mlikken,question_multimodal.png,im_combination.png,,,,,,
,,,348676,1,21,2023-10-02_21h26.35.284,flesh_expressibility_dutch,2022.2.4,Win32,60.15399423,,,,18.0,1.0,Nederlands,,,,,,Engels,2.0,Duits,1.0,,0.0,,0.0,,0.0,,0.0,,0.0,,0.0,NL,2.0,2.0,2.0,1.0,,sensorypref1,sensorypref2,1536.0,864.0,,,,,,,,,,,,,,,,,,,,,,,,,,,,,,,,,,,22.0,629.6816,35.0,"[0.7493999999761627,0.7161000000238289,0.7828999999761663,0.6161000000238346,0.8658000000119159,0.6661999999880663,0.8158000000119614,0.6324999999999932,0.5493999999761741,0.5491999999881045,0.6329999999999814,3.8296999999881223,1.514900000035766,0.932300000011935,0.6323999999762009,0.9656999999880327,0.5496000000238723,0.6493000000119196,0.6824000000357273,0.5995000000000346,0.7824999999999704,0.8326999999881082,2.7643000000119287,1.498599999964199,2.447599999964268,0.8326000000238878,5.061899999976163,0.9158000000119273,0.5991999999881159,1.1490999999642213,9.007700000047748,0.9325000000000045,2.2480000000000473,11.006299999952375,2.1316999999880863]","[0.7493999999761627,0.7161000000238289,0.7830000000000155,0.6162000000476837,0.8658000000119159,0.6662999999523436,0.8158000000119614,0.6324999999999932,0.5493999999761741,0.5491999999881045,0.6329999999999814,3.8296999999881223,1.514900000035766,0.932300000011935,0.6324999999999932,0.9656999999880327,0.5496000000238723,0.6493000000119196,0.6825000000000045,0.5995000000000346,0.7826000000238196,0.8326999999881082,2.7643000000119287,1.4986999999880481,2.4476999999881173,0.8326999999881082,5.062000000000012,0.9158000000119273,0.5991999999881159,1.1491999999880704,9.007800000012026,0.9325999999642818,2.2480000000000473,11.006299999952375,2.1316999999880863]",,,0.0,148.0,148.0,133.0,1.0,ster,mster,question_multimodal.png,im_combination.png,,,,,,
,,,348676,1,21,2023-10-02_21h26.35.284,flesh_expressibility_dutch,2022.2.4,Win32,60.15399423,,,,18.0,1.0,Nederlands,,,,,,Engels,2.0,Duits,1.0,,0.0,,0.0,,0.0,,0.0,,0.0,,0.0,NL,2.0,2.0,2.0,1.0,,sensorypref1,sensorypref2,1536.0,864.0,,,,,,,,,,,,,,,,,,,,,,,,,,,,,,,,,,,22.0,630.6652,35.0,"[0.7493999999761627,0.7161000000238289,0.7828999999761663,0.6161000000238346,0.8658000000119159,0.6661999999880663,0.8158000000119614,0.6324999999999932,0.5493999999761741,0.5491999999881045,0.6329999999999814,3.8296999999881223,1.514900000035766,0.932300000011935,0.6323999999762009,0.9656999999880327,0.5496000000238723,0.6493000000119196,0.6824000000357273,0.5995000000000346,0.7824999999999704,0.8326999999881082,2.7643000000119287,1.498599999964199,2.447599999964268,0.8326000000238878,5.061899999976163,0.9158000000119273,0.5991999999881159,1.1490999999642213,9.007700000047748,0.9325000000000045,2.2480000000000473,11.006299999952375,2.1316999999880863]","[0.7493999999761627,0.7161000000238289,0.7830000000000155,0.6162000000476837,0.8658000000119159,0.6662999999523436,0.8158000000119614,0.6324999999999932,0.5493999999761741,0.5491999999881045,0.6329999999999814,3.8296999999881223,1.514900000035766,0.932300000011935,0.6324999999999932,0.9656999999880327,0.5496000000238723,0.6493000000119196,0.6825000000000045,0.5995000000000346,0.7826000000238196,0.8326999999881082,2.7643000000119287,1.4986999999880481,2.4476999999881173,0.8326999999881082,5.062000000000012,0.9158000000119273,0.5991999999881159,1.1491999999880704,9.007800000012026,0.9325999999642818,2.2480000000000473,11.006299999952375,2.1316999999880863]",,,0.0,149.0,149.0,183.0,1.0,jij,mjij,question_multimodal.png,im_combination.png,,,,,,
,,,348676,1,21,2023-10-02_21h26.35.284,flesh_expressibility_dutch,2022.2.4,Win32,60.15399423,,,,18.0,1.0,Nederlands,,,,,,Engels,2.0,Duits,1.0,,0.0,,0.0,,0.0,,0.0,,0.0,,0.0,NL,2.0,2.0,2.0,1.0,,sensorypref1,sensorypref2,1536.0,864.0,,,,,,,,,,,,,,,,,,,,,,,,,,,,,,,,,,,22.0,631.6774,35.0,"[0.7493999999761627,0.7161000000238289,0.7828999999761663,0.6161000000238346,0.8658000000119159,0.6661999999880663,0.8158000000119614,0.6324999999999932,0.5493999999761741,0.5491999999881045,0.6329999999999814,3.8296999999881223,1.514900000035766,0.932300000011935,0.6323999999762009,0.9656999999880327,0.5496000000238723,0.6493000000119196,0.6824000000357273,0.5995000000000346,0.7824999999999704,0.8326999999881082,2.7643000000119287,1.498599999964199,2.447599999964268,0.8326000000238878,5.061899999976163,0.9158000000119273,0.5991999999881159,1.1490999999642213,9.007700000047748,0.9325000000000045,2.2480000000000473,11.006299999952375,2.1316999999880863]","[0.7493999999761627,0.7161000000238289,0.7830000000000155,0.6162000000476837,0.8658000000119159,0.6662999999523436,0.8158000000119614,0.6324999999999932,0.5493999999761741,0.5491999999881045,0.6329999999999814,3.8296999999881223,1.514900000035766,0.932300000011935,0.6324999999999932,0.9656999999880327,0.5496000000238723,0.6493000000119196,0.6825000000000045,0.5995000000000346,0.7826000000238196,0.8326999999881082,2.7643000000119287,1.4986999999880481,2.4476999999881173,0.8326999999881082,5.062000000000012,0.9158000000119273,0.5991999999881159,1.1491999999880704,9.007800000012026,0.9325999999642818,2.2480000000000473,11.006299999952375,2.1316999999880863]",,,0.0,150.0,150.0,162.0,1.0,bitter,mbitter,question_multimodal.png,im_combination.png,,,,,,
,,,348676,1,21,2023-10-02_21h26.35.284,flesh_expressibility_dutch,2022.2.4,Win32,60.15399423,,,,18.0,1.0,Nederlands,,,,,,Engels,2.0,Duits,1.0,,0.0,,0.0,,0.0,,0.0,,0.0,,0.0,NL,2.0,2.0,2.0,1.0,,sensorypref1,sensorypref2,1536.0,864.0,,,,,,,,,,,,,,,,,,,,,,,,,,,,,,,,,,,18.0,632.6872,36.0,"[0.7493999999761627,0.7161000000238289,0.7828999999761663,0.6161000000238346,0.8658000000119159,0.6661999999880663,0.8158000000119614,0.6324999999999932,0.5493999999761741,0.5491999999881045,0.6329999999999814,3.8296999999881223,1.514900000035766,0.932300000011935,0.6323999999762009,0.9656999999880327,0.5496000000238723,0.6493000000119196,0.6824000000357273,0.5995000000000346,0.7824999999999704,0.8326999999881082,2.7643000000119287,1.498599999964199,2.447599999964268,0.8326000000238878,5.061899999976163,0.9158000000119273,0.5991999999881159,1.1490999999642213,9.007700000047748,0.9325000000000045,2.2480000000000473,11.006299999952375,2.1316999999880863,2.7641999999880227]","[0.7493999999761627,0.7161000000238289,0.7830000000000155,0.6162000000476837,0.8658000000119159,0.6662999999523436,0.8158000000119614,0.6324999999999932,0.5493999999761741,0.5491999999881045,0.6329999999999814,3.8296999999881223,1.514900000035766,0.932300000011935,0.6324999999999932,0.9656999999880327,0.5496000000238723,0.6493000000119196,0.6825000000000045,0.5995000000000346,0.7826000000238196,0.8326999999881082,2.7643000000119287,1.4986999999880481,2.4476999999881173,0.8326999999881082,5.062000000000012,0.9158000000119273,0.5991999999881159,1.1491999999880704,9.007800000012026,0.9325999999642818,2.2480000000000473,11.006299999952375,2.1316999999880863,2.7641999999880227]",0.963464141,5.8956,0.0,151.0,151.0,51.0,1.0,lopen,mlopen,question_multimodal.png,im_combination.png,,,,,,
,,,348676,1,21,2023-10-02_21h26.35.284,flesh_expressibility_dutch,2022.2.4,Win32,60.15399423,,,,18.0,1.0,Nederlands,,,,,,Engels,2.0,Duits,1.0,,0.0,,0.0,,0.0,,0.0,,0.0,,0.0,NL,2.0,2.0,2.0,1.0,,sensorypref1,sensorypref2,1536.0,864.0,,,,,,,,,,,,,,,,,,,,,,,,,,,,,,,,,,,22.0,641.1505,36.0,"[0.7493999999761627,0.7161000000238289,0.7828999999761663,0.6161000000238346,0.8658000000119159,0.6661999999880663,0.8158000000119614,0.6324999999999932,0.5493999999761741,0.5491999999881045,0.6329999999999814,3.8296999999881223,1.514900000035766,0.932300000011935,0.6323999999762009,0.9656999999880327,0.5496000000238723,0.6493000000119196,0.6824000000357273,0.5995000000000346,0.7824999999999704,0.8326999999881082,2.7643000000119287,1.498599999964199,2.447599999964268,0.8326000000238878,5.061899999976163,0.9158000000119273,0.5991999999881159,1.1490999999642213,9.007700000047748,0.9325000000000045,2.2480000000000473,11.006299999952375,2.1316999999880863,2.7641999999880227]","[0.7493999999761627,0.7161000000238289,0.7830000000000155,0.6162000000476837,0.8658000000119159,0.6662999999523436,0.8158000000119614,0.6324999999999932,0.5493999999761741,0.5491999999881045,0.6329999999999814,3.8296999999881223,1.514900000035766,0.932300000011935,0.6324999999999932,0.9656999999880327,0.5496000000238723,0.6493000000119196,0.6825000000000045,0.5995000000000346,0.7826000000238196,0.8326999999881082,2.7643000000119287,1.4986999999880481,2.4476999999881173,0.8326999999881082,5.062000000000012,0.9158000000119273,0.5991999999881159,1.1491999999880704,9.007800000012026,0.9325999999642818,2.2480000000000473,11.006299999952375,2.1316999999880863,2.7641999999880227]",,,0.0,152.0,152.0,129.0,1.0,goed,mgoed,question_multimodal.png,im_combination.png,,,,,,
,,,348676,1,21,2023-10-02_21h26.35.284,flesh_expressibility_dutch,2022.2.4,Win32,60.15399423,,,,18.0,1.0,Nederlands,,,,,,Engels,2.0,Duits,1.0,,0.0,,0.0,,0.0,,0.0,,0.0,,0.0,NL,2.0,2.0,2.0,1.0,,sensorypref1,sensorypref2,1536.0,864.0,,,,,,,,,,,,,,,,,,,,,,,,,,,,,,,,,,,22.0,642.1139,36.0,"[0.7493999999761627,0.7161000000238289,0.7828999999761663,0.6161000000238346,0.8658000000119159,0.6661999999880663,0.8158000000119614,0.6324999999999932,0.5493999999761741,0.5491999999881045,0.6329999999999814,3.8296999999881223,1.514900000035766,0.932300000011935,0.6323999999762009,0.9656999999880327,0.5496000000238723,0.6493000000119196,0.6824000000357273,0.5995000000000346,0.7824999999999704,0.8326999999881082,2.7643000000119287,1.498599999964199,2.447599999964268,0.8326000000238878,5.061899999976163,0.9158000000119273,0.5991999999881159,1.1490999999642213,9.007700000047748,0.9325000000000045,2.2480000000000473,11.006299999952375,2.1316999999880863,2.7641999999880227]","[0.7493999999761627,0.7161000000238289,0.7830000000000155,0.6162000000476837,0.8658000000119159,0.6662999999523436,0.8158000000119614,0.6324999999999932,0.5493999999761741,0.5491999999881045,0.6329999999999814,3.8296999999881223,1.514900000035766,0.932300000011935,0.6324999999999932,0.9656999999880327,0.5496000000238723,0.6493000000119196,0.6825000000000045,0.5995000000000346,0.7826000000238196,0.8326999999881082,2.7643000000119287,1.4986999999880481,2.4476999999881173,0.8326999999881082,5.062000000000012,0.9158000000119273,0.5991999999881159,1.1491999999880704,9.007800000012026,0.9325999999642818,2.2480000000000473,11.006299999952375,2.1316999999880863,2.7641999999880227]",,,0.0,153.0,153.0,113.0,1.0,bot (lichaam),mbot (lichaam),question_multimodal.png,im_combination.png,,,,,,
,,,348676,1,21,2023-10-02_21h26.35.284,flesh_expressibility_dutch,2022.2.4,Win32,60.15399423,,,,18.0,1.0,Nederlands,,,,,,Engels,2.0,Duits,1.0,,0.0,,0.0,,0.0,,0.0,,0.0,,0.0,NL,2.0,2.0,2.0,1.0,,sensorypref1,sensorypref2,1536.0,864.0,,,,,,,,,,,,,,,,,,,,,,,,,,,,,,,,,,,22.0,643.1132,36.0,"[0.7493999999761627,0.7161000000238289,0.7828999999761663,0.6161000000238346,0.8658000000119159,0.6661999999880663,0.8158000000119614,0.6324999999999932,0.5493999999761741,0.5491999999881045,0.6329999999999814,3.8296999999881223,1.514900000035766,0.932300000011935,0.6323999999762009,0.9656999999880327,0.5496000000238723,0.6493000000119196,0.6824000000357273,0.5995000000000346,0.7824999999999704,0.8326999999881082,2.7643000000119287,1.498599999964199,2.447599999964268,0.8326000000238878,5.061899999976163,0.9158000000119273,0.5991999999881159,1.1490999999642213,9.007700000047748,0.9325000000000045,2.2480000000000473,11.006299999952375,2.1316999999880863,2.7641999999880227]","[0.7493999999761627,0.7161000000238289,0.7830000000000155,0.6162000000476837,0.8658000000119159,0.6662999999523436,0.8158000000119614,0.6324999999999932,0.5493999999761741,0.5491999999881045,0.6329999999999814,3.8296999999881223,1.514900000035766,0.932300000011935,0.6324999999999932,0.9656999999880327,0.5496000000238723,0.6493000000119196,0.6825000000000045,0.5995000000000346,0.7826000000238196,0.8326999999881082,2.7643000000119287,1.4986999999880481,2.4476999999881173,0.8326999999881082,5.062000000000012,0.9158000000119273,0.5991999999881159,1.1491999999880704,9.007800000012026,0.9325999999642818,2.2480000000000473,11.006299999952375,2.1316999999880863,2.7641999999880227]",,,0.0,154.0,154.0,16.0,1.0,alles,malles,question_multimodal.png,im_combination.png,,,,,,
,,,348676,1,21,2023-10-02_21h26.35.284,flesh_expressibility_dutch,2022.2.4,Win32,60.15399423,,,,18.0,1.0,Nederlands,,,,,,Engels,2.0,Duits,1.0,,0.0,,0.0,,0.0,,0.0,,0.0,,0.0,NL,2.0,2.0,2.0,1.0,,sensorypref1,sensorypref2,1536.0,864.0,,,,,,,,,,,,,,,,,,,,,,,,,,,,,,,,,,,21.0,644.1466,37.0,"[0.7493999999761627,0.7161000000238289,0.7828999999761663,0.6161000000238346,0.8658000000119159,0.6661999999880663,0.8158000000119614,0.6324999999999932,0.5493999999761741,0.5491999999881045,0.6329999999999814,3.8296999999881223,1.514900000035766,0.932300000011935,0.6323999999762009,0.9656999999880327,0.5496000000238723,0.6493000000119196,0.6824000000357273,0.5995000000000346,0.7824999999999704,0.8326999999881082,2.7643000000119287,1.498599999964199,2.447599999964268,0.8326000000238878,5.061899999976163,0.9158000000119273,0.5991999999881159,1.1490999999642213,9.007700000047748,0.9325000000000045,2.2480000000000473,11.006299999952375,2.1316999999880863,2.7641999999880227,4.745499999999993]","[0.7493999999761627,0.7161000000238289,0.7830000000000155,0.6162000000476837,0.8658000000119159,0.6662999999523436,0.8158000000119614,0.6324999999999932,0.5493999999761741,0.5491999999881045,0.6329999999999814,3.8296999999881223,1.514900000035766,0.932300000011935,0.6324999999999932,0.9656999999880327,0.5496000000238723,0.6493000000119196,0.6825000000000045,0.5995000000000346,0.7826000000238196,0.8326999999881082,2.7643000000119287,1.4986999999880481,2.4476999999881173,0.8326999999881082,5.062000000000012,0.9158000000119273,0.5991999999881159,1.1491999999880704,9.007800000012026,0.9325999999642818,2.2480000000000473,11.006299999952375,2.1316999999880863,2.7641999999880227,4.745499999999993]",0.920162382,4.0328,0.0,155.0,155.0,7.0,1.0,kauwen,mkauwen,question_multimodal.png,im_combination.png,,,,,,
,,,348676,1,21,2023-10-02_21h26.35.284,flesh_expressibility_dutch,2022.2.4,Win32,60.15399423,,,,18.0,1.0,Nederlands,,,,,,Engels,2.0,Duits,1.0,,0.0,,0.0,,0.0,,0.0,,0.0,,0.0,NL,2.0,2.0,2.0,1.0,,sensorypref1,sensorypref2,1536.0,864.0,,,,,,,,,,,,,,,,,,,,,,,,,,,,,,,,,,,22.0,652.7678,37.0,"[0.7493999999761627,0.7161000000238289,0.7828999999761663,0.6161000000238346,0.8658000000119159,0.6661999999880663,0.8158000000119614,0.6324999999999932,0.5493999999761741,0.5491999999881045,0.6329999999999814,3.8296999999881223,1.514900000035766,0.932300000011935,0.6323999999762009,0.9656999999880327,0.5496000000238723,0.6493000000119196,0.6824000000357273,0.5995000000000346,0.7824999999999704,0.8326999999881082,2.7643000000119287,1.498599999964199,2.447599999964268,0.8326000000238878,5.061899999976163,0.9158000000119273,0.5991999999881159,1.1490999999642213,9.007700000047748,0.9325000000000045,2.2480000000000473,11.006299999952375,2.1316999999880863,2.7641999999880227,4.745499999999993]","[0.7493999999761627,0.7161000000238289,0.7830000000000155,0.6162000000476837,0.8658000000119159,0.6662999999523436,0.8158000000119614,0.6324999999999932,0.5493999999761741,0.5491999999881045,0.6329999999999814,3.8296999999881223,1.514900000035766,0.932300000011935,0.6324999999999932,0.9656999999880327,0.5496000000238723,0.6493000000119196,0.6825000000000045,0.5995000000000346,0.7826000000238196,0.8326999999881082,2.7643000000119287,1.4986999999880481,2.4476999999881173,0.8326999999881082,5.062000000000012,0.9158000000119273,0.5991999999881159,1.1491999999880704,9.007800000012026,0.9325999999642818,2.2480000000000473,11.006299999952375,2.1316999999880863,2.7641999999880227,4.745499999999993]",,,0.0,156.0,156.0,195.0,1.0,rook,mrook,question_multimodal.png,im_combination.png,,,,,,
,,,348676,1,21,2023-10-02_21h26.35.284,flesh_expressibility_dutch,2022.2.4,Win32,60.15399423,,,,18.0,1.0,Nederlands,,,,,,Engels,2.0,Duits,1.0,,0.0,,0.0,,0.0,,0.0,,0.0,,0.0,NL,2.0,2.0,2.0,1.0,,sensorypref1,sensorypref2,1536.0,864.0,,,,,,,,,,,,,,,,,,,,,,,,,,,,,,,,,,,22.0,653.6863,37.0,"[0.7493999999761627,0.7161000000238289,0.7828999999761663,0.6161000000238346,0.8658000000119159,0.6661999999880663,0.8158000000119614,0.6324999999999932,0.5493999999761741,0.5491999999881045,0.6329999999999814,3.8296999999881223,1.514900000035766,0.932300000011935,0.6323999999762009,0.9656999999880327,0.5496000000238723,0.6493000000119196,0.6824000000357273,0.5995000000000346,0.7824999999999704,0.8326999999881082,2.7643000000119287,1.498599999964199,2.447599999964268,0.8326000000238878,5.061899999976163,0.9158000000119273,0.5991999999881159,1.1490999999642213,9.007700000047748,0.9325000000000045,2.2480000000000473,11.006299999952375,2.1316999999880863,2.7641999999880227,4.745499999999993]","[0.7493999999761627,0.7161000000238289,0.7830000000000155,0.6162000000476837,0.8658000000119159,0.6662999999523436,0.8158000000119614,0.6324999999999932,0.5493999999761741,0.5491999999881045,0.6329999999999814,3.8296999999881223,1.514900000035766,0.932300000011935,0.6324999999999932,0.9656999999880327,0.5496000000238723,0.6493000000119196,0.6825000000000045,0.5995000000000346,0.7826000000238196,0.8326999999881082,2.7643000000119287,1.4986999999880481,2.4476999999881173,0.8326999999881082,5.062000000000012,0.9158000000119273,0.5991999999881159,1.1491999999880704,9.007800000012026,0.9325999999642818,2.2480000000000473,11.006299999952375,2.1316999999880863,2.7641999999880227,4.745499999999993]",,,0.0,157.0,157.0,175.0,1.0,dik,mdik,question_multimodal.png,im_combination.png,,,,,,
,,,348676,1,21,2023-10-02_21h26.35.284,flesh_expressibility_dutch,2022.2.4,Win32,60.15399423,,,,18.0,1.0,Nederlands,,,,,,Engels,2.0,Duits,1.0,,0.0,,0.0,,0.0,,0.0,,0.0,,0.0,NL,2.0,2.0,2.0,1.0,,sensorypref1,sensorypref2,1536.0,864.0,,,,,,,,,,,,,,,,,,,,,,,,,,,,,,,,,,,22.0,654.6898,37.0,"[0.7493999999761627,0.7161000000238289,0.7828999999761663,0.6161000000238346,0.8658000000119159,0.6661999999880663,0.8158000000119614,0.6324999999999932,0.5493999999761741,0.5491999999881045,0.6329999999999814,3.8296999999881223,1.514900000035766,0.932300000011935,0.6323999999762009,0.9656999999880327,0.5496000000238723,0.6493000000119196,0.6824000000357273,0.5995000000000346,0.7824999999999704,0.8326999999881082,2.7643000000119287,1.498599999964199,2.447599999964268,0.8326000000238878,5.061899999976163,0.9158000000119273,0.5991999999881159,1.1490999999642213,9.007700000047748,0.9325000000000045,2.2480000000000473,11.006299999952375,2.1316999999880863,2.7641999999880227,4.745499999999993]","[0.7493999999761627,0.7161000000238289,0.7830000000000155,0.6162000000476837,0.8658000000119159,0.6662999999523436,0.8158000000119614,0.6324999999999932,0.5493999999761741,0.5491999999881045,0.6329999999999814,3.8296999999881223,1.514900000035766,0.932300000011935,0.6324999999999932,0.9656999999880327,0.5496000000238723,0.6493000000119196,0.6825000000000045,0.5995000000000346,0.7826000000238196,0.8326999999881082,2.7643000000119287,1.4986999999880481,2.4476999999881173,0.8326999999881082,5.062000000000012,0.9158000000119273,0.5991999999881159,1.1491999999880704,9.007800000012026,0.9325999999642818,2.2480000000000473,11.006299999952375,2.1316999999880863,2.7641999999880227,4.745499999999993]",,,0.0,158.0,158.0,120.0,1.0,been,mbeen,question_multimodal.png,im_combination.png,,,,,,
,,,348676,1,21,2023-10-02_21h26.35.284,flesh_expressibility_dutch,2022.2.4,Win32,60.15399423,,,,18.0,1.0,Nederlands,,,,,,Engels,2.0,Duits,1.0,,0.0,,0.0,,0.0,,0.0,,0.0,,0.0,NL,2.0,2.0,2.0,1.0,,sensorypref1,sensorypref2,1536.0,864.0,,,,,,,,,,,,,,,,,,,,,,,,,,,,,,,,,,,22.0,656.1535,37.0,"[0.7493999999761627,0.7161000000238289,0.7828999999761663,0.6161000000238346,0.8658000000119159,0.6661999999880663,0.8158000000119614,0.6324999999999932,0.5493999999761741,0.5491999999881045,0.6329999999999814,3.8296999999881223,1.514900000035766,0.932300000011935,0.6323999999762009,0.9656999999880327,0.5496000000238723,0.6493000000119196,0.6824000000357273,0.5995000000000346,0.7824999999999704,0.8326999999881082,2.7643000000119287,1.498599999964199,2.447599999964268,0.8326000000238878,5.061899999976163,0.9158000000119273,0.5991999999881159,1.1490999999642213,9.007700000047748,0.9325000000000045,2.2480000000000473,11.006299999952375,2.1316999999880863,2.7641999999880227,4.745499999999993]","[0.7493999999761627,0.7161000000238289,0.7830000000000155,0.6162000000476837,0.8658000000119159,0.6662999999523436,0.8158000000119614,0.6324999999999932,0.5493999999761741,0.5491999999881045,0.6329999999999814,3.8296999999881223,1.514900000035766,0.932300000011935,0.6324999999999932,0.9656999999880327,0.5496000000238723,0.6493000000119196,0.6825000000000045,0.5995000000000346,0.7826000000238196,0.8326999999881082,2.7643000000119287,1.4986999999880481,2.4476999999881173,0.8326999999881082,5.062000000000012,0.9158000000119273,0.5991999999881159,1.1491999999880704,9.007800000012026,0.9325999999642818,2.2480000000000473,11.006299999952375,2.1316999999880863,2.7641999999880227,4.745499999999993]",,,0.0,159.0,159.0,138.0,1.0,gaan,mgaan,question_multimodal.png,im_combination.png,,,,,,
,,,348676,1,21,2023-10-02_21h26.35.284,flesh_expressibility_dutch,2022.2.4,Win32,60.15399423,,,,18.0,1.0,Nederlands,,,,,,Engels,2.0,Duits,1.0,,0.0,,0.0,,0.0,,0.0,,0.0,,0.0,NL,2.0,2.0,2.0,1.0,,sensorypref1,sensorypref2,1536.0,864.0,,,,,,,,,,,,,,,,,,,,,,,,,,,,,,,,,,,22.0,656.9432,37.0,"[0.7493999999761627,0.7161000000238289,0.7828999999761663,0.6161000000238346,0.8658000000119159,0.6661999999880663,0.8158000000119614,0.6324999999999932,0.5493999999761741,0.5491999999881045,0.6329999999999814,3.8296999999881223,1.514900000035766,0.932300000011935,0.6323999999762009,0.9656999999880327,0.5496000000238723,0.6493000000119196,0.6824000000357273,0.5995000000000346,0.7824999999999704,0.8326999999881082,2.7643000000119287,1.498599999964199,2.447599999964268,0.8326000000238878,5.061899999976163,0.9158000000119273,0.5991999999881159,1.1490999999642213,9.007700000047748,0.9325000000000045,2.2480000000000473,11.006299999952375,2.1316999999880863,2.7641999999880227,4.745499999999993]","[0.7493999999761627,0.7161000000238289,0.7830000000000155,0.6162000000476837,0.8658000000119159,0.6662999999523436,0.8158000000119614,0.6324999999999932,0.5493999999761741,0.5491999999881045,0.6329999999999814,3.8296999999881223,1.514900000035766,0.932300000011935,0.6324999999999932,0.9656999999880327,0.5496000000238723,0.6493000000119196,0.6825000000000045,0.5995000000000346,0.7826000000238196,0.8326999999881082,2.7643000000119287,1.4986999999880481,2.4476999999881173,0.8326999999881082,5.062000000000012,0.9158000000119273,0.5991999999881159,1.1491999999880704,9.007800000012026,0.9325999999642818,2.2480000000000473,11.006299999952375,2.1316999999880863,2.7641999999880227,4.745499999999993]",,,0.0,160.0,160.0,111.0,1.0,rug,mrug,question_multimodal.png,im_combination.png,,,,,,
,,,348676,1,21,2023-10-02_21h26.35.284,flesh_expressibility_dutch,2022.2.4,Win32,60.15399423,,,,18.0,1.0,Nederlands,,,,,,Engels,2.0,Duits,1.0,,0.0,,0.0,,0.0,,0.0,,0.0,,0.0,NL,2.0,2.0,2.0,1.0,,sensorypref1,sensorypref2,1536.0,864.0,,,,,,,,,,,,,,,,,,,,,,,,,,,,,,,,,,,22.0,657.9713,37.0,"[0.7493999999761627,0.7161000000238289,0.7828999999761663,0.6161000000238346,0.8658000000119159,0.6661999999880663,0.8158000000119614,0.6324999999999932,0.5493999999761741,0.5491999999881045,0.6329999999999814,3.8296999999881223,1.514900000035766,0.932300000011935,0.6323999999762009,0.9656999999880327,0.5496000000238723,0.6493000000119196,0.6824000000357273,0.5995000000000346,0.7824999999999704,0.8326999999881082,2.7643000000119287,1.498599999964199,2.447599999964268,0.8326000000238878,5.061899999976163,0.9158000000119273,0.5991999999881159,1.1490999999642213,9.007700000047748,0.9325000000000045,2.2480000000000473,11.006299999952375,2.1316999999880863,2.7641999999880227,4.745499999999993]","[0.7493999999761627,0.7161000000238289,0.7830000000000155,0.6162000000476837,0.8658000000119159,0.6662999999523436,0.8158000000119614,0.6324999999999932,0.5493999999761741,0.5491999999881045,0.6329999999999814,3.8296999999881223,1.514900000035766,0.932300000011935,0.6324999999999932,0.9656999999880327,0.5496000000238723,0.6493000000119196,0.6825000000000045,0.5995000000000346,0.7826000000238196,0.8326999999881082,2.7643000000119287,1.4986999999880481,2.4476999999881173,0.8326999999881082,5.062000000000012,0.9158000000119273,0.5991999999881159,1.1491999999880704,9.007800000012026,0.9325999999642818,2.2480000000000473,11.006299999952375,2.1316999999880863,2.7641999999880227,4.745499999999993]",,,0.0,161.0,161.0,189.0,1.0,as,mas,question_multimodal.png,im_combination.png,,,,,,
,,,348676,1,21,2023-10-02_21h26.35.284,flesh_expressibility_dutch,2022.2.4,Win32,60.15399423,,,,18.0,1.0,Nederlands,,,,,,Engels,2.0,Duits,1.0,,0.0,,0.0,,0.0,,0.0,,0.0,,0.0,NL,2.0,2.0,2.0,1.0,,sensorypref1,sensorypref2,1536.0,864.0,,,,,,,,,,,,,,,,,,,,,,,,,,,,,,,,,,,22.0,659.0326,37.0,"[0.7493999999761627,0.7161000000238289,0.7828999999761663,0.6161000000238346,0.8658000000119159,0.6661999999880663,0.8158000000119614,0.6324999999999932,0.5493999999761741,0.5491999999881045,0.6329999999999814,3.8296999999881223,1.514900000035766,0.932300000011935,0.6323999999762009,0.9656999999880327,0.5496000000238723,0.6493000000119196,0.6824000000357273,0.5995000000000346,0.7824999999999704,0.8326999999881082,2.7643000000119287,1.498599999964199,2.447599999964268,0.8326000000238878,5.061899999976163,0.9158000000119273,0.5991999999881159,1.1490999999642213,9.007700000047748,0.9325000000000045,2.2480000000000473,11.006299999952375,2.1316999999880863,2.7641999999880227,4.745499999999993]","[0.7493999999761627,0.7161000000238289,0.7830000000000155,0.6162000000476837,0.8658000000119159,0.6662999999523436,0.8158000000119614,0.6324999999999932,0.5493999999761741,0.5491999999881045,0.6329999999999814,3.8296999999881223,1.514900000035766,0.932300000011935,0.6324999999999932,0.9656999999880327,0.5496000000238723,0.6493000000119196,0.6825000000000045,0.5995000000000346,0.7826000000238196,0.8326999999881082,2.7643000000119287,1.4986999999880481,2.4476999999881173,0.8326999999881082,5.062000000000012,0.9158000000119273,0.5991999999881159,1.1491999999880704,9.007800000012026,0.9325999999642818,2.2480000000000473,11.006299999952375,2.1316999999880863,2.7641999999880227,4.745499999999993]",,,0.0,162.0,162.0,159.0,1.0,wat,mwat,question_multimodal.png,im_combination.png,,,,,,
,,,348676,1,21,2023-10-02_21h26.35.284,flesh_expressibility_dutch,2022.2.4,Win32,60.15399423,,,,18.0,1.0,Nederlands,,,,,,Engels,2.0,Duits,1.0,,0.0,,0.0,,0.0,,0.0,,0.0,,0.0,NL,2.0,2.0,2.0,1.0,,sensorypref1,sensorypref2,1536.0,864.0,,,,,,,,,,,,,,,,,,,,,,,,,,,,,,,,,,,22.0,660.0035,37.0,"[0.7493999999761627,0.7161000000238289,0.7828999999761663,0.6161000000238346,0.8658000000119159,0.6661999999880663,0.8158000000119614,0.6324999999999932,0.5493999999761741,0.5491999999881045,0.6329999999999814,3.8296999999881223,1.514900000035766,0.932300000011935,0.6323999999762009,0.9656999999880327,0.5496000000238723,0.6493000000119196,0.6824000000357273,0.5995000000000346,0.7824999999999704,0.8326999999881082,2.7643000000119287,1.498599999964199,2.447599999964268,0.8326000000238878,5.061899999976163,0.9158000000119273,0.5991999999881159,1.1490999999642213,9.007700000047748,0.9325000000000045,2.2480000000000473,11.006299999952375,2.1316999999880863,2.7641999999880227,4.745499999999993]","[0.7493999999761627,0.7161000000238289,0.7830000000000155,0.6162000000476837,0.8658000000119159,0.6662999999523436,0.8158000000119614,0.6324999999999932,0.5493999999761741,0.5491999999881045,0.6329999999999814,3.8296999999881223,1.514900000035766,0.932300000011935,0.6324999999999932,0.9656999999880327,0.5496000000238723,0.6493000000119196,0.6825000000000045,0.5995000000000346,0.7826000000238196,0.8326999999881082,2.7643000000119287,1.4986999999880481,2.4476999999881173,0.8326999999881082,5.062000000000012,0.9158000000119273,0.5991999999881159,1.1491999999880704,9.007800000012026,0.9325999999642818,2.2480000000000473,11.006299999952375,2.1316999999880863,2.7641999999880227,4.745499999999993]",,,0.0,163.0,163.0,86.0,1.0,badderen,mbadderen,question_multimodal.png,im_combination.png,,,,,,
,,,348676,1,21,2023-10-02_21h26.35.284,flesh_expressibility_dutch,2022.2.4,Win32,60.15399423,,,,18.0,1.0,Nederlands,,,,,,Engels,2.0,Duits,1.0,,0.0,,0.0,,0.0,,0.0,,0.0,,0.0,NL,2.0,2.0,2.0,1.0,,sensorypref1,sensorypref2,1536.0,864.0,,,,,,,,,,,,,,,,,,,,,,,,,,,,,,,,,,,22.0,661.0216,37.0,"[0.7493999999761627,0.7161000000238289,0.7828999999761663,0.6161000000238346,0.8658000000119159,0.6661999999880663,0.8158000000119614,0.6324999999999932,0.5493999999761741,0.5491999999881045,0.6329999999999814,3.8296999999881223,1.514900000035766,0.932300000011935,0.6323999999762009,0.9656999999880327,0.5496000000238723,0.6493000000119196,0.6824000000357273,0.5995000000000346,0.7824999999999704,0.8326999999881082,2.7643000000119287,1.498599999964199,2.447599999964268,0.8326000000238878,5.061899999976163,0.9158000000119273,0.5991999999881159,1.1490999999642213,9.007700000047748,0.9325000000000045,2.2480000000000473,11.006299999952375,2.1316999999880863,2.7641999999880227,4.745499999999993]","[0.7493999999761627,0.7161000000238289,0.7830000000000155,0.6162000000476837,0.8658000000119159,0.6662999999523436,0.8158000000119614,0.6324999999999932,0.5493999999761741,0.5491999999881045,0.6329999999999814,3.8296999999881223,1.514900000035766,0.932300000011935,0.6324999999999932,0.9656999999880327,0.5496000000238723,0.6493000000119196,0.6825000000000045,0.5995000000000346,0.7826000000238196,0.8326999999881082,2.7643000000119287,1.4986999999880481,2.4476999999881173,0.8326999999881082,5.062000000000012,0.9158000000119273,0.5991999999881159,1.1491999999880704,9.007800000012026,0.9325999999642818,2.2480000000000473,11.006299999952375,2.1316999999880863,2.7641999999880227,4.745499999999993]",,,0.0,164.0,164.0,205.0,1.0,vork,mvork,question_multimodal.png,im_combination.png,,,,,,
,,,348676,1,21,2023-10-02_21h26.35.284,flesh_expressibility_dutch,2022.2.4,Win32,60.15399423,,,,18.0,1.0,Nederlands,,,,,,Engels,2.0,Duits,1.0,,0.0,,0.0,,0.0,,0.0,,0.0,,0.0,NL,2.0,2.0,2.0,1.0,,sensorypref1,sensorypref2,1536.0,864.0,,,,,,,,,,,,,,,,,,,,,,,,,,,,,,,,,,,22.0,662.0109,37.0,"[0.7493999999761627,0.7161000000238289,0.7828999999761663,0.6161000000238346,0.8658000000119159,0.6661999999880663,0.8158000000119614,0.6324999999999932,0.5493999999761741,0.5491999999881045,0.6329999999999814,3.8296999999881223,1.514900000035766,0.932300000011935,0.6323999999762009,0.9656999999880327,0.5496000000238723,0.6493000000119196,0.6824000000357273,0.5995000000000346,0.7824999999999704,0.8326999999881082,2.7643000000119287,1.498599999964199,2.447599999964268,0.8326000000238878,5.061899999976163,0.9158000000119273,0.5991999999881159,1.1490999999642213,9.007700000047748,0.9325000000000045,2.2480000000000473,11.006299999952375,2.1316999999880863,2.7641999999880227,4.745499999999993]","[0.7493999999761627,0.7161000000238289,0.7830000000000155,0.6162000000476837,0.8658000000119159,0.6662999999523436,0.8158000000119614,0.6324999999999932,0.5493999999761741,0.5491999999881045,0.6329999999999814,3.8296999999881223,1.514900000035766,0.932300000011935,0.6324999999999932,0.9656999999880327,0.5496000000238723,0.6493000000119196,0.6825000000000045,0.5995000000000346,0.7826000000238196,0.8326999999881082,2.7643000000119287,1.4986999999880481,2.4476999999881173,0.8326999999881082,5.062000000000012,0.9158000000119273,0.5991999999881159,1.1491999999880704,9.007800000012026,0.9325999999642818,2.2480000000000473,11.006299999952375,2.1316999999880863,2.7641999999880227,4.745499999999993]",,,0.0,165.0,165.0,31.0,1.0,zwak,mzwak,question_multimodal.png,im_combination.png,,,,,,
,,,348676,1,21,2023-10-02_21h26.35.284,flesh_expressibility_dutch,2022.2.4,Win32,60.15399423,,,,18.0,1.0,Nederlands,,,,,,Engels,2.0,Duits,1.0,,0.0,,0.0,,0.0,,0.0,,0.0,,0.0,NL,2.0,2.0,2.0,1.0,,sensorypref1,sensorypref2,1536.0,864.0,,,,,,,,,,,,,,,,,,,,,,,,,,,,,,,,,,,22.0,663.0603,37.0,"[0.7493999999761627,0.7161000000238289,0.7828999999761663,0.6161000000238346,0.8658000000119159,0.6661999999880663,0.8158000000119614,0.6324999999999932,0.5493999999761741,0.5491999999881045,0.6329999999999814,3.8296999999881223,1.514900000035766,0.932300000011935,0.6323999999762009,0.9656999999880327,0.5496000000238723,0.6493000000119196,0.6824000000357273,0.5995000000000346,0.7824999999999704,0.8326999999881082,2.7643000000119287,1.498599999964199,2.447599999964268,0.8326000000238878,5.061899999976163,0.9158000000119273,0.5991999999881159,1.1490999999642213,9.007700000047748,0.9325000000000045,2.2480000000000473,11.006299999952375,2.1316999999880863,2.7641999999880227,4.745499999999993]","[0.7493999999761627,0.7161000000238289,0.7830000000000155,0.6162000000476837,0.8658000000119159,0.6662999999523436,0.8158000000119614,0.6324999999999932,0.5493999999761741,0.5491999999881045,0.6329999999999814,3.8296999999881223,1.514900000035766,0.932300000011935,0.6324999999999932,0.9656999999880327,0.5496000000238723,0.6493000000119196,0.6825000000000045,0.5995000000000346,0.7826000000238196,0.8326999999881082,2.7643000000119287,1.4986999999880481,2.4476999999881173,0.8326999999881082,5.062000000000012,0.9158000000119273,0.5991999999881159,1.1491999999880704,9.007800000012026,0.9325999999642818,2.2480000000000473,11.006299999952375,2.1316999999880863,2.7641999999880227,4.745499999999993]",,,0.0,166.0,166.0,148.0,1.0,bijten,mbijten,question_multimodal.png,im_combination.png,,,,,,
,,,348676,1,21,2023-10-02_21h26.35.284,flesh_expressibility_dutch,2022.2.4,Win32,60.15399423,,,,18.0,1.0,Nederlands,,,,,,Engels,2.0,Duits,1.0,,0.0,,0.0,,0.0,,0.0,,0.0,,0.0,NL,2.0,2.0,2.0,1.0,,sensorypref1,sensorypref2,1536.0,864.0,,,,,,,,,,,,,,,,,,,,,,,,,,,,,,,,,,,22.0,663.9857,37.0,"[0.7493999999761627,0.7161000000238289,0.7828999999761663,0.6161000000238346,0.8658000000119159,0.6661999999880663,0.8158000000119614,0.6324999999999932,0.5493999999761741,0.5491999999881045,0.6329999999999814,3.8296999999881223,1.514900000035766,0.932300000011935,0.6323999999762009,0.9656999999880327,0.5496000000238723,0.6493000000119196,0.6824000000357273,0.5995000000000346,0.7824999999999704,0.8326999999881082,2.7643000000119287,1.498599999964199,2.447599999964268,0.8326000000238878,5.061899999976163,0.9158000000119273,0.5991999999881159,1.1490999999642213,9.007700000047748,0.9325000000000045,2.2480000000000473,11.006299999952375,2.1316999999880863,2.7641999999880227,4.745499999999993]","[0.7493999999761627,0.7161000000238289,0.7830000000000155,0.6162000000476837,0.8658000000119159,0.6662999999523436,0.8158000000119614,0.6324999999999932,0.5493999999761741,0.5491999999881045,0.6329999999999814,3.8296999999881223,1.514900000035766,0.932300000011935,0.6324999999999932,0.9656999999880327,0.5496000000238723,0.6493000000119196,0.6825000000000045,0.5995000000000346,0.7826000000238196,0.8326999999881082,2.7643000000119287,1.4986999999880481,2.4476999999881173,0.8326999999881082,5.062000000000012,0.9158000000119273,0.5991999999881159,1.1491999999880704,9.007800000012026,0.9325999999642818,2.2480000000000473,11.006299999952375,2.1316999999880863,2.7641999999880227,4.745499999999993]",,,0.0,167.0,167.0,29.0,1.0,ziek,mziek,question_multimodal.png,im_combination.png,,,,,,
,,,348676,1,21,2023-10-02_21h26.35.284,flesh_expressibility_dutch,2022.2.4,Win32,60.15399423,,,,18.0,1.0,Nederlands,,,,,,Engels,2.0,Duits,1.0,,0.0,,0.0,,0.0,,0.0,,0.0,,0.0,NL,2.0,2.0,2.0,1.0,,sensorypref1,sensorypref2,1536.0,864.0,,,,,,,,,,,,,,,,,,,,,,,,,,,,,,,,,,,21.0,665.0661,38.0,"[0.7493999999761627,0.7161000000238289,0.7828999999761663,0.6161000000238346,0.8658000000119159,0.6661999999880663,0.8158000000119614,0.6324999999999932,0.5493999999761741,0.5491999999881045,0.6329999999999814,3.8296999999881223,1.514900000035766,0.932300000011935,0.6323999999762009,0.9656999999880327,0.5496000000238723,0.6493000000119196,0.6824000000357273,0.5995000000000346,0.7824999999999704,0.8326999999881082,2.7643000000119287,1.498599999964199,2.447599999964268,0.8326000000238878,5.061899999976163,0.9158000000119273,0.5991999999881159,1.1490999999642213,9.007700000047748,0.9325000000000045,2.2480000000000473,11.006299999952375,2.1316999999880863,2.7641999999880227,4.745499999999993,1.3816999999880863]","[0.7493999999761627,0.7161000000238289,0.7830000000000155,0.6162000000476837,0.8658000000119159,0.6662999999523436,0.8158000000119614,0.6324999999999932,0.5493999999761741,0.5491999999881045,0.6329999999999814,3.8296999999881223,1.514900000035766,0.932300000011935,0.6324999999999932,0.9656999999880327,0.5496000000238723,0.6493000000119196,0.6825000000000045,0.5995000000000346,0.7826000000238196,0.8326999999881082,2.7643000000119287,1.4986999999880481,2.4476999999881173,0.8326999999881082,5.062000000000012,0.9158000000119273,0.5991999999881159,1.1491999999880704,9.007800000012026,0.9325999999642818,2.2480000000000473,11.006299999952375,2.1316999999880863,2.7641999999880227,4.745499999999993,1.3816999999880863]",-0.597564243,8.3287,0.0,168.0,168.0,194.0,1.0,touw,mtouw,question_multimodal.png,im_combination.png,,,,,,
,,,348676,1,21,2023-10-02_21h26.35.284,flesh_expressibility_dutch,2022.2.4,Win32,60.15399423,,,,18.0,1.0,Nederlands,,,,,,Engels,2.0,Duits,1.0,,0.0,,0.0,,0.0,,0.0,,0.0,,0.0,NL,2.0,2.0,2.0,1.0,,sensorypref1,sensorypref2,1536.0,864.0,,,,,,,,,,,,,,,,,,,,,,,,,,,,,,,,,,,22.0,674.5004,38.0,"[0.7493999999761627,0.7161000000238289,0.7828999999761663,0.6161000000238346,0.8658000000119159,0.6661999999880663,0.8158000000119614,0.6324999999999932,0.5493999999761741,0.5491999999881045,0.6329999999999814,3.8296999999881223,1.514900000035766,0.932300000011935,0.6323999999762009,0.9656999999880327,0.5496000000238723,0.6493000000119196,0.6824000000357273,0.5995000000000346,0.7824999999999704,0.8326999999881082,2.7643000000119287,1.498599999964199,2.447599999964268,0.8326000000238878,5.061899999976163,0.9158000000119273,0.5991999999881159,1.1490999999642213,9.007700000047748,0.9325000000000045,2.2480000000000473,11.006299999952375,2.1316999999880863,2.7641999999880227,4.745499999999993,1.3816999999880863]","[0.7493999999761627,0.7161000000238289,0.7830000000000155,0.6162000000476837,0.8658000000119159,0.6662999999523436,0.8158000000119614,0.6324999999999932,0.5493999999761741,0.5491999999881045,0.6329999999999814,3.8296999999881223,1.514900000035766,0.932300000011935,0.6324999999999932,0.9656999999880327,0.5496000000238723,0.6493000000119196,0.6825000000000045,0.5995000000000346,0.7826000000238196,0.8326999999881082,2.7643000000119287,1.4986999999880481,2.4476999999881173,0.8326999999881082,5.062000000000012,0.9158000000119273,0.5991999999881159,1.1491999999880704,9.007800000012026,0.9325999999642818,2.2480000000000473,11.006299999952375,2.1316999999880863,2.7641999999880227,4.745499999999993,1.3816999999880863]",,,0.0,169.0,169.0,74.0,1.0,hoekig,mhoekig,question_multimodal.png,im_combination.png,,,,,,
,,,348676,1,21,2023-10-02_21h26.35.284,flesh_expressibility_dutch,2022.2.4,Win32,60.15399423,,,,18.0,1.0,Nederlands,,,,,,Engels,2.0,Duits,1.0,,0.0,,0.0,,0.0,,0.0,,0.0,,0.0,NL,2.0,2.0,2.0,1.0,,sensorypref1,sensorypref2,1536.0,864.0,,,,,,,,,,,,,,,,,,,,,,,,,,,,,,,,,,,22.0,675.4808,38.0,"[0.7493999999761627,0.7161000000238289,0.7828999999761663,0.6161000000238346,0.8658000000119159,0.6661999999880663,0.8158000000119614,0.6324999999999932,0.5493999999761741,0.5491999999881045,0.6329999999999814,3.8296999999881223,1.514900000035766,0.932300000011935,0.6323999999762009,0.9656999999880327,0.5496000000238723,0.6493000000119196,0.6824000000357273,0.5995000000000346,0.7824999999999704,0.8326999999881082,2.7643000000119287,1.498599999964199,2.447599999964268,0.8326000000238878,5.061899999976163,0.9158000000119273,0.5991999999881159,1.1490999999642213,9.007700000047748,0.9325000000000045,2.2480000000000473,11.006299999952375,2.1316999999880863,2.7641999999880227,4.745499999999993,1.3816999999880863]","[0.7493999999761627,0.7161000000238289,0.7830000000000155,0.6162000000476837,0.8658000000119159,0.6662999999523436,0.8158000000119614,0.6324999999999932,0.5493999999761741,0.5491999999881045,0.6329999999999814,3.8296999999881223,1.514900000035766,0.932300000011935,0.6324999999999932,0.9656999999880327,0.5496000000238723,0.6493000000119196,0.6825000000000045,0.5995000000000346,0.7826000000238196,0.8326999999881082,2.7643000000119287,1.4986999999880481,2.4476999999881173,0.8326999999881082,5.062000000000012,0.9158000000119273,0.5991999999881159,1.1491999999880704,9.007800000012026,0.9325999999642818,2.2480000000000473,11.006299999952375,2.1316999999880863,2.7641999999880227,4.745499999999993,1.3816999999880863]",,,0.0,170.0,170.0,67.0,1.0,ruw,mruw,question_multimodal.png,im_combination.png,,,,,,
,,,348676,1,21,2023-10-02_21h26.35.284,flesh_expressibility_dutch,2022.2.4,Win32,60.15399423,,,,18.0,1.0,Nederlands,,,,,,Engels,2.0,Duits,1.0,,0.0,,0.0,,0.0,,0.0,,0.0,,0.0,NL,2.0,2.0,2.0,1.0,,sensorypref1,sensorypref2,1536.0,864.0,,,,,,,,,,,,,,,,,,,,,,,,,,,,,,,,,,,22.0,676.5035,38.0,"[0.7493999999761627,0.7161000000238289,0.7828999999761663,0.6161000000238346,0.8658000000119159,0.6661999999880663,0.8158000000119614,0.6324999999999932,0.5493999999761741,0.5491999999881045,0.6329999999999814,3.8296999999881223,1.514900000035766,0.932300000011935,0.6323999999762009,0.9656999999880327,0.5496000000238723,0.6493000000119196,0.6824000000357273,0.5995000000000346,0.7824999999999704,0.8326999999881082,2.7643000000119287,1.498599999964199,2.447599999964268,0.8326000000238878,5.061899999976163,0.9158000000119273,0.5991999999881159,1.1490999999642213,9.007700000047748,0.9325000000000045,2.2480000000000473,11.006299999952375,2.1316999999880863,2.7641999999880227,4.745499999999993,1.3816999999880863]","[0.7493999999761627,0.7161000000238289,0.7830000000000155,0.6162000000476837,0.8658000000119159,0.6662999999523436,0.8158000000119614,0.6324999999999932,0.5493999999761741,0.5491999999881045,0.6329999999999814,3.8296999999881223,1.514900000035766,0.932300000011935,0.6324999999999932,0.9656999999880327,0.5496000000238723,0.6493000000119196,0.6825000000000045,0.5995000000000346,0.7826000000238196,0.8326999999881082,2.7643000000119287,1.4986999999880481,2.4476999999881173,0.8326999999881082,5.062000000000012,0.9158000000119273,0.5991999999881159,1.1491999999880704,9.007800000012026,0.9325999999642818,2.2480000000000473,11.006299999952375,2.1316999999880863,2.7641999999880227,4.745499999999993,1.3816999999880863]",,,0.0,171.0,171.0,84.0,1.0,kort,mkort,question_multimodal.png,im_combination.png,,,,,,
,,,348676,1,21,2023-10-02_21h26.35.284,flesh_expressibility_dutch,2022.2.4,Win32,60.15399423,,,,18.0,1.0,Nederlands,,,,,,Engels,2.0,Duits,1.0,,0.0,,0.0,,0.0,,0.0,,0.0,,0.0,NL,2.0,2.0,2.0,1.0,,sensorypref1,sensorypref2,1536.0,864.0,,,,,,,,,,,,,,,,,,,,,,,,,,,,,,,,,,,22.0,677.4673,38.0,"[0.7493999999761627,0.7161000000238289,0.7828999999761663,0.6161000000238346,0.8658000000119159,0.6661999999880663,0.8158000000119614,0.6324999999999932,0.5493999999761741,0.5491999999881045,0.6329999999999814,3.8296999999881223,1.514900000035766,0.932300000011935,0.6323999999762009,0.9656999999880327,0.5496000000238723,0.6493000000119196,0.6824000000357273,0.5995000000000346,0.7824999999999704,0.8326999999881082,2.7643000000119287,1.498599999964199,2.447599999964268,0.8326000000238878,5.061899999976163,0.9158000000119273,0.5991999999881159,1.1490999999642213,9.007700000047748,0.9325000000000045,2.2480000000000473,11.006299999952375,2.1316999999880863,2.7641999999880227,4.745499999999993,1.3816999999880863]","[0.7493999999761627,0.7161000000238289,0.7830000000000155,0.6162000000476837,0.8658000000119159,0.6662999999523436,0.8158000000119614,0.6324999999999932,0.5493999999761741,0.5491999999881045,0.6329999999999814,3.8296999999881223,1.514900000035766,0.932300000011935,0.6324999999999932,0.9656999999880327,0.5496000000238723,0.6493000000119196,0.6825000000000045,0.5995000000000346,0.7826000000238196,0.8326999999881082,2.7643000000119287,1.4986999999880481,2.4476999999881173,0.8326999999881082,5.062000000000012,0.9158000000119273,0.5991999999881159,1.1491999999880704,9.007800000012026,0.9325999999642818,2.2480000000000473,11.006299999952375,2.1316999999880863,2.7641999999880227,4.745499999999993,1.3816999999880863]",,,0.0,172.0,172.0,179.0,1.0,zij,mzij,question_multimodal.png,im_combination.png,,,,,,
,,,348676,1,21,2023-10-02_21h26.35.284,flesh_expressibility_dutch,2022.2.4,Win32,60.15399423,,,,18.0,1.0,Nederlands,,,,,,Engels,2.0,Duits,1.0,,0.0,,0.0,,0.0,,0.0,,0.0,,0.0,NL,2.0,2.0,2.0,1.0,,sensorypref1,sensorypref2,1536.0,864.0,,,,,,,,,,,,,,,,,,,,,,,,,,,,,,,,,,,22.0,678.4769,38.0,"[0.7493999999761627,0.7161000000238289,0.7828999999761663,0.6161000000238346,0.8658000000119159,0.6661999999880663,0.8158000000119614,0.6324999999999932,0.5493999999761741,0.5491999999881045,0.6329999999999814,3.8296999999881223,1.514900000035766,0.932300000011935,0.6323999999762009,0.9656999999880327,0.5496000000238723,0.6493000000119196,0.6824000000357273,0.5995000000000346,0.7824999999999704,0.8326999999881082,2.7643000000119287,1.498599999964199,2.447599999964268,0.8326000000238878,5.061899999976163,0.9158000000119273,0.5991999999881159,1.1490999999642213,9.007700000047748,0.9325000000000045,2.2480000000000473,11.006299999952375,2.1316999999880863,2.7641999999880227,4.745499999999993,1.3816999999880863]","[0.7493999999761627,0.7161000000238289,0.7830000000000155,0.6162000000476837,0.8658000000119159,0.6662999999523436,0.8158000000119614,0.6324999999999932,0.5493999999761741,0.5491999999881045,0.6329999999999814,3.8296999999881223,1.514900000035766,0.932300000011935,0.6324999999999932,0.9656999999880327,0.5496000000238723,0.6493000000119196,0.6825000000000045,0.5995000000000346,0.7826000000238196,0.8326999999881082,2.7643000000119287,1.4986999999880481,2.4476999999881173,0.8326999999881082,5.062000000000012,0.9158000000119273,0.5991999999881159,1.1491999999880704,9.007800000012026,0.9325999999642818,2.2480000000000473,11.006299999952375,2.1316999999880863,2.7641999999880227,4.745499999999993,1.3816999999880863]",,,0.0,173.0,173.0,92.0,1.0,heet,mheet,question_multimodal.png,im_combination.png,,,,,,
,,,348676,1,21,2023-10-02_21h26.35.284,flesh_expressibility_dutch,2022.2.4,Win32,60.15399423,,,,18.0,1.0,Nederlands,,,,,,Engels,2.0,Duits,1.0,,0.0,,0.0,,0.0,,0.0,,0.0,,0.0,NL,2.0,2.0,2.0,1.0,,sensorypref1,sensorypref2,1536.0,864.0,,,,,,,,,,,,,,,,,,,,,,,,,,,,,,,,,,,22.0,679.5371,38.0,"[0.7493999999761627,0.7161000000238289,0.7828999999761663,0.6161000000238346,0.8658000000119159,0.6661999999880663,0.8158000000119614,0.6324999999999932,0.5493999999761741,0.5491999999881045,0.6329999999999814,3.8296999999881223,1.514900000035766,0.932300000011935,0.6323999999762009,0.9656999999880327,0.5496000000238723,0.6493000000119196,0.6824000000357273,0.5995000000000346,0.7824999999999704,0.8326999999881082,2.7643000000119287,1.498599999964199,2.447599999964268,0.8326000000238878,5.061899999976163,0.9158000000119273,0.5991999999881159,1.1490999999642213,9.007700000047748,0.9325000000000045,2.2480000000000473,11.006299999952375,2.1316999999880863,2.7641999999880227,4.745499999999993,1.3816999999880863]","[0.7493999999761627,0.7161000000238289,0.7830000000000155,0.6162000000476837,0.8658000000119159,0.6662999999523436,0.8158000000119614,0.6324999999999932,0.5493999999761741,0.5491999999881045,0.6329999999999814,3.8296999999881223,1.514900000035766,0.932300000011935,0.6324999999999932,0.9656999999880327,0.5496000000238723,0.6493000000119196,0.6825000000000045,0.5995000000000346,0.7826000000238196,0.8326999999881082,2.7643000000119287,1.4986999999880481,2.4476999999881173,0.8326999999881082,5.062000000000012,0.9158000000119273,0.5991999999881159,1.1491999999880704,9.007800000012026,0.9325999999642818,2.2480000000000473,11.006299999952375,2.1316999999880863,2.7641999999880227,4.745499999999993,1.3816999999880863]",,,0.0,174.0,174.0,9.0,1.0,kotsen,mkotsen,question_multimodal.png,im_combination.png,,,,,,
,,,348676,1,21,2023-10-02_21h26.35.284,flesh_expressibility_dutch,2022.2.4,Win32,60.15399423,,,,18.0,1.0,Nederlands,,,,,,Engels,2.0,Duits,1.0,,0.0,,0.0,,0.0,,0.0,,0.0,,0.0,NL,2.0,2.0,2.0,1.0,,sensorypref1,sensorypref2,1536.0,864.0,,,,,,,,,,,,,,,,,,,,,,,,,,,,,,,,,,,22.0,680.5769,38.0,"[0.7493999999761627,0.7161000000238289,0.7828999999761663,0.6161000000238346,0.8658000000119159,0.6661999999880663,0.8158000000119614,0.6324999999999932,0.5493999999761741,0.5491999999881045,0.6329999999999814,3.8296999999881223,1.514900000035766,0.932300000011935,0.6323999999762009,0.9656999999880327,0.5496000000238723,0.6493000000119196,0.6824000000357273,0.5995000000000346,0.7824999999999704,0.8326999999881082,2.7643000000119287,1.498599999964199,2.447599999964268,0.8326000000238878,5.061899999976163,0.9158000000119273,0.5991999999881159,1.1490999999642213,9.007700000047748,0.9325000000000045,2.2480000000000473,11.006299999952375,2.1316999999880863,2.7641999999880227,4.745499999999993,1.3816999999880863]","[0.7493999999761627,0.7161000000238289,0.7830000000000155,0.6162000000476837,0.8658000000119159,0.6662999999523436,0.8158000000119614,0.6324999999999932,0.5493999999761741,0.5491999999881045,0.6329999999999814,3.8296999999881223,1.514900000035766,0.932300000011935,0.6324999999999932,0.9656999999880327,0.5496000000238723,0.6493000000119196,0.6825000000000045,0.5995000000000346,0.7826000000238196,0.8326999999881082,2.7643000000119287,1.4986999999880481,2.4476999999881173,0.8326999999881082,5.062000000000012,0.9158000000119273,0.5991999999881159,1.1491999999880704,9.007800000012026,0.9325999999642818,2.2480000000000473,11.006299999952375,2.1316999999880863,2.7641999999880227,4.745499999999993,1.3816999999880863]",,,0.0,175.0,175.0,169.0,1.0,zien,mzien,question_multimodal.png,im_combination.png,,,,,,
,,,348676,1,21,2023-10-02_21h26.35.284,flesh_expressibility_dutch,2022.2.4,Win32,60.15399423,,,,18.0,1.0,Nederlands,,,,,,Engels,2.0,Duits,1.0,,0.0,,0.0,,0.0,,0.0,,0.0,,0.0,NL,2.0,2.0,2.0,1.0,,sensorypref1,sensorypref2,1536.0,864.0,,,,,,,,,,,,,,,,,,,,,,,,,,,,,,,,,,,22.0,681.5096,38.0,"[0.7493999999761627,0.7161000000238289,0.7828999999761663,0.6161000000238346,0.8658000000119159,0.6661999999880663,0.8158000000119614,0.6324999999999932,0.5493999999761741,0.5491999999881045,0.6329999999999814,3.8296999999881223,1.514900000035766,0.932300000011935,0.6323999999762009,0.9656999999880327,0.5496000000238723,0.6493000000119196,0.6824000000357273,0.5995000000000346,0.7824999999999704,0.8326999999881082,2.7643000000119287,1.498599999964199,2.447599999964268,0.8326000000238878,5.061899999976163,0.9158000000119273,0.5991999999881159,1.1490999999642213,9.007700000047748,0.9325000000000045,2.2480000000000473,11.006299999952375,2.1316999999880863,2.7641999999880227,4.745499999999993,1.3816999999880863]","[0.7493999999761627,0.7161000000238289,0.7830000000000155,0.6162000000476837,0.8658000000119159,0.6662999999523436,0.8158000000119614,0.6324999999999932,0.5493999999761741,0.5491999999881045,0.6329999999999814,3.8296999999881223,1.514900000035766,0.932300000011935,0.6324999999999932,0.9656999999880327,0.5496000000238723,0.6493000000119196,0.6825000000000045,0.5995000000000346,0.7826000000238196,0.8326999999881082,2.7643000000119287,1.4986999999880481,2.4476999999881173,0.8326999999881082,5.062000000000012,0.9158000000119273,0.5991999999881159,1.1491999999880704,9.007800000012026,0.9325999999642818,2.2480000000000473,11.006299999952375,2.1316999999880863,2.7641999999880227,4.745499999999993,1.3816999999880863]",,,0.0,176.0,176.0,158.0,1.0,hout,mhout,question_multimodal.png,im_combination.png,,,,,,
,,,348676,1,21,2023-10-02_21h26.35.284,flesh_expressibility_dutch,2022.2.4,Win32,60.15399423,,,,18.0,1.0,Nederlands,,,,,,Engels,2.0,Duits,1.0,,0.0,,0.0,,0.0,,0.0,,0.0,,0.0,NL,2.0,2.0,2.0,1.0,,sensorypref1,sensorypref2,1536.0,864.0,,,,,,,,,,,,,,,,,,,,,,,,,,,,,,,,,,,22.0,682.5263,38.0,"[0.7493999999761627,0.7161000000238289,0.7828999999761663,0.6161000000238346,0.8658000000119159,0.6661999999880663,0.8158000000119614,0.6324999999999932,0.5493999999761741,0.5491999999881045,0.6329999999999814,3.8296999999881223,1.514900000035766,0.932300000011935,0.6323999999762009,0.9656999999880327,0.5496000000238723,0.6493000000119196,0.6824000000357273,0.5995000000000346,0.7824999999999704,0.8326999999881082,2.7643000000119287,1.498599999964199,2.447599999964268,0.8326000000238878,5.061899999976163,0.9158000000119273,0.5991999999881159,1.1490999999642213,9.007700000047748,0.9325000000000045,2.2480000000000473,11.006299999952375,2.1316999999880863,2.7641999999880227,4.745499999999993,1.3816999999880863]","[0.7493999999761627,0.7161000000238289,0.7830000000000155,0.6162000000476837,0.8658000000119159,0.6662999999523436,0.8158000000119614,0.6324999999999932,0.5493999999761741,0.5491999999881045,0.6329999999999814,3.8296999999881223,1.514900000035766,0.932300000011935,0.6324999999999932,0.9656999999880327,0.5496000000238723,0.6493000000119196,0.6825000000000045,0.5995000000000346,0.7826000000238196,0.8326999999881082,2.7643000000119287,1.4986999999880481,2.4476999999881173,0.8326999999881082,5.062000000000012,0.9158000000119273,0.5991999999881159,1.1491999999880704,9.007800000012026,0.9325999999642818,2.2480000000000473,11.006299999952375,2.1316999999880863,2.7641999999880227,4.745499999999993,1.3816999999880863]",,,0.0,177.0,177.0,43.0,1.0,rivier,mrivier,question_multimodal.png,im_combination.png,,,,,,
,,,348676,1,21,2023-10-02_21h26.35.284,flesh_expressibility_dutch,2022.2.4,Win32,60.15399423,,,,18.0,1.0,Nederlands,,,,,,Engels,2.0,Duits,1.0,,0.0,,0.0,,0.0,,0.0,,0.0,,0.0,NL,2.0,2.0,2.0,1.0,,sensorypref1,sensorypref2,1536.0,864.0,,,,,,,,,,,,,,,,,,,,,,,,,,,,,,,,,,,22.0,683.4975,38.0,"[0.7493999999761627,0.7161000000238289,0.7828999999761663,0.6161000000238346,0.8658000000119159,0.6661999999880663,0.8158000000119614,0.6324999999999932,0.5493999999761741,0.5491999999881045,0.6329999999999814,3.8296999999881223,1.514900000035766,0.932300000011935,0.6323999999762009,0.9656999999880327,0.5496000000238723,0.6493000000119196,0.6824000000357273,0.5995000000000346,0.7824999999999704,0.8326999999881082,2.7643000000119287,1.498599999964199,2.447599999964268,0.8326000000238878,5.061899999976163,0.9158000000119273,0.5991999999881159,1.1490999999642213,9.007700000047748,0.9325000000000045,2.2480000000000473,11.006299999952375,2.1316999999880863,2.7641999999880227,4.745499999999993,1.3816999999880863]","[0.7493999999761627,0.7161000000238289,0.7830000000000155,0.6162000000476837,0.8658000000119159,0.6662999999523436,0.8158000000119614,0.6324999999999932,0.5493999999761741,0.5491999999881045,0.6329999999999814,3.8296999999881223,1.514900000035766,0.932300000011935,0.6324999999999932,0.9656999999880327,0.5496000000238723,0.6493000000119196,0.6825000000000045,0.5995000000000346,0.7826000000238196,0.8326999999881082,2.7643000000119287,1.4986999999880481,2.4476999999881173,0.8326999999881082,5.062000000000012,0.9158000000119273,0.5991999999881159,1.1491999999880704,9.007800000012026,0.9325999999642818,2.2480000000000473,11.006299999952375,2.1316999999880863,2.7641999999880227,4.745499999999993,1.3816999999880863]",,,0.0,178.0,178.0,167.0,1.0,rood,mrood,question_multimodal.png,im_combination.png,,,,,,
,,,348676,1,21,2023-10-02_21h26.35.284,flesh_expressibility_dutch,2022.2.4,Win32,60.15399423,,,,18.0,1.0,Nederlands,,,,,,Engels,2.0,Duits,1.0,,0.0,,0.0,,0.0,,0.0,,0.0,,0.0,NL,2.0,2.0,2.0,1.0,,sensorypref1,sensorypref2,1536.0,864.0,,,,,,,,,,,,,,,,,,,,,,,,,,,,,,,,,,,22.0,684.5212,38.0,"[0.7493999999761627,0.7161000000238289,0.7828999999761663,0.6161000000238346,0.8658000000119159,0.6661999999880663,0.8158000000119614,0.6324999999999932,0.5493999999761741,0.5491999999881045,0.6329999999999814,3.8296999999881223,1.514900000035766,0.932300000011935,0.6323999999762009,0.9656999999880327,0.5496000000238723,0.6493000000119196,0.6824000000357273,0.5995000000000346,0.7824999999999704,0.8326999999881082,2.7643000000119287,1.498599999964199,2.447599999964268,0.8326000000238878,5.061899999976163,0.9158000000119273,0.5991999999881159,1.1490999999642213,9.007700000047748,0.9325000000000045,2.2480000000000473,11.006299999952375,2.1316999999880863,2.7641999999880227,4.745499999999993,1.3816999999880863]","[0.7493999999761627,0.7161000000238289,0.7830000000000155,0.6162000000476837,0.8658000000119159,0.6662999999523436,0.8158000000119614,0.6324999999999932,0.5493999999761741,0.5491999999881045,0.6329999999999814,3.8296999999881223,1.514900000035766,0.932300000011935,0.6324999999999932,0.9656999999880327,0.5496000000238723,0.6493000000119196,0.6825000000000045,0.5995000000000346,0.7826000000238196,0.8326999999881082,2.7643000000119287,1.4986999999880481,2.4476999999881173,0.8326999999881082,5.062000000000012,0.9158000000119273,0.5991999999881159,1.1491999999880704,9.007800000012026,0.9325999999642818,2.2480000000000473,11.006299999952375,2.1316999999880863,2.7641999999880227,4.745499999999993,1.3816999999880863]",,,0.0,179.0,179.0,54.0,1.0,snel,msnel,question_multimodal.png,im_combination.png,,,,,,
,,,348676,1,21,2023-10-02_21h26.35.284,flesh_expressibility_dutch,2022.2.4,Win32,60.15399423,,,,18.0,1.0,Nederlands,,,,,,Engels,2.0,Duits,1.0,,0.0,,0.0,,0.0,,0.0,,0.0,,0.0,NL,2.0,2.0,2.0,1.0,,sensorypref1,sensorypref2,1536.0,864.0,,,,,,,,,,,,,,,,,,,,,,,,,,,,,,,,,,,22.0,685.5453,38.0,"[0.7493999999761627,0.7161000000238289,0.7828999999761663,0.6161000000238346,0.8658000000119159,0.6661999999880663,0.8158000000119614,0.6324999999999932,0.5493999999761741,0.5491999999881045,0.6329999999999814,3.8296999999881223,1.514900000035766,0.932300000011935,0.6323999999762009,0.9656999999880327,0.5496000000238723,0.6493000000119196,0.6824000000357273,0.5995000000000346,0.7824999999999704,0.8326999999881082,2.7643000000119287,1.498599999964199,2.447599999964268,0.8326000000238878,5.061899999976163,0.9158000000119273,0.5991999999881159,1.1490999999642213,9.007700000047748,0.9325000000000045,2.2480000000000473,11.006299999952375,2.1316999999880863,2.7641999999880227,4.745499999999993,1.3816999999880863]","[0.7493999999761627,0.7161000000238289,0.7830000000000155,0.6162000000476837,0.8658000000119159,0.6662999999523436,0.8158000000119614,0.6324999999999932,0.5493999999761741,0.5491999999881045,0.6329999999999814,3.8296999999881223,1.514900000035766,0.932300000011935,0.6324999999999932,0.9656999999880327,0.5496000000238723,0.6493000000119196,0.6825000000000045,0.5995000000000346,0.7826000000238196,0.8326999999881082,2.7643000000119287,1.4986999999880481,2.4476999999881173,0.8326999999881082,5.062000000000012,0.9158000000119273,0.5991999999881159,1.1491999999880704,9.007800000012026,0.9325999999642818,2.2480000000000473,11.006299999952375,2.1316999999880863,2.7641999999880227,4.745499999999993,1.3816999999880863]",,,0.0,180.0,180.0,187.0,1.0,dit,mdit,question_multimodal.png,im_combination.png,,,,,,
,,,348676,1,21,2023-10-02_21h26.35.284,flesh_expressibility_dutch,2022.2.4,Win32,60.15399423,,,,18.0,1.0,Nederlands,,,,,,Engels,2.0,Duits,1.0,,0.0,,0.0,,0.0,,0.0,,0.0,,0.0,NL,2.0,2.0,2.0,1.0,,sensorypref1,sensorypref2,1536.0,864.0,,,,,,,,,,,,,,,,,,,,,,,,,,,,,,,,,,,21.0,686.538,39.0,"[0.7493999999761627,0.7161000000238289,0.7828999999761663,0.6161000000238346,0.8658000000119159,0.6661999999880663,0.8158000000119614,0.6324999999999932,0.5493999999761741,0.5491999999881045,0.6329999999999814,3.8296999999881223,1.514900000035766,0.932300000011935,0.6323999999762009,0.9656999999880327,0.5496000000238723,0.6493000000119196,0.6824000000357273,0.5995000000000346,0.7824999999999704,0.8326999999881082,2.7643000000119287,1.498599999964199,2.447599999964268,0.8326000000238878,5.061899999976163,0.9158000000119273,0.5991999999881159,1.1490999999642213,9.007700000047748,0.9325000000000045,2.2480000000000473,11.006299999952375,2.1316999999880863,2.7641999999880227,4.745499999999993,1.3816999999880863,0.68260000002374]","[0.7493999999761627,0.7161000000238289,0.7830000000000155,0.6162000000476837,0.8658000000119159,0.6662999999523436,0.8158000000119614,0.6324999999999932,0.5493999999761741,0.5491999999881045,0.6329999999999814,3.8296999999881223,1.514900000035766,0.932300000011935,0.6324999999999932,0.9656999999880327,0.5496000000238723,0.6493000000119196,0.6825000000000045,0.5995000000000346,0.7826000000238196,0.8326999999881082,2.7643000000119287,1.4986999999880481,2.4476999999881173,0.8326999999881082,5.062000000000012,0.9158000000119273,0.5991999999881159,1.1491999999880704,9.007800000012026,0.9325999999642818,2.2480000000000473,11.006299999952375,2.1316999999880863,2.7641999999880227,4.745499999999993,1.3816999999880863,0.68260000002374]",0.383220667,4.1628,0.0,181.0,181.0,135.0,1.0,wind,mwind,question_multimodal.png,im_combination.png,,,,,,
,,,348676,1,21,2023-10-02_21h26.35.284,flesh_expressibility_dutch,2022.2.4,Win32,60.15399423,,,,18.0,1.0,Nederlands,,,,,,Engels,2.0,Duits,1.0,,0.0,,0.0,,0.0,,0.0,,0.0,,0.0,NL,2.0,2.0,2.0,1.0,,sensorypref1,sensorypref2,1536.0,864.0,,,,,,,,,,,,,,,,,,,,,,,,,,,,,,,,,,,19.0,691.197,40.0,"[0.7493999999761627,0.7161000000238289,0.7828999999761663,0.6161000000238346,0.8658000000119159,0.6661999999880663,0.8158000000119614,0.6324999999999932,0.5493999999761741,0.5491999999881045,0.6329999999999814,3.8296999999881223,1.514900000035766,0.932300000011935,0.6323999999762009,0.9656999999880327,0.5496000000238723,0.6493000000119196,0.6824000000357273,0.5995000000000346,0.7824999999999704,0.8326999999881082,2.7643000000119287,1.498599999964199,2.447599999964268,0.8326000000238878,5.061899999976163,0.9158000000119273,0.5991999999881159,1.1490999999642213,9.007700000047748,0.9325000000000045,2.2480000000000473,11.006299999952375,2.1316999999880863,2.7641999999880227,4.745499999999993,1.3816999999880863,0.68260000002374,0.74919999998815]","[0.7493999999761627,0.7161000000238289,0.7830000000000155,0.6162000000476837,0.8658000000119159,0.6662999999523436,0.8158000000119614,0.6324999999999932,0.5493999999761741,0.5491999999881045,0.6329999999999814,3.8296999999881223,1.514900000035766,0.932300000011935,0.6324999999999932,0.9656999999880327,0.5496000000238723,0.6493000000119196,0.6825000000000045,0.5995000000000346,0.7826000000238196,0.8326999999881082,2.7643000000119287,1.4986999999880481,2.4476999999881173,0.8326999999881082,5.062000000000012,0.9158000000119273,0.5991999999881159,1.1491999999880704,9.007800000012026,0.9325999999642818,2.2480000000000473,11.006299999952375,2.1316999999880863,2.7641999999880227,4.745499999999993,1.3816999999880863,0.68260000002374,0.7493000000119991]",0.930987821,4.1424,0.0,182.0,182.0,149.0,1.0,blazen,mblazen,question_multimodal.png,im_combination.png,,,,,,
,,,348676,1,21,2023-10-02_21h26.35.284,flesh_expressibility_dutch,2022.2.4,Win32,60.15399423,,,,18.0,1.0,Nederlands,,,,,,Engels,2.0,Duits,1.0,,0.0,,0.0,,0.0,,0.0,,0.0,,0.0,NL,2.0,2.0,2.0,1.0,,sensorypref1,sensorypref2,1536.0,864.0,,,,,,,,,,,,,,,,,,,,,,,,,,,,,3.0,"[195.76330000001195,362.4745,701.690699999988]","[195.76330000001195,362.4745,701.6908000000119]",3.0,"[197.1445,364.5216000000238,703.9715]","[197.1445,364.5216000000238,703.9715]",22.0,705.3423,40.0,"[0.7493999999761627,0.7161000000238289,0.7828999999761663,0.6161000000238346,0.8658000000119159,0.6661999999880663,0.8158000000119614,0.6324999999999932,0.5493999999761741,0.5491999999881045,0.6329999999999814,3.8296999999881223,1.514900000035766,0.932300000011935,0.6323999999762009,0.9656999999880327,0.5496000000238723,0.6493000000119196,0.6824000000357273,0.5995000000000346,0.7824999999999704,0.8326999999881082,2.7643000000119287,1.498599999964199,2.447599999964268,0.8326000000238878,5.061899999976163,0.9158000000119273,0.5991999999881159,1.1490999999642213,9.007700000047748,0.9325000000000045,2.2480000000000473,11.006299999952375,2.1316999999880863,2.7641999999880227,4.745499999999993,1.3816999999880863,0.68260000002374,0.74919999998815]","[0.7493999999761627,0.7161000000238289,0.7830000000000155,0.6162000000476837,0.8658000000119159,0.6662999999523436,0.8158000000119614,0.6324999999999932,0.5493999999761741,0.5491999999881045,0.6329999999999814,3.8296999999881223,1.514900000035766,0.932300000011935,0.6324999999999932,0.9656999999880327,0.5496000000238723,0.6493000000119196,0.6825000000000045,0.5995000000000346,0.7826000000238196,0.8326999999881082,2.7643000000119287,1.4986999999880481,2.4476999999881173,0.8326999999881082,5.062000000000012,0.9158000000119273,0.5991999999881159,1.1491999999880704,9.007800000012026,0.9325999999642818,2.2480000000000473,11.006299999952375,2.1316999999880863,2.7641999999880227,4.745499999999993,1.3816999999880863,0.68260000002374,0.7493000000119991]",,,0.0,0.0,0.0,131.0,1.0,zand,gzand,question_gesture.png,im_hand.png,,,,,,
,,,348676,1,21,2023-10-02_21h26.35.284,flesh_expressibility_dutch,2022.2.4,Win32,60.15399423,,,,18.0,1.0,Nederlands,,,,,,Engels,2.0,Duits,1.0,,0.0,,0.0,,0.0,,0.0,,0.0,,0.0,NL,2.0,2.0,2.0,1.0,,sensorypref1,sensorypref2,1536.0,864.0,,,,,,,,,,,,,,,,,,,,,,,,,,,,,,,,,,,22.0,706.3344,40.0,"[0.7493999999761627,0.7161000000238289,0.7828999999761663,0.6161000000238346,0.8658000000119159,0.6661999999880663,0.8158000000119614,0.6324999999999932,0.5493999999761741,0.5491999999881045,0.6329999999999814,3.8296999999881223,1.514900000035766,0.932300000011935,0.6323999999762009,0.9656999999880327,0.5496000000238723,0.6493000000119196,0.6824000000357273,0.5995000000000346,0.7824999999999704,0.8326999999881082,2.7643000000119287,1.498599999964199,2.447599999964268,0.8326000000238878,5.061899999976163,0.9158000000119273,0.5991999999881159,1.1490999999642213,9.007700000047748,0.9325000000000045,2.2480000000000473,11.006299999952375,2.1316999999880863,2.7641999999880227,4.745499999999993,1.3816999999880863,0.68260000002374,0.74919999998815]","[0.7493999999761627,0.7161000000238289,0.7830000000000155,0.6162000000476837,0.8658000000119159,0.6662999999523436,0.8158000000119614,0.6324999999999932,0.5493999999761741,0.5491999999881045,0.6329999999999814,3.8296999999881223,1.514900000035766,0.932300000011935,0.6324999999999932,0.9656999999880327,0.5496000000238723,0.6493000000119196,0.6825000000000045,0.5995000000000346,0.7826000000238196,0.8326999999881082,2.7643000000119287,1.4986999999880481,2.4476999999881173,0.8326999999881082,5.062000000000012,0.9158000000119273,0.5991999999881159,1.1491999999880704,9.007800000012026,0.9325999999642818,2.2480000000000473,11.006299999952375,2.1316999999880863,2.7641999999880227,4.745499999999993,1.3816999999880863,0.68260000002374,0.7493000000119991]",,,0.0,1.0,1.0,174.0,1.0,staart,gstaart,question_gesture.png,im_hand.png,,,,,,
,,,348676,1,21,2023-10-02_21h26.35.284,flesh_expressibility_dutch,2022.2.4,Win32,60.15399423,,,,18.0,1.0,Nederlands,,,,,,Engels,2.0,Duits,1.0,,0.0,,0.0,,0.0,,0.0,,0.0,,0.0,NL,2.0,2.0,2.0,1.0,,sensorypref1,sensorypref2,1536.0,864.0,,,,,,,,,,,,,,,,,,,,,,,,,,,,,,,,,,,22.0,707.3643,40.0,"[0.7493999999761627,0.7161000000238289,0.7828999999761663,0.6161000000238346,0.8658000000119159,0.6661999999880663,0.8158000000119614,0.6324999999999932,0.5493999999761741,0.5491999999881045,0.6329999999999814,3.8296999999881223,1.514900000035766,0.932300000011935,0.6323999999762009,0.9656999999880327,0.5496000000238723,0.6493000000119196,0.6824000000357273,0.5995000000000346,0.7824999999999704,0.8326999999881082,2.7643000000119287,1.498599999964199,2.447599999964268,0.8326000000238878,5.061899999976163,0.9158000000119273,0.5991999999881159,1.1490999999642213,9.007700000047748,0.9325000000000045,2.2480000000000473,11.006299999952375,2.1316999999880863,2.7641999999880227,4.745499999999993,1.3816999999880863,0.68260000002374,0.74919999998815]","[0.7493999999761627,0.7161000000238289,0.7830000000000155,0.6162000000476837,0.8658000000119159,0.6662999999523436,0.8158000000119614,0.6324999999999932,0.5493999999761741,0.5491999999881045,0.6329999999999814,3.8296999999881223,1.514900000035766,0.932300000011935,0.6324999999999932,0.9656999999880327,0.5496000000238723,0.6493000000119196,0.6825000000000045,0.5995000000000346,0.7826000000238196,0.8326999999881082,2.7643000000119287,1.4986999999880481,2.4476999999881173,0.8326999999881082,5.062000000000012,0.9158000000119273,0.5991999999881159,1.1491999999880704,9.007800000012026,0.9325999999642818,2.2480000000000473,11.006299999952375,2.1316999999880863,2.7641999999880227,4.745499999999993,1.3816999999880863,0.68260000002374,0.7493000000119991]",,,0.0,2.0,2.0,160.0,1.0,wie,gwie,question_gesture.png,im_hand.png,,,,,,
,,,348676,1,21,2023-10-02_21h26.35.284,flesh_expressibility_dutch,2022.2.4,Win32,60.15399423,,,,18.0,1.0,Nederlands,,,,,,Engels,2.0,Duits,1.0,,0.0,,0.0,,0.0,,0.0,,0.0,,0.0,NL,2.0,2.0,2.0,1.0,,sensorypref1,sensorypref2,1536.0,864.0,,,,,,,,,,,,,,,,,,,,,,,,,,,,,,,,,,,22.0,708.3622,40.0,"[0.7493999999761627,0.7161000000238289,0.7828999999761663,0.6161000000238346,0.8658000000119159,0.6661999999880663,0.8158000000119614,0.6324999999999932,0.5493999999761741,0.5491999999881045,0.6329999999999814,3.8296999999881223,1.514900000035766,0.932300000011935,0.6323999999762009,0.9656999999880327,0.5496000000238723,0.6493000000119196,0.6824000000357273,0.5995000000000346,0.7824999999999704,0.8326999999881082,2.7643000000119287,1.498599999964199,2.447599999964268,0.8326000000238878,5.061899999976163,0.9158000000119273,0.5991999999881159,1.1490999999642213,9.007700000047748,0.9325000000000045,2.2480000000000473,11.006299999952375,2.1316999999880863,2.7641999999880227,4.745499999999993,1.3816999999880863,0.68260000002374,0.74919999998815]","[0.7493999999761627,0.7161000000238289,0.7830000000000155,0.6162000000476837,0.8658000000119159,0.6662999999523436,0.8158000000119614,0.6324999999999932,0.5493999999761741,0.5491999999881045,0.6329999999999814,3.8296999999881223,1.514900000035766,0.932300000011935,0.6324999999999932,0.9656999999880327,0.5496000000238723,0.6493000000119196,0.6825000000000045,0.5995000000000346,0.7826000000238196,0.8326999999881082,2.7643000000119287,1.4986999999880481,2.4476999999881173,0.8326999999881082,5.062000000000012,0.9158000000119273,0.5991999999881159,1.1491999999880704,9.007800000012026,0.9325999999642818,2.2480000000000473,11.006299999952375,2.1316999999880863,2.7641999999880227,4.745499999999993,1.3816999999880863,0.68260000002374,0.7493000000119991]",,,0.0,3.0,3.0,150.0,1.0,huilen,ghuilen,question_gesture.png,im_hand.png,,,,,,
,,,348676,1,21,2023-10-02_21h26.35.284,flesh_expressibility_dutch,2022.2.4,Win32,60.15399423,,,,18.0,1.0,Nederlands,,,,,,Engels,2.0,Duits,1.0,,0.0,,0.0,,0.0,,0.0,,0.0,,0.0,NL,2.0,2.0,2.0,1.0,,sensorypref1,sensorypref2,1536.0,864.0,,,,,,,,,,,,,,,,,,,,,,,,,,,,,,,,,,,22.0,709.3534,40.0,"[0.7493999999761627,0.7161000000238289,0.7828999999761663,0.6161000000238346,0.8658000000119159,0.6661999999880663,0.8158000000119614,0.6324999999999932,0.5493999999761741,0.5491999999881045,0.6329999999999814,3.8296999999881223,1.514900000035766,0.932300000011935,0.6323999999762009,0.9656999999880327,0.5496000000238723,0.6493000000119196,0.6824000000357273,0.5995000000000346,0.7824999999999704,0.8326999999881082,2.7643000000119287,1.498599999964199,2.447599999964268,0.8326000000238878,5.061899999976163,0.9158000000119273,0.5991999999881159,1.1490999999642213,9.007700000047748,0.9325000000000045,2.2480000000000473,11.006299999952375,2.1316999999880863,2.7641999999880227,4.745499999999993,1.3816999999880863,0.68260000002374,0.74919999998815]","[0.7493999999761627,0.7161000000238289,0.7830000000000155,0.6162000000476837,0.8658000000119159,0.6662999999523436,0.8158000000119614,0.6324999999999932,0.5493999999761741,0.5491999999881045,0.6329999999999814,3.8296999999881223,1.514900000035766,0.932300000011935,0.6324999999999932,0.9656999999880327,0.5496000000238723,0.6493000000119196,0.6825000000000045,0.5995000000000346,0.7826000000238196,0.8326999999881082,2.7643000000119287,1.4986999999880481,2.4476999999881173,0.8326999999881082,5.062000000000012,0.9158000000119273,0.5991999999881159,1.1491999999880704,9.007800000012026,0.9325999999642818,2.2480000000000473,11.006299999952375,2.1316999999880863,2.7641999999880227,4.745499999999993,1.3816999999880863,0.68260000002374,0.7493000000119991]",,,0.0,4.0,4.0,159.0,1.0,wat,gwat,question_gesture.png,im_hand.png,,,,,,
,,,348676,1,21,2023-10-02_21h26.35.284,flesh_expressibility_dutch,2022.2.4,Win32,60.15399423,,,,18.0,1.0,Nederlands,,,,,,Engels,2.0,Duits,1.0,,0.0,,0.0,,0.0,,0.0,,0.0,,0.0,NL,2.0,2.0,2.0,1.0,,sensorypref1,sensorypref2,1536.0,864.0,,,,,,,,,,,,,,,,,,,,,,,,,,,,,,,,,,,22.0,710.3531,40.0,"[0.7493999999761627,0.7161000000238289,0.7828999999761663,0.6161000000238346,0.8658000000119159,0.6661999999880663,0.8158000000119614,0.6324999999999932,0.5493999999761741,0.5491999999881045,0.6329999999999814,3.8296999999881223,1.514900000035766,0.932300000011935,0.6323999999762009,0.9656999999880327,0.5496000000238723,0.6493000000119196,0.6824000000357273,0.5995000000000346,0.7824999999999704,0.8326999999881082,2.7643000000119287,1.498599999964199,2.447599999964268,0.8326000000238878,5.061899999976163,0.9158000000119273,0.5991999999881159,1.1490999999642213,9.007700000047748,0.9325000000000045,2.2480000000000473,11.006299999952375,2.1316999999880863,2.7641999999880227,4.745499999999993,1.3816999999880863,0.68260000002374,0.74919999998815]","[0.7493999999761627,0.7161000000238289,0.7830000000000155,0.6162000000476837,0.8658000000119159,0.6662999999523436,0.8158000000119614,0.6324999999999932,0.5493999999761741,0.5491999999881045,0.6329999999999814,3.8296999999881223,1.514900000035766,0.932300000011935,0.6324999999999932,0.9656999999880327,0.5496000000238723,0.6493000000119196,0.6825000000000045,0.5995000000000346,0.7826000000238196,0.8326999999881082,2.7643000000119287,1.4986999999880481,2.4476999999881173,0.8326999999881082,5.062000000000012,0.9158000000119273,0.5991999999881159,1.1491999999880704,9.007800000012026,0.9325999999642818,2.2480000000000473,11.006299999952375,2.1316999999880863,2.7641999999880227,4.745499999999993,1.3816999999880863,0.68260000002374,0.7493000000119991]",,,0.0,5.0,5.0,169.0,1.0,zien,gzien,question_gesture.png,im_hand.png,,,,,,
,,,348676,1,21,2023-10-02_21h26.35.284,flesh_expressibility_dutch,2022.2.4,Win32,60.15399423,,,,18.0,1.0,Nederlands,,,,,,Engels,2.0,Duits,1.0,,0.0,,0.0,,0.0,,0.0,,0.0,,0.0,NL,2.0,2.0,2.0,1.0,,sensorypref1,sensorypref2,1536.0,864.0,,,,,,,,,,,,,,,,,,,,,,,,,,,,,,,,,,,22.0,713.1721,40.0,"[0.7493999999761627,0.7161000000238289,0.7828999999761663,0.6161000000238346,0.8658000000119159,0.6661999999880663,0.8158000000119614,0.6324999999999932,0.5493999999761741,0.5491999999881045,0.6329999999999814,3.8296999999881223,1.514900000035766,0.932300000011935,0.6323999999762009,0.9656999999880327,0.5496000000238723,0.6493000000119196,0.6824000000357273,0.5995000000000346,0.7824999999999704,0.8326999999881082,2.7643000000119287,1.498599999964199,2.447599999964268,0.8326000000238878,5.061899999976163,0.9158000000119273,0.5991999999881159,1.1490999999642213,9.007700000047748,0.9325000000000045,2.2480000000000473,11.006299999952375,2.1316999999880863,2.7641999999880227,4.745499999999993,1.3816999999880863,0.68260000002374,0.74919999998815]","[0.7493999999761627,0.7161000000238289,0.7830000000000155,0.6162000000476837,0.8658000000119159,0.6662999999523436,0.8158000000119614,0.6324999999999932,0.5493999999761741,0.5491999999881045,0.6329999999999814,3.8296999999881223,1.514900000035766,0.932300000011935,0.6324999999999932,0.9656999999880327,0.5496000000238723,0.6493000000119196,0.6825000000000045,0.5995000000000346,0.7826000000238196,0.8326999999881082,2.7643000000119287,1.4986999999880481,2.4476999999881173,0.8326999999881082,5.062000000000012,0.9158000000119273,0.5991999999881159,1.1491999999880704,9.007800000012026,0.9325999999642818,2.2480000000000473,11.006299999952375,2.1316999999880863,2.7641999999880227,4.745499999999993,1.3816999999880863,0.68260000002374,0.7493000000119991]",,,0.0,6.0,6.0,76.0,1.0,blauw,gblauw,question_gesture.png,im_hand.png,,,,,,
,,,348676,1,21,2023-10-02_21h26.35.284,flesh_expressibility_dutch,2022.2.4,Win32,60.15399423,,,,18.0,1.0,Nederlands,,,,,,Engels,2.0,Duits,1.0,,0.0,,0.0,,0.0,,0.0,,0.0,,0.0,NL,2.0,2.0,2.0,1.0,,sensorypref1,sensorypref2,1536.0,864.0,,,,,,,,,,,,,,,,,,,,,,,,,,,,,,,,,,,22.0,713.9975,40.0,"[0.7493999999761627,0.7161000000238289,0.7828999999761663,0.6161000000238346,0.8658000000119159,0.6661999999880663,0.8158000000119614,0.6324999999999932,0.5493999999761741,0.5491999999881045,0.6329999999999814,3.8296999999881223,1.514900000035766,0.932300000011935,0.6323999999762009,0.9656999999880327,0.5496000000238723,0.6493000000119196,0.6824000000357273,0.5995000000000346,0.7824999999999704,0.8326999999881082,2.7643000000119287,1.498599999964199,2.447599999964268,0.8326000000238878,5.061899999976163,0.9158000000119273,0.5991999999881159,1.1490999999642213,9.007700000047748,0.9325000000000045,2.2480000000000473,11.006299999952375,2.1316999999880863,2.7641999999880227,4.745499999999993,1.3816999999880863,0.68260000002374,0.74919999998815]","[0.7493999999761627,0.7161000000238289,0.7830000000000155,0.6162000000476837,0.8658000000119159,0.6662999999523436,0.8158000000119614,0.6324999999999932,0.5493999999761741,0.5491999999881045,0.6329999999999814,3.8296999999881223,1.514900000035766,0.932300000011935,0.6324999999999932,0.9656999999880327,0.5496000000238723,0.6493000000119196,0.6825000000000045,0.5995000000000346,0.7826000000238196,0.8326999999881082,2.7643000000119287,1.4986999999880481,2.4476999999881173,0.8326999999881082,5.062000000000012,0.9158000000119273,0.5991999999881159,1.1491999999880704,9.007800000012026,0.9325999999642818,2.2480000000000473,11.006299999952375,2.1316999999880863,2.7641999999880227,4.745499999999993,1.3816999999880863,0.68260000002374,0.7493000000119991]",,,0.0,7.0,7.0,93.0,1.0,kleding,gkleding,question_gesture.png,im_hand.png,,,,,,
,,,348676,1,21,2023-10-02_21h26.35.284,flesh_expressibility_dutch,2022.2.4,Win32,60.15399423,,,,18.0,1.0,Nederlands,,,,,,Engels,2.0,Duits,1.0,,0.0,,0.0,,0.0,,0.0,,0.0,,0.0,NL,2.0,2.0,2.0,1.0,,sensorypref1,sensorypref2,1536.0,864.0,,,,,,,,,,,,,,,,,,,,,,,,,,,,,,,,,,,22.0,714.9888,40.0,"[0.7493999999761627,0.7161000000238289,0.7828999999761663,0.6161000000238346,0.8658000000119159,0.6661999999880663,0.8158000000119614,0.6324999999999932,0.5493999999761741,0.5491999999881045,0.6329999999999814,3.8296999999881223,1.514900000035766,0.932300000011935,0.6323999999762009,0.9656999999880327,0.5496000000238723,0.6493000000119196,0.6824000000357273,0.5995000000000346,0.7824999999999704,0.8326999999881082,2.7643000000119287,1.498599999964199,2.447599999964268,0.8326000000238878,5.061899999976163,0.9158000000119273,0.5991999999881159,1.1490999999642213,9.007700000047748,0.9325000000000045,2.2480000000000473,11.006299999952375,2.1316999999880863,2.7641999999880227,4.745499999999993,1.3816999999880863,0.68260000002374,0.74919999998815]","[0.7493999999761627,0.7161000000238289,0.7830000000000155,0.6162000000476837,0.8658000000119159,0.6662999999523436,0.8158000000119614,0.6324999999999932,0.5493999999761741,0.5491999999881045,0.6329999999999814,3.8296999999881223,1.514900000035766,0.932300000011935,0.6324999999999932,0.9656999999880327,0.5496000000238723,0.6493000000119196,0.6825000000000045,0.5995000000000346,0.7826000000238196,0.8326999999881082,2.7643000000119287,1.4986999999880481,2.4476999999881173,0.8326999999881082,5.062000000000012,0.9158000000119273,0.5991999999881159,1.1491999999880704,9.007800000012026,0.9325999999642818,2.2480000000000473,11.006299999952375,2.1316999999880863,2.7641999999880227,4.745499999999993,1.3816999999880863,0.68260000002374,0.7493000000119991]",,,0.0,8.0,8.0,56.0,1.0,grommen,ggrommen,question_gesture.png,im_hand.png,,,,,,
,,,348676,1,21,2023-10-02_21h26.35.284,flesh_expressibility_dutch,2022.2.4,Win32,60.15399423,,,,18.0,1.0,Nederlands,,,,,,Engels,2.0,Duits,1.0,,0.0,,0.0,,0.0,,0.0,,0.0,,0.0,NL,2.0,2.0,2.0,1.0,,sensorypref1,sensorypref2,1536.0,864.0,,,,,,,,,,,,,,,,,,,,,,,,,,,,,,,,,,,22.0,716.0228,40.0,"[0.7493999999761627,0.7161000000238289,0.7828999999761663,0.6161000000238346,0.8658000000119159,0.6661999999880663,0.8158000000119614,0.6324999999999932,0.5493999999761741,0.5491999999881045,0.6329999999999814,3.8296999999881223,1.514900000035766,0.932300000011935,0.6323999999762009,0.9656999999880327,0.5496000000238723,0.6493000000119196,0.6824000000357273,0.5995000000000346,0.7824999999999704,0.8326999999881082,2.7643000000119287,1.498599999964199,2.447599999964268,0.8326000000238878,5.061899999976163,0.9158000000119273,0.5991999999881159,1.1490999999642213,9.007700000047748,0.9325000000000045,2.2480000000000473,11.006299999952375,2.1316999999880863,2.7641999999880227,4.745499999999993,1.3816999999880863,0.68260000002374,0.74919999998815]","[0.7493999999761627,0.7161000000238289,0.7830000000000155,0.6162000000476837,0.8658000000119159,0.6662999999523436,0.8158000000119614,0.6324999999999932,0.5493999999761741,0.5491999999881045,0.6329999999999814,3.8296999999881223,1.514900000035766,0.932300000011935,0.6324999999999932,0.9656999999880327,0.5496000000238723,0.6493000000119196,0.6825000000000045,0.5995000000000346,0.7826000000238196,0.8326999999881082,2.7643000000119287,1.4986999999880481,2.4476999999881173,0.8326999999881082,5.062000000000012,0.9158000000119273,0.5991999999881159,1.1491999999880704,9.007800000012026,0.9325999999642818,2.2480000000000473,11.006299999952375,2.1316999999880863,2.7641999999880227,4.745499999999993,1.3816999999880863,0.68260000002374,0.7493000000119991]",,,0.0,9.0,9.0,144.0,1.0,geven,ggeven,question_gesture.png,im_hand.png,,,,,,
,,,348676,1,21,2023-10-02_21h26.35.284,flesh_expressibility_dutch,2022.2.4,Win32,60.15399423,,,,18.0,1.0,Nederlands,,,,,,Engels,2.0,Duits,1.0,,0.0,,0.0,,0.0,,0.0,,0.0,,0.0,NL,2.0,2.0,2.0,1.0,,sensorypref1,sensorypref2,1536.0,864.0,,,,,,,,,,,,,,,,,,,,,,,,,,,,,,,,,,,22.0,716.9972,40.0,"[0.7493999999761627,0.7161000000238289,0.7828999999761663,0.6161000000238346,0.8658000000119159,0.6661999999880663,0.8158000000119614,0.6324999999999932,0.5493999999761741,0.5491999999881045,0.6329999999999814,3.8296999999881223,1.514900000035766,0.932300000011935,0.6323999999762009,0.9656999999880327,0.5496000000238723,0.6493000000119196,0.6824000000357273,0.5995000000000346,0.7824999999999704,0.8326999999881082,2.7643000000119287,1.498599999964199,2.447599999964268,0.8326000000238878,5.061899999976163,0.9158000000119273,0.5991999999881159,1.1490999999642213,9.007700000047748,0.9325000000000045,2.2480000000000473,11.006299999952375,2.1316999999880863,2.7641999999880227,4.745499999999993,1.3816999999880863,0.68260000002374,0.74919999998815]","[0.7493999999761627,0.7161000000238289,0.7830000000000155,0.6162000000476837,0.8658000000119159,0.6662999999523436,0.8158000000119614,0.6324999999999932,0.5493999999761741,0.5491999999881045,0.6329999999999814,3.8296999999881223,1.514900000035766,0.932300000011935,0.6324999999999932,0.9656999999880327,0.5496000000238723,0.6493000000119196,0.6825000000000045,0.5995000000000346,0.7826000000238196,0.8326999999881082,2.7643000000119287,1.4986999999880481,2.4476999999881173,0.8326999999881082,5.062000000000012,0.9158000000119273,0.5991999999881159,1.1491999999880704,9.007800000012026,0.9325999999642818,2.2480000000000473,11.006299999952375,2.1316999999880863,2.7641999999880227,4.745499999999993,1.3816999999880863,0.68260000002374,0.7493000000119991]",,,0.0,10.0,10.0,197.0,1.0,rots,grots,question_gesture.png,im_hand.png,,,,,,
,,,348676,1,21,2023-10-02_21h26.35.284,flesh_expressibility_dutch,2022.2.4,Win32,60.15399423,,,,18.0,1.0,Nederlands,,,,,,Engels,2.0,Duits,1.0,,0.0,,0.0,,0.0,,0.0,,0.0,,0.0,NL,2.0,2.0,2.0,1.0,,sensorypref1,sensorypref2,1536.0,864.0,,,,,,,,,,,,,,,,,,,,,,,,,,,,,,,,,,,22.0,717.9968,40.0,"[0.7493999999761627,0.7161000000238289,0.7828999999761663,0.6161000000238346,0.8658000000119159,0.6661999999880663,0.8158000000119614,0.6324999999999932,0.5493999999761741,0.5491999999881045,0.6329999999999814,3.8296999999881223,1.514900000035766,0.932300000011935,0.6323999999762009,0.9656999999880327,0.5496000000238723,0.6493000000119196,0.6824000000357273,0.5995000000000346,0.7824999999999704,0.8326999999881082,2.7643000000119287,1.498599999964199,2.447599999964268,0.8326000000238878,5.061899999976163,0.9158000000119273,0.5991999999881159,1.1490999999642213,9.007700000047748,0.9325000000000045,2.2480000000000473,11.006299999952375,2.1316999999880863,2.7641999999880227,4.745499999999993,1.3816999999880863,0.68260000002374,0.74919999998815]","[0.7493999999761627,0.7161000000238289,0.7830000000000155,0.6162000000476837,0.8658000000119159,0.6662999999523436,0.8158000000119614,0.6324999999999932,0.5493999999761741,0.5491999999881045,0.6329999999999814,3.8296999999881223,1.514900000035766,0.932300000011935,0.6324999999999932,0.9656999999880327,0.5496000000238723,0.6493000000119196,0.6825000000000045,0.5995000000000346,0.7826000000238196,0.8326999999881082,2.7643000000119287,1.4986999999880481,2.4476999999881173,0.8326999999881082,5.062000000000012,0.9158000000119273,0.5991999999881159,1.1491999999880704,9.007800000012026,0.9325999999642818,2.2480000000000473,11.006299999952375,2.1316999999880863,2.7641999999880227,4.745499999999993,1.3816999999880863,0.68260000002374,0.7493000000119991]",,,0.0,11.0,11.0,202.0,1.0,vlinder,gvlinder,question_gesture.png,im_hand.png,,,,,,
,,,348676,1,21,2023-10-02_21h26.35.284,flesh_expressibility_dutch,2022.2.4,Win32,60.15399423,,,,18.0,1.0,Nederlands,,,,,,Engels,2.0,Duits,1.0,,0.0,,0.0,,0.0,,0.0,,0.0,,0.0,NL,2.0,2.0,2.0,1.0,,sensorypref1,sensorypref2,1536.0,864.0,,,,,,,,,,,,,,,,,,,,,,,,,,,,,,,,,,,22.0,718.9939,40.0,"[0.7493999999761627,0.7161000000238289,0.7828999999761663,0.6161000000238346,0.8658000000119159,0.6661999999880663,0.8158000000119614,0.6324999999999932,0.5493999999761741,0.5491999999881045,0.6329999999999814,3.8296999999881223,1.514900000035766,0.932300000011935,0.6323999999762009,0.9656999999880327,0.5496000000238723,0.6493000000119196,0.6824000000357273,0.5995000000000346,0.7824999999999704,0.8326999999881082,2.7643000000119287,1.498599999964199,2.447599999964268,0.8326000000238878,5.061899999976163,0.9158000000119273,0.5991999999881159,1.1490999999642213,9.007700000047748,0.9325000000000045,2.2480000000000473,11.006299999952375,2.1316999999880863,2.7641999999880227,4.745499999999993,1.3816999999880863,0.68260000002374,0.74919999998815]","[0.7493999999761627,0.7161000000238289,0.7830000000000155,0.6162000000476837,0.8658000000119159,0.6662999999523436,0.8158000000119614,0.6324999999999932,0.5493999999761741,0.5491999999881045,0.6329999999999814,3.8296999999881223,1.514900000035766,0.932300000011935,0.6324999999999932,0.9656999999880327,0.5496000000238723,0.6493000000119196,0.6825000000000045,0.5995000000000346,0.7826000000238196,0.8326999999881082,2.7643000000119287,1.4986999999880481,2.4476999999881173,0.8326999999881082,5.062000000000012,0.9158000000119273,0.5991999999881159,1.1491999999880704,9.007800000012026,0.9325999999642818,2.2480000000000473,11.006299999952375,2.1316999999880863,2.7641999999880227,4.745499999999993,1.3816999999880863,0.68260000002374,0.7493000000119991]",,,0.0,12.0,12.0,110.0,1.0,tand,gtand,question_gesture.png,im_hand.png,,,,,,
,,,348676,1,21,2023-10-02_21h26.35.284,flesh_expressibility_dutch,2022.2.4,Win32,60.15399423,,,,18.0,1.0,Nederlands,,,,,,Engels,2.0,Duits,1.0,,0.0,,0.0,,0.0,,0.0,,0.0,,0.0,NL,2.0,2.0,2.0,1.0,,sensorypref1,sensorypref2,1536.0,864.0,,,,,,,,,,,,,,,,,,,,,,,,,,,,,,,,,,,22.0,719.9739,40.0,"[0.7493999999761627,0.7161000000238289,0.7828999999761663,0.6161000000238346,0.8658000000119159,0.6661999999880663,0.8158000000119614,0.6324999999999932,0.5493999999761741,0.5491999999881045,0.6329999999999814,3.8296999999881223,1.514900000035766,0.932300000011935,0.6323999999762009,0.9656999999880327,0.5496000000238723,0.6493000000119196,0.6824000000357273,0.5995000000000346,0.7824999999999704,0.8326999999881082,2.7643000000119287,1.498599999964199,2.447599999964268,0.8326000000238878,5.061899999976163,0.9158000000119273,0.5991999999881159,1.1490999999642213,9.007700000047748,0.9325000000000045,2.2480000000000473,11.006299999952375,2.1316999999880863,2.7641999999880227,4.745499999999993,1.3816999999880863,0.68260000002374,0.74919999998815]","[0.7493999999761627,0.7161000000238289,0.7830000000000155,0.6162000000476837,0.8658000000119159,0.6662999999523436,0.8158000000119614,0.6324999999999932,0.5493999999761741,0.5491999999881045,0.6329999999999814,3.8296999999881223,1.514900000035766,0.932300000011935,0.6324999999999932,0.9656999999880327,0.5496000000238723,0.6493000000119196,0.6825000000000045,0.5995000000000346,0.7826000000238196,0.8326999999881082,2.7643000000119287,1.4986999999880481,2.4476999999881173,0.8326999999881082,5.062000000000012,0.9158000000119273,0.5991999999881159,1.1491999999880704,9.007800000012026,0.9325999999642818,2.2480000000000473,11.006299999952375,2.1316999999880863,2.7641999999880227,4.745499999999993,1.3816999999880863,0.68260000002374,0.7493000000119991]",,,0.0,13.0,13.0,66.0,1.0,"bot (kenmerk, niet lichaam)","gbot (kenmerk, niet lichaam)",question_gesture.png,im_hand.png,,,,,,
,,,348676,1,21,2023-10-02_21h26.35.284,flesh_expressibility_dutch,2022.2.4,Win32,60.15399423,,,,18.0,1.0,Nederlands,,,,,,Engels,2.0,Duits,1.0,,0.0,,0.0,,0.0,,0.0,,0.0,,0.0,NL,2.0,2.0,2.0,1.0,,sensorypref1,sensorypref2,1536.0,864.0,,,,,,,,,,,,,,,,,,,,,,,,,,,,,,,,,,,22.0,720.9925,40.0,"[0.7493999999761627,0.7161000000238289,0.7828999999761663,0.6161000000238346,0.8658000000119159,0.6661999999880663,0.8158000000119614,0.6324999999999932,0.5493999999761741,0.5491999999881045,0.6329999999999814,3.8296999999881223,1.514900000035766,0.932300000011935,0.6323999999762009,0.9656999999880327,0.5496000000238723,0.6493000000119196,0.6824000000357273,0.5995000000000346,0.7824999999999704,0.8326999999881082,2.7643000000119287,1.498599999964199,2.447599999964268,0.8326000000238878,5.061899999976163,0.9158000000119273,0.5991999999881159,1.1490999999642213,9.007700000047748,0.9325000000000045,2.2480000000000473,11.006299999952375,2.1316999999880863,2.7641999999880227,4.745499999999993,1.3816999999880863,0.68260000002374,0.74919999998815]","[0.7493999999761627,0.7161000000238289,0.7830000000000155,0.6162000000476837,0.8658000000119159,0.6662999999523436,0.8158000000119614,0.6324999999999932,0.5493999999761741,0.5491999999881045,0.6329999999999814,3.8296999999881223,1.514900000035766,0.932300000011935,0.6324999999999932,0.9656999999880327,0.5496000000238723,0.6493000000119196,0.6825000000000045,0.5995000000000346,0.7826000000238196,0.8326999999881082,2.7643000000119287,1.4986999999880481,2.4476999999881173,0.8326999999881082,5.062000000000012,0.9158000000119273,0.5991999999881159,1.1491999999880704,9.007800000012026,0.9325999999642818,2.2480000000000473,11.006299999952375,2.1316999999880863,2.7641999999880227,4.745499999999993,1.3816999999880863,0.68260000002374,0.7493000000119991]",,,0.0,14.0,14.0,104.0,1.0,luis,gluis,question_gesture.png,im_hand.png,,,,,,
,,,348676,1,21,2023-10-02_21h26.35.284,flesh_expressibility_dutch,2022.2.4,Win32,60.15399423,,,,18.0,1.0,Nederlands,,,,,,Engels,2.0,Duits,1.0,,0.0,,0.0,,0.0,,0.0,,0.0,,0.0,NL,2.0,2.0,2.0,1.0,,sensorypref1,sensorypref2,1536.0,864.0,,,,,,,,,,,,,,,,,,,,,,,,,,,,,,,,,,,22.0,721.9787,40.0,"[0.7493999999761627,0.7161000000238289,0.7828999999761663,0.6161000000238346,0.8658000000119159,0.6661999999880663,0.8158000000119614,0.6324999999999932,0.5493999999761741,0.5491999999881045,0.6329999999999814,3.8296999999881223,1.514900000035766,0.932300000011935,0.6323999999762009,0.9656999999880327,0.5496000000238723,0.6493000000119196,0.6824000000357273,0.5995000000000346,0.7824999999999704,0.8326999999881082,2.7643000000119287,1.498599999964199,2.447599999964268,0.8326000000238878,5.061899999976163,0.9158000000119273,0.5991999999881159,1.1490999999642213,9.007700000047748,0.9325000000000045,2.2480000000000473,11.006299999952375,2.1316999999880863,2.7641999999880227,4.745499999999993,1.3816999999880863,0.68260000002374,0.74919999998815]","[0.7493999999761627,0.7161000000238289,0.7830000000000155,0.6162000000476837,0.8658000000119159,0.6662999999523436,0.8158000000119614,0.6324999999999932,0.5493999999761741,0.5491999999881045,0.6329999999999814,3.8296999999881223,1.514900000035766,0.932300000011935,0.6324999999999932,0.9656999999880327,0.5496000000238723,0.6493000000119196,0.6825000000000045,0.5995000000000346,0.7826000000238196,0.8326999999881082,2.7643000000119287,1.4986999999880481,2.4476999999881173,0.8326999999881082,5.062000000000012,0.9158000000119273,0.5991999999881159,1.1491999999880704,9.007800000012026,0.9325999999642818,2.2480000000000473,11.006299999952375,2.1316999999880863,2.7641999999880227,4.745499999999993,1.3816999999880863,0.68260000002374,0.7493000000119991]",,,0.0,15.0,15.0,45.0,1.0,onweer,gonweer,question_gesture.png,im_hand.png,,,,,,
,,,348676,1,21,2023-10-02_21h26.35.284,flesh_expressibility_dutch,2022.2.4,Win32,60.15399423,,,,18.0,1.0,Nederlands,,,,,,Engels,2.0,Duits,1.0,,0.0,,0.0,,0.0,,0.0,,0.0,,0.0,NL,2.0,2.0,2.0,1.0,,sensorypref1,sensorypref2,1536.0,864.0,,,,,,,,,,,,,,,,,,,,,,,,,,,,,,,,,,,22.0,722.9891,40.0,"[0.7493999999761627,0.7161000000238289,0.7828999999761663,0.6161000000238346,0.8658000000119159,0.6661999999880663,0.8158000000119614,0.6324999999999932,0.5493999999761741,0.5491999999881045,0.6329999999999814,3.8296999999881223,1.514900000035766,0.932300000011935,0.6323999999762009,0.9656999999880327,0.5496000000238723,0.6493000000119196,0.6824000000357273,0.5995000000000346,0.7824999999999704,0.8326999999881082,2.7643000000119287,1.498599999964199,2.447599999964268,0.8326000000238878,5.061899999976163,0.9158000000119273,0.5991999999881159,1.1490999999642213,9.007700000047748,0.9325000000000045,2.2480000000000473,11.006299999952375,2.1316999999880863,2.7641999999880227,4.745499999999993,1.3816999999880863,0.68260000002374,0.74919999998815]","[0.7493999999761627,0.7161000000238289,0.7830000000000155,0.6162000000476837,0.8658000000119159,0.6662999999523436,0.8158000000119614,0.6324999999999932,0.5493999999761741,0.5491999999881045,0.6329999999999814,3.8296999999881223,1.514900000035766,0.932300000011935,0.6324999999999932,0.9656999999880327,0.5496000000238723,0.6493000000119196,0.6825000000000045,0.5995000000000346,0.7826000000238196,0.8326999999881082,2.7643000000119287,1.4986999999880481,2.4476999999881173,0.8326999999881082,5.062000000000012,0.9158000000119273,0.5991999999881159,1.1491999999880704,9.007800000012026,0.9325999999642818,2.2480000000000473,11.006299999952375,2.1316999999880863,2.7641999999880227,4.745499999999993,1.3816999999880863,0.68260000002374,0.7493000000119991]",,,0.0,16.0,16.0,67.0,1.0,ruw,gruw,question_gesture.png,im_hand.png,,,,,,
,,,348676,1,21,2023-10-02_21h26.35.284,flesh_expressibility_dutch,2022.2.4,Win32,60.15399423,,,,18.0,1.0,Nederlands,,,,,,Engels,2.0,Duits,1.0,,0.0,,0.0,,0.0,,0.0,,0.0,,0.0,NL,2.0,2.0,2.0,1.0,,sensorypref1,sensorypref2,1536.0,864.0,,,,,,,,,,,,,,,,,,,,,,,,,,,,,,,,,,,22.0,724.0063,40.0,"[0.7493999999761627,0.7161000000238289,0.7828999999761663,0.6161000000238346,0.8658000000119159,0.6661999999880663,0.8158000000119614,0.6324999999999932,0.5493999999761741,0.5491999999881045,0.6329999999999814,3.8296999999881223,1.514900000035766,0.932300000011935,0.6323999999762009,0.9656999999880327,0.5496000000238723,0.6493000000119196,0.6824000000357273,0.5995000000000346,0.7824999999999704,0.8326999999881082,2.7643000000119287,1.498599999964199,2.447599999964268,0.8326000000238878,5.061899999976163,0.9158000000119273,0.5991999999881159,1.1490999999642213,9.007700000047748,0.9325000000000045,2.2480000000000473,11.006299999952375,2.1316999999880863,2.7641999999880227,4.745499999999993,1.3816999999880863,0.68260000002374,0.74919999998815]","[0.7493999999761627,0.7161000000238289,0.7830000000000155,0.6162000000476837,0.8658000000119159,0.6662999999523436,0.8158000000119614,0.6324999999999932,0.5493999999761741,0.5491999999881045,0.6329999999999814,3.8296999999881223,1.514900000035766,0.932300000011935,0.6324999999999932,0.9656999999880327,0.5496000000238723,0.6493000000119196,0.6825000000000045,0.5995000000000346,0.7826000000238196,0.8326999999881082,2.7643000000119287,1.4986999999880481,2.4476999999881173,0.8326999999881082,5.062000000000012,0.9158000000119273,0.5991999999881159,1.1491999999880704,9.007800000012026,0.9325999999642818,2.2480000000000473,11.006299999952375,2.1316999999880863,2.7641999999880227,4.745499999999993,1.3816999999880863,0.68260000002374,0.7493000000119991]",,,0.0,17.0,17.0,156.0,1.0,blad,gblad,question_gesture.png,im_hand.png,,,,,,
,,,348676,1,21,2023-10-02_21h26.35.284,flesh_expressibility_dutch,2022.2.4,Win32,60.15399423,,,,18.0,1.0,Nederlands,,,,,,Engels,2.0,Duits,1.0,,0.0,,0.0,,0.0,,0.0,,0.0,,0.0,NL,2.0,2.0,2.0,1.0,,sensorypref1,sensorypref2,1536.0,864.0,,,,,,,,,,,,,,,,,,,,,,,,,,,,,,,,,,,22.0,724.9694,40.0,"[0.7493999999761627,0.7161000000238289,0.7828999999761663,0.6161000000238346,0.8658000000119159,0.6661999999880663,0.8158000000119614,0.6324999999999932,0.5493999999761741,0.5491999999881045,0.6329999999999814,3.8296999999881223,1.514900000035766,0.932300000011935,0.6323999999762009,0.9656999999880327,0.5496000000238723,0.6493000000119196,0.6824000000357273,0.5995000000000346,0.7824999999999704,0.8326999999881082,2.7643000000119287,1.498599999964199,2.447599999964268,0.8326000000238878,5.061899999976163,0.9158000000119273,0.5991999999881159,1.1490999999642213,9.007700000047748,0.9325000000000045,2.2480000000000473,11.006299999952375,2.1316999999880863,2.7641999999880227,4.745499999999993,1.3816999999880863,0.68260000002374,0.74919999998815]","[0.7493999999761627,0.7161000000238289,0.7830000000000155,0.6162000000476837,0.8658000000119159,0.6662999999523436,0.8158000000119614,0.6324999999999932,0.5493999999761741,0.5491999999881045,0.6329999999999814,3.8296999999881223,1.514900000035766,0.932300000011935,0.6324999999999932,0.9656999999880327,0.5496000000238723,0.6493000000119196,0.6825000000000045,0.5995000000000346,0.7826000000238196,0.8326999999881082,2.7643000000119287,1.4986999999880481,2.4476999999881173,0.8326999999881082,5.062000000000012,0.9158000000119273,0.5991999999881159,1.1491999999880704,9.007800000012026,0.9325999999642818,2.2480000000000473,11.006299999952375,2.1316999999880863,2.7641999999880227,4.745499999999993,1.3816999999880863,0.68260000002374,0.7493000000119991]",,,0.0,18.0,18.0,79.0,1.0,veel,gveel,question_gesture.png,im_hand.png,,,,,,
,,,348676,1,21,2023-10-02_21h26.35.284,flesh_expressibility_dutch,2022.2.4,Win32,60.15399423,,,,18.0,1.0,Nederlands,,,,,,Engels,2.0,Duits,1.0,,0.0,,0.0,,0.0,,0.0,,0.0,,0.0,NL,2.0,2.0,2.0,1.0,,sensorypref1,sensorypref2,1536.0,864.0,,,,,,,,,,,,,,,,,,,,,,,,,,,,,,,,,,,21.0,726.005,41.0,"[0.7493999999761627,0.7161000000238289,0.7828999999761663,0.6161000000238346,0.8658000000119159,0.6661999999880663,0.8158000000119614,0.6324999999999932,0.5493999999761741,0.5491999999881045,0.6329999999999814,3.8296999999881223,1.514900000035766,0.932300000011935,0.6323999999762009,0.9656999999880327,0.5496000000238723,0.6493000000119196,0.6824000000357273,0.5995000000000346,0.7824999999999704,0.8326999999881082,2.7643000000119287,1.498599999964199,2.447599999964268,0.8326000000238878,5.061899999976163,0.9158000000119273,0.5991999999881159,1.1490999999642213,9.007700000047748,0.9325000000000045,2.2480000000000473,11.006299999952375,2.1316999999880863,2.7641999999880227,4.745499999999993,1.3816999999880863,0.68260000002374,0.74919999998815,1.2987000000476883]","[0.7493999999761627,0.7161000000238289,0.7830000000000155,0.6162000000476837,0.8658000000119159,0.6662999999523436,0.8158000000119614,0.6324999999999932,0.5493999999761741,0.5491999999881045,0.6329999999999814,3.8296999999881223,1.514900000035766,0.932300000011935,0.6324999999999932,0.9656999999880327,0.5496000000238723,0.6493000000119196,0.6825000000000045,0.5995000000000346,0.7826000000238196,0.8326999999881082,2.7643000000119287,1.4986999999880481,2.4476999999881173,0.8326999999881082,5.062000000000012,0.9158000000119273,0.5991999999881159,1.1491999999880704,9.007800000012026,0.9325999999642818,2.2480000000000473,11.006299999952375,2.1316999999880863,2.7641999999880227,4.745499999999993,1.3816999999880863,0.68260000002374,0.7493000000119991,1.2987000000476883]",-0.920162382,4.5663,0.0,19.0,19.0,154.0,1.0,zeggen,gzeggen,question_gesture.png,im_hand.png,,,,,,
,,,348676,1,21,2023-10-02_21h26.35.284,flesh_expressibility_dutch,2022.2.4,Win32,60.15399423,,,,18.0,1.0,Nederlands,,,,,,Engels,2.0,Duits,1.0,,0.0,,0.0,,0.0,,0.0,,0.0,,0.0,NL,2.0,2.0,2.0,1.0,,sensorypref1,sensorypref2,1536.0,864.0,,,,,,,,,,,,,,,,,,,,,,,,,,,,,,,,,,,22.0,731.6921,41.0,"[0.7493999999761627,0.7161000000238289,0.7828999999761663,0.6161000000238346,0.8658000000119159,0.6661999999880663,0.8158000000119614,0.6324999999999932,0.5493999999761741,0.5491999999881045,0.6329999999999814,3.8296999999881223,1.514900000035766,0.932300000011935,0.6323999999762009,0.9656999999880327,0.5496000000238723,0.6493000000119196,0.6824000000357273,0.5995000000000346,0.7824999999999704,0.8326999999881082,2.7643000000119287,1.498599999964199,2.447599999964268,0.8326000000238878,5.061899999976163,0.9158000000119273,0.5991999999881159,1.1490999999642213,9.007700000047748,0.9325000000000045,2.2480000000000473,11.006299999952375,2.1316999999880863,2.7641999999880227,4.745499999999993,1.3816999999880863,0.68260000002374,0.74919999998815,1.2987000000476883]","[0.7493999999761627,0.7161000000238289,0.7830000000000155,0.6162000000476837,0.8658000000119159,0.6662999999523436,0.8158000000119614,0.6324999999999932,0.5493999999761741,0.5491999999881045,0.6329999999999814,3.8296999999881223,1.514900000035766,0.932300000011935,0.6324999999999932,0.9656999999880327,0.5496000000238723,0.6493000000119196,0.6825000000000045,0.5995000000000346,0.7826000000238196,0.8326999999881082,2.7643000000119287,1.4986999999880481,2.4476999999881173,0.8326999999881082,5.062000000000012,0.9158000000119273,0.5991999999881159,1.1491999999880704,9.007800000012026,0.9325999999642818,2.2480000000000473,11.006299999952375,2.1316999999880863,2.7641999999880227,4.745499999999993,1.3816999999880863,0.68260000002374,0.7493000000119991,1.2987000000476883]",,,0.0,20.0,20.0,164.0,1.0,zoet,gzoet,question_gesture.png,im_hand.png,,,,,,
,,,348676,1,21,2023-10-02_21h26.35.284,flesh_expressibility_dutch,2022.2.4,Win32,60.15399423,,,,18.0,1.0,Nederlands,,,,,,Engels,2.0,Duits,1.0,,0.0,,0.0,,0.0,,0.0,,0.0,,0.0,NL,2.0,2.0,2.0,1.0,,sensorypref1,sensorypref2,1536.0,864.0,,,,,,,,,,,,,,,,,,,,,,,,,,,,,,,,,,,22.0,732.6397,41.0,"[0.7493999999761627,0.7161000000238289,0.7828999999761663,0.6161000000238346,0.8658000000119159,0.6661999999880663,0.8158000000119614,0.6324999999999932,0.5493999999761741,0.5491999999881045,0.6329999999999814,3.8296999999881223,1.514900000035766,0.932300000011935,0.6323999999762009,0.9656999999880327,0.5496000000238723,0.6493000000119196,0.6824000000357273,0.5995000000000346,0.7824999999999704,0.8326999999881082,2.7643000000119287,1.498599999964199,2.447599999964268,0.8326000000238878,5.061899999976163,0.9158000000119273,0.5991999999881159,1.1490999999642213,9.007700000047748,0.9325000000000045,2.2480000000000473,11.006299999952375,2.1316999999880863,2.7641999999880227,4.745499999999993,1.3816999999880863,0.68260000002374,0.74919999998815,1.2987000000476883]","[0.7493999999761627,0.7161000000238289,0.7830000000000155,0.6162000000476837,0.8658000000119159,0.6662999999523436,0.8158000000119614,0.6324999999999932,0.5493999999761741,0.5491999999881045,0.6329999999999814,3.8296999999881223,1.514900000035766,0.932300000011935,0.6324999999999932,0.9656999999880327,0.5496000000238723,0.6493000000119196,0.6825000000000045,0.5995000000000346,0.7826000000238196,0.8326999999881082,2.7643000000119287,1.4986999999880481,2.4476999999881173,0.8326999999881082,5.062000000000012,0.9158000000119273,0.5991999999881159,1.1491999999880704,9.007800000012026,0.9325999999642818,2.2480000000000473,11.006299999952375,2.1316999999880863,2.7641999999880227,4.745499999999993,1.3816999999880863,0.68260000002374,0.7493000000119991,1.2987000000476883]",,,0.0,21.0,21.0,20.0,1.0,verleden,gverleden,question_gesture.png,im_hand.png,,,,,,
,,,348676,1,21,2023-10-02_21h26.35.284,flesh_expressibility_dutch,2022.2.4,Win32,60.15399423,,,,18.0,1.0,Nederlands,,,,,,Engels,2.0,Duits,1.0,,0.0,,0.0,,0.0,,0.0,,0.0,,0.0,NL,2.0,2.0,2.0,1.0,,sensorypref1,sensorypref2,1536.0,864.0,,,,,,,,,,,,,,,,,,,,,,,,,,,,,,,,,,,22.0,733.5832,41.0,"[0.7493999999761627,0.7161000000238289,0.7828999999761663,0.6161000000238346,0.8658000000119159,0.6661999999880663,0.8158000000119614,0.6324999999999932,0.5493999999761741,0.5491999999881045,0.6329999999999814,3.8296999999881223,1.514900000035766,0.932300000011935,0.6323999999762009,0.9656999999880327,0.5496000000238723,0.6493000000119196,0.6824000000357273,0.5995000000000346,0.7824999999999704,0.8326999999881082,2.7643000000119287,1.498599999964199,2.447599999964268,0.8326000000238878,5.061899999976163,0.9158000000119273,0.5991999999881159,1.1490999999642213,9.007700000047748,0.9325000000000045,2.2480000000000473,11.006299999952375,2.1316999999880863,2.7641999999880227,4.745499999999993,1.3816999999880863,0.68260000002374,0.74919999998815,1.2987000000476883]","[0.7493999999761627,0.7161000000238289,0.7830000000000155,0.6162000000476837,0.8658000000119159,0.6662999999523436,0.8158000000119614,0.6324999999999932,0.5493999999761741,0.5491999999881045,0.6329999999999814,3.8296999999881223,1.514900000035766,0.932300000011935,0.6324999999999932,0.9656999999880327,0.5496000000238723,0.6493000000119196,0.6825000000000045,0.5995000000000346,0.7826000000238196,0.8326999999881082,2.7643000000119287,1.4986999999880481,2.4476999999881173,0.8326999999881082,5.062000000000012,0.9158000000119273,0.5991999999881159,1.1491999999880704,9.007800000012026,0.9325999999642818,2.2480000000000473,11.006299999952375,2.1316999999880863,2.7641999999880227,4.745499999999993,1.3816999999880863,0.68260000002374,0.7493000000119991,1.2987000000476883]",,,0.0,22.0,22.0,4.0,1.0,fluisteren,gfluisteren,question_gesture.png,im_hand.png,,,,,,
,,,348676,1,21,2023-10-02_21h26.35.284,flesh_expressibility_dutch,2022.2.4,Win32,60.15399423,,,,18.0,1.0,Nederlands,,,,,,Engels,2.0,Duits,1.0,,0.0,,0.0,,0.0,,0.0,,0.0,,0.0,NL,2.0,2.0,2.0,1.0,,sensorypref1,sensorypref2,1536.0,864.0,,,,,,,,,,,,,,,,,,,,,,,,,,,,,,,,,,,22.0,734.6104,41.0,"[0.7493999999761627,0.7161000000238289,0.7828999999761663,0.6161000000238346,0.8658000000119159,0.6661999999880663,0.8158000000119614,0.6324999999999932,0.5493999999761741,0.5491999999881045,0.6329999999999814,3.8296999999881223,1.514900000035766,0.932300000011935,0.6323999999762009,0.9656999999880327,0.5496000000238723,0.6493000000119196,0.6824000000357273,0.5995000000000346,0.7824999999999704,0.8326999999881082,2.7643000000119287,1.498599999964199,2.447599999964268,0.8326000000238878,5.061899999976163,0.9158000000119273,0.5991999999881159,1.1490999999642213,9.007700000047748,0.9325000000000045,2.2480000000000473,11.006299999952375,2.1316999999880863,2.7641999999880227,4.745499999999993,1.3816999999880863,0.68260000002374,0.74919999998815,1.2987000000476883]","[0.7493999999761627,0.7161000000238289,0.7830000000000155,0.6162000000476837,0.8658000000119159,0.6662999999523436,0.8158000000119614,0.6324999999999932,0.5493999999761741,0.5491999999881045,0.6329999999999814,3.8296999999881223,1.514900000035766,0.932300000011935,0.6324999999999932,0.9656999999880327,0.5496000000238723,0.6493000000119196,0.6825000000000045,0.5995000000000346,0.7826000000238196,0.8326999999881082,2.7643000000119287,1.4986999999880481,2.4476999999881173,0.8326999999881082,5.062000000000012,0.9158000000119273,0.5991999999881159,1.1491999999880704,9.007800000012026,0.9325999999642818,2.2480000000000473,11.006299999952375,2.1316999999880863,2.7641999999880227,4.745499999999993,1.3816999999880863,0.68260000002374,0.7493000000119991,1.2987000000476883]",,,0.0,23.0,23.0,28.0,1.0,man,gman,question_gesture.png,im_hand.png,,,,,,
,,,348676,1,21,2023-10-02_21h26.35.284,flesh_expressibility_dutch,2022.2.4,Win32,60.15399423,,,,18.0,1.0,Nederlands,,,,,,Engels,2.0,Duits,1.0,,0.0,,0.0,,0.0,,0.0,,0.0,,0.0,NL,2.0,2.0,2.0,1.0,,sensorypref1,sensorypref2,1536.0,864.0,,,,,,,,,,,,,,,,,,,,,,,,,,,,,,,,,,,22.0,735.614,41.0,"[0.7493999999761627,0.7161000000238289,0.7828999999761663,0.6161000000238346,0.8658000000119159,0.6661999999880663,0.8158000000119614,0.6324999999999932,0.5493999999761741,0.5491999999881045,0.6329999999999814,3.8296999999881223,1.514900000035766,0.932300000011935,0.6323999999762009,0.9656999999880327,0.5496000000238723,0.6493000000119196,0.6824000000357273,0.5995000000000346,0.7824999999999704,0.8326999999881082,2.7643000000119287,1.498599999964199,2.447599999964268,0.8326000000238878,5.061899999976163,0.9158000000119273,0.5991999999881159,1.1490999999642213,9.007700000047748,0.9325000000000045,2.2480000000000473,11.006299999952375,2.1316999999880863,2.7641999999880227,4.745499999999993,1.3816999999880863,0.68260000002374,0.74919999998815,1.2987000000476883]","[0.7493999999761627,0.7161000000238289,0.7830000000000155,0.6162000000476837,0.8658000000119159,0.6662999999523436,0.8158000000119614,0.6324999999999932,0.5493999999761741,0.5491999999881045,0.6329999999999814,3.8296999999881223,1.514900000035766,0.932300000011935,0.6324999999999932,0.9656999999880327,0.5496000000238723,0.6493000000119196,0.6825000000000045,0.5995000000000346,0.7826000000238196,0.8326999999881082,2.7643000000119287,1.4986999999880481,2.4476999999881173,0.8326999999881082,5.062000000000012,0.9158000000119273,0.5991999999881159,1.1491999999880704,9.007800000012026,0.9325999999642818,2.2480000000000473,11.006299999952375,2.1316999999880863,2.7641999999880227,4.745499999999993,1.3816999999880863,0.68260000002374,0.7493000000119991,1.2987000000476883]",,,0.0,24.0,24.0,6.0,1.0,zuur,gzuur,question_gesture.png,im_hand.png,,,,,,
,,,348676,1,21,2023-10-02_21h26.35.284,flesh_expressibility_dutch,2022.2.4,Win32,60.15399423,,,,18.0,1.0,Nederlands,,,,,,Engels,2.0,Duits,1.0,,0.0,,0.0,,0.0,,0.0,,0.0,,0.0,NL,2.0,2.0,2.0,1.0,,sensorypref1,sensorypref2,1536.0,864.0,,,,,,,,,,,,,,,,,,,,,,,,,,,,,,,,,,,22.0,736.6501,41.0,"[0.7493999999761627,0.7161000000238289,0.7828999999761663,0.6161000000238346,0.8658000000119159,0.6661999999880663,0.8158000000119614,0.6324999999999932,0.5493999999761741,0.5491999999881045,0.6329999999999814,3.8296999999881223,1.514900000035766,0.932300000011935,0.6323999999762009,0.9656999999880327,0.5496000000238723,0.6493000000119196,0.6824000000357273,0.5995000000000346,0.7824999999999704,0.8326999999881082,2.7643000000119287,1.498599999964199,2.447599999964268,0.8326000000238878,5.061899999976163,0.9158000000119273,0.5991999999881159,1.1490999999642213,9.007700000047748,0.9325000000000045,2.2480000000000473,11.006299999952375,2.1316999999880863,2.7641999999880227,4.745499999999993,1.3816999999880863,0.68260000002374,0.74919999998815,1.2987000000476883]","[0.7493999999761627,0.7161000000238289,0.7830000000000155,0.6162000000476837,0.8658000000119159,0.6662999999523436,0.8158000000119614,0.6324999999999932,0.5493999999761741,0.5491999999881045,0.6329999999999814,3.8296999999881223,1.514900000035766,0.932300000011935,0.6324999999999932,0.9656999999880327,0.5496000000238723,0.6493000000119196,0.6825000000000045,0.5995000000000346,0.7826000000238196,0.8326999999881082,2.7643000000119287,1.4986999999880481,2.4476999999881173,0.8326999999881082,5.062000000000012,0.9158000000119273,0.5991999999881159,1.1491999999880704,9.007800000012026,0.9325999999642818,2.2480000000000473,11.006299999952375,2.1316999999880863,2.7641999999880227,4.745499999999993,1.3816999999880863,0.68260000002374,0.7493000000119991,1.2987000000476883]",,,0.0,25.0,25.0,40.0,1.0,bang,gbang,question_gesture.png,im_hand.png,,,,,,
,,,348676,1,21,2023-10-02_21h26.35.284,flesh_expressibility_dutch,2022.2.4,Win32,60.15399423,,,,18.0,1.0,Nederlands,,,,,,Engels,2.0,Duits,1.0,,0.0,,0.0,,0.0,,0.0,,0.0,,0.0,NL,2.0,2.0,2.0,1.0,,sensorypref1,sensorypref2,1536.0,864.0,,,,,,,,,,,,,,,,,,,,,,,,,,,,,,,,,,,22.0,737.6327,41.0,"[0.7493999999761627,0.7161000000238289,0.7828999999761663,0.6161000000238346,0.8658000000119159,0.6661999999880663,0.8158000000119614,0.6324999999999932,0.5493999999761741,0.5491999999881045,0.6329999999999814,3.8296999999881223,1.514900000035766,0.932300000011935,0.6323999999762009,0.9656999999880327,0.5496000000238723,0.6493000000119196,0.6824000000357273,0.5995000000000346,0.7824999999999704,0.8326999999881082,2.7643000000119287,1.498599999964199,2.447599999964268,0.8326000000238878,5.061899999976163,0.9158000000119273,0.5991999999881159,1.1490999999642213,9.007700000047748,0.9325000000000045,2.2480000000000473,11.006299999952375,2.1316999999880863,2.7641999999880227,4.745499999999993,1.3816999999880863,0.68260000002374,0.74919999998815,1.2987000000476883]","[0.7493999999761627,0.7161000000238289,0.7830000000000155,0.6162000000476837,0.8658000000119159,0.6662999999523436,0.8158000000119614,0.6324999999999932,0.5493999999761741,0.5491999999881045,0.6329999999999814,3.8296999999881223,1.514900000035766,0.932300000011935,0.6324999999999932,0.9656999999880327,0.5496000000238723,0.6493000000119196,0.6825000000000045,0.5995000000000346,0.7826000000238196,0.8326999999881082,2.7643000000119287,1.4986999999880481,2.4476999999881173,0.8326999999881082,5.062000000000012,0.9158000000119273,0.5991999999881159,1.1491999999880704,9.007800000012026,0.9325999999642818,2.2480000000000473,11.006299999952375,2.1316999999880863,2.7641999999880227,4.745499999999993,1.3816999999880863,0.68260000002374,0.7493000000119991,1.2987000000476883]",,,0.0,26.0,26.0,27.0,1.0,gezond,ggezond,question_gesture.png,im_hand.png,,,,,,
,,,348676,1,21,2023-10-02_21h26.35.284,flesh_expressibility_dutch,2022.2.4,Win32,60.15399423,,,,18.0,1.0,Nederlands,,,,,,Engels,2.0,Duits,1.0,,0.0,,0.0,,0.0,,0.0,,0.0,,0.0,NL,2.0,2.0,2.0,1.0,,sensorypref1,sensorypref2,1536.0,864.0,,,,,,,,,,,,,,,,,,,,,,,,,,,,,,,,,,,22.0,738.6886,41.0,"[0.7493999999761627,0.7161000000238289,0.7828999999761663,0.6161000000238346,0.8658000000119159,0.6661999999880663,0.8158000000119614,0.6324999999999932,0.5493999999761741,0.5491999999881045,0.6329999999999814,3.8296999999881223,1.514900000035766,0.932300000011935,0.6323999999762009,0.9656999999880327,0.5496000000238723,0.6493000000119196,0.6824000000357273,0.5995000000000346,0.7824999999999704,0.8326999999881082,2.7643000000119287,1.498599999964199,2.447599999964268,0.8326000000238878,5.061899999976163,0.9158000000119273,0.5991999999881159,1.1490999999642213,9.007700000047748,0.9325000000000045,2.2480000000000473,11.006299999952375,2.1316999999880863,2.7641999999880227,4.745499999999993,1.3816999999880863,0.68260000002374,0.74919999998815,1.2987000000476883]","[0.7493999999761627,0.7161000000238289,0.7830000000000155,0.6162000000476837,0.8658000000119159,0.6662999999523436,0.8158000000119614,0.6324999999999932,0.5493999999761741,0.5491999999881045,0.6329999999999814,3.8296999999881223,1.514900000035766,0.932300000011935,0.6324999999999932,0.9656999999880327,0.5496000000238723,0.6493000000119196,0.6825000000000045,0.5995000000000346,0.7826000000238196,0.8326999999881082,2.7643000000119287,1.4986999999880481,2.4476999999881173,0.8326999999881082,5.062000000000012,0.9158000000119273,0.5991999999881159,1.1491999999880704,9.007800000012026,0.9325999999642818,2.2480000000000473,11.006299999952375,2.1316999999880863,2.7641999999880227,4.745499999999993,1.3816999999880863,0.68260000002374,0.7493000000119991,1.2987000000476883]",,,0.0,27.0,27.0,86.0,1.0,badderen,gbadderen,question_gesture.png,im_hand.png,,,,,,
,,,348676,1,21,2023-10-02_21h26.35.284,flesh_expressibility_dutch,2022.2.4,Win32,60.15399423,,,,18.0,1.0,Nederlands,,,,,,Engels,2.0,Duits,1.0,,0.0,,0.0,,0.0,,0.0,,0.0,,0.0,NL,2.0,2.0,2.0,1.0,,sensorypref1,sensorypref2,1536.0,864.0,,,,,,,,,,,,,,,,,,,,,,,,,,,,,,,,,,,22.0,739.6398,41.0,"[0.7493999999761627,0.7161000000238289,0.7828999999761663,0.6161000000238346,0.8658000000119159,0.6661999999880663,0.8158000000119614,0.6324999999999932,0.5493999999761741,0.5491999999881045,0.6329999999999814,3.8296999999881223,1.514900000035766,0.932300000011935,0.6323999999762009,0.9656999999880327,0.5496000000238723,0.6493000000119196,0.6824000000357273,0.5995000000000346,0.7824999999999704,0.8326999999881082,2.7643000000119287,1.498599999964199,2.447599999964268,0.8326000000238878,5.061899999976163,0.9158000000119273,0.5991999999881159,1.1490999999642213,9.007700000047748,0.9325000000000045,2.2480000000000473,11.006299999952375,2.1316999999880863,2.7641999999880227,4.745499999999993,1.3816999999880863,0.68260000002374,0.74919999998815,1.2987000000476883]","[0.7493999999761627,0.7161000000238289,0.7830000000000155,0.6162000000476837,0.8658000000119159,0.6662999999523436,0.8158000000119614,0.6324999999999932,0.5493999999761741,0.5491999999881045,0.6329999999999814,3.8296999999881223,1.514900000035766,0.932300000011935,0.6324999999999932,0.9656999999880327,0.5496000000238723,0.6493000000119196,0.6825000000000045,0.5995000000000346,0.7826000000238196,0.8326999999881082,2.7643000000119287,1.4986999999880481,2.4476999999881173,0.8326999999881082,5.062000000000012,0.9158000000119273,0.5991999999881159,1.1491999999880704,9.007800000012026,0.9325999999642818,2.2480000000000473,11.006299999952375,2.1316999999880863,2.7641999999880227,4.745499999999993,1.3816999999880863,0.68260000002374,0.7493000000119991,1.2987000000476883]",,,0.0,28.0,28.0,187.0,1.0,dit,gdit,question_gesture.png,im_hand.png,,,,,,
,,,348676,1,21,2023-10-02_21h26.35.284,flesh_expressibility_dutch,2022.2.4,Win32,60.15399423,,,,18.0,1.0,Nederlands,,,,,,Engels,2.0,Duits,1.0,,0.0,,0.0,,0.0,,0.0,,0.0,,0.0,NL,2.0,2.0,2.0,1.0,,sensorypref1,sensorypref2,1536.0,864.0,,,,,,,,,,,,,,,,,,,,,,,,,,,,,,,,,,,22.0,740.6181,41.0,"[0.7493999999761627,0.7161000000238289,0.7828999999761663,0.6161000000238346,0.8658000000119159,0.6661999999880663,0.8158000000119614,0.6324999999999932,0.5493999999761741,0.5491999999881045,0.6329999999999814,3.8296999999881223,1.514900000035766,0.932300000011935,0.6323999999762009,0.9656999999880327,0.5496000000238723,0.6493000000119196,0.6824000000357273,0.5995000000000346,0.7824999999999704,0.8326999999881082,2.7643000000119287,1.498599999964199,2.447599999964268,0.8326000000238878,5.061899999976163,0.9158000000119273,0.5991999999881159,1.1490999999642213,9.007700000047748,0.9325000000000045,2.2480000000000473,11.006299999952375,2.1316999999880863,2.7641999999880227,4.745499999999993,1.3816999999880863,0.68260000002374,0.74919999998815,1.2987000000476883]","[0.7493999999761627,0.7161000000238289,0.7830000000000155,0.6162000000476837,0.8658000000119159,0.6662999999523436,0.8158000000119614,0.6324999999999932,0.5493999999761741,0.5491999999881045,0.6329999999999814,3.8296999999881223,1.514900000035766,0.932300000011935,0.6324999999999932,0.9656999999880327,0.5496000000238723,0.6493000000119196,0.6825000000000045,0.5995000000000346,0.7826000000238196,0.8326999999881082,2.7643000000119287,1.4986999999880481,2.4476999999881173,0.8326999999881082,5.062000000000012,0.9158000000119273,0.5991999999881159,1.1491999999880704,9.007800000012026,0.9325999999642818,2.2480000000000473,11.006299999952375,2.1316999999880863,2.7641999999880227,4.745499999999993,1.3816999999880863,0.68260000002374,0.7493000000119991,1.2987000000476883]",,,0.0,29.0,29.0,47.0,1.0,kruipen,gkruipen,question_gesture.png,im_hand.png,,,,,,
,,,348676,1,21,2023-10-02_21h26.35.284,flesh_expressibility_dutch,2022.2.4,Win32,60.15399423,,,,18.0,1.0,Nederlands,,,,,,Engels,2.0,Duits,1.0,,0.0,,0.0,,0.0,,0.0,,0.0,,0.0,NL,2.0,2.0,2.0,1.0,,sensorypref1,sensorypref2,1536.0,864.0,,,,,,,,,,,,,,,,,,,,,,,,,,,,,,,,,,,22.0,741.668,41.0,"[0.7493999999761627,0.7161000000238289,0.7828999999761663,0.6161000000238346,0.8658000000119159,0.6661999999880663,0.8158000000119614,0.6324999999999932,0.5493999999761741,0.5491999999881045,0.6329999999999814,3.8296999999881223,1.514900000035766,0.932300000011935,0.6323999999762009,0.9656999999880327,0.5496000000238723,0.6493000000119196,0.6824000000357273,0.5995000000000346,0.7824999999999704,0.8326999999881082,2.7643000000119287,1.498599999964199,2.447599999964268,0.8326000000238878,5.061899999976163,0.9158000000119273,0.5991999999881159,1.1490999999642213,9.007700000047748,0.9325000000000045,2.2480000000000473,11.006299999952375,2.1316999999880863,2.7641999999880227,4.745499999999993,1.3816999999880863,0.68260000002374,0.74919999998815,1.2987000000476883]","[0.7493999999761627,0.7161000000238289,0.7830000000000155,0.6162000000476837,0.8658000000119159,0.6662999999523436,0.8158000000119614,0.6324999999999932,0.5493999999761741,0.5491999999881045,0.6329999999999814,3.8296999999881223,1.514900000035766,0.932300000011935,0.6324999999999932,0.9656999999880327,0.5496000000238723,0.6493000000119196,0.6825000000000045,0.5995000000000346,0.7826000000238196,0.8326999999881082,2.7643000000119287,1.4986999999880481,2.4476999999881173,0.8326999999881082,5.062000000000012,0.9158000000119273,0.5991999999881159,1.1491999999880704,9.007800000012026,0.9325999999642818,2.2480000000000473,11.006299999952375,2.1316999999880863,2.7641999999880227,4.745499999999993,1.3816999999880863,0.68260000002374,0.7493000000119991,1.2987000000476883]",,,0.0,30.0,30.0,178.0,1.0,hij,ghij,question_gesture.png,im_hand.png,,,,,,
,,,348676,1,21,2023-10-02_21h26.35.284,flesh_expressibility_dutch,2022.2.4,Win32,60.15399423,,,,18.0,1.0,Nederlands,,,,,,Engels,2.0,Duits,1.0,,0.0,,0.0,,0.0,,0.0,,0.0,,0.0,NL,2.0,2.0,2.0,1.0,,sensorypref1,sensorypref2,1536.0,864.0,,,,,,,,,,,,,,,,,,,,,,,,,,,,,,,,,,,22.0,742.6239,41.0,"[0.7493999999761627,0.7161000000238289,0.7828999999761663,0.6161000000238346,0.8658000000119159,0.6661999999880663,0.8158000000119614,0.6324999999999932,0.5493999999761741,0.5491999999881045,0.6329999999999814,3.8296999999881223,1.514900000035766,0.932300000011935,0.6323999999762009,0.9656999999880327,0.5496000000238723,0.6493000000119196,0.6824000000357273,0.5995000000000346,0.7824999999999704,0.8326999999881082,2.7643000000119287,1.498599999964199,2.447599999964268,0.8326000000238878,5.061899999976163,0.9158000000119273,0.5991999999881159,1.1490999999642213,9.007700000047748,0.9325000000000045,2.2480000000000473,11.006299999952375,2.1316999999880863,2.7641999999880227,4.745499999999993,1.3816999999880863,0.68260000002374,0.74919999998815,1.2987000000476883]","[0.7493999999761627,0.7161000000238289,0.7830000000000155,0.6162000000476837,0.8658000000119159,0.6662999999523436,0.8158000000119614,0.6324999999999932,0.5493999999761741,0.5491999999881045,0.6329999999999814,3.8296999999881223,1.514900000035766,0.932300000011935,0.6324999999999932,0.9656999999880327,0.5496000000238723,0.6493000000119196,0.6825000000000045,0.5995000000000346,0.7826000000238196,0.8326999999881082,2.7643000000119287,1.4986999999880481,2.4476999999881173,0.8326999999881082,5.062000000000012,0.9158000000119273,0.5991999999881159,1.1491999999880704,9.007800000012026,0.9325999999642818,2.2480000000000473,11.006299999952375,2.1316999999880863,2.7641999999880227,4.745499999999993,1.3816999999880863,0.68260000002374,0.7493000000119991,1.2987000000476883]",,,0.0,31.0,31.0,139.0,1.0,rennen,grennen,question_gesture.png,im_hand.png,,,,,,
,,,348676,1,21,2023-10-02_21h26.35.284,flesh_expressibility_dutch,2022.2.4,Win32,60.15399423,,,,18.0,1.0,Nederlands,,,,,,Engels,2.0,Duits,1.0,,0.0,,0.0,,0.0,,0.0,,0.0,,0.0,NL,2.0,2.0,2.0,1.0,,sensorypref1,sensorypref2,1536.0,864.0,,,,,,,,,,,,,,,,,,,,,,,,,,,,,,,,,,,22.0,743.6179,41.0,"[0.7493999999761627,0.7161000000238289,0.7828999999761663,0.6161000000238346,0.8658000000119159,0.6661999999880663,0.8158000000119614,0.6324999999999932,0.5493999999761741,0.5491999999881045,0.6329999999999814,3.8296999999881223,1.514900000035766,0.932300000011935,0.6323999999762009,0.9656999999880327,0.5496000000238723,0.6493000000119196,0.6824000000357273,0.5995000000000346,0.7824999999999704,0.8326999999881082,2.7643000000119287,1.498599999964199,2.447599999964268,0.8326000000238878,5.061899999976163,0.9158000000119273,0.5991999999881159,1.1490999999642213,9.007700000047748,0.9325000000000045,2.2480000000000473,11.006299999952375,2.1316999999880863,2.7641999999880227,4.745499999999993,1.3816999999880863,0.68260000002374,0.74919999998815,1.2987000000476883]","[0.7493999999761627,0.7161000000238289,0.7830000000000155,0.6162000000476837,0.8658000000119159,0.6662999999523436,0.8158000000119614,0.6324999999999932,0.5493999999761741,0.5491999999881045,0.6329999999999814,3.8296999999881223,1.514900000035766,0.932300000011935,0.6324999999999932,0.9656999999880327,0.5496000000238723,0.6493000000119196,0.6825000000000045,0.5995000000000346,0.7826000000238196,0.8326999999881082,2.7643000000119287,1.4986999999880481,2.4476999999881173,0.8326999999881082,5.062000000000012,0.9158000000119273,0.5991999999881159,1.1491999999880704,9.007800000012026,0.9325999999642818,2.2480000000000473,11.006299999952375,2.1316999999880863,2.7641999999880227,4.745499999999993,1.3816999999880863,0.68260000002374,0.7493000000119991,1.2987000000476883]",,,0.0,32.0,32.0,176.0,1.0,wijd,gwijd,question_gesture.png,im_hand.png,,,,,,
,,,348676,1,21,2023-10-02_21h26.35.284,flesh_expressibility_dutch,2022.2.4,Win32,60.15399423,,,,18.0,1.0,Nederlands,,,,,,Engels,2.0,Duits,1.0,,0.0,,0.0,,0.0,,0.0,,0.0,,0.0,NL,2.0,2.0,2.0,1.0,,sensorypref1,sensorypref2,1536.0,864.0,,,,,,,,,,,,,,,,,,,,,,,,,,,,,,,,,,,22.0,744.6587,41.0,"[0.7493999999761627,0.7161000000238289,0.7828999999761663,0.6161000000238346,0.8658000000119159,0.6661999999880663,0.8158000000119614,0.6324999999999932,0.5493999999761741,0.5491999999881045,0.6329999999999814,3.8296999999881223,1.514900000035766,0.932300000011935,0.6323999999762009,0.9656999999880327,0.5496000000238723,0.6493000000119196,0.6824000000357273,0.5995000000000346,0.7824999999999704,0.8326999999881082,2.7643000000119287,1.498599999964199,2.447599999964268,0.8326000000238878,5.061899999976163,0.9158000000119273,0.5991999999881159,1.1490999999642213,9.007700000047748,0.9325000000000045,2.2480000000000473,11.006299999952375,2.1316999999880863,2.7641999999880227,4.745499999999993,1.3816999999880863,0.68260000002374,0.74919999998815,1.2987000000476883]","[0.7493999999761627,0.7161000000238289,0.7830000000000155,0.6162000000476837,0.8658000000119159,0.6662999999523436,0.8158000000119614,0.6324999999999932,0.5493999999761741,0.5491999999881045,0.6329999999999814,3.8296999999881223,1.514900000035766,0.932300000011935,0.6324999999999932,0.9656999999880327,0.5496000000238723,0.6493000000119196,0.6825000000000045,0.5995000000000346,0.7826000000238196,0.8326999999881082,2.7643000000119287,1.4986999999880481,2.4476999999881173,0.8326999999881082,5.062000000000012,0.9158000000119273,0.5991999999881159,1.1491999999880704,9.007800000012026,0.9325999999642818,2.2480000000000473,11.006299999952375,2.1316999999880863,2.7641999999880227,4.745499999999993,1.3816999999880863,0.68260000002374,0.7493000000119991,1.2987000000476883]",,,0.0,33.0,33.0,119.0,1.0,knie,gknie,question_gesture.png,im_hand.png,,,,,,
,,,348676,1,21,2023-10-02_21h26.35.284,flesh_expressibility_dutch,2022.2.4,Win32,60.15399423,,,,18.0,1.0,Nederlands,,,,,,Engels,2.0,Duits,1.0,,0.0,,0.0,,0.0,,0.0,,0.0,,0.0,NL,2.0,2.0,2.0,1.0,,sensorypref1,sensorypref2,1536.0,864.0,,,,,,,,,,,,,,,,,,,,,,,,,,,,,,,,,,,22.0,745.6462,41.0,"[0.7493999999761627,0.7161000000238289,0.7828999999761663,0.6161000000238346,0.8658000000119159,0.6661999999880663,0.8158000000119614,0.6324999999999932,0.5493999999761741,0.5491999999881045,0.6329999999999814,3.8296999999881223,1.514900000035766,0.932300000011935,0.6323999999762009,0.9656999999880327,0.5496000000238723,0.6493000000119196,0.6824000000357273,0.5995000000000346,0.7824999999999704,0.8326999999881082,2.7643000000119287,1.498599999964199,2.447599999964268,0.8326000000238878,5.061899999976163,0.9158000000119273,0.5991999999881159,1.1490999999642213,9.007700000047748,0.9325000000000045,2.2480000000000473,11.006299999952375,2.1316999999880863,2.7641999999880227,4.745499999999993,1.3816999999880863,0.68260000002374,0.74919999998815,1.2987000000476883]","[0.7493999999761627,0.7161000000238289,0.7830000000000155,0.6162000000476837,0.8658000000119159,0.6662999999523436,0.8158000000119614,0.6324999999999932,0.5493999999761741,0.5491999999881045,0.6329999999999814,3.8296999999881223,1.514900000035766,0.932300000011935,0.6324999999999932,0.9656999999880327,0.5496000000238723,0.6493000000119196,0.6825000000000045,0.5995000000000346,0.7826000000238196,0.8326999999881082,2.7643000000119287,1.4986999999880481,2.4476999999881173,0.8326999999881082,5.062000000000012,0.9158000000119273,0.5991999999881159,1.1491999999880704,9.007800000012026,0.9325999999642818,2.2480000000000473,11.006299999952375,2.1316999999880863,2.7641999999880227,4.745499999999993,1.3816999999880863,0.68260000002374,0.7493000000119991,1.2987000000476883]",,,0.0,34.0,34.0,70.0,1.0,aanraken,gaanraken,question_gesture.png,im_hand.png,,,,,,
,,,348676,1,21,2023-10-02_21h26.35.284,flesh_expressibility_dutch,2022.2.4,Win32,60.15399423,,,,18.0,1.0,Nederlands,,,,,,Engels,2.0,Duits,1.0,,0.0,,0.0,,0.0,,0.0,,0.0,,0.0,NL,2.0,2.0,2.0,1.0,,sensorypref1,sensorypref2,1536.0,864.0,,,,,,,,,,,,,,,,,,,,,,,,,,,,,,,,,,,22.0,746.6255,41.0,"[0.7493999999761627,0.7161000000238289,0.7828999999761663,0.6161000000238346,0.8658000000119159,0.6661999999880663,0.8158000000119614,0.6324999999999932,0.5493999999761741,0.5491999999881045,0.6329999999999814,3.8296999999881223,1.514900000035766,0.932300000011935,0.6323999999762009,0.9656999999880327,0.5496000000238723,0.6493000000119196,0.6824000000357273,0.5995000000000346,0.7824999999999704,0.8326999999881082,2.7643000000119287,1.498599999964199,2.447599999964268,0.8326000000238878,5.061899999976163,0.9158000000119273,0.5991999999881159,1.1490999999642213,9.007700000047748,0.9325000000000045,2.2480000000000473,11.006299999952375,2.1316999999880863,2.7641999999880227,4.745499999999993,1.3816999999880863,0.68260000002374,0.74919999998815,1.2987000000476883]","[0.7493999999761627,0.7161000000238289,0.7830000000000155,0.6162000000476837,0.8658000000119159,0.6662999999523436,0.8158000000119614,0.6324999999999932,0.5493999999761741,0.5491999999881045,0.6329999999999814,3.8296999999881223,1.514900000035766,0.932300000011935,0.6324999999999932,0.9656999999880327,0.5496000000238723,0.6493000000119196,0.6825000000000045,0.5995000000000346,0.7826000000238196,0.8326999999881082,2.7643000000119287,1.4986999999880481,2.4476999999881173,0.8326999999881082,5.062000000000012,0.9158000000119273,0.5991999999881159,1.1491999999880704,9.007800000012026,0.9325999999642818,2.2480000000000473,11.006299999952375,2.1316999999880863,2.7641999999880227,4.745499999999993,1.3816999999880863,0.68260000002374,0.7493000000119991,1.2987000000476883]",,,0.0,35.0,35.0,168.0,1.0,schaduw,gschaduw,question_gesture.png,im_hand.png,,,,,,
,,,348676,1,21,2023-10-02_21h26.35.284,flesh_expressibility_dutch,2022.2.4,Win32,60.15399423,,,,18.0,1.0,Nederlands,,,,,,Engels,2.0,Duits,1.0,,0.0,,0.0,,0.0,,0.0,,0.0,,0.0,NL,2.0,2.0,2.0,1.0,,sensorypref1,sensorypref2,1536.0,864.0,,,,,,,,,,,,,,,,,,,,,,,,,,,,,,,,,,,22.0,747.595,41.0,"[0.7493999999761627,0.7161000000238289,0.7828999999761663,0.6161000000238346,0.8658000000119159,0.6661999999880663,0.8158000000119614,0.6324999999999932,0.5493999999761741,0.5491999999881045,0.6329999999999814,3.8296999999881223,1.514900000035766,0.932300000011935,0.6323999999762009,0.9656999999880327,0.5496000000238723,0.6493000000119196,0.6824000000357273,0.5995000000000346,0.7824999999999704,0.8326999999881082,2.7643000000119287,1.498599999964199,2.447599999964268,0.8326000000238878,5.061899999976163,0.9158000000119273,0.5991999999881159,1.1490999999642213,9.007700000047748,0.9325000000000045,2.2480000000000473,11.006299999952375,2.1316999999880863,2.7641999999880227,4.745499999999993,1.3816999999880863,0.68260000002374,0.74919999998815,1.2987000000476883]","[0.7493999999761627,0.7161000000238289,0.7830000000000155,0.6162000000476837,0.8658000000119159,0.6662999999523436,0.8158000000119614,0.6324999999999932,0.5493999999761741,0.5491999999881045,0.6329999999999814,3.8296999999881223,1.514900000035766,0.932300000011935,0.6324999999999932,0.9656999999880327,0.5496000000238723,0.6493000000119196,0.6825000000000045,0.5995000000000346,0.7826000000238196,0.8326999999881082,2.7643000000119287,1.4986999999880481,2.4476999999881173,0.8326999999881082,5.062000000000012,0.9158000000119273,0.5991999999881159,1.1491999999880704,9.007800000012026,0.9325999999642818,2.2480000000000473,11.006299999952375,2.1316999999880863,2.7641999999880227,4.745499999999993,1.3816999999880863,0.68260000002374,0.7493000000119991,1.2987000000476883]",,,0.0,36.0,36.0,189.0,1.0,as,gas,question_gesture.png,im_hand.png,,,,,,
,,,348676,1,21,2023-10-02_21h26.35.284,flesh_expressibility_dutch,2022.2.4,Win32,60.15399423,,,,18.0,1.0,Nederlands,,,,,,Engels,2.0,Duits,1.0,,0.0,,0.0,,0.0,,0.0,,0.0,,0.0,NL,2.0,2.0,2.0,1.0,,sensorypref1,sensorypref2,1536.0,864.0,,,,,,,,,,,,,,,,,,,,,,,,,,,,,,,,,,,22.0,748.6269,41.0,"[0.7493999999761627,0.7161000000238289,0.7828999999761663,0.6161000000238346,0.8658000000119159,0.6661999999880663,0.8158000000119614,0.6324999999999932,0.5493999999761741,0.5491999999881045,0.6329999999999814,3.8296999999881223,1.514900000035766,0.932300000011935,0.6323999999762009,0.9656999999880327,0.5496000000238723,0.6493000000119196,0.6824000000357273,0.5995000000000346,0.7824999999999704,0.8326999999881082,2.7643000000119287,1.498599999964199,2.447599999964268,0.8326000000238878,5.061899999976163,0.9158000000119273,0.5991999999881159,1.1490999999642213,9.007700000047748,0.9325000000000045,2.2480000000000473,11.006299999952375,2.1316999999880863,2.7641999999880227,4.745499999999993,1.3816999999880863,0.68260000002374,0.74919999998815,1.2987000000476883]","[0.7493999999761627,0.7161000000238289,0.7830000000000155,0.6162000000476837,0.8658000000119159,0.6662999999523436,0.8158000000119614,0.6324999999999932,0.5493999999761741,0.5491999999881045,0.6329999999999814,3.8296999999881223,1.514900000035766,0.932300000011935,0.6324999999999932,0.9656999999880327,0.5496000000238723,0.6493000000119196,0.6825000000000045,0.5995000000000346,0.7826000000238196,0.8326999999881082,2.7643000000119287,1.4986999999880481,2.4476999999881173,0.8326999999881082,5.062000000000012,0.9158000000119273,0.5991999999881159,1.1491999999880704,9.007800000012026,0.9325999999642818,2.2480000000000473,11.006299999952375,2.1316999999880863,2.7641999999880227,4.745499999999993,1.3816999999880863,0.68260000002374,0.7493000000119991,1.2987000000476883]",,,0.0,37.0,37.0,129.0,1.0,goed,ggoed,question_gesture.png,im_hand.png,,,,,,
,,,348676,1,21,2023-10-02_21h26.35.284,flesh_expressibility_dutch,2022.2.4,Win32,60.15399423,,,,18.0,1.0,Nederlands,,,,,,Engels,2.0,Duits,1.0,,0.0,,0.0,,0.0,,0.0,,0.0,,0.0,NL,2.0,2.0,2.0,1.0,,sensorypref1,sensorypref2,1536.0,864.0,,,,,,,,,,,,,,,,,,,,,,,,,,,,,,,,,,,22.0,749.6349,41.0,"[0.7493999999761627,0.7161000000238289,0.7828999999761663,0.6161000000238346,0.8658000000119159,0.6661999999880663,0.8158000000119614,0.6324999999999932,0.5493999999761741,0.5491999999881045,0.6329999999999814,3.8296999999881223,1.514900000035766,0.932300000011935,0.6323999999762009,0.9656999999880327,0.5496000000238723,0.6493000000119196,0.6824000000357273,0.5995000000000346,0.7824999999999704,0.8326999999881082,2.7643000000119287,1.498599999964199,2.447599999964268,0.8326000000238878,5.061899999976163,0.9158000000119273,0.5991999999881159,1.1490999999642213,9.007700000047748,0.9325000000000045,2.2480000000000473,11.006299999952375,2.1316999999880863,2.7641999999880227,4.745499999999993,1.3816999999880863,0.68260000002374,0.74919999998815,1.2987000000476883]","[0.7493999999761627,0.7161000000238289,0.7830000000000155,0.6162000000476837,0.8658000000119159,0.6662999999523436,0.8158000000119614,0.6324999999999932,0.5493999999761741,0.5491999999881045,0.6329999999999814,3.8296999999881223,1.514900000035766,0.932300000011935,0.6324999999999932,0.9656999999880327,0.5496000000238723,0.6493000000119196,0.6825000000000045,0.5995000000000346,0.7826000000238196,0.8326999999881082,2.7643000000119287,1.4986999999880481,2.4476999999881173,0.8326999999881082,5.062000000000012,0.9158000000119273,0.5991999999881159,1.1491999999880704,9.007800000012026,0.9325999999642818,2.2480000000000473,11.006299999952375,2.1316999999880863,2.7641999999880227,4.745499999999993,1.3816999999880863,0.68260000002374,0.7493000000119991,1.2987000000476883]",,,0.0,38.0,38.0,196.0,1.0,steen,gsteen,question_gesture.png,im_hand.png,,,,,,
,,,348676,1,21,2023-10-02_21h26.35.284,flesh_expressibility_dutch,2022.2.4,Win32,60.15399423,,,,18.0,1.0,Nederlands,,,,,,Engels,2.0,Duits,1.0,,0.0,,0.0,,0.0,,0.0,,0.0,,0.0,NL,2.0,2.0,2.0,1.0,,sensorypref1,sensorypref2,1536.0,864.0,,,,,,,,,,,,,,,,,,,,,,,,,,,,,,,,,,,22.0,750.701,41.0,"[0.7493999999761627,0.7161000000238289,0.7828999999761663,0.6161000000238346,0.8658000000119159,0.6661999999880663,0.8158000000119614,0.6324999999999932,0.5493999999761741,0.5491999999881045,0.6329999999999814,3.8296999999881223,1.514900000035766,0.932300000011935,0.6323999999762009,0.9656999999880327,0.5496000000238723,0.6493000000119196,0.6824000000357273,0.5995000000000346,0.7824999999999704,0.8326999999881082,2.7643000000119287,1.498599999964199,2.447599999964268,0.8326000000238878,5.061899999976163,0.9158000000119273,0.5991999999881159,1.1490999999642213,9.007700000047748,0.9325000000000045,2.2480000000000473,11.006299999952375,2.1316999999880863,2.7641999999880227,4.745499999999993,1.3816999999880863,0.68260000002374,0.74919999998815,1.2987000000476883]","[0.7493999999761627,0.7161000000238289,0.7830000000000155,0.6162000000476837,0.8658000000119159,0.6662999999523436,0.8158000000119614,0.6324999999999932,0.5493999999761741,0.5491999999881045,0.6329999999999814,3.8296999999881223,1.514900000035766,0.932300000011935,0.6324999999999932,0.9656999999880327,0.5496000000238723,0.6493000000119196,0.6825000000000045,0.5995000000000346,0.7826000000238196,0.8326999999881082,2.7643000000119287,1.4986999999880481,2.4476999999881173,0.8326999999881082,5.062000000000012,0.9158000000119273,0.5991999999881159,1.1491999999880704,9.007800000012026,0.9325999999642818,2.2480000000000473,11.006299999952375,2.1316999999880863,2.7641999999880227,4.745499999999993,1.3816999999880863,0.68260000002374,0.7493000000119991,1.2987000000476883]",,,0.0,39.0,39.0,94.0,1.0,nu,gnu,question_gesture.png,im_hand.png,,,,,,
,,,348676,1,21,2023-10-02_21h26.35.284,flesh_expressibility_dutch,2022.2.4,Win32,60.15399423,,,,18.0,1.0,Nederlands,,,,,,Engels,2.0,Duits,1.0,,0.0,,0.0,,0.0,,0.0,,0.0,,0.0,NL,2.0,2.0,2.0,1.0,,sensorypref1,sensorypref2,1536.0,864.0,,,,,,,,,,,,,,,,,,,,,,,,,,,,,,,,,,,22.0,751.6146,41.0,"[0.7493999999761627,0.7161000000238289,0.7828999999761663,0.6161000000238346,0.8658000000119159,0.6661999999880663,0.8158000000119614,0.6324999999999932,0.5493999999761741,0.5491999999881045,0.6329999999999814,3.8296999999881223,1.514900000035766,0.932300000011935,0.6323999999762009,0.9656999999880327,0.5496000000238723,0.6493000000119196,0.6824000000357273,0.5995000000000346,0.7824999999999704,0.8326999999881082,2.7643000000119287,1.498599999964199,2.447599999964268,0.8326000000238878,5.061899999976163,0.9158000000119273,0.5991999999881159,1.1490999999642213,9.007700000047748,0.9325000000000045,2.2480000000000473,11.006299999952375,2.1316999999880863,2.7641999999880227,4.745499999999993,1.3816999999880863,0.68260000002374,0.74919999998815,1.2987000000476883]","[0.7493999999761627,0.7161000000238289,0.7830000000000155,0.6162000000476837,0.8658000000119159,0.6662999999523436,0.8158000000119614,0.6324999999999932,0.5493999999761741,0.5491999999881045,0.6329999999999814,3.8296999999881223,1.514900000035766,0.932300000011935,0.6324999999999932,0.9656999999880327,0.5496000000238723,0.6493000000119196,0.6825000000000045,0.5995000000000346,0.7826000000238196,0.8326999999881082,2.7643000000119287,1.4986999999880481,2.4476999999881173,0.8326999999881082,5.062000000000012,0.9158000000119273,0.5991999999881159,1.1491999999880704,9.007800000012026,0.9325999999642818,2.2480000000000473,11.006299999952375,2.1316999999880863,2.7641999999880227,4.745499999999993,1.3816999999880863,0.68260000002374,0.7493000000119991,1.2987000000476883]",,,0.0,40.0,40.0,9.0,1.0,kotsen,gkotsen,question_gesture.png,im_hand.png,,,,,,
,,,348676,1,21,2023-10-02_21h26.35.284,flesh_expressibility_dutch,2022.2.4,Win32,60.15399423,,,,18.0,1.0,Nederlands,,,,,,Engels,2.0,Duits,1.0,,0.0,,0.0,,0.0,,0.0,,0.0,,0.0,NL,2.0,2.0,2.0,1.0,,sensorypref1,sensorypref2,1536.0,864.0,,,,,,,,,,,,,,,,,,,,,,,,,,,,,,,,,,,22.0,752.6786,41.0,"[0.7493999999761627,0.7161000000238289,0.7828999999761663,0.6161000000238346,0.8658000000119159,0.6661999999880663,0.8158000000119614,0.6324999999999932,0.5493999999761741,0.5491999999881045,0.6329999999999814,3.8296999999881223,1.514900000035766,0.932300000011935,0.6323999999762009,0.9656999999880327,0.5496000000238723,0.6493000000119196,0.6824000000357273,0.5995000000000346,0.7824999999999704,0.8326999999881082,2.7643000000119287,1.498599999964199,2.447599999964268,0.8326000000238878,5.061899999976163,0.9158000000119273,0.5991999999881159,1.1490999999642213,9.007700000047748,0.9325000000000045,2.2480000000000473,11.006299999952375,2.1316999999880863,2.7641999999880227,4.745499999999993,1.3816999999880863,0.68260000002374,0.74919999998815,1.2987000000476883]","[0.7493999999761627,0.7161000000238289,0.7830000000000155,0.6162000000476837,0.8658000000119159,0.6662999999523436,0.8158000000119614,0.6324999999999932,0.5493999999761741,0.5491999999881045,0.6329999999999814,3.8296999999881223,1.514900000035766,0.932300000011935,0.6324999999999932,0.9656999999880327,0.5496000000238723,0.6493000000119196,0.6825000000000045,0.5995000000000346,0.7826000000238196,0.8326999999881082,2.7643000000119287,1.4986999999880481,2.4476999999881173,0.8326999999881082,5.062000000000012,0.9158000000119273,0.5991999999881159,1.1491999999880704,9.007800000012026,0.9325999999642818,2.2480000000000473,11.006299999952375,2.1316999999880863,2.7641999999880227,4.745499999999993,1.3816999999880863,0.68260000002374,0.7493000000119991,1.2987000000476883]",,,0.0,41.0,41.0,33.0,1.0,dromen,gdromen,question_gesture.png,im_hand.png,,,,,,
,,,348676,1,21,2023-10-02_21h26.35.284,flesh_expressibility_dutch,2022.2.4,Win32,60.15399423,,,,18.0,1.0,Nederlands,,,,,,Engels,2.0,Duits,1.0,,0.0,,0.0,,0.0,,0.0,,0.0,,0.0,NL,2.0,2.0,2.0,1.0,,sensorypref1,sensorypref2,1536.0,864.0,,,,,,,,,,,,,,,,,,,,,,,,,,,,,,,,,,,22.0,753.6661,41.0,"[0.7493999999761627,0.7161000000238289,0.7828999999761663,0.6161000000238346,0.8658000000119159,0.6661999999880663,0.8158000000119614,0.6324999999999932,0.5493999999761741,0.5491999999881045,0.6329999999999814,3.8296999999881223,1.514900000035766,0.932300000011935,0.6323999999762009,0.9656999999880327,0.5496000000238723,0.6493000000119196,0.6824000000357273,0.5995000000000346,0.7824999999999704,0.8326999999881082,2.7643000000119287,1.498599999964199,2.447599999964268,0.8326000000238878,5.061899999976163,0.9158000000119273,0.5991999999881159,1.1490999999642213,9.007700000047748,0.9325000000000045,2.2480000000000473,11.006299999952375,2.1316999999880863,2.7641999999880227,4.745499999999993,1.3816999999880863,0.68260000002374,0.74919999998815,1.2987000000476883]","[0.7493999999761627,0.7161000000238289,0.7830000000000155,0.6162000000476837,0.8658000000119159,0.6662999999523436,0.8158000000119614,0.6324999999999932,0.5493999999761741,0.5491999999881045,0.6329999999999814,3.8296999999881223,1.514900000035766,0.932300000011935,0.6324999999999932,0.9656999999880327,0.5496000000238723,0.6493000000119196,0.6825000000000045,0.5995000000000346,0.7826000000238196,0.8326999999881082,2.7643000000119287,1.4986999999880481,2.4476999999881173,0.8326999999881082,5.062000000000012,0.9158000000119273,0.5991999999881159,1.1491999999880704,9.007800000012026,0.9325999999642818,2.2480000000000473,11.006299999952375,2.1316999999880863,2.7641999999880227,4.745499999999993,1.3816999999880863,0.68260000002374,0.7493000000119991,1.2987000000476883]",,,0.0,42.0,42.0,181.0,1.0,ik,gik,question_gesture.png,im_hand.png,,,,,,
,,,348676,1,21,2023-10-02_21h26.35.284,flesh_expressibility_dutch,2022.2.4,Win32,60.15399423,,,,18.0,1.0,Nederlands,,,,,,Engels,2.0,Duits,1.0,,0.0,,0.0,,0.0,,0.0,,0.0,,0.0,NL,2.0,2.0,2.0,1.0,,sensorypref1,sensorypref2,1536.0,864.0,,,,,,,,,,,,,,,,,,,,,,,,,,,,,,,,,,,22.0,754.6485,41.0,"[0.7493999999761627,0.7161000000238289,0.7828999999761663,0.6161000000238346,0.8658000000119159,0.6661999999880663,0.8158000000119614,0.6324999999999932,0.5493999999761741,0.5491999999881045,0.6329999999999814,3.8296999999881223,1.514900000035766,0.932300000011935,0.6323999999762009,0.9656999999880327,0.5496000000238723,0.6493000000119196,0.6824000000357273,0.5995000000000346,0.7824999999999704,0.8326999999881082,2.7643000000119287,1.498599999964199,2.447599999964268,0.8326000000238878,5.061899999976163,0.9158000000119273,0.5991999999881159,1.1490999999642213,9.007700000047748,0.9325000000000045,2.2480000000000473,11.006299999952375,2.1316999999880863,2.7641999999880227,4.745499999999993,1.3816999999880863,0.68260000002374,0.74919999998815,1.2987000000476883]","[0.7493999999761627,0.7161000000238289,0.7830000000000155,0.6162000000476837,0.8658000000119159,0.6662999999523436,0.8158000000119614,0.6324999999999932,0.5493999999761741,0.5491999999881045,0.6329999999999814,3.8296999999881223,1.514900000035766,0.932300000011935,0.6324999999999932,0.9656999999880327,0.5496000000238723,0.6493000000119196,0.6825000000000045,0.5995000000000346,0.7826000000238196,0.8326999999881082,2.7643000000119287,1.4986999999880481,2.4476999999881173,0.8326999999881082,5.062000000000012,0.9158000000119273,0.5991999999881159,1.1491999999880704,9.007800000012026,0.9325999999642818,2.2480000000000473,11.006299999952375,2.1316999999880863,2.7641999999880227,4.745499999999993,1.3816999999880863,0.68260000002374,0.7493000000119991,1.2987000000476883]",,,0.0,43.0,43.0,205.0,1.0,vork,gvork,question_gesture.png,im_hand.png,,,,,,
,,,348676,1,21,2023-10-02_21h26.35.284,flesh_expressibility_dutch,2022.2.4,Win32,60.15399423,,,,18.0,1.0,Nederlands,,,,,,Engels,2.0,Duits,1.0,,0.0,,0.0,,0.0,,0.0,,0.0,,0.0,NL,2.0,2.0,2.0,1.0,,sensorypref1,sensorypref2,1536.0,864.0,,,,,,,,,,,,,,,,,,,,,,,,,,,,,,,,,,,22.0,755.6632,41.0,"[0.7493999999761627,0.7161000000238289,0.7828999999761663,0.6161000000238346,0.8658000000119159,0.6661999999880663,0.8158000000119614,0.6324999999999932,0.5493999999761741,0.5491999999881045,0.6329999999999814,3.8296999999881223,1.514900000035766,0.932300000011935,0.6323999999762009,0.9656999999880327,0.5496000000238723,0.6493000000119196,0.6824000000357273,0.5995000000000346,0.7824999999999704,0.8326999999881082,2.7643000000119287,1.498599999964199,2.447599999964268,0.8326000000238878,5.061899999976163,0.9158000000119273,0.5991999999881159,1.1490999999642213,9.007700000047748,0.9325000000000045,2.2480000000000473,11.006299999952375,2.1316999999880863,2.7641999999880227,4.745499999999993,1.3816999999880863,0.68260000002374,0.74919999998815,1.2987000000476883]","[0.7493999999761627,0.7161000000238289,0.7830000000000155,0.6162000000476837,0.8658000000119159,0.6662999999523436,0.8158000000119614,0.6324999999999932,0.5493999999761741,0.5491999999881045,0.6329999999999814,3.8296999999881223,1.514900000035766,0.932300000011935,0.6324999999999932,0.9656999999880327,0.5496000000238723,0.6493000000119196,0.6825000000000045,0.5995000000000346,0.7826000000238196,0.8326999999881082,2.7643000000119287,1.4986999999880481,2.4476999999881173,0.8326999999881082,5.062000000000012,0.9158000000119273,0.5991999999881159,1.1491999999880704,9.007800000012026,0.9325999999642818,2.2480000000000473,11.006299999952375,2.1316999999880863,2.7641999999880227,4.745499999999993,1.3816999999880863,0.68260000002374,0.7493000000119991,1.2987000000476883]",,,0.0,44.0,44.0,101.0,1.0,hond,ghond,question_gesture.png,im_hand.png,,,,,,
,,,348676,1,21,2023-10-02_21h26.35.284,flesh_expressibility_dutch,2022.2.4,Win32,60.15399423,,,,18.0,1.0,Nederlands,,,,,,Engels,2.0,Duits,1.0,,0.0,,0.0,,0.0,,0.0,,0.0,,0.0,NL,2.0,2.0,2.0,1.0,,sensorypref1,sensorypref2,1536.0,864.0,,,,,,,,,,,,,,,,,,,,,,,,,,,,,,,,,,,22.0,756.6612,41.0,"[0.7493999999761627,0.7161000000238289,0.7828999999761663,0.6161000000238346,0.8658000000119159,0.6661999999880663,0.8158000000119614,0.6324999999999932,0.5493999999761741,0.5491999999881045,0.6329999999999814,3.8296999999881223,1.514900000035766,0.932300000011935,0.6323999999762009,0.9656999999880327,0.5496000000238723,0.6493000000119196,0.6824000000357273,0.5995000000000346,0.7824999999999704,0.8326999999881082,2.7643000000119287,1.498599999964199,2.447599999964268,0.8326000000238878,5.061899999976163,0.9158000000119273,0.5991999999881159,1.1490999999642213,9.007700000047748,0.9325000000000045,2.2480000000000473,11.006299999952375,2.1316999999880863,2.7641999999880227,4.745499999999993,1.3816999999880863,0.68260000002374,0.74919999998815,1.2987000000476883]","[0.7493999999761627,0.7161000000238289,0.7830000000000155,0.6162000000476837,0.8658000000119159,0.6662999999523436,0.8158000000119614,0.6324999999999932,0.5493999999761741,0.5491999999881045,0.6329999999999814,3.8296999999881223,1.514900000035766,0.932300000011935,0.6324999999999932,0.9656999999880327,0.5496000000238723,0.6493000000119196,0.6825000000000045,0.5995000000000346,0.7826000000238196,0.8326999999881082,2.7643000000119287,1.4986999999880481,2.4476999999881173,0.8326999999881082,5.062000000000012,0.9158000000119273,0.5991999999881159,1.1491999999880704,9.007800000012026,0.9325999999642818,2.2480000000000473,11.006299999952375,2.1316999999880863,2.7641999999880227,4.745499999999993,1.3816999999880863,0.68260000002374,0.7493000000119991,1.2987000000476883]",,,0.0,45.0,45.0,134.0,1.0,water,gwater,question_gesture.png,im_hand.png,,,,,,
,,,348676,1,21,2023-10-02_21h26.35.284,flesh_expressibility_dutch,2022.2.4,Win32,60.15399423,,,,18.0,1.0,Nederlands,,,,,,Engels,2.0,Duits,1.0,,0.0,,0.0,,0.0,,0.0,,0.0,,0.0,NL,2.0,2.0,2.0,1.0,,sensorypref1,sensorypref2,1536.0,864.0,,,,,,,,,,,,,,,,,,,,,,,,,,,,,,,,,,,22.0,757.6925,41.0,"[0.7493999999761627,0.7161000000238289,0.7828999999761663,0.6161000000238346,0.8658000000119159,0.6661999999880663,0.8158000000119614,0.6324999999999932,0.5493999999761741,0.5491999999881045,0.6329999999999814,3.8296999999881223,1.514900000035766,0.932300000011935,0.6323999999762009,0.9656999999880327,0.5496000000238723,0.6493000000119196,0.6824000000357273,0.5995000000000346,0.7824999999999704,0.8326999999881082,2.7643000000119287,1.498599999964199,2.447599999964268,0.8326000000238878,5.061899999976163,0.9158000000119273,0.5991999999881159,1.1490999999642213,9.007700000047748,0.9325000000000045,2.2480000000000473,11.006299999952375,2.1316999999880863,2.7641999999880227,4.745499999999993,1.3816999999880863,0.68260000002374,0.74919999998815,1.2987000000476883]","[0.7493999999761627,0.7161000000238289,0.7830000000000155,0.6162000000476837,0.8658000000119159,0.6662999999523436,0.8158000000119614,0.6324999999999932,0.5493999999761741,0.5491999999881045,0.6329999999999814,3.8296999999881223,1.514900000035766,0.932300000011935,0.6324999999999932,0.9656999999880327,0.5496000000238723,0.6493000000119196,0.6825000000000045,0.5995000000000346,0.7826000000238196,0.8326999999881082,2.7643000000119287,1.4986999999880481,2.4476999999881173,0.8326999999881082,5.062000000000012,0.9158000000119273,0.5991999999881159,1.1491999999880704,9.007800000012026,0.9325999999642818,2.2480000000000473,11.006299999952375,2.1316999999880863,2.7641999999880227,4.745499999999993,1.3816999999880863,0.68260000002374,0.7493000000119991,1.2987000000476883]",,,0.0,46.0,46.0,113.0,1.0,bot (lichaam),gbot (lichaam),question_gesture.png,im_hand.png,,,,,,
,,,348676,1,21,2023-10-02_21h26.35.284,flesh_expressibility_dutch,2022.2.4,Win32,60.15399423,,,,18.0,1.0,Nederlands,,,,,,Engels,2.0,Duits,1.0,,0.0,,0.0,,0.0,,0.0,,0.0,,0.0,NL,2.0,2.0,2.0,1.0,,sensorypref1,sensorypref2,1536.0,864.0,,,,,,,,,,,,,,,,,,,,,,,,,,,,,,,,,,,22.0,758.6432,41.0,"[0.7493999999761627,0.7161000000238289,0.7828999999761663,0.6161000000238346,0.8658000000119159,0.6661999999880663,0.8158000000119614,0.6324999999999932,0.5493999999761741,0.5491999999881045,0.6329999999999814,3.8296999999881223,1.514900000035766,0.932300000011935,0.6323999999762009,0.9656999999880327,0.5496000000238723,0.6493000000119196,0.6824000000357273,0.5995000000000346,0.7824999999999704,0.8326999999881082,2.7643000000119287,1.498599999964199,2.447599999964268,0.8326000000238878,5.061899999976163,0.9158000000119273,0.5991999999881159,1.1490999999642213,9.007700000047748,0.9325000000000045,2.2480000000000473,11.006299999952375,2.1316999999880863,2.7641999999880227,4.745499999999993,1.3816999999880863,0.68260000002374,0.74919999998815,1.2987000000476883]","[0.7493999999761627,0.7161000000238289,0.7830000000000155,0.6162000000476837,0.8658000000119159,0.6662999999523436,0.8158000000119614,0.6324999999999932,0.5493999999761741,0.5491999999881045,0.6329999999999814,3.8296999999881223,1.514900000035766,0.932300000011935,0.6324999999999932,0.9656999999880327,0.5496000000238723,0.6493000000119196,0.6825000000000045,0.5995000000000346,0.7826000000238196,0.8326999999881082,2.7643000000119287,1.4986999999880481,2.4476999999881173,0.8326999999881082,5.062000000000012,0.9158000000119273,0.5991999999881159,1.1491999999880704,9.007800000012026,0.9325999999642818,2.2480000000000473,11.006299999952375,2.1316999999880863,2.7641999999880227,4.745499999999993,1.3816999999880863,0.68260000002374,0.7493000000119991,1.2987000000476883]",,,0.0,47.0,47.0,34.0,1.0,vergeten,gvergeten,question_gesture.png,im_hand.png,,,,,,
,,,348676,1,21,2023-10-02_21h26.35.284,flesh_expressibility_dutch,2022.2.4,Win32,60.15399423,,,,18.0,1.0,Nederlands,,,,,,Engels,2.0,Duits,1.0,,0.0,,0.0,,0.0,,0.0,,0.0,,0.0,NL,2.0,2.0,2.0,1.0,,sensorypref1,sensorypref2,1536.0,864.0,,,,,,,,,,,,,,,,,,,,,,,,,,,,,,,,,,,22.0,759.6455,41.0,"[0.7493999999761627,0.7161000000238289,0.7828999999761663,0.6161000000238346,0.8658000000119159,0.6661999999880663,0.8158000000119614,0.6324999999999932,0.5493999999761741,0.5491999999881045,0.6329999999999814,3.8296999999881223,1.514900000035766,0.932300000011935,0.6323999999762009,0.9656999999880327,0.5496000000238723,0.6493000000119196,0.6824000000357273,0.5995000000000346,0.7824999999999704,0.8326999999881082,2.7643000000119287,1.498599999964199,2.447599999964268,0.8326000000238878,5.061899999976163,0.9158000000119273,0.5991999999881159,1.1490999999642213,9.007700000047748,0.9325000000000045,2.2480000000000473,11.006299999952375,2.1316999999880863,2.7641999999880227,4.745499999999993,1.3816999999880863,0.68260000002374,0.74919999998815,1.2987000000476883]","[0.7493999999761627,0.7161000000238289,0.7830000000000155,0.6162000000476837,0.8658000000119159,0.6662999999523436,0.8158000000119614,0.6324999999999932,0.5493999999761741,0.5491999999881045,0.6329999999999814,3.8296999999881223,1.514900000035766,0.932300000011935,0.6324999999999932,0.9656999999880327,0.5496000000238723,0.6493000000119196,0.6825000000000045,0.5995000000000346,0.7826000000238196,0.8326999999881082,2.7643000000119287,1.4986999999880481,2.4476999999881173,0.8326999999881082,5.062000000000012,0.9158000000119273,0.5991999999881159,1.1491999999880704,9.007800000012026,0.9325999999642818,2.2480000000000473,11.006299999952375,2.1316999999880863,2.7641999999880227,4.745499999999993,1.3816999999880863,0.68260000002374,0.7493000000119991,1.2987000000476883]",,,0.0,48.0,48.0,190.0,1.0,ei,gei,question_gesture.png,im_hand.png,,,,,,
,,,348676,1,21,2023-10-02_21h26.35.284,flesh_expressibility_dutch,2022.2.4,Win32,60.15399423,,,,18.0,1.0,Nederlands,,,,,,Engels,2.0,Duits,1.0,,0.0,,0.0,,0.0,,0.0,,0.0,,0.0,NL,2.0,2.0,2.0,1.0,,sensorypref1,sensorypref2,1536.0,864.0,,,,,,,,,,,,,,,,,,,,,,,,,,,,,,,,,,,22.0,760.6872,41.0,"[0.7493999999761627,0.7161000000238289,0.7828999999761663,0.6161000000238346,0.8658000000119159,0.6661999999880663,0.8158000000119614,0.6324999999999932,0.5493999999761741,0.5491999999881045,0.6329999999999814,3.8296999999881223,1.514900000035766,0.932300000011935,0.6323999999762009,0.9656999999880327,0.5496000000238723,0.6493000000119196,0.6824000000357273,0.5995000000000346,0.7824999999999704,0.8326999999881082,2.7643000000119287,1.498599999964199,2.447599999964268,0.8326000000238878,5.061899999976163,0.9158000000119273,0.5991999999881159,1.1490999999642213,9.007700000047748,0.9325000000000045,2.2480000000000473,11.006299999952375,2.1316999999880863,2.7641999999880227,4.745499999999993,1.3816999999880863,0.68260000002374,0.74919999998815,1.2987000000476883]","[0.7493999999761627,0.7161000000238289,0.7830000000000155,0.6162000000476837,0.8658000000119159,0.6662999999523436,0.8158000000119614,0.6324999999999932,0.5493999999761741,0.5491999999881045,0.6329999999999814,3.8296999999881223,1.514900000035766,0.932300000011935,0.6324999999999932,0.9656999999880327,0.5496000000238723,0.6493000000119196,0.6825000000000045,0.5995000000000346,0.7826000000238196,0.8326999999881082,2.7643000000119287,1.4986999999880481,2.4476999999881173,0.8326999999881082,5.062000000000012,0.9158000000119273,0.5991999999881159,1.1491999999880704,9.007800000012026,0.9325999999642818,2.2480000000000473,11.006299999952375,2.1316999999880863,2.7641999999880227,4.745499999999993,1.3816999999880863,0.68260000002374,0.7493000000119991,1.2987000000476883]",,,0.0,49.0,49.0,81.0,1.0,vriend,gvriend,question_gesture.png,im_hand.png,,,,,,
,,,348676,1,21,2023-10-02_21h26.35.284,flesh_expressibility_dutch,2022.2.4,Win32,60.15399423,,,,18.0,1.0,Nederlands,,,,,,Engels,2.0,Duits,1.0,,0.0,,0.0,,0.0,,0.0,,0.0,,0.0,NL,2.0,2.0,2.0,1.0,,sensorypref1,sensorypref2,1536.0,864.0,,,,,,,,,,,,,,,,,,,,,,,,,,,,,,,,,,,20.0,761.6726,42.0,"[0.7493999999761627,0.7161000000238289,0.7828999999761663,0.6161000000238346,0.8658000000119159,0.6661999999880663,0.8158000000119614,0.6324999999999932,0.5493999999761741,0.5491999999881045,0.6329999999999814,3.8296999999881223,1.514900000035766,0.932300000011935,0.6323999999762009,0.9656999999880327,0.5496000000238723,0.6493000000119196,0.6824000000357273,0.5995000000000346,0.7824999999999704,0.8326999999881082,2.7643000000119287,1.498599999964199,2.447599999964268,0.8326000000238878,5.061899999976163,0.9158000000119273,0.5991999999881159,1.1490999999642213,9.007700000047748,0.9325000000000045,2.2480000000000473,11.006299999952375,2.1316999999880863,2.7641999999880227,4.745499999999993,1.3816999999880863,0.68260000002374,0.74919999998815,1.2987000000476883,1.0325000000000273]","[0.7493999999761627,0.7161000000238289,0.7830000000000155,0.6162000000476837,0.8658000000119159,0.6662999999523436,0.8158000000119614,0.6324999999999932,0.5493999999761741,0.5491999999881045,0.6329999999999814,3.8296999999881223,1.514900000035766,0.932300000011935,0.6324999999999932,0.9656999999880327,0.5496000000238723,0.6493000000119196,0.6825000000000045,0.5995000000000346,0.7826000000238196,0.8326999999881082,2.7643000000119287,1.4986999999880481,2.4476999999881173,0.8326999999881082,5.062000000000012,0.9158000000119273,0.5991999999881159,1.1491999999880704,9.007800000012026,0.9325999999642818,2.2480000000000473,11.006299999952375,2.1316999999880863,2.7641999999880227,4.745499999999993,1.3816999999880863,0.68260000002374,0.7493000000119991,1.2987000000476883,1.0325000000000273]",0.331258523,10.9877,0.0,50.0,50.0,121.0,1.0,voet,gvoet,question_gesture.png,im_hand.png,,,,,,
,,,348676,1,21,2023-10-02_21h26.35.284,flesh_expressibility_dutch,2022.2.4,Win32,60.15399423,,,,18.0,1.0,Nederlands,,,,,,Engels,2.0,Duits,1.0,,0.0,,0.0,,0.0,,0.0,,0.0,,0.0,NL,2.0,2.0,2.0,1.0,,sensorypref1,sensorypref2,1536.0,864.0,,,,,,,,,,,,,,,,,,,,,,,,,,,,,,,,,,,22.0,773.4862,42.0,"[0.7493999999761627,0.7161000000238289,0.7828999999761663,0.6161000000238346,0.8658000000119159,0.6661999999880663,0.8158000000119614,0.6324999999999932,0.5493999999761741,0.5491999999881045,0.6329999999999814,3.8296999999881223,1.514900000035766,0.932300000011935,0.6323999999762009,0.9656999999880327,0.5496000000238723,0.6493000000119196,0.6824000000357273,0.5995000000000346,0.7824999999999704,0.8326999999881082,2.7643000000119287,1.498599999964199,2.447599999964268,0.8326000000238878,5.061899999976163,0.9158000000119273,0.5991999999881159,1.1490999999642213,9.007700000047748,0.9325000000000045,2.2480000000000473,11.006299999952375,2.1316999999880863,2.7641999999880227,4.745499999999993,1.3816999999880863,0.68260000002374,0.74919999998815,1.2987000000476883,1.0325000000000273]","[0.7493999999761627,0.7161000000238289,0.7830000000000155,0.6162000000476837,0.8658000000119159,0.6662999999523436,0.8158000000119614,0.6324999999999932,0.5493999999761741,0.5491999999881045,0.6329999999999814,3.8296999999881223,1.514900000035766,0.932300000011935,0.6324999999999932,0.9656999999880327,0.5496000000238723,0.6493000000119196,0.6825000000000045,0.5995000000000346,0.7826000000238196,0.8326999999881082,2.7643000000119287,1.4986999999880481,2.4476999999881173,0.8326999999881082,5.062000000000012,0.9158000000119273,0.5991999999881159,1.1491999999880704,9.007800000012026,0.9325999999642818,2.2480000000000473,11.006299999952375,2.1316999999880863,2.7641999999880227,4.745499999999993,1.3816999999880863,0.68260000002374,0.7493000000119991,1.2987000000476883,1.0325000000000273]",,,0.0,51.0,51.0,152.0,1.0,eten,geten,question_gesture.png,im_hand.png,,,,,,
,,,348676,1,21,2023-10-02_21h26.35.284,flesh_expressibility_dutch,2022.2.4,Win32,60.15399423,,,,18.0,1.0,Nederlands,,,,,,Engels,2.0,Duits,1.0,,0.0,,0.0,,0.0,,0.0,,0.0,,0.0,NL,2.0,2.0,2.0,1.0,,sensorypref1,sensorypref2,1536.0,864.0,,,,,,,,,,,,,,,,,,,,,,,,,,,,,,,,,,,22.0,774.5185,42.0,"[0.7493999999761627,0.7161000000238289,0.7828999999761663,0.6161000000238346,0.8658000000119159,0.6661999999880663,0.8158000000119614,0.6324999999999932,0.5493999999761741,0.5491999999881045,0.6329999999999814,3.8296999999881223,1.514900000035766,0.932300000011935,0.6323999999762009,0.9656999999880327,0.5496000000238723,0.6493000000119196,0.6824000000357273,0.5995000000000346,0.7824999999999704,0.8326999999881082,2.7643000000119287,1.498599999964199,2.447599999964268,0.8326000000238878,5.061899999976163,0.9158000000119273,0.5991999999881159,1.1490999999642213,9.007700000047748,0.9325000000000045,2.2480000000000473,11.006299999952375,2.1316999999880863,2.7641999999880227,4.745499999999993,1.3816999999880863,0.68260000002374,0.74919999998815,1.2987000000476883,1.0325000000000273]","[0.7493999999761627,0.7161000000238289,0.7830000000000155,0.6162000000476837,0.8658000000119159,0.6662999999523436,0.8158000000119614,0.6324999999999932,0.5493999999761741,0.5491999999881045,0.6329999999999814,3.8296999999881223,1.514900000035766,0.932300000011935,0.6324999999999932,0.9656999999880327,0.5496000000238723,0.6493000000119196,0.6825000000000045,0.5995000000000346,0.7826000000238196,0.8326999999881082,2.7643000000119287,1.4986999999880481,2.4476999999881173,0.8326999999881082,5.062000000000012,0.9158000000119273,0.5991999999881159,1.1491999999880704,9.007800000012026,0.9325999999642818,2.2480000000000473,11.006299999952375,2.1316999999880863,2.7641999999880227,4.745499999999993,1.3816999999880863,0.68260000002374,0.7493000000119991,1.2987000000476883,1.0325000000000273]",,,0.0,52.0,52.0,179.0,1.0,zij,gzij,question_gesture.png,im_hand.png,,,,,,
,,,348676,1,21,2023-10-02_21h26.35.284,flesh_expressibility_dutch,2022.2.4,Win32,60.15399423,,,,18.0,1.0,Nederlands,,,,,,Engels,2.0,Duits,1.0,,0.0,,0.0,,0.0,,0.0,,0.0,,0.0,NL,2.0,2.0,2.0,1.0,,sensorypref1,sensorypref2,1536.0,864.0,,,,,,,,,,,,,,,,,,,,,,,,,,,,,,,,,,,22.0,775.4767,42.0,"[0.7493999999761627,0.7161000000238289,0.7828999999761663,0.6161000000238346,0.8658000000119159,0.6661999999880663,0.8158000000119614,0.6324999999999932,0.5493999999761741,0.5491999999881045,0.6329999999999814,3.8296999999881223,1.514900000035766,0.932300000011935,0.6323999999762009,0.9656999999880327,0.5496000000238723,0.6493000000119196,0.6824000000357273,0.5995000000000346,0.7824999999999704,0.8326999999881082,2.7643000000119287,1.498599999964199,2.447599999964268,0.8326000000238878,5.061899999976163,0.9158000000119273,0.5991999999881159,1.1490999999642213,9.007700000047748,0.9325000000000045,2.2480000000000473,11.006299999952375,2.1316999999880863,2.7641999999880227,4.745499999999993,1.3816999999880863,0.68260000002374,0.74919999998815,1.2987000000476883,1.0325000000000273]","[0.7493999999761627,0.7161000000238289,0.7830000000000155,0.6162000000476837,0.8658000000119159,0.6662999999523436,0.8158000000119614,0.6324999999999932,0.5493999999761741,0.5491999999881045,0.6329999999999814,3.8296999999881223,1.514900000035766,0.932300000011935,0.6324999999999932,0.9656999999880327,0.5496000000238723,0.6493000000119196,0.6825000000000045,0.5995000000000346,0.7826000000238196,0.8326999999881082,2.7643000000119287,1.4986999999880481,2.4476999999881173,0.8326999999881082,5.062000000000012,0.9158000000119273,0.5991999999881159,1.1491999999880704,9.007800000012026,0.9325999999642818,2.2480000000000473,11.006299999952375,2.1316999999880863,2.7641999999880227,4.745499999999993,1.3816999999880863,0.68260000002374,0.7493000000119991,1.2987000000476883,1.0325000000000273]",,,0.0,53.0,53.0,125.0,1.0,huid,ghuid,question_gesture.png,im_hand.png,,,,,,
,,,348676,1,21,2023-10-02_21h26.35.284,flesh_expressibility_dutch,2022.2.4,Win32,60.15399423,,,,18.0,1.0,Nederlands,,,,,,Engels,2.0,Duits,1.0,,0.0,,0.0,,0.0,,0.0,,0.0,,0.0,NL,2.0,2.0,2.0,1.0,,sensorypref1,sensorypref2,1536.0,864.0,,,,,,,,,,,,,,,,,,,,,,,,,,,,,,,,,,,22.0,776.5137,42.0,"[0.7493999999761627,0.7161000000238289,0.7828999999761663,0.6161000000238346,0.8658000000119159,0.6661999999880663,0.8158000000119614,0.6324999999999932,0.5493999999761741,0.5491999999881045,0.6329999999999814,3.8296999999881223,1.514900000035766,0.932300000011935,0.6323999999762009,0.9656999999880327,0.5496000000238723,0.6493000000119196,0.6824000000357273,0.5995000000000346,0.7824999999999704,0.8326999999881082,2.7643000000119287,1.498599999964199,2.447599999964268,0.8326000000238878,5.061899999976163,0.9158000000119273,0.5991999999881159,1.1490999999642213,9.007700000047748,0.9325000000000045,2.2480000000000473,11.006299999952375,2.1316999999880863,2.7641999999880227,4.745499999999993,1.3816999999880863,0.68260000002374,0.74919999998815,1.2987000000476883,1.0325000000000273]","[0.7493999999761627,0.7161000000238289,0.7830000000000155,0.6162000000476837,0.8658000000119159,0.6662999999523436,0.8158000000119614,0.6324999999999932,0.5493999999761741,0.5491999999881045,0.6329999999999814,3.8296999999881223,1.514900000035766,0.932300000011935,0.6324999999999932,0.9656999999880327,0.5496000000238723,0.6493000000119196,0.6825000000000045,0.5995000000000346,0.7826000000238196,0.8326999999881082,2.7643000000119287,1.4986999999880481,2.4476999999881173,0.8326999999881082,5.062000000000012,0.9158000000119273,0.5991999999881159,1.1491999999880704,9.007800000012026,0.9325999999642818,2.2480000000000473,11.006299999952375,2.1316999999880863,2.7641999999880227,4.745499999999993,1.3816999999880863,0.68260000002374,0.7493000000119991,1.2987000000476883,1.0325000000000273]",,,0.0,54.0,54.0,177.0,1.0,kind,gkind,question_gesture.png,im_hand.png,,,,,,
,,,348676,1,21,2023-10-02_21h26.35.284,flesh_expressibility_dutch,2022.2.4,Win32,60.15399423,,,,18.0,1.0,Nederlands,,,,,,Engels,2.0,Duits,1.0,,0.0,,0.0,,0.0,,0.0,,0.0,,0.0,NL,2.0,2.0,2.0,1.0,,sensorypref1,sensorypref2,1536.0,864.0,,,,,,,,,,,,,,,,,,,,,,,,,,,,,,,,,,,22.0,777.51,42.0,"[0.7493999999761627,0.7161000000238289,0.7828999999761663,0.6161000000238346,0.8658000000119159,0.6661999999880663,0.8158000000119614,0.6324999999999932,0.5493999999761741,0.5491999999881045,0.6329999999999814,3.8296999999881223,1.514900000035766,0.932300000011935,0.6323999999762009,0.9656999999880327,0.5496000000238723,0.6493000000119196,0.6824000000357273,0.5995000000000346,0.7824999999999704,0.8326999999881082,2.7643000000119287,1.498599999964199,2.447599999964268,0.8326000000238878,5.061899999976163,0.9158000000119273,0.5991999999881159,1.1490999999642213,9.007700000047748,0.9325000000000045,2.2480000000000473,11.006299999952375,2.1316999999880863,2.7641999999880227,4.745499999999993,1.3816999999880863,0.68260000002374,0.74919999998815,1.2987000000476883,1.0325000000000273]","[0.7493999999761627,0.7161000000238289,0.7830000000000155,0.6162000000476837,0.8658000000119159,0.6662999999523436,0.8158000000119614,0.6324999999999932,0.5493999999761741,0.5491999999881045,0.6329999999999814,3.8296999999881223,1.514900000035766,0.932300000011935,0.6324999999999932,0.9656999999880327,0.5496000000238723,0.6493000000119196,0.6825000000000045,0.5995000000000346,0.7826000000238196,0.8326999999881082,2.7643000000119287,1.4986999999880481,2.4476999999881173,0.8326999999881082,5.062000000000012,0.9158000000119273,0.5991999999881159,1.1491999999880704,9.007800000012026,0.9325999999642818,2.2480000000000473,11.006299999952375,2.1316999999880863,2.7641999999880227,4.745499999999993,1.3816999999880863,0.68260000002374,0.7493000000119991,1.2987000000476883,1.0325000000000273]",,,0.0,55.0,55.0,59.0,1.0,hoog,ghoog,question_gesture.png,im_hand.png,,,,,,
,,,348676,1,21,2023-10-02_21h26.35.284,flesh_expressibility_dutch,2022.2.4,Win32,60.15399423,,,,18.0,1.0,Nederlands,,,,,,Engels,2.0,Duits,1.0,,0.0,,0.0,,0.0,,0.0,,0.0,,0.0,NL,2.0,2.0,2.0,1.0,,sensorypref1,sensorypref2,1536.0,864.0,,,,,,,,,,,,,,,,,,,,,,,,,,,,,,,,,,,22.0,778.5085,42.0,"[0.7493999999761627,0.7161000000238289,0.7828999999761663,0.6161000000238346,0.8658000000119159,0.6661999999880663,0.8158000000119614,0.6324999999999932,0.5493999999761741,0.5491999999881045,0.6329999999999814,3.8296999999881223,1.514900000035766,0.932300000011935,0.6323999999762009,0.9656999999880327,0.5496000000238723,0.6493000000119196,0.6824000000357273,0.5995000000000346,0.7824999999999704,0.8326999999881082,2.7643000000119287,1.498599999964199,2.447599999964268,0.8326000000238878,5.061899999976163,0.9158000000119273,0.5991999999881159,1.1490999999642213,9.007700000047748,0.9325000000000045,2.2480000000000473,11.006299999952375,2.1316999999880863,2.7641999999880227,4.745499999999993,1.3816999999880863,0.68260000002374,0.74919999998815,1.2987000000476883,1.0325000000000273]","[0.7493999999761627,0.7161000000238289,0.7830000000000155,0.6162000000476837,0.8658000000119159,0.6662999999523436,0.8158000000119614,0.6324999999999932,0.5493999999761741,0.5491999999881045,0.6329999999999814,3.8296999999881223,1.514900000035766,0.932300000011935,0.6324999999999932,0.9656999999880327,0.5496000000238723,0.6493000000119196,0.6825000000000045,0.5995000000000346,0.7826000000238196,0.8326999999881082,2.7643000000119287,1.4986999999880481,2.4476999999881173,0.8326999999881082,5.062000000000012,0.9158000000119273,0.5991999999881159,1.1491999999880704,9.007800000012026,0.9325999999642818,2.2480000000000473,11.006299999952375,2.1316999999880863,2.7641999999880227,4.745499999999993,1.3816999999880863,0.68260000002374,0.7493000000119991,1.2987000000476883,1.0325000000000273]",,,0.0,56.0,56.0,75.0,1.0,rond,grond,question_gesture.png,im_hand.png,,,,,,
,,,348676,1,21,2023-10-02_21h26.35.284,flesh_expressibility_dutch,2022.2.4,Win32,60.15399423,,,,18.0,1.0,Nederlands,,,,,,Engels,2.0,Duits,1.0,,0.0,,0.0,,0.0,,0.0,,0.0,,0.0,NL,2.0,2.0,2.0,1.0,,sensorypref1,sensorypref2,1536.0,864.0,,,,,,,,,,,,,,,,,,,,,,,,,,,,,,,,,,,22.0,779.5093,42.0,"[0.7493999999761627,0.7161000000238289,0.7828999999761663,0.6161000000238346,0.8658000000119159,0.6661999999880663,0.8158000000119614,0.6324999999999932,0.5493999999761741,0.5491999999881045,0.6329999999999814,3.8296999999881223,1.514900000035766,0.932300000011935,0.6323999999762009,0.9656999999880327,0.5496000000238723,0.6493000000119196,0.6824000000357273,0.5995000000000346,0.7824999999999704,0.8326999999881082,2.7643000000119287,1.498599999964199,2.447599999964268,0.8326000000238878,5.061899999976163,0.9158000000119273,0.5991999999881159,1.1490999999642213,9.007700000047748,0.9325000000000045,2.2480000000000473,11.006299999952375,2.1316999999880863,2.7641999999880227,4.745499999999993,1.3816999999880863,0.68260000002374,0.74919999998815,1.2987000000476883,1.0325000000000273]","[0.7493999999761627,0.7161000000238289,0.7830000000000155,0.6162000000476837,0.8658000000119159,0.6662999999523436,0.8158000000119614,0.6324999999999932,0.5493999999761741,0.5491999999881045,0.6329999999999814,3.8296999999881223,1.514900000035766,0.932300000011935,0.6324999999999932,0.9656999999880327,0.5496000000238723,0.6493000000119196,0.6825000000000045,0.5995000000000346,0.7826000000238196,0.8326999999881082,2.7643000000119287,1.4986999999880481,2.4476999999881173,0.8326999999881082,5.062000000000012,0.9158000000119273,0.5991999999881159,1.1491999999880704,9.007800000012026,0.9325999999642818,2.2480000000000473,11.006299999952375,2.1316999999880863,2.7641999999880227,4.745499999999993,1.3816999999880863,0.68260000002374,0.7493000000119991,1.2987000000476883,1.0325000000000273]",,,0.0,57.0,57.0,10.0,1.0,strak,gstrak,question_gesture.png,im_hand.png,,,,,,
,,,348676,1,21,2023-10-02_21h26.35.284,flesh_expressibility_dutch,2022.2.4,Win32,60.15399423,,,,18.0,1.0,Nederlands,,,,,,Engels,2.0,Duits,1.0,,0.0,,0.0,,0.0,,0.0,,0.0,,0.0,NL,2.0,2.0,2.0,1.0,,sensorypref1,sensorypref2,1536.0,864.0,,,,,,,,,,,,,,,,,,,,,,,,,,,,,,,,,,,22.0,780.5123,42.0,"[0.7493999999761627,0.7161000000238289,0.7828999999761663,0.6161000000238346,0.8658000000119159,0.6661999999880663,0.8158000000119614,0.6324999999999932,0.5493999999761741,0.5491999999881045,0.6329999999999814,3.8296999999881223,1.514900000035766,0.932300000011935,0.6323999999762009,0.9656999999880327,0.5496000000238723,0.6493000000119196,0.6824000000357273,0.5995000000000346,0.7824999999999704,0.8326999999881082,2.7643000000119287,1.498599999964199,2.447599999964268,0.8326000000238878,5.061899999976163,0.9158000000119273,0.5991999999881159,1.1490999999642213,9.007700000047748,0.9325000000000045,2.2480000000000473,11.006299999952375,2.1316999999880863,2.7641999999880227,4.745499999999993,1.3816999999880863,0.68260000002374,0.74919999998815,1.2987000000476883,1.0325000000000273]","[0.7493999999761627,0.7161000000238289,0.7830000000000155,0.6162000000476837,0.8658000000119159,0.6662999999523436,0.8158000000119614,0.6324999999999932,0.5493999999761741,0.5491999999881045,0.6329999999999814,3.8296999999881223,1.514900000035766,0.932300000011935,0.6324999999999932,0.9656999999880327,0.5496000000238723,0.6493000000119196,0.6825000000000045,0.5995000000000346,0.7826000000238196,0.8326999999881082,2.7643000000119287,1.4986999999880481,2.4476999999881173,0.8326999999881082,5.062000000000012,0.9158000000119273,0.5991999999881159,1.1491999999880704,9.007800000012026,0.9325999999642818,2.2480000000000473,11.006299999952375,2.1316999999880863,2.7641999999880227,4.745499999999993,1.3816999999880863,0.68260000002374,0.7493000000119991,1.2987000000476883,1.0325000000000273]",,,0.0,58.0,58.0,62.0,1.0,piepen,gpiepen,question_gesture.png,im_hand.png,,,,,,
,,,348676,1,21,2023-10-02_21h26.35.284,flesh_expressibility_dutch,2022.2.4,Win32,60.15399423,,,,18.0,1.0,Nederlands,,,,,,Engels,2.0,Duits,1.0,,0.0,,0.0,,0.0,,0.0,,0.0,,0.0,NL,2.0,2.0,2.0,1.0,,sensorypref1,sensorypref2,1536.0,864.0,,,,,,,,,,,,,,,,,,,,,,,,,,,,,,,,,,,22.0,781.5166,42.0,"[0.7493999999761627,0.7161000000238289,0.7828999999761663,0.6161000000238346,0.8658000000119159,0.6661999999880663,0.8158000000119614,0.6324999999999932,0.5493999999761741,0.5491999999881045,0.6329999999999814,3.8296999999881223,1.514900000035766,0.932300000011935,0.6323999999762009,0.9656999999880327,0.5496000000238723,0.6493000000119196,0.6824000000357273,0.5995000000000346,0.7824999999999704,0.8326999999881082,2.7643000000119287,1.498599999964199,2.447599999964268,0.8326000000238878,5.061899999976163,0.9158000000119273,0.5991999999881159,1.1490999999642213,9.007700000047748,0.9325000000000045,2.2480000000000473,11.006299999952375,2.1316999999880863,2.7641999999880227,4.745499999999993,1.3816999999880863,0.68260000002374,0.74919999998815,1.2987000000476883,1.0325000000000273]","[0.7493999999761627,0.7161000000238289,0.7830000000000155,0.6162000000476837,0.8658000000119159,0.6662999999523436,0.8158000000119614,0.6324999999999932,0.5493999999761741,0.5491999999881045,0.6329999999999814,3.8296999999881223,1.514900000035766,0.932300000011935,0.6324999999999932,0.9656999999880327,0.5496000000238723,0.6493000000119196,0.6825000000000045,0.5995000000000346,0.7826000000238196,0.8326999999881082,2.7643000000119287,1.4986999999880481,2.4476999999881173,0.8326999999881082,5.062000000000012,0.9158000000119273,0.5991999999881159,1.1491999999880704,9.007800000012026,0.9325999999642818,2.2480000000000473,11.006299999952375,2.1316999999880863,2.7641999999880227,4.745499999999993,1.3816999999880863,0.68260000002374,0.7493000000119991,1.2987000000476883,1.0325000000000273]",,,0.0,59.0,59.0,97.0,1.0,doen,gdoen,question_gesture.png,im_hand.png,,,,,,
,,,348676,1,21,2023-10-02_21h26.35.284,flesh_expressibility_dutch,2022.2.4,Win32,60.15399423,,,,18.0,1.0,Nederlands,,,,,,Engels,2.0,Duits,1.0,,0.0,,0.0,,0.0,,0.0,,0.0,,0.0,NL,2.0,2.0,2.0,1.0,,sensorypref1,sensorypref2,1536.0,864.0,,,,,,,,,,,,,,,,,,,,,,,,,,,,,,,,,,,22.0,782.5057,42.0,"[0.7493999999761627,0.7161000000238289,0.7828999999761663,0.6161000000238346,0.8658000000119159,0.6661999999880663,0.8158000000119614,0.6324999999999932,0.5493999999761741,0.5491999999881045,0.6329999999999814,3.8296999999881223,1.514900000035766,0.932300000011935,0.6323999999762009,0.9656999999880327,0.5496000000238723,0.6493000000119196,0.6824000000357273,0.5995000000000346,0.7824999999999704,0.8326999999881082,2.7643000000119287,1.498599999964199,2.447599999964268,0.8326000000238878,5.061899999976163,0.9158000000119273,0.5991999999881159,1.1490999999642213,9.007700000047748,0.9325000000000045,2.2480000000000473,11.006299999952375,2.1316999999880863,2.7641999999880227,4.745499999999993,1.3816999999880863,0.68260000002374,0.74919999998815,1.2987000000476883,1.0325000000000273]","[0.7493999999761627,0.7161000000238289,0.7830000000000155,0.6162000000476837,0.8658000000119159,0.6662999999523436,0.8158000000119614,0.6324999999999932,0.5493999999761741,0.5491999999881045,0.6329999999999814,3.8296999999881223,1.514900000035766,0.932300000011935,0.6324999999999932,0.9656999999880327,0.5496000000238723,0.6493000000119196,0.6825000000000045,0.5995000000000346,0.7826000000238196,0.8326999999881082,2.7643000000119287,1.4986999999880481,2.4476999999881173,0.8326999999881082,5.062000000000012,0.9158000000119273,0.5991999999881159,1.1491999999880704,9.007800000012026,0.9325999999642818,2.2480000000000473,11.006299999952375,2.1316999999880863,2.7641999999880227,4.745499999999993,1.3816999999880863,0.68260000002374,0.7493000000119991,1.2987000000476883,1.0325000000000273]",,,0.0,60.0,60.0,107.0,1.0,mond,gmond,question_gesture.png,im_hand.png,,,,,,
,,,348676,1,21,2023-10-02_21h26.35.284,flesh_expressibility_dutch,2022.2.4,Win32,60.15399423,,,,18.0,1.0,Nederlands,,,,,,Engels,2.0,Duits,1.0,,0.0,,0.0,,0.0,,0.0,,0.0,,0.0,NL,2.0,2.0,2.0,1.0,,sensorypref1,sensorypref2,1536.0,864.0,,,,,,,,,,,,,,,,,,,,,,,,,,,,,,,,,,,22.0,783.5289,42.0,"[0.7493999999761627,0.7161000000238289,0.7828999999761663,0.6161000000238346,0.8658000000119159,0.6661999999880663,0.8158000000119614,0.6324999999999932,0.5493999999761741,0.5491999999881045,0.6329999999999814,3.8296999999881223,1.514900000035766,0.932300000011935,0.6323999999762009,0.9656999999880327,0.5496000000238723,0.6493000000119196,0.6824000000357273,0.5995000000000346,0.7824999999999704,0.8326999999881082,2.7643000000119287,1.498599999964199,2.447599999964268,0.8326000000238878,5.061899999976163,0.9158000000119273,0.5991999999881159,1.1490999999642213,9.007700000047748,0.9325000000000045,2.2480000000000473,11.006299999952375,2.1316999999880863,2.7641999999880227,4.745499999999993,1.3816999999880863,0.68260000002374,0.74919999998815,1.2987000000476883,1.0325000000000273]","[0.7493999999761627,0.7161000000238289,0.7830000000000155,0.6162000000476837,0.8658000000119159,0.6662999999523436,0.8158000000119614,0.6324999999999932,0.5493999999761741,0.5491999999881045,0.6329999999999814,3.8296999999881223,1.514900000035766,0.932300000011935,0.6324999999999932,0.9656999999880327,0.5496000000238723,0.6493000000119196,0.6825000000000045,0.5995000000000346,0.7826000000238196,0.8326999999881082,2.7643000000119287,1.4986999999880481,2.4476999999881173,0.8326999999881082,5.062000000000012,0.9158000000119273,0.5991999999881159,1.1491999999880704,9.007800000012026,0.9325999999642818,2.2480000000000473,11.006299999952375,2.1316999999880863,2.7641999999880227,4.745499999999993,1.3816999999880863,0.68260000002374,0.7493000000119991,1.2987000000476883,1.0325000000000273]",,,0.0,61.0,61.0,120.0,1.0,been,gbeen,question_gesture.png,im_hand.png,,,,,,
,,,348676,1,21,2023-10-02_21h26.35.284,flesh_expressibility_dutch,2022.2.4,Win32,60.15399423,,,,18.0,1.0,Nederlands,,,,,,Engels,2.0,Duits,1.0,,0.0,,0.0,,0.0,,0.0,,0.0,,0.0,NL,2.0,2.0,2.0,1.0,,sensorypref1,sensorypref2,1536.0,864.0,,,,,,,,,,,,,,,,,,,,,,,,,,,,,,,,,,,22.0,784.5339,42.0,"[0.7493999999761627,0.7161000000238289,0.7828999999761663,0.6161000000238346,0.8658000000119159,0.6661999999880663,0.8158000000119614,0.6324999999999932,0.5493999999761741,0.5491999999881045,0.6329999999999814,3.8296999999881223,1.514900000035766,0.932300000011935,0.6323999999762009,0.9656999999880327,0.5496000000238723,0.6493000000119196,0.6824000000357273,0.5995000000000346,0.7824999999999704,0.8326999999881082,2.7643000000119287,1.498599999964199,2.447599999964268,0.8326000000238878,5.061899999976163,0.9158000000119273,0.5991999999881159,1.1490999999642213,9.007700000047748,0.9325000000000045,2.2480000000000473,11.006299999952375,2.1316999999880863,2.7641999999880227,4.745499999999993,1.3816999999880863,0.68260000002374,0.74919999998815,1.2987000000476883,1.0325000000000273]","[0.7493999999761627,0.7161000000238289,0.7830000000000155,0.6162000000476837,0.8658000000119159,0.6662999999523436,0.8158000000119614,0.6324999999999932,0.5493999999761741,0.5491999999881045,0.6329999999999814,3.8296999999881223,1.514900000035766,0.932300000011935,0.6324999999999932,0.9656999999880327,0.5496000000238723,0.6493000000119196,0.6825000000000045,0.5995000000000346,0.7826000000238196,0.8326999999881082,2.7643000000119287,1.4986999999880481,2.4476999999881173,0.8326999999881082,5.062000000000012,0.9158000000119273,0.5991999999881159,1.1491999999880704,9.007800000012026,0.9325999999642818,2.2480000000000473,11.006299999952375,2.1316999999880863,2.7641999999880227,4.745499999999993,1.3816999999880863,0.68260000002374,0.7493000000119991,1.2987000000476883,1.0325000000000273]",,,0.0,62.0,62.0,163.0,1.0,zout,gzout,question_gesture.png,im_hand.png,,,,,,
,,,348676,1,21,2023-10-02_21h26.35.284,flesh_expressibility_dutch,2022.2.4,Win32,60.15399423,,,,18.0,1.0,Nederlands,,,,,,Engels,2.0,Duits,1.0,,0.0,,0.0,,0.0,,0.0,,0.0,,0.0,NL,2.0,2.0,2.0,1.0,,sensorypref1,sensorypref2,1536.0,864.0,,,,,,,,,,,,,,,,,,,,,,,,,,,,,,,,,,,22.0,785.514,42.0,"[0.7493999999761627,0.7161000000238289,0.7828999999761663,0.6161000000238346,0.8658000000119159,0.6661999999880663,0.8158000000119614,0.6324999999999932,0.5493999999761741,0.5491999999881045,0.6329999999999814,3.8296999999881223,1.514900000035766,0.932300000011935,0.6323999999762009,0.9656999999880327,0.5496000000238723,0.6493000000119196,0.6824000000357273,0.5995000000000346,0.7824999999999704,0.8326999999881082,2.7643000000119287,1.498599999964199,2.447599999964268,0.8326000000238878,5.061899999976163,0.9158000000119273,0.5991999999881159,1.1490999999642213,9.007700000047748,0.9325000000000045,2.2480000000000473,11.006299999952375,2.1316999999880863,2.7641999999880227,4.745499999999993,1.3816999999880863,0.68260000002374,0.74919999998815,1.2987000000476883,1.0325000000000273]","[0.7493999999761627,0.7161000000238289,0.7830000000000155,0.6162000000476837,0.8658000000119159,0.6662999999523436,0.8158000000119614,0.6324999999999932,0.5493999999761741,0.5491999999881045,0.6329999999999814,3.8296999999881223,1.514900000035766,0.932300000011935,0.6324999999999932,0.9656999999880327,0.5496000000238723,0.6493000000119196,0.6825000000000045,0.5995000000000346,0.7826000000238196,0.8326999999881082,2.7643000000119287,1.4986999999880481,2.4476999999881173,0.8326999999881082,5.062000000000012,0.9158000000119273,0.5991999999881159,1.1491999999880704,9.007800000012026,0.9325999999642818,2.2480000000000473,11.006299999952375,2.1316999999880863,2.7641999999880227,4.745499999999993,1.3816999999880863,0.68260000002374,0.7493000000119991,1.2987000000476883,1.0325000000000273]",,,0.0,63.0,63.0,201.0,1.0,gisteren,ggisteren,question_gesture.png,im_hand.png,,,,,,
,,,348676,1,21,2023-10-02_21h26.35.284,flesh_expressibility_dutch,2022.2.4,Win32,60.15399423,,,,18.0,1.0,Nederlands,,,,,,Engels,2.0,Duits,1.0,,0.0,,0.0,,0.0,,0.0,,0.0,,0.0,NL,2.0,2.0,2.0,1.0,,sensorypref1,sensorypref2,1536.0,864.0,,,,,,,,,,,,,,,,,,,,,,,,,,,,,,,,,,,22.0,786.4987,42.0,"[0.7493999999761627,0.7161000000238289,0.7828999999761663,0.6161000000238346,0.8658000000119159,0.6661999999880663,0.8158000000119614,0.6324999999999932,0.5493999999761741,0.5491999999881045,0.6329999999999814,3.8296999999881223,1.514900000035766,0.932300000011935,0.6323999999762009,0.9656999999880327,0.5496000000238723,0.6493000000119196,0.6824000000357273,0.5995000000000346,0.7824999999999704,0.8326999999881082,2.7643000000119287,1.498599999964199,2.447599999964268,0.8326000000238878,5.061899999976163,0.9158000000119273,0.5991999999881159,1.1490999999642213,9.007700000047748,0.9325000000000045,2.2480000000000473,11.006299999952375,2.1316999999880863,2.7641999999880227,4.745499999999993,1.3816999999880863,0.68260000002374,0.74919999998815,1.2987000000476883,1.0325000000000273]","[0.7493999999761627,0.7161000000238289,0.7830000000000155,0.6162000000476837,0.8658000000119159,0.6662999999523436,0.8158000000119614,0.6324999999999932,0.5493999999761741,0.5491999999881045,0.6329999999999814,3.8296999999881223,1.514900000035766,0.932300000011935,0.6324999999999932,0.9656999999880327,0.5496000000238723,0.6493000000119196,0.6825000000000045,0.5995000000000346,0.7826000000238196,0.8326999999881082,2.7643000000119287,1.4986999999880481,2.4476999999881173,0.8326999999881082,5.062000000000012,0.9158000000119273,0.5991999999881159,1.1491999999880704,9.007800000012026,0.9325999999642818,2.2480000000000473,11.006299999952375,2.1316999999880863,2.7641999999880227,4.745499999999993,1.3816999999880863,0.68260000002374,0.7493000000119991,1.2987000000476883,1.0325000000000273]",,,0.0,64.0,64.0,137.0,1.0,vallen,gvallen,question_gesture.png,im_hand.png,,,,,,
,,,348676,1,21,2023-10-02_21h26.35.284,flesh_expressibility_dutch,2022.2.4,Win32,60.15399423,,,,18.0,1.0,Nederlands,,,,,,Engels,2.0,Duits,1.0,,0.0,,0.0,,0.0,,0.0,,0.0,,0.0,NL,2.0,2.0,2.0,1.0,,sensorypref1,sensorypref2,1536.0,864.0,,,,,,,,,,,,,,,,,,,,,,,,,,,,,,,,,,,22.0,787.4958,42.0,"[0.7493999999761627,0.7161000000238289,0.7828999999761663,0.6161000000238346,0.8658000000119159,0.6661999999880663,0.8158000000119614,0.6324999999999932,0.5493999999761741,0.5491999999881045,0.6329999999999814,3.8296999999881223,1.514900000035766,0.932300000011935,0.6323999999762009,0.9656999999880327,0.5496000000238723,0.6493000000119196,0.6824000000357273,0.5995000000000346,0.7824999999999704,0.8326999999881082,2.7643000000119287,1.498599999964199,2.447599999964268,0.8326000000238878,5.061899999976163,0.9158000000119273,0.5991999999881159,1.1490999999642213,9.007700000047748,0.9325000000000045,2.2480000000000473,11.006299999952375,2.1316999999880863,2.7641999999880227,4.745499999999993,1.3816999999880863,0.68260000002374,0.74919999998815,1.2987000000476883,1.0325000000000273]","[0.7493999999761627,0.7161000000238289,0.7830000000000155,0.6162000000476837,0.8658000000119159,0.6662999999523436,0.8158000000119614,0.6324999999999932,0.5493999999761741,0.5491999999881045,0.6329999999999814,3.8296999999881223,1.514900000035766,0.932300000011935,0.6324999999999932,0.9656999999880327,0.5496000000238723,0.6493000000119196,0.6825000000000045,0.5995000000000346,0.7826000000238196,0.8326999999881082,2.7643000000119287,1.4986999999880481,2.4476999999881173,0.8326999999881082,5.062000000000012,0.9158000000119273,0.5991999999881159,1.1491999999880704,9.007800000012026,0.9325999999642818,2.2480000000000473,11.006299999952375,2.1316999999880863,2.7641999999880227,4.745499999999993,1.3816999999880863,0.68260000002374,0.7493000000119991,1.2987000000476883,1.0325000000000273]",,,0.0,65.0,65.0,135.0,1.0,wind,gwind,question_gesture.png,im_hand.png,,,,,,
,,,348676,1,21,2023-10-02_21h26.35.284,flesh_expressibility_dutch,2022.2.4,Win32,60.15399423,,,,18.0,1.0,Nederlands,,,,,,Engels,2.0,Duits,1.0,,0.0,,0.0,,0.0,,0.0,,0.0,,0.0,NL,2.0,2.0,2.0,1.0,,sensorypref1,sensorypref2,1536.0,864.0,,,,,,,,,,,,,,,,,,,,,,,,,,,,,,,,,,,22.0,788.5039,42.0,"[0.7493999999761627,0.7161000000238289,0.7828999999761663,0.6161000000238346,0.8658000000119159,0.6661999999880663,0.8158000000119614,0.6324999999999932,0.5493999999761741,0.5491999999881045,0.6329999999999814,3.8296999999881223,1.514900000035766,0.932300000011935,0.6323999999762009,0.9656999999880327,0.5496000000238723,0.6493000000119196,0.6824000000357273,0.5995000000000346,0.7824999999999704,0.8326999999881082,2.7643000000119287,1.498599999964199,2.447599999964268,0.8326000000238878,5.061899999976163,0.9158000000119273,0.5991999999881159,1.1490999999642213,9.007700000047748,0.9325000000000045,2.2480000000000473,11.006299999952375,2.1316999999880863,2.7641999999880227,4.745499999999993,1.3816999999880863,0.68260000002374,0.74919999998815,1.2987000000476883,1.0325000000000273]","[0.7493999999761627,0.7161000000238289,0.7830000000000155,0.6162000000476837,0.8658000000119159,0.6662999999523436,0.8158000000119614,0.6324999999999932,0.5493999999761741,0.5491999999881045,0.6329999999999814,3.8296999999881223,1.514900000035766,0.932300000011935,0.6324999999999932,0.9656999999880327,0.5496000000238723,0.6493000000119196,0.6825000000000045,0.5995000000000346,0.7826000000238196,0.8326999999881082,2.7643000000119287,1.4986999999880481,2.4476999999881173,0.8326999999881082,5.062000000000012,0.9158000000119273,0.5991999999881159,1.1491999999880704,9.007800000012026,0.9325999999642818,2.2480000000000473,11.006299999952375,2.1316999999880863,2.7641999999880227,4.745499999999993,1.3816999999880863,0.68260000002374,0.7493000000119991,1.2987000000476883,1.0325000000000273]",,,0.0,66.0,66.0,85.0,1.0,boven,gboven,question_gesture.png,im_hand.png,,,,,,
,,,348676,1,21,2023-10-02_21h26.35.284,flesh_expressibility_dutch,2022.2.4,Win32,60.15399423,,,,18.0,1.0,Nederlands,,,,,,Engels,2.0,Duits,1.0,,0.0,,0.0,,0.0,,0.0,,0.0,,0.0,NL,2.0,2.0,2.0,1.0,,sensorypref1,sensorypref2,1536.0,864.0,,,,,,,,,,,,,,,,,,,,,,,,,,,,,,,,,,,22.0,789.5377,42.0,"[0.7493999999761627,0.7161000000238289,0.7828999999761663,0.6161000000238346,0.8658000000119159,0.6661999999880663,0.8158000000119614,0.6324999999999932,0.5493999999761741,0.5491999999881045,0.6329999999999814,3.8296999999881223,1.514900000035766,0.932300000011935,0.6323999999762009,0.9656999999880327,0.5496000000238723,0.6493000000119196,0.6824000000357273,0.5995000000000346,0.7824999999999704,0.8326999999881082,2.7643000000119287,1.498599999964199,2.447599999964268,0.8326000000238878,5.061899999976163,0.9158000000119273,0.5991999999881159,1.1490999999642213,9.007700000047748,0.9325000000000045,2.2480000000000473,11.006299999952375,2.1316999999880863,2.7641999999880227,4.745499999999993,1.3816999999880863,0.68260000002374,0.74919999998815,1.2987000000476883,1.0325000000000273]","[0.7493999999761627,0.7161000000238289,0.7830000000000155,0.6162000000476837,0.8658000000119159,0.6662999999523436,0.8158000000119614,0.6324999999999932,0.5493999999761741,0.5491999999881045,0.6329999999999814,3.8296999999881223,1.514900000035766,0.932300000011935,0.6324999999999932,0.9656999999880327,0.5496000000238723,0.6493000000119196,0.6825000000000045,0.5995000000000346,0.7826000000238196,0.8326999999881082,2.7643000000119287,1.4986999999880481,2.4476999999881173,0.8326999999881082,5.062000000000012,0.9158000000119273,0.5991999999881159,1.1491999999880704,9.007800000012026,0.9325999999642818,2.2480000000000473,11.006299999952375,2.1316999999880863,2.7641999999880227,4.745499999999993,1.3816999999880863,0.68260000002374,0.7493000000119991,1.2987000000476883,1.0325000000000273]",,,0.0,67.0,67.0,180.0,1.0,het,ghet,question_gesture.png,im_hand.png,,,,,,
,,,348676,1,21,2023-10-02_21h26.35.284,flesh_expressibility_dutch,2022.2.4,Win32,60.15399423,,,,18.0,1.0,Nederlands,,,,,,Engels,2.0,Duits,1.0,,0.0,,0.0,,0.0,,0.0,,0.0,,0.0,NL,2.0,2.0,2.0,1.0,,sensorypref1,sensorypref2,1536.0,864.0,,,,,,,,,,,,,,,,,,,,,,,,,,,,,,,,,,,22.0,790.5011,42.0,"[0.7493999999761627,0.7161000000238289,0.7828999999761663,0.6161000000238346,0.8658000000119159,0.6661999999880663,0.8158000000119614,0.6324999999999932,0.5493999999761741,0.5491999999881045,0.6329999999999814,3.8296999999881223,1.514900000035766,0.932300000011935,0.6323999999762009,0.9656999999880327,0.5496000000238723,0.6493000000119196,0.6824000000357273,0.5995000000000346,0.7824999999999704,0.8326999999881082,2.7643000000119287,1.498599999964199,2.447599999964268,0.8326000000238878,5.061899999976163,0.9158000000119273,0.5991999999881159,1.1490999999642213,9.007700000047748,0.9325000000000045,2.2480000000000473,11.006299999952375,2.1316999999880863,2.7641999999880227,4.745499999999993,1.3816999999880863,0.68260000002374,0.74919999998815,1.2987000000476883,1.0325000000000273]","[0.7493999999761627,0.7161000000238289,0.7830000000000155,0.6162000000476837,0.8658000000119159,0.6662999999523436,0.8158000000119614,0.6324999999999932,0.5493999999761741,0.5491999999881045,0.6329999999999814,3.8296999999881223,1.514900000035766,0.932300000011935,0.6324999999999932,0.9656999999880327,0.5496000000238723,0.6493000000119196,0.6825000000000045,0.5995000000000346,0.7826000000238196,0.8326999999881082,2.7643000000119287,1.4986999999880481,2.4476999999881173,0.8326999999881082,5.062000000000012,0.9158000000119273,0.5991999999881159,1.1491999999880704,9.007800000012026,0.9325999999642818,2.2480000000000473,11.006299999952375,2.1316999999880863,2.7641999999880227,4.745499999999993,1.3816999999880863,0.68260000002374,0.7493000000119991,1.2987000000476883,1.0325000000000273]",,,0.0,68.0,68.0,50.0,1.0,zwemmen,gzwemmen,question_gesture.png,im_hand.png,,,,,,
,,,348676,1,21,2023-10-02_21h26.35.284,flesh_expressibility_dutch,2022.2.4,Win32,60.15399423,,,,18.0,1.0,Nederlands,,,,,,Engels,2.0,Duits,1.0,,0.0,,0.0,,0.0,,0.0,,0.0,,0.0,NL,2.0,2.0,2.0,1.0,,sensorypref1,sensorypref2,1536.0,864.0,,,,,,,,,,,,,,,,,,,,,,,,,,,,,,,,,,,22.0,791.5204,42.0,"[0.7493999999761627,0.7161000000238289,0.7828999999761663,0.6161000000238346,0.8658000000119159,0.6661999999880663,0.8158000000119614,0.6324999999999932,0.5493999999761741,0.5491999999881045,0.6329999999999814,3.8296999999881223,1.514900000035766,0.932300000011935,0.6323999999762009,0.9656999999880327,0.5496000000238723,0.6493000000119196,0.6824000000357273,0.5995000000000346,0.7824999999999704,0.8326999999881082,2.7643000000119287,1.498599999964199,2.447599999964268,0.8326000000238878,5.061899999976163,0.9158000000119273,0.5991999999881159,1.1490999999642213,9.007700000047748,0.9325000000000045,2.2480000000000473,11.006299999952375,2.1316999999880863,2.7641999999880227,4.745499999999993,1.3816999999880863,0.68260000002374,0.74919999998815,1.2987000000476883,1.0325000000000273]","[0.7493999999761627,0.7161000000238289,0.7830000000000155,0.6162000000476837,0.8658000000119159,0.6662999999523436,0.8158000000119614,0.6324999999999932,0.5493999999761741,0.5491999999881045,0.6329999999999814,3.8296999999881223,1.514900000035766,0.932300000011935,0.6324999999999932,0.9656999999880327,0.5496000000238723,0.6493000000119196,0.6825000000000045,0.5995000000000346,0.7826000000238196,0.8326999999881082,2.7643000000119287,1.4986999999880481,2.4476999999881173,0.8326999999881082,5.062000000000012,0.9158000000119273,0.5991999999881159,1.1491999999880704,9.007800000012026,0.9325999999642818,2.2480000000000473,11.006299999952375,2.1316999999880863,2.7641999999880227,4.745499999999993,1.3816999999880863,0.68260000002374,0.7493000000119991,1.2987000000476883,1.0325000000000273]",,,0.0,69.0,69.0,44.0,1.0,lucht,glucht,question_gesture.png,im_hand.png,,,,,,
,,,348676,1,21,2023-10-02_21h26.35.284,flesh_expressibility_dutch,2022.2.4,Win32,60.15399423,,,,18.0,1.0,Nederlands,,,,,,Engels,2.0,Duits,1.0,,0.0,,0.0,,0.0,,0.0,,0.0,,0.0,NL,2.0,2.0,2.0,1.0,,sensorypref1,sensorypref2,1536.0,864.0,,,,,,,,,,,,,,,,,,,,,,,,,,,,,,,,,,,22.0,792.4893,42.0,"[0.7493999999761627,0.7161000000238289,0.7828999999761663,0.6161000000238346,0.8658000000119159,0.6661999999880663,0.8158000000119614,0.6324999999999932,0.5493999999761741,0.5491999999881045,0.6329999999999814,3.8296999999881223,1.514900000035766,0.932300000011935,0.6323999999762009,0.9656999999880327,0.5496000000238723,0.6493000000119196,0.6824000000357273,0.5995000000000346,0.7824999999999704,0.8326999999881082,2.7643000000119287,1.498599999964199,2.447599999964268,0.8326000000238878,5.061899999976163,0.9158000000119273,0.5991999999881159,1.1490999999642213,9.007700000047748,0.9325000000000045,2.2480000000000473,11.006299999952375,2.1316999999880863,2.7641999999880227,4.745499999999993,1.3816999999880863,0.68260000002374,0.74919999998815,1.2987000000476883,1.0325000000000273]","[0.7493999999761627,0.7161000000238289,0.7830000000000155,0.6162000000476837,0.8658000000119159,0.6662999999523436,0.8158000000119614,0.6324999999999932,0.5493999999761741,0.5491999999881045,0.6329999999999814,3.8296999999881223,1.514900000035766,0.932300000011935,0.6324999999999932,0.9656999999880327,0.5496000000238723,0.6493000000119196,0.6825000000000045,0.5995000000000346,0.7826000000238196,0.8326999999881082,2.7643000000119287,1.4986999999880481,2.4476999999881173,0.8326999999881082,5.062000000000012,0.9158000000119273,0.5991999999881159,1.1491999999880704,9.007800000012026,0.9325999999642818,2.2480000000000473,11.006299999952375,2.1316999999880863,2.7641999999880227,4.745499999999993,1.3816999999880863,0.68260000002374,0.7493000000119991,1.2987000000476883,1.0325000000000273]",,,0.0,70.0,70.0,17.0,1.0,verschillend,gverschillend,question_gesture.png,im_hand.png,,,,,,
,,,348676,1,21,2023-10-02_21h26.35.284,flesh_expressibility_dutch,2022.2.4,Win32,60.15399423,,,,18.0,1.0,Nederlands,,,,,,Engels,2.0,Duits,1.0,,0.0,,0.0,,0.0,,0.0,,0.0,,0.0,NL,2.0,2.0,2.0,1.0,,sensorypref1,sensorypref2,1536.0,864.0,,,,,,,,,,,,,,,,,,,,,,,,,,,,,,,,,,,22.0,793.4935,42.0,"[0.7493999999761627,0.7161000000238289,0.7828999999761663,0.6161000000238346,0.8658000000119159,0.6661999999880663,0.8158000000119614,0.6324999999999932,0.5493999999761741,0.5491999999881045,0.6329999999999814,3.8296999999881223,1.514900000035766,0.932300000011935,0.6323999999762009,0.9656999999880327,0.5496000000238723,0.6493000000119196,0.6824000000357273,0.5995000000000346,0.7824999999999704,0.8326999999881082,2.7643000000119287,1.498599999964199,2.447599999964268,0.8326000000238878,5.061899999976163,0.9158000000119273,0.5991999999881159,1.1490999999642213,9.007700000047748,0.9325000000000045,2.2480000000000473,11.006299999952375,2.1316999999880863,2.7641999999880227,4.745499999999993,1.3816999999880863,0.68260000002374,0.74919999998815,1.2987000000476883,1.0325000000000273]","[0.7493999999761627,0.7161000000238289,0.7830000000000155,0.6162000000476837,0.8658000000119159,0.6662999999523436,0.8158000000119614,0.6324999999999932,0.5493999999761741,0.5491999999881045,0.6329999999999814,3.8296999999881223,1.514900000035766,0.932300000011935,0.6324999999999932,0.9656999999880327,0.5496000000238723,0.6493000000119196,0.6825000000000045,0.5995000000000346,0.7826000000238196,0.8326999999881082,2.7643000000119287,1.4986999999880481,2.4476999999881173,0.8326999999881082,5.062000000000012,0.9158000000119273,0.5991999999881159,1.1491999999880704,9.007800000012026,0.9325999999642818,2.2480000000000473,11.006299999952375,2.1316999999880863,2.7641999999880227,4.745499999999993,1.3816999999880863,0.68260000002374,0.7493000000119991,1.2987000000476883,1.0325000000000273]",,,0.0,71.0,71.0,167.0,1.0,rood,grood,question_gesture.png,im_hand.png,,,,,,
,,,348676,1,21,2023-10-02_21h26.35.284,flesh_expressibility_dutch,2022.2.4,Win32,60.15399423,,,,18.0,1.0,Nederlands,,,,,,Engels,2.0,Duits,1.0,,0.0,,0.0,,0.0,,0.0,,0.0,,0.0,NL,2.0,2.0,2.0,1.0,,sensorypref1,sensorypref2,1536.0,864.0,,,,,,,,,,,,,,,,,,,,,,,,,,,,,,,,,,,22.0,794.5254,42.0,"[0.7493999999761627,0.7161000000238289,0.7828999999761663,0.6161000000238346,0.8658000000119159,0.6661999999880663,0.8158000000119614,0.6324999999999932,0.5493999999761741,0.5491999999881045,0.6329999999999814,3.8296999999881223,1.514900000035766,0.932300000011935,0.6323999999762009,0.9656999999880327,0.5496000000238723,0.6493000000119196,0.6824000000357273,0.5995000000000346,0.7824999999999704,0.8326999999881082,2.7643000000119287,1.498599999964199,2.447599999964268,0.8326000000238878,5.061899999976163,0.9158000000119273,0.5991999999881159,1.1490999999642213,9.007700000047748,0.9325000000000045,2.2480000000000473,11.006299999952375,2.1316999999880863,2.7641999999880227,4.745499999999993,1.3816999999880863,0.68260000002374,0.74919999998815,1.2987000000476883,1.0325000000000273]","[0.7493999999761627,0.7161000000238289,0.7830000000000155,0.6162000000476837,0.8658000000119159,0.6662999999523436,0.8158000000119614,0.6324999999999932,0.5493999999761741,0.5491999999881045,0.6329999999999814,3.8296999999881223,1.514900000035766,0.932300000011935,0.6324999999999932,0.9656999999880327,0.5496000000238723,0.6493000000119196,0.6825000000000045,0.5995000000000346,0.7826000000238196,0.8326999999881082,2.7643000000119287,1.4986999999880481,2.4476999999881173,0.8326999999881082,5.062000000000012,0.9158000000119273,0.5991999999881159,1.1491999999880704,9.007800000012026,0.9325999999642818,2.2480000000000473,11.006299999952375,2.1316999999880863,2.7641999999880227,4.745499999999993,1.3816999999880863,0.68260000002374,0.7493000000119991,1.2987000000476883,1.0325000000000273]",,,0.0,72.0,72.0,117.0,1.0,haar,ghaar,question_gesture.png,im_hand.png,,,,,,
,,,348676,1,21,2023-10-02_21h26.35.284,flesh_expressibility_dutch,2022.2.4,Win32,60.15399423,,,,18.0,1.0,Nederlands,,,,,,Engels,2.0,Duits,1.0,,0.0,,0.0,,0.0,,0.0,,0.0,,0.0,NL,2.0,2.0,2.0,1.0,,sensorypref1,sensorypref2,1536.0,864.0,,,,,,,,,,,,,,,,,,,,,,,,,,,,,,,,,,,22.0,795.5288,42.0,"[0.7493999999761627,0.7161000000238289,0.7828999999761663,0.6161000000238346,0.8658000000119159,0.6661999999880663,0.8158000000119614,0.6324999999999932,0.5493999999761741,0.5491999999881045,0.6329999999999814,3.8296999999881223,1.514900000035766,0.932300000011935,0.6323999999762009,0.9656999999880327,0.5496000000238723,0.6493000000119196,0.6824000000357273,0.5995000000000346,0.7824999999999704,0.8326999999881082,2.7643000000119287,1.498599999964199,2.447599999964268,0.8326000000238878,5.061899999976163,0.9158000000119273,0.5991999999881159,1.1490999999642213,9.007700000047748,0.9325000000000045,2.2480000000000473,11.006299999952375,2.1316999999880863,2.7641999999880227,4.745499999999993,1.3816999999880863,0.68260000002374,0.74919999998815,1.2987000000476883,1.0325000000000273]","[0.7493999999761627,0.7161000000238289,0.7830000000000155,0.6162000000476837,0.8658000000119159,0.6662999999523436,0.8158000000119614,0.6324999999999932,0.5493999999761741,0.5491999999881045,0.6329999999999814,3.8296999999881223,1.514900000035766,0.932300000011935,0.6324999999999932,0.9656999999880327,0.5496000000238723,0.6493000000119196,0.6825000000000045,0.5995000000000346,0.7826000000238196,0.8326999999881082,2.7643000000119287,1.4986999999880481,2.4476999999881173,0.8326999999881082,5.062000000000012,0.9158000000119273,0.5991999999881159,1.1491999999880704,9.007800000012026,0.9325999999642818,2.2480000000000473,11.006299999952375,2.1316999999880863,2.7641999999880227,4.745499999999993,1.3816999999880863,0.68260000002374,0.7493000000119991,1.2987000000476883,1.0325000000000273]",,,0.0,73.0,73.0,191.0,1.0,vuur,gvuur,question_gesture.png,im_hand.png,,,,,,
,,,348676,1,21,2023-10-02_21h26.35.284,flesh_expressibility_dutch,2022.2.4,Win32,60.15399423,,,,18.0,1.0,Nederlands,,,,,,Engels,2.0,Duits,1.0,,0.0,,0.0,,0.0,,0.0,,0.0,,0.0,NL,2.0,2.0,2.0,1.0,,sensorypref1,sensorypref2,1536.0,864.0,,,,,,,,,,,,,,,,,,,,,,,,,,,,,,,,,,,22.0,796.4831,42.0,"[0.7493999999761627,0.7161000000238289,0.7828999999761663,0.6161000000238346,0.8658000000119159,0.6661999999880663,0.8158000000119614,0.6324999999999932,0.5493999999761741,0.5491999999881045,0.6329999999999814,3.8296999999881223,1.514900000035766,0.932300000011935,0.6323999999762009,0.9656999999880327,0.5496000000238723,0.6493000000119196,0.6824000000357273,0.5995000000000346,0.7824999999999704,0.8326999999881082,2.7643000000119287,1.498599999964199,2.447599999964268,0.8326000000238878,5.061899999976163,0.9158000000119273,0.5991999999881159,1.1490999999642213,9.007700000047748,0.9325000000000045,2.2480000000000473,11.006299999952375,2.1316999999880863,2.7641999999880227,4.745499999999993,1.3816999999880863,0.68260000002374,0.74919999998815,1.2987000000476883,1.0325000000000273]","[0.7493999999761627,0.7161000000238289,0.7830000000000155,0.6162000000476837,0.8658000000119159,0.6662999999523436,0.8158000000119614,0.6324999999999932,0.5493999999761741,0.5491999999881045,0.6329999999999814,3.8296999999881223,1.514900000035766,0.932300000011935,0.6324999999999932,0.9656999999880327,0.5496000000238723,0.6493000000119196,0.6825000000000045,0.5995000000000346,0.7826000000238196,0.8326999999881082,2.7643000000119287,1.4986999999880481,2.4476999999881173,0.8326999999881082,5.062000000000012,0.9158000000119273,0.5991999999881159,1.1491999999880704,9.007800000012026,0.9325999999642818,2.2480000000000473,11.006299999952375,2.1316999999880863,2.7641999999880227,4.745499999999993,1.3816999999880863,0.68260000002374,0.7493000000119991,1.2987000000476883,1.0325000000000273]",,,0.0,74.0,74.0,1.0,1.0,zoemen,gzoemen,question_gesture.png,im_hand.png,,,,,,
,,,348676,1,21,2023-10-02_21h26.35.284,flesh_expressibility_dutch,2022.2.4,Win32,60.15399423,,,,18.0,1.0,Nederlands,,,,,,Engels,2.0,Duits,1.0,,0.0,,0.0,,0.0,,0.0,,0.0,,0.0,NL,2.0,2.0,2.0,1.0,,sensorypref1,sensorypref2,1536.0,864.0,,,,,,,,,,,,,,,,,,,,,,,,,,,,,,,,,,,22.0,797.4847,42.0,"[0.7493999999761627,0.7161000000238289,0.7828999999761663,0.6161000000238346,0.8658000000119159,0.6661999999880663,0.8158000000119614,0.6324999999999932,0.5493999999761741,0.5491999999881045,0.6329999999999814,3.8296999999881223,1.514900000035766,0.932300000011935,0.6323999999762009,0.9656999999880327,0.5496000000238723,0.6493000000119196,0.6824000000357273,0.5995000000000346,0.7824999999999704,0.8326999999881082,2.7643000000119287,1.498599999964199,2.447599999964268,0.8326000000238878,5.061899999976163,0.9158000000119273,0.5991999999881159,1.1490999999642213,9.007700000047748,0.9325000000000045,2.2480000000000473,11.006299999952375,2.1316999999880863,2.7641999999880227,4.745499999999993,1.3816999999880863,0.68260000002374,0.74919999998815,1.2987000000476883,1.0325000000000273]","[0.7493999999761627,0.7161000000238289,0.7830000000000155,0.6162000000476837,0.8658000000119159,0.6662999999523436,0.8158000000119614,0.6324999999999932,0.5493999999761741,0.5491999999881045,0.6329999999999814,3.8296999999881223,1.514900000035766,0.932300000011935,0.6324999999999932,0.9656999999880327,0.5496000000238723,0.6493000000119196,0.6825000000000045,0.5995000000000346,0.7826000000238196,0.8326999999881082,2.7643000000119287,1.4986999999880481,2.4476999999881173,0.8326999999881082,5.062000000000012,0.9158000000119273,0.5991999999881159,1.1491999999880704,9.007800000012026,0.9325999999642818,2.2480000000000473,11.006299999952375,2.1316999999880863,2.7641999999880227,4.745499999999993,1.3816999999880863,0.68260000002374,0.7493000000119991,1.2987000000476883,1.0325000000000273]",,,0.0,75.0,75.0,161.0,1.0,horen,ghoren,question_gesture.png,im_hand.png,,,,,,
,,,348676,1,21,2023-10-02_21h26.35.284,flesh_expressibility_dutch,2022.2.4,Win32,60.15399423,,,,18.0,1.0,Nederlands,,,,,,Engels,2.0,Duits,1.0,,0.0,,0.0,,0.0,,0.0,,0.0,,0.0,NL,2.0,2.0,2.0,1.0,,sensorypref1,sensorypref2,1536.0,864.0,,,,,,,,,,,,,,,,,,,,,,,,,,,,,,,,,,,22.0,798.5296,42.0,"[0.7493999999761627,0.7161000000238289,0.7828999999761663,0.6161000000238346,0.8658000000119159,0.6661999999880663,0.8158000000119614,0.6324999999999932,0.5493999999761741,0.5491999999881045,0.6329999999999814,3.8296999999881223,1.514900000035766,0.932300000011935,0.6323999999762009,0.9656999999880327,0.5496000000238723,0.6493000000119196,0.6824000000357273,0.5995000000000346,0.7824999999999704,0.8326999999881082,2.7643000000119287,1.498599999964199,2.447599999964268,0.8326000000238878,5.061899999976163,0.9158000000119273,0.5991999999881159,1.1490999999642213,9.007700000047748,0.9325000000000045,2.2480000000000473,11.006299999952375,2.1316999999880863,2.7641999999880227,4.745499999999993,1.3816999999880863,0.68260000002374,0.74919999998815,1.2987000000476883,1.0325000000000273]","[0.7493999999761627,0.7161000000238289,0.7830000000000155,0.6162000000476837,0.8658000000119159,0.6662999999523436,0.8158000000119614,0.6324999999999932,0.5493999999761741,0.5491999999881045,0.6329999999999814,3.8296999999881223,1.514900000035766,0.932300000011935,0.6324999999999932,0.9656999999880327,0.5496000000238723,0.6493000000119196,0.6825000000000045,0.5995000000000346,0.7826000000238196,0.8326999999881082,2.7643000000119287,1.4986999999880481,2.4476999999881173,0.8326999999881082,5.062000000000012,0.9158000000119273,0.5991999999881159,1.1491999999880704,9.007800000012026,0.9325999999642818,2.2480000000000473,11.006299999952375,2.1316999999880863,2.7641999999880227,4.745499999999993,1.3816999999880863,0.68260000002374,0.7493000000119991,1.2987000000476883,1.0325000000000273]",,,0.0,76.0,76.0,142.0,1.0,verbrijzelen,gverbrijzelen,question_gesture.png,im_hand.png,,,,,,
,,,348676,1,21,2023-10-02_21h26.35.284,flesh_expressibility_dutch,2022.2.4,Win32,60.15399423,,,,18.0,1.0,Nederlands,,,,,,Engels,2.0,Duits,1.0,,0.0,,0.0,,0.0,,0.0,,0.0,,0.0,NL,2.0,2.0,2.0,1.0,,sensorypref1,sensorypref2,1536.0,864.0,,,,,,,,,,,,,,,,,,,,,,,,,,,,,,,,,,,22.0,799.5424,42.0,"[0.7493999999761627,0.7161000000238289,0.7828999999761663,0.6161000000238346,0.8658000000119159,0.6661999999880663,0.8158000000119614,0.6324999999999932,0.5493999999761741,0.5491999999881045,0.6329999999999814,3.8296999999881223,1.514900000035766,0.932300000011935,0.6323999999762009,0.9656999999880327,0.5496000000238723,0.6493000000119196,0.6824000000357273,0.5995000000000346,0.7824999999999704,0.8326999999881082,2.7643000000119287,1.498599999964199,2.447599999964268,0.8326000000238878,5.061899999976163,0.9158000000119273,0.5991999999881159,1.1490999999642213,9.007700000047748,0.9325000000000045,2.2480000000000473,11.006299999952375,2.1316999999880863,2.7641999999880227,4.745499999999993,1.3816999999880863,0.68260000002374,0.74919999998815,1.2987000000476883,1.0325000000000273]","[0.7493999999761627,0.7161000000238289,0.7830000000000155,0.6162000000476837,0.8658000000119159,0.6662999999523436,0.8158000000119614,0.6324999999999932,0.5493999999761741,0.5491999999881045,0.6329999999999814,3.8296999999881223,1.514900000035766,0.932300000011935,0.6324999999999932,0.9656999999880327,0.5496000000238723,0.6493000000119196,0.6825000000000045,0.5995000000000346,0.7826000000238196,0.8326999999881082,2.7643000000119287,1.4986999999880481,2.4476999999881173,0.8326999999881082,5.062000000000012,0.9158000000119273,0.5991999999881159,1.1491999999880704,9.007800000012026,0.9325999999642818,2.2480000000000473,11.006299999952375,2.1316999999880863,2.7641999999880227,4.745499999999993,1.3816999999880863,0.68260000002374,0.7493000000119991,1.2987000000476883,1.0325000000000273]",,,0.0,77.0,77.0,116.0,1.0,oog,goog,question_gesture.png,im_hand.png,,,,,,
,,,348676,1,21,2023-10-02_21h26.35.284,flesh_expressibility_dutch,2022.2.4,Win32,60.15399423,,,,18.0,1.0,Nederlands,,,,,,Engels,2.0,Duits,1.0,,0.0,,0.0,,0.0,,0.0,,0.0,,0.0,NL,2.0,2.0,2.0,1.0,,sensorypref1,sensorypref2,1536.0,864.0,,,,,,,,,,,,,,,,,,,,,,,,,,,,,,,,,,,21.0,800.5437,43.0,"[0.7493999999761627,0.7161000000238289,0.7828999999761663,0.6161000000238346,0.8658000000119159,0.6661999999880663,0.8158000000119614,0.6324999999999932,0.5493999999761741,0.5491999999881045,0.6329999999999814,3.8296999999881223,1.514900000035766,0.932300000011935,0.6323999999762009,0.9656999999880327,0.5496000000238723,0.6493000000119196,0.6824000000357273,0.5995000000000346,0.7824999999999704,0.8326999999881082,2.7643000000119287,1.498599999964199,2.447599999964268,0.8326000000238878,5.061899999976163,0.9158000000119273,0.5991999999881159,1.1490999999642213,9.007700000047748,0.9325000000000045,2.2480000000000473,11.006299999952375,2.1316999999880863,2.7641999999880227,4.745499999999993,1.3816999999880863,0.68260000002374,0.74919999998815,1.2987000000476883,1.0325000000000273,1.4155000000000655]","[0.7493999999761627,0.7161000000238289,0.7830000000000155,0.6162000000476837,0.8658000000119159,0.6662999999523436,0.8158000000119614,0.6324999999999932,0.5493999999761741,0.5491999999881045,0.6329999999999814,3.8296999999881223,1.514900000035766,0.932300000011935,0.6324999999999932,0.9656999999880327,0.5496000000238723,0.6493000000119196,0.6825000000000045,0.5995000000000346,0.7826000000238196,0.8326999999881082,2.7643000000119287,1.4986999999880481,2.4476999999881173,0.8326999999881082,5.062000000000012,0.9158000000119273,0.5991999999881159,1.1491999999880704,9.007800000012026,0.9325999999642818,2.2480000000000473,11.006299999952375,2.1316999999880863,2.7641999999880227,4.745499999999993,1.3816999999880863,0.68260000002374,0.7493000000119991,1.2987000000476883,1.0325000000000273,1.415599999964229]",0.889851282,4.3664,0.0,78.0,78.0,195.0,1.0,rook,grook,question_gesture.png,im_hand.png,,,,,,
,,,348676,1,21,2023-10-02_21h26.35.284,flesh_expressibility_dutch,2022.2.4,Win32,60.15399423,,,,18.0,1.0,Nederlands,,,,,,Engels,2.0,Duits,1.0,,0.0,,0.0,,0.0,,0.0,,0.0,,0.0,NL,2.0,2.0,2.0,1.0,,sensorypref1,sensorypref2,1536.0,864.0,,,,,,,,,,,,,,,,,,,,,,,,,,,,,,,,,,,22.0,806.1293,43.0,"[0.7493999999761627,0.7161000000238289,0.7828999999761663,0.6161000000238346,0.8658000000119159,0.6661999999880663,0.8158000000119614,0.6324999999999932,0.5493999999761741,0.5491999999881045,0.6329999999999814,3.8296999999881223,1.514900000035766,0.932300000011935,0.6323999999762009,0.9656999999880327,0.5496000000238723,0.6493000000119196,0.6824000000357273,0.5995000000000346,0.7824999999999704,0.8326999999881082,2.7643000000119287,1.498599999964199,2.447599999964268,0.8326000000238878,5.061899999976163,0.9158000000119273,0.5991999999881159,1.1490999999642213,9.007700000047748,0.9325000000000045,2.2480000000000473,11.006299999952375,2.1316999999880863,2.7641999999880227,4.745499999999993,1.3816999999880863,0.68260000002374,0.74919999998815,1.2987000000476883,1.0325000000000273,1.4155000000000655]","[0.7493999999761627,0.7161000000238289,0.7830000000000155,0.6162000000476837,0.8658000000119159,0.6662999999523436,0.8158000000119614,0.6324999999999932,0.5493999999761741,0.5491999999881045,0.6329999999999814,3.8296999999881223,1.514900000035766,0.932300000011935,0.6324999999999932,0.9656999999880327,0.5496000000238723,0.6493000000119196,0.6825000000000045,0.5995000000000346,0.7826000000238196,0.8326999999881082,2.7643000000119287,1.4986999999880481,2.4476999999881173,0.8326999999881082,5.062000000000012,0.9158000000119273,0.5991999999881159,1.1491999999880704,9.007800000012026,0.9325999999642818,2.2480000000000473,11.006299999952375,2.1316999999880863,2.7641999999880227,4.745499999999993,1.3816999999880863,0.68260000002374,0.7493000000119991,1.2987000000476883,1.0325000000000273,1.415599999964229]",,,0.0,79.0,79.0,155.0,1.0,zuigen,gzuigen,question_gesture.png,im_hand.png,,,,,,
,,,348676,1,21,2023-10-02_21h26.35.284,flesh_expressibility_dutch,2022.2.4,Win32,60.15399423,,,,18.0,1.0,Nederlands,,,,,,Engels,2.0,Duits,1.0,,0.0,,0.0,,0.0,,0.0,,0.0,,0.0,NL,2.0,2.0,2.0,1.0,,sensorypref1,sensorypref2,1536.0,864.0,,,,,,,,,,,,,,,,,,,,,,,,,,,,,,,,,,,22.0,807.1127,43.0,"[0.7493999999761627,0.7161000000238289,0.7828999999761663,0.6161000000238346,0.8658000000119159,0.6661999999880663,0.8158000000119614,0.6324999999999932,0.5493999999761741,0.5491999999881045,0.6329999999999814,3.8296999999881223,1.514900000035766,0.932300000011935,0.6323999999762009,0.9656999999880327,0.5496000000238723,0.6493000000119196,0.6824000000357273,0.5995000000000346,0.7824999999999704,0.8326999999881082,2.7643000000119287,1.498599999964199,2.447599999964268,0.8326000000238878,5.061899999976163,0.9158000000119273,0.5991999999881159,1.1490999999642213,9.007700000047748,0.9325000000000045,2.2480000000000473,11.006299999952375,2.1316999999880863,2.7641999999880227,4.745499999999993,1.3816999999880863,0.68260000002374,0.74919999998815,1.2987000000476883,1.0325000000000273,1.4155000000000655]","[0.7493999999761627,0.7161000000238289,0.7830000000000155,0.6162000000476837,0.8658000000119159,0.6662999999523436,0.8158000000119614,0.6324999999999932,0.5493999999761741,0.5491999999881045,0.6329999999999814,3.8296999999881223,1.514900000035766,0.932300000011935,0.6324999999999932,0.9656999999880327,0.5496000000238723,0.6493000000119196,0.6825000000000045,0.5995000000000346,0.7826000000238196,0.8326999999881082,2.7643000000119287,1.4986999999880481,2.4476999999881173,0.8326999999881082,5.062000000000012,0.9158000000119273,0.5991999999881159,1.1491999999880704,9.007800000012026,0.9325999999642818,2.2480000000000473,11.006299999952375,2.1316999999880863,2.7641999999880227,4.745499999999993,1.3816999999880863,0.68260000002374,0.7493000000119991,1.2987000000476883,1.0325000000000273,1.415599999964229]",,,0.0,80.0,80.0,95.0,1.0,niet,gniet,question_gesture.png,im_hand.png,,,,,,
,,,348676,1,21,2023-10-02_21h26.35.284,flesh_expressibility_dutch,2022.2.4,Win32,60.15399423,,,,18.0,1.0,Nederlands,,,,,,Engels,2.0,Duits,1.0,,0.0,,0.0,,0.0,,0.0,,0.0,,0.0,NL,2.0,2.0,2.0,1.0,,sensorypref1,sensorypref2,1536.0,864.0,,,,,,,,,,,,,,,,,,,,,,,,,,,,,,,,,,,22.0,808.1467,43.0,"[0.7493999999761627,0.7161000000238289,0.7828999999761663,0.6161000000238346,0.8658000000119159,0.6661999999880663,0.8158000000119614,0.6324999999999932,0.5493999999761741,0.5491999999881045,0.6329999999999814,3.8296999999881223,1.514900000035766,0.932300000011935,0.6323999999762009,0.9656999999880327,0.5496000000238723,0.6493000000119196,0.6824000000357273,0.5995000000000346,0.7824999999999704,0.8326999999881082,2.7643000000119287,1.498599999964199,2.447599999964268,0.8326000000238878,5.061899999976163,0.9158000000119273,0.5991999999881159,1.1490999999642213,9.007700000047748,0.9325000000000045,2.2480000000000473,11.006299999952375,2.1316999999880863,2.7641999999880227,4.745499999999993,1.3816999999880863,0.68260000002374,0.74919999998815,1.2987000000476883,1.0325000000000273,1.4155000000000655]","[0.7493999999761627,0.7161000000238289,0.7830000000000155,0.6162000000476837,0.8658000000119159,0.6662999999523436,0.8158000000119614,0.6324999999999932,0.5493999999761741,0.5491999999881045,0.6329999999999814,3.8296999999881223,1.514900000035766,0.932300000011935,0.6324999999999932,0.9656999999880327,0.5496000000238723,0.6493000000119196,0.6825000000000045,0.5995000000000346,0.7826000000238196,0.8326999999881082,2.7643000000119287,1.4986999999880481,2.4476999999881173,0.8326999999881082,5.062000000000012,0.9158000000119273,0.5991999999881159,1.1491999999880704,9.007800000012026,0.9325999999642818,2.2480000000000473,11.006299999952375,2.1316999999880863,2.7641999999880227,4.745499999999993,1.3816999999880863,0.68260000002374,0.7493000000119991,1.2987000000476883,1.0325000000000273,1.415599999964229]",,,0.0,81.0,81.0,43.0,1.0,rivier,grivier,question_gesture.png,im_hand.png,,,,,,
,,,348676,1,21,2023-10-02_21h26.35.284,flesh_expressibility_dutch,2022.2.4,Win32,60.15399423,,,,18.0,1.0,Nederlands,,,,,,Engels,2.0,Duits,1.0,,0.0,,0.0,,0.0,,0.0,,0.0,,0.0,NL,2.0,2.0,2.0,1.0,,sensorypref1,sensorypref2,1536.0,864.0,,,,,,,,,,,,,,,,,,,,,,,,,,,,,,,,,,,22.0,809.154,43.0,"[0.7493999999761627,0.7161000000238289,0.7828999999761663,0.6161000000238346,0.8658000000119159,0.6661999999880663,0.8158000000119614,0.6324999999999932,0.5493999999761741,0.5491999999881045,0.6329999999999814,3.8296999999881223,1.514900000035766,0.932300000011935,0.6323999999762009,0.9656999999880327,0.5496000000238723,0.6493000000119196,0.6824000000357273,0.5995000000000346,0.7824999999999704,0.8326999999881082,2.7643000000119287,1.498599999964199,2.447599999964268,0.8326000000238878,5.061899999976163,0.9158000000119273,0.5991999999881159,1.1490999999642213,9.007700000047748,0.9325000000000045,2.2480000000000473,11.006299999952375,2.1316999999880863,2.7641999999880227,4.745499999999993,1.3816999999880863,0.68260000002374,0.74919999998815,1.2987000000476883,1.0325000000000273,1.4155000000000655]","[0.7493999999761627,0.7161000000238289,0.7830000000000155,0.6162000000476837,0.8658000000119159,0.6662999999523436,0.8158000000119614,0.6324999999999932,0.5493999999761741,0.5491999999881045,0.6329999999999814,3.8296999999881223,1.514900000035766,0.932300000011935,0.6324999999999932,0.9656999999880327,0.5496000000238723,0.6493000000119196,0.6825000000000045,0.5995000000000346,0.7826000000238196,0.8326999999881082,2.7643000000119287,1.4986999999880481,2.4476999999881173,0.8326999999881082,5.062000000000012,0.9158000000119273,0.5991999999881159,1.1491999999880704,9.007800000012026,0.9325999999642818,2.2480000000000473,11.006299999952375,2.1316999999880863,2.7641999999880227,4.745499999999993,1.3816999999880863,0.68260000002374,0.7493000000119991,1.2987000000476883,1.0325000000000273,1.415599999964229]",,,0.0,82.0,82.0,158.0,1.0,hout,ghout,question_gesture.png,im_hand.png,,,,,,
,,,348676,1,21,2023-10-02_21h26.35.284,flesh_expressibility_dutch,2022.2.4,Win32,60.15399423,,,,18.0,1.0,Nederlands,,,,,,Engels,2.0,Duits,1.0,,0.0,,0.0,,0.0,,0.0,,0.0,,0.0,NL,2.0,2.0,2.0,1.0,,sensorypref1,sensorypref2,1536.0,864.0,,,,,,,,,,,,,,,,,,,,,,,,,,,,,,,,,,,22.0,810.127,43.0,"[0.7493999999761627,0.7161000000238289,0.7828999999761663,0.6161000000238346,0.8658000000119159,0.6661999999880663,0.8158000000119614,0.6324999999999932,0.5493999999761741,0.5491999999881045,0.6329999999999814,3.8296999999881223,1.514900000035766,0.932300000011935,0.6323999999762009,0.9656999999880327,0.5496000000238723,0.6493000000119196,0.6824000000357273,0.5995000000000346,0.7824999999999704,0.8326999999881082,2.7643000000119287,1.498599999964199,2.447599999964268,0.8326000000238878,5.061899999976163,0.9158000000119273,0.5991999999881159,1.1490999999642213,9.007700000047748,0.9325000000000045,2.2480000000000473,11.006299999952375,2.1316999999880863,2.7641999999880227,4.745499999999993,1.3816999999880863,0.68260000002374,0.74919999998815,1.2987000000476883,1.0325000000000273,1.4155000000000655]","[0.7493999999761627,0.7161000000238289,0.7830000000000155,0.6162000000476837,0.8658000000119159,0.6662999999523436,0.8158000000119614,0.6324999999999932,0.5493999999761741,0.5491999999881045,0.6329999999999814,3.8296999999881223,1.514900000035766,0.932300000011935,0.6324999999999932,0.9656999999880327,0.5496000000238723,0.6493000000119196,0.6825000000000045,0.5995000000000346,0.7826000000238196,0.8326999999881082,2.7643000000119287,1.4986999999880481,2.4476999999881173,0.8326999999881082,5.062000000000012,0.9158000000119273,0.5991999999881159,1.1491999999880704,9.007800000012026,0.9325999999642818,2.2480000000000473,11.006299999952375,2.1316999999880863,2.7641999999880227,4.745499999999993,1.3816999999880863,0.68260000002374,0.7493000000119991,1.2987000000476883,1.0325000000000273,1.415599999964229]",,,0.0,83.0,83.0,52.0,1.0,vangen,gvangen,question_gesture.png,im_hand.png,,,,,,
,,,348676,1,21,2023-10-02_21h26.35.284,flesh_expressibility_dutch,2022.2.4,Win32,60.15399423,,,,18.0,1.0,Nederlands,,,,,,Engels,2.0,Duits,1.0,,0.0,,0.0,,0.0,,0.0,,0.0,,0.0,NL,2.0,2.0,2.0,1.0,,sensorypref1,sensorypref2,1536.0,864.0,,,,,,,,,,,,,,,,,,,,,,,,,,,,,,,,,,,19.0,811.1375,44.0,"[0.7493999999761627,0.7161000000238289,0.7828999999761663,0.6161000000238346,0.8658000000119159,0.6661999999880663,0.8158000000119614,0.6324999999999932,0.5493999999761741,0.5491999999881045,0.6329999999999814,3.8296999999881223,1.514900000035766,0.932300000011935,0.6323999999762009,0.9656999999880327,0.5496000000238723,0.6493000000119196,0.6824000000357273,0.5995000000000346,0.7824999999999704,0.8326999999881082,2.7643000000119287,1.498599999964199,2.447599999964268,0.8326000000238878,5.061899999976163,0.9158000000119273,0.5991999999881159,1.1490999999642213,9.007700000047748,0.9325000000000045,2.2480000000000473,11.006299999952375,2.1316999999880863,2.7641999999880227,4.745499999999993,1.3816999999880863,0.68260000002374,0.74919999998815,1.2987000000476883,1.0325000000000273,1.4155000000000655,2.4478000000119664]","[0.7493999999761627,0.7161000000238289,0.7830000000000155,0.6162000000476837,0.8658000000119159,0.6662999999523436,0.8158000000119614,0.6324999999999932,0.5493999999761741,0.5491999999881045,0.6329999999999814,3.8296999999881223,1.514900000035766,0.932300000011935,0.6324999999999932,0.9656999999880327,0.5496000000238723,0.6493000000119196,0.6825000000000045,0.5995000000000346,0.7826000000238196,0.8326999999881082,2.7643000000119287,1.4986999999880481,2.4476999999881173,0.8326999999881082,5.062000000000012,0.9158000000119273,0.5991999999881159,1.1491999999880704,9.007800000012026,0.9325999999642818,2.2480000000000473,11.006299999952375,2.1316999999880863,2.7641999999880227,4.745499999999993,1.3816999999880863,0.68260000002374,0.7493000000119991,1.2987000000476883,1.0325000000000273,1.415599999964229,2.44789999997613]",0.909336942,7.4865,0.0,84.0,84.0,184.0,1.0,ver,gver,question_gesture.png,im_hand.png,,,,,,
,,,348676,1,21,2023-10-02_21h26.35.284,flesh_expressibility_dutch,2022.2.4,Win32,60.15399423,,,,18.0,1.0,Nederlands,,,,,,Engels,2.0,Duits,1.0,,0.0,,0.0,,0.0,,0.0,,0.0,,0.0,NL,2.0,2.0,2.0,1.0,,sensorypref1,sensorypref2,1536.0,864.0,,,,,,,,,,,,,,,,,,,,,,,,,,,,,,,,,,,22.0,820.8285,44.0,"[0.7493999999761627,0.7161000000238289,0.7828999999761663,0.6161000000238346,0.8658000000119159,0.6661999999880663,0.8158000000119614,0.6324999999999932,0.5493999999761741,0.5491999999881045,0.6329999999999814,3.8296999999881223,1.514900000035766,0.932300000011935,0.6323999999762009,0.9656999999880327,0.5496000000238723,0.6493000000119196,0.6824000000357273,0.5995000000000346,0.7824999999999704,0.8326999999881082,2.7643000000119287,1.498599999964199,2.447599999964268,0.8326000000238878,5.061899999976163,0.9158000000119273,0.5991999999881159,1.1490999999642213,9.007700000047748,0.9325000000000045,2.2480000000000473,11.006299999952375,2.1316999999880863,2.7641999999880227,4.745499999999993,1.3816999999880863,0.68260000002374,0.74919999998815,1.2987000000476883,1.0325000000000273,1.4155000000000655,2.4478000000119664]","[0.7493999999761627,0.7161000000238289,0.7830000000000155,0.6162000000476837,0.8658000000119159,0.6662999999523436,0.8158000000119614,0.6324999999999932,0.5493999999761741,0.5491999999881045,0.6329999999999814,3.8296999999881223,1.514900000035766,0.932300000011935,0.6324999999999932,0.9656999999880327,0.5496000000238723,0.6493000000119196,0.6825000000000045,0.5995000000000346,0.7826000000238196,0.8326999999881082,2.7643000000119287,1.4986999999880481,2.4476999999881173,0.8326999999881082,5.062000000000012,0.9158000000119273,0.5991999999881159,1.1491999999880704,9.007800000012026,0.9325999999642818,2.2480000000000473,11.006299999952375,2.1316999999880863,2.7641999999880227,4.745499999999993,1.3816999999880863,0.68260000002374,0.7493000000119991,1.2987000000476883,1.0325000000000273,1.415599999964229,2.44789999997613]",,,0.0,85.0,85.0,192.0,1.0,vlees,gvlees,question_gesture.png,im_hand.png,,,,,,
,,,348676,1,21,2023-10-02_21h26.35.284,flesh_expressibility_dutch,2022.2.4,Win32,60.15399423,,,,18.0,1.0,Nederlands,,,,,,Engels,2.0,Duits,1.0,,0.0,,0.0,,0.0,,0.0,,0.0,,0.0,NL,2.0,2.0,2.0,1.0,,sensorypref1,sensorypref2,1536.0,864.0,,,,,,,,,,,,,,,,,,,,,,,,,,,,,,,,,,,22.0,821.8487,44.0,"[0.7493999999761627,0.7161000000238289,0.7828999999761663,0.6161000000238346,0.8658000000119159,0.6661999999880663,0.8158000000119614,0.6324999999999932,0.5493999999761741,0.5491999999881045,0.6329999999999814,3.8296999999881223,1.514900000035766,0.932300000011935,0.6323999999762009,0.9656999999880327,0.5496000000238723,0.6493000000119196,0.6824000000357273,0.5995000000000346,0.7824999999999704,0.8326999999881082,2.7643000000119287,1.498599999964199,2.447599999964268,0.8326000000238878,5.061899999976163,0.9158000000119273,0.5991999999881159,1.1490999999642213,9.007700000047748,0.9325000000000045,2.2480000000000473,11.006299999952375,2.1316999999880863,2.7641999999880227,4.745499999999993,1.3816999999880863,0.68260000002374,0.74919999998815,1.2987000000476883,1.0325000000000273,1.4155000000000655,2.4478000000119664]","[0.7493999999761627,0.7161000000238289,0.7830000000000155,0.6162000000476837,0.8658000000119159,0.6662999999523436,0.8158000000119614,0.6324999999999932,0.5493999999761741,0.5491999999881045,0.6329999999999814,3.8296999999881223,1.514900000035766,0.932300000011935,0.6324999999999932,0.9656999999880327,0.5496000000238723,0.6493000000119196,0.6825000000000045,0.5995000000000346,0.7826000000238196,0.8326999999881082,2.7643000000119287,1.4986999999880481,2.4476999999881173,0.8326999999881082,5.062000000000012,0.9158000000119273,0.5991999999881159,1.1491999999880704,9.007800000012026,0.9325999999642818,2.2480000000000473,11.006299999952375,2.1316999999880863,2.7641999999880227,4.745499999999993,1.3816999999880863,0.68260000002374,0.7493000000119991,1.2987000000476883,1.0325000000000273,1.415599999964229,2.44789999997613]",,,0.0,86.0,86.0,127.0,1.0,vleugel,gvleugel,question_gesture.png,im_hand.png,,,,,,
,,,348676,1,21,2023-10-02_21h26.35.284,flesh_expressibility_dutch,2022.2.4,Win32,60.15399423,,,,18.0,1.0,Nederlands,,,,,,Engels,2.0,Duits,1.0,,0.0,,0.0,,0.0,,0.0,,0.0,,0.0,NL,2.0,2.0,2.0,1.0,,sensorypref1,sensorypref2,1536.0,864.0,,,,,,,,,,,,,,,,,,,,,,,,,,,,,,,,,,,22.0,822.8533,44.0,"[0.7493999999761627,0.7161000000238289,0.7828999999761663,0.6161000000238346,0.8658000000119159,0.6661999999880663,0.8158000000119614,0.6324999999999932,0.5493999999761741,0.5491999999881045,0.6329999999999814,3.8296999999881223,1.514900000035766,0.932300000011935,0.6323999999762009,0.9656999999880327,0.5496000000238723,0.6493000000119196,0.6824000000357273,0.5995000000000346,0.7824999999999704,0.8326999999881082,2.7643000000119287,1.498599999964199,2.447599999964268,0.8326000000238878,5.061899999976163,0.9158000000119273,0.5991999999881159,1.1490999999642213,9.007700000047748,0.9325000000000045,2.2480000000000473,11.006299999952375,2.1316999999880863,2.7641999999880227,4.745499999999993,1.3816999999880863,0.68260000002374,0.74919999998815,1.2987000000476883,1.0325000000000273,1.4155000000000655,2.4478000000119664]","[0.7493999999761627,0.7161000000238289,0.7830000000000155,0.6162000000476837,0.8658000000119159,0.6662999999523436,0.8158000000119614,0.6324999999999932,0.5493999999761741,0.5491999999881045,0.6329999999999814,3.8296999999881223,1.514900000035766,0.932300000011935,0.6324999999999932,0.9656999999880327,0.5496000000238723,0.6493000000119196,0.6825000000000045,0.5995000000000346,0.7826000000238196,0.8326999999881082,2.7643000000119287,1.4986999999880481,2.4476999999881173,0.8326999999881082,5.062000000000012,0.9158000000119273,0.5991999999881159,1.1491999999880704,9.007800000012026,0.9325999999642818,2.2480000000000473,11.006299999952375,2.1316999999880863,2.7641999999880227,4.745499999999993,1.3816999999880863,0.68260000002374,0.7493000000119991,1.2987000000476883,1.0325000000000273,1.415599999964229,2.44789999997613]",,,0.0,87.0,87.0,138.0,1.0,gaan,ggaan,question_gesture.png,im_hand.png,,,,,,
,,,348676,1,21,2023-10-02_21h26.35.284,flesh_expressibility_dutch,2022.2.4,Win32,60.15399423,,,,18.0,1.0,Nederlands,,,,,,Engels,2.0,Duits,1.0,,0.0,,0.0,,0.0,,0.0,,0.0,,0.0,NL,2.0,2.0,2.0,1.0,,sensorypref1,sensorypref2,1536.0,864.0,,,,,,,,,,,,,,,,,,,,,,,,,,,,,,,,,,,15.0,823.9369,45.0,"[0.7493999999761627,0.7161000000238289,0.7828999999761663,0.6161000000238346,0.8658000000119159,0.6661999999880663,0.8158000000119614,0.6324999999999932,0.5493999999761741,0.5491999999881045,0.6329999999999814,3.8296999999881223,1.514900000035766,0.932300000011935,0.6323999999762009,0.9656999999880327,0.5496000000238723,0.6493000000119196,0.6824000000357273,0.5995000000000346,0.7824999999999704,0.8326999999881082,2.7643000000119287,1.498599999964199,2.447599999964268,0.8326000000238878,5.061899999976163,0.9158000000119273,0.5991999999881159,1.1490999999642213,9.007700000047748,0.9325000000000045,2.2480000000000473,11.006299999952375,2.1316999999880863,2.7641999999880227,4.745499999999993,1.3816999999880863,0.68260000002374,0.74919999998815,1.2987000000476883,1.0325000000000273,1.4155000000000655,2.4478000000119664,1.08219999998812]","[0.7493999999761627,0.7161000000238289,0.7830000000000155,0.6162000000476837,0.8658000000119159,0.6662999999523436,0.8158000000119614,0.6324999999999932,0.5493999999761741,0.5491999999881045,0.6329999999999814,3.8296999999881223,1.514900000035766,0.932300000011935,0.6324999999999932,0.9656999999880327,0.5496000000238723,0.6493000000119196,0.6825000000000045,0.5995000000000346,0.7826000000238196,0.8326999999881082,2.7643000000119287,1.4986999999880481,2.4476999999881173,0.8326999999881082,5.062000000000012,0.9158000000119273,0.5991999999881159,1.1491999999880704,9.007800000012026,0.9325999999642818,2.2480000000000473,11.006299999952375,2.1316999999880863,2.7641999999880227,4.745499999999993,1.3816999999880863,0.68260000002374,0.7493000000119991,1.2987000000476883,1.0325000000000273,1.415599999964229,2.44789999997613,1.08219999998812]",-0.567252979,10.885,0.0,88.0,88.0,11.0,1.0,voelen,gvoelen,question_gesture.png,im_hand.png,,,,,,
,,,348676,1,21,2023-10-02_21h26.35.284,flesh_expressibility_dutch,2022.2.4,Win32,60.15399423,,,,18.0,1.0,Nederlands,,,,,,Engels,2.0,Duits,1.0,,0.0,,0.0,,0.0,,0.0,,0.0,,0.0,NL,2.0,2.0,2.0,1.0,,sensorypref1,sensorypref2,1536.0,864.0,,,,,,,,,,,,,,,,,,,,,,,,,,,,,,,,,,,22.0,835.594,45.0,"[0.7493999999761627,0.7161000000238289,0.7828999999761663,0.6161000000238346,0.8658000000119159,0.6661999999880663,0.8158000000119614,0.6324999999999932,0.5493999999761741,0.5491999999881045,0.6329999999999814,3.8296999999881223,1.514900000035766,0.932300000011935,0.6323999999762009,0.9656999999880327,0.5496000000238723,0.6493000000119196,0.6824000000357273,0.5995000000000346,0.7824999999999704,0.8326999999881082,2.7643000000119287,1.498599999964199,2.447599999964268,0.8326000000238878,5.061899999976163,0.9158000000119273,0.5991999999881159,1.1490999999642213,9.007700000047748,0.9325000000000045,2.2480000000000473,11.006299999952375,2.1316999999880863,2.7641999999880227,4.745499999999993,1.3816999999880863,0.68260000002374,0.74919999998815,1.2987000000476883,1.0325000000000273,1.4155000000000655,2.4478000000119664,1.08219999998812]","[0.7493999999761627,0.7161000000238289,0.7830000000000155,0.6162000000476837,0.8658000000119159,0.6662999999523436,0.8158000000119614,0.6324999999999932,0.5493999999761741,0.5491999999881045,0.6329999999999814,3.8296999999881223,1.514900000035766,0.932300000011935,0.6324999999999932,0.9656999999880327,0.5496000000238723,0.6493000000119196,0.6825000000000045,0.5995000000000346,0.7826000000238196,0.8326999999881082,2.7643000000119287,1.4986999999880481,2.4476999999881173,0.8326999999881082,5.062000000000012,0.9158000000119273,0.5991999999881159,1.1491999999880704,9.007800000012026,0.9325999999642818,2.2480000000000473,11.006299999952375,2.1316999999880863,2.7641999999880227,4.745499999999993,1.3816999999880863,0.68260000002374,0.7493000000119991,1.2987000000476883,1.0325000000000273,1.415599999964229,2.44789999997613,1.08219999998812]",,,0.0,89.0,89.0,153.0,1.0,lachen,glachen,question_gesture.png,im_hand.png,,,,,,
,,,348676,1,21,2023-10-02_21h26.35.284,flesh_expressibility_dutch,2022.2.4,Win32,60.15399423,,,,18.0,1.0,Nederlands,,,,,,Engels,2.0,Duits,1.0,,0.0,,0.0,,0.0,,0.0,,0.0,,0.0,NL,2.0,2.0,2.0,1.0,,sensorypref1,sensorypref2,1536.0,864.0,,,,,,,,,,,,,,,,,,,,,,,,,,,,,,,,,,,22.0,836.6267,45.0,"[0.7493999999761627,0.7161000000238289,0.7828999999761663,0.6161000000238346,0.8658000000119159,0.6661999999880663,0.8158000000119614,0.6324999999999932,0.5493999999761741,0.5491999999881045,0.6329999999999814,3.8296999999881223,1.514900000035766,0.932300000011935,0.6323999999762009,0.9656999999880327,0.5496000000238723,0.6493000000119196,0.6824000000357273,0.5995000000000346,0.7824999999999704,0.8326999999881082,2.7643000000119287,1.498599999964199,2.447599999964268,0.8326000000238878,5.061899999976163,0.9158000000119273,0.5991999999881159,1.1490999999642213,9.007700000047748,0.9325000000000045,2.2480000000000473,11.006299999952375,2.1316999999880863,2.7641999999880227,4.745499999999993,1.3816999999880863,0.68260000002374,0.74919999998815,1.2987000000476883,1.0325000000000273,1.4155000000000655,2.4478000000119664,1.08219999998812]","[0.7493999999761627,0.7161000000238289,0.7830000000000155,0.6162000000476837,0.8658000000119159,0.6662999999523436,0.8158000000119614,0.6324999999999932,0.5493999999761741,0.5491999999881045,0.6329999999999814,3.8296999999881223,1.514900000035766,0.932300000011935,0.6324999999999932,0.9656999999880327,0.5496000000238723,0.6493000000119196,0.6825000000000045,0.5995000000000346,0.7826000000238196,0.8326999999881082,2.7643000000119287,1.4986999999880481,2.4476999999881173,0.8326999999881082,5.062000000000012,0.9158000000119273,0.5991999999881159,1.1491999999880704,9.007800000012026,0.9325999999642818,2.2480000000000473,11.006299999952375,2.1316999999880863,2.7641999999880227,4.745499999999993,1.3816999999880863,0.68260000002374,0.7493000000119991,1.2987000000476883,1.0325000000000273,1.415599999964229,2.44789999997613,1.08219999998812]",,,0.0,90.0,90.0,172.0,1.0,één,géén,question_gesture.png,im_hand.png,,,,,,
,,,348676,1,21,2023-10-02_21h26.35.284,flesh_expressibility_dutch,2022.2.4,Win32,60.15399423,,,,18.0,1.0,Nederlands,,,,,,Engels,2.0,Duits,1.0,,0.0,,0.0,,0.0,,0.0,,0.0,,0.0,NL,2.0,2.0,2.0,1.0,,sensorypref1,sensorypref2,1536.0,864.0,,,,,,,,,,,,,,,,,,,,,,,,,,,,,,,,,,,22.0,837.6107,45.0,"[0.7493999999761627,0.7161000000238289,0.7828999999761663,0.6161000000238346,0.8658000000119159,0.6661999999880663,0.8158000000119614,0.6324999999999932,0.5493999999761741,0.5491999999881045,0.6329999999999814,3.8296999999881223,1.514900000035766,0.932300000011935,0.6323999999762009,0.9656999999880327,0.5496000000238723,0.6493000000119196,0.6824000000357273,0.5995000000000346,0.7824999999999704,0.8326999999881082,2.7643000000119287,1.498599999964199,2.447599999964268,0.8326000000238878,5.061899999976163,0.9158000000119273,0.5991999999881159,1.1490999999642213,9.007700000047748,0.9325000000000045,2.2480000000000473,11.006299999952375,2.1316999999880863,2.7641999999880227,4.745499999999993,1.3816999999880863,0.68260000002374,0.74919999998815,1.2987000000476883,1.0325000000000273,1.4155000000000655,2.4478000000119664,1.08219999998812]","[0.7493999999761627,0.7161000000238289,0.7830000000000155,0.6162000000476837,0.8658000000119159,0.6662999999523436,0.8158000000119614,0.6324999999999932,0.5493999999761741,0.5491999999881045,0.6329999999999814,3.8296999999881223,1.514900000035766,0.932300000011935,0.6324999999999932,0.9656999999880327,0.5496000000238723,0.6493000000119196,0.6825000000000045,0.5995000000000346,0.7826000000238196,0.8326999999881082,2.7643000000119287,1.4986999999880481,2.4476999999881173,0.8326999999881082,5.062000000000012,0.9158000000119273,0.5991999999881159,1.1491999999880704,9.007800000012026,0.9325999999642818,2.2480000000000473,11.006299999952375,2.1316999999880863,2.7641999999880227,4.745499999999993,1.3816999999880863,0.68260000002374,0.7493000000119991,1.2987000000476883,1.0325000000000273,1.415599999964229,2.44789999997613,1.08219999998812]",,,0.0,91.0,91.0,37.0,1.0,walgen,gwalgen,question_gesture.png,im_hand.png,,,,,,
,,,348676,1,21,2023-10-02_21h26.35.284,flesh_expressibility_dutch,2022.2.4,Win32,60.15399423,,,,18.0,1.0,Nederlands,,,,,,Engels,2.0,Duits,1.0,,0.0,,0.0,,0.0,,0.0,,0.0,,0.0,NL,2.0,2.0,2.0,1.0,,sensorypref1,sensorypref2,1536.0,864.0,,,,,,,,,,,,,,,,,,,,,,,,,,,,,,,,,,,22.0,838.6223,45.0,"[0.7493999999761627,0.7161000000238289,0.7828999999761663,0.6161000000238346,0.8658000000119159,0.6661999999880663,0.8158000000119614,0.6324999999999932,0.5493999999761741,0.5491999999881045,0.6329999999999814,3.8296999999881223,1.514900000035766,0.932300000011935,0.6323999999762009,0.9656999999880327,0.5496000000238723,0.6493000000119196,0.6824000000357273,0.5995000000000346,0.7824999999999704,0.8326999999881082,2.7643000000119287,1.498599999964199,2.447599999964268,0.8326000000238878,5.061899999976163,0.9158000000119273,0.5991999999881159,1.1490999999642213,9.007700000047748,0.9325000000000045,2.2480000000000473,11.006299999952375,2.1316999999880863,2.7641999999880227,4.745499999999993,1.3816999999880863,0.68260000002374,0.74919999998815,1.2987000000476883,1.0325000000000273,1.4155000000000655,2.4478000000119664,1.08219999998812]","[0.7493999999761627,0.7161000000238289,0.7830000000000155,0.6162000000476837,0.8658000000119159,0.6662999999523436,0.8158000000119614,0.6324999999999932,0.5493999999761741,0.5491999999881045,0.6329999999999814,3.8296999999881223,1.514900000035766,0.932300000011935,0.6324999999999932,0.9656999999880327,0.5496000000238723,0.6493000000119196,0.6825000000000045,0.5995000000000346,0.7826000000238196,0.8326999999881082,2.7643000000119287,1.4986999999880481,2.4476999999881173,0.8326999999881082,5.062000000000012,0.9158000000119273,0.5991999999881159,1.1491999999880704,9.007800000012026,0.9325999999642818,2.2480000000000473,11.006299999952375,2.1316999999880863,2.7641999999880227,4.745499999999993,1.3816999999880863,0.68260000002374,0.7493000000119991,1.2987000000476883,1.0325000000000273,1.415599999964229,2.44789999997613,1.08219999998812]",,,0.0,92.0,92.0,103.0,1.0,vlieg,gvlieg,question_gesture.png,im_hand.png,,,,,,
,,,348676,1,21,2023-10-02_21h26.35.284,flesh_expressibility_dutch,2022.2.4,Win32,60.15399423,,,,18.0,1.0,Nederlands,,,,,,Engels,2.0,Duits,1.0,,0.0,,0.0,,0.0,,0.0,,0.0,,0.0,NL,2.0,2.0,2.0,1.0,,sensorypref1,sensorypref2,1536.0,864.0,,,,,,,,,,,,,,,,,,,,,,,,,,,,,,,,,,,22.0,839.6243,45.0,"[0.7493999999761627,0.7161000000238289,0.7828999999761663,0.6161000000238346,0.8658000000119159,0.6661999999880663,0.8158000000119614,0.6324999999999932,0.5493999999761741,0.5491999999881045,0.6329999999999814,3.8296999999881223,1.514900000035766,0.932300000011935,0.6323999999762009,0.9656999999880327,0.5496000000238723,0.6493000000119196,0.6824000000357273,0.5995000000000346,0.7824999999999704,0.8326999999881082,2.7643000000119287,1.498599999964199,2.447599999964268,0.8326000000238878,5.061899999976163,0.9158000000119273,0.5991999999881159,1.1490999999642213,9.007700000047748,0.9325000000000045,2.2480000000000473,11.006299999952375,2.1316999999880863,2.7641999999880227,4.745499999999993,1.3816999999880863,0.68260000002374,0.74919999998815,1.2987000000476883,1.0325000000000273,1.4155000000000655,2.4478000000119664,1.08219999998812]","[0.7493999999761627,0.7161000000238289,0.7830000000000155,0.6162000000476837,0.8658000000119159,0.6662999999523436,0.8158000000119614,0.6324999999999932,0.5493999999761741,0.5491999999881045,0.6329999999999814,3.8296999999881223,1.514900000035766,0.932300000011935,0.6324999999999932,0.9656999999880327,0.5496000000238723,0.6493000000119196,0.6825000000000045,0.5995000000000346,0.7826000000238196,0.8326999999881082,2.7643000000119287,1.4986999999880481,2.4476999999881173,0.8326999999881082,5.062000000000012,0.9158000000119273,0.5991999999881159,1.1491999999880704,9.007800000012026,0.9325999999642818,2.2480000000000473,11.006299999952375,2.1316999999880863,2.7641999999880227,4.745499999999993,1.3816999999880863,0.68260000002374,0.7493000000119991,1.2987000000476883,1.0325000000000273,1.415599999964229,2.44789999997613,1.08219999998812]",,,0.0,93.0,93.0,186.0,1.0,lang,glang,question_gesture.png,im_hand.png,,,,,,
,,,348676,1,21,2023-10-02_21h26.35.284,flesh_expressibility_dutch,2022.2.4,Win32,60.15399423,,,,18.0,1.0,Nederlands,,,,,,Engels,2.0,Duits,1.0,,0.0,,0.0,,0.0,,0.0,,0.0,,0.0,NL,2.0,2.0,2.0,1.0,,sensorypref1,sensorypref2,1536.0,864.0,,,,,,,,,,,,,,,,,,,,,,,,,,,,,,,,,,,22.0,840.6298,45.0,"[0.7493999999761627,0.7161000000238289,0.7828999999761663,0.6161000000238346,0.8658000000119159,0.6661999999880663,0.8158000000119614,0.6324999999999932,0.5493999999761741,0.5491999999881045,0.6329999999999814,3.8296999999881223,1.514900000035766,0.932300000011935,0.6323999999762009,0.9656999999880327,0.5496000000238723,0.6493000000119196,0.6824000000357273,0.5995000000000346,0.7824999999999704,0.8326999999881082,2.7643000000119287,1.498599999964199,2.447599999964268,0.8326000000238878,5.061899999976163,0.9158000000119273,0.5991999999881159,1.1490999999642213,9.007700000047748,0.9325000000000045,2.2480000000000473,11.006299999952375,2.1316999999880863,2.7641999999880227,4.745499999999993,1.3816999999880863,0.68260000002374,0.74919999998815,1.2987000000476883,1.0325000000000273,1.4155000000000655,2.4478000000119664,1.08219999998812]","[0.7493999999761627,0.7161000000238289,0.7830000000000155,0.6162000000476837,0.8658000000119159,0.6662999999523436,0.8158000000119614,0.6324999999999932,0.5493999999761741,0.5491999999881045,0.6329999999999814,3.8296999999881223,1.514900000035766,0.932300000011935,0.6324999999999932,0.9656999999880327,0.5496000000238723,0.6493000000119196,0.6825000000000045,0.5995000000000346,0.7826000000238196,0.8326999999881082,2.7643000000119287,1.4986999999880481,2.4476999999881173,0.8326999999881082,5.062000000000012,0.9158000000119273,0.5991999999881159,1.1491999999880704,9.007800000012026,0.9325999999642818,2.2480000000000473,11.006299999952375,2.1316999999880863,2.7641999999880227,4.745499999999993,1.3816999999880863,0.68260000002374,0.7493000000119991,1.2987000000476883,1.0325000000000273,1.415599999964229,2.44789999997613,1.08219999998812]",,,0.0,94.0,94.0,126.0,1.0,dij,gdij,question_gesture.png,im_hand.png,,,,,,
,,,348676,1,21,2023-10-02_21h26.35.284,flesh_expressibility_dutch,2022.2.4,Win32,60.15399423,,,,18.0,1.0,Nederlands,,,,,,Engels,2.0,Duits,1.0,,0.0,,0.0,,0.0,,0.0,,0.0,,0.0,NL,2.0,2.0,2.0,1.0,,sensorypref1,sensorypref2,1536.0,864.0,,,,,,,,,,,,,,,,,,,,,,,,,,,,,,,,,,,22.0,841.6423,45.0,"[0.7493999999761627,0.7161000000238289,0.7828999999761663,0.6161000000238346,0.8658000000119159,0.6661999999880663,0.8158000000119614,0.6324999999999932,0.5493999999761741,0.5491999999881045,0.6329999999999814,3.8296999999881223,1.514900000035766,0.932300000011935,0.6323999999762009,0.9656999999880327,0.5496000000238723,0.6493000000119196,0.6824000000357273,0.5995000000000346,0.7824999999999704,0.8326999999881082,2.7643000000119287,1.498599999964199,2.447599999964268,0.8326000000238878,5.061899999976163,0.9158000000119273,0.5991999999881159,1.1490999999642213,9.007700000047748,0.9325000000000045,2.2480000000000473,11.006299999952375,2.1316999999880863,2.7641999999880227,4.745499999999993,1.3816999999880863,0.68260000002374,0.74919999998815,1.2987000000476883,1.0325000000000273,1.4155000000000655,2.4478000000119664,1.08219999998812]","[0.7493999999761627,0.7161000000238289,0.7830000000000155,0.6162000000476837,0.8658000000119159,0.6662999999523436,0.8158000000119614,0.6324999999999932,0.5493999999761741,0.5491999999881045,0.6329999999999814,3.8296999999881223,1.514900000035766,0.932300000011935,0.6324999999999932,0.9656999999880327,0.5496000000238723,0.6493000000119196,0.6825000000000045,0.5995000000000346,0.7826000000238196,0.8326999999881082,2.7643000000119287,1.4986999999880481,2.4476999999881173,0.8326999999881082,5.062000000000012,0.9158000000119273,0.5991999999881159,1.1491999999880704,9.007800000012026,0.9325999999642818,2.2480000000000473,11.006299999952375,2.1316999999880863,2.7641999999880227,4.745499999999993,1.3816999999880863,0.68260000002374,0.7493000000119991,1.2987000000476883,1.0325000000000273,1.415599999964229,2.44789999997613,1.08219999998812]",,,0.0,95.0,95.0,63.0,1.0,hartig,ghartig,question_gesture.png,im_hand.png,,,,,,
,,,348676,1,21,2023-10-02_21h26.35.284,flesh_expressibility_dutch,2022.2.4,Win32,60.15399423,,,,18.0,1.0,Nederlands,,,,,,Engels,2.0,Duits,1.0,,0.0,,0.0,,0.0,,0.0,,0.0,,0.0,NL,2.0,2.0,2.0,1.0,,sensorypref1,sensorypref2,1536.0,864.0,,,,,,,,,,,,,,,,,,,,,,,,,,,,,,,,,,,22.0,842.6276,45.0,"[0.7493999999761627,0.7161000000238289,0.7828999999761663,0.6161000000238346,0.8658000000119159,0.6661999999880663,0.8158000000119614,0.6324999999999932,0.5493999999761741,0.5491999999881045,0.6329999999999814,3.8296999999881223,1.514900000035766,0.932300000011935,0.6323999999762009,0.9656999999880327,0.5496000000238723,0.6493000000119196,0.6824000000357273,0.5995000000000346,0.7824999999999704,0.8326999999881082,2.7643000000119287,1.498599999964199,2.447599999964268,0.8326000000238878,5.061899999976163,0.9158000000119273,0.5991999999881159,1.1490999999642213,9.007700000047748,0.9325000000000045,2.2480000000000473,11.006299999952375,2.1316999999880863,2.7641999999880227,4.745499999999993,1.3816999999880863,0.68260000002374,0.74919999998815,1.2987000000476883,1.0325000000000273,1.4155000000000655,2.4478000000119664,1.08219999998812]","[0.7493999999761627,0.7161000000238289,0.7830000000000155,0.6162000000476837,0.8658000000119159,0.6662999999523436,0.8158000000119614,0.6324999999999932,0.5493999999761741,0.5491999999881045,0.6329999999999814,3.8296999999881223,1.514900000035766,0.932300000011935,0.6324999999999932,0.9656999999880327,0.5496000000238723,0.6493000000119196,0.6825000000000045,0.5995000000000346,0.7826000000238196,0.8326999999881082,2.7643000000119287,1.4986999999880481,2.4476999999881173,0.8326999999881082,5.062000000000012,0.9158000000119273,0.5991999999881159,1.1491999999880704,9.007800000012026,0.9325999999642818,2.2480000000000473,11.006299999952375,2.1316999999880863,2.7641999999880227,4.745499999999993,1.3816999999880863,0.68260000002374,0.7493000000119991,1.2987000000476883,1.0325000000000273,1.415599999964229,2.44789999997613,1.08219999998812]",,,0.0,96.0,96.0,54.0,1.0,snel,gsnel,question_gesture.png,im_hand.png,,,,,,
,,,348676,1,21,2023-10-02_21h26.35.284,flesh_expressibility_dutch,2022.2.4,Win32,60.15399423,,,,18.0,1.0,Nederlands,,,,,,Engels,2.0,Duits,1.0,,0.0,,0.0,,0.0,,0.0,,0.0,,0.0,NL,2.0,2.0,2.0,1.0,,sensorypref1,sensorypref2,1536.0,864.0,,,,,,,,,,,,,,,,,,,,,,,,,,,,,,,,,,,22.0,843.6279,45.0,"[0.7493999999761627,0.7161000000238289,0.7828999999761663,0.6161000000238346,0.8658000000119159,0.6661999999880663,0.8158000000119614,0.6324999999999932,0.5493999999761741,0.5491999999881045,0.6329999999999814,3.8296999999881223,1.514900000035766,0.932300000011935,0.6323999999762009,0.9656999999880327,0.5496000000238723,0.6493000000119196,0.6824000000357273,0.5995000000000346,0.7824999999999704,0.8326999999881082,2.7643000000119287,1.498599999964199,2.447599999964268,0.8326000000238878,5.061899999976163,0.9158000000119273,0.5991999999881159,1.1490999999642213,9.007700000047748,0.9325000000000045,2.2480000000000473,11.006299999952375,2.1316999999880863,2.7641999999880227,4.745499999999993,1.3816999999880863,0.68260000002374,0.74919999998815,1.2987000000476883,1.0325000000000273,1.4155000000000655,2.4478000000119664,1.08219999998812]","[0.7493999999761627,0.7161000000238289,0.7830000000000155,0.6162000000476837,0.8658000000119159,0.6662999999523436,0.8158000000119614,0.6324999999999932,0.5493999999761741,0.5491999999881045,0.6329999999999814,3.8296999999881223,1.514900000035766,0.932300000011935,0.6324999999999932,0.9656999999880327,0.5496000000238723,0.6493000000119196,0.6825000000000045,0.5995000000000346,0.7826000000238196,0.8326999999881082,2.7643000000119287,1.4986999999880481,2.4476999999881173,0.8326999999881082,5.062000000000012,0.9158000000119273,0.5991999999881159,1.1491999999880704,9.007800000012026,0.9325999999642818,2.2480000000000473,11.006299999952375,2.1316999999880863,2.7641999999880227,4.745499999999993,1.3816999999880863,0.68260000002374,0.7493000000119991,1.2987000000476883,1.0325000000000273,1.415599999964229,2.44789999997613,1.08219999998812]",,,0.0,97.0,97.0,114.0,1.0,borst,gborst,question_gesture.png,im_hand.png,,,,,,
,,,348676,1,21,2023-10-02_21h26.35.284,flesh_expressibility_dutch,2022.2.4,Win32,60.15399423,,,,18.0,1.0,Nederlands,,,,,,Engels,2.0,Duits,1.0,,0.0,,0.0,,0.0,,0.0,,0.0,,0.0,NL,2.0,2.0,2.0,1.0,,sensorypref1,sensorypref2,1536.0,864.0,,,,,,,,,,,,,,,,,,,,,,,,,,,,,,,,,,,22.0,844.64,45.0,"[0.7493999999761627,0.7161000000238289,0.7828999999761663,0.6161000000238346,0.8658000000119159,0.6661999999880663,0.8158000000119614,0.6324999999999932,0.5493999999761741,0.5491999999881045,0.6329999999999814,3.8296999999881223,1.514900000035766,0.932300000011935,0.6323999999762009,0.9656999999880327,0.5496000000238723,0.6493000000119196,0.6824000000357273,0.5995000000000346,0.7824999999999704,0.8326999999881082,2.7643000000119287,1.498599999964199,2.447599999964268,0.8326000000238878,5.061899999976163,0.9158000000119273,0.5991999999881159,1.1490999999642213,9.007700000047748,0.9325000000000045,2.2480000000000473,11.006299999952375,2.1316999999880863,2.7641999999880227,4.745499999999993,1.3816999999880863,0.68260000002374,0.74919999998815,1.2987000000476883,1.0325000000000273,1.4155000000000655,2.4478000000119664,1.08219999998812]","[0.7493999999761627,0.7161000000238289,0.7830000000000155,0.6162000000476837,0.8658000000119159,0.6662999999523436,0.8158000000119614,0.6324999999999932,0.5493999999761741,0.5491999999881045,0.6329999999999814,3.8296999999881223,1.514900000035766,0.932300000011935,0.6324999999999932,0.9656999999880327,0.5496000000238723,0.6493000000119196,0.6825000000000045,0.5995000000000346,0.7826000000238196,0.8326999999881082,2.7643000000119287,1.4986999999880481,2.4476999999881173,0.8326999999881082,5.062000000000012,0.9158000000119273,0.5991999999881159,1.1491999999880704,9.007800000012026,0.9325999999642818,2.2480000000000473,11.006299999952375,2.1316999999880863,2.7641999999880227,4.745499999999993,1.3816999999880863,0.68260000002374,0.7493000000119991,1.2987000000476883,1.0325000000000273,1.415599999964229,2.44789999997613,1.08219999998812]",,,0.0,98.0,98.0,133.0,1.0,ster,gster,question_gesture.png,im_hand.png,,,,,,
,,,348676,1,21,2023-10-02_21h26.35.284,flesh_expressibility_dutch,2022.2.4,Win32,60.15399423,,,,18.0,1.0,Nederlands,,,,,,Engels,2.0,Duits,1.0,,0.0,,0.0,,0.0,,0.0,,0.0,,0.0,NL,2.0,2.0,2.0,1.0,,sensorypref1,sensorypref2,1536.0,864.0,,,,,,,,,,,,,,,,,,,,,,,,,,,,,,,,,,,22.0,845.6373,45.0,"[0.7493999999761627,0.7161000000238289,0.7828999999761663,0.6161000000238346,0.8658000000119159,0.6661999999880663,0.8158000000119614,0.6324999999999932,0.5493999999761741,0.5491999999881045,0.6329999999999814,3.8296999999881223,1.514900000035766,0.932300000011935,0.6323999999762009,0.9656999999880327,0.5496000000238723,0.6493000000119196,0.6824000000357273,0.5995000000000346,0.7824999999999704,0.8326999999881082,2.7643000000119287,1.498599999964199,2.447599999964268,0.8326000000238878,5.061899999976163,0.9158000000119273,0.5991999999881159,1.1490999999642213,9.007700000047748,0.9325000000000045,2.2480000000000473,11.006299999952375,2.1316999999880863,2.7641999999880227,4.745499999999993,1.3816999999880863,0.68260000002374,0.74919999998815,1.2987000000476883,1.0325000000000273,1.4155000000000655,2.4478000000119664,1.08219999998812]","[0.7493999999761627,0.7161000000238289,0.7830000000000155,0.6162000000476837,0.8658000000119159,0.6662999999523436,0.8158000000119614,0.6324999999999932,0.5493999999761741,0.5491999999881045,0.6329999999999814,3.8296999999881223,1.514900000035766,0.932300000011935,0.6324999999999932,0.9656999999880327,0.5496000000238723,0.6493000000119196,0.6825000000000045,0.5995000000000346,0.7826000000238196,0.8326999999881082,2.7643000000119287,1.4986999999880481,2.4476999999881173,0.8326999999881082,5.062000000000012,0.9158000000119273,0.5991999999881159,1.1491999999880704,9.007800000012026,0.9325999999642818,2.2480000000000473,11.006299999952375,2.1316999999880863,2.7641999999880227,4.745499999999993,1.3816999999880863,0.68260000002374,0.7493000000119991,1.2987000000476883,1.0325000000000273,1.415599999964229,2.44789999997613,1.08219999998812]",,,0.0,99.0,99.0,145.0,1.0,slaan,gslaan,question_gesture.png,im_hand.png,,,,,,
,,,348676,1,21,2023-10-02_21h26.35.284,flesh_expressibility_dutch,2022.2.4,Win32,60.15399423,,,,18.0,1.0,Nederlands,,,,,,Engels,2.0,Duits,1.0,,0.0,,0.0,,0.0,,0.0,,0.0,,0.0,NL,2.0,2.0,2.0,1.0,,sensorypref1,sensorypref2,1536.0,864.0,,,,,,,,,,,,,,,,,,,,,,,,,,,,,,,,,,,22.0,846.6541,45.0,"[0.7493999999761627,0.7161000000238289,0.7828999999761663,0.6161000000238346,0.8658000000119159,0.6661999999880663,0.8158000000119614,0.6324999999999932,0.5493999999761741,0.5491999999881045,0.6329999999999814,3.8296999999881223,1.514900000035766,0.932300000011935,0.6323999999762009,0.9656999999880327,0.5496000000238723,0.6493000000119196,0.6824000000357273,0.5995000000000346,0.7824999999999704,0.8326999999881082,2.7643000000119287,1.498599999964199,2.447599999964268,0.8326000000238878,5.061899999976163,0.9158000000119273,0.5991999999881159,1.1490999999642213,9.007700000047748,0.9325000000000045,2.2480000000000473,11.006299999952375,2.1316999999880863,2.7641999999880227,4.745499999999993,1.3816999999880863,0.68260000002374,0.74919999998815,1.2987000000476883,1.0325000000000273,1.4155000000000655,2.4478000000119664,1.08219999998812]","[0.7493999999761627,0.7161000000238289,0.7830000000000155,0.6162000000476837,0.8658000000119159,0.6662999999523436,0.8158000000119614,0.6324999999999932,0.5493999999761741,0.5491999999881045,0.6329999999999814,3.8296999999881223,1.514900000035766,0.932300000011935,0.6324999999999932,0.9656999999880327,0.5496000000238723,0.6493000000119196,0.6825000000000045,0.5995000000000346,0.7826000000238196,0.8326999999881082,2.7643000000119287,1.4986999999880481,2.4476999999881173,0.8326999999881082,5.062000000000012,0.9158000000119273,0.5991999999881159,1.1491999999880704,9.007800000012026,0.9325999999642818,2.2480000000000473,11.006299999952375,2.1316999999880863,2.7641999999880227,4.745499999999993,1.3816999999880863,0.68260000002374,0.7493000000119991,1.2987000000476883,1.0325000000000273,1.415599999964229,2.44789999997613,1.08219999998812]",,,0.0,100.0,100.0,5.0,1.0,honing,ghoning,question_gesture.png,im_hand.png,,,,,,
,,,348676,1,21,2023-10-02_21h26.35.284,flesh_expressibility_dutch,2022.2.4,Win32,60.15399423,,,,18.0,1.0,Nederlands,,,,,,Engels,2.0,Duits,1.0,,0.0,,0.0,,0.0,,0.0,,0.0,,0.0,NL,2.0,2.0,2.0,1.0,,sensorypref1,sensorypref2,1536.0,864.0,,,,,,,,,,,,,,,,,,,,,,,,,,,,,,,,,,,22.0,847.6881,45.0,"[0.7493999999761627,0.7161000000238289,0.7828999999761663,0.6161000000238346,0.8658000000119159,0.6661999999880663,0.8158000000119614,0.6324999999999932,0.5493999999761741,0.5491999999881045,0.6329999999999814,3.8296999999881223,1.514900000035766,0.932300000011935,0.6323999999762009,0.9656999999880327,0.5496000000238723,0.6493000000119196,0.6824000000357273,0.5995000000000346,0.7824999999999704,0.8326999999881082,2.7643000000119287,1.498599999964199,2.447599999964268,0.8326000000238878,5.061899999976163,0.9158000000119273,0.5991999999881159,1.1490999999642213,9.007700000047748,0.9325000000000045,2.2480000000000473,11.006299999952375,2.1316999999880863,2.7641999999880227,4.745499999999993,1.3816999999880863,0.68260000002374,0.74919999998815,1.2987000000476883,1.0325000000000273,1.4155000000000655,2.4478000000119664,1.08219999998812]","[0.7493999999761627,0.7161000000238289,0.7830000000000155,0.6162000000476837,0.8658000000119159,0.6662999999523436,0.8158000000119614,0.6324999999999932,0.5493999999761741,0.5491999999881045,0.6329999999999814,3.8296999999881223,1.514900000035766,0.932300000011935,0.6324999999999932,0.9656999999880327,0.5496000000238723,0.6493000000119196,0.6825000000000045,0.5995000000000346,0.7826000000238196,0.8326999999881082,2.7643000000119287,1.4986999999880481,2.4476999999881173,0.8326999999881082,5.062000000000012,0.9158000000119273,0.5991999999881159,1.1491999999880704,9.007800000012026,0.9325999999642818,2.2480000000000473,11.006299999952375,2.1316999999880863,2.7641999999880227,4.745499999999993,1.3816999999880863,0.68260000002374,0.7493000000119991,1.2987000000476883,1.0325000000000273,1.415599999964229,2.44789999997613,1.08219999998812]",,,0.0,101.0,101.0,146.0,1.0,nemen,gnemen,question_gesture.png,im_hand.png,,,,,,
,,,348676,1,21,2023-10-02_21h26.35.284,flesh_expressibility_dutch,2022.2.4,Win32,60.15399423,,,,18.0,1.0,Nederlands,,,,,,Engels,2.0,Duits,1.0,,0.0,,0.0,,0.0,,0.0,,0.0,,0.0,NL,2.0,2.0,2.0,1.0,,sensorypref1,sensorypref2,1536.0,864.0,,,,,,,,,,,,,,,,,,,,,,,,,,,,,,,,,,,22.0,848.6395,45.0,"[0.7493999999761627,0.7161000000238289,0.7828999999761663,0.6161000000238346,0.8658000000119159,0.6661999999880663,0.8158000000119614,0.6324999999999932,0.5493999999761741,0.5491999999881045,0.6329999999999814,3.8296999999881223,1.514900000035766,0.932300000011935,0.6323999999762009,0.9656999999880327,0.5496000000238723,0.6493000000119196,0.6824000000357273,0.5995000000000346,0.7824999999999704,0.8326999999881082,2.7643000000119287,1.498599999964199,2.447599999964268,0.8326000000238878,5.061899999976163,0.9158000000119273,0.5991999999881159,1.1490999999642213,9.007700000047748,0.9325000000000045,2.2480000000000473,11.006299999952375,2.1316999999880863,2.7641999999880227,4.745499999999993,1.3816999999880863,0.68260000002374,0.74919999998815,1.2987000000476883,1.0325000000000273,1.4155000000000655,2.4478000000119664,1.08219999998812]","[0.7493999999761627,0.7161000000238289,0.7830000000000155,0.6162000000476837,0.8658000000119159,0.6662999999523436,0.8158000000119614,0.6324999999999932,0.5493999999761741,0.5491999999881045,0.6329999999999814,3.8296999999881223,1.514900000035766,0.932300000011935,0.6324999999999932,0.9656999999880327,0.5496000000238723,0.6493000000119196,0.6825000000000045,0.5995000000000346,0.7826000000238196,0.8326999999881082,2.7643000000119287,1.4986999999880481,2.4476999999881173,0.8326999999881082,5.062000000000012,0.9158000000119273,0.5991999999881159,1.1491999999880704,9.007800000012026,0.9325999999642818,2.2480000000000473,11.006299999952375,2.1316999999880863,2.7641999999880227,4.745499999999993,1.3816999999880863,0.68260000002374,0.7493000000119991,1.2987000000476883,1.0325000000000273,1.415599999964229,2.44789999997613,1.08219999998812]",,,0.0,102.0,102.0,68.0,1.0,scherp,gscherp,question_gesture.png,im_hand.png,,,,,,
,,,348676,1,21,2023-10-02_21h26.35.284,flesh_expressibility_dutch,2022.2.4,Win32,60.15399423,,,,18.0,1.0,Nederlands,,,,,,Engels,2.0,Duits,1.0,,0.0,,0.0,,0.0,,0.0,,0.0,,0.0,NL,2.0,2.0,2.0,1.0,,sensorypref1,sensorypref2,1536.0,864.0,,,,,,,,,,,,,,,,,,,,,,,,,,,,,,,,,,,22.0,849.6299,45.0,"[0.7493999999761627,0.7161000000238289,0.7828999999761663,0.6161000000238346,0.8658000000119159,0.6661999999880663,0.8158000000119614,0.6324999999999932,0.5493999999761741,0.5491999999881045,0.6329999999999814,3.8296999999881223,1.514900000035766,0.932300000011935,0.6323999999762009,0.9656999999880327,0.5496000000238723,0.6493000000119196,0.6824000000357273,0.5995000000000346,0.7824999999999704,0.8326999999881082,2.7643000000119287,1.498599999964199,2.447599999964268,0.8326000000238878,5.061899999976163,0.9158000000119273,0.5991999999881159,1.1490999999642213,9.007700000047748,0.9325000000000045,2.2480000000000473,11.006299999952375,2.1316999999880863,2.7641999999880227,4.745499999999993,1.3816999999880863,0.68260000002374,0.74919999998815,1.2987000000476883,1.0325000000000273,1.4155000000000655,2.4478000000119664,1.08219999998812]","[0.7493999999761627,0.7161000000238289,0.7830000000000155,0.6162000000476837,0.8658000000119159,0.6662999999523436,0.8158000000119614,0.6324999999999932,0.5493999999761741,0.5491999999881045,0.6329999999999814,3.8296999999881223,1.514900000035766,0.932300000011935,0.6324999999999932,0.9656999999880327,0.5496000000238723,0.6493000000119196,0.6825000000000045,0.5995000000000346,0.7826000000238196,0.8326999999881082,2.7643000000119287,1.4986999999880481,2.4476999999881173,0.8326999999881082,5.062000000000012,0.9158000000119273,0.5991999999881159,1.1491999999880704,9.007800000012026,0.9325999999642818,2.2480000000000473,11.006299999952375,2.1316999999880863,2.7641999999880227,4.745499999999993,1.3816999999880863,0.68260000002374,0.7493000000119991,1.2987000000476883,1.0325000000000273,1.415599999964229,2.44789999997613,1.08219999998812]",,,0.0,103.0,103.0,78.0,1.0,wit,gwit,question_gesture.png,im_hand.png,,,,,,
,,,348676,1,21,2023-10-02_21h26.35.284,flesh_expressibility_dutch,2022.2.4,Win32,60.15399423,,,,18.0,1.0,Nederlands,,,,,,Engels,2.0,Duits,1.0,,0.0,,0.0,,0.0,,0.0,,0.0,,0.0,NL,2.0,2.0,2.0,1.0,,sensorypref1,sensorypref2,1536.0,864.0,,,,,,,,,,,,,,,,,,,,,,,,,,,,,,,,,,,22.0,850.6701,45.0,"[0.7493999999761627,0.7161000000238289,0.7828999999761663,0.6161000000238346,0.8658000000119159,0.6661999999880663,0.8158000000119614,0.6324999999999932,0.5493999999761741,0.5491999999881045,0.6329999999999814,3.8296999999881223,1.514900000035766,0.932300000011935,0.6323999999762009,0.9656999999880327,0.5496000000238723,0.6493000000119196,0.6824000000357273,0.5995000000000346,0.7824999999999704,0.8326999999881082,2.7643000000119287,1.498599999964199,2.447599999964268,0.8326000000238878,5.061899999976163,0.9158000000119273,0.5991999999881159,1.1490999999642213,9.007700000047748,0.9325000000000045,2.2480000000000473,11.006299999952375,2.1316999999880863,2.7641999999880227,4.745499999999993,1.3816999999880863,0.68260000002374,0.74919999998815,1.2987000000476883,1.0325000000000273,1.4155000000000655,2.4478000000119664,1.08219999998812]","[0.7493999999761627,0.7161000000238289,0.7830000000000155,0.6162000000476837,0.8658000000119159,0.6662999999523436,0.8158000000119614,0.6324999999999932,0.5493999999761741,0.5491999999881045,0.6329999999999814,3.8296999999881223,1.514900000035766,0.932300000011935,0.6324999999999932,0.9656999999880327,0.5496000000238723,0.6493000000119196,0.6825000000000045,0.5995000000000346,0.7826000000238196,0.8326999999881082,2.7643000000119287,1.4986999999880481,2.4476999999881173,0.8326999999881082,5.062000000000012,0.9158000000119273,0.5991999999881159,1.1491999999880704,9.007800000012026,0.9325999999642818,2.2480000000000473,11.006299999952375,2.1316999999880863,2.7641999999880227,4.745499999999993,1.3816999999880863,0.68260000002374,0.7493000000119991,1.2987000000476883,1.0325000000000273,1.415599999964229,2.44789999997613,1.08219999998812]",,,0.0,104.0,104.0,26.0,1.0,vrouw,gvrouw,question_gesture.png,im_hand.png,,,,,,
,,,348676,1,21,2023-10-02_21h26.35.284,flesh_expressibility_dutch,2022.2.4,Win32,60.15399423,,,,18.0,1.0,Nederlands,,,,,,Engels,2.0,Duits,1.0,,0.0,,0.0,,0.0,,0.0,,0.0,,0.0,NL,2.0,2.0,2.0,1.0,,sensorypref1,sensorypref2,1536.0,864.0,,,,,,,,,,,,,,,,,,,,,,,,,,,,,,,,,,,22.0,851.6637,45.0,"[0.7493999999761627,0.7161000000238289,0.7828999999761663,0.6161000000238346,0.8658000000119159,0.6661999999880663,0.8158000000119614,0.6324999999999932,0.5493999999761741,0.5491999999881045,0.6329999999999814,3.8296999999881223,1.514900000035766,0.932300000011935,0.6323999999762009,0.9656999999880327,0.5496000000238723,0.6493000000119196,0.6824000000357273,0.5995000000000346,0.7824999999999704,0.8326999999881082,2.7643000000119287,1.498599999964199,2.447599999964268,0.8326000000238878,5.061899999976163,0.9158000000119273,0.5991999999881159,1.1490999999642213,9.007700000047748,0.9325000000000045,2.2480000000000473,11.006299999952375,2.1316999999880863,2.7641999999880227,4.745499999999993,1.3816999999880863,0.68260000002374,0.74919999998815,1.2987000000476883,1.0325000000000273,1.4155000000000655,2.4478000000119664,1.08219999998812]","[0.7493999999761627,0.7161000000238289,0.7830000000000155,0.6162000000476837,0.8658000000119159,0.6662999999523436,0.8158000000119614,0.6324999999999932,0.5493999999761741,0.5491999999881045,0.6329999999999814,3.8296999999881223,1.514900000035766,0.932300000011935,0.6324999999999932,0.9656999999880327,0.5496000000238723,0.6493000000119196,0.6825000000000045,0.5995000000000346,0.7826000000238196,0.8326999999881082,2.7643000000119287,1.4986999999880481,2.4476999999881173,0.8326999999881082,5.062000000000012,0.9158000000119273,0.5991999999881159,1.1491999999880704,9.007800000012026,0.9325999999642818,2.2480000000000473,11.006299999952375,2.1316999999880863,2.7641999999880227,4.745499999999993,1.3816999999880863,0.68260000002374,0.7493000000119991,1.2987000000476883,1.0325000000000273,1.415599999964229,2.44789999997613,1.08219999998812]",,,0.0,105.0,105.0,25.0,1.0,dood,gdood,question_gesture.png,im_hand.png,,,,,,
,,,348676,1,21,2023-10-02_21h26.35.284,flesh_expressibility_dutch,2022.2.4,Win32,60.15399423,,,,18.0,1.0,Nederlands,,,,,,Engels,2.0,Duits,1.0,,0.0,,0.0,,0.0,,0.0,,0.0,,0.0,NL,2.0,2.0,2.0,1.0,,sensorypref1,sensorypref2,1536.0,864.0,,,,,,,,,,,,,,,,,,,,,,,,,,,,,,,,,,,22.0,852.6615,45.0,"[0.7493999999761627,0.7161000000238289,0.7828999999761663,0.6161000000238346,0.8658000000119159,0.6661999999880663,0.8158000000119614,0.6324999999999932,0.5493999999761741,0.5491999999881045,0.6329999999999814,3.8296999999881223,1.514900000035766,0.932300000011935,0.6323999999762009,0.9656999999880327,0.5496000000238723,0.6493000000119196,0.6824000000357273,0.5995000000000346,0.7824999999999704,0.8326999999881082,2.7643000000119287,1.498599999964199,2.447599999964268,0.8326000000238878,5.061899999976163,0.9158000000119273,0.5991999999881159,1.1490999999642213,9.007700000047748,0.9325000000000045,2.2480000000000473,11.006299999952375,2.1316999999880863,2.7641999999880227,4.745499999999993,1.3816999999880863,0.68260000002374,0.74919999998815,1.2987000000476883,1.0325000000000273,1.4155000000000655,2.4478000000119664,1.08219999998812]","[0.7493999999761627,0.7161000000238289,0.7830000000000155,0.6162000000476837,0.8658000000119159,0.6662999999523436,0.8158000000119614,0.6324999999999932,0.5493999999761741,0.5491999999881045,0.6329999999999814,3.8296999999881223,1.514900000035766,0.932300000011935,0.6324999999999932,0.9656999999880327,0.5496000000238723,0.6493000000119196,0.6825000000000045,0.5995000000000346,0.7826000000238196,0.8326999999881082,2.7643000000119287,1.4986999999880481,2.4476999999881173,0.8326999999881082,5.062000000000012,0.9158000000119273,0.5991999999881159,1.1491999999880704,9.007800000012026,0.9325999999642818,2.2480000000000473,11.006299999952375,2.1316999999880863,2.7641999999880227,4.745499999999993,1.3816999999880863,0.68260000002374,0.7493000000119991,1.2987000000476883,1.0325000000000273,1.415599999964229,2.44789999997613,1.08219999998812]",,,0.0,106.0,106.0,166.0,1.0,zwart,gzwart,question_gesture.png,im_hand.png,,,,,,
,,,348676,1,21,2023-10-02_21h26.35.284,flesh_expressibility_dutch,2022.2.4,Win32,60.15399423,,,,18.0,1.0,Nederlands,,,,,,Engels,2.0,Duits,1.0,,0.0,,0.0,,0.0,,0.0,,0.0,,0.0,NL,2.0,2.0,2.0,1.0,,sensorypref1,sensorypref2,1536.0,864.0,,,,,,,,,,,,,,,,,,,,,,,,,,,,,,,,,,,22.0,853.6164,45.0,"[0.7493999999761627,0.7161000000238289,0.7828999999761663,0.6161000000238346,0.8658000000119159,0.6661999999880663,0.8158000000119614,0.6324999999999932,0.5493999999761741,0.5491999999881045,0.6329999999999814,3.8296999999881223,1.514900000035766,0.932300000011935,0.6323999999762009,0.9656999999880327,0.5496000000238723,0.6493000000119196,0.6824000000357273,0.5995000000000346,0.7824999999999704,0.8326999999881082,2.7643000000119287,1.498599999964199,2.447599999964268,0.8326000000238878,5.061899999976163,0.9158000000119273,0.5991999999881159,1.1490999999642213,9.007700000047748,0.9325000000000045,2.2480000000000473,11.006299999952375,2.1316999999880863,2.7641999999880227,4.745499999999993,1.3816999999880863,0.68260000002374,0.74919999998815,1.2987000000476883,1.0325000000000273,1.4155000000000655,2.4478000000119664,1.08219999998812]","[0.7493999999761627,0.7161000000238289,0.7830000000000155,0.6162000000476837,0.8658000000119159,0.6662999999523436,0.8158000000119614,0.6324999999999932,0.5493999999761741,0.5491999999881045,0.6329999999999814,3.8296999999881223,1.514900000035766,0.932300000011935,0.6324999999999932,0.9656999999880327,0.5496000000238723,0.6493000000119196,0.6825000000000045,0.5995000000000346,0.7826000000238196,0.8326999999881082,2.7643000000119287,1.4986999999880481,2.4476999999881173,0.8326999999881082,5.062000000000012,0.9158000000119273,0.5991999999881159,1.1491999999880704,9.007800000012026,0.9325999999642818,2.2480000000000473,11.006299999952375,2.1316999999880863,2.7641999999880227,4.745499999999993,1.3816999999880863,0.68260000002374,0.7493000000119991,1.2987000000476883,1.0325000000000273,1.415599999964229,2.44789999997613,1.08219999998812]",,,0.0,107.0,107.0,3.0,1.0,stil,gstil,question_gesture.png,im_hand.png,,,,,,
,,,348676,1,21,2023-10-02_21h26.35.284,flesh_expressibility_dutch,2022.2.4,Win32,60.15399423,,,,18.0,1.0,Nederlands,,,,,,Engels,2.0,Duits,1.0,,0.0,,0.0,,0.0,,0.0,,0.0,,0.0,NL,2.0,2.0,2.0,1.0,,sensorypref1,sensorypref2,1536.0,864.0,,,,,,,,,,,,,,,,,,,,,,,,,,,,,,,,,,,22.0,854.6339,45.0,"[0.7493999999761627,0.7161000000238289,0.7828999999761663,0.6161000000238346,0.8658000000119159,0.6661999999880663,0.8158000000119614,0.6324999999999932,0.5493999999761741,0.5491999999881045,0.6329999999999814,3.8296999999881223,1.514900000035766,0.932300000011935,0.6323999999762009,0.9656999999880327,0.5496000000238723,0.6493000000119196,0.6824000000357273,0.5995000000000346,0.7824999999999704,0.8326999999881082,2.7643000000119287,1.498599999964199,2.447599999964268,0.8326000000238878,5.061899999976163,0.9158000000119273,0.5991999999881159,1.1490999999642213,9.007700000047748,0.9325000000000045,2.2480000000000473,11.006299999952375,2.1316999999880863,2.7641999999880227,4.745499999999993,1.3816999999880863,0.68260000002374,0.74919999998815,1.2987000000476883,1.0325000000000273,1.4155000000000655,2.4478000000119664,1.08219999998812]","[0.7493999999761627,0.7161000000238289,0.7830000000000155,0.6162000000476837,0.8658000000119159,0.6662999999523436,0.8158000000119614,0.6324999999999932,0.5493999999761741,0.5491999999881045,0.6329999999999814,3.8296999999881223,1.514900000035766,0.932300000011935,0.6324999999999932,0.9656999999880327,0.5496000000238723,0.6493000000119196,0.6825000000000045,0.5995000000000346,0.7826000000238196,0.8326999999881082,2.7643000000119287,1.4986999999880481,2.4476999999881173,0.8326999999881082,5.062000000000012,0.9158000000119273,0.5991999999881159,1.1491999999880704,9.007800000012026,0.9325999999642818,2.2480000000000473,11.006299999952375,2.1316999999880863,2.7641999999880227,4.745499999999993,1.3816999999880863,0.68260000002374,0.7493000000119991,1.2987000000476883,1.0325000000000273,1.415599999964229,2.44789999997613,1.08219999998812]",,,0.0,108.0,108.0,2.0,1.0,luidruchtig,gluidruchtig,question_gesture.png,im_hand.png,,,,,,
,,,348676,1,21,2023-10-02_21h26.35.284,flesh_expressibility_dutch,2022.2.4,Win32,60.15399423,,,,18.0,1.0,Nederlands,,,,,,Engels,2.0,Duits,1.0,,0.0,,0.0,,0.0,,0.0,,0.0,,0.0,NL,2.0,2.0,2.0,1.0,,sensorypref1,sensorypref2,1536.0,864.0,,,,,,,,,,,,,,,,,,,,,,,,,,,,,,,,,,,22.0,855.6201,45.0,"[0.7493999999761627,0.7161000000238289,0.7828999999761663,0.6161000000238346,0.8658000000119159,0.6661999999880663,0.8158000000119614,0.6324999999999932,0.5493999999761741,0.5491999999881045,0.6329999999999814,3.8296999999881223,1.514900000035766,0.932300000011935,0.6323999999762009,0.9656999999880327,0.5496000000238723,0.6493000000119196,0.6824000000357273,0.5995000000000346,0.7824999999999704,0.8326999999881082,2.7643000000119287,1.498599999964199,2.447599999964268,0.8326000000238878,5.061899999976163,0.9158000000119273,0.5991999999881159,1.1490999999642213,9.007700000047748,0.9325000000000045,2.2480000000000473,11.006299999952375,2.1316999999880863,2.7641999999880227,4.745499999999993,1.3816999999880863,0.68260000002374,0.74919999998815,1.2987000000476883,1.0325000000000273,1.4155000000000655,2.4478000000119664,1.08219999998812]","[0.7493999999761627,0.7161000000238289,0.7830000000000155,0.6162000000476837,0.8658000000119159,0.6662999999523436,0.8158000000119614,0.6324999999999932,0.5493999999761741,0.5491999999881045,0.6329999999999814,3.8296999999881223,1.514900000035766,0.932300000011935,0.6324999999999932,0.9656999999880327,0.5496000000238723,0.6493000000119196,0.6825000000000045,0.5995000000000346,0.7826000000238196,0.8326999999881082,2.7643000000119287,1.4986999999880481,2.4476999999881173,0.8326999999881082,5.062000000000012,0.9158000000119273,0.5991999999881159,1.1491999999880704,9.007800000012026,0.9325999999642818,2.2480000000000473,11.006299999952375,2.1316999999880863,2.7641999999880227,4.745499999999993,1.3816999999880863,0.68260000002374,0.7493000000119991,1.2987000000476883,1.0325000000000273,1.415599999964229,2.44789999997613,1.08219999998812]",,,0.0,109.0,109.0,171.0,1.0,zwaar,gzwaar,question_gesture.png,im_hand.png,,,,,,
,,,348676,1,21,2023-10-02_21h26.35.284,flesh_expressibility_dutch,2022.2.4,Win32,60.15399423,,,,18.0,1.0,Nederlands,,,,,,Engels,2.0,Duits,1.0,,0.0,,0.0,,0.0,,0.0,,0.0,,0.0,NL,2.0,2.0,2.0,1.0,,sensorypref1,sensorypref2,1536.0,864.0,,,,,,,,,,,,,,,,,,,,,,,,,,,,,,,,,,,22.0,856.6229,45.0,"[0.7493999999761627,0.7161000000238289,0.7828999999761663,0.6161000000238346,0.8658000000119159,0.6661999999880663,0.8158000000119614,0.6324999999999932,0.5493999999761741,0.5491999999881045,0.6329999999999814,3.8296999999881223,1.514900000035766,0.932300000011935,0.6323999999762009,0.9656999999880327,0.5496000000238723,0.6493000000119196,0.6824000000357273,0.5995000000000346,0.7824999999999704,0.8326999999881082,2.7643000000119287,1.498599999964199,2.447599999964268,0.8326000000238878,5.061899999976163,0.9158000000119273,0.5991999999881159,1.1490999999642213,9.007700000047748,0.9325000000000045,2.2480000000000473,11.006299999952375,2.1316999999880863,2.7641999999880227,4.745499999999993,1.3816999999880863,0.68260000002374,0.74919999998815,1.2987000000476883,1.0325000000000273,1.4155000000000655,2.4478000000119664,1.08219999998812]","[0.7493999999761627,0.7161000000238289,0.7830000000000155,0.6162000000476837,0.8658000000119159,0.6662999999523436,0.8158000000119614,0.6324999999999932,0.5493999999761741,0.5491999999881045,0.6329999999999814,3.8296999999881223,1.514900000035766,0.932300000011935,0.6324999999999932,0.9656999999880327,0.5496000000238723,0.6493000000119196,0.6825000000000045,0.5995000000000346,0.7826000000238196,0.8326999999881082,2.7643000000119287,1.4986999999880481,2.4476999999881173,0.8326999999881082,5.062000000000012,0.9158000000119273,0.5991999999881159,1.1491999999880704,9.007800000012026,0.9325999999642818,2.2480000000000473,11.006299999952375,2.1316999999880863,2.7641999999880227,4.745499999999993,1.3816999999880863,0.68260000002374,0.7493000000119991,1.2987000000476883,1.0325000000000273,1.415599999964229,2.44789999997613,1.08219999998812]",,,0.0,110.0,110.0,173.0,1.0,klein,gklein,question_gesture.png,im_hand.png,,,,,,
,,,348676,1,21,2023-10-02_21h26.35.284,flesh_expressibility_dutch,2022.2.4,Win32,60.15399423,,,,18.0,1.0,Nederlands,,,,,,Engels,2.0,Duits,1.0,,0.0,,0.0,,0.0,,0.0,,0.0,,0.0,NL,2.0,2.0,2.0,1.0,,sensorypref1,sensorypref2,1536.0,864.0,,,,,,,,,,,,,,,,,,,,,,,,,,,,,,,,,,,22.0,857.6203,45.0,"[0.7493999999761627,0.7161000000238289,0.7828999999761663,0.6161000000238346,0.8658000000119159,0.6661999999880663,0.8158000000119614,0.6324999999999932,0.5493999999761741,0.5491999999881045,0.6329999999999814,3.8296999999881223,1.514900000035766,0.932300000011935,0.6323999999762009,0.9656999999880327,0.5496000000238723,0.6493000000119196,0.6824000000357273,0.5995000000000346,0.7824999999999704,0.8326999999881082,2.7643000000119287,1.498599999964199,2.447599999964268,0.8326000000238878,5.061899999976163,0.9158000000119273,0.5991999999881159,1.1490999999642213,9.007700000047748,0.9325000000000045,2.2480000000000473,11.006299999952375,2.1316999999880863,2.7641999999880227,4.745499999999993,1.3816999999880863,0.68260000002374,0.74919999998815,1.2987000000476883,1.0325000000000273,1.4155000000000655,2.4478000000119664,1.08219999998812]","[0.7493999999761627,0.7161000000238289,0.7830000000000155,0.6162000000476837,0.8658000000119159,0.6662999999523436,0.8158000000119614,0.6324999999999932,0.5493999999761741,0.5491999999881045,0.6329999999999814,3.8296999999881223,1.514900000035766,0.932300000011935,0.6324999999999932,0.9656999999880327,0.5496000000238723,0.6493000000119196,0.6825000000000045,0.5995000000000346,0.7826000000238196,0.8326999999881082,2.7643000000119287,1.4986999999880481,2.4476999999881173,0.8326999999881082,5.062000000000012,0.9158000000119273,0.5991999999881159,1.1491999999880704,9.007800000012026,0.9325999999642818,2.2480000000000473,11.006299999952375,2.1316999999880863,2.7641999999880227,4.745499999999993,1.3816999999880863,0.68260000002374,0.7493000000119991,1.2987000000476883,1.0325000000000273,1.415599999964229,2.44789999997613,1.08219999998812]",,,0.0,111.0,111.0,0.0,1.0,droog,gdroog,question_gesture.png,im_hand.png,,,,,,
,,,348676,1,21,2023-10-02_21h26.35.284,flesh_expressibility_dutch,2022.2.4,Win32,60.15399423,,,,18.0,1.0,Nederlands,,,,,,Engels,2.0,Duits,1.0,,0.0,,0.0,,0.0,,0.0,,0.0,,0.0,NL,2.0,2.0,2.0,1.0,,sensorypref1,sensorypref2,1536.0,864.0,,,,,,,,,,,,,,,,,,,,,,,,,,,,,,,,,,,22.0,858.6646,45.0,"[0.7493999999761627,0.7161000000238289,0.7828999999761663,0.6161000000238346,0.8658000000119159,0.6661999999880663,0.8158000000119614,0.6324999999999932,0.5493999999761741,0.5491999999881045,0.6329999999999814,3.8296999999881223,1.514900000035766,0.932300000011935,0.6323999999762009,0.9656999999880327,0.5496000000238723,0.6493000000119196,0.6824000000357273,0.5995000000000346,0.7824999999999704,0.8326999999881082,2.7643000000119287,1.498599999964199,2.447599999964268,0.8326000000238878,5.061899999976163,0.9158000000119273,0.5991999999881159,1.1490999999642213,9.007700000047748,0.9325000000000045,2.2480000000000473,11.006299999952375,2.1316999999880863,2.7641999999880227,4.745499999999993,1.3816999999880863,0.68260000002374,0.74919999998815,1.2987000000476883,1.0325000000000273,1.4155000000000655,2.4478000000119664,1.08219999998812]","[0.7493999999761627,0.7161000000238289,0.7830000000000155,0.6162000000476837,0.8658000000119159,0.6662999999523436,0.8158000000119614,0.6324999999999932,0.5493999999761741,0.5491999999881045,0.6329999999999814,3.8296999999881223,1.514900000035766,0.932300000011935,0.6324999999999932,0.9656999999880327,0.5496000000238723,0.6493000000119196,0.6825000000000045,0.5995000000000346,0.7826000000238196,0.8326999999881082,2.7643000000119287,1.4986999999880481,2.4476999999881173,0.8326999999881082,5.062000000000012,0.9158000000119273,0.5991999999881159,1.1491999999880704,9.007800000012026,0.9325999999642818,2.2480000000000473,11.006299999952375,2.1316999999880863,2.7641999999880227,4.745499999999993,1.3816999999880863,0.68260000002374,0.7493000000119991,1.2987000000476883,1.0325000000000273,1.415599999964229,2.44789999997613,1.08219999998812]",,,0.0,112.0,112.0,106.0,1.0,hand,ghand,question_gesture.png,im_hand.png,,,,,,
,,,348676,1,21,2023-10-02_21h26.35.284,flesh_expressibility_dutch,2022.2.4,Win32,60.15399423,,,,18.0,1.0,Nederlands,,,,,,Engels,2.0,Duits,1.0,,0.0,,0.0,,0.0,,0.0,,0.0,,0.0,NL,2.0,2.0,2.0,1.0,,sensorypref1,sensorypref2,1536.0,864.0,,,,,,,,,,,,,,,,,,,,,,,,,,,,,,,,,,,22.0,859.6437,45.0,"[0.7493999999761627,0.7161000000238289,0.7828999999761663,0.6161000000238346,0.8658000000119159,0.6661999999880663,0.8158000000119614,0.6324999999999932,0.5493999999761741,0.5491999999881045,0.6329999999999814,3.8296999999881223,1.514900000035766,0.932300000011935,0.6323999999762009,0.9656999999880327,0.5496000000238723,0.6493000000119196,0.6824000000357273,0.5995000000000346,0.7824999999999704,0.8326999999881082,2.7643000000119287,1.498599999964199,2.447599999964268,0.8326000000238878,5.061899999976163,0.9158000000119273,0.5991999999881159,1.1490999999642213,9.007700000047748,0.9325000000000045,2.2480000000000473,11.006299999952375,2.1316999999880863,2.7641999999880227,4.745499999999993,1.3816999999880863,0.68260000002374,0.74919999998815,1.2987000000476883,1.0325000000000273,1.4155000000000655,2.4478000000119664,1.08219999998812]","[0.7493999999761627,0.7161000000238289,0.7830000000000155,0.6162000000476837,0.8658000000119159,0.6662999999523436,0.8158000000119614,0.6324999999999932,0.5493999999761741,0.5491999999881045,0.6329999999999814,3.8296999999881223,1.514900000035766,0.932300000011935,0.6324999999999932,0.9656999999880327,0.5496000000238723,0.6493000000119196,0.6825000000000045,0.5995000000000346,0.7826000000238196,0.8326999999881082,2.7643000000119287,1.4986999999880481,2.4476999999881173,0.8326999999881082,5.062000000000012,0.9158000000119273,0.5991999999881159,1.1491999999880704,9.007800000012026,0.9325999999642818,2.2480000000000473,11.006299999952375,2.1316999999880863,2.7641999999880227,4.745499999999993,1.3816999999880863,0.68260000002374,0.7493000000119991,1.2987000000476883,1.0325000000000273,1.415599999964229,2.44789999997613,1.08219999998812]",,,0.0,113.0,113.0,136.0,1.0,komen,gkomen,question_gesture.png,im_hand.png,,,,,,
,,,348676,1,21,2023-10-02_21h26.35.284,flesh_expressibility_dutch,2022.2.4,Win32,60.15399423,,,,18.0,1.0,Nederlands,,,,,,Engels,2.0,Duits,1.0,,0.0,,0.0,,0.0,,0.0,,0.0,,0.0,NL,2.0,2.0,2.0,1.0,,sensorypref1,sensorypref2,1536.0,864.0,,,,,,,,,,,,,,,,,,,,,,,,,,,,,,,,,,,22.0,860.6996,45.0,"[0.7493999999761627,0.7161000000238289,0.7828999999761663,0.6161000000238346,0.8658000000119159,0.6661999999880663,0.8158000000119614,0.6324999999999932,0.5493999999761741,0.5491999999881045,0.6329999999999814,3.8296999999881223,1.514900000035766,0.932300000011935,0.6323999999762009,0.9656999999880327,0.5496000000238723,0.6493000000119196,0.6824000000357273,0.5995000000000346,0.7824999999999704,0.8326999999881082,2.7643000000119287,1.498599999964199,2.447599999964268,0.8326000000238878,5.061899999976163,0.9158000000119273,0.5991999999881159,1.1490999999642213,9.007700000047748,0.9325000000000045,2.2480000000000473,11.006299999952375,2.1316999999880863,2.7641999999880227,4.745499999999993,1.3816999999880863,0.68260000002374,0.74919999998815,1.2987000000476883,1.0325000000000273,1.4155000000000655,2.4478000000119664,1.08219999998812]","[0.7493999999761627,0.7161000000238289,0.7830000000000155,0.6162000000476837,0.8658000000119159,0.6662999999523436,0.8158000000119614,0.6324999999999932,0.5493999999761741,0.5491999999881045,0.6329999999999814,3.8296999999881223,1.514900000035766,0.932300000011935,0.6324999999999932,0.9656999999880327,0.5496000000238723,0.6493000000119196,0.6825000000000045,0.5995000000000346,0.7826000000238196,0.8326999999881082,2.7643000000119287,1.4986999999880481,2.4476999999881173,0.8326999999881082,5.062000000000012,0.9158000000119273,0.5991999999881159,1.1491999999880704,9.007800000012026,0.9325999999642818,2.2480000000000473,11.006299999952375,2.1316999999880863,2.7641999999880227,4.745499999999993,1.3816999999880863,0.68260000002374,0.7493000000119991,1.2987000000476883,1.0325000000000273,1.415599999964229,2.44789999997613,1.08219999998812]",,,0.0,114.0,114.0,15.0,1.0,geel,ggeel,question_gesture.png,im_hand.png,,,,,,
,,,348676,1,21,2023-10-02_21h26.35.284,flesh_expressibility_dutch,2022.2.4,Win32,60.15399423,,,,18.0,1.0,Nederlands,,,,,,Engels,2.0,Duits,1.0,,0.0,,0.0,,0.0,,0.0,,0.0,,0.0,NL,2.0,2.0,2.0,1.0,,sensorypref1,sensorypref2,1536.0,864.0,,,,,,,,,,,,,,,,,,,,,,,,,,,,,,,,,,,22.0,861.6295,45.0,"[0.7493999999761627,0.7161000000238289,0.7828999999761663,0.6161000000238346,0.8658000000119159,0.6661999999880663,0.8158000000119614,0.6324999999999932,0.5493999999761741,0.5491999999881045,0.6329999999999814,3.8296999999881223,1.514900000035766,0.932300000011935,0.6323999999762009,0.9656999999880327,0.5496000000238723,0.6493000000119196,0.6824000000357273,0.5995000000000346,0.7824999999999704,0.8326999999881082,2.7643000000119287,1.498599999964199,2.447599999964268,0.8326000000238878,5.061899999976163,0.9158000000119273,0.5991999999881159,1.1490999999642213,9.007700000047748,0.9325000000000045,2.2480000000000473,11.006299999952375,2.1316999999880863,2.7641999999880227,4.745499999999993,1.3816999999880863,0.68260000002374,0.74919999998815,1.2987000000476883,1.0325000000000273,1.4155000000000655,2.4478000000119664,1.08219999998812]","[0.7493999999761627,0.7161000000238289,0.7830000000000155,0.6162000000476837,0.8658000000119159,0.6662999999523436,0.8158000000119614,0.6324999999999932,0.5493999999761741,0.5491999999881045,0.6329999999999814,3.8296999999881223,1.514900000035766,0.932300000011935,0.6324999999999932,0.9656999999880327,0.5496000000238723,0.6493000000119196,0.6825000000000045,0.5995000000000346,0.7826000000238196,0.8326999999881082,2.7643000000119287,1.4986999999880481,2.4476999999881173,0.8326999999881082,5.062000000000012,0.9158000000119273,0.5991999999881159,1.1491999999880704,9.007800000012026,0.9325999999642818,2.2480000000000473,11.006299999952375,2.1316999999880863,2.7641999999880227,4.745499999999993,1.3816999999880863,0.68260000002374,0.7493000000119991,1.2987000000476883,1.0325000000000273,1.415599999964229,2.44789999997613,1.08219999998812]",,,0.0,115.0,115.0,147.0,1.0,knopen,gknopen,question_gesture.png,im_hand.png,,,,,,
,,,348676,1,21,2023-10-02_21h26.35.284,flesh_expressibility_dutch,2022.2.4,Win32,60.15399423,,,,18.0,1.0,Nederlands,,,,,,Engels,2.0,Duits,1.0,,0.0,,0.0,,0.0,,0.0,,0.0,,0.0,NL,2.0,2.0,2.0,1.0,,sensorypref1,sensorypref2,1536.0,864.0,,,,,,,,,,,,,,,,,,,,,,,,,,,,,,,,,,,22.0,862.6613,45.0,"[0.7493999999761627,0.7161000000238289,0.7828999999761663,0.6161000000238346,0.8658000000119159,0.6661999999880663,0.8158000000119614,0.6324999999999932,0.5493999999761741,0.5491999999881045,0.6329999999999814,3.8296999999881223,1.514900000035766,0.932300000011935,0.6323999999762009,0.9656999999880327,0.5496000000238723,0.6493000000119196,0.6824000000357273,0.5995000000000346,0.7824999999999704,0.8326999999881082,2.7643000000119287,1.498599999964199,2.447599999964268,0.8326000000238878,5.061899999976163,0.9158000000119273,0.5991999999881159,1.1490999999642213,9.007700000047748,0.9325000000000045,2.2480000000000473,11.006299999952375,2.1316999999880863,2.7641999999880227,4.745499999999993,1.3816999999880863,0.68260000002374,0.74919999998815,1.2987000000476883,1.0325000000000273,1.4155000000000655,2.4478000000119664,1.08219999998812]","[0.7493999999761627,0.7161000000238289,0.7830000000000155,0.6162000000476837,0.8658000000119159,0.6662999999523436,0.8158000000119614,0.6324999999999932,0.5493999999761741,0.5491999999881045,0.6329999999999814,3.8296999999881223,1.514900000035766,0.932300000011935,0.6324999999999932,0.9656999999880327,0.5496000000238723,0.6493000000119196,0.6825000000000045,0.5995000000000346,0.7826000000238196,0.8326999999881082,2.7643000000119287,1.4986999999880481,2.4476999999881173,0.8326999999881082,5.062000000000012,0.9158000000119273,0.5991999999881159,1.1491999999880704,9.007800000012026,0.9325999999642818,2.2480000000000473,11.006299999952375,2.1316999999880863,2.7641999999880227,4.745499999999993,1.3816999999880863,0.68260000002374,0.7493000000119991,1.2987000000476883,1.0325000000000273,1.415599999964229,2.44789999997613,1.08219999998812]",,,0.0,116.0,116.0,102.0,1.0,vis,gvis,question_gesture.png,im_hand.png,,,,,,
,,,348676,1,21,2023-10-02_21h26.35.284,flesh_expressibility_dutch,2022.2.4,Win32,60.15399423,,,,18.0,1.0,Nederlands,,,,,,Engels,2.0,Duits,1.0,,0.0,,0.0,,0.0,,0.0,,0.0,,0.0,NL,2.0,2.0,2.0,1.0,,sensorypref1,sensorypref2,1536.0,864.0,,,,,,,,,,,,,,,,,,,,,,,,,,,,,,,,,,,22.0,863.6381,45.0,"[0.7493999999761627,0.7161000000238289,0.7828999999761663,0.6161000000238346,0.8658000000119159,0.6661999999880663,0.8158000000119614,0.6324999999999932,0.5493999999761741,0.5491999999881045,0.6329999999999814,3.8296999999881223,1.514900000035766,0.932300000011935,0.6323999999762009,0.9656999999880327,0.5496000000238723,0.6493000000119196,0.6824000000357273,0.5995000000000346,0.7824999999999704,0.8326999999881082,2.7643000000119287,1.498599999964199,2.447599999964268,0.8326000000238878,5.061899999976163,0.9158000000119273,0.5991999999881159,1.1490999999642213,9.007700000047748,0.9325000000000045,2.2480000000000473,11.006299999952375,2.1316999999880863,2.7641999999880227,4.745499999999993,1.3816999999880863,0.68260000002374,0.74919999998815,1.2987000000476883,1.0325000000000273,1.4155000000000655,2.4478000000119664,1.08219999998812]","[0.7493999999761627,0.7161000000238289,0.7830000000000155,0.6162000000476837,0.8658000000119159,0.6662999999523436,0.8158000000119614,0.6324999999999932,0.5493999999761741,0.5491999999881045,0.6329999999999814,3.8296999999881223,1.514900000035766,0.932300000011935,0.6324999999999932,0.9656999999880327,0.5496000000238723,0.6493000000119196,0.6825000000000045,0.5995000000000346,0.7826000000238196,0.8326999999881082,2.7643000000119287,1.4986999999880481,2.4476999999881173,0.8326999999881082,5.062000000000012,0.9158000000119273,0.5991999999881159,1.1491999999880704,9.007800000012026,0.9325999999642818,2.2480000000000473,11.006299999952375,2.1316999999880863,2.7641999999880227,4.745499999999993,1.3816999999880863,0.68260000002374,0.7493000000119991,1.2987000000476883,1.0325000000000273,1.415599999964229,2.44789999997613,1.08219999998812]",,,0.0,117.0,117.0,206.0,1.0,lepel,glepel,question_gesture.png,im_hand.png,,,,,,
,,,348676,1,21,2023-10-02_21h26.35.284,flesh_expressibility_dutch,2022.2.4,Win32,60.15399423,,,,18.0,1.0,Nederlands,,,,,,Engels,2.0,Duits,1.0,,0.0,,0.0,,0.0,,0.0,,0.0,,0.0,NL,2.0,2.0,2.0,1.0,,sensorypref1,sensorypref2,1536.0,864.0,,,,,,,,,,,,,,,,,,,,,,,,,,,,,,,,,,,22.0,864.613,45.0,"[0.7493999999761627,0.7161000000238289,0.7828999999761663,0.6161000000238346,0.8658000000119159,0.6661999999880663,0.8158000000119614,0.6324999999999932,0.5493999999761741,0.5491999999881045,0.6329999999999814,3.8296999999881223,1.514900000035766,0.932300000011935,0.6323999999762009,0.9656999999880327,0.5496000000238723,0.6493000000119196,0.6824000000357273,0.5995000000000346,0.7824999999999704,0.8326999999881082,2.7643000000119287,1.498599999964199,2.447599999964268,0.8326000000238878,5.061899999976163,0.9158000000119273,0.5991999999881159,1.1490999999642213,9.007700000047748,0.9325000000000045,2.2480000000000473,11.006299999952375,2.1316999999880863,2.7641999999880227,4.745499999999993,1.3816999999880863,0.68260000002374,0.74919999998815,1.2987000000476883,1.0325000000000273,1.4155000000000655,2.4478000000119664,1.08219999998812]","[0.7493999999761627,0.7161000000238289,0.7830000000000155,0.6162000000476837,0.8658000000119159,0.6662999999523436,0.8158000000119614,0.6324999999999932,0.5493999999761741,0.5491999999881045,0.6329999999999814,3.8296999999881223,1.514900000035766,0.932300000011935,0.6324999999999932,0.9656999999880327,0.5496000000238723,0.6493000000119196,0.6825000000000045,0.5995000000000346,0.7826000000238196,0.8326999999881082,2.7643000000119287,1.4986999999880481,2.4476999999881173,0.8326999999881082,5.062000000000012,0.9158000000119273,0.5991999999881159,1.1491999999880704,9.007800000012026,0.9325999999642818,2.2480000000000473,11.006299999952375,2.1316999999880863,2.7641999999880227,4.745499999999993,1.3816999999880863,0.68260000002374,0.7493000000119991,1.2987000000476883,1.0325000000000273,1.415599999964229,2.44789999997613,1.08219999998812]",,,0.0,118.0,118.0,29.0,1.0,ziek,gziek,question_gesture.png,im_hand.png,,,,,,
,,,348676,1,21,2023-10-02_21h26.35.284,flesh_expressibility_dutch,2022.2.4,Win32,60.15399423,,,,18.0,1.0,Nederlands,,,,,,Engels,2.0,Duits,1.0,,0.0,,0.0,,0.0,,0.0,,0.0,,0.0,NL,2.0,2.0,2.0,1.0,,sensorypref1,sensorypref2,1536.0,864.0,,,,,,,,,,,,,,,,,,,,,,,,,,,,,,,,,,,22.0,865.6571,45.0,"[0.7493999999761627,0.7161000000238289,0.7828999999761663,0.6161000000238346,0.8658000000119159,0.6661999999880663,0.8158000000119614,0.6324999999999932,0.5493999999761741,0.5491999999881045,0.6329999999999814,3.8296999999881223,1.514900000035766,0.932300000011935,0.6323999999762009,0.9656999999880327,0.5496000000238723,0.6493000000119196,0.6824000000357273,0.5995000000000346,0.7824999999999704,0.8326999999881082,2.7643000000119287,1.498599999964199,2.447599999964268,0.8326000000238878,5.061899999976163,0.9158000000119273,0.5991999999881159,1.1490999999642213,9.007700000047748,0.9325000000000045,2.2480000000000473,11.006299999952375,2.1316999999880863,2.7641999999880227,4.745499999999993,1.3816999999880863,0.68260000002374,0.74919999998815,1.2987000000476883,1.0325000000000273,1.4155000000000655,2.4478000000119664,1.08219999998812]","[0.7493999999761627,0.7161000000238289,0.7830000000000155,0.6162000000476837,0.8658000000119159,0.6662999999523436,0.8158000000119614,0.6324999999999932,0.5493999999761741,0.5491999999881045,0.6329999999999814,3.8296999999881223,1.514900000035766,0.932300000011935,0.6324999999999932,0.9656999999880327,0.5496000000238723,0.6493000000119196,0.6825000000000045,0.5995000000000346,0.7826000000238196,0.8326999999881082,2.7643000000119287,1.4986999999880481,2.4476999999881173,0.8326999999881082,5.062000000000012,0.9158000000119273,0.5991999999881159,1.1491999999880704,9.007800000012026,0.9325999999642818,2.2480000000000473,11.006299999952375,2.1316999999880863,2.7641999999880227,4.745499999999993,1.3816999999880863,0.68260000002374,0.7493000000119991,1.2987000000476883,1.0325000000000273,1.415599999964229,2.44789999997613,1.08219999998812]",,,0.0,119.0,119.0,65.0,1.0,jeuk,gjeuk,question_gesture.png,im_hand.png,,,,,,
,,,348676,1,21,2023-10-02_21h26.35.284,flesh_expressibility_dutch,2022.2.4,Win32,60.15399423,,,,18.0,1.0,Nederlands,,,,,,Engels,2.0,Duits,1.0,,0.0,,0.0,,0.0,,0.0,,0.0,,0.0,NL,2.0,2.0,2.0,1.0,,sensorypref1,sensorypref2,1536.0,864.0,,,,,,,,,,,,,,,,,,,,,,,,,,,,,,,,,,,22.0,866.61,45.0,"[0.7493999999761627,0.7161000000238289,0.7828999999761663,0.6161000000238346,0.8658000000119159,0.6661999999880663,0.8158000000119614,0.6324999999999932,0.5493999999761741,0.5491999999881045,0.6329999999999814,3.8296999999881223,1.514900000035766,0.932300000011935,0.6323999999762009,0.9656999999880327,0.5496000000238723,0.6493000000119196,0.6824000000357273,0.5995000000000346,0.7824999999999704,0.8326999999881082,2.7643000000119287,1.498599999964199,2.447599999964268,0.8326000000238878,5.061899999976163,0.9158000000119273,0.5991999999881159,1.1490999999642213,9.007700000047748,0.9325000000000045,2.2480000000000473,11.006299999952375,2.1316999999880863,2.7641999999880227,4.745499999999993,1.3816999999880863,0.68260000002374,0.74919999998815,1.2987000000476883,1.0325000000000273,1.4155000000000655,2.4478000000119664,1.08219999998812]","[0.7493999999761627,0.7161000000238289,0.7830000000000155,0.6162000000476837,0.8658000000119159,0.6662999999523436,0.8158000000119614,0.6324999999999932,0.5493999999761741,0.5491999999881045,0.6329999999999814,3.8296999999881223,1.514900000035766,0.932300000011935,0.6324999999999932,0.9656999999880327,0.5496000000238723,0.6493000000119196,0.6825000000000045,0.5995000000000346,0.7826000000238196,0.8326999999881082,2.7643000000119287,1.4986999999880481,2.4476999999881173,0.8326999999881082,5.062000000000012,0.9158000000119273,0.5991999999881159,1.1491999999880704,9.007800000012026,0.9325999999642818,2.2480000000000473,11.006299999952375,2.1316999999880863,2.7641999999880227,4.745499999999993,1.3816999999880863,0.68260000002374,0.7493000000119991,1.2987000000476883,1.0325000000000273,1.415599999964229,2.44789999997613,1.08219999998812]",,,0.0,120.0,120.0,170.0,1.0,groot,ggroot,question_gesture.png,im_hand.png,,,,,,
,,,348676,1,21,2023-10-02_21h26.35.284,flesh_expressibility_dutch,2022.2.4,Win32,60.15399423,,,,18.0,1.0,Nederlands,,,,,,Engels,2.0,Duits,1.0,,0.0,,0.0,,0.0,,0.0,,0.0,,0.0,NL,2.0,2.0,2.0,1.0,,sensorypref1,sensorypref2,1536.0,864.0,,,,,,,,,,,,,,,,,,,,,,,,,,,,,,,,,,,19.0,867.686,46.0,"[0.7493999999761627,0.7161000000238289,0.7828999999761663,0.6161000000238346,0.8658000000119159,0.6661999999880663,0.8158000000119614,0.6324999999999932,0.5493999999761741,0.5491999999881045,0.6329999999999814,3.8296999999881223,1.514900000035766,0.932300000011935,0.6323999999762009,0.9656999999880327,0.5496000000238723,0.6493000000119196,0.6824000000357273,0.5995000000000346,0.7824999999999704,0.8326999999881082,2.7643000000119287,1.498599999964199,2.447599999964268,0.8326000000238878,5.061899999976163,0.9158000000119273,0.5991999999881159,1.1490999999642213,9.007700000047748,0.9325000000000045,2.2480000000000473,11.006299999952375,2.1316999999880863,2.7641999999880227,4.745499999999993,1.3816999999880863,0.68260000002374,0.74919999998815,1.2987000000476883,1.0325000000000273,1.4155000000000655,2.4478000000119664,1.08219999998812,1.0657999999523327]","[0.7493999999761627,0.7161000000238289,0.7830000000000155,0.6162000000476837,0.8658000000119159,0.6662999999523436,0.8158000000119614,0.6324999999999932,0.5493999999761741,0.5491999999881045,0.6329999999999814,3.8296999999881223,1.514900000035766,0.932300000011935,0.6324999999999932,0.9656999999880327,0.5496000000238723,0.6493000000119196,0.6825000000000045,0.5995000000000346,0.7826000000238196,0.8326999999881082,2.7643000000119287,1.4986999999880481,2.4476999999881173,0.8326999999881082,5.062000000000012,0.9158000000119273,0.5991999999881159,1.1491999999880704,9.007800000012026,0.9325999999642818,2.2480000000000473,11.006299999952375,2.1316999999880863,2.7641999999880227,4.745499999999993,1.3816999999880863,0.68260000002374,0.7493000000119991,1.2987000000476883,1.0325000000000273,1.415599999964229,2.44789999997613,1.08219999998812,1.0657999999523327]",-0.619215123,4.8749,0.0,121.0,121.0,98.0,1.0,maken,gmaken,question_gesture.png,im_hand.png,,,,,,
,,,348676,1,21,2023-10-02_21h26.35.284,flesh_expressibility_dutch,2022.2.4,Win32,60.15399423,,,,18.0,1.0,Nederlands,,,,,,Engels,2.0,Duits,1.0,,0.0,,0.0,,0.0,,0.0,,0.0,,0.0,NL,2.0,2.0,2.0,1.0,,sensorypref1,sensorypref2,1536.0,864.0,,,,,,,,,,,,,,,,,,,,,,,,,,,,,,,,,,,22.0,873.4152,46.0,"[0.7493999999761627,0.7161000000238289,0.7828999999761663,0.6161000000238346,0.8658000000119159,0.6661999999880663,0.8158000000119614,0.6324999999999932,0.5493999999761741,0.5491999999881045,0.6329999999999814,3.8296999999881223,1.514900000035766,0.932300000011935,0.6323999999762009,0.9656999999880327,0.5496000000238723,0.6493000000119196,0.6824000000357273,0.5995000000000346,0.7824999999999704,0.8326999999881082,2.7643000000119287,1.498599999964199,2.447599999964268,0.8326000000238878,5.061899999976163,0.9158000000119273,0.5991999999881159,1.1490999999642213,9.007700000047748,0.9325000000000045,2.2480000000000473,11.006299999952375,2.1316999999880863,2.7641999999880227,4.745499999999993,1.3816999999880863,0.68260000002374,0.74919999998815,1.2987000000476883,1.0325000000000273,1.4155000000000655,2.4478000000119664,1.08219999998812,1.0657999999523327]","[0.7493999999761627,0.7161000000238289,0.7830000000000155,0.6162000000476837,0.8658000000119159,0.6662999999523436,0.8158000000119614,0.6324999999999932,0.5493999999761741,0.5491999999881045,0.6329999999999814,3.8296999999881223,1.514900000035766,0.932300000011935,0.6324999999999932,0.9656999999880327,0.5496000000238723,0.6493000000119196,0.6825000000000045,0.5995000000000346,0.7826000000238196,0.8326999999881082,2.7643000000119287,1.4986999999880481,2.4476999999881173,0.8326999999881082,5.062000000000012,0.9158000000119273,0.5991999999881159,1.1491999999880704,9.007800000012026,0.9325999999642818,2.2480000000000473,11.006299999952375,2.1316999999880863,2.7641999999880227,4.745499999999993,1.3816999999880863,0.68260000002374,0.7493000000119991,1.2987000000476883,1.0325000000000273,1.415599999964229,2.44789999997613,1.08219999998812,1.0657999999523327]",,,0.0,122.0,122.0,31.0,1.0,zwak,gzwak,question_gesture.png,im_hand.png,,,,,,
,,,348676,1,21,2023-10-02_21h26.35.284,flesh_expressibility_dutch,2022.2.4,Win32,60.15399423,,,,18.0,1.0,Nederlands,,,,,,Engels,2.0,Duits,1.0,,0.0,,0.0,,0.0,,0.0,,0.0,,0.0,NL,2.0,2.0,2.0,1.0,,sensorypref1,sensorypref2,1536.0,864.0,,,,,,,,,,,,,,,,,,,,,,,,,,,,,,,,,,,22.0,874.3825,46.0,"[0.7493999999761627,0.7161000000238289,0.7828999999761663,0.6161000000238346,0.8658000000119159,0.6661999999880663,0.8158000000119614,0.6324999999999932,0.5493999999761741,0.5491999999881045,0.6329999999999814,3.8296999999881223,1.514900000035766,0.932300000011935,0.6323999999762009,0.9656999999880327,0.5496000000238723,0.6493000000119196,0.6824000000357273,0.5995000000000346,0.7824999999999704,0.8326999999881082,2.7643000000119287,1.498599999964199,2.447599999964268,0.8326000000238878,5.061899999976163,0.9158000000119273,0.5991999999881159,1.1490999999642213,9.007700000047748,0.9325000000000045,2.2480000000000473,11.006299999952375,2.1316999999880863,2.7641999999880227,4.745499999999993,1.3816999999880863,0.68260000002374,0.74919999998815,1.2987000000476883,1.0325000000000273,1.4155000000000655,2.4478000000119664,1.08219999998812,1.0657999999523327]","[0.7493999999761627,0.7161000000238289,0.7830000000000155,0.6162000000476837,0.8658000000119159,0.6662999999523436,0.8158000000119614,0.6324999999999932,0.5493999999761741,0.5491999999881045,0.6329999999999814,3.8296999999881223,1.514900000035766,0.932300000011935,0.6324999999999932,0.9656999999880327,0.5496000000238723,0.6493000000119196,0.6825000000000045,0.5995000000000346,0.7826000000238196,0.8326999999881082,2.7643000000119287,1.4986999999880481,2.4476999999881173,0.8326999999881082,5.062000000000012,0.9158000000119273,0.5991999999881159,1.1491999999880704,9.007800000012026,0.9325999999642818,2.2480000000000473,11.006299999952375,2.1316999999880863,2.7641999999880227,4.745499999999993,1.3816999999880863,0.68260000002374,0.7493000000119991,1.2987000000476883,1.0325000000000273,1.415599999964229,2.44789999997613,1.08219999998812,1.0657999999523327]",,,0.0,123.0,123.0,88.0,1.0,verzamelen,gverzamelen,question_gesture.png,im_hand.png,,,,,,
,,,348676,1,21,2023-10-02_21h26.35.284,flesh_expressibility_dutch,2022.2.4,Win32,60.15399423,,,,18.0,1.0,Nederlands,,,,,,Engels,2.0,Duits,1.0,,0.0,,0.0,,0.0,,0.0,,0.0,,0.0,NL,2.0,2.0,2.0,1.0,,sensorypref1,sensorypref2,1536.0,864.0,,,,,,,,,,,,,,,,,,,,,,,,,,,,,,,,,,,22.0,875.3887,46.0,"[0.7493999999761627,0.7161000000238289,0.7828999999761663,0.6161000000238346,0.8658000000119159,0.6661999999880663,0.8158000000119614,0.6324999999999932,0.5493999999761741,0.5491999999881045,0.6329999999999814,3.8296999999881223,1.514900000035766,0.932300000011935,0.6323999999762009,0.9656999999880327,0.5496000000238723,0.6493000000119196,0.6824000000357273,0.5995000000000346,0.7824999999999704,0.8326999999881082,2.7643000000119287,1.498599999964199,2.447599999964268,0.8326000000238878,5.061899999976163,0.9158000000119273,0.5991999999881159,1.1490999999642213,9.007700000047748,0.9325000000000045,2.2480000000000473,11.006299999952375,2.1316999999880863,2.7641999999880227,4.745499999999993,1.3816999999880863,0.68260000002374,0.74919999998815,1.2987000000476883,1.0325000000000273,1.4155000000000655,2.4478000000119664,1.08219999998812,1.0657999999523327]","[0.7493999999761627,0.7161000000238289,0.7830000000000155,0.6162000000476837,0.8658000000119159,0.6662999999523436,0.8158000000119614,0.6324999999999932,0.5493999999761741,0.5491999999881045,0.6329999999999814,3.8296999999881223,1.514900000035766,0.932300000011935,0.6324999999999932,0.9656999999880327,0.5496000000238723,0.6493000000119196,0.6825000000000045,0.5995000000000346,0.7826000000238196,0.8326999999881082,2.7643000000119287,1.4986999999880481,2.4476999999881173,0.8326999999881082,5.062000000000012,0.9158000000119273,0.5991999999881159,1.1491999999880704,9.007800000012026,0.9325999999642818,2.2480000000000473,11.006299999952375,2.1316999999880863,2.7641999999880227,4.745499999999993,1.3816999999880863,0.68260000002374,0.7493000000119991,1.2987000000476883,1.0325000000000273,1.415599999964229,2.44789999997613,1.08219999998812,1.0657999999523327]",,,0.0,124.0,124.0,108.0,1.0,neus,gneus,question_gesture.png,im_hand.png,,,,,,
,,,348676,1,21,2023-10-02_21h26.35.284,flesh_expressibility_dutch,2022.2.4,Win32,60.15399423,,,,18.0,1.0,Nederlands,,,,,,Engels,2.0,Duits,1.0,,0.0,,0.0,,0.0,,0.0,,0.0,,0.0,NL,2.0,2.0,2.0,1.0,,sensorypref1,sensorypref2,1536.0,864.0,,,,,,,,,,,,,,,,,,,,,,,,,,,,,,,,,,,21.0,876.3612,47.0,"[0.7493999999761627,0.7161000000238289,0.7828999999761663,0.6161000000238346,0.8658000000119159,0.6661999999880663,0.8158000000119614,0.6324999999999932,0.5493999999761741,0.5491999999881045,0.6329999999999814,3.8296999999881223,1.514900000035766,0.932300000011935,0.6323999999762009,0.9656999999880327,0.5496000000238723,0.6493000000119196,0.6824000000357273,0.5995000000000346,0.7824999999999704,0.8326999999881082,2.7643000000119287,1.498599999964199,2.447599999964268,0.8326000000238878,5.061899999976163,0.9158000000119273,0.5991999999881159,1.1490999999642213,9.007700000047748,0.9325000000000045,2.2480000000000473,11.006299999952375,2.1316999999880863,2.7641999999880227,4.745499999999993,1.3816999999880863,0.68260000002374,0.74919999998815,1.2987000000476883,1.0325000000000273,1.4155000000000655,2.4478000000119664,1.08219999998812,1.0657999999523327,0.7495000000000118]","[0.7493999999761627,0.7161000000238289,0.7830000000000155,0.6162000000476837,0.8658000000119159,0.6662999999523436,0.8158000000119614,0.6324999999999932,0.5493999999761741,0.5491999999881045,0.6329999999999814,3.8296999999881223,1.514900000035766,0.932300000011935,0.6324999999999932,0.9656999999880327,0.5496000000238723,0.6493000000119196,0.6825000000000045,0.5995000000000346,0.7826000000238196,0.8326999999881082,2.7643000000119287,1.4986999999880481,2.4476999999881173,0.8326999999881082,5.062000000000012,0.9158000000119273,0.5991999999881159,1.1491999999880704,9.007800000012026,0.9325999999642818,2.2480000000000473,11.006299999952375,2.1316999999880863,2.7641999999880227,4.745499999999993,1.3816999999880863,0.68260000002374,0.7493000000119991,1.2987000000476883,1.0325000000000273,1.415599999964229,2.44789999997613,1.08219999998812,1.0657999999523327,0.7495000000000118]",-0.75994584,5.1867,0.0,125.0,125.0,194.0,1.0,touw,gtouw,question_gesture.png,im_hand.png,,,,,,
,,,348676,1,21,2023-10-02_21h26.35.284,flesh_expressibility_dutch,2022.2.4,Win32,60.15399423,,,,18.0,1.0,Nederlands,,,,,,Engels,2.0,Duits,1.0,,0.0,,0.0,,0.0,,0.0,,0.0,,0.0,NL,2.0,2.0,2.0,1.0,,sensorypref1,sensorypref2,1536.0,864.0,,,,,,,,,,,,,,,,,,,,,,,,,,,,,,,,,,,22.0,882.1193,47.0,"[0.7493999999761627,0.7161000000238289,0.7828999999761663,0.6161000000238346,0.8658000000119159,0.6661999999880663,0.8158000000119614,0.6324999999999932,0.5493999999761741,0.5491999999881045,0.6329999999999814,3.8296999999881223,1.514900000035766,0.932300000011935,0.6323999999762009,0.9656999999880327,0.5496000000238723,0.6493000000119196,0.6824000000357273,0.5995000000000346,0.7824999999999704,0.8326999999881082,2.7643000000119287,1.498599999964199,2.447599999964268,0.8326000000238878,5.061899999976163,0.9158000000119273,0.5991999999881159,1.1490999999642213,9.007700000047748,0.9325000000000045,2.2480000000000473,11.006299999952375,2.1316999999880863,2.7641999999880227,4.745499999999993,1.3816999999880863,0.68260000002374,0.74919999998815,1.2987000000476883,1.0325000000000273,1.4155000000000655,2.4478000000119664,1.08219999998812,1.0657999999523327,0.7495000000000118]","[0.7493999999761627,0.7161000000238289,0.7830000000000155,0.6162000000476837,0.8658000000119159,0.6662999999523436,0.8158000000119614,0.6324999999999932,0.5493999999761741,0.5491999999881045,0.6329999999999814,3.8296999999881223,1.514900000035766,0.932300000011935,0.6324999999999932,0.9656999999880327,0.5496000000238723,0.6493000000119196,0.6825000000000045,0.5995000000000346,0.7826000000238196,0.8326999999881082,2.7643000000119287,1.4986999999880481,2.4476999999881173,0.8326999999881082,5.062000000000012,0.9158000000119273,0.5991999999881159,1.1491999999880704,9.007800000012026,0.9325999999642818,2.2480000000000473,11.006299999952375,2.1316999999880863,2.7641999999880227,4.745499999999993,1.3816999999880863,0.68260000002374,0.7493000000119991,1.2987000000476883,1.0325000000000273,1.415599999964229,2.44789999997613,1.08219999998812,1.0657999999523327,0.7495000000000118]",,,0.0,126.0,126.0,72.0,1.0,verrot,gverrot,question_gesture.png,im_hand.png,,,,,,
,,,348676,1,21,2023-10-02_21h26.35.284,flesh_expressibility_dutch,2022.2.4,Win32,60.15399423,,,,18.0,1.0,Nederlands,,,,,,Engels,2.0,Duits,1.0,,0.0,,0.0,,0.0,,0.0,,0.0,,0.0,NL,2.0,2.0,2.0,1.0,,sensorypref1,sensorypref2,1536.0,864.0,,,,,,,,,,,,,,,,,,,,,,,,,,,,,,,,,,,22.0,883.0982,47.0,"[0.7493999999761627,0.7161000000238289,0.7828999999761663,0.6161000000238346,0.8658000000119159,0.6661999999880663,0.8158000000119614,0.6324999999999932,0.5493999999761741,0.5491999999881045,0.6329999999999814,3.8296999999881223,1.514900000035766,0.932300000011935,0.6323999999762009,0.9656999999880327,0.5496000000238723,0.6493000000119196,0.6824000000357273,0.5995000000000346,0.7824999999999704,0.8326999999881082,2.7643000000119287,1.498599999964199,2.447599999964268,0.8326000000238878,5.061899999976163,0.9158000000119273,0.5991999999881159,1.1490999999642213,9.007700000047748,0.9325000000000045,2.2480000000000473,11.006299999952375,2.1316999999880863,2.7641999999880227,4.745499999999993,1.3816999999880863,0.68260000002374,0.74919999998815,1.2987000000476883,1.0325000000000273,1.4155000000000655,2.4478000000119664,1.08219999998812,1.0657999999523327,0.7495000000000118]","[0.7493999999761627,0.7161000000238289,0.7830000000000155,0.6162000000476837,0.8658000000119159,0.6662999999523436,0.8158000000119614,0.6324999999999932,0.5493999999761741,0.5491999999881045,0.6329999999999814,3.8296999999881223,1.514900000035766,0.932300000011935,0.6324999999999932,0.9656999999880327,0.5496000000238723,0.6493000000119196,0.6825000000000045,0.5995000000000346,0.7826000000238196,0.8326999999881082,2.7643000000119287,1.4986999999880481,2.4476999999881173,0.8326999999881082,5.062000000000012,0.9158000000119273,0.5991999999881159,1.1491999999880704,9.007800000012026,0.9325999999642818,2.2480000000000473,11.006299999952375,2.1316999999880863,2.7641999999880227,4.745499999999993,1.3816999999880863,0.68260000002374,0.7493000000119991,1.2987000000476883,1.0325000000000273,1.415599999964229,2.44789999997613,1.08219999998812,1.0657999999523327,0.7495000000000118]",,,0.0,127.0,127.0,30.0,1.0,sterk,gsterk,question_gesture.png,im_hand.png,,,,,,
,,,348676,1,21,2023-10-02_21h26.35.284,flesh_expressibility_dutch,2022.2.4,Win32,60.15399423,,,,18.0,1.0,Nederlands,,,,,,Engels,2.0,Duits,1.0,,0.0,,0.0,,0.0,,0.0,,0.0,,0.0,NL,2.0,2.0,2.0,1.0,,sensorypref1,sensorypref2,1536.0,864.0,,,,,,,,,,,,,,,,,,,,,,,,,,,,,,,,,,,22.0,884.1543,47.0,"[0.7493999999761627,0.7161000000238289,0.7828999999761663,0.6161000000238346,0.8658000000119159,0.6661999999880663,0.8158000000119614,0.6324999999999932,0.5493999999761741,0.5491999999881045,0.6329999999999814,3.8296999999881223,1.514900000035766,0.932300000011935,0.6323999999762009,0.9656999999880327,0.5496000000238723,0.6493000000119196,0.6824000000357273,0.5995000000000346,0.7824999999999704,0.8326999999881082,2.7643000000119287,1.498599999964199,2.447599999964268,0.8326000000238878,5.061899999976163,0.9158000000119273,0.5991999999881159,1.1490999999642213,9.007700000047748,0.9325000000000045,2.2480000000000473,11.006299999952375,2.1316999999880863,2.7641999999880227,4.745499999999993,1.3816999999880863,0.68260000002374,0.74919999998815,1.2987000000476883,1.0325000000000273,1.4155000000000655,2.4478000000119664,1.08219999998812,1.0657999999523327,0.7495000000000118]","[0.7493999999761627,0.7161000000238289,0.7830000000000155,0.6162000000476837,0.8658000000119159,0.6662999999523436,0.8158000000119614,0.6324999999999932,0.5493999999761741,0.5491999999881045,0.6329999999999814,3.8296999999881223,1.514900000035766,0.932300000011935,0.6324999999999932,0.9656999999880327,0.5496000000238723,0.6493000000119196,0.6825000000000045,0.5995000000000346,0.7826000000238196,0.8326999999881082,2.7643000000119287,1.4986999999880481,2.4476999999881173,0.8326999999881082,5.062000000000012,0.9158000000119273,0.5991999999881159,1.1491999999880704,9.007800000012026,0.9325999999642818,2.2480000000000473,11.006299999952375,2.1316999999880863,2.7641999999880227,4.745499999999993,1.3816999999880863,0.68260000002374,0.7493000000119991,1.2987000000476883,1.0325000000000273,1.415599999964229,2.44789999997613,1.08219999998812,1.0657999999523327,0.7495000000000118]",,,0.0,128.0,128.0,203.0,1.0,kat,gkat,question_gesture.png,im_hand.png,,,,,,
,,,348676,1,21,2023-10-02_21h26.35.284,flesh_expressibility_dutch,2022.2.4,Win32,60.15399423,,,,18.0,1.0,Nederlands,,,,,,Engels,2.0,Duits,1.0,,0.0,,0.0,,0.0,,0.0,,0.0,,0.0,NL,2.0,2.0,2.0,1.0,,sensorypref1,sensorypref2,1536.0,864.0,,,,,,,,,,,,,,,,,,,,,,,,,,,,,,,,,,,22.0,885.1157,47.0,"[0.7493999999761627,0.7161000000238289,0.7828999999761663,0.6161000000238346,0.8658000000119159,0.6661999999880663,0.8158000000119614,0.6324999999999932,0.5493999999761741,0.5491999999881045,0.6329999999999814,3.8296999999881223,1.514900000035766,0.932300000011935,0.6323999999762009,0.9656999999880327,0.5496000000238723,0.6493000000119196,0.6824000000357273,0.5995000000000346,0.7824999999999704,0.8326999999881082,2.7643000000119287,1.498599999964199,2.447599999964268,0.8326000000238878,5.061899999976163,0.9158000000119273,0.5991999999881159,1.1490999999642213,9.007700000047748,0.9325000000000045,2.2480000000000473,11.006299999952375,2.1316999999880863,2.7641999999880227,4.745499999999993,1.3816999999880863,0.68260000002374,0.74919999998815,1.2987000000476883,1.0325000000000273,1.4155000000000655,2.4478000000119664,1.08219999998812,1.0657999999523327,0.7495000000000118]","[0.7493999999761627,0.7161000000238289,0.7830000000000155,0.6162000000476837,0.8658000000119159,0.6662999999523436,0.8158000000119614,0.6324999999999932,0.5493999999761741,0.5491999999881045,0.6329999999999814,3.8296999999881223,1.514900000035766,0.932300000011935,0.6324999999999932,0.9656999999880327,0.5496000000238723,0.6493000000119196,0.6825000000000045,0.5995000000000346,0.7826000000238196,0.8326999999881082,2.7643000000119287,1.4986999999880481,2.4476999999881173,0.8326999999881082,5.062000000000012,0.9158000000119273,0.5991999999881159,1.1491999999880704,9.007800000012026,0.9325999999642818,2.2480000000000473,11.006299999952375,2.1316999999880863,2.7641999999880227,4.745499999999993,1.3816999999880863,0.68260000002374,0.7493000000119991,1.2987000000476883,1.0325000000000273,1.415599999964229,2.44789999997613,1.08219999998812,1.0657999999523327,0.7495000000000118]",,,0.0,129.0,129.0,23.0,1.0,slang,gslang,question_gesture.png,im_hand.png,,,,,,
,,,348676,1,21,2023-10-02_21h26.35.284,flesh_expressibility_dutch,2022.2.4,Win32,60.15399423,,,,18.0,1.0,Nederlands,,,,,,Engels,2.0,Duits,1.0,,0.0,,0.0,,0.0,,0.0,,0.0,,0.0,NL,2.0,2.0,2.0,1.0,,sensorypref1,sensorypref2,1536.0,864.0,,,,,,,,,,,,,,,,,,,,,,,,,,,,,,,,,,,22.0,886.1505,47.0,"[0.7493999999761627,0.7161000000238289,0.7828999999761663,0.6161000000238346,0.8658000000119159,0.6661999999880663,0.8158000000119614,0.6324999999999932,0.5493999999761741,0.5491999999881045,0.6329999999999814,3.8296999999881223,1.514900000035766,0.932300000011935,0.6323999999762009,0.9656999999880327,0.5496000000238723,0.6493000000119196,0.6824000000357273,0.5995000000000346,0.7824999999999704,0.8326999999881082,2.7643000000119287,1.498599999964199,2.447599999964268,0.8326000000238878,5.061899999976163,0.9158000000119273,0.5991999999881159,1.1490999999642213,9.007700000047748,0.9325000000000045,2.2480000000000473,11.006299999952375,2.1316999999880863,2.7641999999880227,4.745499999999993,1.3816999999880863,0.68260000002374,0.74919999998815,1.2987000000476883,1.0325000000000273,1.4155000000000655,2.4478000000119664,1.08219999998812,1.0657999999523327,0.7495000000000118]","[0.7493999999761627,0.7161000000238289,0.7830000000000155,0.6162000000476837,0.8658000000119159,0.6662999999523436,0.8158000000119614,0.6324999999999932,0.5493999999761741,0.5491999999881045,0.6329999999999814,3.8296999999881223,1.514900000035766,0.932300000011935,0.6324999999999932,0.9656999999880327,0.5496000000238723,0.6493000000119196,0.6825000000000045,0.5995000000000346,0.7826000000238196,0.8326999999881082,2.7643000000119287,1.4986999999880481,2.4476999999881173,0.8326999999881082,5.062000000000012,0.9158000000119273,0.5991999999881159,1.1491999999880704,9.007800000012026,0.9325999999642818,2.2480000000000473,11.006299999952375,2.1316999999880863,2.7641999999880227,4.745499999999993,1.3816999999880863,0.68260000002374,0.7493000000119991,1.2987000000476883,1.0325000000000273,1.415599999964229,2.44789999997613,1.08219999998812,1.0657999999523327,0.7495000000000118]",,,0.0,130.0,130.0,157.0,1.0,wortel,gwortel,question_gesture.png,im_hand.png,,,,,,
,,,348676,1,21,2023-10-02_21h26.35.284,flesh_expressibility_dutch,2022.2.4,Win32,60.15399423,,,,18.0,1.0,Nederlands,,,,,,Engels,2.0,Duits,1.0,,0.0,,0.0,,0.0,,0.0,,0.0,,0.0,NL,2.0,2.0,2.0,1.0,,sensorypref1,sensorypref2,1536.0,864.0,,,,,,,,,,,,,,,,,,,,,,,,,,,,,,,,,,,22.0,887.0969,47.0,"[0.7493999999761627,0.7161000000238289,0.7828999999761663,0.6161000000238346,0.8658000000119159,0.6661999999880663,0.8158000000119614,0.6324999999999932,0.5493999999761741,0.5491999999881045,0.6329999999999814,3.8296999999881223,1.514900000035766,0.932300000011935,0.6323999999762009,0.9656999999880327,0.5496000000238723,0.6493000000119196,0.6824000000357273,0.5995000000000346,0.7824999999999704,0.8326999999881082,2.7643000000119287,1.498599999964199,2.447599999964268,0.8326000000238878,5.061899999976163,0.9158000000119273,0.5991999999881159,1.1490999999642213,9.007700000047748,0.9325000000000045,2.2480000000000473,11.006299999952375,2.1316999999880863,2.7641999999880227,4.745499999999993,1.3816999999880863,0.68260000002374,0.74919999998815,1.2987000000476883,1.0325000000000273,1.4155000000000655,2.4478000000119664,1.08219999998812,1.0657999999523327,0.7495000000000118]","[0.7493999999761627,0.7161000000238289,0.7830000000000155,0.6162000000476837,0.8658000000119159,0.6662999999523436,0.8158000000119614,0.6324999999999932,0.5493999999761741,0.5491999999881045,0.6329999999999814,3.8296999999881223,1.514900000035766,0.932300000011935,0.6324999999999932,0.9656999999880327,0.5496000000238723,0.6493000000119196,0.6825000000000045,0.5995000000000346,0.7826000000238196,0.8326999999881082,2.7643000000119287,1.4986999999880481,2.4476999999881173,0.8326999999881082,5.062000000000012,0.9158000000119273,0.5991999999881159,1.1491999999880704,9.007800000012026,0.9325999999642818,2.2480000000000473,11.006299999952375,2.1316999999880863,2.7641999999880227,4.745499999999993,1.3816999999880863,0.68260000002374,0.7493000000119991,1.2987000000476883,1.0325000000000273,1.415599999964229,2.44789999997613,1.08219999998812,1.0657999999523327,0.7495000000000118]",,,0.0,131.0,131.0,109.0,1.0,tong,gtong,question_gesture.png,im_hand.png,,,,,,
,,,348676,1,21,2023-10-02_21h26.35.284,flesh_expressibility_dutch,2022.2.4,Win32,60.15399423,,,,18.0,1.0,Nederlands,,,,,,Engels,2.0,Duits,1.0,,0.0,,0.0,,0.0,,0.0,,0.0,,0.0,NL,2.0,2.0,2.0,1.0,,sensorypref1,sensorypref2,1536.0,864.0,,,,,,,,,,,,,,,,,,,,,,,,,,,,,,,,,,,22.0,888.1341,47.0,"[0.7493999999761627,0.7161000000238289,0.7828999999761663,0.6161000000238346,0.8658000000119159,0.6661999999880663,0.8158000000119614,0.6324999999999932,0.5493999999761741,0.5491999999881045,0.6329999999999814,3.8296999999881223,1.514900000035766,0.932300000011935,0.6323999999762009,0.9656999999880327,0.5496000000238723,0.6493000000119196,0.6824000000357273,0.5995000000000346,0.7824999999999704,0.8326999999881082,2.7643000000119287,1.498599999964199,2.447599999964268,0.8326000000238878,5.061899999976163,0.9158000000119273,0.5991999999881159,1.1490999999642213,9.007700000047748,0.9325000000000045,2.2480000000000473,11.006299999952375,2.1316999999880863,2.7641999999880227,4.745499999999993,1.3816999999880863,0.68260000002374,0.74919999998815,1.2987000000476883,1.0325000000000273,1.4155000000000655,2.4478000000119664,1.08219999998812,1.0657999999523327,0.7495000000000118]","[0.7493999999761627,0.7161000000238289,0.7830000000000155,0.6162000000476837,0.8658000000119159,0.6662999999523436,0.8158000000119614,0.6324999999999932,0.5493999999761741,0.5491999999881045,0.6329999999999814,3.8296999999881223,1.514900000035766,0.932300000011935,0.6324999999999932,0.9656999999880327,0.5496000000238723,0.6493000000119196,0.6825000000000045,0.5995000000000346,0.7826000000238196,0.8326999999881082,2.7643000000119287,1.4986999999880481,2.4476999999881173,0.8326999999881082,5.062000000000012,0.9158000000119273,0.5991999999881159,1.1491999999880704,9.007800000012026,0.9325999999642818,2.2480000000000473,11.006299999952375,2.1316999999880863,2.7641999999880227,4.745499999999993,1.3816999999880863,0.68260000002374,0.7493000000119991,1.2987000000476883,1.0325000000000273,1.415599999964229,2.44789999997613,1.08219999998812,1.0657999999523327,0.7495000000000118]",,,0.0,132.0,132.0,96.0,1.0,verbranden,gverbranden,question_gesture.png,im_hand.png,,,,,,
,,,348676,1,21,2023-10-02_21h26.35.284,flesh_expressibility_dutch,2022.2.4,Win32,60.15399423,,,,18.0,1.0,Nederlands,,,,,,Engels,2.0,Duits,1.0,,0.0,,0.0,,0.0,,0.0,,0.0,,0.0,NL,2.0,2.0,2.0,1.0,,sensorypref1,sensorypref2,1536.0,864.0,,,,,,,,,,,,,,,,,,,,,,,,,,,,,,,,,,,20.0,889.1435,48.0,"[0.7493999999761627,0.7161000000238289,0.7828999999761663,0.6161000000238346,0.8658000000119159,0.6661999999880663,0.8158000000119614,0.6324999999999932,0.5493999999761741,0.5491999999881045,0.6329999999999814,3.8296999999881223,1.514900000035766,0.932300000011935,0.6323999999762009,0.9656999999880327,0.5496000000238723,0.6493000000119196,0.6824000000357273,0.5995000000000346,0.7824999999999704,0.8326999999881082,2.7643000000119287,1.498599999964199,2.447599999964268,0.8326000000238878,5.061899999976163,0.9158000000119273,0.5991999999881159,1.1490999999642213,9.007700000047748,0.9325000000000045,2.2480000000000473,11.006299999952375,2.1316999999880863,2.7641999999880227,4.745499999999993,1.3816999999880863,0.68260000002374,0.74919999998815,1.2987000000476883,1.0325000000000273,1.4155000000000655,2.4478000000119664,1.08219999998812,1.0657999999523327,0.7495000000000118,1.4817000000477947]","[0.7493999999761627,0.7161000000238289,0.7830000000000155,0.6162000000476837,0.8658000000119159,0.6662999999523436,0.8158000000119614,0.6324999999999932,0.5493999999761741,0.5491999999881045,0.6329999999999814,3.8296999999881223,1.514900000035766,0.932300000011935,0.6324999999999932,0.9656999999880327,0.5496000000238723,0.6493000000119196,0.6825000000000045,0.5995000000000346,0.7826000000238196,0.8326999999881082,2.7643000000119287,1.4986999999880481,2.4476999999881173,0.8326999999881082,5.062000000000012,0.9158000000119273,0.5991999999881159,1.1491999999880704,9.007800000012026,0.9325999999642818,2.2480000000000473,11.006299999952375,2.1316999999880863,2.7641999999880227,4.745499999999993,1.3816999999880863,0.68260000002374,0.7493000000119991,1.2987000000476883,1.0325000000000273,1.415599999964229,2.44789999997613,1.08219999998812,1.0657999999523327,0.7495000000000118,1.4817000000477947]",0.552097429,134.0568,0.0,133.0,133.0,35.0,1.0,boos,gboos,question_gesture.png,im_hand.png,,,,,,
,,,348676,1,21,2023-10-02_21h26.35.284,flesh_expressibility_dutch,2022.2.4,Win32,60.15399423,,,,18.0,1.0,Nederlands,,,,,,Engels,2.0,Duits,1.0,,0.0,,0.0,,0.0,,0.0,,0.0,,0.0,NL,2.0,2.0,2.0,1.0,,sensorypref1,sensorypref2,1536.0,864.0,,,,,,,,,,,,,,,,,,,,,,,,,,,,,,,,,,,22.0,1024.4567,48.0,"[0.7493999999761627,0.7161000000238289,0.7828999999761663,0.6161000000238346,0.8658000000119159,0.6661999999880663,0.8158000000119614,0.6324999999999932,0.5493999999761741,0.5491999999881045,0.6329999999999814,3.8296999999881223,1.514900000035766,0.932300000011935,0.6323999999762009,0.9656999999880327,0.5496000000238723,0.6493000000119196,0.6824000000357273,0.5995000000000346,0.7824999999999704,0.8326999999881082,2.7643000000119287,1.498599999964199,2.447599999964268,0.8326000000238878,5.061899999976163,0.9158000000119273,0.5991999999881159,1.1490999999642213,9.007700000047748,0.9325000000000045,2.2480000000000473,11.006299999952375,2.1316999999880863,2.7641999999880227,4.745499999999993,1.3816999999880863,0.68260000002374,0.74919999998815,1.2987000000476883,1.0325000000000273,1.4155000000000655,2.4478000000119664,1.08219999998812,1.0657999999523327,0.7495000000000118,1.4817000000477947]","[0.7493999999761627,0.7161000000238289,0.7830000000000155,0.6162000000476837,0.8658000000119159,0.6662999999523436,0.8158000000119614,0.6324999999999932,0.5493999999761741,0.5491999999881045,0.6329999999999814,3.8296999999881223,1.514900000035766,0.932300000011935,0.6324999999999932,0.9656999999880327,0.5496000000238723,0.6493000000119196,0.6825000000000045,0.5995000000000346,0.7826000000238196,0.8326999999881082,2.7643000000119287,1.4986999999880481,2.4476999999881173,0.8326999999881082,5.062000000000012,0.9158000000119273,0.5991999999881159,1.1491999999880704,9.007800000012026,0.9325999999642818,2.2480000000000473,11.006299999952375,2.1316999999880863,2.7641999999880227,4.745499999999993,1.3816999999880863,0.68260000002374,0.7493000000119991,1.2987000000476883,1.0325000000000273,1.415599999964229,2.44789999997613,1.08219999998812,1.0657999999523327,0.7495000000000118,1.4817000000477947]",,,0.0,134.0,134.0,64.0,1.0,smaak,gsmaak,question_gesture.png,im_hand.png,,,,,,
,,,348676,1,21,2023-10-02_21h26.35.284,flesh_expressibility_dutch,2022.2.4,Win32,60.15399423,,,,18.0,1.0,Nederlands,,,,,,Engels,2.0,Duits,1.0,,0.0,,0.0,,0.0,,0.0,,0.0,,0.0,NL,2.0,2.0,2.0,1.0,,sensorypref1,sensorypref2,1536.0,864.0,,,,,,,,,,,,,,,,,,,,,,,,,,,,,,,,,,,22.0,1025.4552,48.0,"[0.7493999999761627,0.7161000000238289,0.7828999999761663,0.6161000000238346,0.8658000000119159,0.6661999999880663,0.8158000000119614,0.6324999999999932,0.5493999999761741,0.5491999999881045,0.6329999999999814,3.8296999999881223,1.514900000035766,0.932300000011935,0.6323999999762009,0.9656999999880327,0.5496000000238723,0.6493000000119196,0.6824000000357273,0.5995000000000346,0.7824999999999704,0.8326999999881082,2.7643000000119287,1.498599999964199,2.447599999964268,0.8326000000238878,5.061899999976163,0.9158000000119273,0.5991999999881159,1.1490999999642213,9.007700000047748,0.9325000000000045,2.2480000000000473,11.006299999952375,2.1316999999880863,2.7641999999880227,4.745499999999993,1.3816999999880863,0.68260000002374,0.74919999998815,1.2987000000476883,1.0325000000000273,1.4155000000000655,2.4478000000119664,1.08219999998812,1.0657999999523327,0.7495000000000118,1.4817000000477947]","[0.7493999999761627,0.7161000000238289,0.7830000000000155,0.6162000000476837,0.8658000000119159,0.6662999999523436,0.8158000000119614,0.6324999999999932,0.5493999999761741,0.5491999999881045,0.6329999999999814,3.8296999999881223,1.514900000035766,0.932300000011935,0.6324999999999932,0.9656999999880327,0.5496000000238723,0.6493000000119196,0.6825000000000045,0.5995000000000346,0.7826000000238196,0.8326999999881082,2.7643000000119287,1.4986999999880481,2.4476999999881173,0.8326999999881082,5.062000000000012,0.9158000000119273,0.5991999999881159,1.1491999999880704,9.007800000012026,0.9325999999642818,2.2480000000000473,11.006299999952375,2.1316999999880863,2.7641999999880227,4.745499999999993,1.3816999999880863,0.68260000002374,0.7493000000119991,1.2987000000476883,1.0325000000000273,1.415599999964229,2.44789999997613,1.08219999998812,1.0657999999523327,0.7495000000000118,1.4817000000477947]",,,0.0,135.0,135.0,57.0,1.0,fruit,gfruit,question_gesture.png,im_hand.png,,,,,,
,,,348676,1,21,2023-10-02_21h26.35.284,flesh_expressibility_dutch,2022.2.4,Win32,60.15399423,,,,18.0,1.0,Nederlands,,,,,,Engels,2.0,Duits,1.0,,0.0,,0.0,,0.0,,0.0,,0.0,,0.0,NL,2.0,2.0,2.0,1.0,,sensorypref1,sensorypref2,1536.0,864.0,,,,,,,,,,,,,,,,,,,,,,,,,,,,,,,,,,,22.0,1026.4637,48.0,"[0.7493999999761627,0.7161000000238289,0.7828999999761663,0.6161000000238346,0.8658000000119159,0.6661999999880663,0.8158000000119614,0.6324999999999932,0.5493999999761741,0.5491999999881045,0.6329999999999814,3.8296999999881223,1.514900000035766,0.932300000011935,0.6323999999762009,0.9656999999880327,0.5496000000238723,0.6493000000119196,0.6824000000357273,0.5995000000000346,0.7824999999999704,0.8326999999881082,2.7643000000119287,1.498599999964199,2.447599999964268,0.8326000000238878,5.061899999976163,0.9158000000119273,0.5991999999881159,1.1490999999642213,9.007700000047748,0.9325000000000045,2.2480000000000473,11.006299999952375,2.1316999999880863,2.7641999999880227,4.745499999999993,1.3816999999880863,0.68260000002374,0.74919999998815,1.2987000000476883,1.0325000000000273,1.4155000000000655,2.4478000000119664,1.08219999998812,1.0657999999523327,0.7495000000000118,1.4817000000477947]","[0.7493999999761627,0.7161000000238289,0.7830000000000155,0.6162000000476837,0.8658000000119159,0.6662999999523436,0.8158000000119614,0.6324999999999932,0.5493999999761741,0.5491999999881045,0.6329999999999814,3.8296999999881223,1.514900000035766,0.932300000011935,0.6324999999999932,0.9656999999880327,0.5496000000238723,0.6493000000119196,0.6825000000000045,0.5995000000000346,0.7826000000238196,0.8326999999881082,2.7643000000119287,1.4986999999880481,2.4476999999881173,0.8326999999881082,5.062000000000012,0.9158000000119273,0.5991999999881159,1.1491999999880704,9.007800000012026,0.9325999999642818,2.2480000000000473,11.006299999952375,2.1316999999880863,2.7641999999880227,4.745499999999993,1.3816999999880863,0.68260000002374,0.7493000000119991,1.2987000000476883,1.0325000000000273,1.415599999964229,2.44789999997613,1.08219999998812,1.0657999999523327,0.7495000000000118,1.4817000000477947]",,,0.0,136.0,136.0,124.0,1.0,nek,gnek,question_gesture.png,im_hand.png,,,,,,
,,,348676,1,21,2023-10-02_21h26.35.284,flesh_expressibility_dutch,2022.2.4,Win32,60.15399423,,,,18.0,1.0,Nederlands,,,,,,Engels,2.0,Duits,1.0,,0.0,,0.0,,0.0,,0.0,,0.0,,0.0,NL,2.0,2.0,2.0,1.0,,sensorypref1,sensorypref2,1536.0,864.0,,,,,,,,,,,,,,,,,,,,,,,,,,,,,,,,,,,22.0,1027.4652,48.0,"[0.7493999999761627,0.7161000000238289,0.7828999999761663,0.6161000000238346,0.8658000000119159,0.6661999999880663,0.8158000000119614,0.6324999999999932,0.5493999999761741,0.5491999999881045,0.6329999999999814,3.8296999999881223,1.514900000035766,0.932300000011935,0.6323999999762009,0.9656999999880327,0.5496000000238723,0.6493000000119196,0.6824000000357273,0.5995000000000346,0.7824999999999704,0.8326999999881082,2.7643000000119287,1.498599999964199,2.447599999964268,0.8326000000238878,5.061899999976163,0.9158000000119273,0.5991999999881159,1.1490999999642213,9.007700000047748,0.9325000000000045,2.2480000000000473,11.006299999952375,2.1316999999880863,2.7641999999880227,4.745499999999993,1.3816999999880863,0.68260000002374,0.74919999998815,1.2987000000476883,1.0325000000000273,1.4155000000000655,2.4478000000119664,1.08219999998812,1.0657999999523327,0.7495000000000118,1.4817000000477947]","[0.7493999999761627,0.7161000000238289,0.7830000000000155,0.6162000000476837,0.8658000000119159,0.6662999999523436,0.8158000000119614,0.6324999999999932,0.5493999999761741,0.5491999999881045,0.6329999999999814,3.8296999999881223,1.514900000035766,0.932300000011935,0.6324999999999932,0.9656999999880327,0.5496000000238723,0.6493000000119196,0.6825000000000045,0.5995000000000346,0.7826000000238196,0.8326999999881082,2.7643000000119287,1.4986999999880481,2.4476999999881173,0.8326999999881082,5.062000000000012,0.9158000000119273,0.5991999999881159,1.1491999999880704,9.007800000012026,0.9325999999642818,2.2480000000000473,11.006299999952375,2.1316999999880863,2.7641999999880227,4.745499999999993,1.3816999999880863,0.68260000002374,0.7493000000119991,1.2987000000476883,1.0325000000000273,1.415599999964229,2.44789999997613,1.08219999998812,1.0657999999523327,0.7495000000000118,1.4817000000477947]",,,0.0,137.0,137.0,18.0,1.0,toekomst,gtoekomst,question_gesture.png,im_hand.png,,,,,,
,,,348676,1,21,2023-10-02_21h26.35.284,flesh_expressibility_dutch,2022.2.4,Win32,60.15399423,,,,18.0,1.0,Nederlands,,,,,,Engels,2.0,Duits,1.0,,0.0,,0.0,,0.0,,0.0,,0.0,,0.0,NL,2.0,2.0,2.0,1.0,,sensorypref1,sensorypref2,1536.0,864.0,,,,,,,,,,,,,,,,,,,,,,,,,,,,,,,,,,,22.0,1028.4748,48.0,"[0.7493999999761627,0.7161000000238289,0.7828999999761663,0.6161000000238346,0.8658000000119159,0.6661999999880663,0.8158000000119614,0.6324999999999932,0.5493999999761741,0.5491999999881045,0.6329999999999814,3.8296999999881223,1.514900000035766,0.932300000011935,0.6323999999762009,0.9656999999880327,0.5496000000238723,0.6493000000119196,0.6824000000357273,0.5995000000000346,0.7824999999999704,0.8326999999881082,2.7643000000119287,1.498599999964199,2.447599999964268,0.8326000000238878,5.061899999976163,0.9158000000119273,0.5991999999881159,1.1490999999642213,9.007700000047748,0.9325000000000045,2.2480000000000473,11.006299999952375,2.1316999999880863,2.7641999999880227,4.745499999999993,1.3816999999880863,0.68260000002374,0.74919999998815,1.2987000000476883,1.0325000000000273,1.4155000000000655,2.4478000000119664,1.08219999998812,1.0657999999523327,0.7495000000000118,1.4817000000477947]","[0.7493999999761627,0.7161000000238289,0.7830000000000155,0.6162000000476837,0.8658000000119159,0.6662999999523436,0.8158000000119614,0.6324999999999932,0.5493999999761741,0.5491999999881045,0.6329999999999814,3.8296999999881223,1.514900000035766,0.932300000011935,0.6324999999999932,0.9656999999880327,0.5496000000238723,0.6493000000119196,0.6825000000000045,0.5995000000000346,0.7826000000238196,0.8326999999881082,2.7643000000119287,1.4986999999880481,2.4476999999881173,0.8326999999881082,5.062000000000012,0.9158000000119273,0.5991999999881159,1.1491999999880704,9.007800000012026,0.9325999999642818,2.2480000000000473,11.006299999952375,2.1316999999880863,2.7641999999880227,4.745499999999993,1.3816999999880863,0.68260000002374,0.7493000000119991,1.2987000000476883,1.0325000000000273,1.415599999964229,2.44789999997613,1.08219999998812,1.0657999999523327,0.7495000000000118,1.4817000000477947]",,,0.0,138.0,138.0,130.0,1.0,regen,gregen,question_gesture.png,im_hand.png,,,,,,
,,,348676,1,21,2023-10-02_21h26.35.284,flesh_expressibility_dutch,2022.2.4,Win32,60.15399423,,,,18.0,1.0,Nederlands,,,,,,Engels,2.0,Duits,1.0,,0.0,,0.0,,0.0,,0.0,,0.0,,0.0,NL,2.0,2.0,2.0,1.0,,sensorypref1,sensorypref2,1536.0,864.0,,,,,,,,,,,,,,,,,,,,,,,,,,,,,,,,,,,22.0,1029.4952,48.0,"[0.7493999999761627,0.7161000000238289,0.7828999999761663,0.6161000000238346,0.8658000000119159,0.6661999999880663,0.8158000000119614,0.6324999999999932,0.5493999999761741,0.5491999999881045,0.6329999999999814,3.8296999999881223,1.514900000035766,0.932300000011935,0.6323999999762009,0.9656999999880327,0.5496000000238723,0.6493000000119196,0.6824000000357273,0.5995000000000346,0.7824999999999704,0.8326999999881082,2.7643000000119287,1.498599999964199,2.447599999964268,0.8326000000238878,5.061899999976163,0.9158000000119273,0.5991999999881159,1.1490999999642213,9.007700000047748,0.9325000000000045,2.2480000000000473,11.006299999952375,2.1316999999880863,2.7641999999880227,4.745499999999993,1.3816999999880863,0.68260000002374,0.74919999998815,1.2987000000476883,1.0325000000000273,1.4155000000000655,2.4478000000119664,1.08219999998812,1.0657999999523327,0.7495000000000118,1.4817000000477947]","[0.7493999999761627,0.7161000000238289,0.7830000000000155,0.6162000000476837,0.8658000000119159,0.6662999999523436,0.8158000000119614,0.6324999999999932,0.5493999999761741,0.5491999999881045,0.6329999999999814,3.8296999999881223,1.514900000035766,0.932300000011935,0.6324999999999932,0.9656999999880327,0.5496000000238723,0.6493000000119196,0.6825000000000045,0.5995000000000346,0.7826000000238196,0.8326999999881082,2.7643000000119287,1.4986999999880481,2.4476999999881173,0.8326999999881082,5.062000000000012,0.9158000000119273,0.5991999999881159,1.1491999999880704,9.007800000012026,0.9325999999642818,2.2480000000000473,11.006299999952375,2.1316999999880863,2.7641999999880227,4.745499999999993,1.3816999999880863,0.68260000002374,0.7493000000119991,1.2987000000476883,1.0325000000000273,1.415599999964229,2.44789999997613,1.08219999998812,1.0657999999523327,0.7495000000000118,1.4817000000477947]",,,0.0,139.0,139.0,60.0,1.0,luidruchtig,gluidruchtig,question_gesture.png,im_hand.png,,,,,,
,,,348676,1,21,2023-10-02_21h26.35.284,flesh_expressibility_dutch,2022.2.4,Win32,60.15399423,,,,18.0,1.0,Nederlands,,,,,,Engels,2.0,Duits,1.0,,0.0,,0.0,,0.0,,0.0,,0.0,,0.0,NL,2.0,2.0,2.0,1.0,,sensorypref1,sensorypref2,1536.0,864.0,,,,,,,,,,,,,,,,,,,,,,,,,,,,,,,,,,,22.0,1030.4445,48.0,"[0.7493999999761627,0.7161000000238289,0.7828999999761663,0.6161000000238346,0.8658000000119159,0.6661999999880663,0.8158000000119614,0.6324999999999932,0.5493999999761741,0.5491999999881045,0.6329999999999814,3.8296999999881223,1.514900000035766,0.932300000011935,0.6323999999762009,0.9656999999880327,0.5496000000238723,0.6493000000119196,0.6824000000357273,0.5995000000000346,0.7824999999999704,0.8326999999881082,2.7643000000119287,1.498599999964199,2.447599999964268,0.8326000000238878,5.061899999976163,0.9158000000119273,0.5991999999881159,1.1490999999642213,9.007700000047748,0.9325000000000045,2.2480000000000473,11.006299999952375,2.1316999999880863,2.7641999999880227,4.745499999999993,1.3816999999880863,0.68260000002374,0.74919999998815,1.2987000000476883,1.0325000000000273,1.4155000000000655,2.4478000000119664,1.08219999998812,1.0657999999523327,0.7495000000000118,1.4817000000477947]","[0.7493999999761627,0.7161000000238289,0.7830000000000155,0.6162000000476837,0.8658000000119159,0.6662999999523436,0.8158000000119614,0.6324999999999932,0.5493999999761741,0.5491999999881045,0.6329999999999814,3.8296999999881223,1.514900000035766,0.932300000011935,0.6324999999999932,0.9656999999880327,0.5496000000238723,0.6493000000119196,0.6825000000000045,0.5995000000000346,0.7826000000238196,0.8326999999881082,2.7643000000119287,1.4986999999880481,2.4476999999881173,0.8326999999881082,5.062000000000012,0.9158000000119273,0.5991999999881159,1.1491999999880704,9.007800000012026,0.9325999999642818,2.2480000000000473,11.006299999952375,2.1316999999880863,2.7641999999880227,4.745499999999993,1.3816999999880863,0.68260000002374,0.7493000000119991,1.2987000000476883,1.0325000000000273,1.415599999964229,2.44789999997613,1.08219999998812,1.0657999999523327,0.7495000000000118,1.4817000000477947]",,,0.0,140.0,140.0,99.0,1.0,mier,gmier,question_gesture.png,im_hand.png,,,,,,
,,,348676,1,21,2023-10-02_21h26.35.284,flesh_expressibility_dutch,2022.2.4,Win32,60.15399423,,,,18.0,1.0,Nederlands,,,,,,Engels,2.0,Duits,1.0,,0.0,,0.0,,0.0,,0.0,,0.0,,0.0,NL,2.0,2.0,2.0,1.0,,sensorypref1,sensorypref2,1536.0,864.0,,,,,,,,,,,,,,,,,,,,,,,,,,,,,,,,,,,22.0,1031.455,48.0,"[0.7493999999761627,0.7161000000238289,0.7828999999761663,0.6161000000238346,0.8658000000119159,0.6661999999880663,0.8158000000119614,0.6324999999999932,0.5493999999761741,0.5491999999881045,0.6329999999999814,3.8296999999881223,1.514900000035766,0.932300000011935,0.6323999999762009,0.9656999999880327,0.5496000000238723,0.6493000000119196,0.6824000000357273,0.5995000000000346,0.7824999999999704,0.8326999999881082,2.7643000000119287,1.498599999964199,2.447599999964268,0.8326000000238878,5.061899999976163,0.9158000000119273,0.5991999999881159,1.1490999999642213,9.007700000047748,0.9325000000000045,2.2480000000000473,11.006299999952375,2.1316999999880863,2.7641999999880227,4.745499999999993,1.3816999999880863,0.68260000002374,0.74919999998815,1.2987000000476883,1.0325000000000273,1.4155000000000655,2.4478000000119664,1.08219999998812,1.0657999999523327,0.7495000000000118,1.4817000000477947]","[0.7493999999761627,0.7161000000238289,0.7830000000000155,0.6162000000476837,0.8658000000119159,0.6662999999523436,0.8158000000119614,0.6324999999999932,0.5493999999761741,0.5491999999881045,0.6329999999999814,3.8296999999881223,1.514900000035766,0.932300000011935,0.6324999999999932,0.9656999999880327,0.5496000000238723,0.6493000000119196,0.6825000000000045,0.5995000000000346,0.7826000000238196,0.8326999999881082,2.7643000000119287,1.4986999999880481,2.4476999999881173,0.8326999999881082,5.062000000000012,0.9158000000119273,0.5991999999881159,1.1491999999880704,9.007800000012026,0.9325999999642818,2.2480000000000473,11.006299999952375,2.1316999999880863,2.7641999999880227,4.745499999999993,1.3816999999880863,0.68260000002374,0.7493000000119991,1.2987000000476883,1.0325000000000273,1.415599999964229,2.44789999997613,1.08219999998812,1.0657999999523327,0.7495000000000118,1.4817000000477947]",,,0.0,141.0,141.0,183.0,1.0,jij,gjij,question_gesture.png,im_hand.png,,,,,,
,,,348676,1,21,2023-10-02_21h26.35.284,flesh_expressibility_dutch,2022.2.4,Win32,60.15399423,,,,18.0,1.0,Nederlands,,,,,,Engels,2.0,Duits,1.0,,0.0,,0.0,,0.0,,0.0,,0.0,,0.0,NL,2.0,2.0,2.0,1.0,,sensorypref1,sensorypref2,1536.0,864.0,,,,,,,,,,,,,,,,,,,,,,,,,,,,,,,,,,,22.0,1032.4441,48.0,"[0.7493999999761627,0.7161000000238289,0.7828999999761663,0.6161000000238346,0.8658000000119159,0.6661999999880663,0.8158000000119614,0.6324999999999932,0.5493999999761741,0.5491999999881045,0.6329999999999814,3.8296999999881223,1.514900000035766,0.932300000011935,0.6323999999762009,0.9656999999880327,0.5496000000238723,0.6493000000119196,0.6824000000357273,0.5995000000000346,0.7824999999999704,0.8326999999881082,2.7643000000119287,1.498599999964199,2.447599999964268,0.8326000000238878,5.061899999976163,0.9158000000119273,0.5991999999881159,1.1490999999642213,9.007700000047748,0.9325000000000045,2.2480000000000473,11.006299999952375,2.1316999999880863,2.7641999999880227,4.745499999999993,1.3816999999880863,0.68260000002374,0.74919999998815,1.2987000000476883,1.0325000000000273,1.4155000000000655,2.4478000000119664,1.08219999998812,1.0657999999523327,0.7495000000000118,1.4817000000477947]","[0.7493999999761627,0.7161000000238289,0.7830000000000155,0.6162000000476837,0.8658000000119159,0.6662999999523436,0.8158000000119614,0.6324999999999932,0.5493999999761741,0.5491999999881045,0.6329999999999814,3.8296999999881223,1.514900000035766,0.932300000011935,0.6324999999999932,0.9656999999880327,0.5496000000238723,0.6493000000119196,0.6825000000000045,0.5995000000000346,0.7826000000238196,0.8326999999881082,2.7643000000119287,1.4986999999880481,2.4476999999881173,0.8326999999881082,5.062000000000012,0.9158000000119273,0.5991999999881159,1.1491999999880704,9.007800000012026,0.9325999999642818,2.2480000000000473,11.006299999952375,2.1316999999880863,2.7641999999880227,4.745499999999993,1.3816999999880863,0.68260000002374,0.7493000000119991,1.2987000000476883,1.0325000000000273,1.415599999964229,2.44789999997613,1.08219999998812,1.0657999999523327,0.7495000000000118,1.4817000000477947]",,,0.0,142.0,142.0,165.0,1.0,hard,ghard,question_gesture.png,im_hand.png,,,,,,
,,,348676,1,21,2023-10-02_21h26.35.284,flesh_expressibility_dutch,2022.2.4,Win32,60.15399423,,,,18.0,1.0,Nederlands,,,,,,Engels,2.0,Duits,1.0,,0.0,,0.0,,0.0,,0.0,,0.0,,0.0,NL,2.0,2.0,2.0,1.0,,sensorypref1,sensorypref2,1536.0,864.0,,,,,,,,,,,,,,,,,,,,,,,,,,,,,,,,,,,22.0,1033.5052,48.0,"[0.7493999999761627,0.7161000000238289,0.7828999999761663,0.6161000000238346,0.8658000000119159,0.6661999999880663,0.8158000000119614,0.6324999999999932,0.5493999999761741,0.5491999999881045,0.6329999999999814,3.8296999999881223,1.514900000035766,0.932300000011935,0.6323999999762009,0.9656999999880327,0.5496000000238723,0.6493000000119196,0.6824000000357273,0.5995000000000346,0.7824999999999704,0.8326999999881082,2.7643000000119287,1.498599999964199,2.447599999964268,0.8326000000238878,5.061899999976163,0.9158000000119273,0.5991999999881159,1.1490999999642213,9.007700000047748,0.9325000000000045,2.2480000000000473,11.006299999952375,2.1316999999880863,2.7641999999880227,4.745499999999993,1.3816999999880863,0.68260000002374,0.74919999998815,1.2987000000476883,1.0325000000000273,1.4155000000000655,2.4478000000119664,1.08219999998812,1.0657999999523327,0.7495000000000118,1.4817000000477947]","[0.7493999999761627,0.7161000000238289,0.7830000000000155,0.6162000000476837,0.8658000000119159,0.6662999999523436,0.8158000000119614,0.6324999999999932,0.5493999999761741,0.5491999999881045,0.6329999999999814,3.8296999999881223,1.514900000035766,0.932300000011935,0.6324999999999932,0.9656999999880327,0.5496000000238723,0.6493000000119196,0.6825000000000045,0.5995000000000346,0.7826000000238196,0.8326999999881082,2.7643000000119287,1.4986999999880481,2.4476999999881173,0.8326999999881082,5.062000000000012,0.9158000000119273,0.5991999999881159,1.1491999999880704,9.007800000012026,0.9325999999642818,2.2480000000000473,11.006299999952375,2.1316999999880863,2.7641999999880227,4.745499999999993,1.3816999999880863,0.68260000002374,0.7493000000119991,1.2987000000476883,1.0325000000000273,1.415599999964229,2.44789999997613,1.08219999998812,1.0657999999523327,0.7495000000000118,1.4817000000477947]",,,0.0,143.0,143.0,105.0,1.0,arm (lichaam),garm (lichaam),question_gesture.png,im_hand.png,,,,,,
,,,348676,1,21,2023-10-02_21h26.35.284,flesh_expressibility_dutch,2022.2.4,Win32,60.15399423,,,,18.0,1.0,Nederlands,,,,,,Engels,2.0,Duits,1.0,,0.0,,0.0,,0.0,,0.0,,0.0,,0.0,NL,2.0,2.0,2.0,1.0,,sensorypref1,sensorypref2,1536.0,864.0,,,,,,,,,,,,,,,,,,,,,,,,,,,,,,,,,,,22.0,1034.4666,48.0,"[0.7493999999761627,0.7161000000238289,0.7828999999761663,0.6161000000238346,0.8658000000119159,0.6661999999880663,0.8158000000119614,0.6324999999999932,0.5493999999761741,0.5491999999881045,0.6329999999999814,3.8296999999881223,1.514900000035766,0.932300000011935,0.6323999999762009,0.9656999999880327,0.5496000000238723,0.6493000000119196,0.6824000000357273,0.5995000000000346,0.7824999999999704,0.8326999999881082,2.7643000000119287,1.498599999964199,2.447599999964268,0.8326000000238878,5.061899999976163,0.9158000000119273,0.5991999999881159,1.1490999999642213,9.007700000047748,0.9325000000000045,2.2480000000000473,11.006299999952375,2.1316999999880863,2.7641999999880227,4.745499999999993,1.3816999999880863,0.68260000002374,0.74919999998815,1.2987000000476883,1.0325000000000273,1.4155000000000655,2.4478000000119664,1.08219999998812,1.0657999999523327,0.7495000000000118,1.4817000000477947]","[0.7493999999761627,0.7161000000238289,0.7830000000000155,0.6162000000476837,0.8658000000119159,0.6662999999523436,0.8158000000119614,0.6324999999999932,0.5493999999761741,0.5491999999881045,0.6329999999999814,3.8296999999881223,1.514900000035766,0.932300000011935,0.6324999999999932,0.9656999999880327,0.5496000000238723,0.6493000000119196,0.6825000000000045,0.5995000000000346,0.7826000000238196,0.8326999999881082,2.7643000000119287,1.4986999999880481,2.4476999999881173,0.8326999999881082,5.062000000000012,0.9158000000119273,0.5991999999881159,1.1491999999880704,9.007800000012026,0.9325999999642818,2.2480000000000473,11.006299999952375,2.1316999999880863,2.7641999999880227,4.745499999999993,1.3816999999880863,0.68260000002374,0.7493000000119991,1.2987000000476883,1.0325000000000273,1.415599999964229,2.44789999997613,1.08219999998812,1.0657999999523327,0.7495000000000118,1.4817000000477947]",,,0.0,144.0,144.0,69.0,1.0,glad,gglad,question_gesture.png,im_hand.png,,,,,,
,,,348676,1,21,2023-10-02_21h26.35.284,flesh_expressibility_dutch,2022.2.4,Win32,60.15399423,,,,18.0,1.0,Nederlands,,,,,,Engels,2.0,Duits,1.0,,0.0,,0.0,,0.0,,0.0,,0.0,,0.0,NL,2.0,2.0,2.0,1.0,,sensorypref1,sensorypref2,1536.0,864.0,,,,,,,,,,,,,,,,,,,,,,,,,,,,,,,,,,,22.0,1035.4411,48.0,"[0.7493999999761627,0.7161000000238289,0.7828999999761663,0.6161000000238346,0.8658000000119159,0.6661999999880663,0.8158000000119614,0.6324999999999932,0.5493999999761741,0.5491999999881045,0.6329999999999814,3.8296999999881223,1.514900000035766,0.932300000011935,0.6323999999762009,0.9656999999880327,0.5496000000238723,0.6493000000119196,0.6824000000357273,0.5995000000000346,0.7824999999999704,0.8326999999881082,2.7643000000119287,1.498599999964199,2.447599999964268,0.8326000000238878,5.061899999976163,0.9158000000119273,0.5991999999881159,1.1490999999642213,9.007700000047748,0.9325000000000045,2.2480000000000473,11.006299999952375,2.1316999999880863,2.7641999999880227,4.745499999999993,1.3816999999880863,0.68260000002374,0.74919999998815,1.2987000000476883,1.0325000000000273,1.4155000000000655,2.4478000000119664,1.08219999998812,1.0657999999523327,0.7495000000000118,1.4817000000477947]","[0.7493999999761627,0.7161000000238289,0.7830000000000155,0.6162000000476837,0.8658000000119159,0.6662999999523436,0.8158000000119614,0.6324999999999932,0.5493999999761741,0.5491999999881045,0.6329999999999814,3.8296999999881223,1.514900000035766,0.932300000011935,0.6324999999999932,0.9656999999880327,0.5496000000238723,0.6493000000119196,0.6825000000000045,0.5995000000000346,0.7826000000238196,0.8326999999881082,2.7643000000119287,1.4986999999880481,2.4476999999881173,0.8326999999881082,5.062000000000012,0.9158000000119273,0.5991999999881159,1.1491999999880704,9.007800000012026,0.9325999999642818,2.2480000000000473,11.006299999952375,2.1316999999880863,2.7641999999880227,4.745499999999993,1.3816999999880863,0.68260000002374,0.7493000000119991,1.2987000000476883,1.0325000000000273,1.415599999964229,2.44789999997613,1.08219999998812,1.0657999999523327,0.7495000000000118,1.4817000000477947]",,,0.0,145.0,145.0,193.0,1.0,huis,ghuis,question_gesture.png,im_hand.png,,,,,,
,,,348676,1,21,2023-10-02_21h26.35.284,flesh_expressibility_dutch,2022.2.4,Win32,60.15399423,,,,18.0,1.0,Nederlands,,,,,,Engels,2.0,Duits,1.0,,0.0,,0.0,,0.0,,0.0,,0.0,,0.0,NL,2.0,2.0,2.0,1.0,,sensorypref1,sensorypref2,1536.0,864.0,,,,,,,,,,,,,,,,,,,,,,,,,,,,,,,,,,,22.0,1036.4435,48.0,"[0.7493999999761627,0.7161000000238289,0.7828999999761663,0.6161000000238346,0.8658000000119159,0.6661999999880663,0.8158000000119614,0.6324999999999932,0.5493999999761741,0.5491999999881045,0.6329999999999814,3.8296999999881223,1.514900000035766,0.932300000011935,0.6323999999762009,0.9656999999880327,0.5496000000238723,0.6493000000119196,0.6824000000357273,0.5995000000000346,0.7824999999999704,0.8326999999881082,2.7643000000119287,1.498599999964199,2.447599999964268,0.8326000000238878,5.061899999976163,0.9158000000119273,0.5991999999881159,1.1490999999642213,9.007700000047748,0.9325000000000045,2.2480000000000473,11.006299999952375,2.1316999999880863,2.7641999999880227,4.745499999999993,1.3816999999880863,0.68260000002374,0.74919999998815,1.2987000000476883,1.0325000000000273,1.4155000000000655,2.4478000000119664,1.08219999998812,1.0657999999523327,0.7495000000000118,1.4817000000477947]","[0.7493999999761627,0.7161000000238289,0.7830000000000155,0.6162000000476837,0.8658000000119159,0.6662999999523436,0.8158000000119614,0.6324999999999932,0.5493999999761741,0.5491999999881045,0.6329999999999814,3.8296999999881223,1.514900000035766,0.932300000011935,0.6324999999999932,0.9656999999880327,0.5496000000238723,0.6493000000119196,0.6825000000000045,0.5995000000000346,0.7826000000238196,0.8326999999881082,2.7643000000119287,1.4986999999880481,2.4476999999881173,0.8326999999881082,5.062000000000012,0.9158000000119273,0.5991999999881159,1.1491999999880704,9.007800000012026,0.9325999999642818,2.2480000000000473,11.006299999952375,2.1316999999880863,2.7641999999880227,4.745499999999993,1.3816999999880863,0.68260000002374,0.7493000000119991,1.2987000000476883,1.0325000000000273,1.415599999964229,2.44789999997613,1.08219999998812,1.0657999999523327,0.7495000000000118,1.4817000000477947]",,,0.0,146.0,146.0,140.0,1.0,staan,gstaan,question_gesture.png,im_hand.png,,,,,,
,,,348676,1,21,2023-10-02_21h26.35.284,flesh_expressibility_dutch,2022.2.4,Win32,60.15399423,,,,18.0,1.0,Nederlands,,,,,,Engels,2.0,Duits,1.0,,0.0,,0.0,,0.0,,0.0,,0.0,,0.0,NL,2.0,2.0,2.0,1.0,,sensorypref1,sensorypref2,1536.0,864.0,,,,,,,,,,,,,,,,,,,,,,,,,,,,,,,,,,,22.0,1037.4304,48.0,"[0.7493999999761627,0.7161000000238289,0.7828999999761663,0.6161000000238346,0.8658000000119159,0.6661999999880663,0.8158000000119614,0.6324999999999932,0.5493999999761741,0.5491999999881045,0.6329999999999814,3.8296999999881223,1.514900000035766,0.932300000011935,0.6323999999762009,0.9656999999880327,0.5496000000238723,0.6493000000119196,0.6824000000357273,0.5995000000000346,0.7824999999999704,0.8326999999881082,2.7643000000119287,1.498599999964199,2.447599999964268,0.8326000000238878,5.061899999976163,0.9158000000119273,0.5991999999881159,1.1490999999642213,9.007700000047748,0.9325000000000045,2.2480000000000473,11.006299999952375,2.1316999999880863,2.7641999999880227,4.745499999999993,1.3816999999880863,0.68260000002374,0.74919999998815,1.2987000000476883,1.0325000000000273,1.4155000000000655,2.4478000000119664,1.08219999998812,1.0657999999523327,0.7495000000000118,1.4817000000477947]","[0.7493999999761627,0.7161000000238289,0.7830000000000155,0.6162000000476837,0.8658000000119159,0.6662999999523436,0.8158000000119614,0.6324999999999932,0.5493999999761741,0.5491999999881045,0.6329999999999814,3.8296999999881223,1.514900000035766,0.932300000011935,0.6324999999999932,0.9656999999880327,0.5496000000238723,0.6493000000119196,0.6825000000000045,0.5995000000000346,0.7826000000238196,0.8326999999881082,2.7643000000119287,1.4986999999880481,2.4476999999881173,0.8326999999881082,5.062000000000012,0.9158000000119273,0.5991999999881159,1.1491999999880704,9.007800000012026,0.9325999999642818,2.2480000000000473,11.006299999952375,2.1316999999880863,2.7641999999880227,4.745499999999993,1.3816999999880863,0.68260000002374,0.7493000000119991,1.2987000000476883,1.0325000000000273,1.415599999964229,2.44789999997613,1.08219999998812,1.0657999999523327,0.7495000000000118,1.4817000000477947]",,,0.0,147.0,147.0,115.0,1.0,oor,goor,question_gesture.png,im_hand.png,,,,,,
,,,348676,1,21,2023-10-02_21h26.35.284,flesh_expressibility_dutch,2022.2.4,Win32,60.15399423,,,,18.0,1.0,Nederlands,,,,,,Engels,2.0,Duits,1.0,,0.0,,0.0,,0.0,,0.0,,0.0,,0.0,NL,2.0,2.0,2.0,1.0,,sensorypref1,sensorypref2,1536.0,864.0,,,,,,,,,,,,,,,,,,,,,,,,,,,,,,,,,,,22.0,1038.4832,48.0,"[0.7493999999761627,0.7161000000238289,0.7828999999761663,0.6161000000238346,0.8658000000119159,0.6661999999880663,0.8158000000119614,0.6324999999999932,0.5493999999761741,0.5491999999881045,0.6329999999999814,3.8296999999881223,1.514900000035766,0.932300000011935,0.6323999999762009,0.9656999999880327,0.5496000000238723,0.6493000000119196,0.6824000000357273,0.5995000000000346,0.7824999999999704,0.8326999999881082,2.7643000000119287,1.498599999964199,2.447599999964268,0.8326000000238878,5.061899999976163,0.9158000000119273,0.5991999999881159,1.1490999999642213,9.007700000047748,0.9325000000000045,2.2480000000000473,11.006299999952375,2.1316999999880863,2.7641999999880227,4.745499999999993,1.3816999999880863,0.68260000002374,0.74919999998815,1.2987000000476883,1.0325000000000273,1.4155000000000655,2.4478000000119664,1.08219999998812,1.0657999999523327,0.7495000000000118,1.4817000000477947]","[0.7493999999761627,0.7161000000238289,0.7830000000000155,0.6162000000476837,0.8658000000119159,0.6662999999523436,0.8158000000119614,0.6324999999999932,0.5493999999761741,0.5491999999881045,0.6329999999999814,3.8296999999881223,1.514900000035766,0.932300000011935,0.6324999999999932,0.9656999999880327,0.5496000000238723,0.6493000000119196,0.6825000000000045,0.5995000000000346,0.7826000000238196,0.8326999999881082,2.7643000000119287,1.4986999999880481,2.4476999999881173,0.8326999999881082,5.062000000000012,0.9158000000119273,0.5991999999881159,1.1491999999880704,9.007800000012026,0.9325999999642818,2.2480000000000473,11.006299999952375,2.1316999999880863,2.7641999999880227,4.745499999999993,1.3816999999880863,0.68260000002374,0.7493000000119991,1.2987000000476883,1.0325000000000273,1.415599999964229,2.44789999997613,1.08219999998812,1.0657999999523327,0.7495000000000118,1.4817000000477947]",,,0.0,148.0,148.0,132.0,1.0,aarde,gaarde,question_gesture.png,im_hand.png,,,,,,
,,,348676,1,21,2023-10-02_21h26.35.284,flesh_expressibility_dutch,2022.2.4,Win32,60.15399423,,,,18.0,1.0,Nederlands,,,,,,Engels,2.0,Duits,1.0,,0.0,,0.0,,0.0,,0.0,,0.0,,0.0,NL,2.0,2.0,2.0,1.0,,sensorypref1,sensorypref2,1536.0,864.0,,,,,,,,,,,,,,,,,,,,,,,,,,,,,,,,,,,22.0,1039.4704,48.0,"[0.7493999999761627,0.7161000000238289,0.7828999999761663,0.6161000000238346,0.8658000000119159,0.6661999999880663,0.8158000000119614,0.6324999999999932,0.5493999999761741,0.5491999999881045,0.6329999999999814,3.8296999999881223,1.514900000035766,0.932300000011935,0.6323999999762009,0.9656999999880327,0.5496000000238723,0.6493000000119196,0.6824000000357273,0.5995000000000346,0.7824999999999704,0.8326999999881082,2.7643000000119287,1.498599999964199,2.447599999964268,0.8326000000238878,5.061899999976163,0.9158000000119273,0.5991999999881159,1.1490999999642213,9.007700000047748,0.9325000000000045,2.2480000000000473,11.006299999952375,2.1316999999880863,2.7641999999880227,4.745499999999993,1.3816999999880863,0.68260000002374,0.74919999998815,1.2987000000476883,1.0325000000000273,1.4155000000000655,2.4478000000119664,1.08219999998812,1.0657999999523327,0.7495000000000118,1.4817000000477947]","[0.7493999999761627,0.7161000000238289,0.7830000000000155,0.6162000000476837,0.8658000000119159,0.6662999999523436,0.8158000000119614,0.6324999999999932,0.5493999999761741,0.5491999999881045,0.6329999999999814,3.8296999999881223,1.514900000035766,0.932300000011935,0.6324999999999932,0.9656999999880327,0.5496000000238723,0.6493000000119196,0.6825000000000045,0.5995000000000346,0.7826000000238196,0.8326999999881082,2.7643000000119287,1.4986999999880481,2.4476999999881173,0.8326999999881082,5.062000000000012,0.9158000000119273,0.5991999999881159,1.1491999999880704,9.007800000012026,0.9325999999642818,2.2480000000000473,11.006299999952375,2.1316999999880863,2.7641999999880227,4.745499999999993,1.3816999999880863,0.68260000002374,0.7493000000119991,1.2987000000476883,1.0325000000000273,1.415599999964229,2.44789999997613,1.08219999998812,1.0657999999523327,0.7495000000000118,1.4817000000477947]",,,0.0,149.0,149.0,48.0,1.0,vliegen,gvliegen,question_gesture.png,im_hand.png,,,,,,
,,,348676,1,21,2023-10-02_21h26.35.284,flesh_expressibility_dutch,2022.2.4,Win32,60.15399423,,,,18.0,1.0,Nederlands,,,,,,Engels,2.0,Duits,1.0,,0.0,,0.0,,0.0,,0.0,,0.0,,0.0,NL,2.0,2.0,2.0,1.0,,sensorypref1,sensorypref2,1536.0,864.0,,,,,,,,,,,,,,,,,,,,,,,,,,,,,,,,,,,22.0,1040.4794,48.0,"[0.7493999999761627,0.7161000000238289,0.7828999999761663,0.6161000000238346,0.8658000000119159,0.6661999999880663,0.8158000000119614,0.6324999999999932,0.5493999999761741,0.5491999999881045,0.6329999999999814,3.8296999999881223,1.514900000035766,0.932300000011935,0.6323999999762009,0.9656999999880327,0.5496000000238723,0.6493000000119196,0.6824000000357273,0.5995000000000346,0.7824999999999704,0.8326999999881082,2.7643000000119287,1.498599999964199,2.447599999964268,0.8326000000238878,5.061899999976163,0.9158000000119273,0.5991999999881159,1.1490999999642213,9.007700000047748,0.9325000000000045,2.2480000000000473,11.006299999952375,2.1316999999880863,2.7641999999880227,4.745499999999993,1.3816999999880863,0.68260000002374,0.74919999998815,1.2987000000476883,1.0325000000000273,1.4155000000000655,2.4478000000119664,1.08219999998812,1.0657999999523327,0.7495000000000118,1.4817000000477947]","[0.7493999999761627,0.7161000000238289,0.7830000000000155,0.6162000000476837,0.8658000000119159,0.6662999999523436,0.8158000000119614,0.6324999999999932,0.5493999999761741,0.5491999999881045,0.6329999999999814,3.8296999999881223,1.514900000035766,0.932300000011935,0.6324999999999932,0.9656999999880327,0.5496000000238723,0.6493000000119196,0.6825000000000045,0.5995000000000346,0.7826000000238196,0.8326999999881082,2.7643000000119287,1.4986999999880481,2.4476999999881173,0.8326999999881082,5.062000000000012,0.9158000000119273,0.5991999999881159,1.1491999999880704,9.007800000012026,0.9325999999642818,2.2480000000000473,11.006299999952375,2.1316999999880863,2.7641999999880227,4.745499999999993,1.3816999999880863,0.68260000002374,0.7493000000119991,1.2987000000476883,1.0325000000000273,1.415599999964229,2.44789999997613,1.08219999998812,1.0657999999523327,0.7495000000000118,1.4817000000477947]",,,0.0,150.0,150.0,42.0,1.0,berg,gberg,question_gesture.png,im_hand.png,,,,,,
,,,348676,1,21,2023-10-02_21h26.35.284,flesh_expressibility_dutch,2022.2.4,Win32,60.15399423,,,,18.0,1.0,Nederlands,,,,,,Engels,2.0,Duits,1.0,,0.0,,0.0,,0.0,,0.0,,0.0,,0.0,NL,2.0,2.0,2.0,1.0,,sensorypref1,sensorypref2,1536.0,864.0,,,,,,,,,,,,,,,,,,,,,,,,,,,,,,,,,,,22.0,1041.4797,48.0,"[0.7493999999761627,0.7161000000238289,0.7828999999761663,0.6161000000238346,0.8658000000119159,0.6661999999880663,0.8158000000119614,0.6324999999999932,0.5493999999761741,0.5491999999881045,0.6329999999999814,3.8296999999881223,1.514900000035766,0.932300000011935,0.6323999999762009,0.9656999999880327,0.5496000000238723,0.6493000000119196,0.6824000000357273,0.5995000000000346,0.7824999999999704,0.8326999999881082,2.7643000000119287,1.498599999964199,2.447599999964268,0.8326000000238878,5.061899999976163,0.9158000000119273,0.5991999999881159,1.1490999999642213,9.007700000047748,0.9325000000000045,2.2480000000000473,11.006299999952375,2.1316999999880863,2.7641999999880227,4.745499999999993,1.3816999999880863,0.68260000002374,0.74919999998815,1.2987000000476883,1.0325000000000273,1.4155000000000655,2.4478000000119664,1.08219999998812,1.0657999999523327,0.7495000000000118,1.4817000000477947]","[0.7493999999761627,0.7161000000238289,0.7830000000000155,0.6162000000476837,0.8658000000119159,0.6662999999523436,0.8158000000119614,0.6324999999999932,0.5493999999761741,0.5491999999881045,0.6329999999999814,3.8296999999881223,1.514900000035766,0.932300000011935,0.6324999999999932,0.9656999999880327,0.5496000000238723,0.6493000000119196,0.6825000000000045,0.5995000000000346,0.7826000000238196,0.8326999999881082,2.7643000000119287,1.4986999999880481,2.4476999999881173,0.8326999999881082,5.062000000000012,0.9158000000119273,0.5991999999881159,1.1491999999880704,9.007800000012026,0.9325999999642818,2.2480000000000473,11.006299999952375,2.1316999999880863,2.7641999999880227,4.745499999999993,1.3816999999880863,0.68260000002374,0.7493000000119991,1.2987000000476883,1.0325000000000273,1.415599999964229,2.44789999997613,1.08219999998812,1.0657999999523327,0.7495000000000118,1.4817000000477947]",,,0.0,151.0,151.0,39.0,1.0,verdrietig,gverdrietig,question_gesture.png,im_hand.png,,,,,,
,,,348676,1,21,2023-10-02_21h26.35.284,flesh_expressibility_dutch,2022.2.4,Win32,60.15399423,,,,18.0,1.0,Nederlands,,,,,,Engels,2.0,Duits,1.0,,0.0,,0.0,,0.0,,0.0,,0.0,,0.0,NL,2.0,2.0,2.0,1.0,,sensorypref1,sensorypref2,1536.0,864.0,,,,,,,,,,,,,,,,,,,,,,,,,,,,,,,,,,,22.0,1042.5001,48.0,"[0.7493999999761627,0.7161000000238289,0.7828999999761663,0.6161000000238346,0.8658000000119159,0.6661999999880663,0.8158000000119614,0.6324999999999932,0.5493999999761741,0.5491999999881045,0.6329999999999814,3.8296999999881223,1.514900000035766,0.932300000011935,0.6323999999762009,0.9656999999880327,0.5496000000238723,0.6493000000119196,0.6824000000357273,0.5995000000000346,0.7824999999999704,0.8326999999881082,2.7643000000119287,1.498599999964199,2.447599999964268,0.8326000000238878,5.061899999976163,0.9158000000119273,0.5991999999881159,1.1490999999642213,9.007700000047748,0.9325000000000045,2.2480000000000473,11.006299999952375,2.1316999999880863,2.7641999999880227,4.745499999999993,1.3816999999880863,0.68260000002374,0.74919999998815,1.2987000000476883,1.0325000000000273,1.4155000000000655,2.4478000000119664,1.08219999998812,1.0657999999523327,0.7495000000000118,1.4817000000477947]","[0.7493999999761627,0.7161000000238289,0.7830000000000155,0.6162000000476837,0.8658000000119159,0.6662999999523436,0.8158000000119614,0.6324999999999932,0.5493999999761741,0.5491999999881045,0.6329999999999814,3.8296999999881223,1.514900000035766,0.932300000011935,0.6324999999999932,0.9656999999880327,0.5496000000238723,0.6493000000119196,0.6825000000000045,0.5995000000000346,0.7826000000238196,0.8326999999881082,2.7643000000119287,1.4986999999880481,2.4476999999881173,0.8326999999881082,5.062000000000012,0.9158000000119273,0.5991999999881159,1.1491999999880704,9.007800000012026,0.9325999999642818,2.2480000000000473,11.006299999952375,2.1316999999880863,2.7641999999880227,4.745499999999993,1.3816999999880863,0.68260000002374,0.7493000000119991,1.2987000000476883,1.0325000000000273,1.415599999964229,2.44789999997613,1.08219999998812,1.0657999999523327,0.7495000000000118,1.4817000000477947]",,,0.0,152.0,152.0,149.0,1.0,blazen,gblazen,question_gesture.png,im_hand.png,,,,,,
,,,348676,1,21,2023-10-02_21h26.35.284,flesh_expressibility_dutch,2022.2.4,Win32,60.15399423,,,,18.0,1.0,Nederlands,,,,,,Engels,2.0,Duits,1.0,,0.0,,0.0,,0.0,,0.0,,0.0,,0.0,NL,2.0,2.0,2.0,1.0,,sensorypref1,sensorypref2,1536.0,864.0,,,,,,,,,,,,,,,,,,,,,,,,,,,,,,,,,,,22.0,1043.4833,48.0,"[0.7493999999761627,0.7161000000238289,0.7828999999761663,0.6161000000238346,0.8658000000119159,0.6661999999880663,0.8158000000119614,0.6324999999999932,0.5493999999761741,0.5491999999881045,0.6329999999999814,3.8296999999881223,1.514900000035766,0.932300000011935,0.6323999999762009,0.9656999999880327,0.5496000000238723,0.6493000000119196,0.6824000000357273,0.5995000000000346,0.7824999999999704,0.8326999999881082,2.7643000000119287,1.498599999964199,2.447599999964268,0.8326000000238878,5.061899999976163,0.9158000000119273,0.5991999999881159,1.1490999999642213,9.007700000047748,0.9325000000000045,2.2480000000000473,11.006299999952375,2.1316999999880863,2.7641999999880227,4.745499999999993,1.3816999999880863,0.68260000002374,0.74919999998815,1.2987000000476883,1.0325000000000273,1.4155000000000655,2.4478000000119664,1.08219999998812,1.0657999999523327,0.7495000000000118,1.4817000000477947]","[0.7493999999761627,0.7161000000238289,0.7830000000000155,0.6162000000476837,0.8658000000119159,0.6662999999523436,0.8158000000119614,0.6324999999999932,0.5493999999761741,0.5491999999881045,0.6329999999999814,3.8296999999881223,1.514900000035766,0.932300000011935,0.6324999999999932,0.9656999999880327,0.5496000000238723,0.6493000000119196,0.6825000000000045,0.5995000000000346,0.7826000000238196,0.8326999999881082,2.7643000000119287,1.4986999999880481,2.4476999999881173,0.8326999999881082,5.062000000000012,0.9158000000119273,0.5991999999881159,1.1491999999880704,9.007800000012026,0.9325999999642818,2.2480000000000473,11.006299999952375,2.1316999999880863,2.7641999999880227,4.745499999999993,1.3816999999880863,0.68260000002374,0.7493000000119991,1.2987000000476883,1.0325000000000273,1.415599999964229,2.44789999997613,1.08219999998812,1.0657999999523327,0.7495000000000118,1.4817000000477947]",,,0.0,153.0,153.0,53.0,1.0,gooien,ggooien,question_gesture.png,im_hand.png,,,,,,
,,,348676,1,21,2023-10-02_21h26.35.284,flesh_expressibility_dutch,2022.2.4,Win32,60.15399423,,,,18.0,1.0,Nederlands,,,,,,Engels,2.0,Duits,1.0,,0.0,,0.0,,0.0,,0.0,,0.0,,0.0,NL,2.0,2.0,2.0,1.0,,sensorypref1,sensorypref2,1536.0,864.0,,,,,,,,,,,,,,,,,,,,,,,,,,,,,,,,,,,22.0,1044.4484,48.0,"[0.7493999999761627,0.7161000000238289,0.7828999999761663,0.6161000000238346,0.8658000000119159,0.6661999999880663,0.8158000000119614,0.6324999999999932,0.5493999999761741,0.5491999999881045,0.6329999999999814,3.8296999999881223,1.514900000035766,0.932300000011935,0.6323999999762009,0.9656999999880327,0.5496000000238723,0.6493000000119196,0.6824000000357273,0.5995000000000346,0.7824999999999704,0.8326999999881082,2.7643000000119287,1.498599999964199,2.447599999964268,0.8326000000238878,5.061899999976163,0.9158000000119273,0.5991999999881159,1.1490999999642213,9.007700000047748,0.9325000000000045,2.2480000000000473,11.006299999952375,2.1316999999880863,2.7641999999880227,4.745499999999993,1.3816999999880863,0.68260000002374,0.74919999998815,1.2987000000476883,1.0325000000000273,1.4155000000000655,2.4478000000119664,1.08219999998812,1.0657999999523327,0.7495000000000118,1.4817000000477947]","[0.7493999999761627,0.7161000000238289,0.7830000000000155,0.6162000000476837,0.8658000000119159,0.6662999999523436,0.8158000000119614,0.6324999999999932,0.5493999999761741,0.5491999999881045,0.6329999999999814,3.8296999999881223,1.514900000035766,0.932300000011935,0.6324999999999932,0.9656999999880327,0.5496000000238723,0.6493000000119196,0.6825000000000045,0.5995000000000346,0.7826000000238196,0.8326999999881082,2.7643000000119287,1.4986999999880481,2.4476999999881173,0.8326999999881082,5.062000000000012,0.9158000000119273,0.5991999999881159,1.1491999999880704,9.007800000012026,0.9325999999642818,2.2480000000000473,11.006299999952375,2.1316999999880863,2.7641999999880227,4.745499999999993,1.3816999999880863,0.68260000002374,0.7493000000119991,1.2987000000476883,1.0325000000000273,1.415599999964229,2.44789999997613,1.08219999998812,1.0657999999523327,0.7495000000000118,1.4817000000477947]",,,0.0,154.0,154.0,143.0,1.0,vermalen,gvermalen,question_gesture.png,im_hand.png,,,,,,
,,,348676,1,21,2023-10-02_21h26.35.284,flesh_expressibility_dutch,2022.2.4,Win32,60.15399423,,,,18.0,1.0,Nederlands,,,,,,Engels,2.0,Duits,1.0,,0.0,,0.0,,0.0,,0.0,,0.0,,0.0,NL,2.0,2.0,2.0,1.0,,sensorypref1,sensorypref2,1536.0,864.0,,,,,,,,,,,,,,,,,,,,,,,,,,,,,,,,,,,22.0,1045.5145,48.0,"[0.7493999999761627,0.7161000000238289,0.7828999999761663,0.6161000000238346,0.8658000000119159,0.6661999999880663,0.8158000000119614,0.6324999999999932,0.5493999999761741,0.5491999999881045,0.6329999999999814,3.8296999999881223,1.514900000035766,0.932300000011935,0.6323999999762009,0.9656999999880327,0.5496000000238723,0.6493000000119196,0.6824000000357273,0.5995000000000346,0.7824999999999704,0.8326999999881082,2.7643000000119287,1.498599999964199,2.447599999964268,0.8326000000238878,5.061899999976163,0.9158000000119273,0.5991999999881159,1.1490999999642213,9.007700000047748,0.9325000000000045,2.2480000000000473,11.006299999952375,2.1316999999880863,2.7641999999880227,4.745499999999993,1.3816999999880863,0.68260000002374,0.74919999998815,1.2987000000476883,1.0325000000000273,1.4155000000000655,2.4478000000119664,1.08219999998812,1.0657999999523327,0.7495000000000118,1.4817000000477947]","[0.7493999999761627,0.7161000000238289,0.7830000000000155,0.6162000000476837,0.8658000000119159,0.6662999999523436,0.8158000000119614,0.6324999999999932,0.5493999999761741,0.5491999999881045,0.6329999999999814,3.8296999999881223,1.514900000035766,0.932300000011935,0.6324999999999932,0.9656999999880327,0.5496000000238723,0.6493000000119196,0.6825000000000045,0.5995000000000346,0.7826000000238196,0.8326999999881082,2.7643000000119287,1.4986999999880481,2.4476999999881173,0.8326999999881082,5.062000000000012,0.9158000000119273,0.5991999999881159,1.1491999999880704,9.007800000012026,0.9325999999642818,2.2480000000000473,11.006299999952375,2.1316999999880863,2.7641999999880227,4.745499999999993,1.3816999999880863,0.68260000002374,0.7493000000119991,1.2987000000476883,1.0325000000000273,1.415599999964229,2.44789999997613,1.08219999998812,1.0657999999523327,0.7495000000000118,1.4817000000477947]",,,0.0,155.0,155.0,22.0,1.0,sommige,gsommige,question_gesture.png,im_hand.png,,,,,,
,,,348676,1,21,2023-10-02_21h26.35.284,flesh_expressibility_dutch,2022.2.4,Win32,60.15399423,,,,18.0,1.0,Nederlands,,,,,,Engels,2.0,Duits,1.0,,0.0,,0.0,,0.0,,0.0,,0.0,,0.0,NL,2.0,2.0,2.0,1.0,,sensorypref1,sensorypref2,1536.0,864.0,,,,,,,,,,,,,,,,,,,,,,,,,,,,,,,,,,,22.0,1046.4628,48.0,"[0.7493999999761627,0.7161000000238289,0.7828999999761663,0.6161000000238346,0.8658000000119159,0.6661999999880663,0.8158000000119614,0.6324999999999932,0.5493999999761741,0.5491999999881045,0.6329999999999814,3.8296999999881223,1.514900000035766,0.932300000011935,0.6323999999762009,0.9656999999880327,0.5496000000238723,0.6493000000119196,0.6824000000357273,0.5995000000000346,0.7824999999999704,0.8326999999881082,2.7643000000119287,1.498599999964199,2.447599999964268,0.8326000000238878,5.061899999976163,0.9158000000119273,0.5991999999881159,1.1490999999642213,9.007700000047748,0.9325000000000045,2.2480000000000473,11.006299999952375,2.1316999999880863,2.7641999999880227,4.745499999999993,1.3816999999880863,0.68260000002374,0.74919999998815,1.2987000000476883,1.0325000000000273,1.4155000000000655,2.4478000000119664,1.08219999998812,1.0657999999523327,0.7495000000000118,1.4817000000477947]","[0.7493999999761627,0.7161000000238289,0.7830000000000155,0.6162000000476837,0.8658000000119159,0.6662999999523436,0.8158000000119614,0.6324999999999932,0.5493999999761741,0.5491999999881045,0.6329999999999814,3.8296999999881223,1.514900000035766,0.932300000011935,0.6324999999999932,0.9656999999880327,0.5496000000238723,0.6493000000119196,0.6825000000000045,0.5995000000000346,0.7826000000238196,0.8326999999881082,2.7643000000119287,1.4986999999880481,2.4476999999881173,0.8326999999881082,5.062000000000012,0.9158000000119273,0.5991999999881159,1.1491999999880704,9.007800000012026,0.9325999999642818,2.2480000000000473,11.006299999952375,2.1316999999880863,2.7641999999880227,4.745499999999993,1.3816999999880863,0.68260000002374,0.7493000000119991,1.2987000000476883,1.0325000000000273,1.415599999964229,2.44789999997613,1.08219999998812,1.0657999999523327,0.7495000000000118,1.4817000000477947]",,,0.0,156.0,156.0,175.0,1.0,dik,gdik,question_gesture.png,im_hand.png,,,,,,
,,,348676,1,21,2023-10-02_21h26.35.284,flesh_expressibility_dutch,2022.2.4,Win32,60.15399423,,,,18.0,1.0,Nederlands,,,,,,Engels,2.0,Duits,1.0,,0.0,,0.0,,0.0,,0.0,,0.0,,0.0,NL,2.0,2.0,2.0,1.0,,sensorypref1,sensorypref2,1536.0,864.0,,,,,,,,,,,,,,,,,,,,,,,,,,,,,,,,,,,22.0,1047.4703,48.0,"[0.7493999999761627,0.7161000000238289,0.7828999999761663,0.6161000000238346,0.8658000000119159,0.6661999999880663,0.8158000000119614,0.6324999999999932,0.5493999999761741,0.5491999999881045,0.6329999999999814,3.8296999999881223,1.514900000035766,0.932300000011935,0.6323999999762009,0.9656999999880327,0.5496000000238723,0.6493000000119196,0.6824000000357273,0.5995000000000346,0.7824999999999704,0.8326999999881082,2.7643000000119287,1.498599999964199,2.447599999964268,0.8326000000238878,5.061899999976163,0.9158000000119273,0.5991999999881159,1.1490999999642213,9.007700000047748,0.9325000000000045,2.2480000000000473,11.006299999952375,2.1316999999880863,2.7641999999880227,4.745499999999993,1.3816999999880863,0.68260000002374,0.74919999998815,1.2987000000476883,1.0325000000000273,1.4155000000000655,2.4478000000119664,1.08219999998812,1.0657999999523327,0.7495000000000118,1.4817000000477947]","[0.7493999999761627,0.7161000000238289,0.7830000000000155,0.6162000000476837,0.8658000000119159,0.6662999999523436,0.8158000000119614,0.6324999999999932,0.5493999999761741,0.5491999999881045,0.6329999999999814,3.8296999999881223,1.514900000035766,0.932300000011935,0.6324999999999932,0.9656999999880327,0.5496000000238723,0.6493000000119196,0.6825000000000045,0.5995000000000346,0.7826000000238196,0.8326999999881082,2.7643000000119287,1.4986999999880481,2.4476999999881173,0.8326999999881082,5.062000000000012,0.9158000000119273,0.5991999999881159,1.1491999999880704,9.007800000012026,0.9325999999642818,2.2480000000000473,11.006299999952375,2.1316999999880863,2.7641999999880227,4.745499999999993,1.3816999999880863,0.68260000002374,0.7493000000119991,1.2987000000476883,1.0325000000000273,1.415599999964229,2.44789999997613,1.08219999998812,1.0657999999523327,0.7495000000000118,1.4817000000477947]",,,0.0,157.0,157.0,58.0,1.0,wanneer,gwanneer,question_gesture.png,im_hand.png,,,,,,
,,,348676,1,21,2023-10-02_21h26.35.284,flesh_expressibility_dutch,2022.2.4,Win32,60.15399423,,,,18.0,1.0,Nederlands,,,,,,Engels,2.0,Duits,1.0,,0.0,,0.0,,0.0,,0.0,,0.0,,0.0,NL,2.0,2.0,2.0,1.0,,sensorypref1,sensorypref2,1536.0,864.0,,,,,,,,,,,,,,,,,,,,,,,,,,,,,,,,,,,22.0,1048.5009,48.0,"[0.7493999999761627,0.7161000000238289,0.7828999999761663,0.6161000000238346,0.8658000000119159,0.6661999999880663,0.8158000000119614,0.6324999999999932,0.5493999999761741,0.5491999999881045,0.6329999999999814,3.8296999999881223,1.514900000035766,0.932300000011935,0.6323999999762009,0.9656999999880327,0.5496000000238723,0.6493000000119196,0.6824000000357273,0.5995000000000346,0.7824999999999704,0.8326999999881082,2.7643000000119287,1.498599999964199,2.447599999964268,0.8326000000238878,5.061899999976163,0.9158000000119273,0.5991999999881159,1.1490999999642213,9.007700000047748,0.9325000000000045,2.2480000000000473,11.006299999952375,2.1316999999880863,2.7641999999880227,4.745499999999993,1.3816999999880863,0.68260000002374,0.74919999998815,1.2987000000476883,1.0325000000000273,1.4155000000000655,2.4478000000119664,1.08219999998812,1.0657999999523327,0.7495000000000118,1.4817000000477947]","[0.7493999999761627,0.7161000000238289,0.7830000000000155,0.6162000000476837,0.8658000000119159,0.6662999999523436,0.8158000000119614,0.6324999999999932,0.5493999999761741,0.5491999999881045,0.6329999999999814,3.8296999999881223,1.514900000035766,0.932300000011935,0.6324999999999932,0.9656999999880327,0.5496000000238723,0.6493000000119196,0.6825000000000045,0.5995000000000346,0.7826000000238196,0.8326999999881082,2.7643000000119287,1.4986999999880481,2.4476999999881173,0.8326999999881082,5.062000000000012,0.9158000000119273,0.5991999999881159,1.1491999999880704,9.007800000012026,0.9325999999642818,2.2480000000000473,11.006299999952375,2.1316999999880863,2.7641999999880227,4.745499999999993,1.3816999999880863,0.68260000002374,0.7493000000119991,1.2987000000476883,1.0325000000000273,1.415599999964229,2.44789999997613,1.08219999998812,1.0657999999523327,0.7495000000000118,1.4817000000477947]",,,0.0,158.0,158.0,188.0,1.0,verstoppen,gverstoppen,question_gesture.png,im_hand.png,,,,,,
,,,348676,1,21,2023-10-02_21h26.35.284,flesh_expressibility_dutch,2022.2.4,Win32,60.15399423,,,,18.0,1.0,Nederlands,,,,,,Engels,2.0,Duits,1.0,,0.0,,0.0,,0.0,,0.0,,0.0,,0.0,NL,2.0,2.0,2.0,1.0,,sensorypref1,sensorypref2,1536.0,864.0,,,,,,,,,,,,,,,,,,,,,,,,,,,,,,,,,,,22.0,1049.487,48.0,"[0.7493999999761627,0.7161000000238289,0.7828999999761663,0.6161000000238346,0.8658000000119159,0.6661999999880663,0.8158000000119614,0.6324999999999932,0.5493999999761741,0.5491999999881045,0.6329999999999814,3.8296999999881223,1.514900000035766,0.932300000011935,0.6323999999762009,0.9656999999880327,0.5496000000238723,0.6493000000119196,0.6824000000357273,0.5995000000000346,0.7824999999999704,0.8326999999881082,2.7643000000119287,1.498599999964199,2.447599999964268,0.8326000000238878,5.061899999976163,0.9158000000119273,0.5991999999881159,1.1490999999642213,9.007700000047748,0.9325000000000045,2.2480000000000473,11.006299999952375,2.1316999999880863,2.7641999999880227,4.745499999999993,1.3816999999880863,0.68260000002374,0.74919999998815,1.2987000000476883,1.0325000000000273,1.4155000000000655,2.4478000000119664,1.08219999998812,1.0657999999523327,0.7495000000000118,1.4817000000477947]","[0.7493999999761627,0.7161000000238289,0.7830000000000155,0.6162000000476837,0.8658000000119159,0.6662999999523436,0.8158000000119614,0.6324999999999932,0.5493999999761741,0.5491999999881045,0.6329999999999814,3.8296999999881223,1.514900000035766,0.932300000011935,0.6324999999999932,0.9656999999880327,0.5496000000238723,0.6493000000119196,0.6825000000000045,0.5995000000000346,0.7826000000238196,0.8326999999881082,2.7643000000119287,1.4986999999880481,2.4476999999881173,0.8326999999881082,5.062000000000012,0.9158000000119273,0.5991999999881159,1.1491999999880704,9.007800000012026,0.9325999999642818,2.2480000000000473,11.006299999952375,2.1316999999880863,2.7641999999880227,4.745499999999993,1.3816999999880863,0.68260000002374,0.7493000000119991,1.2987000000476883,1.0325000000000273,1.415599999964229,2.44789999997613,1.08219999998812,1.0657999999523327,0.7495000000000118,1.4817000000477947]",,,0.0,159.0,159.0,14.0,1.0,licht,glicht,question_gesture.png,im_hand.png,,,,,,
,,,348676,1,21,2023-10-02_21h26.35.284,flesh_expressibility_dutch,2022.2.4,Win32,60.15399423,,,,18.0,1.0,Nederlands,,,,,,Engels,2.0,Duits,1.0,,0.0,,0.0,,0.0,,0.0,,0.0,,0.0,NL,2.0,2.0,2.0,1.0,,sensorypref1,sensorypref2,1536.0,864.0,,,,,,,,,,,,,,,,,,,,,,,,,,,,,,,,,,,22.0,1050.5015,48.0,"[0.7493999999761627,0.7161000000238289,0.7828999999761663,0.6161000000238346,0.8658000000119159,0.6661999999880663,0.8158000000119614,0.6324999999999932,0.5493999999761741,0.5491999999881045,0.6329999999999814,3.8296999999881223,1.514900000035766,0.932300000011935,0.6323999999762009,0.9656999999880327,0.5496000000238723,0.6493000000119196,0.6824000000357273,0.5995000000000346,0.7824999999999704,0.8326999999881082,2.7643000000119287,1.498599999964199,2.447599999964268,0.8326000000238878,5.061899999976163,0.9158000000119273,0.5991999999881159,1.1490999999642213,9.007700000047748,0.9325000000000045,2.2480000000000473,11.006299999952375,2.1316999999880863,2.7641999999880227,4.745499999999993,1.3816999999880863,0.68260000002374,0.74919999998815,1.2987000000476883,1.0325000000000273,1.4155000000000655,2.4478000000119664,1.08219999998812,1.0657999999523327,0.7495000000000118,1.4817000000477947]","[0.7493999999761627,0.7161000000238289,0.7830000000000155,0.6162000000476837,0.8658000000119159,0.6662999999523436,0.8158000000119614,0.6324999999999932,0.5493999999761741,0.5491999999881045,0.6329999999999814,3.8296999999881223,1.514900000035766,0.932300000011935,0.6324999999999932,0.9656999999880327,0.5496000000238723,0.6493000000119196,0.6825000000000045,0.5995000000000346,0.7826000000238196,0.8326999999881082,2.7643000000119287,1.4986999999880481,2.4476999999881173,0.8326999999881082,5.062000000000012,0.9158000000119273,0.5991999999881159,1.1491999999880704,9.007800000012026,0.9325999999642818,2.2480000000000473,11.006299999952375,2.1316999999880863,2.7641999999880227,4.745499999999993,1.3816999999880863,0.68260000002374,0.7493000000119991,1.2987000000476883,1.0325000000000273,1.415599999964229,2.44789999997613,1.08219999998812,1.0657999999523327,0.7495000000000118,1.4817000000477947]",,,0.0,160.0,160.0,128.0,1.0,weten,gweten,question_gesture.png,im_hand.png,,,,,,
,,,348676,1,21,2023-10-02_21h26.35.284,flesh_expressibility_dutch,2022.2.4,Win32,60.15399423,,,,18.0,1.0,Nederlands,,,,,,Engels,2.0,Duits,1.0,,0.0,,0.0,,0.0,,0.0,,0.0,,0.0,NL,2.0,2.0,2.0,1.0,,sensorypref1,sensorypref2,1536.0,864.0,,,,,,,,,,,,,,,,,,,,,,,,,,,,,,,,,,,22.0,1051.4515,48.0,"[0.7493999999761627,0.7161000000238289,0.7828999999761663,0.6161000000238346,0.8658000000119159,0.6661999999880663,0.8158000000119614,0.6324999999999932,0.5493999999761741,0.5491999999881045,0.6329999999999814,3.8296999999881223,1.514900000035766,0.932300000011935,0.6323999999762009,0.9656999999880327,0.5496000000238723,0.6493000000119196,0.6824000000357273,0.5995000000000346,0.7824999999999704,0.8326999999881082,2.7643000000119287,1.498599999964199,2.447599999964268,0.8326000000238878,5.061899999976163,0.9158000000119273,0.5991999999881159,1.1490999999642213,9.007700000047748,0.9325000000000045,2.2480000000000473,11.006299999952375,2.1316999999880863,2.7641999999880227,4.745499999999993,1.3816999999880863,0.68260000002374,0.74919999998815,1.2987000000476883,1.0325000000000273,1.4155000000000655,2.4478000000119664,1.08219999998812,1.0657999999523327,0.7495000000000118,1.4817000000477947]","[0.7493999999761627,0.7161000000238289,0.7830000000000155,0.6162000000476837,0.8658000000119159,0.6662999999523436,0.8158000000119614,0.6324999999999932,0.5493999999761741,0.5491999999881045,0.6329999999999814,3.8296999999881223,1.514900000035766,0.932300000011935,0.6324999999999932,0.9656999999880327,0.5496000000238723,0.6493000000119196,0.6825000000000045,0.5995000000000346,0.7826000000238196,0.8326999999881082,2.7643000000119287,1.4986999999880481,2.4476999999881173,0.8326999999881082,5.062000000000012,0.9158000000119273,0.5991999999881159,1.1491999999880704,9.007800000012026,0.9325999999642818,2.2480000000000473,11.006299999952375,2.1316999999880863,2.7641999999880227,4.745499999999993,1.3816999999880863,0.68260000002374,0.7493000000119991,1.2987000000476883,1.0325000000000273,1.415599999964229,2.44789999997613,1.08219999998812,1.0657999999523327,0.7495000000000118,1.4817000000477947]",,,0.0,161.0,161.0,148.0,1.0,bijten,gbijten,question_gesture.png,im_hand.png,,,,,,
,,,348676,1,21,2023-10-02_21h26.35.284,flesh_expressibility_dutch,2022.2.4,Win32,60.15399423,,,,18.0,1.0,Nederlands,,,,,,Engels,2.0,Duits,1.0,,0.0,,0.0,,0.0,,0.0,,0.0,,0.0,NL,2.0,2.0,2.0,1.0,,sensorypref1,sensorypref2,1536.0,864.0,,,,,,,,,,,,,,,,,,,,,,,,,,,,,,,,,,,22.0,1052.4734,48.0,"[0.7493999999761627,0.7161000000238289,0.7828999999761663,0.6161000000238346,0.8658000000119159,0.6661999999880663,0.8158000000119614,0.6324999999999932,0.5493999999761741,0.5491999999881045,0.6329999999999814,3.8296999999881223,1.514900000035766,0.932300000011935,0.6323999999762009,0.9656999999880327,0.5496000000238723,0.6493000000119196,0.6824000000357273,0.5995000000000346,0.7824999999999704,0.8326999999881082,2.7643000000119287,1.498599999964199,2.447599999964268,0.8326000000238878,5.061899999976163,0.9158000000119273,0.5991999999881159,1.1490999999642213,9.007700000047748,0.9325000000000045,2.2480000000000473,11.006299999952375,2.1316999999880863,2.7641999999880227,4.745499999999993,1.3816999999880863,0.68260000002374,0.74919999998815,1.2987000000476883,1.0325000000000273,1.4155000000000655,2.4478000000119664,1.08219999998812,1.0657999999523327,0.7495000000000118,1.4817000000477947]","[0.7493999999761627,0.7161000000238289,0.7830000000000155,0.6162000000476837,0.8658000000119159,0.6662999999523436,0.8158000000119614,0.6324999999999932,0.5493999999761741,0.5491999999881045,0.6329999999999814,3.8296999999881223,1.514900000035766,0.932300000011935,0.6324999999999932,0.9656999999880327,0.5496000000238723,0.6493000000119196,0.6825000000000045,0.5995000000000346,0.7826000000238196,0.8326999999881082,2.7643000000119287,1.4986999999880481,2.4476999999881173,0.8326999999881082,5.062000000000012,0.9158000000119273,0.5991999999881159,1.1491999999880704,9.007800000012026,0.9325999999642818,2.2480000000000473,11.006299999952375,2.1316999999880863,2.7641999999880227,4.745499999999993,1.3816999999880863,0.68260000002374,0.7493000000119991,1.2987000000476883,1.0325000000000273,1.415599999964229,2.44789999997613,1.08219999998812,1.0657999999523327,0.7495000000000118,1.4817000000477947]",,,0.0,162.0,162.0,13.0,1.0,geurig,ggeurig,question_gesture.png,im_hand.png,,,,,,
,,,348676,1,21,2023-10-02_21h26.35.284,flesh_expressibility_dutch,2022.2.4,Win32,60.15399423,,,,18.0,1.0,Nederlands,,,,,,Engels,2.0,Duits,1.0,,0.0,,0.0,,0.0,,0.0,,0.0,,0.0,NL,2.0,2.0,2.0,1.0,,sensorypref1,sensorypref2,1536.0,864.0,,,,,,,,,,,,,,,,,,,,,,,,,,,,,,,,,,,22.0,1053.4711,48.0,"[0.7493999999761627,0.7161000000238289,0.7828999999761663,0.6161000000238346,0.8658000000119159,0.6661999999880663,0.8158000000119614,0.6324999999999932,0.5493999999761741,0.5491999999881045,0.6329999999999814,3.8296999999881223,1.514900000035766,0.932300000011935,0.6323999999762009,0.9656999999880327,0.5496000000238723,0.6493000000119196,0.6824000000357273,0.5995000000000346,0.7824999999999704,0.8326999999881082,2.7643000000119287,1.498599999964199,2.447599999964268,0.8326000000238878,5.061899999976163,0.9158000000119273,0.5991999999881159,1.1490999999642213,9.007700000047748,0.9325000000000045,2.2480000000000473,11.006299999952375,2.1316999999880863,2.7641999999880227,4.745499999999993,1.3816999999880863,0.68260000002374,0.74919999998815,1.2987000000476883,1.0325000000000273,1.4155000000000655,2.4478000000119664,1.08219999998812,1.0657999999523327,0.7495000000000118,1.4817000000477947]","[0.7493999999761627,0.7161000000238289,0.7830000000000155,0.6162000000476837,0.8658000000119159,0.6662999999523436,0.8158000000119614,0.6324999999999932,0.5493999999761741,0.5491999999881045,0.6329999999999814,3.8296999999881223,1.514900000035766,0.932300000011935,0.6324999999999932,0.9656999999880327,0.5496000000238723,0.6493000000119196,0.6825000000000045,0.5995000000000346,0.7826000000238196,0.8326999999881082,2.7643000000119287,1.4986999999880481,2.4476999999881173,0.8326999999881082,5.062000000000012,0.9158000000119273,0.5991999999881159,1.1491999999880704,9.007800000012026,0.9325999999642818,2.2480000000000473,11.006299999952375,2.1316999999880863,2.7641999999880227,4.745499999999993,1.3816999999880863,0.68260000002374,0.7493000000119991,1.2987000000476883,1.0325000000000273,1.415599999964229,2.44789999997613,1.08219999998812,1.0657999999523327,0.7495000000000118,1.4817000000477947]",,,0.0,163.0,163.0,198.0,1.0,nieuw,gnieuw,question_gesture.png,im_hand.png,,,,,,
,,,348676,1,21,2023-10-02_21h26.35.284,flesh_expressibility_dutch,2022.2.4,Win32,60.15399423,,,,18.0,1.0,Nederlands,,,,,,Engels,2.0,Duits,1.0,,0.0,,0.0,,0.0,,0.0,,0.0,,0.0,NL,2.0,2.0,2.0,1.0,,sensorypref1,sensorypref2,1536.0,864.0,,,,,,,,,,,,,,,,,,,,,,,,,,,,,,,,,,,22.0,1054.4878,48.0,"[0.7493999999761627,0.7161000000238289,0.7828999999761663,0.6161000000238346,0.8658000000119159,0.6661999999880663,0.8158000000119614,0.6324999999999932,0.5493999999761741,0.5491999999881045,0.6329999999999814,3.8296999999881223,1.514900000035766,0.932300000011935,0.6323999999762009,0.9656999999880327,0.5496000000238723,0.6493000000119196,0.6824000000357273,0.5995000000000346,0.7824999999999704,0.8326999999881082,2.7643000000119287,1.498599999964199,2.447599999964268,0.8326000000238878,5.061899999976163,0.9158000000119273,0.5991999999881159,1.1490999999642213,9.007700000047748,0.9325000000000045,2.2480000000000473,11.006299999952375,2.1316999999880863,2.7641999999880227,4.745499999999993,1.3816999999880863,0.68260000002374,0.74919999998815,1.2987000000476883,1.0325000000000273,1.4155000000000655,2.4478000000119664,1.08219999998812,1.0657999999523327,0.7495000000000118,1.4817000000477947]","[0.7493999999761627,0.7161000000238289,0.7830000000000155,0.6162000000476837,0.8658000000119159,0.6662999999523436,0.8158000000119614,0.6324999999999932,0.5493999999761741,0.5491999999881045,0.6329999999999814,3.8296999999881223,1.514900000035766,0.932300000011935,0.6324999999999932,0.9656999999880327,0.5496000000238723,0.6493000000119196,0.6825000000000045,0.5995000000000346,0.7826000000238196,0.8326999999881082,2.7643000000119287,1.4986999999880481,2.4476999999881173,0.8326999999881082,5.062000000000012,0.9158000000119273,0.5991999999881159,1.1491999999880704,9.007800000012026,0.9325999999642818,2.2480000000000473,11.006299999952375,2.1316999999880863,2.7641999999880227,4.745499999999993,1.3816999999880863,0.68260000002374,0.7493000000119991,1.2987000000476883,1.0325000000000273,1.415599999964229,2.44789999997613,1.08219999998812,1.0657999999523327,0.7495000000000118,1.4817000000477947]",,,0.0,164.0,164.0,38.0,1.0,blij,gblij,question_gesture.png,im_hand.png,,,,,,
,,,348676,1,21,2023-10-02_21h26.35.284,flesh_expressibility_dutch,2022.2.4,Win32,60.15399423,,,,18.0,1.0,Nederlands,,,,,,Engels,2.0,Duits,1.0,,0.0,,0.0,,0.0,,0.0,,0.0,,0.0,NL,2.0,2.0,2.0,1.0,,sensorypref1,sensorypref2,1536.0,864.0,,,,,,,,,,,,,,,,,,,,,,,,,,,,,,,,,,,22.0,1055.4732,48.0,"[0.7493999999761627,0.7161000000238289,0.7828999999761663,0.6161000000238346,0.8658000000119159,0.6661999999880663,0.8158000000119614,0.6324999999999932,0.5493999999761741,0.5491999999881045,0.6329999999999814,3.8296999999881223,1.514900000035766,0.932300000011935,0.6323999999762009,0.9656999999880327,0.5496000000238723,0.6493000000119196,0.6824000000357273,0.5995000000000346,0.7824999999999704,0.8326999999881082,2.7643000000119287,1.498599999964199,2.447599999964268,0.8326000000238878,5.061899999976163,0.9158000000119273,0.5991999999881159,1.1490999999642213,9.007700000047748,0.9325000000000045,2.2480000000000473,11.006299999952375,2.1316999999880863,2.7641999999880227,4.745499999999993,1.3816999999880863,0.68260000002374,0.74919999998815,1.2987000000476883,1.0325000000000273,1.4155000000000655,2.4478000000119664,1.08219999998812,1.0657999999523327,0.7495000000000118,1.4817000000477947]","[0.7493999999761627,0.7161000000238289,0.7830000000000155,0.6162000000476837,0.8658000000119159,0.6662999999523436,0.8158000000119614,0.6324999999999932,0.5493999999761741,0.5491999999881045,0.6329999999999814,3.8296999999881223,1.514900000035766,0.932300000011935,0.6324999999999932,0.9656999999880327,0.5496000000238723,0.6493000000119196,0.6825000000000045,0.5995000000000346,0.7826000000238196,0.8326999999881082,2.7643000000119287,1.4986999999880481,2.4476999999881173,0.8326999999881082,5.062000000000012,0.9158000000119273,0.5991999999881159,1.1491999999880704,9.007800000012026,0.9325999999642818,2.2480000000000473,11.006299999952375,2.1316999999880863,2.7641999999880227,4.745499999999993,1.3816999999880863,0.68260000002374,0.7493000000119991,1.2987000000476883,1.0325000000000273,1.415599999964229,2.44789999997613,1.08219999998812,1.0657999999523327,0.7495000000000118,1.4817000000477947]",,,0.0,165.0,165.0,200.0,1.0,oud,goud,question_gesture.png,im_hand.png,,,,,,
,,,348676,1,21,2023-10-02_21h26.35.284,flesh_expressibility_dutch,2022.2.4,Win32,60.15399423,,,,18.0,1.0,Nederlands,,,,,,Engels,2.0,Duits,1.0,,0.0,,0.0,,0.0,,0.0,,0.0,,0.0,NL,2.0,2.0,2.0,1.0,,sensorypref1,sensorypref2,1536.0,864.0,,,,,,,,,,,,,,,,,,,,,,,,,,,,,,,,,,,22.0,1056.4745,48.0,"[0.7493999999761627,0.7161000000238289,0.7828999999761663,0.6161000000238346,0.8658000000119159,0.6661999999880663,0.8158000000119614,0.6324999999999932,0.5493999999761741,0.5491999999881045,0.6329999999999814,3.8296999999881223,1.514900000035766,0.932300000011935,0.6323999999762009,0.9656999999880327,0.5496000000238723,0.6493000000119196,0.6824000000357273,0.5995000000000346,0.7824999999999704,0.8326999999881082,2.7643000000119287,1.498599999964199,2.447599999964268,0.8326000000238878,5.061899999976163,0.9158000000119273,0.5991999999881159,1.1490999999642213,9.007700000047748,0.9325000000000045,2.2480000000000473,11.006299999952375,2.1316999999880863,2.7641999999880227,4.745499999999993,1.3816999999880863,0.68260000002374,0.74919999998815,1.2987000000476883,1.0325000000000273,1.4155000000000655,2.4478000000119664,1.08219999998812,1.0657999999523327,0.7495000000000118,1.4817000000477947]","[0.7493999999761627,0.7161000000238289,0.7830000000000155,0.6162000000476837,0.8658000000119159,0.6662999999523436,0.8158000000119614,0.6324999999999932,0.5493999999761741,0.5491999999881045,0.6329999999999814,3.8296999999881223,1.514900000035766,0.932300000011935,0.6324999999999932,0.9656999999880327,0.5496000000238723,0.6493000000119196,0.6825000000000045,0.5995000000000346,0.7826000000238196,0.8326999999881082,2.7643000000119287,1.4986999999880481,2.4476999999881173,0.8326999999881082,5.062000000000012,0.9158000000119273,0.5991999999881159,1.1491999999880704,9.007800000012026,0.9325999999642818,2.2480000000000473,11.006299999952375,2.1316999999880863,2.7641999999880227,4.745499999999993,1.3816999999880863,0.68260000002374,0.7493000000119991,1.2987000000476883,1.0325000000000273,1.415599999964229,2.44789999997613,1.08219999998812,1.0657999999523327,0.7495000000000118,1.4817000000477947]",,,0.0,166.0,166.0,16.0,1.0,alles,galles,question_gesture.png,im_hand.png,,,,,,
,,,348676,1,21,2023-10-02_21h26.35.284,flesh_expressibility_dutch,2022.2.4,Win32,60.15399423,,,,18.0,1.0,Nederlands,,,,,,Engels,2.0,Duits,1.0,,0.0,,0.0,,0.0,,0.0,,0.0,,0.0,NL,2.0,2.0,2.0,1.0,,sensorypref1,sensorypref2,1536.0,864.0,,,,,,,,,,,,,,,,,,,,,,,,,,,,,,,,,,,21.0,1057.5121,49.0,"[0.7493999999761627,0.7161000000238289,0.7828999999761663,0.6161000000238346,0.8658000000119159,0.6661999999880663,0.8158000000119614,0.6324999999999932,0.5493999999761741,0.5491999999881045,0.6329999999999814,3.8296999999881223,1.514900000035766,0.932300000011935,0.6323999999762009,0.9656999999880327,0.5496000000238723,0.6493000000119196,0.6824000000357273,0.5995000000000346,0.7824999999999704,0.8326999999881082,2.7643000000119287,1.498599999964199,2.447599999964268,0.8326000000238878,5.061899999976163,0.9158000000119273,0.5991999999881159,1.1490999999642213,9.007700000047748,0.9325000000000045,2.2480000000000473,11.006299999952375,2.1316999999880863,2.7641999999880227,4.745499999999993,1.3816999999880863,0.68260000002374,0.74919999998815,1.2987000000476883,1.0325000000000273,1.4155000000000655,2.4478000000119664,1.08219999998812,1.0657999999523327,0.7495000000000118,1.4817000000477947,0.6493000000120901]","[0.7493999999761627,0.7161000000238289,0.7830000000000155,0.6162000000476837,0.8658000000119159,0.6662999999523436,0.8158000000119614,0.6324999999999932,0.5493999999761741,0.5491999999881045,0.6329999999999814,3.8296999999881223,1.514900000035766,0.932300000011935,0.6324999999999932,0.9656999999880327,0.5496000000238723,0.6493000000119196,0.6825000000000045,0.5995000000000346,0.7826000000238196,0.8326999999881082,2.7643000000119287,1.4986999999880481,2.4476999999881173,0.8326999999881082,5.062000000000012,0.9158000000119273,0.5991999999881159,1.1491999999880704,9.007800000012026,0.9325999999642818,2.2480000000000473,11.006299999952375,2.1316999999880863,2.7641999999880227,4.745499999999993,1.3816999999880863,0.68260000002374,0.7493000000119991,1.2987000000476883,1.0325000000000273,1.415599999964229,2.44789999997613,1.08219999998812,1.0657999999523327,0.7495000000000118,1.4817000000477947,0.6493000000120901]",-0.383220502,3.7876,0.0,167.0,167.0,24.0,1.0,levend,glevend,question_gesture.png,im_hand.png,,,,,,
,,,348676,1,21,2023-10-02_21h26.35.284,flesh_expressibility_dutch,2022.2.4,Win32,60.15399423,,,,18.0,1.0,Nederlands,,,,,,Engels,2.0,Duits,1.0,,0.0,,0.0,,0.0,,0.0,,0.0,,0.0,NL,2.0,2.0,2.0,1.0,,sensorypref1,sensorypref2,1536.0,864.0,,,,,,,,,,,,,,,,,,,,,,,,,,,,,,,,,,,22.0,1061.7147,49.0,"[0.7493999999761627,0.7161000000238289,0.7828999999761663,0.6161000000238346,0.8658000000119159,0.6661999999880663,0.8158000000119614,0.6324999999999932,0.5493999999761741,0.5491999999881045,0.6329999999999814,3.8296999999881223,1.514900000035766,0.932300000011935,0.6323999999762009,0.9656999999880327,0.5496000000238723,0.6493000000119196,0.6824000000357273,0.5995000000000346,0.7824999999999704,0.8326999999881082,2.7643000000119287,1.498599999964199,2.447599999964268,0.8326000000238878,5.061899999976163,0.9158000000119273,0.5991999999881159,1.1490999999642213,9.007700000047748,0.9325000000000045,2.2480000000000473,11.006299999952375,2.1316999999880863,2.7641999999880227,4.745499999999993,1.3816999999880863,0.68260000002374,0.74919999998815,1.2987000000476883,1.0325000000000273,1.4155000000000655,2.4478000000119664,1.08219999998812,1.0657999999523327,0.7495000000000118,1.4817000000477947,0.6493000000120901]","[0.7493999999761627,0.7161000000238289,0.7830000000000155,0.6162000000476837,0.8658000000119159,0.6662999999523436,0.8158000000119614,0.6324999999999932,0.5493999999761741,0.5491999999881045,0.6329999999999814,3.8296999999881223,1.514900000035766,0.932300000011935,0.6324999999999932,0.9656999999880327,0.5496000000238723,0.6493000000119196,0.6825000000000045,0.5995000000000346,0.7826000000238196,0.8326999999881082,2.7643000000119287,1.4986999999880481,2.4476999999881173,0.8326999999881082,5.062000000000012,0.9158000000119273,0.5991999999881159,1.1491999999880704,9.007800000012026,0.9325999999642818,2.2480000000000473,11.006299999952375,2.1316999999880863,2.7641999999880227,4.745499999999993,1.3816999999880863,0.68260000002374,0.7493000000119991,1.2987000000476883,1.0325000000000273,1.415599999964229,2.44789999997613,1.08219999998812,1.0657999999523327,0.7495000000000118,1.4817000000477947,0.6493000000120901]",,,0.0,168.0,168.0,61.0,1.0,laag (ruimtelijk),glaag (ruimtelijk),question_gesture.png,im_hand.png,,,,,,
,,,348676,1,21,2023-10-02_21h26.35.284,flesh_expressibility_dutch,2022.2.4,Win32,60.15399423,,,,18.0,1.0,Nederlands,,,,,,Engels,2.0,Duits,1.0,,0.0,,0.0,,0.0,,0.0,,0.0,,0.0,NL,2.0,2.0,2.0,1.0,,sensorypref1,sensorypref2,1536.0,864.0,,,,,,,,,,,,,,,,,,,,,,,,,,,,,,,,,,,22.0,1062.7446,49.0,"[0.7493999999761627,0.7161000000238289,0.7828999999761663,0.6161000000238346,0.8658000000119159,0.6661999999880663,0.8158000000119614,0.6324999999999932,0.5493999999761741,0.5491999999881045,0.6329999999999814,3.8296999999881223,1.514900000035766,0.932300000011935,0.6323999999762009,0.9656999999880327,0.5496000000238723,0.6493000000119196,0.6824000000357273,0.5995000000000346,0.7824999999999704,0.8326999999881082,2.7643000000119287,1.498599999964199,2.447599999964268,0.8326000000238878,5.061899999976163,0.9158000000119273,0.5991999999881159,1.1490999999642213,9.007700000047748,0.9325000000000045,2.2480000000000473,11.006299999952375,2.1316999999880863,2.7641999999880227,4.745499999999993,1.3816999999880863,0.68260000002374,0.74919999998815,1.2987000000476883,1.0325000000000273,1.4155000000000655,2.4478000000119664,1.08219999998812,1.0657999999523327,0.7495000000000118,1.4817000000477947,0.6493000000120901]","[0.7493999999761627,0.7161000000238289,0.7830000000000155,0.6162000000476837,0.8658000000119159,0.6662999999523436,0.8158000000119614,0.6324999999999932,0.5493999999761741,0.5491999999881045,0.6329999999999814,3.8296999999881223,1.514900000035766,0.932300000011935,0.6324999999999932,0.9656999999880327,0.5496000000238723,0.6493000000119196,0.6825000000000045,0.5995000000000346,0.7826000000238196,0.8326999999881082,2.7643000000119287,1.4986999999880481,2.4476999999881173,0.8326999999881082,5.062000000000012,0.9158000000119273,0.5991999999881159,1.1491999999880704,9.007800000012026,0.9325999999642818,2.2480000000000473,11.006299999952375,2.1316999999880863,2.7641999999880227,4.745499999999993,1.3816999999880863,0.68260000002374,0.7493000000119991,1.2987000000476883,1.0325000000000273,1.415599999964229,2.44789999997613,1.08219999998812,1.0657999999523327,0.7495000000000118,1.4817000000477947,0.6493000000120901]",,,0.0,169.0,169.0,21.0,1.0,heden,gheden,question_gesture.png,im_hand.png,,,,,,
,,,348676,1,21,2023-10-02_21h26.35.284,flesh_expressibility_dutch,2022.2.4,Win32,60.15399423,,,,18.0,1.0,Nederlands,,,,,,Engels,2.0,Duits,1.0,,0.0,,0.0,,0.0,,0.0,,0.0,,0.0,NL,2.0,2.0,2.0,1.0,,sensorypref1,sensorypref2,1536.0,864.0,,,,,,,,,,,,,,,,,,,,,,,,,,,,,,,,,,,22.0,1063.7283,49.0,"[0.7493999999761627,0.7161000000238289,0.7828999999761663,0.6161000000238346,0.8658000000119159,0.6661999999880663,0.8158000000119614,0.6324999999999932,0.5493999999761741,0.5491999999881045,0.6329999999999814,3.8296999999881223,1.514900000035766,0.932300000011935,0.6323999999762009,0.9656999999880327,0.5496000000238723,0.6493000000119196,0.6824000000357273,0.5995000000000346,0.7824999999999704,0.8326999999881082,2.7643000000119287,1.498599999964199,2.447599999964268,0.8326000000238878,5.061899999976163,0.9158000000119273,0.5991999999881159,1.1490999999642213,9.007700000047748,0.9325000000000045,2.2480000000000473,11.006299999952375,2.1316999999880863,2.7641999999880227,4.745499999999993,1.3816999999880863,0.68260000002374,0.74919999998815,1.2987000000476883,1.0325000000000273,1.4155000000000655,2.4478000000119664,1.08219999998812,1.0657999999523327,0.7495000000000118,1.4817000000477947,0.6493000000120901]","[0.7493999999761627,0.7161000000238289,0.7830000000000155,0.6162000000476837,0.8658000000119159,0.6662999999523436,0.8158000000119614,0.6324999999999932,0.5493999999761741,0.5491999999881045,0.6329999999999814,3.8296999999881223,1.514900000035766,0.932300000011935,0.6324999999999932,0.9656999999880327,0.5496000000238723,0.6493000000119196,0.6825000000000045,0.5995000000000346,0.7826000000238196,0.8326999999881082,2.7643000000119287,1.4986999999880481,2.4476999999881173,0.8326999999881082,5.062000000000012,0.9158000000119273,0.5991999999881159,1.1491999999880704,9.007800000012026,0.9325999999642818,2.2480000000000473,11.006299999952375,2.1316999999880863,2.7641999999880227,4.745499999999993,1.3816999999880863,0.68260000002374,0.7493000000119991,1.2987000000476883,1.0325000000000273,1.415599999964229,2.44789999997613,1.08219999998812,1.0657999999523327,0.7495000000000118,1.4817000000477947,0.6493000000120901]",,,0.0,170.0,170.0,82.0,1.0,beneden,gbeneden,question_gesture.png,im_hand.png,,,,,,
,,,348676,1,21,2023-10-02_21h26.35.284,flesh_expressibility_dutch,2022.2.4,Win32,60.15399423,,,,18.0,1.0,Nederlands,,,,,,Engels,2.0,Duits,1.0,,0.0,,0.0,,0.0,,0.0,,0.0,,0.0,NL,2.0,2.0,2.0,1.0,,sensorypref1,sensorypref2,1536.0,864.0,,,,,,,,,,,,,,,,,,,,,,,,,,,,,,,,,,,22.0,1064.7025,49.0,"[0.7493999999761627,0.7161000000238289,0.7828999999761663,0.6161000000238346,0.8658000000119159,0.6661999999880663,0.8158000000119614,0.6324999999999932,0.5493999999761741,0.5491999999881045,0.6329999999999814,3.8296999999881223,1.514900000035766,0.932300000011935,0.6323999999762009,0.9656999999880327,0.5496000000238723,0.6493000000119196,0.6824000000357273,0.5995000000000346,0.7824999999999704,0.8326999999881082,2.7643000000119287,1.498599999964199,2.447599999964268,0.8326000000238878,5.061899999976163,0.9158000000119273,0.5991999999881159,1.1490999999642213,9.007700000047748,0.9325000000000045,2.2480000000000473,11.006299999952375,2.1316999999880863,2.7641999999880227,4.745499999999993,1.3816999999880863,0.68260000002374,0.74919999998815,1.2987000000476883,1.0325000000000273,1.4155000000000655,2.4478000000119664,1.08219999998812,1.0657999999523327,0.7495000000000118,1.4817000000477947,0.6493000000120901]","[0.7493999999761627,0.7161000000238289,0.7830000000000155,0.6162000000476837,0.8658000000119159,0.6662999999523436,0.8158000000119614,0.6324999999999932,0.5493999999761741,0.5491999999881045,0.6329999999999814,3.8296999999881223,1.514900000035766,0.932300000011935,0.6324999999999932,0.9656999999880327,0.5496000000238723,0.6493000000119196,0.6825000000000045,0.5995000000000346,0.7826000000238196,0.8326999999881082,2.7643000000119287,1.4986999999880481,2.4476999999881173,0.8326999999881082,5.062000000000012,0.9158000000119273,0.5991999999881159,1.1491999999880704,9.007800000012026,0.9325999999642818,2.2480000000000473,11.006299999952375,2.1316999999880863,2.7641999999880227,4.745499999999993,1.3816999999880863,0.68260000002374,0.7493000000119991,1.2987000000476883,1.0325000000000273,1.415599999964229,2.44789999997613,1.08219999998812,1.0657999999523327,0.7495000000000118,1.4817000000477947,0.6493000000120901]",,,0.0,171.0,171.0,49.0,1.0,springen,gspringen,question_gesture.png,im_hand.png,,,,,,
,,,348676,1,21,2023-10-02_21h26.35.284,flesh_expressibility_dutch,2022.2.4,Win32,60.15399423,,,,18.0,1.0,Nederlands,,,,,,Engels,2.0,Duits,1.0,,0.0,,0.0,,0.0,,0.0,,0.0,,0.0,NL,2.0,2.0,2.0,1.0,,sensorypref1,sensorypref2,1536.0,864.0,,,,,,,,,,,,,,,,,,,,,,,,,,,,,,,,,,,21.0,1065.7328,50.0,"[0.7493999999761627,0.7161000000238289,0.7828999999761663,0.6161000000238346,0.8658000000119159,0.6661999999880663,0.8158000000119614,0.6324999999999932,0.5493999999761741,0.5491999999881045,0.6329999999999814,3.8296999999881223,1.514900000035766,0.932300000011935,0.6323999999762009,0.9656999999880327,0.5496000000238723,0.6493000000119196,0.6824000000357273,0.5995000000000346,0.7824999999999704,0.8326999999881082,2.7643000000119287,1.498599999964199,2.447599999964268,0.8326000000238878,5.061899999976163,0.9158000000119273,0.5991999999881159,1.1490999999642213,9.007700000047748,0.9325000000000045,2.2480000000000473,11.006299999952375,2.1316999999880863,2.7641999999880227,4.745499999999993,1.3816999999880863,0.68260000002374,0.74919999998815,1.2987000000476883,1.0325000000000273,1.4155000000000655,2.4478000000119664,1.08219999998812,1.0657999999523327,0.7495000000000118,1.4817000000477947,0.6493000000120901,0.5991999999880591]","[0.7493999999761627,0.7161000000238289,0.7830000000000155,0.6162000000476837,0.8658000000119159,0.6662999999523436,0.8158000000119614,0.6324999999999932,0.5493999999761741,0.5491999999881045,0.6329999999999814,3.8296999999881223,1.514900000035766,0.932300000011935,0.6324999999999932,0.9656999999880327,0.5496000000238723,0.6493000000119196,0.6825000000000045,0.5995000000000346,0.7826000000238196,0.8326999999881082,2.7643000000119287,1.4986999999880481,2.4476999999881173,0.8326999999881082,5.062000000000012,0.9158000000119273,0.5991999999881159,1.1491999999880704,9.007800000012026,0.9325999999642818,2.2480000000000473,11.006299999952375,2.1316999999880863,2.7641999999880227,4.745499999999993,1.3816999999880863,0.68260000002374,0.7493000000119991,1.2987000000476883,1.0325000000000273,1.415599999964229,2.44789999997613,1.08219999998812,1.0657999999523327,0.7495000000000118,1.4817000000477947,0.6493000000120901,0.5991999999880591]",-0.876860622,2.6895,0.0,172.0,172.0,77.0,1.0,groen,ggroen,question_gesture.png,im_hand.png,,,,,,
,,,348676,1,21,2023-10-02_21h26.35.284,flesh_expressibility_dutch,2022.2.4,Win32,60.15399423,,,,18.0,1.0,Nederlands,,,,,,Engels,2.0,Duits,1.0,,0.0,,0.0,,0.0,,0.0,,0.0,,0.0,NL,2.0,2.0,2.0,1.0,,sensorypref1,sensorypref2,1536.0,864.0,,,,,,,,,,,,,,,,,,,,,,,,,,,,,,,,,,,21.0,1068.8561,51.0,"[0.7493999999761627,0.7161000000238289,0.7828999999761663,0.6161000000238346,0.8658000000119159,0.6661999999880663,0.8158000000119614,0.6324999999999932,0.5493999999761741,0.5491999999881045,0.6329999999999814,3.8296999999881223,1.514900000035766,0.932300000011935,0.6323999999762009,0.9656999999880327,0.5496000000238723,0.6493000000119196,0.6824000000357273,0.5995000000000346,0.7824999999999704,0.8326999999881082,2.7643000000119287,1.498599999964199,2.447599999964268,0.8326000000238878,5.061899999976163,0.9158000000119273,0.5991999999881159,1.1490999999642213,9.007700000047748,0.9325000000000045,2.2480000000000473,11.006299999952375,2.1316999999880863,2.7641999999880227,4.745499999999993,1.3816999999880863,0.68260000002374,0.74919999998815,1.2987000000476883,1.0325000000000273,1.4155000000000655,2.4478000000119664,1.08219999998812,1.0657999999523327,0.7495000000000118,1.4817000000477947,0.6493000000120901,0.5991999999880591,0.7491999999879226]","[0.7493999999761627,0.7161000000238289,0.7830000000000155,0.6162000000476837,0.8658000000119159,0.6662999999523436,0.8158000000119614,0.6324999999999932,0.5493999999761741,0.5491999999881045,0.6329999999999814,3.8296999999881223,1.514900000035766,0.932300000011935,0.6324999999999932,0.9656999999880327,0.5496000000238723,0.6493000000119196,0.6825000000000045,0.5995000000000346,0.7826000000238196,0.8326999999881082,2.7643000000119287,1.4986999999880481,2.4476999999881173,0.8326999999881082,5.062000000000012,0.9158000000119273,0.5991999999881159,1.1491999999880704,9.007800000012026,0.9325999999642818,2.2480000000000473,11.006299999952375,2.1316999999880863,2.7641999999880227,4.745499999999993,1.3816999999880863,0.68260000002374,0.7493000000119991,1.2987000000476883,1.0325000000000273,1.415599999964229,2.44789999997613,1.08219999998812,1.0657999999523327,0.7495000000000118,1.4817000000477947,0.6493000000120901,0.5991999999880591,0.7491999999879226]",-0.552097429,3.6737,0.0,173.0,173.0,185.0,1.0,in,gin,question_gesture.png,im_hand.png,,,,,,
,,,348676,1,21,2023-10-02_21h26.35.284,flesh_expressibility_dutch,2022.2.4,Win32,60.15399423,,,,18.0,1.0,Nederlands,,,,,,Engels,2.0,Duits,1.0,,0.0,,0.0,,0.0,,0.0,,0.0,,0.0,NL,2.0,2.0,2.0,1.0,,sensorypref1,sensorypref2,1536.0,864.0,,,,,,,,,,,,,,,,,,,,,,,,,,,,,,,,,,,20.0,1073.2238,52.0,"[0.7493999999761627,0.7161000000238289,0.7828999999761663,0.6161000000238346,0.8658000000119159,0.6661999999880663,0.8158000000119614,0.6324999999999932,0.5493999999761741,0.5491999999881045,0.6329999999999814,3.8296999999881223,1.514900000035766,0.932300000011935,0.6323999999762009,0.9656999999880327,0.5496000000238723,0.6493000000119196,0.6824000000357273,0.5995000000000346,0.7824999999999704,0.8326999999881082,2.7643000000119287,1.498599999964199,2.447599999964268,0.8326000000238878,5.061899999976163,0.9158000000119273,0.5991999999881159,1.1490999999642213,9.007700000047748,0.9325000000000045,2.2480000000000473,11.006299999952375,2.1316999999880863,2.7641999999880227,4.745499999999993,1.3816999999880863,0.68260000002374,0.74919999998815,1.2987000000476883,1.0325000000000273,1.4155000000000655,2.4478000000119664,1.08219999998812,1.0657999999523327,0.7495000000000118,1.4817000000477947,0.6493000000120901,0.5991999999880591,0.7491999999879226,0.6496000000238382]","[0.7493999999761627,0.7161000000238289,0.7830000000000155,0.6162000000476837,0.8658000000119159,0.6662999999523436,0.8158000000119614,0.6324999999999932,0.5493999999761741,0.5491999999881045,0.6329999999999814,3.8296999999881223,1.514900000035766,0.932300000011935,0.6324999999999932,0.9656999999880327,0.5496000000238723,0.6493000000119196,0.6825000000000045,0.5995000000000346,0.7826000000238196,0.8326999999881082,2.7643000000119287,1.4986999999880481,2.4476999999881173,0.8326999999881082,5.062000000000012,0.9158000000119273,0.5991999999881159,1.1491999999880704,9.007800000012026,0.9325999999642818,2.2480000000000473,11.006299999952375,2.1316999999880863,2.7641999999880227,4.745499999999993,1.3816999999880863,0.68260000002374,0.7493000000119991,1.2987000000476883,1.0325000000000273,1.415599999964229,2.44789999997613,1.08219999998812,1.0657999999523327,0.7495000000000118,1.4817000000477947,0.6493000000120901,0.5991999999880591,0.7491999999879226,0.6496000000238382]",0.720974356,3.4767,0.0,174.0,174.0,84.0,1.0,kort,gkort,question_gesture.png,im_hand.png,,,,,,
,,,348676,1,21,2023-10-02_21h26.35.284,flesh_expressibility_dutch,2022.2.4,Win32,60.15399423,,,,18.0,1.0,Nederlands,,,,,,Engels,2.0,Duits,1.0,,0.0,,0.0,,0.0,,0.0,,0.0,,0.0,NL,2.0,2.0,2.0,1.0,,sensorypref1,sensorypref2,1536.0,864.0,,,,,,,,,,,,,,,,,,,,,,,,,,,,,,,,,,,22.0,1077.4008,52.0,"[0.7493999999761627,0.7161000000238289,0.7828999999761663,0.6161000000238346,0.8658000000119159,0.6661999999880663,0.8158000000119614,0.6324999999999932,0.5493999999761741,0.5491999999881045,0.6329999999999814,3.8296999999881223,1.514900000035766,0.932300000011935,0.6323999999762009,0.9656999999880327,0.5496000000238723,0.6493000000119196,0.6824000000357273,0.5995000000000346,0.7824999999999704,0.8326999999881082,2.7643000000119287,1.498599999964199,2.447599999964268,0.8326000000238878,5.061899999976163,0.9158000000119273,0.5991999999881159,1.1490999999642213,9.007700000047748,0.9325000000000045,2.2480000000000473,11.006299999952375,2.1316999999880863,2.7641999999880227,4.745499999999993,1.3816999999880863,0.68260000002374,0.74919999998815,1.2987000000476883,1.0325000000000273,1.4155000000000655,2.4478000000119664,1.08219999998812,1.0657999999523327,0.7495000000000118,1.4817000000477947,0.6493000000120901,0.5991999999880591,0.7491999999879226,0.6496000000238382]","[0.7493999999761627,0.7161000000238289,0.7830000000000155,0.6162000000476837,0.8658000000119159,0.6662999999523436,0.8158000000119614,0.6324999999999932,0.5493999999761741,0.5491999999881045,0.6329999999999814,3.8296999999881223,1.514900000035766,0.932300000011935,0.6324999999999932,0.9656999999880327,0.5496000000238723,0.6493000000119196,0.6825000000000045,0.5995000000000346,0.7826000000238196,0.8326999999881082,2.7643000000119287,1.4986999999880481,2.4476999999881173,0.8326999999881082,5.062000000000012,0.9158000000119273,0.5991999999881159,1.1491999999880704,9.007800000012026,0.9325999999642818,2.2480000000000473,11.006299999952375,2.1316999999880863,2.7641999999880227,4.745499999999993,1.3816999999880863,0.68260000002374,0.7493000000119991,1.2987000000476883,1.0325000000000273,1.415599999964229,2.44789999997613,1.08219999998812,1.0657999999523327,0.7495000000000118,1.4817000000477947,0.6493000000120901,0.5991999999880591,0.7491999999879226,0.6496000000238382]",,,0.0,175.0,175.0,91.0,1.0,koud,gkoud,question_gesture.png,im_hand.png,,,,,,
,,,348676,1,21,2023-10-02_21h26.35.284,flesh_expressibility_dutch,2022.2.4,Win32,60.15399423,,,,18.0,1.0,Nederlands,,,,,,Engels,2.0,Duits,1.0,,0.0,,0.0,,0.0,,0.0,,0.0,,0.0,NL,2.0,2.0,2.0,1.0,,sensorypref1,sensorypref2,1536.0,864.0,,,,,,,,,,,,,,,,,,,,,,,,,,,,,,,,,,,22.0,1078.3843,52.0,"[0.7493999999761627,0.7161000000238289,0.7828999999761663,0.6161000000238346,0.8658000000119159,0.6661999999880663,0.8158000000119614,0.6324999999999932,0.5493999999761741,0.5491999999881045,0.6329999999999814,3.8296999999881223,1.514900000035766,0.932300000011935,0.6323999999762009,0.9656999999880327,0.5496000000238723,0.6493000000119196,0.6824000000357273,0.5995000000000346,0.7824999999999704,0.8326999999881082,2.7643000000119287,1.498599999964199,2.447599999964268,0.8326000000238878,5.061899999976163,0.9158000000119273,0.5991999999881159,1.1490999999642213,9.007700000047748,0.9325000000000045,2.2480000000000473,11.006299999952375,2.1316999999880863,2.7641999999880227,4.745499999999993,1.3816999999880863,0.68260000002374,0.74919999998815,1.2987000000476883,1.0325000000000273,1.4155000000000655,2.4478000000119664,1.08219999998812,1.0657999999523327,0.7495000000000118,1.4817000000477947,0.6493000000120901,0.5991999999880591,0.7491999999879226,0.6496000000238382]","[0.7493999999761627,0.7161000000238289,0.7830000000000155,0.6162000000476837,0.8658000000119159,0.6662999999523436,0.8158000000119614,0.6324999999999932,0.5493999999761741,0.5491999999881045,0.6329999999999814,3.8296999999881223,1.514900000035766,0.932300000011935,0.6324999999999932,0.9656999999880327,0.5496000000238723,0.6493000000119196,0.6825000000000045,0.5995000000000346,0.7826000000238196,0.8326999999881082,2.7643000000119287,1.4986999999880481,2.4476999999881173,0.8326999999881082,5.062000000000012,0.9158000000119273,0.5991999999881159,1.1491999999880704,9.007800000012026,0.9325999999642818,2.2480000000000473,11.006299999952375,2.1316999999880863,2.7641999999880227,4.745499999999993,1.3816999999880863,0.68260000002374,0.7493000000119991,1.2987000000476883,1.0325000000000273,1.415599999964229,2.44789999997613,1.08219999998812,1.0657999999523327,0.7495000000000118,1.4817000000477947,0.6493000000120901,0.5991999999880591,0.7491999999879226,0.6496000000238382]",,,0.0,176.0,176.0,123.0,1.0,navel,gnavel,question_gesture.png,im_hand.png,,,,,,
,,,348676,1,21,2023-10-02_21h26.35.284,flesh_expressibility_dutch,2022.2.4,Win32,60.15399423,,,,18.0,1.0,Nederlands,,,,,,Engels,2.0,Duits,1.0,,0.0,,0.0,,0.0,,0.0,,0.0,,0.0,NL,2.0,2.0,2.0,1.0,,sensorypref1,sensorypref2,1536.0,864.0,,,,,,,,,,,,,,,,,,,,,,,,,,,,,,,,,,,22.0,1079.3535,52.0,"[0.7493999999761627,0.7161000000238289,0.7828999999761663,0.6161000000238346,0.8658000000119159,0.6661999999880663,0.8158000000119614,0.6324999999999932,0.5493999999761741,0.5491999999881045,0.6329999999999814,3.8296999999881223,1.514900000035766,0.932300000011935,0.6323999999762009,0.9656999999880327,0.5496000000238723,0.6493000000119196,0.6824000000357273,0.5995000000000346,0.7824999999999704,0.8326999999881082,2.7643000000119287,1.498599999964199,2.447599999964268,0.8326000000238878,5.061899999976163,0.9158000000119273,0.5991999999881159,1.1490999999642213,9.007700000047748,0.9325000000000045,2.2480000000000473,11.006299999952375,2.1316999999880863,2.7641999999880227,4.745499999999993,1.3816999999880863,0.68260000002374,0.74919999998815,1.2987000000476883,1.0325000000000273,1.4155000000000655,2.4478000000119664,1.08219999998812,1.0657999999523327,0.7495000000000118,1.4817000000477947,0.6493000000120901,0.5991999999880591,0.7491999999879226,0.6496000000238382]","[0.7493999999761627,0.7161000000238289,0.7830000000000155,0.6162000000476837,0.8658000000119159,0.6662999999523436,0.8158000000119614,0.6324999999999932,0.5493999999761741,0.5491999999881045,0.6329999999999814,3.8296999999881223,1.514900000035766,0.932300000011935,0.6324999999999932,0.9656999999880327,0.5496000000238723,0.6493000000119196,0.6825000000000045,0.5995000000000346,0.7826000000238196,0.8326999999881082,2.7643000000119287,1.4986999999880481,2.4476999999881173,0.8326999999881082,5.062000000000012,0.9158000000119273,0.5991999999881159,1.1491999999880704,9.007800000012026,0.9325999999642818,2.2480000000000473,11.006299999952375,2.1316999999880863,2.7641999999880227,4.745499999999993,1.3816999999880863,0.68260000002374,0.7493000000119991,1.2987000000476883,1.0325000000000273,1.415599999964229,2.44789999997613,1.08219999998812,1.0657999999523327,0.7495000000000118,1.4817000000477947,0.6493000000120901,0.5991999999880591,0.7491999999879226,0.6496000000238382]",,,0.0,177.0,177.0,89.0,1.0,jagen,gjagen,question_gesture.png,im_hand.png,,,,,,
,,,348676,1,21,2023-10-02_21h26.35.284,flesh_expressibility_dutch,2022.2.4,Win32,60.15399423,,,,18.0,1.0,Nederlands,,,,,,Engels,2.0,Duits,1.0,,0.0,,0.0,,0.0,,0.0,,0.0,,0.0,NL,2.0,2.0,2.0,1.0,,sensorypref1,sensorypref2,1536.0,864.0,,,,,,,,,,,,,,,,,,,,,,,,,,,,,,,,,,,22.0,1080.3604,52.0,"[0.7493999999761627,0.7161000000238289,0.7828999999761663,0.6161000000238346,0.8658000000119159,0.6661999999880663,0.8158000000119614,0.6324999999999932,0.5493999999761741,0.5491999999881045,0.6329999999999814,3.8296999999881223,1.514900000035766,0.932300000011935,0.6323999999762009,0.9656999999880327,0.5496000000238723,0.6493000000119196,0.6824000000357273,0.5995000000000346,0.7824999999999704,0.8326999999881082,2.7643000000119287,1.498599999964199,2.447599999964268,0.8326000000238878,5.061899999976163,0.9158000000119273,0.5991999999881159,1.1490999999642213,9.007700000047748,0.9325000000000045,2.2480000000000473,11.006299999952375,2.1316999999880863,2.7641999999880227,4.745499999999993,1.3816999999880863,0.68260000002374,0.74919999998815,1.2987000000476883,1.0325000000000273,1.4155000000000655,2.4478000000119664,1.08219999998812,1.0657999999523327,0.7495000000000118,1.4817000000477947,0.6493000000120901,0.5991999999880591,0.7491999999879226,0.6496000000238382]","[0.7493999999761627,0.7161000000238289,0.7830000000000155,0.6162000000476837,0.8658000000119159,0.6662999999523436,0.8158000000119614,0.6324999999999932,0.5493999999761741,0.5491999999881045,0.6329999999999814,3.8296999999881223,1.514900000035766,0.932300000011935,0.6324999999999932,0.9656999999880327,0.5496000000238723,0.6493000000119196,0.6825000000000045,0.5995000000000346,0.7826000000238196,0.8326999999881082,2.7643000000119287,1.4986999999880481,2.4476999999881173,0.8326999999881082,5.062000000000012,0.9158000000119273,0.5991999999881159,1.1491999999880704,9.007800000012026,0.9325999999642818,2.2480000000000473,11.006299999952375,2.1316999999880863,2.7641999999880227,4.745499999999993,1.3816999999880863,0.68260000002374,0.7493000000119991,1.2987000000476883,1.0325000000000273,1.415599999964229,2.44789999997613,1.08219999998812,1.0657999999523327,0.7495000000000118,1.4817000000477947,0.6493000000120901,0.5991999999880591,0.7491999999879226,0.6496000000238382]",,,0.0,178.0,178.0,8.0,1.0,likken,glikken,question_gesture.png,im_hand.png,,,,,,
,,,348676,1,21,2023-10-02_21h26.35.284,flesh_expressibility_dutch,2022.2.4,Win32,60.15399423,,,,18.0,1.0,Nederlands,,,,,,Engels,2.0,Duits,1.0,,0.0,,0.0,,0.0,,0.0,,0.0,,0.0,NL,2.0,2.0,2.0,1.0,,sensorypref1,sensorypref2,1536.0,864.0,,,,,,,,,,,,,,,,,,,,,,,,,,,,,,,,,,,22.0,1081.3437,52.0,"[0.7493999999761627,0.7161000000238289,0.7828999999761663,0.6161000000238346,0.8658000000119159,0.6661999999880663,0.8158000000119614,0.6324999999999932,0.5493999999761741,0.5491999999881045,0.6329999999999814,3.8296999999881223,1.514900000035766,0.932300000011935,0.6323999999762009,0.9656999999880327,0.5496000000238723,0.6493000000119196,0.6824000000357273,0.5995000000000346,0.7824999999999704,0.8326999999881082,2.7643000000119287,1.498599999964199,2.447599999964268,0.8326000000238878,5.061899999976163,0.9158000000119273,0.5991999999881159,1.1490999999642213,9.007700000047748,0.9325000000000045,2.2480000000000473,11.006299999952375,2.1316999999880863,2.7641999999880227,4.745499999999993,1.3816999999880863,0.68260000002374,0.74919999998815,1.2987000000476883,1.0325000000000273,1.4155000000000655,2.4478000000119664,1.08219999998812,1.0657999999523327,0.7495000000000118,1.4817000000477947,0.6493000000120901,0.5991999999880591,0.7491999999879226,0.6496000000238382]","[0.7493999999761627,0.7161000000238289,0.7830000000000155,0.6162000000476837,0.8658000000119159,0.6662999999523436,0.8158000000119614,0.6324999999999932,0.5493999999761741,0.5491999999881045,0.6329999999999814,3.8296999999881223,1.514900000035766,0.932300000011935,0.6324999999999932,0.9656999999880327,0.5496000000238723,0.6493000000119196,0.6825000000000045,0.5995000000000346,0.7826000000238196,0.8326999999881082,2.7643000000119287,1.4986999999880481,2.4476999999881173,0.8326999999881082,5.062000000000012,0.9158000000119273,0.5991999999881159,1.1491999999880704,9.007800000012026,0.9325999999642818,2.2480000000000473,11.006299999952375,2.1316999999880863,2.7641999999880227,4.745499999999993,1.3816999999880863,0.68260000002374,0.7493000000119991,1.2987000000476883,1.0325000000000273,1.415599999964229,2.44789999997613,1.08219999998812,1.0657999999523327,0.7495000000000118,1.4817000000477947,0.6493000000120901,0.5991999999880591,0.7491999999879226,0.6496000000238382]",,,0.0,179.0,179.0,71.0,1.0,geur,ggeur,question_gesture.png,im_hand.png,,,,,,
,,,348676,1,21,2023-10-02_21h26.35.284,flesh_expressibility_dutch,2022.2.4,Win32,60.15399423,,,,18.0,1.0,Nederlands,,,,,,Engels,2.0,Duits,1.0,,0.0,,0.0,,0.0,,0.0,,0.0,,0.0,NL,2.0,2.0,2.0,1.0,,sensorypref1,sensorypref2,1536.0,864.0,,,,,,,,,,,,,,,,,,,,,,,,,,,,,,,,,,,22.0,1082.3682,52.0,"[0.7493999999761627,0.7161000000238289,0.7828999999761663,0.6161000000238346,0.8658000000119159,0.6661999999880663,0.8158000000119614,0.6324999999999932,0.5493999999761741,0.5491999999881045,0.6329999999999814,3.8296999999881223,1.514900000035766,0.932300000011935,0.6323999999762009,0.9656999999880327,0.5496000000238723,0.6493000000119196,0.6824000000357273,0.5995000000000346,0.7824999999999704,0.8326999999881082,2.7643000000119287,1.498599999964199,2.447599999964268,0.8326000000238878,5.061899999976163,0.9158000000119273,0.5991999999881159,1.1490999999642213,9.007700000047748,0.9325000000000045,2.2480000000000473,11.006299999952375,2.1316999999880863,2.7641999999880227,4.745499999999993,1.3816999999880863,0.68260000002374,0.74919999998815,1.2987000000476883,1.0325000000000273,1.4155000000000655,2.4478000000119664,1.08219999998812,1.0657999999523327,0.7495000000000118,1.4817000000477947,0.6493000000120901,0.5991999999880591,0.7491999999879226,0.6496000000238382]","[0.7493999999761627,0.7161000000238289,0.7830000000000155,0.6162000000476837,0.8658000000119159,0.6662999999523436,0.8158000000119614,0.6324999999999932,0.5493999999761741,0.5491999999881045,0.6329999999999814,3.8296999999881223,1.514900000035766,0.932300000011935,0.6324999999999932,0.9656999999880327,0.5496000000238723,0.6493000000119196,0.6825000000000045,0.5995000000000346,0.7826000000238196,0.8326999999881082,2.7643000000119287,1.4986999999880481,2.4476999999881173,0.8326999999881082,5.062000000000012,0.9158000000119273,0.5991999999881159,1.1491999999880704,9.007800000012026,0.9325999999642818,2.2480000000000473,11.006299999952375,2.1316999999880863,2.7641999999880227,4.745499999999993,1.3816999999880863,0.68260000002374,0.7493000000119991,1.2987000000476883,1.0325000000000273,1.415599999964229,2.44789999997613,1.08219999998812,1.0657999999523327,0.7495000000000118,1.4817000000477947,0.6493000000120901,0.5991999999880591,0.7491999999879226,0.6496000000238382]",,,0.0,180.0,180.0,32.0,1.0,vooraan,gvooraan,question_gesture.png,im_hand.png,,,,,,
,,,348676,1,21,2023-10-02_21h26.35.284,flesh_expressibility_dutch,2022.2.4,Win32,60.15399423,,,,18.0,1.0,Nederlands,,,,,,Engels,2.0,Duits,1.0,,0.0,,0.0,,0.0,,0.0,,0.0,,0.0,NL,2.0,2.0,2.0,1.0,,sensorypref1,sensorypref2,1536.0,864.0,,,,,,,,,,,,,,,,,,,,,,,,,,,,,,,,,,,22.0,1083.3474,52.0,"[0.7493999999761627,0.7161000000238289,0.7828999999761663,0.6161000000238346,0.8658000000119159,0.6661999999880663,0.8158000000119614,0.6324999999999932,0.5493999999761741,0.5491999999881045,0.6329999999999814,3.8296999999881223,1.514900000035766,0.932300000011935,0.6323999999762009,0.9656999999880327,0.5496000000238723,0.6493000000119196,0.6824000000357273,0.5995000000000346,0.7824999999999704,0.8326999999881082,2.7643000000119287,1.498599999964199,2.447599999964268,0.8326000000238878,5.061899999976163,0.9158000000119273,0.5991999999881159,1.1490999999642213,9.007700000047748,0.9325000000000045,2.2480000000000473,11.006299999952375,2.1316999999880863,2.7641999999880227,4.745499999999993,1.3816999999880863,0.68260000002374,0.74919999998815,1.2987000000476883,1.0325000000000273,1.4155000000000655,2.4478000000119664,1.08219999998812,1.0657999999523327,0.7495000000000118,1.4817000000477947,0.6493000000120901,0.5991999999880591,0.7491999999879226,0.6496000000238382]","[0.7493999999761627,0.7161000000238289,0.7830000000000155,0.6162000000476837,0.8658000000119159,0.6662999999523436,0.8158000000119614,0.6324999999999932,0.5493999999761741,0.5491999999881045,0.6329999999999814,3.8296999999881223,1.514900000035766,0.932300000011935,0.6324999999999932,0.9656999999880327,0.5496000000238723,0.6493000000119196,0.6825000000000045,0.5995000000000346,0.7826000000238196,0.8326999999881082,2.7643000000119287,1.4986999999880481,2.4476999999881173,0.8326999999881082,5.062000000000012,0.9158000000119273,0.5991999999881159,1.1491999999880704,9.007800000012026,0.9325999999642818,2.2480000000000473,11.006299999952375,2.1316999999880863,2.7641999999880227,4.745499999999993,1.3816999999880863,0.68260000002374,0.7493000000119991,1.2987000000476883,1.0325000000000273,1.415599999964229,2.44789999997613,1.08219999998812,1.0657999999523327,0.7495000000000118,1.4817000000477947,0.6493000000120901,0.5991999999880591,0.7491999999879226,0.6496000000238382]",,,0.0,181.0,181.0,122.0,1.0,lever,glever,question_gesture.png,im_hand.png,,,,,,
,,,348676,1,21,2023-10-02_21h26.35.284,flesh_expressibility_dutch,2022.2.4,Win32,60.15399423,,,,18.0,1.0,Nederlands,,,,,,Engels,2.0,Duits,1.0,,0.0,,0.0,,0.0,,0.0,,0.0,,0.0,NL,2.0,2.0,2.0,1.0,,sensorypref1,sensorypref2,1536.0,864.0,,,,,,,,,,,,,,,,,,,,,,,,,,,,,,,,,,,22.0,1084.379,52.0,"[0.7493999999761627,0.7161000000238289,0.7828999999761663,0.6161000000238346,0.8658000000119159,0.6661999999880663,0.8158000000119614,0.6324999999999932,0.5493999999761741,0.5491999999881045,0.6329999999999814,3.8296999999881223,1.514900000035766,0.932300000011935,0.6323999999762009,0.9656999999880327,0.5496000000238723,0.6493000000119196,0.6824000000357273,0.5995000000000346,0.7824999999999704,0.8326999999881082,2.7643000000119287,1.498599999964199,2.447599999964268,0.8326000000238878,5.061899999976163,0.9158000000119273,0.5991999999881159,1.1490999999642213,9.007700000047748,0.9325000000000045,2.2480000000000473,11.006299999952375,2.1316999999880863,2.7641999999880227,4.745499999999993,1.3816999999880863,0.68260000002374,0.74919999998815,1.2987000000476883,1.0325000000000273,1.4155000000000655,2.4478000000119664,1.08219999998812,1.0657999999523327,0.7495000000000118,1.4817000000477947,0.6493000000120901,0.5991999999880591,0.7491999999879226,0.6496000000238382]","[0.7493999999761627,0.7161000000238289,0.7830000000000155,0.6162000000476837,0.8658000000119159,0.6662999999523436,0.8158000000119614,0.6324999999999932,0.5493999999761741,0.5491999999881045,0.6329999999999814,3.8296999999881223,1.514900000035766,0.932300000011935,0.6324999999999932,0.9656999999880327,0.5496000000238723,0.6493000000119196,0.6825000000000045,0.5995000000000346,0.7826000000238196,0.8326999999881082,2.7643000000119287,1.4986999999880481,2.4476999999881173,0.8326999999881082,5.062000000000012,0.9158000000119273,0.5991999999881159,1.1491999999880704,9.007800000012026,0.9325999999642818,2.2480000000000473,11.006299999952375,2.1316999999880863,2.7641999999880227,4.745499999999993,1.3816999999880863,0.68260000002374,0.7493000000119991,1.2987000000476883,1.0325000000000273,1.415599999964229,2.44789999997613,1.08219999998812,1.0657999999523327,0.7495000000000118,1.4817000000477947,0.6493000000120901,0.5991999999880591,0.7491999999879226,0.6496000000238382]",,,0.0,182.0,182.0,112.0,1.0,bloed,gbloed,question_gesture.png,im_hand.png,,,,,,
,,,348676,1,21,2023-10-02_21h26.35.284,flesh_expressibility_dutch,2022.2.4,Win32,60.15399423,,,,18.0,1.0,Nederlands,,,,,,Engels,2.0,Duits,1.0,,0.0,,0.0,,0.0,,0.0,,0.0,,0.0,NL,2.0,2.0,2.0,1.0,,sensorypref1,sensorypref2,1536.0,864.0,,,,,,,,,,,,,,,,,,,,,,,,,,,,,,,,,,,22.0,1085.3543,52.0,"[0.7493999999761627,0.7161000000238289,0.7828999999761663,0.6161000000238346,0.8658000000119159,0.6661999999880663,0.8158000000119614,0.6324999999999932,0.5493999999761741,0.5491999999881045,0.6329999999999814,3.8296999999881223,1.514900000035766,0.932300000011935,0.6323999999762009,0.9656999999880327,0.5496000000238723,0.6493000000119196,0.6824000000357273,0.5995000000000346,0.7824999999999704,0.8326999999881082,2.7643000000119287,1.498599999964199,2.447599999964268,0.8326000000238878,5.061899999976163,0.9158000000119273,0.5991999999881159,1.1490999999642213,9.007700000047748,0.9325000000000045,2.2480000000000473,11.006299999952375,2.1316999999880863,2.7641999999880227,4.745499999999993,1.3816999999880863,0.68260000002374,0.74919999998815,1.2987000000476883,1.0325000000000273,1.4155000000000655,2.4478000000119664,1.08219999998812,1.0657999999523327,0.7495000000000118,1.4817000000477947,0.6493000000120901,0.5991999999880591,0.7491999999879226,0.6496000000238382]","[0.7493999999761627,0.7161000000238289,0.7830000000000155,0.6162000000476837,0.8658000000119159,0.6662999999523436,0.8158000000119614,0.6324999999999932,0.5493999999761741,0.5491999999881045,0.6329999999999814,3.8296999999881223,1.514900000035766,0.932300000011935,0.6324999999999932,0.9656999999880327,0.5496000000238723,0.6493000000119196,0.6825000000000045,0.5995000000000346,0.7826000000238196,0.8326999999881082,2.7643000000119287,1.4986999999880481,2.4476999999881173,0.8326999999881082,5.062000000000012,0.9158000000119273,0.5991999999881159,1.1491999999880704,9.007800000012026,0.9325999999642818,2.2480000000000473,11.006299999952375,2.1316999999880863,2.7641999999880227,4.745499999999993,1.3816999999880863,0.68260000002374,0.7493000000119991,1.2987000000476883,1.0325000000000273,1.415599999964229,2.44789999997613,1.08219999998812,1.0657999999523327,0.7495000000000118,1.4817000000477947,0.6493000000120901,0.5991999999880591,0.7491999999879226,0.6496000000238382]",,,0.0,183.0,183.0,90.0,1.0,slapen,gslapen,question_gesture.png,im_hand.png,,,,,,
,,,348676,1,21,2023-10-02_21h26.35.284,flesh_expressibility_dutch,2022.2.4,Win32,60.15399423,,,,18.0,1.0,Nederlands,,,,,,Engels,2.0,Duits,1.0,,0.0,,0.0,,0.0,,0.0,,0.0,,0.0,NL,2.0,2.0,2.0,1.0,,sensorypref1,sensorypref2,1536.0,864.0,,,,,,,,,,,,,,,,,,,,,,,,,,,,,,,,,,,22.0,1086.347,52.0,"[0.7493999999761627,0.7161000000238289,0.7828999999761663,0.6161000000238346,0.8658000000119159,0.6661999999880663,0.8158000000119614,0.6324999999999932,0.5493999999761741,0.5491999999881045,0.6329999999999814,3.8296999999881223,1.514900000035766,0.932300000011935,0.6323999999762009,0.9656999999880327,0.5496000000238723,0.6493000000119196,0.6824000000357273,0.5995000000000346,0.7824999999999704,0.8326999999881082,2.7643000000119287,1.498599999964199,2.447599999964268,0.8326000000238878,5.061899999976163,0.9158000000119273,0.5991999999881159,1.1490999999642213,9.007700000047748,0.9325000000000045,2.2480000000000473,11.006299999952375,2.1316999999880863,2.7641999999880227,4.745499999999993,1.3816999999880863,0.68260000002374,0.74919999998815,1.2987000000476883,1.0325000000000273,1.4155000000000655,2.4478000000119664,1.08219999998812,1.0657999999523327,0.7495000000000118,1.4817000000477947,0.6493000000120901,0.5991999999880591,0.7491999999879226,0.6496000000238382]","[0.7493999999761627,0.7161000000238289,0.7830000000000155,0.6162000000476837,0.8658000000119159,0.6662999999523436,0.8158000000119614,0.6324999999999932,0.5493999999761741,0.5491999999881045,0.6329999999999814,3.8296999999881223,1.514900000035766,0.932300000011935,0.6324999999999932,0.9656999999880327,0.5496000000238723,0.6493000000119196,0.6825000000000045,0.5995000000000346,0.7826000000238196,0.8326999999881082,2.7643000000119287,1.4986999999880481,2.4476999999881173,0.8326999999881082,5.062000000000012,0.9158000000119273,0.5991999999881159,1.1491999999880704,9.007800000012026,0.9325999999642818,2.2480000000000473,11.006299999952375,2.1316999999880863,2.7641999999880227,4.745499999999993,1.3816999999880863,0.68260000002374,0.7493000000119991,1.2987000000476883,1.0325000000000273,1.415599999964229,2.44789999997613,1.08219999998812,1.0657999999523327,0.7495000000000118,1.4817000000477947,0.6493000000120901,0.5991999999880591,0.7491999999879226,0.6496000000238382]",,,0.0,184.0,184.0,80.0,1.0,vijand,gvijand,question_gesture.png,im_hand.png,,,,,,
,,,348676,1,21,2023-10-02_21h26.35.284,flesh_expressibility_dutch,2022.2.4,Win32,60.15399423,,,,18.0,1.0,Nederlands,,,,,,Engels,2.0,Duits,1.0,,0.0,,0.0,,0.0,,0.0,,0.0,,0.0,NL,2.0,2.0,2.0,1.0,,sensorypref1,sensorypref2,1536.0,864.0,,,,,,,,,,,,,,,,,,,,,,,,,,,,,,,,,,,22.0,1087.3142,52.0,"[0.7493999999761627,0.7161000000238289,0.7828999999761663,0.6161000000238346,0.8658000000119159,0.6661999999880663,0.8158000000119614,0.6324999999999932,0.5493999999761741,0.5491999999881045,0.6329999999999814,3.8296999999881223,1.514900000035766,0.932300000011935,0.6323999999762009,0.9656999999880327,0.5496000000238723,0.6493000000119196,0.6824000000357273,0.5995000000000346,0.7824999999999704,0.8326999999881082,2.7643000000119287,1.498599999964199,2.447599999964268,0.8326000000238878,5.061899999976163,0.9158000000119273,0.5991999999881159,1.1490999999642213,9.007700000047748,0.9325000000000045,2.2480000000000473,11.006299999952375,2.1316999999880863,2.7641999999880227,4.745499999999993,1.3816999999880863,0.68260000002374,0.74919999998815,1.2987000000476883,1.0325000000000273,1.4155000000000655,2.4478000000119664,1.08219999998812,1.0657999999523327,0.7495000000000118,1.4817000000477947,0.6493000000120901,0.5991999999880591,0.7491999999879226,0.6496000000238382]","[0.7493999999761627,0.7161000000238289,0.7830000000000155,0.6162000000476837,0.8658000000119159,0.6662999999523436,0.8158000000119614,0.6324999999999932,0.5493999999761741,0.5491999999881045,0.6329999999999814,3.8296999999881223,1.514900000035766,0.932300000011935,0.6324999999999932,0.9656999999880327,0.5496000000238723,0.6493000000119196,0.6825000000000045,0.5995000000000346,0.7826000000238196,0.8326999999881082,2.7643000000119287,1.4986999999880481,2.4476999999881173,0.8326999999881082,5.062000000000012,0.9158000000119273,0.5991999999881159,1.1491999999880704,9.007800000012026,0.9325999999642818,2.2480000000000473,11.006299999952375,2.1316999999880863,2.7641999999880227,4.745499999999993,1.3816999999880863,0.68260000002374,0.7493000000119991,1.2987000000476883,1.0325000000000273,1.415599999964229,2.44789999997613,1.08219999998812,1.0657999999523327,0.7495000000000118,1.4817000000477947,0.6493000000120901,0.5991999999880591,0.7491999999879226,0.6496000000238382]",,,0.0,185.0,185.0,151.0,1.0,drinken,gdrinken,question_gesture.png,im_hand.png,,,,,,
,,,348676,1,21,2023-10-02_21h26.35.284,flesh_expressibility_dutch,2022.2.4,Win32,60.15399423,,,,18.0,1.0,Nederlands,,,,,,Engels,2.0,Duits,1.0,,0.0,,0.0,,0.0,,0.0,,0.0,,0.0,NL,2.0,2.0,2.0,1.0,,sensorypref1,sensorypref2,1536.0,864.0,,,,,,,,,,,,,,,,,,,,,,,,,,,,,,,,,,,22.0,1088.3285,52.0,"[0.7493999999761627,0.7161000000238289,0.7828999999761663,0.6161000000238346,0.8658000000119159,0.6661999999880663,0.8158000000119614,0.6324999999999932,0.5493999999761741,0.5491999999881045,0.6329999999999814,3.8296999999881223,1.514900000035766,0.932300000011935,0.6323999999762009,0.9656999999880327,0.5496000000238723,0.6493000000119196,0.6824000000357273,0.5995000000000346,0.7824999999999704,0.8326999999881082,2.7643000000119287,1.498599999964199,2.447599999964268,0.8326000000238878,5.061899999976163,0.9158000000119273,0.5991999999881159,1.1490999999642213,9.007700000047748,0.9325000000000045,2.2480000000000473,11.006299999952375,2.1316999999880863,2.7641999999880227,4.745499999999993,1.3816999999880863,0.68260000002374,0.74919999998815,1.2987000000476883,1.0325000000000273,1.4155000000000655,2.4478000000119664,1.08219999998812,1.0657999999523327,0.7495000000000118,1.4817000000477947,0.6493000000120901,0.5991999999880591,0.7491999999879226,0.6496000000238382]","[0.7493999999761627,0.7161000000238289,0.7830000000000155,0.6162000000476837,0.8658000000119159,0.6662999999523436,0.8158000000119614,0.6324999999999932,0.5493999999761741,0.5491999999881045,0.6329999999999814,3.8296999999881223,1.514900000035766,0.932300000011935,0.6324999999999932,0.9656999999880327,0.5496000000238723,0.6493000000119196,0.6825000000000045,0.5995000000000346,0.7826000000238196,0.8326999999881082,2.7643000000119287,1.4986999999880481,2.4476999999881173,0.8326999999881082,5.062000000000012,0.9158000000119273,0.5991999999881159,1.1491999999880704,9.007800000012026,0.9325999999642818,2.2480000000000473,11.006299999952375,2.1316999999880863,2.7641999999880227,4.745499999999993,1.3816999999880863,0.68260000002374,0.7493000000119991,1.2987000000476883,1.0325000000000273,1.415599999964229,2.44789999997613,1.08219999998812,1.0657999999523327,0.7495000000000118,1.4817000000477947,0.6493000000120901,0.5991999999880591,0.7491999999879226,0.6496000000238382]",,,0.0,186.0,186.0,111.0,1.0,rug,grug,question_gesture.png,im_hand.png,,,,,,
,,,348676,1,21,2023-10-02_21h26.35.284,flesh_expressibility_dutch,2022.2.4,Win32,60.15399423,,,,18.0,1.0,Nederlands,,,,,,Engels,2.0,Duits,1.0,,0.0,,0.0,,0.0,,0.0,,0.0,,0.0,NL,2.0,2.0,2.0,1.0,,sensorypref1,sensorypref2,1536.0,864.0,,,,,,,,,,,,,,,,,,,,,,,,,,,,,,,,,,,22.0,1089.365,52.0,"[0.7493999999761627,0.7161000000238289,0.7828999999761663,0.6161000000238346,0.8658000000119159,0.6661999999880663,0.8158000000119614,0.6324999999999932,0.5493999999761741,0.5491999999881045,0.6329999999999814,3.8296999999881223,1.514900000035766,0.932300000011935,0.6323999999762009,0.9656999999880327,0.5496000000238723,0.6493000000119196,0.6824000000357273,0.5995000000000346,0.7824999999999704,0.8326999999881082,2.7643000000119287,1.498599999964199,2.447599999964268,0.8326000000238878,5.061899999976163,0.9158000000119273,0.5991999999881159,1.1490999999642213,9.007700000047748,0.9325000000000045,2.2480000000000473,11.006299999952375,2.1316999999880863,2.7641999999880227,4.745499999999993,1.3816999999880863,0.68260000002374,0.74919999998815,1.2987000000476883,1.0325000000000273,1.4155000000000655,2.4478000000119664,1.08219999998812,1.0657999999523327,0.7495000000000118,1.4817000000477947,0.6493000000120901,0.5991999999880591,0.7491999999879226,0.6496000000238382]","[0.7493999999761627,0.7161000000238289,0.7830000000000155,0.6162000000476837,0.8658000000119159,0.6662999999523436,0.8158000000119614,0.6324999999999932,0.5493999999761741,0.5491999999881045,0.6329999999999814,3.8296999999881223,1.514900000035766,0.932300000011935,0.6324999999999932,0.9656999999880327,0.5496000000238723,0.6493000000119196,0.6825000000000045,0.5995000000000346,0.7826000000238196,0.8326999999881082,2.7643000000119287,1.4986999999880481,2.4476999999881173,0.8326999999881082,5.062000000000012,0.9158000000119273,0.5991999999881159,1.1491999999880704,9.007800000012026,0.9325999999642818,2.2480000000000473,11.006299999952375,2.1316999999880863,2.7641999999880227,4.745499999999993,1.3816999999880863,0.68260000002374,0.7493000000119991,1.2987000000476883,1.0325000000000273,1.415599999964229,2.44789999997613,1.08219999998812,1.0657999999523327,0.7495000000000118,1.4817000000477947,0.6493000000120901,0.5991999999880591,0.7491999999879226,0.6496000000238382]",,,0.0,187.0,187.0,118.0,1.0,hoorn,ghoorn,question_gesture.png,im_hand.png,,,,,,
,,,348676,1,21,2023-10-02_21h26.35.284,flesh_expressibility_dutch,2022.2.4,Win32,60.15399423,,,,18.0,1.0,Nederlands,,,,,,Engels,2.0,Duits,1.0,,0.0,,0.0,,0.0,,0.0,,0.0,,0.0,NL,2.0,2.0,2.0,1.0,,sensorypref1,sensorypref2,1536.0,864.0,,,,,,,,,,,,,,,,,,,,,,,,,,,,,,,,,,,22.0,1090.3466,52.0,"[0.7493999999761627,0.7161000000238289,0.7828999999761663,0.6161000000238346,0.8658000000119159,0.6661999999880663,0.8158000000119614,0.6324999999999932,0.5493999999761741,0.5491999999881045,0.6329999999999814,3.8296999999881223,1.514900000035766,0.932300000011935,0.6323999999762009,0.9656999999880327,0.5496000000238723,0.6493000000119196,0.6824000000357273,0.5995000000000346,0.7824999999999704,0.8326999999881082,2.7643000000119287,1.498599999964199,2.447599999964268,0.8326000000238878,5.061899999976163,0.9158000000119273,0.5991999999881159,1.1490999999642213,9.007700000047748,0.9325000000000045,2.2480000000000473,11.006299999952375,2.1316999999880863,2.7641999999880227,4.745499999999993,1.3816999999880863,0.68260000002374,0.74919999998815,1.2987000000476883,1.0325000000000273,1.4155000000000655,2.4478000000119664,1.08219999998812,1.0657999999523327,0.7495000000000118,1.4817000000477947,0.6493000000120901,0.5991999999880591,0.7491999999879226,0.6496000000238382]","[0.7493999999761627,0.7161000000238289,0.7830000000000155,0.6162000000476837,0.8658000000119159,0.6662999999523436,0.8158000000119614,0.6324999999999932,0.5493999999761741,0.5491999999881045,0.6329999999999814,3.8296999999881223,1.514900000035766,0.932300000011935,0.6324999999999932,0.9656999999880327,0.5496000000238723,0.6493000000119196,0.6825000000000045,0.5995000000000346,0.7826000000238196,0.8326999999881082,2.7643000000119287,1.4986999999880481,2.4476999999881173,0.8326999999881082,5.062000000000012,0.9158000000119273,0.5991999999881159,1.1491999999880704,9.007800000012026,0.9325999999642818,2.2480000000000473,11.006299999952375,2.1316999999880863,2.7641999999880227,4.745499999999993,1.3816999999880863,0.68260000002374,0.7493000000119991,1.2987000000476883,1.0325000000000273,1.415599999964229,2.44789999997613,1.08219999998812,1.0657999999523327,0.7495000000000118,1.4817000000477947,0.6493000000120901,0.5991999999880591,0.7491999999879226,0.6496000000238382]",,,0.0,188.0,188.0,41.0,1.0,bliksem,gbliksem,question_gesture.png,im_hand.png,,,,,,
,,,348676,1,21,2023-10-02_21h26.35.284,flesh_expressibility_dutch,2022.2.4,Win32,60.15399423,,,,18.0,1.0,Nederlands,,,,,,Engels,2.0,Duits,1.0,,0.0,,0.0,,0.0,,0.0,,0.0,,0.0,NL,2.0,2.0,2.0,1.0,,sensorypref1,sensorypref2,1536.0,864.0,,,,,,,,,,,,,,,,,,,,,,,,,,,,,,,,,,,20.0,1091.3794,53.0,"[0.7493999999761627,0.7161000000238289,0.7828999999761663,0.6161000000238346,0.8658000000119159,0.6661999999880663,0.8158000000119614,0.6324999999999932,0.5493999999761741,0.5491999999881045,0.6329999999999814,3.8296999999881223,1.514900000035766,0.932300000011935,0.6323999999762009,0.9656999999880327,0.5496000000238723,0.6493000000119196,0.6824000000357273,0.5995000000000346,0.7824999999999704,0.8326999999881082,2.7643000000119287,1.498599999964199,2.447599999964268,0.8326000000238878,5.061899999976163,0.9158000000119273,0.5991999999881159,1.1490999999642213,9.007700000047748,0.9325000000000045,2.2480000000000473,11.006299999952375,2.1316999999880863,2.7641999999880227,4.745499999999993,1.3816999999880863,0.68260000002374,0.74919999998815,1.2987000000476883,1.0325000000000273,1.4155000000000655,2.4478000000119664,1.08219999998812,1.0657999999523327,0.7495000000000118,1.4817000000477947,0.6493000000120901,0.5991999999880591,0.7491999999879226,0.6496000000238382,0.5160000000000764]","[0.7493999999761627,0.7161000000238289,0.7830000000000155,0.6162000000476837,0.8658000000119159,0.6662999999523436,0.8158000000119614,0.6324999999999932,0.5493999999761741,0.5491999999881045,0.6329999999999814,3.8296999999881223,1.514900000035766,0.932300000011935,0.6324999999999932,0.9656999999880327,0.5496000000238723,0.6493000000119196,0.6825000000000045,0.5995000000000346,0.7826000000238196,0.8326999999881082,2.7643000000119287,1.4986999999880481,2.4476999999881173,0.8326999999881082,5.062000000000012,0.9158000000119273,0.5991999999881159,1.1491999999880704,9.007800000012026,0.9325999999642818,2.2480000000000473,11.006299999952375,2.1316999999880863,2.7641999999880227,4.745499999999993,1.3816999999880863,0.68260000002374,0.7493000000119991,1.2987000000476883,1.0325000000000273,1.415599999964229,2.44789999997613,1.08219999998812,1.0657999999523327,0.7495000000000118,1.4817000000477947,0.6493000000120901,0.5991999999880591,0.7491999999879226,0.6496000000238382,0.5160000000000764]",0.785926994,3.302,0.0,189.0,189.0,51.0,1.0,lopen,glopen,question_gesture.png,im_hand.png,,,,,,
,,,348676,1,21,2023-10-02_21h26.35.284,flesh_expressibility_dutch,2022.2.4,Win32,60.15399423,,,,18.0,1.0,Nederlands,,,,,,Engels,2.0,Duits,1.0,,0.0,,0.0,,0.0,,0.0,,0.0,,0.0,NL,2.0,2.0,2.0,1.0,,sensorypref1,sensorypref2,1536.0,864.0,,,,,,,,,,,,,,,,,,,,,,,,,,,,,,,,,,,22.0,1094.9462,53.0,"[0.7493999999761627,0.7161000000238289,0.7828999999761663,0.6161000000238346,0.8658000000119159,0.6661999999880663,0.8158000000119614,0.6324999999999932,0.5493999999761741,0.5491999999881045,0.6329999999999814,3.8296999999881223,1.514900000035766,0.932300000011935,0.6323999999762009,0.9656999999880327,0.5496000000238723,0.6493000000119196,0.6824000000357273,0.5995000000000346,0.7824999999999704,0.8326999999881082,2.7643000000119287,1.498599999964199,2.447599999964268,0.8326000000238878,5.061899999976163,0.9158000000119273,0.5991999999881159,1.1490999999642213,9.007700000047748,0.9325000000000045,2.2480000000000473,11.006299999952375,2.1316999999880863,2.7641999999880227,4.745499999999993,1.3816999999880863,0.68260000002374,0.74919999998815,1.2987000000476883,1.0325000000000273,1.4155000000000655,2.4478000000119664,1.08219999998812,1.0657999999523327,0.7495000000000118,1.4817000000477947,0.6493000000120901,0.5991999999880591,0.7491999999879226,0.6496000000238382,0.5160000000000764]","[0.7493999999761627,0.7161000000238289,0.7830000000000155,0.6162000000476837,0.8658000000119159,0.6662999999523436,0.8158000000119614,0.6324999999999932,0.5493999999761741,0.5491999999881045,0.6329999999999814,3.8296999999881223,1.514900000035766,0.932300000011935,0.6324999999999932,0.9656999999880327,0.5496000000238723,0.6493000000119196,0.6825000000000045,0.5995000000000346,0.7826000000238196,0.8326999999881082,2.7643000000119287,1.4986999999880481,2.4476999999881173,0.8326999999881082,5.062000000000012,0.9158000000119273,0.5991999999881159,1.1491999999880704,9.007800000012026,0.9325999999642818,2.2480000000000473,11.006299999952375,2.1316999999880863,2.7641999999880227,4.745499999999993,1.3816999999880863,0.68260000002374,0.7493000000119991,1.2987000000476883,1.0325000000000273,1.415599999964229,2.44789999997613,1.08219999998812,1.0657999999523327,0.7495000000000118,1.4817000000477947,0.6493000000120901,0.5991999999880591,0.7491999999879226,0.6496000000238382,0.5160000000000764]",,,0.0,190.0,190.0,87.0,1.0,vechten,gvechten,question_gesture.png,im_hand.png,,,,,,
,,,348676,1,21,2023-10-02_21h26.35.284,flesh_expressibility_dutch,2022.2.4,Win32,60.15399423,,,,18.0,1.0,Nederlands,,,,,,Engels,2.0,Duits,1.0,,0.0,,0.0,,0.0,,0.0,,0.0,,0.0,NL,2.0,2.0,2.0,1.0,,sensorypref1,sensorypref2,1536.0,864.0,,,,,,,,,,,,,,,,,,,,,,,,,,,,,,,,,,,22.0,1095.9442,53.0,"[0.7493999999761627,0.7161000000238289,0.7828999999761663,0.6161000000238346,0.8658000000119159,0.6661999999880663,0.8158000000119614,0.6324999999999932,0.5493999999761741,0.5491999999881045,0.6329999999999814,3.8296999999881223,1.514900000035766,0.932300000011935,0.6323999999762009,0.9656999999880327,0.5496000000238723,0.6493000000119196,0.6824000000357273,0.5995000000000346,0.7824999999999704,0.8326999999881082,2.7643000000119287,1.498599999964199,2.447599999964268,0.8326000000238878,5.061899999976163,0.9158000000119273,0.5991999999881159,1.1490999999642213,9.007700000047748,0.9325000000000045,2.2480000000000473,11.006299999952375,2.1316999999880863,2.7641999999880227,4.745499999999993,1.3816999999880863,0.68260000002374,0.74919999998815,1.2987000000476883,1.0325000000000273,1.4155000000000655,2.4478000000119664,1.08219999998812,1.0657999999523327,0.7495000000000118,1.4817000000477947,0.6493000000120901,0.5991999999880591,0.7491999999879226,0.6496000000238382,0.5160000000000764]","[0.7493999999761627,0.7161000000238289,0.7830000000000155,0.6162000000476837,0.8658000000119159,0.6662999999523436,0.8158000000119614,0.6324999999999932,0.5493999999761741,0.5491999999881045,0.6329999999999814,3.8296999999881223,1.514900000035766,0.932300000011935,0.6324999999999932,0.9656999999880327,0.5496000000238723,0.6493000000119196,0.6825000000000045,0.5995000000000346,0.7826000000238196,0.8326999999881082,2.7643000000119287,1.4986999999880481,2.4476999999881173,0.8326999999881082,5.062000000000012,0.9158000000119273,0.5991999999881159,1.1491999999880704,9.007800000012026,0.9325999999642818,2.2480000000000473,11.006299999952375,2.1316999999880863,2.7641999999880227,4.745499999999993,1.3816999999880863,0.68260000002374,0.7493000000119991,1.2987000000476883,1.0325000000000273,1.415599999964229,2.44789999997613,1.08219999998812,1.0657999999523327,0.7495000000000118,1.4817000000477947,0.6493000000120901,0.5991999999880591,0.7491999999879226,0.6496000000238382,0.5160000000000764]",,,0.0,191.0,191.0,12.0,1.0,ademen,gademen,question_gesture.png,im_hand.png,,,,,,
,,,348676,1,21,2023-10-02_21h26.35.284,flesh_expressibility_dutch,2022.2.4,Win32,60.15399423,,,,18.0,1.0,Nederlands,,,,,,Engels,2.0,Duits,1.0,,0.0,,0.0,,0.0,,0.0,,0.0,,0.0,NL,2.0,2.0,2.0,1.0,,sensorypref1,sensorypref2,1536.0,864.0,,,,,,,,,,,,,,,,,,,,,,,,,,,,,,,,,,,22.0,1097.0355,53.0,"[0.7493999999761627,0.7161000000238289,0.7828999999761663,0.6161000000238346,0.8658000000119159,0.6661999999880663,0.8158000000119614,0.6324999999999932,0.5493999999761741,0.5491999999881045,0.6329999999999814,3.8296999999881223,1.514900000035766,0.932300000011935,0.6323999999762009,0.9656999999880327,0.5496000000238723,0.6493000000119196,0.6824000000357273,0.5995000000000346,0.7824999999999704,0.8326999999881082,2.7643000000119287,1.498599999964199,2.447599999964268,0.8326000000238878,5.061899999976163,0.9158000000119273,0.5991999999881159,1.1490999999642213,9.007700000047748,0.9325000000000045,2.2480000000000473,11.006299999952375,2.1316999999880863,2.7641999999880227,4.745499999999993,1.3816999999880863,0.68260000002374,0.74919999998815,1.2987000000476883,1.0325000000000273,1.4155000000000655,2.4478000000119664,1.08219999998812,1.0657999999523327,0.7495000000000118,1.4817000000477947,0.6493000000120901,0.5991999999880591,0.7491999999879226,0.6496000000238382,0.5160000000000764]","[0.7493999999761627,0.7161000000238289,0.7830000000000155,0.6162000000476837,0.8658000000119159,0.6662999999523436,0.8158000000119614,0.6324999999999932,0.5493999999761741,0.5491999999881045,0.6329999999999814,3.8296999999881223,1.514900000035766,0.932300000011935,0.6324999999999932,0.9656999999880327,0.5496000000238723,0.6493000000119196,0.6825000000000045,0.5995000000000346,0.7826000000238196,0.8326999999881082,2.7643000000119287,1.4986999999880481,2.4476999999881173,0.8326999999881082,5.062000000000012,0.9158000000119273,0.5991999999881159,1.1491999999880704,9.007800000012026,0.9325999999642818,2.2480000000000473,11.006299999952375,2.1316999999880863,2.7641999999880227,4.745499999999993,1.3816999999880863,0.68260000002374,0.7493000000119991,1.2987000000476883,1.0325000000000273,1.415599999964229,2.44789999997613,1.08219999998812,1.0657999999523327,0.7495000000000118,1.4817000000477947,0.6493000000120901,0.5991999999880591,0.7491999999879226,0.6496000000238382,0.5160000000000764]",,,0.0,192.0,192.0,141.0,1.0,dragen,gdragen,question_gesture.png,im_hand.png,,,,,,
,,,348676,1,21,2023-10-02_21h26.35.284,flesh_expressibility_dutch,2022.2.4,Win32,60.15399423,,,,18.0,1.0,Nederlands,,,,,,Engels,2.0,Duits,1.0,,0.0,,0.0,,0.0,,0.0,,0.0,,0.0,NL,2.0,2.0,2.0,1.0,,sensorypref1,sensorypref2,1536.0,864.0,,,,,,,,,,,,,,,,,,,,,,,,,,,,,,,,,,,22.0,1097.965,53.0,"[0.7493999999761627,0.7161000000238289,0.7828999999761663,0.6161000000238346,0.8658000000119159,0.6661999999880663,0.8158000000119614,0.6324999999999932,0.5493999999761741,0.5491999999881045,0.6329999999999814,3.8296999999881223,1.514900000035766,0.932300000011935,0.6323999999762009,0.9656999999880327,0.5496000000238723,0.6493000000119196,0.6824000000357273,0.5995000000000346,0.7824999999999704,0.8326999999881082,2.7643000000119287,1.498599999964199,2.447599999964268,0.8326000000238878,5.061899999976163,0.9158000000119273,0.5991999999881159,1.1490999999642213,9.007700000047748,0.9325000000000045,2.2480000000000473,11.006299999952375,2.1316999999880863,2.7641999999880227,4.745499999999993,1.3816999999880863,0.68260000002374,0.74919999998815,1.2987000000476883,1.0325000000000273,1.4155000000000655,2.4478000000119664,1.08219999998812,1.0657999999523327,0.7495000000000118,1.4817000000477947,0.6493000000120901,0.5991999999880591,0.7491999999879226,0.6496000000238382,0.5160000000000764]","[0.7493999999761627,0.7161000000238289,0.7830000000000155,0.6162000000476837,0.8658000000119159,0.6662999999523436,0.8158000000119614,0.6324999999999932,0.5493999999761741,0.5491999999881045,0.6329999999999814,3.8296999999881223,1.514900000035766,0.932300000011935,0.6324999999999932,0.9656999999880327,0.5496000000238723,0.6493000000119196,0.6825000000000045,0.5995000000000346,0.7826000000238196,0.8326999999881082,2.7643000000119287,1.4986999999880481,2.4476999999881173,0.8326999999881082,5.062000000000012,0.9158000000119273,0.5991999999881159,1.1491999999880704,9.007800000012026,0.9325999999642818,2.2480000000000473,11.006299999952375,2.1316999999880863,2.7641999999880227,4.745499999999993,1.3816999999880863,0.68260000002374,0.7493000000119991,1.2987000000476883,1.0325000000000273,1.415599999964229,2.44789999997613,1.08219999998812,1.0657999999523327,0.7495000000000118,1.4817000000477947,0.6493000000120901,0.5991999999880591,0.7491999999879226,0.6496000000238382,0.5160000000000764]",,,0.0,193.0,193.0,162.0,1.0,bitter,gbitter,question_gesture.png,im_hand.png,,,,,,
,,,348676,1,21,2023-10-02_21h26.35.284,flesh_expressibility_dutch,2022.2.4,Win32,60.15399423,,,,18.0,1.0,Nederlands,,,,,,Engels,2.0,Duits,1.0,,0.0,,0.0,,0.0,,0.0,,0.0,,0.0,NL,2.0,2.0,2.0,1.0,,sensorypref1,sensorypref2,1536.0,864.0,,,,,,,,,,,,,,,,,,,,,,,,,,,,,,,,,,,22.0,1098.958,53.0,"[0.7493999999761627,0.7161000000238289,0.7828999999761663,0.6161000000238346,0.8658000000119159,0.6661999999880663,0.8158000000119614,0.6324999999999932,0.5493999999761741,0.5491999999881045,0.6329999999999814,3.8296999999881223,1.514900000035766,0.932300000011935,0.6323999999762009,0.9656999999880327,0.5496000000238723,0.6493000000119196,0.6824000000357273,0.5995000000000346,0.7824999999999704,0.8326999999881082,2.7643000000119287,1.498599999964199,2.447599999964268,0.8326000000238878,5.061899999976163,0.9158000000119273,0.5991999999881159,1.1490999999642213,9.007700000047748,0.9325000000000045,2.2480000000000473,11.006299999952375,2.1316999999880863,2.7641999999880227,4.745499999999993,1.3816999999880863,0.68260000002374,0.74919999998815,1.2987000000476883,1.0325000000000273,1.4155000000000655,2.4478000000119664,1.08219999998812,1.0657999999523327,0.7495000000000118,1.4817000000477947,0.6493000000120901,0.5991999999880591,0.7491999999879226,0.6496000000238382,0.5160000000000764]","[0.7493999999761627,0.7161000000238289,0.7830000000000155,0.6162000000476837,0.8658000000119159,0.6662999999523436,0.8158000000119614,0.6324999999999932,0.5493999999761741,0.5491999999881045,0.6329999999999814,3.8296999999881223,1.514900000035766,0.932300000011935,0.6324999999999932,0.9656999999880327,0.5496000000238723,0.6493000000119196,0.6825000000000045,0.5995000000000346,0.7826000000238196,0.8326999999881082,2.7643000000119287,1.4986999999880481,2.4476999999881173,0.8326999999881082,5.062000000000012,0.9158000000119273,0.5991999999881159,1.1491999999880704,9.007800000012026,0.9325999999642818,2.2480000000000473,11.006299999952375,2.1316999999880863,2.7641999999880227,4.745499999999993,1.3816999999880863,0.68260000002374,0.7493000000119991,1.2987000000476883,1.0325000000000273,1.415599999964229,2.44789999997613,1.08219999998812,1.0657999999523327,0.7495000000000118,1.4817000000477947,0.6493000000120901,0.5991999999880591,0.7491999999879226,0.6496000000238382,0.5160000000000764]",,,0.0,194.0,194.0,36.0,1.0,slecht,gslecht,question_gesture.png,im_hand.png,,,,,,
,,,348676,1,21,2023-10-02_21h26.35.284,flesh_expressibility_dutch,2022.2.4,Win32,60.15399423,,,,18.0,1.0,Nederlands,,,,,,Engels,2.0,Duits,1.0,,0.0,,0.0,,0.0,,0.0,,0.0,,0.0,NL,2.0,2.0,2.0,1.0,,sensorypref1,sensorypref2,1536.0,864.0,,,,,,,,,,,,,,,,,,,,,,,,,,,,,,,,,,,22.0,1099.9879,53.0,"[0.7493999999761627,0.7161000000238289,0.7828999999761663,0.6161000000238346,0.8658000000119159,0.6661999999880663,0.8158000000119614,0.6324999999999932,0.5493999999761741,0.5491999999881045,0.6329999999999814,3.8296999999881223,1.514900000035766,0.932300000011935,0.6323999999762009,0.9656999999880327,0.5496000000238723,0.6493000000119196,0.6824000000357273,0.5995000000000346,0.7824999999999704,0.8326999999881082,2.7643000000119287,1.498599999964199,2.447599999964268,0.8326000000238878,5.061899999976163,0.9158000000119273,0.5991999999881159,1.1490999999642213,9.007700000047748,0.9325000000000045,2.2480000000000473,11.006299999952375,2.1316999999880863,2.7641999999880227,4.745499999999993,1.3816999999880863,0.68260000002374,0.74919999998815,1.2987000000476883,1.0325000000000273,1.4155000000000655,2.4478000000119664,1.08219999998812,1.0657999999523327,0.7495000000000118,1.4817000000477947,0.6493000000120901,0.5991999999880591,0.7491999999879226,0.6496000000238382,0.5160000000000764]","[0.7493999999761627,0.7161000000238289,0.7830000000000155,0.6162000000476837,0.8658000000119159,0.6662999999523436,0.8158000000119614,0.6324999999999932,0.5493999999761741,0.5491999999881045,0.6329999999999814,3.8296999999881223,1.514900000035766,0.932300000011935,0.6324999999999932,0.9656999999880327,0.5496000000238723,0.6493000000119196,0.6825000000000045,0.5995000000000346,0.7826000000238196,0.8326999999881082,2.7643000000119287,1.4986999999880481,2.4476999999881173,0.8326999999881082,5.062000000000012,0.9158000000119273,0.5991999999881159,1.1491999999880704,9.007800000012026,0.9325999999642818,2.2480000000000473,11.006299999952375,2.1316999999880863,2.7641999999880227,4.745499999999993,1.3816999999880863,0.68260000002374,0.7493000000119991,1.2987000000476883,1.0325000000000273,1.415599999964229,2.44789999997613,1.08219999998812,1.0657999999523327,0.7495000000000118,1.4817000000477947,0.6493000000120901,0.5991999999880591,0.7491999999879226,0.6496000000238382,0.5160000000000764]",,,0.0,195.0,195.0,73.0,1.0,ruiken,gruiken,question_gesture.png,im_hand.png,,,,,,
,,,348676,1,21,2023-10-02_21h26.35.284,flesh_expressibility_dutch,2022.2.4,Win32,60.15399423,,,,18.0,1.0,Nederlands,,,,,,Engels,2.0,Duits,1.0,,0.0,,0.0,,0.0,,0.0,,0.0,,0.0,NL,2.0,2.0,2.0,1.0,,sensorypref1,sensorypref2,1536.0,864.0,,,,,,,,,,,,,,,,,,,,,,,,,,,,,,,,,,,22.0,1100.9868,53.0,"[0.7493999999761627,0.7161000000238289,0.7828999999761663,0.6161000000238346,0.8658000000119159,0.6661999999880663,0.8158000000119614,0.6324999999999932,0.5493999999761741,0.5491999999881045,0.6329999999999814,3.8296999999881223,1.514900000035766,0.932300000011935,0.6323999999762009,0.9656999999880327,0.5496000000238723,0.6493000000119196,0.6824000000357273,0.5995000000000346,0.7824999999999704,0.8326999999881082,2.7643000000119287,1.498599999964199,2.447599999964268,0.8326000000238878,5.061899999976163,0.9158000000119273,0.5991999999881159,1.1490999999642213,9.007700000047748,0.9325000000000045,2.2480000000000473,11.006299999952375,2.1316999999880863,2.7641999999880227,4.745499999999993,1.3816999999880863,0.68260000002374,0.74919999998815,1.2987000000476883,1.0325000000000273,1.4155000000000655,2.4478000000119664,1.08219999998812,1.0657999999523327,0.7495000000000118,1.4817000000477947,0.6493000000120901,0.5991999999880591,0.7491999999879226,0.6496000000238382,0.5160000000000764]","[0.7493999999761627,0.7161000000238289,0.7830000000000155,0.6162000000476837,0.8658000000119159,0.6662999999523436,0.8158000000119614,0.6324999999999932,0.5493999999761741,0.5491999999881045,0.6329999999999814,3.8296999999881223,1.514900000035766,0.932300000011935,0.6324999999999932,0.9656999999880327,0.5496000000238723,0.6493000000119196,0.6825000000000045,0.5995000000000346,0.7826000000238196,0.8326999999881082,2.7643000000119287,1.4986999999880481,2.4476999999881173,0.8326999999881082,5.062000000000012,0.9158000000119273,0.5991999999881159,1.1491999999880704,9.007800000012026,0.9325999999642818,2.2480000000000473,11.006299999952375,2.1316999999880863,2.7641999999880227,4.745499999999993,1.3816999999880863,0.68260000002374,0.7493000000119991,1.2987000000476883,1.0325000000000273,1.415599999964229,2.44789999997613,1.08219999998812,1.0657999999523327,0.7495000000000118,1.4817000000477947,0.6493000000120901,0.5991999999880591,0.7491999999879226,0.6496000000238382,0.5160000000000764]",,,0.0,196.0,196.0,204.0,1.0,donker,gdonker,question_gesture.png,im_hand.png,,,,,,
,,,348676,1,21,2023-10-02_21h26.35.284,flesh_expressibility_dutch,2022.2.4,Win32,60.15399423,,,,18.0,1.0,Nederlands,,,,,,Engels,2.0,Duits,1.0,,0.0,,0.0,,0.0,,0.0,,0.0,,0.0,NL,2.0,2.0,2.0,1.0,,sensorypref1,sensorypref2,1536.0,864.0,,,,,,,,,,,,,,,,,,,,,,,,,,,,,,,,,,,22.0,1101.9816,53.0,"[0.7493999999761627,0.7161000000238289,0.7828999999761663,0.6161000000238346,0.8658000000119159,0.6661999999880663,0.8158000000119614,0.6324999999999932,0.5493999999761741,0.5491999999881045,0.6329999999999814,3.8296999999881223,1.514900000035766,0.932300000011935,0.6323999999762009,0.9656999999880327,0.5496000000238723,0.6493000000119196,0.6824000000357273,0.5995000000000346,0.7824999999999704,0.8326999999881082,2.7643000000119287,1.498599999964199,2.447599999964268,0.8326000000238878,5.061899999976163,0.9158000000119273,0.5991999999881159,1.1490999999642213,9.007700000047748,0.9325000000000045,2.2480000000000473,11.006299999952375,2.1316999999880863,2.7641999999880227,4.745499999999993,1.3816999999880863,0.68260000002374,0.74919999998815,1.2987000000476883,1.0325000000000273,1.4155000000000655,2.4478000000119664,1.08219999998812,1.0657999999523327,0.7495000000000118,1.4817000000477947,0.6493000000120901,0.5991999999880591,0.7491999999879226,0.6496000000238382,0.5160000000000764]","[0.7493999999761627,0.7161000000238289,0.7830000000000155,0.6162000000476837,0.8658000000119159,0.6662999999523436,0.8158000000119614,0.6324999999999932,0.5493999999761741,0.5491999999881045,0.6329999999999814,3.8296999999881223,1.514900000035766,0.932300000011935,0.6324999999999932,0.9656999999880327,0.5496000000238723,0.6493000000119196,0.6825000000000045,0.5995000000000346,0.7826000000238196,0.8326999999881082,2.7643000000119287,1.4986999999880481,2.4476999999881173,0.8326999999881082,5.062000000000012,0.9158000000119273,0.5991999999881159,1.1491999999880704,9.007800000012026,0.9325999999642818,2.2480000000000473,11.006299999952375,2.1316999999880863,2.7641999999880227,4.745499999999993,1.3816999999880863,0.68260000002374,0.7493000000119991,1.2987000000476883,1.0325000000000273,1.415599999964229,2.44789999997613,1.08219999998812,1.0657999999523327,0.7495000000000118,1.4817000000477947,0.6493000000120901,0.5991999999880591,0.7491999999879226,0.6496000000238382,0.5160000000000764]",,,0.0,197.0,197.0,100.0,1.0,vogel,gvogel,question_gesture.png,im_hand.png,,,,,,
,,,348676,1,21,2023-10-02_21h26.35.284,flesh_expressibility_dutch,2022.2.4,Win32,60.15399423,,,,18.0,1.0,Nederlands,,,,,,Engels,2.0,Duits,1.0,,0.0,,0.0,,0.0,,0.0,,0.0,,0.0,NL,2.0,2.0,2.0,1.0,,sensorypref1,sensorypref2,1536.0,864.0,,,,,,,,,,,,,,,,,,,,,,,,,,,,,,,,,,,22.0,1102.9472,53.0,"[0.7493999999761627,0.7161000000238289,0.7828999999761663,0.6161000000238346,0.8658000000119159,0.6661999999880663,0.8158000000119614,0.6324999999999932,0.5493999999761741,0.5491999999881045,0.6329999999999814,3.8296999999881223,1.514900000035766,0.932300000011935,0.6323999999762009,0.9656999999880327,0.5496000000238723,0.6493000000119196,0.6824000000357273,0.5995000000000346,0.7824999999999704,0.8326999999881082,2.7643000000119287,1.498599999964199,2.447599999964268,0.8326000000238878,5.061899999976163,0.9158000000119273,0.5991999999881159,1.1490999999642213,9.007700000047748,0.9325000000000045,2.2480000000000473,11.006299999952375,2.1316999999880863,2.7641999999880227,4.745499999999993,1.3816999999880863,0.68260000002374,0.74919999998815,1.2987000000476883,1.0325000000000273,1.4155000000000655,2.4478000000119664,1.08219999998812,1.0657999999523327,0.7495000000000118,1.4817000000477947,0.6493000000120901,0.5991999999880591,0.7491999999879226,0.6496000000238382,0.5160000000000764]","[0.7493999999761627,0.7161000000238289,0.7830000000000155,0.6162000000476837,0.8658000000119159,0.6662999999523436,0.8158000000119614,0.6324999999999932,0.5493999999761741,0.5491999999881045,0.6329999999999814,3.8296999999881223,1.514900000035766,0.932300000011935,0.6324999999999932,0.9656999999880327,0.5496000000238723,0.6493000000119196,0.6825000000000045,0.5995000000000346,0.7826000000238196,0.8326999999881082,2.7643000000119287,1.4986999999880481,2.4476999999881173,0.8326999999881082,5.062000000000012,0.9158000000119273,0.5991999999881159,1.1491999999880704,9.007800000012026,0.9325999999642818,2.2480000000000473,11.006299999952375,2.1316999999880863,2.7641999999880227,4.745499999999993,1.3816999999880863,0.68260000002374,0.7493000000119991,1.2987000000476883,1.0325000000000273,1.415599999964229,2.44789999997613,1.08219999998812,1.0657999999523327,0.7495000000000118,1.4817000000477947,0.6493000000120901,0.5991999999880591,0.7491999999879226,0.6496000000238382,0.5160000000000764]",,,0.0,198.0,198.0,7.0,1.0,kauwen,gkauwen,question_gesture.png,im_hand.png,,,,,,
,,,348676,1,21,2023-10-02_21h26.35.284,flesh_expressibility_dutch,2022.2.4,Win32,60.15399423,,,,18.0,1.0,Nederlands,,,,,,Engels,2.0,Duits,1.0,,0.0,,0.0,,0.0,,0.0,,0.0,,0.0,NL,2.0,2.0,2.0,1.0,,sensorypref1,sensorypref2,1536.0,864.0,,,,,,,,,,,,,,,,,,,,,,,,,,,,,,,,,,,22.0,1103.9743,53.0,"[0.7493999999761627,0.7161000000238289,0.7828999999761663,0.6161000000238346,0.8658000000119159,0.6661999999880663,0.8158000000119614,0.6324999999999932,0.5493999999761741,0.5491999999881045,0.6329999999999814,3.8296999999881223,1.514900000035766,0.932300000011935,0.6323999999762009,0.9656999999880327,0.5496000000238723,0.6493000000119196,0.6824000000357273,0.5995000000000346,0.7824999999999704,0.8326999999881082,2.7643000000119287,1.498599999964199,2.447599999964268,0.8326000000238878,5.061899999976163,0.9158000000119273,0.5991999999881159,1.1490999999642213,9.007700000047748,0.9325000000000045,2.2480000000000473,11.006299999952375,2.1316999999880863,2.7641999999880227,4.745499999999993,1.3816999999880863,0.68260000002374,0.74919999998815,1.2987000000476883,1.0325000000000273,1.4155000000000655,2.4478000000119664,1.08219999998812,1.0657999999523327,0.7495000000000118,1.4817000000477947,0.6493000000120901,0.5991999999880591,0.7491999999879226,0.6496000000238382,0.5160000000000764]","[0.7493999999761627,0.7161000000238289,0.7830000000000155,0.6162000000476837,0.8658000000119159,0.6662999999523436,0.8158000000119614,0.6324999999999932,0.5493999999761741,0.5491999999881045,0.6329999999999814,3.8296999999881223,1.514900000035766,0.932300000011935,0.6324999999999932,0.9656999999880327,0.5496000000238723,0.6493000000119196,0.6825000000000045,0.5995000000000346,0.7826000000238196,0.8326999999881082,2.7643000000119287,1.4986999999880481,2.4476999999881173,0.8326999999881082,5.062000000000012,0.9158000000119273,0.5991999999881159,1.1491999999880704,9.007800000012026,0.9325999999642818,2.2480000000000473,11.006299999952375,2.1316999999880863,2.7641999999880227,4.745499999999993,1.3816999999880863,0.68260000002374,0.7493000000119991,1.2987000000476883,1.0325000000000273,1.415599999964229,2.44789999997613,1.08219999998812,1.0657999999523327,0.7495000000000118,1.4817000000477947,0.6493000000120901,0.5991999999880591,0.7491999999879226,0.6496000000238382,0.5160000000000764]",,,0.0,199.0,199.0,19.0,1.0,misschien,gmisschien,question_gesture.png,im_hand.png,,,,,,
,,,348676,1,21,2023-10-02_21h26.35.284,flesh_expressibility_dutch,2022.2.4,Win32,60.15399423,,,,18.0,1.0,Nederlands,,,,,,Engels,2.0,Duits,1.0,,0.0,,0.0,,0.0,,0.0,,0.0,,0.0,NL,2.0,2.0,2.0,1.0,,sensorypref1,sensorypref2,1536.0,864.0,,,,,,,,,,,,,,,,,,,,,,,,,,,,,,,,,,,22.0,1105.0281,53.0,"[0.7493999999761627,0.7161000000238289,0.7828999999761663,0.6161000000238346,0.8658000000119159,0.6661999999880663,0.8158000000119614,0.6324999999999932,0.5493999999761741,0.5491999999881045,0.6329999999999814,3.8296999999881223,1.514900000035766,0.932300000011935,0.6323999999762009,0.9656999999880327,0.5496000000238723,0.6493000000119196,0.6824000000357273,0.5995000000000346,0.7824999999999704,0.8326999999881082,2.7643000000119287,1.498599999964199,2.447599999964268,0.8326000000238878,5.061899999976163,0.9158000000119273,0.5991999999881159,1.1490999999642213,9.007700000047748,0.9325000000000045,2.2480000000000473,11.006299999952375,2.1316999999880863,2.7641999999880227,4.745499999999993,1.3816999999880863,0.68260000002374,0.74919999998815,1.2987000000476883,1.0325000000000273,1.4155000000000655,2.4478000000119664,1.08219999998812,1.0657999999523327,0.7495000000000118,1.4817000000477947,0.6493000000120901,0.5991999999880591,0.7491999999879226,0.6496000000238382,0.5160000000000764]","[0.7493999999761627,0.7161000000238289,0.7830000000000155,0.6162000000476837,0.8658000000119159,0.6662999999523436,0.8158000000119614,0.6324999999999932,0.5493999999761741,0.5491999999881045,0.6329999999999814,3.8296999999881223,1.514900000035766,0.932300000011935,0.6324999999999932,0.9656999999880327,0.5496000000238723,0.6493000000119196,0.6825000000000045,0.5995000000000346,0.7826000000238196,0.8326999999881082,2.7643000000119287,1.4986999999880481,2.4476999999881173,0.8326999999881082,5.062000000000012,0.9158000000119273,0.5991999999881159,1.1491999999880704,9.007800000012026,0.9325999999642818,2.2480000000000473,11.006299999952375,2.1316999999880863,2.7641999999880227,4.745499999999993,1.3816999999880863,0.68260000002374,0.7493000000119991,1.2987000000476883,1.0325000000000273,1.415599999964229,2.44789999997613,1.08219999998812,1.0657999999523327,0.7495000000000118,1.4817000000477947,0.6493000000120901,0.5991999999880591,0.7491999999879226,0.6496000000238382,0.5160000000000764]",,,0.0,200.0,200.0,199.0,1.0,nacht,gnacht,question_gesture.png,im_hand.png,,,,,,
,,,348676,1,21,2023-10-02_21h26.35.284,flesh_expressibility_dutch,2022.2.4,Win32,60.15399423,,,,18.0,1.0,Nederlands,,,,,,Engels,2.0,Duits,1.0,,0.0,,0.0,,0.0,,0.0,,0.0,,0.0,NL,2.0,2.0,2.0,1.0,,sensorypref1,sensorypref2,1536.0,864.0,,,,,,,,,,,,,,,,,,,,,,,,,,,,,,,,,,,22.0,1105.9906,53.0,"[0.7493999999761627,0.7161000000238289,0.7828999999761663,0.6161000000238346,0.8658000000119159,0.6661999999880663,0.8158000000119614,0.6324999999999932,0.5493999999761741,0.5491999999881045,0.6329999999999814,3.8296999999881223,1.514900000035766,0.932300000011935,0.6323999999762009,0.9656999999880327,0.5496000000238723,0.6493000000119196,0.6824000000357273,0.5995000000000346,0.7824999999999704,0.8326999999881082,2.7643000000119287,1.498599999964199,2.447599999964268,0.8326000000238878,5.061899999976163,0.9158000000119273,0.5991999999881159,1.1490999999642213,9.007700000047748,0.9325000000000045,2.2480000000000473,11.006299999952375,2.1316999999880863,2.7641999999880227,4.745499999999993,1.3816999999880863,0.68260000002374,0.74919999998815,1.2987000000476883,1.0325000000000273,1.4155000000000655,2.4478000000119664,1.08219999998812,1.0657999999523327,0.7495000000000118,1.4817000000477947,0.6493000000120901,0.5991999999880591,0.7491999999879226,0.6496000000238382,0.5160000000000764]","[0.7493999999761627,0.7161000000238289,0.7830000000000155,0.6162000000476837,0.8658000000119159,0.6662999999523436,0.8158000000119614,0.6324999999999932,0.5493999999761741,0.5491999999881045,0.6329999999999814,3.8296999999881223,1.514900000035766,0.932300000011935,0.6324999999999932,0.9656999999880327,0.5496000000238723,0.6493000000119196,0.6825000000000045,0.5995000000000346,0.7826000000238196,0.8326999999881082,2.7643000000119287,1.4986999999880481,2.4476999999881173,0.8326999999881082,5.062000000000012,0.9158000000119273,0.5991999999881159,1.1491999999880704,9.007800000012026,0.9325999999642818,2.2480000000000473,11.006299999952375,2.1316999999880863,2.7641999999880227,4.745499999999993,1.3816999999880863,0.68260000002374,0.7493000000119991,1.2987000000476883,1.0325000000000273,1.415599999964229,2.44789999997613,1.08219999998812,1.0657999999523327,0.7495000000000118,1.4817000000477947,0.6493000000120901,0.5991999999880591,0.7491999999879226,0.6496000000238382,0.5160000000000764]",,,0.0,201.0,201.0,92.0,1.0,heet,gheet,question_gesture.png,im_hand.png,,,,,,
,,,348676,1,21,2023-10-02_21h26.35.284,flesh_expressibility_dutch,2022.2.4,Win32,60.15399423,,,,18.0,1.0,Nederlands,,,,,,Engels,2.0,Duits,1.0,,0.0,,0.0,,0.0,,0.0,,0.0,,0.0,NL,2.0,2.0,2.0,1.0,,sensorypref1,sensorypref2,1536.0,864.0,,,,,,,,,,,,,,,,,,,,,,,,,,,,,,,,,,,22.0,1106.988,53.0,"[0.7493999999761627,0.7161000000238289,0.7828999999761663,0.6161000000238346,0.8658000000119159,0.6661999999880663,0.8158000000119614,0.6324999999999932,0.5493999999761741,0.5491999999881045,0.6329999999999814,3.8296999999881223,1.514900000035766,0.932300000011935,0.6323999999762009,0.9656999999880327,0.5496000000238723,0.6493000000119196,0.6824000000357273,0.5995000000000346,0.7824999999999704,0.8326999999881082,2.7643000000119287,1.498599999964199,2.447599999964268,0.8326000000238878,5.061899999976163,0.9158000000119273,0.5991999999881159,1.1490999999642213,9.007700000047748,0.9325000000000045,2.2480000000000473,11.006299999952375,2.1316999999880863,2.7641999999880227,4.745499999999993,1.3816999999880863,0.68260000002374,0.74919999998815,1.2987000000476883,1.0325000000000273,1.4155000000000655,2.4478000000119664,1.08219999998812,1.0657999999523327,0.7495000000000118,1.4817000000477947,0.6493000000120901,0.5991999999880591,0.7491999999879226,0.6496000000238382,0.5160000000000764]","[0.7493999999761627,0.7161000000238289,0.7830000000000155,0.6162000000476837,0.8658000000119159,0.6662999999523436,0.8158000000119614,0.6324999999999932,0.5493999999761741,0.5491999999881045,0.6329999999999814,3.8296999999881223,1.514900000035766,0.932300000011935,0.6324999999999932,0.9656999999880327,0.5496000000238723,0.6493000000119196,0.6825000000000045,0.5995000000000346,0.7826000000238196,0.8326999999881082,2.7643000000119287,1.4986999999880481,2.4476999999881173,0.8326999999881082,5.062000000000012,0.9158000000119273,0.5991999999881159,1.1491999999880704,9.007800000012026,0.9325999999642818,2.2480000000000473,11.006299999952375,2.1316999999880863,2.7641999999880227,4.745499999999993,1.3816999999880863,0.68260000002374,0.7493000000119991,1.2987000000476883,1.0325000000000273,1.415599999964229,2.44789999997613,1.08219999998812,1.0657999999523327,0.7495000000000118,1.4817000000477947,0.6493000000120901,0.5991999999880591,0.7491999999879226,0.6496000000238382,0.5160000000000764]",,,0.0,202.0,202.0,182.0,1.0,naam,gnaam,question_gesture.png,im_hand.png,,,,,,
,,,348676,1,21,2023-10-02_21h26.35.284,flesh_expressibility_dutch,2022.2.4,Win32,60.15399423,,,,18.0,1.0,Nederlands,,,,,,Engels,2.0,Duits,1.0,,0.0,,0.0,,0.0,,0.0,,0.0,,0.0,NL,2.0,2.0,2.0,1.0,,sensorypref1,sensorypref2,1536.0,864.0,,,,,,,,,,,,,,,,,,,,,,,,,,,,,,,,,,,22.0,1107.9837,53.0,"[0.7493999999761627,0.7161000000238289,0.7828999999761663,0.6161000000238346,0.8658000000119159,0.6661999999880663,0.8158000000119614,0.6324999999999932,0.5493999999761741,0.5491999999881045,0.6329999999999814,3.8296999999881223,1.514900000035766,0.932300000011935,0.6323999999762009,0.9656999999880327,0.5496000000238723,0.6493000000119196,0.6824000000357273,0.5995000000000346,0.7824999999999704,0.8326999999881082,2.7643000000119287,1.498599999964199,2.447599999964268,0.8326000000238878,5.061899999976163,0.9158000000119273,0.5991999999881159,1.1490999999642213,9.007700000047748,0.9325000000000045,2.2480000000000473,11.006299999952375,2.1316999999880863,2.7641999999880227,4.745499999999993,1.3816999999880863,0.68260000002374,0.74919999998815,1.2987000000476883,1.0325000000000273,1.4155000000000655,2.4478000000119664,1.08219999998812,1.0657999999523327,0.7495000000000118,1.4817000000477947,0.6493000000120901,0.5991999999880591,0.7491999999879226,0.6496000000238382,0.5160000000000764]","[0.7493999999761627,0.7161000000238289,0.7830000000000155,0.6162000000476837,0.8658000000119159,0.6662999999523436,0.8158000000119614,0.6324999999999932,0.5493999999761741,0.5491999999881045,0.6329999999999814,3.8296999999881223,1.514900000035766,0.932300000011935,0.6324999999999932,0.9656999999880327,0.5496000000238723,0.6493000000119196,0.6825000000000045,0.5995000000000346,0.7826000000238196,0.8326999999881082,2.7643000000119287,1.4986999999880481,2.4476999999881173,0.8326999999881082,5.062000000000012,0.9158000000119273,0.5991999999881159,1.1491999999880704,9.007800000012026,0.9325999999642818,2.2480000000000473,11.006299999952375,2.1316999999880863,2.7641999999880227,4.745499999999993,1.3816999999880863,0.68260000002374,0.7493000000119991,1.2987000000476883,1.0325000000000273,1.415599999964229,2.44789999997613,1.08219999998812,1.0657999999523327,0.7495000000000118,1.4817000000477947,0.6493000000120901,0.5991999999880591,0.7491999999879226,0.6496000000238382,0.5160000000000764]",,,0.0,203.0,203.0,46.0,1.0,nat,gnat,question_gesture.png,im_hand.png,,,,,,
,,,348676,1,21,2023-10-02_21h26.35.284,flesh_expressibility_dutch,2022.2.4,Win32,60.15399423,,,,18.0,1.0,Nederlands,,,,,,Engels,2.0,Duits,1.0,,0.0,,0.0,,0.0,,0.0,,0.0,,0.0,NL,2.0,2.0,2.0,1.0,,sensorypref1,sensorypref2,1536.0,864.0,,,,,,,,,,,,,,,,,,,,,,,,,,,,,,,,,,,22.0,1108.9922,53.0,"[0.7493999999761627,0.7161000000238289,0.7828999999761663,0.6161000000238346,0.8658000000119159,0.6661999999880663,0.8158000000119614,0.6324999999999932,0.5493999999761741,0.5491999999881045,0.6329999999999814,3.8296999999881223,1.514900000035766,0.932300000011935,0.6323999999762009,0.9656999999880327,0.5496000000238723,0.6493000000119196,0.6824000000357273,0.5995000000000346,0.7824999999999704,0.8326999999881082,2.7643000000119287,1.498599999964199,2.447599999964268,0.8326000000238878,5.061899999976163,0.9158000000119273,0.5991999999881159,1.1490999999642213,9.007700000047748,0.9325000000000045,2.2480000000000473,11.006299999952375,2.1316999999880863,2.7641999999880227,4.745499999999993,1.3816999999880863,0.68260000002374,0.74919999998815,1.2987000000476883,1.0325000000000273,1.4155000000000655,2.4478000000119664,1.08219999998812,1.0657999999523327,0.7495000000000118,1.4817000000477947,0.6493000000120901,0.5991999999880591,0.7491999999879226,0.6496000000238382,0.5160000000000764]","[0.7493999999761627,0.7161000000238289,0.7830000000000155,0.6162000000476837,0.8658000000119159,0.6662999999523436,0.8158000000119614,0.6324999999999932,0.5493999999761741,0.5491999999881045,0.6329999999999814,3.8296999999881223,1.514900000035766,0.932300000011935,0.6324999999999932,0.9656999999880327,0.5496000000238723,0.6493000000119196,0.6825000000000045,0.5995000000000346,0.7826000000238196,0.8326999999881082,2.7643000000119287,1.4986999999880481,2.4476999999881173,0.8326999999881082,5.062000000000012,0.9158000000119273,0.5991999999881159,1.1491999999880704,9.007800000012026,0.9325999999642818,2.2480000000000473,11.006299999952375,2.1316999999880863,2.7641999999880227,4.745499999999993,1.3816999999880863,0.68260000002374,0.7493000000119991,1.2987000000476883,1.0325000000000273,1.415599999964229,2.44789999997613,1.08219999998812,1.0657999999523327,0.7495000000000118,1.4817000000477947,0.6493000000120901,0.5991999999880591,0.7491999999879226,0.6496000000238382,0.5160000000000764]",,,0.0,204.0,204.0,83.0,1.0,uit,guit,question_gesture.png,im_hand.png,,,,,,
,,,348676,1,21,2023-10-02_21h26.35.284,flesh_expressibility_dutch,2022.2.4,Win32,60.15399423,,,,18.0,1.0,Nederlands,,,,,,Engels,2.0,Duits,1.0,,0.0,,0.0,,0.0,,0.0,,0.0,,0.0,NL,2.0,2.0,2.0,1.0,,sensorypref1,sensorypref2,1536.0,864.0,,,,,,,,,,,,,,,,,,,,,,,,,,,,,,,,,,,22.0,1109.9855,53.0,"[0.7493999999761627,0.7161000000238289,0.7828999999761663,0.6161000000238346,0.8658000000119159,0.6661999999880663,0.8158000000119614,0.6324999999999932,0.5493999999761741,0.5491999999881045,0.6329999999999814,3.8296999999881223,1.514900000035766,0.932300000011935,0.6323999999762009,0.9656999999880327,0.5496000000238723,0.6493000000119196,0.6824000000357273,0.5995000000000346,0.7824999999999704,0.8326999999881082,2.7643000000119287,1.498599999964199,2.447599999964268,0.8326000000238878,5.061899999976163,0.9158000000119273,0.5991999999881159,1.1490999999642213,9.007700000047748,0.9325000000000045,2.2480000000000473,11.006299999952375,2.1316999999880863,2.7641999999880227,4.745499999999993,1.3816999999880863,0.68260000002374,0.74919999998815,1.2987000000476883,1.0325000000000273,1.4155000000000655,2.4478000000119664,1.08219999998812,1.0657999999523327,0.7495000000000118,1.4817000000477947,0.6493000000120901,0.5991999999880591,0.7491999999879226,0.6496000000238382,0.5160000000000764]","[0.7493999999761627,0.7161000000238289,0.7830000000000155,0.6162000000476837,0.8658000000119159,0.6662999999523436,0.8158000000119614,0.6324999999999932,0.5493999999761741,0.5491999999881045,0.6329999999999814,3.8296999999881223,1.514900000035766,0.932300000011935,0.6324999999999932,0.9656999999880327,0.5496000000238723,0.6493000000119196,0.6825000000000045,0.5995000000000346,0.7826000000238196,0.8326999999881082,2.7643000000119287,1.4986999999880481,2.4476999999881173,0.8326999999881082,5.062000000000012,0.9158000000119273,0.5991999999881159,1.1491999999880704,9.007800000012026,0.9325999999642818,2.2480000000000473,11.006299999952375,2.1316999999880863,2.7641999999880227,4.745499999999993,1.3816999999880863,0.68260000002374,0.7493000000119991,1.2987000000476883,1.0325000000000273,1.415599999964229,2.44789999997613,1.08219999998812,1.0657999999523327,0.7495000000000118,1.4817000000477947,0.6493000000120901,0.5991999999880591,0.7491999999879226,0.6496000000238382,0.5160000000000764]",,,0.0,205.0,205.0,74.0,1.0,hoekig,ghoekig,question_gesture.png,im_hand.png,,,,,,
,,,348676,1,21,2023-10-02_21h26.35.284,flesh_expressibility_dutch,2022.2.4,Win32,60.15399423,,,,18.0,1.0,Nederlands,,,,,,Engels,2.0,Duits,1.0,,0.0,,0.0,,0.0,,0.0,,0.0,,0.0,NL,2.0,2.0,2.0,1.0,,sensorypref1,sensorypref2,1536.0,864.0,,,,,,,,,,,,,,,,,,,,,,,,,,,,,,,,,,,22.0,1110.9864,53.0,"[0.7493999999761627,0.7161000000238289,0.7828999999761663,0.6161000000238346,0.8658000000119159,0.6661999999880663,0.8158000000119614,0.6324999999999932,0.5493999999761741,0.5491999999881045,0.6329999999999814,3.8296999999881223,1.514900000035766,0.932300000011935,0.6323999999762009,0.9656999999880327,0.5496000000238723,0.6493000000119196,0.6824000000357273,0.5995000000000346,0.7824999999999704,0.8326999999881082,2.7643000000119287,1.498599999964199,2.447599999964268,0.8326000000238878,5.061899999976163,0.9158000000119273,0.5991999999881159,1.1490999999642213,9.007700000047748,0.9325000000000045,2.2480000000000473,11.006299999952375,2.1316999999880863,2.7641999999880227,4.745499999999993,1.3816999999880863,0.68260000002374,0.74919999998815,1.2987000000476883,1.0325000000000273,1.4155000000000655,2.4478000000119664,1.08219999998812,1.0657999999523327,0.7495000000000118,1.4817000000477947,0.6493000000120901,0.5991999999880591,0.7491999999879226,0.6496000000238382,0.5160000000000764]","[0.7493999999761627,0.7161000000238289,0.7830000000000155,0.6162000000476837,0.8658000000119159,0.6662999999523436,0.8158000000119614,0.6324999999999932,0.5493999999761741,0.5491999999881045,0.6329999999999814,3.8296999999881223,1.514900000035766,0.932300000011935,0.6324999999999932,0.9656999999880327,0.5496000000238723,0.6493000000119196,0.6825000000000045,0.5995000000000346,0.7826000000238196,0.8326999999881082,2.7643000000119287,1.4986999999880481,2.4476999999881173,0.8326999999881082,5.062000000000012,0.9158000000119273,0.5991999999881159,1.1491999999880704,9.007800000012026,0.9325999999642818,2.2480000000000473,11.006299999952375,2.1316999999880863,2.7641999999880227,4.745499999999993,1.3816999999880863,0.68260000002374,0.7493000000119991,1.2987000000476883,1.0325000000000273,1.415599999964229,2.44789999997613,1.08219999998812,1.0657999999523327,0.7495000000000118,1.4817000000477947,0.6493000000120901,0.5991999999880591,0.7491999999879226,0.6496000000238382,0.5160000000000764]",,,0.0,206.0,206.0,55.0,1.0,langzaam,glangzaam,question_gesture.png,im_hand.png,,,,,,
,,,348676,1,21,2023-10-02_21h26.35.284,flesh_expressibility_dutch,2022.2.4,Win32,60.15399423,,,,18.0,1.0,Nederlands,,,,,,Engels,2.0,Duits,1.0,,0.0,,0.0,,0.0,,0.0,,0.0,,0.0,NL,2.0,2.0,2.0,1.0,,sensorypref1,sensorypref2,1536.0,864.0,,,,,,,,,,,,,,,,,,,,,,,,,,,,,,,,,,,,,,,,,,,,,,,,,,,,,,,,
,,,348676,1,21,2023-10-02_21h26.35.284,flesh_expressibility_dutch,2022.2.4,Win32,60.15399423,,,,18.0,1.0,Nederlands,,,,,,Engels,2.0,Duits,1.0,,0.0,,0.0,,0.0,,0.0,,0.0,,0.0,NL,2.0,2.0,2.0,1.0,,sensorypref1,sensorypref2,1536.0,864.0,,,,,,,,,,,,,,,,,,,,,,,,,,,,,,,,,,,,,,,,,,,,,,,,,,,1.0,,,,,
,,,348676,1,21,2023-10-02_21h26.35.284,flesh_expressibility_dutch,2022.2.4,Win32,60.15399423,,,,18.0,1.0,Nederlands,,,,,,Engels,2.0,Duits,1.0,,0.0,,0.0,,0.0,,0.0,,0.0,,0.0,NL,2.0,2.0,2.0,1.0,,sensorypref1,sensorypref2,1536.0,864.0,,,,,,,,,,,,,,,,,,,,,,,,,,,,,,,,,,,,,,,,,,,,,,,,,,,1.0,,,,,
,,,348676,1,21,2023-10-02_21h26.35.284,flesh_expressibility_dutch,2022.2.4,Win32,60.15399423,,,,18.0,1.0,Nederlands,,,,,,Engels,2.0,Duits,1.0,,0.0,,0.0,,0.0,,0.0,,0.0,,0.0,NL,2.0,2.0,2.0,1.0,,sensorypref1,sensorypref2,1536.0,864.0,,,,,,,,,,,,,,,,,,,,,,,,,,,,,,,,,,,,,,,,,,,,,,,,,,,1.0,,,1.0,[1121.8691999999883],[1121.8693000000121]
