welcome_weiter.numClicks,welcome_weiter.timesOn,welcome_weiter.timesOff,exp_ID,session,presentation limit,date,expName,psychopyVersion,OS,frameRate,introduction_weiter.numClicks,introduction_weiter.timesOn,introduction_weiter.timesOff,age,gender,natlang1,natlang2,natlang3,natlang4,natlang5,natlang6,lang1,proficiency1,lang2,proficiency2,lang3,proficiency3,lang4,proficiency4,lang5,proficiency5,lang6,proficiency6,lang7,proficiency7,lang8,proficiency8,country,education,dyslexia,mobility,currentloc,radio-for-required-checkboxes,sensorypref1,xRes,yRes,sensorypref[],sensorypref2,sensorypref3,sensorypref4,practice_weiter.numClicks,practice_weiter.timesOn,practice_weiter.timesOff,pr_message_weiter.numClicks,pr_message_weiter.timesOn,pr_message_weiter.timesOff,pr_remember_weiter.numClicks,pr_remember_weiter.timesOn,pr_remember_weiter.timesOff,button_weiter.numClicks,button_weiter.timesOn,button_weiter.timesOff,pr_expressibility.response,pr_expressibility.rt,practice_trials.thisRepN,practice_trials.thisTrialN,practice_trials.thisN,practice_trials.thisIndex,practice_trials.ran,pr_word,pr_question,pr_image,start_weiter.numClicks,start_weiter.timesOn,start_weiter.timesOff,message_weiter.numClicks,message_weiter.timesOn,message_weiter.timesOff,trial_remember_weiter.numClicks,trial_remember_weiter.timesOn,trial_remember_weiter.timesOff,Count,Shelf time,trial_button_weiter.numClicks,trial_button_weiter.timesOn,trial_button_weiter.timesOff,expressibility.response,expressibility.rt,trials.thisRepN,trials.thisTrialN,trials.thisN,trials.thisIndex,trials.ran,word,fordict,question,trial_img,problem,problem_text,end_experiment.numClicks,end_experiment.timesOn,end_experiment.timesOff
1.0,[1.8913999998569495],[1.8913999998569495],410740,1,21,2023-06-01_10h28.57.295,flesh_expressibility_dutch,2022.2.4,Win32,60.70908208,,,,,,,,,,,,,,,,,,,,,,,,,,,,,,,,,,,,,,,,,,,,,,,,,,,,,,,,,,,,,,,,,,,,,,,,,,,,,,,,,,,,,,,,,,,,
,,,410740,1,21,2023-06-01_10h28.57.295,flesh_expressibility_dutch,2022.2.4,Win32,60.70908208,,,,,,,,,,,,,,,,,,,,,,,,,,,,,,,,,,,,,,,,,,,,,,,,,,,,,,,,,,,,,,,,,,,,,,,,,,,,,,,,,,,,,,,,,,,,
,,,410740,1,21,2023-06-01_10h28.57.295,flesh_expressibility_dutch,2022.2.4,Win32,60.70908208,1.0,[14.81210000014305],[14.81210000014305],,,,,,,,,,,,,,,,,,,,,,,,,,,,,,,,,,,,,,,,,,,,,,,,,,,,,,,,,,,,,,,,,,,,,,,,,,,,,,,,,,,,,,,,,
,,,410740,1,21,2023-06-01_10h28.57.295,flesh_expressibility_dutch,2022.2.4,Win32,60.70908208,,,,,,,,,,,,,,,,,,,,,,,,,,,,,,,,,,,,,,,,,,,,,,,,,,,,,,,,,,,,,,,,,,,,,,,,,,,,,,,,,,,,,,,,,,,,
,,,410740,1,21,2023-06-01_10h28.57.295,flesh_expressibility_dutch,2022.2.4,Win32,60.70908208,,,,18.0,1.0,test,,,,,,test,0.0,,0.0,,0.0,,0.0,,0.0,,0.0,,0.0,,0.0,NL,1.0,1.0,1.0,1.0,on,sensorypref1,1920.0,1080.0,,,,,,,,,,,,,,,,,,,,,,,,,,,,,,,,,,,,,,,,,,,,,,,,,,,,,,,,
,,,410740,1,21,2023-06-01_10h28.57.295,flesh_expressibility_dutch,2022.2.4,Win32,60.70908208,,,,18.0,1.0,test,,,,,,test,0.0,,0.0,,0.0,,0.0,,0.0,,0.0,,0.0,,0.0,NL,1.0,1.0,1.0,1.0,,sensorypref1,1920.0,1080.0,,,,,1.0,[27.847200000047682],[27.847200000047682],,,,,,,,,,,,,,,,,,,,,,,,,,,,,,,,,,,,,,,,,,,,,,,,,
,,,410740,1,21,2023-06-01_10h28.57.295,flesh_expressibility_dutch,2022.2.4,Win32,60.70908208,,,,18.0,1.0,test,,,,,,test,0.0,,0.0,,0.0,,0.0,,0.0,,0.0,,0.0,,0.0,NL,1.0,1.0,1.0,1.0,,sensorypref1,1920.0,1080.0,,,,,,,,,,,,,,,,,,,,,,,,,,,,,,,,,,,,,,,,,,,,,,,,,,,,,,,,
,,,410740,1,21,2023-06-01_10h28.57.295,flesh_expressibility_dutch,2022.2.4,Win32,60.70908208,,,,18.0,1.0,test,,,,,,test,0.0,,0.0,,0.0,,0.0,,0.0,,0.0,,0.0,,0.0,NL,1.0,1.0,1.0,1.0,,sensorypref1,1920.0,1080.0,,,,,,,,1.0,[30.009900000095364],[30.009900000095364],1.0,[36.634499999999996],[36.634600000143045],1.0,[0.5001000001430498],[0.5001000001430498],-0.172222222,1.146,0.0,0.0,0.0,0.0,1.0,koken,question_multimodal.png,im_combination.png,,,,,,,,,,,,,,,,,,,,,,,,,,,,,,
,,,410740,1,21,2023-06-01_10h28.57.295,flesh_expressibility_dutch,2022.2.4,Win32,60.70908208,,,,18.0,1.0,test,,,,,,test,0.0,,0.0,,0.0,,0.0,,0.0,,0.0,,0.0,,0.0,NL,1.0,1.0,1.0,1.0,,sensorypref1,1920.0,1080.0,,,,,,,,,,,,,,2.0,"[0.5001000001430498,0.3497000000476831]","[0.5001000001430498,0.34979999995231736]",0.244444444,0.3539,0.0,1.0,1.0,1.0,1.0,leeuw,question_multimodal.png,im_combination.png,,,,,,,,,,,,,,,,,,,,,,,,,,,,,,
,,,410740,1,21,2023-06-01_10h28.57.295,flesh_expressibility_dutch,2022.2.4,Win32,60.70908208,,,,18.0,1.0,test,,,,,,test,0.0,,0.0,,0.0,,0.0,,0.0,,0.0,,0.0,,0.0,NL,1.0,1.0,1.0,1.0,,sensorypref1,1920.0,1080.0,,,,,,,,2.0,"[30.009900000095364,42.10010000014305]","[30.009900000095364,42.100200000047685]",2.0,"[36.634499999999996,44.79420000004768]","[36.634600000143045,44.79430000019073]",3.0,"[0.5001000001430498,0.3497000000476831,0.41670000004768326]","[0.5001000001430498,0.34979999995231736,0.41670000004768326]",-0.090740741,0.6886,0.0,0.0,0.0,1.0,1.0,auto,question_gesture.png,im_hand.png,,,,,,,,,,,,,,,,,,,,,,,,,,,,,,
,,,410740,1,21,2023-06-01_10h28.57.295,flesh_expressibility_dutch,2022.2.4,Win32,60.70908208,,,,18.0,1.0,test,,,,,,test,0.0,,0.0,,0.0,,0.0,,0.0,,0.0,,0.0,,0.0,NL,1.0,1.0,1.0,1.0,,sensorypref1,1920.0,1080.0,,,,,,,,,,,,,,4.0,"[0.5001000001430498,0.3497000000476831,0.41670000004768326,0.3995000000000033]","[0.5001000001430498,0.34979999995231736,0.41670000004768326,0.3995000000000033]",-0.457407407,0.361,0.0,1.0,1.0,0.0,1.0,baby,question_gesture.png,im_hand.png,,,,,,,,,,,,,,,,,,,,,,,,,,,,,,
,,,410740,1,21,2023-06-01_10h28.57.295,flesh_expressibility_dutch,2022.2.4,Win32,60.70908208,,,,18.0,1.0,test,,,,,,test,0.0,,0.0,,0.0,,0.0,,0.0,,0.0,,0.0,,0.0,NL,1.0,1.0,1.0,1.0,,sensorypref1,1920.0,1080.0,,,,,,,,3.0,"[30.009900000095364,42.10010000014305,51.504400000095366]","[30.009900000095364,42.100200000047685,51.5045]",3.0,"[36.634499999999996,44.79420000004768,55.702800000190734]","[36.634600000143045,44.79430000019073,55.702800000190734]",5.0,"[0.5001000001430498,0.3497000000476831,0.41670000004768326,0.3995000000000033,0.4340999999046318]","[0.5001000001430498,0.34979999995231736,0.41670000004768326,0.3995000000000033,0.4340999999046318]",-0.062962963,0.8232,0.0,0.0,0.0,0.0,1.0,liefde,question_vocal.png,im_mouth.png,,,,,,,,,,,,,,,,,,,,,,,,,,,,,,
,,,410740,1,21,2023-06-01_10h28.57.295,flesh_expressibility_dutch,2022.2.4,Win32,60.70908208,,,,18.0,1.0,test,,,,,,test,0.0,,0.0,,0.0,,0.0,,0.0,,0.0,,0.0,,0.0,NL,1.0,1.0,1.0,1.0,,sensorypref1,1920.0,1080.0,,,,,,,,,,,,,,6.0,"[0.5001000001430498,0.3497000000476831,0.41670000004768326,0.3995000000000033,0.4340999999046318,0.4327999999523158]","[0.5001000001430498,0.34979999995231736,0.41670000004768326,0.3995000000000033,0.4340999999046318,0.4327999999523158]",-0.37962963,0.4693,0.0,1.0,1.0,1.0,1.0,moe,question_vocal.png,im_mouth.png,,,,,,,,,,,,,,,,,,,,,,,,,,,,,,
,,,410740,1,21,2023-06-01_10h28.57.295,flesh_expressibility_dutch,2022.2.4,Win32,60.70908208,,,,18.0,1.0,test,,,,,,test,0.0,,0.0,,0.0,,0.0,,0.0,,0.0,,0.0,,0.0,NL,1.0,1.0,1.0,1.0,,sensorypref1,1920.0,1080.0,,,,,,,,,,,,,,,,,,,,,,,,,,,1.0,[74.17720000004769],[74.17740000009537],,,,,,,,,,,,,,,,,,,,,,,,,,,
,,,410740,1,21,2023-06-01_10h28.57.295,flesh_expressibility_dutch,2022.2.4,Win32,60.70908208,,,,18.0,1.0,test,,,,,,test,0.0,,0.0,,0.0,,0.0,,0.0,,0.0,,0.0,,0.0,NL,1.0,1.0,1.0,1.0,,sensorypref1,1920.0,1080.0,,,,,,,,,,,,,,,,,,,,,,,,,,,,,,,,,,,,,,,,,,,,,,,,,,,,,,,,
,,,410740,1,21,2023-06-01_10h28.57.295,flesh_expressibility_dutch,2022.2.4,Win32,60.70908208,,,,18.0,1.0,test,,,,,,test,0.0,,0.0,,0.0,,0.0,,0.0,,0.0,,0.0,,0.0,NL,1.0,1.0,1.0,1.0,,sensorypref1,1920.0,1080.0,,,,,,,,,,,,,,,,,,,,,,,,,,,,,,1.0,[76.97779999995231],[76.97779999995231],1.0,[78.40820000004769],[78.40829999995232],1.0,79.9934,1.0,[0.36650000000000205],[0.36660000014305183],-0.007407407,1.6508,0.0,0.0,0.0,72.0,1.0,verrot,gverrot,question_gesture.png,im_hand.png,,,,,
,,,410740,1,21,2023-06-01_10h28.57.295,flesh_expressibility_dutch,2022.2.4,Win32,60.70908208,,,,18.0,1.0,test,,,,,,test,0.0,,0.0,,0.0,,0.0,,0.0,,0.0,,0.0,,0.0,NL,1.0,1.0,1.0,1.0,,sensorypref1,1920.0,1080.0,,,,,,,,,,,,,,,,,,,,,,,,,,,,,,,,,,,,1.0,81.5047,2.0,"[0.36650000000000205,0.29999999999999716]","[0.36660000014305183,0.29999999999999716]",-0.012962963,0.7949,0.0,1.0,1.0,19.0,1.0,misschien,gmisschien,question_gesture.png,im_hand.png,,,,,
,,,410740,1,21,2023-06-01_10h28.57.295,flesh_expressibility_dutch,2022.2.4,Win32,60.70908208,,,,18.0,1.0,test,,,,,,test,0.0,,0.0,,0.0,,0.0,,0.0,,0.0,,0.0,,0.0,NL,1.0,1.0,1.0,1.0,,sensorypref1,1920.0,1080.0,,,,,,,,,,,,,,,,,,,,,,,,,,,,,,,,,,,,1.0,82.4157,3.0,"[0.36650000000000205,0.29999999999999716,0.33320000004768247]","[0.36660000014305183,0.29999999999999716,0.33320000004768247]",-0.057407407,0.6645,0.0,2.0,2.0,183.0,1.0,jij,gjij,question_gesture.png,im_hand.png,,,,,
,,,410740,1,21,2023-06-01_10h28.57.295,flesh_expressibility_dutch,2022.2.4,Win32,60.70908208,,,,18.0,1.0,test,,,,,,test,0.0,,0.0,,0.0,,0.0,,0.0,,0.0,,0.0,,0.0,NL,1.0,1.0,1.0,1.0,,sensorypref1,1920.0,1080.0,,,,,,,,,,,,,,,,,,,,,,,,,,,,,,,,,,,,1.0,83.518,4.0,"[0.36650000000000205,0.29999999999999716,0.33320000004768247,0.2661000001430551]","[0.36660000014305183,0.29999999999999716,0.33320000004768247,0.2661000001430551]",-0.046296296,0.7207,0.0,3.0,3.0,199.0,1.0,nacht,gnacht,question_gesture.png,im_hand.png,,,,,
,,,410740,1,21,2023-06-01_10h28.57.295,flesh_expressibility_dutch,2022.2.4,Win32,60.70908208,,,,18.0,1.0,test,,,,,,test,0.0,,0.0,,0.0,,0.0,,0.0,,0.0,,0.0,,0.0,NL,1.0,1.0,1.0,1.0,,sensorypref1,1920.0,1080.0,,,,,,,,,,,,,,,,,,,,,,,,,,,,,,,,,,,,1.0,84.6466,5.0,"[0.36650000000000205,0.29999999999999716,0.33320000004768247,0.2661000001430551,0.5497999999523131]","[0.36660000014305183,0.29999999999999716,0.33320000004768247,0.2661000001430551,0.5497999999523131]",-0.101851852,0.8259,0.0,4.0,4.0,136.0,1.0,komen,gkomen,question_gesture.png,im_hand.png,,,,,
,,,410740,1,21,2023-06-01_10h28.57.295,flesh_expressibility_dutch,2022.2.4,Win32,60.70908208,,,,18.0,1.0,test,,,,,,test,0.0,,0.0,,0.0,,0.0,,0.0,,0.0,,0.0,,0.0,NL,1.0,1.0,1.0,1.0,,sensorypref1,1920.0,1080.0,,,,,,,,,,,,,,,,,,,,,,,,,,,,,,,,,,,,1.0,85.7915,6.0,"[0.36650000000000205,0.29999999999999716,0.33320000004768247,0.2661000001430551,0.5497999999523131,0.28300000000000125]","[0.36660000014305183,0.29999999999999716,0.33320000004768247,0.2661000001430551,0.5497999999523131,0.2830999999046355]",-0.059259259,0.6589,0.0,5.0,5.0,159.0,1.0,wat,gwat,question_gesture.png,im_hand.png,,,,,
,,,410740,1,21,2023-06-01_10h28.57.295,flesh_expressibility_dutch,2022.2.4,Win32,60.70908208,,,,18.0,1.0,test,,,,,,test,0.0,,0.0,,0.0,,0.0,,0.0,,0.0,,0.0,,0.0,NL,1.0,1.0,1.0,1.0,,sensorypref1,1920.0,1080.0,,,,,,,,,,,,,,,,,,,,,,,,,,,,,,,,,,,,2.0,87.7717,7.0,"[0.36650000000000205,0.29999999999999716,0.33320000004768247,0.2661000001430551,0.5497999999523131,0.28300000000000125,0.38299999999999557]","[0.36660000014305183,0.29999999999999716,0.33320000004768247,0.2661000001430551,0.5497999999523131,0.2830999999046355,0.38309999990462984]",0.007407407,1.6541,0.0,6.0,6.0,186.0,1.0,lang,glang,question_gesture.png,im_hand.png,,,,,
,,,410740,1,21,2023-06-01_10h28.57.295,flesh_expressibility_dutch,2022.2.4,Win32,60.70908208,,,,18.0,1.0,test,,,,,,test,0.0,,0.0,,0.0,,0.0,,0.0,,0.0,,0.0,,0.0,NL,1.0,1.0,1.0,1.0,,sensorypref1,1920.0,1080.0,,,,,,,,,,,,,,,,,,,,,,,,,,,,,,,,,,,,2.0,89.384,8.0,"[0.36650000000000205,0.29999999999999716,0.33320000004768247,0.2661000001430551,0.5497999999523131,0.28300000000000125,0.38299999999999557,0.2997000000476788]","[0.36660000014305183,0.29999999999999716,0.33320000004768247,0.2661000001430551,0.5497999999523131,0.2830999999046355,0.38309999990462984,0.2997000000476788]",-0.048148148,1.214,0.0,7.0,7.0,112.0,1.0,bloed,gbloed,question_gesture.png,im_hand.png,,,,,
,,,410740,1,21,2023-06-01_10h28.57.295,flesh_expressibility_dutch,2022.2.4,Win32,60.70908208,,,,18.0,1.0,test,,,,,,test,0.0,,0.0,,0.0,,0.0,,0.0,,0.0,,0.0,,0.0,NL,1.0,1.0,1.0,1.0,,sensorypref1,1920.0,1080.0,,,,,,,,,,,,,,,,,,,,,,,,,,,,,,,,,,,,1.0,90.3416,9.0,"[0.36650000000000205,0.29999999999999716,0.33320000004768247,0.2661000001430551,0.5497999999523131,0.28300000000000125,0.38299999999999557,0.2997000000476788,0.28310000014305103]","[0.36660000014305183,0.29999999999999716,0.33320000004768247,0.2661000001430551,0.5497999999523131,0.2830999999046355,0.38309999990462984,0.2997000000476788,0.28310000014305103]",-0.037037037,0.7874,0.0,8.0,8.0,192.0,1.0,vlees,gvlees,question_gesture.png,im_hand.png,,,,,
,,,410740,1,21,2023-06-01_10h28.57.295,flesh_expressibility_dutch,2022.2.4,Win32,60.70908208,,,,18.0,1.0,test,,,,,,test,0.0,,0.0,,0.0,,0.0,,0.0,,0.0,,0.0,,0.0,NL,1.0,1.0,1.0,1.0,,sensorypref1,1920.0,1080.0,,,,,,,,,,,,,,,,,,,,,,,,,,,,,,,,,,,,1.0,91.5765,10.0,"[0.36650000000000205,0.29999999999999716,0.33320000004768247,0.2661000001430551,0.5497999999523131,0.28300000000000125,0.38299999999999557,0.2997000000476788,0.28310000014305103,0.2164000000953763]","[0.36660000014305183,0.29999999999999716,0.33320000004768247,0.2661000001430551,0.5497999999523131,0.2830999999046355,0.38309999990462984,0.2997000000476788,0.28310000014305103,0.2164000000953763]",0.044444444,0.82,0.0,9.0,9.0,137.0,1.0,vallen,gvallen,question_gesture.png,im_hand.png,,,,,
,,,410740,1,21,2023-06-01_10h28.57.295,flesh_expressibility_dutch,2022.2.4,Win32,60.70908208,,,,18.0,1.0,test,,,,,,test,0.0,,0.0,,0.0,,0.0,,0.0,,0.0,,0.0,,0.0,NL,1.0,1.0,1.0,1.0,,sensorypref1,1920.0,1080.0,,,,,,,,,,,,,,,,,,,,,,,,,,,,,,,,,,,,1.0,92.4476,11.0,"[0.36650000000000205,0.29999999999999716,0.33320000004768247,0.2661000001430551,0.5497999999523131,0.28300000000000125,0.38299999999999557,0.2997000000476788,0.28310000014305103,0.2164000000953763,0.5827999999523286]","[0.36660000014305183,0.29999999999999716,0.33320000004768247,0.2661000001430551,0.5497999999523131,0.2830999999046355,0.38309999990462984,0.2997000000476788,0.28310000014305103,0.2164000000953763,0.5827999999523286]",-0.072222222,0.6471,0.0,10.0,10.0,0.0,1.0,droog,gdroog,question_gesture.png,im_hand.png,,,,,
,,,410740,1,21,2023-06-01_10h28.57.295,flesh_expressibility_dutch,2022.2.4,Win32,60.70908208,,,,18.0,1.0,test,,,,,,test,0.0,,0.0,,0.0,,0.0,,0.0,,0.0,,0.0,,0.0,NL,1.0,1.0,1.0,1.0,,sensorypref1,1920.0,1080.0,,,,,,,,,,,,,,,,,,,,,,,,,,,,,,,,,,,,1.0,93.6893,12.0,"[0.36650000000000205,0.29999999999999716,0.33320000004768247,0.2661000001430551,0.5497999999523131,0.28300000000000125,0.38299999999999557,0.2997000000476788,0.28310000014305103,0.2164000000953763,0.5827999999523286,0.5499000000953771]","[0.36660000014305183,0.29999999999999716,0.33320000004768247,0.2661000001430551,0.5497999999523131,0.2830999999046355,0.38309999990462984,0.2997000000476788,0.28310000014305103,0.2164000000953763,0.5827999999523286,0.5499000000953771]",-0.042592593,0.6462,0.0,11.0,11.0,150.0,1.0,huilen,ghuilen,question_gesture.png,im_hand.png,,,,,
,,,410740,1,21,2023-06-01_10h28.57.295,flesh_expressibility_dutch,2022.2.4,Win32,60.70908208,,,,18.0,1.0,test,,,,,,test,0.0,,0.0,,0.0,,0.0,,0.0,,0.0,,0.0,,0.0,NL,1.0,1.0,1.0,1.0,,sensorypref1,1920.0,1080.0,,,,,,,,,,,,,,,,,,,,,,,,,,,,,,,,,,,,1.0,94.899,13.0,"[0.36650000000000205,0.29999999999999716,0.33320000004768247,0.2661000001430551,0.5497999999523131,0.28300000000000125,0.38299999999999557,0.2997000000476788,0.28310000014305103,0.2164000000953763,0.5827999999523286,0.5499000000953771,0.23310000014303967]","[0.36660000014305183,0.29999999999999716,0.33320000004768247,0.2661000001430551,0.5497999999523131,0.2830999999046355,0.38309999990462984,0.2997000000476788,0.28310000014305103,0.2164000000953763,0.5827999999523286,0.5499000000953771,0.23310000014303967]",-0.088888889,0.6874,0.0,12.0,12.0,3.0,1.0,stil,gstil,question_gesture.png,im_hand.png,,,,,
,,,410740,1,21,2023-06-01_10h28.57.295,flesh_expressibility_dutch,2022.2.4,Win32,60.70908208,,,,18.0,1.0,test,,,,,,test,0.0,,0.0,,0.0,,0.0,,0.0,,0.0,,0.0,,0.0,NL,1.0,1.0,1.0,1.0,,sensorypref1,1920.0,1080.0,,,,,,,,,,,,,,,,,,,,,,,,,,,,,,,,,,,,1.0,95.9073,14.0,"[0.36650000000000205,0.29999999999999716,0.33320000004768247,0.2661000001430551,0.5497999999523131,0.28300000000000125,0.38299999999999557,0.2997000000476788,0.28310000014305103,0.2164000000953763,0.5827999999523286,0.5499000000953771,0.23310000014303967,0.2999000000953629]","[0.36660000014305183,0.29999999999999716,0.33320000004768247,0.2661000001430551,0.5497999999523131,0.2830999999046355,0.38309999990462984,0.2997000000476788,0.28310000014305103,0.2164000000953763,0.5827999999523286,0.5499000000953771,0.23310000014303967,0.2999000000953629]",-0.081481481,0.7232,0.0,13.0,13.0,188.0,1.0,verstoppen,gverstoppen,question_gesture.png,im_hand.png,,,,,
,,,410740,1,21,2023-06-01_10h28.57.295,flesh_expressibility_dutch,2022.2.4,Win32,60.70908208,,,,18.0,1.0,test,,,,,,test,0.0,,0.0,,0.0,,0.0,,0.0,,0.0,,0.0,,0.0,NL,1.0,1.0,1.0,1.0,,sensorypref1,1920.0,1080.0,,,,,,,,,,,,,,,,,,,,,,,,,,,,,,,,,,,,1.0,96.9476,15.0,"[0.36650000000000205,0.29999999999999716,0.33320000004768247,0.2661000001430551,0.5497999999523131,0.28300000000000125,0.38299999999999557,0.2997000000476788,0.28310000014305103,0.2164000000953763,0.5827999999523286,0.5499000000953771,0.23310000014303967,0.2999000000953629,0.5330000000000013]","[0.36660000014305183,0.29999999999999716,0.33320000004768247,0.2661000001430551,0.5497999999523131,0.2830999999046355,0.38309999990462984,0.2997000000476788,0.28310000014305103,0.2164000000953763,0.5827999999523286,0.5499000000953771,0.23310000014303967,0.2999000000953629,0.5330000000000013]",-0.15,0.8032,0.0,14.0,14.0,193.0,1.0,huis,ghuis,question_gesture.png,im_hand.png,,,,,
,,,410740,1,21,2023-06-01_10h28.57.295,flesh_expressibility_dutch,2022.2.4,Win32,60.70908208,,,,18.0,1.0,test,,,,,,test,0.0,,0.0,,0.0,,0.0,,0.0,,0.0,,0.0,,0.0,NL,1.0,1.0,1.0,1.0,,sensorypref1,1920.0,1080.0,,,,,,,,,,,,,,,,,,,,,,,,,,,,,,,,,,,,1.0,98.2638,16.0,"[0.36650000000000205,0.29999999999999716,0.33320000004768247,0.2661000001430551,0.5497999999523131,0.28300000000000125,0.38299999999999557,0.2997000000476788,0.28310000014305103,0.2164000000953763,0.5827999999523286,0.5499000000953771,0.23310000014303967,0.2999000000953629,0.5330000000000013,0.3163999998569409]","[0.36660000014305183,0.29999999999999716,0.33320000004768247,0.2661000001430551,0.5497999999523131,0.2830999999046355,0.38309999990462984,0.2997000000476788,0.28310000014305103,0.2164000000953763,0.5827999999523286,0.5499000000953771,0.23310000014303967,0.2999000000953629,0.5330000000000013,0.3163999998569409]",-0.1,0.758,0.0,15.0,15.0,92.0,1.0,heet,gheet,question_gesture.png,im_hand.png,,,,,
,,,410740,1,21,2023-06-01_10h28.57.295,flesh_expressibility_dutch,2022.2.4,Win32,60.70908208,,,,18.0,1.0,test,,,,,,test,0.0,,0.0,,0.0,,0.0,,0.0,,0.0,,0.0,,0.0,NL,1.0,1.0,1.0,1.0,,sensorypref1,1920.0,1080.0,,,,,,,,,,,,,,,,,,,,,,,,,,,,,,,,,,,,1.0,99.2882,17.0,"[0.36650000000000205,0.29999999999999716,0.33320000004768247,0.2661000001430551,0.5497999999523131,0.28300000000000125,0.38299999999999557,0.2997000000476788,0.28310000014305103,0.2164000000953763,0.5827999999523286,0.5499000000953771,0.23310000014303967,0.2999000000953629,0.5330000000000013,0.3163999998569409,0.3164000000953706]","[0.36660000014305183,0.29999999999999716,0.33320000004768247,0.2661000001430551,0.5497999999523131,0.2830999999046355,0.38309999990462984,0.2997000000476788,0.28310000014305103,0.2164000000953763,0.5827999999523286,0.5499000000953771,0.23310000014303967,0.2999000000953629,0.5330000000000013,0.3163999998569409,0.3164000000953706]",-0.046296296,0.7233,0.0,16.0,16.0,200.0,1.0,oud,goud,question_gesture.png,im_hand.png,,,,,
,,,410740,1,21,2023-06-01_10h28.57.295,flesh_expressibility_dutch,2022.2.4,Win32,60.70908208,,,,18.0,1.0,test,,,,,,test,0.0,,0.0,,0.0,,0.0,,0.0,,0.0,,0.0,,0.0,NL,1.0,1.0,1.0,1.0,,sensorypref1,1920.0,1080.0,,,,,,,,,,,,,,,,,,,,,,,,,,,,,,,,,,,,1.0,100.3343,18.0,"[0.36650000000000205,0.29999999999999716,0.33320000004768247,0.2661000001430551,0.5497999999523131,0.28300000000000125,0.38299999999999557,0.2997000000476788,0.28310000014305103,0.2164000000953763,0.5827999999523286,0.5499000000953771,0.23310000014303967,0.2999000000953629,0.5330000000000013,0.3163999998569409,0.3164000000953706,0.2330000000000041]","[0.36660000014305183,0.29999999999999716,0.33320000004768247,0.2661000001430551,0.5497999999523131,0.2830999999046355,0.38309999990462984,0.2997000000476788,0.28310000014305103,0.2164000000953763,0.5827999999523286,0.5499000000953771,0.23310000014303967,0.2999000000953629,0.5330000000000013,0.3163999998569409,0.3164000000953706,0.2330000000000041]",-0.040740741,0.7464,0.0,17.0,17.0,98.0,1.0,maken,gmaken,question_gesture.png,im_hand.png,,,,,
,,,410740,1,21,2023-06-01_10h28.57.295,flesh_expressibility_dutch,2022.2.4,Win32,60.70908208,,,,18.0,1.0,test,,,,,,test,0.0,,0.0,,0.0,,0.0,,0.0,,0.0,,0.0,,0.0,NL,1.0,1.0,1.0,1.0,,sensorypref1,1920.0,1080.0,,,,,,,,,,,,,,,,,,,,,,,,,,,,,,,,,,,,1.0,101.3321,19.0,"[0.36650000000000205,0.29999999999999716,0.33320000004768247,0.2661000001430551,0.5497999999523131,0.28300000000000125,0.38299999999999557,0.2997000000476788,0.28310000014305103,0.2164000000953763,0.5827999999523286,0.5499000000953771,0.23310000014303967,0.2999000000953629,0.5330000000000013,0.3163999998569409,0.3164000000953706,0.2330000000000041,0.23320000004768815]","[0.36660000014305183,0.29999999999999716,0.33320000004768247,0.2661000001430551,0.5497999999523131,0.2830999999046355,0.38309999990462984,0.2997000000476788,0.28310000014305103,0.2164000000953763,0.5827999999523286,0.5499000000953771,0.23310000014303967,0.2999000000953629,0.5330000000000013,0.3163999998569409,0.3164000000953706,0.2330000000000041,0.23320000004768815]",-0.044444444,0.7072,0.0,18.0,18.0,37.0,1.0,walgen,gwalgen,question_gesture.png,im_hand.png,,,,,
,,,410740,1,21,2023-06-01_10h28.57.295,flesh_expressibility_dutch,2022.2.4,Win32,60.70908208,,,,18.0,1.0,test,,,,,,test,0.0,,0.0,,0.0,,0.0,,0.0,,0.0,,0.0,,0.0,NL,1.0,1.0,1.0,1.0,,sensorypref1,1920.0,1080.0,,,,,,,,,,,,,,,,,,,,,,,,,,,,,,,,,,,,1.0,102.3471,20.0,"[0.36650000000000205,0.29999999999999716,0.33320000004768247,0.2661000001430551,0.5497999999523131,0.28300000000000125,0.38299999999999557,0.2997000000476788,0.28310000014305103,0.2164000000953763,0.5827999999523286,0.5499000000953771,0.23310000014303967,0.2999000000953629,0.5330000000000013,0.3163999998569409,0.3164000000953706,0.2330000000000041,0.23320000004768815,0.23319999980927264]","[0.36660000014305183,0.29999999999999716,0.33320000004768247,0.2661000001430551,0.5497999999523131,0.2830999999046355,0.38309999990462984,0.2997000000476788,0.28310000014305103,0.2164000000953763,0.5827999999523286,0.5499000000953771,0.23310000014303967,0.2999000000953629,0.5330000000000013,0.3163999998569409,0.3164000000953706,0.2330000000000041,0.23320000004768815,0.23329999995232242]",-0.003703704,0.7425,0.0,19.0,19.0,44.0,1.0,lucht,glucht,question_gesture.png,im_hand.png,,,,,
,,,410740,1,21,2023-06-01_10h28.57.295,flesh_expressibility_dutch,2022.2.4,Win32,60.70908208,,,,18.0,1.0,test,,,,,,test,0.0,,0.0,,0.0,,0.0,,0.0,,0.0,,0.0,,0.0,NL,1.0,1.0,1.0,1.0,,sensorypref1,1920.0,1080.0,,,,,,,,,,,,,,,,,,,,,,,,,,,,,,2.0,"[76.97779999995231,106.57020000004768]","[76.97779999995231,106.57039999985695]",2.0,"[78.40820000004769,108.08370000004768]","[78.40829999995232,108.08379999995232]",1.0,108.9603,21.0,"[0.36650000000000205,0.29999999999999716,0.33320000004768247,0.2661000001430551,0.5497999999523131,0.28300000000000125,0.38299999999999557,0.2997000000476788,0.28310000014305103,0.2164000000953763,0.5827999999523286,0.5499000000953771,0.23310000014303967,0.2999000000953629,0.5330000000000013,0.3163999998569409,0.3164000000953706,0.2330000000000041,0.23320000004768815,0.23319999980927264,0.3329999999999984]","[0.36660000014305183,0.29999999999999716,0.33320000004768247,0.2661000001430551,0.5497999999523131,0.2830999999046355,0.38309999990462984,0.2997000000476788,0.28310000014305103,0.2164000000953763,0.5827999999523286,0.5499000000953771,0.23310000014303967,0.2999000000953629,0.5330000000000013,0.3163999998569409,0.3164000000953706,0.2330000000000041,0.23320000004768815,0.23329999995232242,0.3329999999999984]",-0.15,0.7993,0.0,0.0,0.0,44.0,1.0,lucht,mlucht,question_multimodal.png,im_combination.png,,,,,
,,,410740,1,21,2023-06-01_10h28.57.295,flesh_expressibility_dutch,2022.2.4,Win32,60.70908208,,,,18.0,1.0,test,,,,,,test,0.0,,0.0,,0.0,,0.0,,0.0,,0.0,,0.0,,0.0,NL,1.0,1.0,1.0,1.0,,sensorypref1,1920.0,1080.0,,,,,,,,,,,,,,,,,,,,,,,,,,,,,,,,,,,,1.0,110.104,22.0,"[0.36650000000000205,0.29999999999999716,0.33320000004768247,0.2661000001430551,0.5497999999523131,0.28300000000000125,0.38299999999999557,0.2997000000476788,0.28310000014305103,0.2164000000953763,0.5827999999523286,0.5499000000953771,0.23310000014303967,0.2999000000953629,0.5330000000000013,0.3163999998569409,0.3164000000953706,0.2330000000000041,0.23320000004768815,0.23319999980927264,0.3329999999999984,0.2332999999523082]","[0.36660000014305183,0.29999999999999716,0.33320000004768247,0.2661000001430551,0.5497999999523131,0.2830999999046355,0.38309999990462984,0.2997000000476788,0.28310000014305103,0.2164000000953763,0.5827999999523286,0.5499000000953771,0.23310000014303967,0.2999000000953629,0.5330000000000013,0.3163999998569409,0.3164000000953706,0.2330000000000041,0.23320000004768815,0.23329999995232242,0.3329999999999984,0.2332999999523082]",-0.159259259,0.6535,0.0,1.0,1.0,4.0,1.0,fluisteren,mfluisteren,question_multimodal.png,im_combination.png,,,,,
,,,410740,1,21,2023-06-01_10h28.57.295,flesh_expressibility_dutch,2022.2.4,Win32,60.70908208,,,,18.0,1.0,test,,,,,,test,0.0,,0.0,,0.0,,0.0,,0.0,,0.0,,0.0,,0.0,NL,1.0,1.0,1.0,1.0,,sensorypref1,1920.0,1080.0,,,,,,,,,,,,,,,,,,,,,,,,,,,,,,,,,,,,1.0,111.1208,23.0,"[0.36650000000000205,0.29999999999999716,0.33320000004768247,0.2661000001430551,0.5497999999523131,0.28300000000000125,0.38299999999999557,0.2997000000476788,0.28310000014305103,0.2164000000953763,0.5827999999523286,0.5499000000953771,0.23310000014303967,0.2999000000953629,0.5330000000000013,0.3163999998569409,0.3164000000953706,0.2330000000000041,0.23320000004768815,0.23319999980927264,0.3329999999999984,0.2332999999523082,0.2496000001430474]","[0.36660000014305183,0.29999999999999716,0.33320000004768247,0.2661000001430551,0.5497999999523131,0.2830999999046355,0.38309999990462984,0.2997000000476788,0.28310000014305103,0.2164000000953763,0.5827999999523286,0.5499000000953771,0.23310000014303967,0.2999000000953629,0.5330000000000013,0.3163999998569409,0.3164000000953706,0.2330000000000041,0.23320000004768815,0.23329999995232242,0.3329999999999984,0.2332999999523082,0.24970000004768167]",-0.05,0.7009,0.0,2.0,2.0,67.0,1.0,ruw,mruw,question_multimodal.png,im_combination.png,,,,,
,,,410740,1,21,2023-06-01_10h28.57.295,flesh_expressibility_dutch,2022.2.4,Win32,60.70908208,,,,18.0,1.0,test,,,,,,test,0.0,,0.0,,0.0,,0.0,,0.0,,0.0,,0.0,,0.0,NL,1.0,1.0,1.0,1.0,,sensorypref1,1920.0,1080.0,,,,,,,,,,,,,,,,,,,,,,,,,,,,,,,,,,,,1.0,112.1231,24.0,"[0.36650000000000205,0.29999999999999716,0.33320000004768247,0.2661000001430551,0.5497999999523131,0.28300000000000125,0.38299999999999557,0.2997000000476788,0.28310000014305103,0.2164000000953763,0.5827999999523286,0.5499000000953771,0.23310000014303967,0.2999000000953629,0.5330000000000013,0.3163999998569409,0.3164000000953706,0.2330000000000041,0.23320000004768815,0.23319999980927264,0.3329999999999984,0.2332999999523082,0.2496000001430474,0.26639999985694374]","[0.36660000014305183,0.29999999999999716,0.33320000004768247,0.2661000001430551,0.5497999999523131,0.2830999999046355,0.38309999990462984,0.2997000000476788,0.28310000014305103,0.2164000000953763,0.5827999999523286,0.5499000000953771,0.23310000014303967,0.2999000000953629,0.5330000000000013,0.3163999998569409,0.3164000000953706,0.2330000000000041,0.23320000004768815,0.23329999995232242,0.3329999999999984,0.2332999999523082,0.24970000004768167,0.2664999999999935]",0.001851852,0.7458,0.0,3.0,3.0,36.0,1.0,slecht,mslecht,question_multimodal.png,im_combination.png,,,,,
,,,410740,1,21,2023-06-01_10h28.57.295,flesh_expressibility_dutch,2022.2.4,Win32,60.70908208,,,,18.0,1.0,test,,,,,,test,0.0,,0.0,,0.0,,0.0,,0.0,,0.0,,0.0,,0.0,NL,1.0,1.0,1.0,1.0,,sensorypref1,1920.0,1080.0,,,,,,,,,,,,,,,,,,,,,,,,,,,,,,,,,,,,1.0,113.0742,25.0,"[0.36650000000000205,0.29999999999999716,0.33320000004768247,0.2661000001430551,0.5497999999523131,0.28300000000000125,0.38299999999999557,0.2997000000476788,0.28310000014305103,0.2164000000953763,0.5827999999523286,0.5499000000953771,0.23310000014303967,0.2999000000953629,0.5330000000000013,0.3163999998569409,0.3164000000953706,0.2330000000000041,0.23320000004768815,0.23319999980927264,0.3329999999999984,0.2332999999523082,0.2496000001430474,0.26639999985694374,0.28300000000000125]","[0.36660000014305183,0.29999999999999716,0.33320000004768247,0.2661000001430551,0.5497999999523131,0.2830999999046355,0.38309999990462984,0.2997000000476788,0.28310000014305103,0.2164000000953763,0.5827999999523286,0.5499000000953771,0.23310000014303967,0.2999000000953629,0.5330000000000013,0.3163999998569409,0.3164000000953706,0.2330000000000041,0.23320000004768815,0.23329999995232242,0.3329999999999984,0.2332999999523082,0.24970000004768167,0.2664999999999935,0.28300000000000125]",-0.083333333,0.7218,0.0,4.0,4.0,133.0,1.0,ster,mster,question_multimodal.png,im_combination.png,,,,,
,,,410740,1,21,2023-06-01_10h28.57.295,flesh_expressibility_dutch,2022.2.4,Win32,60.70908208,,,,18.0,1.0,test,,,,,,test,0.0,,0.0,,0.0,,0.0,,0.0,,0.0,,0.0,,0.0,NL,1.0,1.0,1.0,1.0,,sensorypref1,1920.0,1080.0,,,,,,,,,,,,,,,,,,,,,,,,,,,,,,,,,,,,1.0,114.0903,26.0,"[0.36650000000000205,0.29999999999999716,0.33320000004768247,0.2661000001430551,0.5497999999523131,0.28300000000000125,0.38299999999999557,0.2997000000476788,0.28310000014305103,0.2164000000953763,0.5827999999523286,0.5499000000953771,0.23310000014303967,0.2999000000953629,0.5330000000000013,0.3163999998569409,0.3164000000953706,0.2330000000000041,0.23320000004768815,0.23319999980927264,0.3329999999999984,0.2332999999523082,0.2496000001430474,0.26639999985694374,0.28300000000000125,0.2500999999046343]","[0.36660000014305183,0.29999999999999716,0.33320000004768247,0.2661000001430551,0.5497999999523131,0.2830999999046355,0.38309999990462984,0.2997000000476788,0.28310000014305103,0.2164000000953763,0.5827999999523286,0.5499000000953771,0.23310000014303967,0.2999000000953629,0.5330000000000013,0.3163999998569409,0.3164000000953706,0.2330000000000041,0.23320000004768815,0.23329999995232242,0.3329999999999984,0.2332999999523082,0.24970000004768167,0.2664999999999935,0.28300000000000125,0.2500999999046343]",-0.12962963,0.7219,0.0,5.0,5.0,8.0,1.0,likken,mlikken,question_multimodal.png,im_combination.png,,,,,
,,,410740,1,21,2023-06-01_10h28.57.295,flesh_expressibility_dutch,2022.2.4,Win32,60.70908208,,,,18.0,1.0,test,,,,,,test,0.0,,0.0,,0.0,,0.0,,0.0,,0.0,,0.0,,0.0,NL,1.0,1.0,1.0,1.0,,sensorypref1,1920.0,1080.0,,,,,,,,,,,,,,,,,,,,,,,,,,,,,,,,,,,,1.0,115.1215,27.0,"[0.36650000000000205,0.29999999999999716,0.33320000004768247,0.2661000001430551,0.5497999999523131,0.28300000000000125,0.38299999999999557,0.2997000000476788,0.28310000014305103,0.2164000000953763,0.5827999999523286,0.5499000000953771,0.23310000014303967,0.2999000000953629,0.5330000000000013,0.3163999998569409,0.3164000000953706,0.2330000000000041,0.23320000004768815,0.23319999980927264,0.3329999999999984,0.2332999999523082,0.2496000001430474,0.26639999985694374,0.28300000000000125,0.2500999999046343,0.6164000000953678]","[0.36660000014305183,0.29999999999999716,0.33320000004768247,0.2661000001430551,0.5497999999523131,0.2830999999046355,0.38309999990462984,0.2997000000476788,0.28310000014305103,0.2164000000953763,0.5827999999523286,0.5499000000953771,0.23310000014303967,0.2999000000953629,0.5330000000000013,0.3163999998569409,0.3164000000953706,0.2330000000000041,0.23320000004768815,0.23329999995232242,0.3329999999999984,0.2332999999523082,0.24970000004768167,0.2664999999999935,0.28300000000000125,0.2500999999046343,0.6164000000953678]",0.127777778,0.731,0.0,6.0,6.0,128.0,1.0,weten,mweten,question_multimodal.png,im_combination.png,,,,,
,,,410740,1,21,2023-06-01_10h28.57.295,flesh_expressibility_dutch,2022.2.4,Win32,60.70908208,,,,18.0,1.0,test,,,,,,test,0.0,,0.0,,0.0,,0.0,,0.0,,0.0,,0.0,,0.0,NL,1.0,1.0,1.0,1.0,,sensorypref1,1920.0,1080.0,,,,,,,,,,,,,,,,,,,,,,,,,,,,,,,,,,,,1.0,116.3288,28.0,"[0.36650000000000205,0.29999999999999716,0.33320000004768247,0.2661000001430551,0.5497999999523131,0.28300000000000125,0.38299999999999557,0.2997000000476788,0.28310000014305103,0.2164000000953763,0.5827999999523286,0.5499000000953771,0.23310000014303967,0.2999000000953629,0.5330000000000013,0.3163999998569409,0.3164000000953706,0.2330000000000041,0.23320000004768815,0.23319999980927264,0.3329999999999984,0.2332999999523082,0.2496000001430474,0.26639999985694374,0.28300000000000125,0.2500999999046343,0.6164000000953678,0.34979999995232447]","[0.36660000014305183,0.29999999999999716,0.33320000004768247,0.2661000001430551,0.5497999999523131,0.2830999999046355,0.38309999990462984,0.2997000000476788,0.28310000014305103,0.2164000000953763,0.5827999999523286,0.5499000000953771,0.23310000014303967,0.2999000000953629,0.5330000000000013,0.3163999998569409,0.3164000000953706,0.2330000000000041,0.23320000004768815,0.23329999995232242,0.3329999999999984,0.2332999999523082,0.24970000004768167,0.2664999999999935,0.28300000000000125,0.2500999999046343,0.6164000000953678,0.34979999995232447]",-0.318518519,0.631,0.0,7.0,7.0,197.0,1.0,rots,mrots,question_multimodal.png,im_combination.png,,,,,
,,,410740,1,21,2023-06-01_10h28.57.295,flesh_expressibility_dutch,2022.2.4,Win32,60.70908208,,,,18.0,1.0,test,,,,,,test,0.0,,0.0,,0.0,,0.0,,0.0,,0.0,,0.0,,0.0,NL,1.0,1.0,1.0,1.0,,sensorypref1,1920.0,1080.0,,,,,,,,,,,,,,,,,,,,,,,,,,,,,,,,,,,,1.0,117.3114,29.0,"[0.36650000000000205,0.29999999999999716,0.33320000004768247,0.2661000001430551,0.5497999999523131,0.28300000000000125,0.38299999999999557,0.2997000000476788,0.28310000014305103,0.2164000000953763,0.5827999999523286,0.5499000000953771,0.23310000014303967,0.2999000000953629,0.5330000000000013,0.3163999998569409,0.3164000000953706,0.2330000000000041,0.23320000004768815,0.23319999980927264,0.3329999999999984,0.2332999999523082,0.2496000001430474,0.26639999985694374,0.28300000000000125,0.2500999999046343,0.6164000000953678,0.34979999995232447,0.26640000009537346]","[0.36660000014305183,0.29999999999999716,0.33320000004768247,0.2661000001430551,0.5497999999523131,0.2830999999046355,0.38309999990462984,0.2997000000476788,0.28310000014305103,0.2164000000953763,0.5827999999523286,0.5499000000953771,0.23310000014303967,0.2999000000953629,0.5330000000000013,0.3163999998569409,0.3164000000953706,0.2330000000000041,0.23320000004768815,0.23329999995232242,0.3329999999999984,0.2332999999523082,0.24970000004768167,0.2664999999999935,0.28300000000000125,0.2500999999046343,0.6164000000953678,0.34979999995232447,0.26650000000000773]",-0.044444444,0.624,0.0,8.0,8.0,76.0,1.0,blauw,mblauw,question_multimodal.png,im_combination.png,,,,,
,,,410740,1,21,2023-06-01_10h28.57.295,flesh_expressibility_dutch,2022.2.4,Win32,60.70908208,,,,18.0,1.0,test,,,,,,test,0.0,,0.0,,0.0,,0.0,,0.0,,0.0,,0.0,,0.0,NL,1.0,1.0,1.0,1.0,,sensorypref1,1920.0,1080.0,,,,,,,,,,,,,,,,,,,,,,,,,,,,,,,,,,,,1.0,118.3551,30.0,"[0.36650000000000205,0.29999999999999716,0.33320000004768247,0.2661000001430551,0.5497999999523131,0.28300000000000125,0.38299999999999557,0.2997000000476788,0.28310000014305103,0.2164000000953763,0.5827999999523286,0.5499000000953771,0.23310000014303967,0.2999000000953629,0.5330000000000013,0.3163999998569409,0.3164000000953706,0.2330000000000041,0.23320000004768815,0.23319999980927264,0.3329999999999984,0.2332999999523082,0.2496000001430474,0.26639999985694374,0.28300000000000125,0.2500999999046343,0.6164000000953678,0.34979999995232447,0.26640000009537346,0.41640000009536493]","[0.36660000014305183,0.29999999999999716,0.33320000004768247,0.2661000001430551,0.5497999999523131,0.2830999999046355,0.38309999990462984,0.2997000000476788,0.28310000014305103,0.2164000000953763,0.5827999999523286,0.5499000000953771,0.23310000014303967,0.2999000000953629,0.5330000000000013,0.3163999998569409,0.3164000000953706,0.2330000000000041,0.23320000004768815,0.23329999995232242,0.3329999999999984,0.2332999999523082,0.24970000004768167,0.2664999999999935,0.28300000000000125,0.2500999999046343,0.6164000000953678,0.34979999995232447,0.26650000000000773,0.41640000009536493]",-0.051851852,0.7363,0.0,9.0,9.0,64.0,1.0,smaak,msmaak,question_multimodal.png,im_combination.png,,,,,
,,,410740,1,21,2023-06-01_10h28.57.295,flesh_expressibility_dutch,2022.2.4,Win32,60.70908208,,,,18.0,1.0,test,,,,,,test,0.0,,0.0,,0.0,,0.0,,0.0,,0.0,,0.0,,0.0,NL,1.0,1.0,1.0,1.0,,sensorypref1,1920.0,1080.0,,,,,,,,,,,,,,,,,,,,,,,,,,,,,,,,,,,,1.0,119.3638,31.0,"[0.36650000000000205,0.29999999999999716,0.33320000004768247,0.2661000001430551,0.5497999999523131,0.28300000000000125,0.38299999999999557,0.2997000000476788,0.28310000014305103,0.2164000000953763,0.5827999999523286,0.5499000000953771,0.23310000014303967,0.2999000000953629,0.5330000000000013,0.3163999998569409,0.3164000000953706,0.2330000000000041,0.23320000004768815,0.23319999980927264,0.3329999999999984,0.2332999999523082,0.2496000001430474,0.26639999985694374,0.28300000000000125,0.2500999999046343,0.6164000000953678,0.34979999995232447,0.26640000009537346,0.41640000009536493,0.2667000000476776]","[0.36660000014305183,0.29999999999999716,0.33320000004768247,0.2661000001430551,0.5497999999523131,0.2830999999046355,0.38309999990462984,0.2997000000476788,0.28310000014305103,0.2164000000953763,0.5827999999523286,0.5499000000953771,0.23310000014303967,0.2999000000953629,0.5330000000000013,0.3163999998569409,0.3164000000953706,0.2330000000000041,0.23320000004768815,0.23329999995232242,0.3329999999999984,0.2332999999523082,0.24970000004768167,0.2664999999999935,0.28300000000000125,0.2500999999046343,0.6164000000953678,0.34979999995232447,0.26650000000000773,0.41640000009536493,0.2667000000476776]",-0.011111111,0.6017,0.0,10.0,10.0,78.0,1.0,wit,mwit,question_multimodal.png,im_combination.png,,,,,
,,,410740,1,21,2023-06-01_10h28.57.295,flesh_expressibility_dutch,2022.2.4,Win32,60.70908208,,,,18.0,1.0,test,,,,,,test,0.0,,0.0,,0.0,,0.0,,0.0,,0.0,,0.0,,0.0,NL,1.0,1.0,1.0,1.0,,sensorypref1,1920.0,1080.0,,,,,,,,,,,,,,,,,,,,,,,,,,,,,,,,,,,,1.0,120.3994,32.0,"[0.36650000000000205,0.29999999999999716,0.33320000004768247,0.2661000001430551,0.5497999999523131,0.28300000000000125,0.38299999999999557,0.2997000000476788,0.28310000014305103,0.2164000000953763,0.5827999999523286,0.5499000000953771,0.23310000014303967,0.2999000000953629,0.5330000000000013,0.3163999998569409,0.3164000000953706,0.2330000000000041,0.23320000004768815,0.23319999980927264,0.3329999999999984,0.2332999999523082,0.2496000001430474,0.26639999985694374,0.28300000000000125,0.2500999999046343,0.6164000000953678,0.34979999995232447,0.26640000009537346,0.41640000009536493,0.2667000000476776,0.2662000000476894]","[0.36660000014305183,0.29999999999999716,0.33320000004768247,0.2661000001430551,0.5497999999523131,0.2830999999046355,0.38309999990462984,0.2997000000476788,0.28310000014305103,0.2164000000953763,0.5827999999523286,0.5499000000953771,0.23310000014303967,0.2999000000953629,0.5330000000000013,0.3163999998569409,0.3164000000953706,0.2330000000000041,0.23320000004768815,0.23329999995232242,0.3329999999999984,0.2332999999523082,0.24970000004768167,0.2664999999999935,0.28300000000000125,0.2500999999046343,0.6164000000953678,0.34979999995232447,0.26650000000000773,0.41640000009536493,0.2667000000476776,0.2663000001907392]",-0.02962963,0.7197,0.0,11.0,11.0,22.0,1.0,sommige,msommige,question_multimodal.png,im_combination.png,,,,,
,,,410740,1,21,2023-06-01_10h28.57.295,flesh_expressibility_dutch,2022.2.4,Win32,60.70908208,,,,18.0,1.0,test,,,,,,test,0.0,,0.0,,0.0,,0.0,,0.0,,0.0,,0.0,,0.0,NL,1.0,1.0,1.0,1.0,,sensorypref1,1920.0,1080.0,,,,,,,,,,,,,,,,,,,,,,,,,,,,,,,,,,,,1.0,121.3698,33.0,"[0.36650000000000205,0.29999999999999716,0.33320000004768247,0.2661000001430551,0.5497999999523131,0.28300000000000125,0.38299999999999557,0.2997000000476788,0.28310000014305103,0.2164000000953763,0.5827999999523286,0.5499000000953771,0.23310000014303967,0.2999000000953629,0.5330000000000013,0.3163999998569409,0.3164000000953706,0.2330000000000041,0.23320000004768815,0.23319999980927264,0.3329999999999984,0.2332999999523082,0.2496000001430474,0.26639999985694374,0.28300000000000125,0.2500999999046343,0.6164000000953678,0.34979999995232447,0.26640000009537346,0.41640000009536493,0.2667000000476776,0.2662000000476894,1.781800000190728]","[0.36660000014305183,0.29999999999999716,0.33320000004768247,0.2661000001430551,0.5497999999523131,0.2830999999046355,0.38309999990462984,0.2997000000476788,0.28310000014305103,0.2164000000953763,0.5827999999523286,0.5499000000953771,0.23310000014303967,0.2999000000953629,0.5330000000000013,0.3163999998569409,0.3164000000953706,0.2330000000000041,0.23320000004768815,0.23329999995232242,0.3329999999999984,0.2332999999523082,0.24970000004768167,0.2664999999999935,0.28300000000000125,0.2500999999046343,0.6164000000953678,0.34979999995232447,0.26650000000000773,0.41640000009536493,0.2667000000476776,0.2663000001907392,1.781800000190728]",-0.048148148,0.7028,0.0,12.0,12.0,105.0,1.0,arm (lichaam),marm (lichaam),question_multimodal.png,im_combination.png,,,,,
,,,410740,1,21,2023-06-01_10h28.57.295,flesh_expressibility_dutch,2022.2.4,Win32,60.70908208,,,,18.0,1.0,test,,,,,,test,0.0,,0.0,,0.0,,0.0,,0.0,,0.0,,0.0,,0.0,NL,1.0,1.0,1.0,1.0,,sensorypref1,1920.0,1080.0,,,,,,,,,,,,,,,,,,,,,,,,,,,,,,,,,,,,1.0,123.8255,34.0,"[0.36650000000000205,0.29999999999999716,0.33320000004768247,0.2661000001430551,0.5497999999523131,0.28300000000000125,0.38299999999999557,0.2997000000476788,0.28310000014305103,0.2164000000953763,0.5827999999523286,0.5499000000953771,0.23310000014303967,0.2999000000953629,0.5330000000000013,0.3163999998569409,0.3164000000953706,0.2330000000000041,0.23320000004768815,0.23319999980927264,0.3329999999999984,0.2332999999523082,0.2496000001430474,0.26639999985694374,0.28300000000000125,0.2500999999046343,0.6164000000953678,0.34979999995232447,0.26640000009537346,0.41640000009536493,0.2667000000476776,0.2662000000476894,1.781800000190728,0.38310000014305956]","[0.36660000014305183,0.29999999999999716,0.33320000004768247,0.2661000001430551,0.5497999999523131,0.2830999999046355,0.38309999990462984,0.2997000000476788,0.28310000014305103,0.2164000000953763,0.5827999999523286,0.5499000000953771,0.23310000014303967,0.2999000000953629,0.5330000000000013,0.3163999998569409,0.3164000000953706,0.2330000000000041,0.23320000004768815,0.23329999995232242,0.3329999999999984,0.2332999999523082,0.24970000004768167,0.2664999999999935,0.28300000000000125,0.2500999999046343,0.6164000000953678,0.34979999995232447,0.26650000000000773,0.41640000009536493,0.2667000000476776,0.2663000001907392,1.781800000190728,0.38310000014305956]",0.005555556,0.7224,0.0,13.0,13.0,41.0,1.0,bliksem,mbliksem,question_multimodal.png,im_combination.png,,,,,
,,,410740,1,21,2023-06-01_10h28.57.295,flesh_expressibility_dutch,2022.2.4,Win32,60.70908208,,,,18.0,1.0,test,,,,,,test,0.0,,0.0,,0.0,,0.0,,0.0,,0.0,,0.0,,0.0,NL,1.0,1.0,1.0,1.0,,sensorypref1,1920.0,1080.0,,,,,,,,,,,,,,,,,,,,,,,,,,,,,,,,,,,,1.0,124.9722,35.0,"[0.36650000000000205,0.29999999999999716,0.33320000004768247,0.2661000001430551,0.5497999999523131,0.28300000000000125,0.38299999999999557,0.2997000000476788,0.28310000014305103,0.2164000000953763,0.5827999999523286,0.5499000000953771,0.23310000014303967,0.2999000000953629,0.5330000000000013,0.3163999998569409,0.3164000000953706,0.2330000000000041,0.23320000004768815,0.23319999980927264,0.3329999999999984,0.2332999999523082,0.2496000001430474,0.26639999985694374,0.28300000000000125,0.2500999999046343,0.6164000000953678,0.34979999995232447,0.26640000009537346,0.41640000009536493,0.2667000000476776,0.2662000000476894,1.781800000190728,0.38310000014305956,0.233299999952294]","[0.36660000014305183,0.29999999999999716,0.33320000004768247,0.2661000001430551,0.5497999999523131,0.2830999999046355,0.38309999990462984,0.2997000000476788,0.28310000014305103,0.2164000000953763,0.5827999999523286,0.5499000000953771,0.23310000014303967,0.2999000000953629,0.5330000000000013,0.3163999998569409,0.3164000000953706,0.2330000000000041,0.23320000004768815,0.23329999995232242,0.3329999999999984,0.2332999999523082,0.24970000004768167,0.2664999999999935,0.28300000000000125,0.2500999999046343,0.6164000000953678,0.34979999995232447,0.26650000000000773,0.41640000009536493,0.2667000000476776,0.2663000001907392,1.781800000190728,0.38310000014305956,0.233299999952294]",0.024074074,0.7267,0.0,14.0,14.0,165.0,1.0,hard,mhard,question_multimodal.png,im_combination.png,,,,,
,,,410740,1,21,2023-06-01_10h28.57.295,flesh_expressibility_dutch,2022.2.4,Win32,60.70908208,,,,18.0,1.0,test,,,,,,test,0.0,,0.0,,0.0,,0.0,,0.0,,0.0,,0.0,,0.0,NL,1.0,1.0,1.0,1.0,,sensorypref1,1920.0,1080.0,,,,,,,,,,,,,,,,,,,,,,,,,,,,,,,,,,,,1.0,125.8831,36.0,"[0.36650000000000205,0.29999999999999716,0.33320000004768247,0.2661000001430551,0.5497999999523131,0.28300000000000125,0.38299999999999557,0.2997000000476788,0.28310000014305103,0.2164000000953763,0.5827999999523286,0.5499000000953771,0.23310000014303967,0.2999000000953629,0.5330000000000013,0.3163999998569409,0.3164000000953706,0.2330000000000041,0.23320000004768815,0.23319999980927264,0.3329999999999984,0.2332999999523082,0.2496000001430474,0.26639999985694374,0.28300000000000125,0.2500999999046343,0.6164000000953678,0.34979999995232447,0.26640000009537346,0.41640000009536493,0.2667000000476776,0.2662000000476894,1.781800000190728,0.38310000014305956,0.233299999952294,0.6332000000476796]","[0.36660000014305183,0.29999999999999716,0.33320000004768247,0.2661000001430551,0.5497999999523131,0.2830999999046355,0.38309999990462984,0.2997000000476788,0.28310000014305103,0.2164000000953763,0.5827999999523286,0.5499000000953771,0.23310000014303967,0.2999000000953629,0.5330000000000013,0.3163999998569409,0.3164000000953706,0.2330000000000041,0.23320000004768815,0.23329999995232242,0.3329999999999984,0.2332999999523082,0.24970000004768167,0.2664999999999935,0.28300000000000125,0.2500999999046343,0.6164000000953678,0.34979999995232447,0.26650000000000773,0.41640000009536493,0.2667000000476776,0.2663000001907392,1.781800000190728,0.38310000014305956,0.233299999952294,0.6332000000476796]",-0.068518519,0.6419,0.0,15.0,15.0,168.0,1.0,schaduw,mschaduw,question_multimodal.png,im_combination.png,,,,,
,,,410740,1,21,2023-06-01_10h28.57.295,flesh_expressibility_dutch,2022.2.4,Win32,60.70908208,,,,18.0,1.0,test,,,,,,test,0.0,,0.0,,0.0,,0.0,,0.0,,0.0,,0.0,,0.0,NL,1.0,1.0,1.0,1.0,,sensorypref1,1920.0,1080.0,,,,,,,,,,,,,,,,,,,,,,,,,,,,,,,,,,,,1.0,127.0978,37.0,"[0.36650000000000205,0.29999999999999716,0.33320000004768247,0.2661000001430551,0.5497999999523131,0.28300000000000125,0.38299999999999557,0.2997000000476788,0.28310000014305103,0.2164000000953763,0.5827999999523286,0.5499000000953771,0.23310000014303967,0.2999000000953629,0.5330000000000013,0.3163999998569409,0.3164000000953706,0.2330000000000041,0.23320000004768815,0.23319999980927264,0.3329999999999984,0.2332999999523082,0.2496000001430474,0.26639999985694374,0.28300000000000125,0.2500999999046343,0.6164000000953678,0.34979999995232447,0.26640000009537346,0.41640000009536493,0.2667000000476776,0.2662000000476894,1.781800000190728,0.38310000014305956,0.233299999952294,0.6332000000476796,0.2827999999523172]","[0.36660000014305183,0.29999999999999716,0.33320000004768247,0.2661000001430551,0.5497999999523131,0.2830999999046355,0.38309999990462984,0.2997000000476788,0.28310000014305103,0.2164000000953763,0.5827999999523286,0.5499000000953771,0.23310000014303967,0.2999000000953629,0.5330000000000013,0.3163999998569409,0.3164000000953706,0.2330000000000041,0.23320000004768815,0.23329999995232242,0.3329999999999984,0.2332999999523082,0.24970000004768167,0.2664999999999935,0.28300000000000125,0.2500999999046343,0.6164000000953678,0.34979999995232447,0.26650000000000773,0.41640000009536493,0.2667000000476776,0.2663000001907392,1.781800000190728,0.38310000014305956,0.233299999952294,0.6332000000476796,0.2827999999523172]",0.046296296,0.6471,0.0,16.0,16.0,145.0,1.0,slaan,mslaan,question_multimodal.png,im_combination.png,,,,,
,,,410740,1,21,2023-06-01_10h28.57.295,flesh_expressibility_dutch,2022.2.4,Win32,60.70908208,,,,18.0,1.0,test,,,,,,test,0.0,,0.0,,0.0,,0.0,,0.0,,0.0,,0.0,,0.0,NL,1.0,1.0,1.0,1.0,,sensorypref1,1920.0,1080.0,,,,,,,,,,,,,,,,,,,,,,,,,,,,,,,,,,,,1.0,128.1048,38.0,"[0.36650000000000205,0.29999999999999716,0.33320000004768247,0.2661000001430551,0.5497999999523131,0.28300000000000125,0.38299999999999557,0.2997000000476788,0.28310000014305103,0.2164000000953763,0.5827999999523286,0.5499000000953771,0.23310000014303967,0.2999000000953629,0.5330000000000013,0.3163999998569409,0.3164000000953706,0.2330000000000041,0.23320000004768815,0.23319999980927264,0.3329999999999984,0.2332999999523082,0.2496000001430474,0.26639999985694374,0.28300000000000125,0.2500999999046343,0.6164000000953678,0.34979999995232447,0.26640000009537346,0.41640000009536493,0.2667000000476776,0.2662000000476894,1.781800000190728,0.38310000014305956,0.233299999952294,0.6332000000476796,0.2827999999523172,0.34979999995232447]","[0.36660000014305183,0.29999999999999716,0.33320000004768247,0.2661000001430551,0.5497999999523131,0.2830999999046355,0.38309999990462984,0.2997000000476788,0.28310000014305103,0.2164000000953763,0.5827999999523286,0.5499000000953771,0.23310000014303967,0.2999000000953629,0.5330000000000013,0.3163999998569409,0.3164000000953706,0.2330000000000041,0.23320000004768815,0.23329999995232242,0.3329999999999984,0.2332999999523082,0.24970000004768167,0.2664999999999935,0.28300000000000125,0.2500999999046343,0.6164000000953678,0.34979999995232447,0.26650000000000773,0.41640000009536493,0.2667000000476776,0.2663000001907392,1.781800000190728,0.38310000014305956,0.233299999952294,0.6332000000476796,0.2827999999523172,0.34990000009537425]",-0.296296296,1.3625,0.0,17.0,17.0,48.0,1.0,vliegen,mvliegen,question_multimodal.png,im_combination.png,,,,,
,,,410740,1,21,2023-06-01_10h28.57.295,flesh_expressibility_dutch,2022.2.4,Win32,60.70908208,,,,18.0,1.0,test,,,,,,test,0.0,,0.0,,0.0,,0.0,,0.0,,0.0,,0.0,,0.0,NL,1.0,1.0,1.0,1.0,,sensorypref1,1920.0,1080.0,,,,,,,,,,,,,,,,,,,,,,,,,,,,,,,,,,,,1.0,129.7628,39.0,"[0.36650000000000205,0.29999999999999716,0.33320000004768247,0.2661000001430551,0.5497999999523131,0.28300000000000125,0.38299999999999557,0.2997000000476788,0.28310000014305103,0.2164000000953763,0.5827999999523286,0.5499000000953771,0.23310000014303967,0.2999000000953629,0.5330000000000013,0.3163999998569409,0.3164000000953706,0.2330000000000041,0.23320000004768815,0.23319999980927264,0.3329999999999984,0.2332999999523082,0.2496000001430474,0.26639999985694374,0.28300000000000125,0.2500999999046343,0.6164000000953678,0.34979999995232447,0.26640000009537346,0.41640000009536493,0.2667000000476776,0.2662000000476894,1.781800000190728,0.38310000014305956,0.233299999952294,0.6332000000476796,0.2827999999523172,0.34979999995232447,0.25]","[0.36660000014305183,0.29999999999999716,0.33320000004768247,0.2661000001430551,0.5497999999523131,0.2830999999046355,0.38309999990462984,0.2997000000476788,0.28310000014305103,0.2164000000953763,0.5827999999523286,0.5499000000953771,0.23310000014303967,0.2999000000953629,0.5330000000000013,0.3163999998569409,0.3164000000953706,0.2330000000000041,0.23320000004768815,0.23329999995232242,0.3329999999999984,0.2332999999523082,0.24970000004768167,0.2664999999999935,0.28300000000000125,0.2500999999046343,0.6164000000953678,0.34979999995232447,0.26650000000000773,0.41640000009536493,0.2667000000476776,0.2663000001907392,1.781800000190728,0.38310000014305956,0.233299999952294,0.6332000000476796,0.2827999999523172,0.34990000009537425,0.25]",0.240740741,0.636,0.0,18.0,18.0,50.0,1.0,zwemmen,mzwemmen,question_multimodal.png,im_combination.png,,,,,
,,,410740,1,21,2023-06-01_10h28.57.295,flesh_expressibility_dutch,2022.2.4,Win32,60.70908208,,,,18.0,1.0,test,,,,,,test,0.0,,0.0,,0.0,,0.0,,0.0,,0.0,,0.0,,0.0,NL,1.0,1.0,1.0,1.0,,sensorypref1,1920.0,1080.0,,,,,,,,,,,,,,,,,,,,,,,,,,,,,,,,,,,,2.0,131.259,40.0,"[0.36650000000000205,0.29999999999999716,0.33320000004768247,0.2661000001430551,0.5497999999523131,0.28300000000000125,0.38299999999999557,0.2997000000476788,0.28310000014305103,0.2164000000953763,0.5827999999523286,0.5499000000953771,0.23310000014303967,0.2999000000953629,0.5330000000000013,0.3163999998569409,0.3164000000953706,0.2330000000000041,0.23320000004768815,0.23319999980927264,0.3329999999999984,0.2332999999523082,0.2496000001430474,0.26639999985694374,0.28300000000000125,0.2500999999046343,0.6164000000953678,0.34979999995232447,0.26640000009537346,0.41640000009536493,0.2667000000476776,0.2662000000476894,1.781800000190728,0.38310000014305956,0.233299999952294,0.6332000000476796,0.2827999999523172,0.34979999995232447,0.25,0.26650000000000773]","[0.36660000014305183,0.29999999999999716,0.33320000004768247,0.2661000001430551,0.5497999999523131,0.2830999999046355,0.38309999990462984,0.2997000000476788,0.28310000014305103,0.2164000000953763,0.5827999999523286,0.5499000000953771,0.23310000014303967,0.2999000000953629,0.5330000000000013,0.3163999998569409,0.3164000000953706,0.2330000000000041,0.23320000004768815,0.23329999995232242,0.3329999999999984,0.2332999999523082,0.24970000004768167,0.2664999999999935,0.28300000000000125,0.2500999999046343,0.6164000000953678,0.34979999995232447,0.26650000000000773,0.41640000009536493,0.2667000000476776,0.2663000001907392,1.781800000190728,0.38310000014305956,0.233299999952294,0.6332000000476796,0.2827999999523172,0.34990000009537425,0.25,0.26650000000000773]",-0.112962963,1.4441,0.0,19.0,19.0,68.0,1.0,scherp,mscherp,question_multimodal.png,im_combination.png,,,,,
,,,410740,1,21,2023-06-01_10h28.57.295,flesh_expressibility_dutch,2022.2.4,Win32,60.70908208,,,,18.0,1.0,test,,,,,,test,0.0,,0.0,,0.0,,0.0,,0.0,,0.0,,0.0,,0.0,NL,1.0,1.0,1.0,1.0,,sensorypref1,1920.0,1080.0,,,,,,,,,,,,,,,,,,,,,,,,,,,,,,3.0,"[76.97779999995231,106.57020000004768,134.13059999990466]","[76.97779999995231,106.57039999985695,134.13059999990466]",3.0,"[78.40820000004769,108.08370000004768,135.5945]","[78.40829999995232,108.08379999995232,135.5945]",1.0,136.4597,41.0,"[0.36650000000000205,0.29999999999999716,0.33320000004768247,0.2661000001430551,0.5497999999523131,0.28300000000000125,0.38299999999999557,0.2997000000476788,0.28310000014305103,0.2164000000953763,0.5827999999523286,0.5499000000953771,0.23310000014303967,0.2999000000953629,0.5330000000000013,0.3163999998569409,0.3164000000953706,0.2330000000000041,0.23320000004768815,0.23319999980927264,0.3329999999999984,0.2332999999523082,0.2496000001430474,0.26639999985694374,0.28300000000000125,0.2500999999046343,0.6164000000953678,0.34979999995232447,0.26640000009537346,0.41640000009536493,0.2667000000476776,0.2662000000476894,1.781800000190728,0.38310000014305956,0.233299999952294,0.6332000000476796,0.2827999999523172,0.34979999995232447,0.25,0.26650000000000773,0.23309999990465258]","[0.36660000014305183,0.29999999999999716,0.33320000004768247,0.2661000001430551,0.5497999999523131,0.2830999999046355,0.38309999990462984,0.2997000000476788,0.28310000014305103,0.2164000000953763,0.5827999999523286,0.5499000000953771,0.23310000014303967,0.2999000000953629,0.5330000000000013,0.3163999998569409,0.3164000000953706,0.2330000000000041,0.23320000004768815,0.23329999995232242,0.3329999999999984,0.2332999999523082,0.24970000004768167,0.2664999999999935,0.28300000000000125,0.2500999999046343,0.6164000000953678,0.34979999995232447,0.26650000000000773,0.41640000009536493,0.2667000000476776,0.2663000001907392,1.781800000190728,0.38310000014305956,0.233299999952294,0.6332000000476796,0.2827999999523172,0.34990000009537425,0.25,0.26650000000000773,0.23309999990465258]",0.146296296,0.7576,0.0,0.0,0.0,48.0,1.0,vliegen,vvliegen,question_vocal.png,im_mouth.png,,,,,
,,,410740,1,21,2023-06-01_10h28.57.295,flesh_expressibility_dutch,2022.2.4,Win32,60.70908208,,,,18.0,1.0,test,,,,,,test,0.0,,0.0,,0.0,,0.0,,0.0,,0.0,,0.0,,0.0,NL,1.0,1.0,1.0,1.0,,sensorypref1,1920.0,1080.0,,,,,,,,,,,,,,,,,,,,,,,,,,,,,,,,,,,,1.0,137.4731,42.0,"[0.36650000000000205,0.29999999999999716,0.33320000004768247,0.2661000001430551,0.5497999999523131,0.28300000000000125,0.38299999999999557,0.2997000000476788,0.28310000014305103,0.2164000000953763,0.5827999999523286,0.5499000000953771,0.23310000014303967,0.2999000000953629,0.5330000000000013,0.3163999998569409,0.3164000000953706,0.2330000000000041,0.23320000004768815,0.23319999980927264,0.3329999999999984,0.2332999999523082,0.2496000001430474,0.26639999985694374,0.28300000000000125,0.2500999999046343,0.6164000000953678,0.34979999995232447,0.26640000009537346,0.41640000009536493,0.2667000000476776,0.2662000000476894,1.781800000190728,0.38310000014305956,0.233299999952294,0.6332000000476796,0.2827999999523172,0.34979999995232447,0.25,0.26650000000000773,0.23309999990465258,0.2664999999999793]","[0.36660000014305183,0.29999999999999716,0.33320000004768247,0.2661000001430551,0.5497999999523131,0.2830999999046355,0.38309999990462984,0.2997000000476788,0.28310000014305103,0.2164000000953763,0.5827999999523286,0.5499000000953771,0.23310000014303967,0.2999000000953629,0.5330000000000013,0.3163999998569409,0.3164000000953706,0.2330000000000041,0.23320000004768815,0.23329999995232242,0.3329999999999984,0.2332999999523082,0.24970000004768167,0.2664999999999935,0.28300000000000125,0.2500999999046343,0.6164000000953678,0.34979999995232447,0.26650000000000773,0.41640000009536493,0.2667000000476776,0.2663000001907392,1.781800000190728,0.38310000014305956,0.233299999952294,0.6332000000476796,0.2827999999523172,0.34990000009537425,0.25,0.26650000000000773,0.23309999990465258,0.2665999999046278]",-0.101851852,0.6727,0.0,1.0,1.0,83.0,1.0,uit,vuit,question_vocal.png,im_mouth.png,,,,,
,,,410740,1,21,2023-06-01_10h28.57.295,flesh_expressibility_dutch,2022.2.4,Win32,60.70908208,,,,18.0,1.0,test,,,,,,test,0.0,,0.0,,0.0,,0.0,,0.0,,0.0,,0.0,,0.0,NL,1.0,1.0,1.0,1.0,,sensorypref1,1920.0,1080.0,,,,,,,,,,,,,,,,,,,,,,,,,,,,,,,,,,,,1.0,138.4584,43.0,"[0.36650000000000205,0.29999999999999716,0.33320000004768247,0.2661000001430551,0.5497999999523131,0.28300000000000125,0.38299999999999557,0.2997000000476788,0.28310000014305103,0.2164000000953763,0.5827999999523286,0.5499000000953771,0.23310000014303967,0.2999000000953629,0.5330000000000013,0.3163999998569409,0.3164000000953706,0.2330000000000041,0.23320000004768815,0.23319999980927264,0.3329999999999984,0.2332999999523082,0.2496000001430474,0.26639999985694374,0.28300000000000125,0.2500999999046343,0.6164000000953678,0.34979999995232447,0.26640000009537346,0.41640000009536493,0.2667000000476776,0.2662000000476894,1.781800000190728,0.38310000014305956,0.233299999952294,0.6332000000476796,0.2827999999523172,0.34979999995232447,0.25,0.26650000000000773,0.23309999990465258,0.2664999999999793,0.29970000004769304]","[0.36660000014305183,0.29999999999999716,0.33320000004768247,0.2661000001430551,0.5497999999523131,0.2830999999046355,0.38309999990462984,0.2997000000476788,0.28310000014305103,0.2164000000953763,0.5827999999523286,0.5499000000953771,0.23310000014303967,0.2999000000953629,0.5330000000000013,0.3163999998569409,0.3164000000953706,0.2330000000000041,0.23320000004768815,0.23329999995232242,0.3329999999999984,0.2332999999523082,0.24970000004768167,0.2664999999999935,0.28300000000000125,0.2500999999046343,0.6164000000953678,0.34979999995232447,0.26650000000000773,0.41640000009536493,0.2667000000476776,0.2663000001907392,1.781800000190728,0.38310000014305956,0.233299999952294,0.6332000000476796,0.2827999999523172,0.34990000009537425,0.25,0.26650000000000773,0.23309999990465258,0.2665999999046278,0.29970000004769304]",-0.074074074,0.6538,0.0,2.0,2.0,20.0,1.0,verleden,vverleden,question_vocal.png,im_mouth.png,,,,,
,,,410740,1,21,2023-06-01_10h28.57.295,flesh_expressibility_dutch,2022.2.4,Win32,60.70908208,,,,18.0,1.0,test,,,,,,test,0.0,,0.0,,0.0,,0.0,,0.0,,0.0,,0.0,,0.0,NL,1.0,1.0,1.0,1.0,,sensorypref1,1920.0,1080.0,,,,,,,,,,,,,,,,,,,,,,,,,,,,,,,,,,,,1.0,139.5088,44.0,"[0.36650000000000205,0.29999999999999716,0.33320000004768247,0.2661000001430551,0.5497999999523131,0.28300000000000125,0.38299999999999557,0.2997000000476788,0.28310000014305103,0.2164000000953763,0.5827999999523286,0.5499000000953771,0.23310000014303967,0.2999000000953629,0.5330000000000013,0.3163999998569409,0.3164000000953706,0.2330000000000041,0.23320000004768815,0.23319999980927264,0.3329999999999984,0.2332999999523082,0.2496000001430474,0.26639999985694374,0.28300000000000125,0.2500999999046343,0.6164000000953678,0.34979999995232447,0.26640000009537346,0.41640000009536493,0.2667000000476776,0.2662000000476894,1.781800000190728,0.38310000014305956,0.233299999952294,0.6332000000476796,0.2827999999523172,0.34979999995232447,0.25,0.26650000000000773,0.23309999990465258,0.2664999999999793,0.29970000004769304,0.25009999990462006]","[0.36660000014305183,0.29999999999999716,0.33320000004768247,0.2661000001430551,0.5497999999523131,0.2830999999046355,0.38309999990462984,0.2997000000476788,0.28310000014305103,0.2164000000953763,0.5827999999523286,0.5499000000953771,0.23310000014303967,0.2999000000953629,0.5330000000000013,0.3163999998569409,0.3164000000953706,0.2330000000000041,0.23320000004768815,0.23329999995232242,0.3329999999999984,0.2332999999523082,0.24970000004768167,0.2664999999999935,0.28300000000000125,0.2500999999046343,0.6164000000953678,0.34979999995232447,0.26650000000000773,0.41640000009536493,0.2667000000476776,0.2663000001907392,1.781800000190728,0.38310000014305956,0.233299999952294,0.6332000000476796,0.2827999999523172,0.34990000009537425,0.25,0.26650000000000773,0.23309999990465258,0.2665999999046278,0.29970000004769304,0.25009999990462006]",-0.009259259,0.703,0.0,3.0,3.0,191.0,1.0,vuur,vvuur,question_vocal.png,im_mouth.png,,,,,
,,,410740,1,21,2023-06-01_10h28.57.295,flesh_expressibility_dutch,2022.2.4,Win32,60.70908208,,,,18.0,1.0,test,,,,,,test,0.0,,0.0,,0.0,,0.0,,0.0,,0.0,,0.0,,0.0,NL,1.0,1.0,1.0,1.0,,sensorypref1,1920.0,1080.0,,,,,,,,,,,,,,,,,,,,,,,,,,,,,,,,,,,,1.0,140.4845,45.0,"[0.36650000000000205,0.29999999999999716,0.33320000004768247,0.2661000001430551,0.5497999999523131,0.28300000000000125,0.38299999999999557,0.2997000000476788,0.28310000014305103,0.2164000000953763,0.5827999999523286,0.5499000000953771,0.23310000014303967,0.2999000000953629,0.5330000000000013,0.3163999998569409,0.3164000000953706,0.2330000000000041,0.23320000004768815,0.23319999980927264,0.3329999999999984,0.2332999999523082,0.2496000001430474,0.26639999985694374,0.28300000000000125,0.2500999999046343,0.6164000000953678,0.34979999995232447,0.26640000009537346,0.41640000009536493,0.2667000000476776,0.2662000000476894,1.781800000190728,0.38310000014305956,0.233299999952294,0.6332000000476796,0.2827999999523172,0.34979999995232447,0.25,0.26650000000000773,0.23309999990465258,0.2664999999999793,0.29970000004769304,0.25009999990462006,0.24970000004768167]","[0.36660000014305183,0.29999999999999716,0.33320000004768247,0.2661000001430551,0.5497999999523131,0.2830999999046355,0.38309999990462984,0.2997000000476788,0.28310000014305103,0.2164000000953763,0.5827999999523286,0.5499000000953771,0.23310000014303967,0.2999000000953629,0.5330000000000013,0.3163999998569409,0.3164000000953706,0.2330000000000041,0.23320000004768815,0.23329999995232242,0.3329999999999984,0.2332999999523082,0.24970000004768167,0.2664999999999935,0.28300000000000125,0.2500999999046343,0.6164000000953678,0.34979999995232447,0.26650000000000773,0.41640000009536493,0.2667000000476776,0.2663000001907392,1.781800000190728,0.38310000014305956,0.233299999952294,0.6332000000476796,0.2827999999523172,0.34990000009537425,0.25,0.26650000000000773,0.23309999990465258,0.2665999999046278,0.29970000004769304,0.25009999990462006,0.24970000004768167]",-0.040740741,0.7123,0.0,4.0,4.0,4.0,1.0,fluisteren,vfluisteren,question_vocal.png,im_mouth.png,,,,,
,,,410740,1,21,2023-06-01_10h28.57.295,flesh_expressibility_dutch,2022.2.4,Win32,60.70908208,,,,18.0,1.0,test,,,,,,test,0.0,,0.0,,0.0,,0.0,,0.0,,0.0,,0.0,,0.0,NL,1.0,1.0,1.0,1.0,,sensorypref1,1920.0,1080.0,,,,,,,,,,,,,,,,,,,,,,,,,,,,,,,,,,,,2.0,141.9888,46.0,"[0.36650000000000205,0.29999999999999716,0.33320000004768247,0.2661000001430551,0.5497999999523131,0.28300000000000125,0.38299999999999557,0.2997000000476788,0.28310000014305103,0.2164000000953763,0.5827999999523286,0.5499000000953771,0.23310000014303967,0.2999000000953629,0.5330000000000013,0.3163999998569409,0.3164000000953706,0.2330000000000041,0.23320000004768815,0.23319999980927264,0.3329999999999984,0.2332999999523082,0.2496000001430474,0.26639999985694374,0.28300000000000125,0.2500999999046343,0.6164000000953678,0.34979999995232447,0.26640000009537346,0.41640000009536493,0.2667000000476776,0.2662000000476894,1.781800000190728,0.38310000014305956,0.233299999952294,0.6332000000476796,0.2827999999523172,0.34979999995232447,0.25,0.26650000000000773,0.23309999990465258,0.2664999999999793,0.29970000004769304,0.25009999990462006,0.24970000004768167,0.23359999990461233]","[0.36660000014305183,0.29999999999999716,0.33320000004768247,0.2661000001430551,0.5497999999523131,0.2830999999046355,0.38309999990462984,0.2997000000476788,0.28310000014305103,0.2164000000953763,0.5827999999523286,0.5499000000953771,0.23310000014303967,0.2999000000953629,0.5330000000000013,0.3163999998569409,0.3164000000953706,0.2330000000000041,0.23320000004768815,0.23329999995232242,0.3329999999999984,0.2332999999523082,0.24970000004768167,0.2664999999999935,0.28300000000000125,0.2500999999046343,0.6164000000953678,0.34979999995232447,0.26650000000000773,0.41640000009536493,0.2667000000476776,0.2663000001907392,1.781800000190728,0.38310000014305956,0.233299999952294,0.6332000000476796,0.2827999999523172,0.34990000009537425,0.25,0.26650000000000773,0.23309999990465258,0.2665999999046278,0.29970000004769304,0.25009999990462006,0.24970000004768167,0.23359999990461233]",-0.101851852,1.3026,0.0,5.0,5.0,68.0,1.0,scherp,vscherp,question_vocal.png,im_mouth.png,,,,,
,,,410740,1,21,2023-06-01_10h28.57.295,flesh_expressibility_dutch,2022.2.4,Win32,60.70908208,,,,18.0,1.0,test,,,,,,test,0.0,,0.0,,0.0,,0.0,,0.0,,0.0,,0.0,,0.0,NL,1.0,1.0,1.0,1.0,,sensorypref1,1920.0,1080.0,,,,,,,,,,,,,,,,,,,,,,,,,,,,,,,,,,,,2.0,143.4688,47.0,"[0.36650000000000205,0.29999999999999716,0.33320000004768247,0.2661000001430551,0.5497999999523131,0.28300000000000125,0.38299999999999557,0.2997000000476788,0.28310000014305103,0.2164000000953763,0.5827999999523286,0.5499000000953771,0.23310000014303967,0.2999000000953629,0.5330000000000013,0.3163999998569409,0.3164000000953706,0.2330000000000041,0.23320000004768815,0.23319999980927264,0.3329999999999984,0.2332999999523082,0.2496000001430474,0.26639999985694374,0.28300000000000125,0.2500999999046343,0.6164000000953678,0.34979999995232447,0.26640000009537346,0.41640000009536493,0.2667000000476776,0.2662000000476894,1.781800000190728,0.38310000014305956,0.233299999952294,0.6332000000476796,0.2827999999523172,0.34979999995232447,0.25,0.26650000000000773,0.23309999990465258,0.2664999999999793,0.29970000004769304,0.25009999990462006,0.24970000004768167,0.23359999990461233,0.41619999980926536]","[0.36660000014305183,0.29999999999999716,0.33320000004768247,0.2661000001430551,0.5497999999523131,0.2830999999046355,0.38309999990462984,0.2997000000476788,0.28310000014305103,0.2164000000953763,0.5827999999523286,0.5499000000953771,0.23310000014303967,0.2999000000953629,0.5330000000000013,0.3163999998569409,0.3164000000953706,0.2330000000000041,0.23320000004768815,0.23329999995232242,0.3329999999999984,0.2332999999523082,0.24970000004768167,0.2664999999999935,0.28300000000000125,0.2500999999046343,0.6164000000953678,0.34979999995232447,0.26650000000000773,0.41640000009536493,0.2667000000476776,0.2663000001907392,1.781800000190728,0.38310000014305956,0.233299999952294,0.6332000000476796,0.2827999999523172,0.34990000009537425,0.25,0.26650000000000773,0.23309999990465258,0.2665999999046278,0.29970000004769304,0.25009999990462006,0.24970000004768167,0.23359999990461233,0.41619999980926536]",-0.085185185,1.2139,0.0,6.0,6.0,98.0,1.0,maken,vmaken,question_vocal.png,im_mouth.png,,,,,
,,,410740,1,21,2023-06-01_10h28.57.295,flesh_expressibility_dutch,2022.2.4,Win32,60.70908208,,,,18.0,1.0,test,,,,,,test,0.0,,0.0,,0.0,,0.0,,0.0,,0.0,,0.0,,0.0,NL,1.0,1.0,1.0,1.0,,sensorypref1,1920.0,1080.0,,,,,,,,,,,,,,,,,,,,,,,,,,,,,,,,,,,,1.0,144.4729,48.0,"[0.36650000000000205,0.29999999999999716,0.33320000004768247,0.2661000001430551,0.5497999999523131,0.28300000000000125,0.38299999999999557,0.2997000000476788,0.28310000014305103,0.2164000000953763,0.5827999999523286,0.5499000000953771,0.23310000014303967,0.2999000000953629,0.5330000000000013,0.3163999998569409,0.3164000000953706,0.2330000000000041,0.23320000004768815,0.23319999980927264,0.3329999999999984,0.2332999999523082,0.2496000001430474,0.26639999985694374,0.28300000000000125,0.2500999999046343,0.6164000000953678,0.34979999995232447,0.26640000009537346,0.41640000009536493,0.2667000000476776,0.2662000000476894,1.781800000190728,0.38310000014305956,0.233299999952294,0.6332000000476796,0.2827999999523172,0.34979999995232447,0.25,0.26650000000000773,0.23309999990465258,0.2664999999999793,0.29970000004769304,0.25009999990462006,0.24970000004768167,0.23359999990461233,0.41619999980926536,0.24979999995233015]","[0.36660000014305183,0.29999999999999716,0.33320000004768247,0.2661000001430551,0.5497999999523131,0.2830999999046355,0.38309999990462984,0.2997000000476788,0.28310000014305103,0.2164000000953763,0.5827999999523286,0.5499000000953771,0.23310000014303967,0.2999000000953629,0.5330000000000013,0.3163999998569409,0.3164000000953706,0.2330000000000041,0.23320000004768815,0.23329999995232242,0.3329999999999984,0.2332999999523082,0.24970000004768167,0.2664999999999935,0.28300000000000125,0.2500999999046343,0.6164000000953678,0.34979999995232447,0.26650000000000773,0.41640000009536493,0.2667000000476776,0.2663000001907392,1.781800000190728,0.38310000014305956,0.233299999952294,0.6332000000476796,0.2827999999523172,0.34990000009537425,0.25,0.26650000000000773,0.23309999990465258,0.2665999999046278,0.29970000004769304,0.25009999990462006,0.24970000004768167,0.23359999990461233,0.41619999980926536,0.24979999995233015]",-0.024074074,0.6709,0.0,7.0,7.0,151.0,1.0,drinken,vdrinken,question_vocal.png,im_mouth.png,,,,,
,,,410740,1,21,2023-06-01_10h28.57.295,flesh_expressibility_dutch,2022.2.4,Win32,60.70908208,,,,18.0,1.0,test,,,,,,test,0.0,,0.0,,0.0,,0.0,,0.0,,0.0,,0.0,,0.0,NL,1.0,1.0,1.0,1.0,,sensorypref1,1920.0,1080.0,,,,,,,,,,,,,,,,,,,,,,,,,,,,,,,,,,,,2.0,145.9995,49.0,"[0.36650000000000205,0.29999999999999716,0.33320000004768247,0.2661000001430551,0.5497999999523131,0.28300000000000125,0.38299999999999557,0.2997000000476788,0.28310000014305103,0.2164000000953763,0.5827999999523286,0.5499000000953771,0.23310000014303967,0.2999000000953629,0.5330000000000013,0.3163999998569409,0.3164000000953706,0.2330000000000041,0.23320000004768815,0.23319999980927264,0.3329999999999984,0.2332999999523082,0.2496000001430474,0.26639999985694374,0.28300000000000125,0.2500999999046343,0.6164000000953678,0.34979999995232447,0.26640000009537346,0.41640000009536493,0.2667000000476776,0.2662000000476894,1.781800000190728,0.38310000014305956,0.233299999952294,0.6332000000476796,0.2827999999523172,0.34979999995232447,0.25,0.26650000000000773,0.23309999990465258,0.2664999999999793,0.29970000004769304,0.25009999990462006,0.24970000004768167,0.23359999990461233,0.41619999980926536,0.24979999995233015,0.26650000000000773]","[0.36660000014305183,0.29999999999999716,0.33320000004768247,0.2661000001430551,0.5497999999523131,0.2830999999046355,0.38309999990462984,0.2997000000476788,0.28310000014305103,0.2164000000953763,0.5827999999523286,0.5499000000953771,0.23310000014303967,0.2999000000953629,0.5330000000000013,0.3163999998569409,0.3164000000953706,0.2330000000000041,0.23320000004768815,0.23329999995232242,0.3329999999999984,0.2332999999523082,0.24970000004768167,0.2664999999999935,0.28300000000000125,0.2500999999046343,0.6164000000953678,0.34979999995232447,0.26650000000000773,0.41640000009536493,0.2667000000476776,0.2663000001907392,1.781800000190728,0.38310000014305956,0.233299999952294,0.6332000000476796,0.2827999999523172,0.34990000009537425,0.25,0.26650000000000773,0.23309999990465258,0.2665999999046278,0.29970000004769304,0.25009999990462006,0.24970000004768167,0.23359999990461233,0.41619999980926536,0.24979999995233015,0.26650000000000773]",-0.055555556,1.1769,0.0,8.0,8.0,131.0,1.0,zand,vzand,question_vocal.png,im_mouth.png,,,,,
,,,410740,1,21,2023-06-01_10h28.57.295,flesh_expressibility_dutch,2022.2.4,Win32,60.70908208,,,,18.0,1.0,test,,,,,,test,0.0,,0.0,,0.0,,0.0,,0.0,,0.0,,0.0,,0.0,NL,1.0,1.0,1.0,1.0,,sensorypref1,1920.0,1080.0,,,,,,,,,,,,,,,,,,,,,,,,,,,,,,,,,,,,1.0,147.0146,50.0,"[0.36650000000000205,0.29999999999999716,0.33320000004768247,0.2661000001430551,0.5497999999523131,0.28300000000000125,0.38299999999999557,0.2997000000476788,0.28310000014305103,0.2164000000953763,0.5827999999523286,0.5499000000953771,0.23310000014303967,0.2999000000953629,0.5330000000000013,0.3163999998569409,0.3164000000953706,0.2330000000000041,0.23320000004768815,0.23319999980927264,0.3329999999999984,0.2332999999523082,0.2496000001430474,0.26639999985694374,0.28300000000000125,0.2500999999046343,0.6164000000953678,0.34979999995232447,0.26640000009537346,0.41640000009536493,0.2667000000476776,0.2662000000476894,1.781800000190728,0.38310000014305956,0.233299999952294,0.6332000000476796,0.2827999999523172,0.34979999995232447,0.25,0.26650000000000773,0.23309999990465258,0.2664999999999793,0.29970000004769304,0.25009999990462006,0.24970000004768167,0.23359999990461233,0.41619999980926536,0.24979999995233015,0.26650000000000773,0.3164000000953706]","[0.36660000014305183,0.29999999999999716,0.33320000004768247,0.2661000001430551,0.5497999999523131,0.2830999999046355,0.38309999990462984,0.2997000000476788,0.28310000014305103,0.2164000000953763,0.5827999999523286,0.5499000000953771,0.23310000014303967,0.2999000000953629,0.5330000000000013,0.3163999998569409,0.3164000000953706,0.2330000000000041,0.23320000004768815,0.23329999995232242,0.3329999999999984,0.2332999999523082,0.24970000004768167,0.2664999999999935,0.28300000000000125,0.2500999999046343,0.6164000000953678,0.34979999995232447,0.26650000000000773,0.41640000009536493,0.2667000000476776,0.2663000001907392,1.781800000190728,0.38310000014305956,0.233299999952294,0.6332000000476796,0.2827999999523172,0.34990000009537425,0.25,0.26650000000000773,0.23309999990465258,0.2665999999046278,0.29970000004769304,0.25009999990462006,0.24970000004768167,0.23359999990461233,0.41619999980926536,0.24979999995233015,0.26650000000000773,0.3164000000953706]",-0.02962963,0.7287,0.0,9.0,9.0,147.0,1.0,knopen,vknopen,question_vocal.png,im_mouth.png,,,,,
,,,410740,1,21,2023-06-01_10h28.57.295,flesh_expressibility_dutch,2022.2.4,Win32,60.70908208,,,,18.0,1.0,test,,,,,,test,0.0,,0.0,,0.0,,0.0,,0.0,,0.0,,0.0,,0.0,NL,1.0,1.0,1.0,1.0,,sensorypref1,1920.0,1080.0,,,,,,,,,,,,,,,,,,,,,,,,,,,,,,,,,,,,1.0,148.016,51.0,"[0.36650000000000205,0.29999999999999716,0.33320000004768247,0.2661000001430551,0.5497999999523131,0.28300000000000125,0.38299999999999557,0.2997000000476788,0.28310000014305103,0.2164000000953763,0.5827999999523286,0.5499000000953771,0.23310000014303967,0.2999000000953629,0.5330000000000013,0.3163999998569409,0.3164000000953706,0.2330000000000041,0.23320000004768815,0.23319999980927264,0.3329999999999984,0.2332999999523082,0.2496000001430474,0.26639999985694374,0.28300000000000125,0.2500999999046343,0.6164000000953678,0.34979999995232447,0.26640000009537346,0.41640000009536493,0.2667000000476776,0.2662000000476894,1.781800000190728,0.38310000014305956,0.233299999952294,0.6332000000476796,0.2827999999523172,0.34979999995232447,0.25,0.26650000000000773,0.23309999990465258,0.2664999999999793,0.29970000004769304,0.25009999990462006,0.24970000004768167,0.23359999990461233,0.41619999980926536,0.24979999995233015,0.26650000000000773,0.3164000000953706,0.2666000001430291]","[0.36660000014305183,0.29999999999999716,0.33320000004768247,0.2661000001430551,0.5497999999523131,0.2830999999046355,0.38309999990462984,0.2997000000476788,0.28310000014305103,0.2164000000953763,0.5827999999523286,0.5499000000953771,0.23310000014303967,0.2999000000953629,0.5330000000000013,0.3163999998569409,0.3164000000953706,0.2330000000000041,0.23320000004768815,0.23329999995232242,0.3329999999999984,0.2332999999523082,0.24970000004768167,0.2664999999999935,0.28300000000000125,0.2500999999046343,0.6164000000953678,0.34979999995232447,0.26650000000000773,0.41640000009536493,0.2667000000476776,0.2663000001907392,1.781800000190728,0.38310000014305956,0.233299999952294,0.6332000000476796,0.2827999999523172,0.34990000009537425,0.25,0.26650000000000773,0.23309999990465258,0.2665999999046278,0.29970000004769304,0.25009999990462006,0.24970000004768167,0.23359999990461233,0.41619999980926536,0.24979999995233015,0.26650000000000773,0.3164000000953706,0.2666000001430291]",-0.022222222,0.6792,0.0,10.0,10.0,168.0,1.0,schaduw,vschaduw,question_vocal.png,im_mouth.png,,,,,
,,,410740,1,21,2023-06-01_10h28.57.295,flesh_expressibility_dutch,2022.2.4,Win32,60.70908208,,,,18.0,1.0,test,,,,,,test,0.0,,0.0,,0.0,,0.0,,0.0,,0.0,,0.0,,0.0,NL,1.0,1.0,1.0,1.0,,sensorypref1,1920.0,1080.0,,,,,,,,,,,,,,,,,,,,,,,,,,,,,,,,,,,,1.0,149.0143,52.0,"[0.36650000000000205,0.29999999999999716,0.33320000004768247,0.2661000001430551,0.5497999999523131,0.28300000000000125,0.38299999999999557,0.2997000000476788,0.28310000014305103,0.2164000000953763,0.5827999999523286,0.5499000000953771,0.23310000014303967,0.2999000000953629,0.5330000000000013,0.3163999998569409,0.3164000000953706,0.2330000000000041,0.23320000004768815,0.23319999980927264,0.3329999999999984,0.2332999999523082,0.2496000001430474,0.26639999985694374,0.28300000000000125,0.2500999999046343,0.6164000000953678,0.34979999995232447,0.26640000009537346,0.41640000009536493,0.2667000000476776,0.2662000000476894,1.781800000190728,0.38310000014305956,0.233299999952294,0.6332000000476796,0.2827999999523172,0.34979999995232447,0.25,0.26650000000000773,0.23309999990465258,0.2664999999999793,0.29970000004769304,0.25009999990462006,0.24970000004768167,0.23359999990461233,0.41619999980926536,0.24979999995233015,0.26650000000000773,0.3164000000953706,0.2666000001430291,0.2998000001907428]","[0.36660000014305183,0.29999999999999716,0.33320000004768247,0.2661000001430551,0.5497999999523131,0.2830999999046355,0.38309999990462984,0.2997000000476788,0.28310000014305103,0.2164000000953763,0.5827999999523286,0.5499000000953771,0.23310000014303967,0.2999000000953629,0.5330000000000013,0.3163999998569409,0.3164000000953706,0.2330000000000041,0.23320000004768815,0.23329999995232242,0.3329999999999984,0.2332999999523082,0.24970000004768167,0.2664999999999935,0.28300000000000125,0.2500999999046343,0.6164000000953678,0.34979999995232447,0.26650000000000773,0.41640000009536493,0.2667000000476776,0.2663000001907392,1.781800000190728,0.38310000014305956,0.233299999952294,0.6332000000476796,0.2827999999523172,0.34990000009537425,0.25,0.26650000000000773,0.23309999990465258,0.2665999999046278,0.29970000004769304,0.25009999990462006,0.24970000004768167,0.23359999990461233,0.41619999980926536,0.24979999995233015,0.26650000000000773,0.3164000000953706,0.2666000001430291,0.2998000001907428]",-0.055555556,0.7305,0.0,11.0,11.0,188.0,1.0,verstoppen,vverstoppen,question_vocal.png,im_mouth.png,,,,,
,,,410740,1,21,2023-06-01_10h28.57.295,flesh_expressibility_dutch,2022.2.4,Win32,60.70908208,,,,18.0,1.0,test,,,,,,test,0.0,,0.0,,0.0,,0.0,,0.0,,0.0,,0.0,,0.0,NL,1.0,1.0,1.0,1.0,,sensorypref1,1920.0,1080.0,,,,,,,,,,,,,,,,,,,,,,,,,,,,,,,,,,,,1.0,150.0166,53.0,"[0.36650000000000205,0.29999999999999716,0.33320000004768247,0.2661000001430551,0.5497999999523131,0.28300000000000125,0.38299999999999557,0.2997000000476788,0.28310000014305103,0.2164000000953763,0.5827999999523286,0.5499000000953771,0.23310000014303967,0.2999000000953629,0.5330000000000013,0.3163999998569409,0.3164000000953706,0.2330000000000041,0.23320000004768815,0.23319999980927264,0.3329999999999984,0.2332999999523082,0.2496000001430474,0.26639999985694374,0.28300000000000125,0.2500999999046343,0.6164000000953678,0.34979999995232447,0.26640000009537346,0.41640000009536493,0.2667000000476776,0.2662000000476894,1.781800000190728,0.38310000014305956,0.233299999952294,0.6332000000476796,0.2827999999523172,0.34979999995232447,0.25,0.26650000000000773,0.23309999990465258,0.2664999999999793,0.29970000004769304,0.25009999990462006,0.24970000004768167,0.23359999990461233,0.41619999980926536,0.24979999995233015,0.26650000000000773,0.3164000000953706,0.2666000001430291,0.2998000001907428,0.2665999999046562]","[0.36660000014305183,0.29999999999999716,0.33320000004768247,0.2661000001430551,0.5497999999523131,0.2830999999046355,0.38309999990462984,0.2997000000476788,0.28310000014305103,0.2164000000953763,0.5827999999523286,0.5499000000953771,0.23310000014303967,0.2999000000953629,0.5330000000000013,0.3163999998569409,0.3164000000953706,0.2330000000000041,0.23320000004768815,0.23329999995232242,0.3329999999999984,0.2332999999523082,0.24970000004768167,0.2664999999999935,0.28300000000000125,0.2500999999046343,0.6164000000953678,0.34979999995232447,0.26650000000000773,0.41640000009536493,0.2667000000476776,0.2663000001907392,1.781800000190728,0.38310000014305956,0.233299999952294,0.6332000000476796,0.2827999999523172,0.34990000009537425,0.25,0.26650000000000773,0.23309999990465258,0.2665999999046278,0.29970000004769304,0.25009999990462006,0.24970000004768167,0.23359999990461233,0.41619999980926536,0.24979999995233015,0.26650000000000773,0.3164000000953706,0.2666000001430291,0.2998000001907428,0.2665999999046562]",0.003703704,0.6978,0.0,12.0,12.0,170.0,1.0,groot,vgroot,question_vocal.png,im_mouth.png,,,,,
,,,410740,1,21,2023-06-01_10h28.57.295,flesh_expressibility_dutch,2022.2.4,Win32,60.70908208,,,,18.0,1.0,test,,,,,,test,0.0,,0.0,,0.0,,0.0,,0.0,,0.0,,0.0,,0.0,NL,1.0,1.0,1.0,1.0,,sensorypref1,1920.0,1080.0,,,,,,,,,,,,,,,,,,,,,,,,,,,,,,,,,,,,1.0,150.999,54.0,"[0.36650000000000205,0.29999999999999716,0.33320000004768247,0.2661000001430551,0.5497999999523131,0.28300000000000125,0.38299999999999557,0.2997000000476788,0.28310000014305103,0.2164000000953763,0.5827999999523286,0.5499000000953771,0.23310000014303967,0.2999000000953629,0.5330000000000013,0.3163999998569409,0.3164000000953706,0.2330000000000041,0.23320000004768815,0.23319999980927264,0.3329999999999984,0.2332999999523082,0.2496000001430474,0.26639999985694374,0.28300000000000125,0.2500999999046343,0.6164000000953678,0.34979999995232447,0.26640000009537346,0.41640000009536493,0.2667000000476776,0.2662000000476894,1.781800000190728,0.38310000014305956,0.233299999952294,0.6332000000476796,0.2827999999523172,0.34979999995232447,0.25,0.26650000000000773,0.23309999990465258,0.2664999999999793,0.29970000004769304,0.25009999990462006,0.24970000004768167,0.23359999990461233,0.41619999980926536,0.24979999995233015,0.26650000000000773,0.3164000000953706,0.2666000001430291,0.2998000001907428,0.2665999999046562,0.24979999995233015]","[0.36660000014305183,0.29999999999999716,0.33320000004768247,0.2661000001430551,0.5497999999523131,0.2830999999046355,0.38309999990462984,0.2997000000476788,0.28310000014305103,0.2164000000953763,0.5827999999523286,0.5499000000953771,0.23310000014303967,0.2999000000953629,0.5330000000000013,0.3163999998569409,0.3164000000953706,0.2330000000000041,0.23320000004768815,0.23329999995232242,0.3329999999999984,0.2332999999523082,0.24970000004768167,0.2664999999999935,0.28300000000000125,0.2500999999046343,0.6164000000953678,0.34979999995232447,0.26650000000000773,0.41640000009536493,0.2667000000476776,0.2663000001907392,1.781800000190728,0.38310000014305956,0.233299999952294,0.6332000000476796,0.2827999999523172,0.34990000009537425,0.25,0.26650000000000773,0.23309999990465258,0.2665999999046278,0.29970000004769304,0.25009999990462006,0.24970000004768167,0.23359999990461233,0.41619999980926536,0.24979999995233015,0.26650000000000773,0.3164000000953706,0.2666000001430291,0.2998000001907428,0.2665999999046562,0.24979999995233015]",-0.007407407,0.7036,0.0,13.0,13.0,146.0,1.0,nemen,vnemen,question_vocal.png,im_mouth.png,,,,,
,,,410740,1,21,2023-06-01_10h28.57.295,flesh_expressibility_dutch,2022.2.4,Win32,60.70908208,,,,18.0,1.0,test,,,,,,test,0.0,,0.0,,0.0,,0.0,,0.0,,0.0,,0.0,,0.0,NL,1.0,1.0,1.0,1.0,,sensorypref1,1920.0,1080.0,,,,,,,,,,,,,,,,,,,,,,,,,,,,,,,,,,,,1.0,152.0208,55.0,"[0.36650000000000205,0.29999999999999716,0.33320000004768247,0.2661000001430551,0.5497999999523131,0.28300000000000125,0.38299999999999557,0.2997000000476788,0.28310000014305103,0.2164000000953763,0.5827999999523286,0.5499000000953771,0.23310000014303967,0.2999000000953629,0.5330000000000013,0.3163999998569409,0.3164000000953706,0.2330000000000041,0.23320000004768815,0.23319999980927264,0.3329999999999984,0.2332999999523082,0.2496000001430474,0.26639999985694374,0.28300000000000125,0.2500999999046343,0.6164000000953678,0.34979999995232447,0.26640000009537346,0.41640000009536493,0.2667000000476776,0.2662000000476894,1.781800000190728,0.38310000014305956,0.233299999952294,0.6332000000476796,0.2827999999523172,0.34979999995232447,0.25,0.26650000000000773,0.23309999990465258,0.2664999999999793,0.29970000004769304,0.25009999990462006,0.24970000004768167,0.23359999990461233,0.41619999980926536,0.24979999995233015,0.26650000000000773,0.3164000000953706,0.2666000001430291,0.2998000001907428,0.2665999999046562,0.24979999995233015,0.4664000000953479]","[0.36660000014305183,0.29999999999999716,0.33320000004768247,0.2661000001430551,0.5497999999523131,0.2830999999046355,0.38309999990462984,0.2997000000476788,0.28310000014305103,0.2164000000953763,0.5827999999523286,0.5499000000953771,0.23310000014303967,0.2999000000953629,0.5330000000000013,0.3163999998569409,0.3164000000953706,0.2330000000000041,0.23320000004768815,0.23329999995232242,0.3329999999999984,0.2332999999523082,0.24970000004768167,0.2664999999999935,0.28300000000000125,0.2500999999046343,0.6164000000953678,0.34979999995232447,0.26650000000000773,0.41640000009536493,0.2667000000476776,0.2663000001907392,1.781800000190728,0.38310000014305956,0.233299999952294,0.6332000000476796,0.2827999999523172,0.34990000009537425,0.25,0.26650000000000773,0.23309999990465258,0.2665999999046278,0.29970000004769304,0.25009999990462006,0.24970000004768167,0.23359999990461233,0.41619999980926536,0.24979999995233015,0.26650000000000773,0.3164000000953706,0.2666000001430291,0.2998000001907428,0.2665999999046562,0.24979999995233015,0.4664000000953479]",-0.212962963,0.7099,0.0,14.0,14.0,160.0,1.0,wie,vwie,question_vocal.png,im_mouth.png,,,,,
,,,410740,1,21,2023-06-01_10h28.57.295,flesh_expressibility_dutch,2022.2.4,Win32,60.70908208,,,,18.0,1.0,test,,,,,,test,0.0,,0.0,,0.0,,0.0,,0.0,,0.0,,0.0,,0.0,NL,1.0,1.0,1.0,1.0,,sensorypref1,1920.0,1080.0,,,,,,,,,,,,,,,,,,,,,,,,,,,,,,,,,,,,1.0,153.0295,56.0,"[0.36650000000000205,0.29999999999999716,0.33320000004768247,0.2661000001430551,0.5497999999523131,0.28300000000000125,0.38299999999999557,0.2997000000476788,0.28310000014305103,0.2164000000953763,0.5827999999523286,0.5499000000953771,0.23310000014303967,0.2999000000953629,0.5330000000000013,0.3163999998569409,0.3164000000953706,0.2330000000000041,0.23320000004768815,0.23319999980927264,0.3329999999999984,0.2332999999523082,0.2496000001430474,0.26639999985694374,0.28300000000000125,0.2500999999046343,0.6164000000953678,0.34979999995232447,0.26640000009537346,0.41640000009536493,0.2667000000476776,0.2662000000476894,1.781800000190728,0.38310000014305956,0.233299999952294,0.6332000000476796,0.2827999999523172,0.34979999995232447,0.25,0.26650000000000773,0.23309999990465258,0.2664999999999793,0.29970000004769304,0.25009999990462006,0.24970000004768167,0.23359999990461233,0.41619999980926536,0.24979999995233015,0.26650000000000773,0.3164000000953706,0.2666000001430291,0.2998000001907428,0.2665999999046562,0.24979999995233015,0.4664000000953479,0.24970000004768167]","[0.36660000014305183,0.29999999999999716,0.33320000004768247,0.2661000001430551,0.5497999999523131,0.2830999999046355,0.38309999990462984,0.2997000000476788,0.28310000014305103,0.2164000000953763,0.5827999999523286,0.5499000000953771,0.23310000014303967,0.2999000000953629,0.5330000000000013,0.3163999998569409,0.3164000000953706,0.2330000000000041,0.23320000004768815,0.23329999995232242,0.3329999999999984,0.2332999999523082,0.24970000004768167,0.2664999999999935,0.28300000000000125,0.2500999999046343,0.6164000000953678,0.34979999995232447,0.26650000000000773,0.41640000009536493,0.2667000000476776,0.2663000001907392,1.781800000190728,0.38310000014305956,0.233299999952294,0.6332000000476796,0.2827999999523172,0.34990000009537425,0.25,0.26650000000000773,0.23309999990465258,0.2665999999046278,0.29970000004769304,0.25009999990462006,0.24970000004768167,0.23359999990461233,0.41619999980926536,0.24979999995233015,0.26650000000000773,0.3164000000953706,0.2666000001430291,0.2998000001907428,0.2665999999046562,0.24979999995233015,0.4664000000953479,0.24970000004768167]",0.02962963,0.7118,0.0,15.0,15.0,109.0,1.0,tong,vtong,question_vocal.png,im_mouth.png,,,,,
,,,410740,1,21,2023-06-01_10h28.57.295,flesh_expressibility_dutch,2022.2.4,Win32,60.70908208,,,,18.0,1.0,test,,,,,,test,0.0,,0.0,,0.0,,0.0,,0.0,,0.0,,0.0,,0.0,NL,1.0,1.0,1.0,1.0,,sensorypref1,1920.0,1080.0,,,,,,,,,,,,,,,,,,,,,,,,,,,,,,,,,,,,1.0,154.0307,57.0,"[0.36650000000000205,0.29999999999999716,0.33320000004768247,0.2661000001430551,0.5497999999523131,0.28300000000000125,0.38299999999999557,0.2997000000476788,0.28310000014305103,0.2164000000953763,0.5827999999523286,0.5499000000953771,0.23310000014303967,0.2999000000953629,0.5330000000000013,0.3163999998569409,0.3164000000953706,0.2330000000000041,0.23320000004768815,0.23319999980927264,0.3329999999999984,0.2332999999523082,0.2496000001430474,0.26639999985694374,0.28300000000000125,0.2500999999046343,0.6164000000953678,0.34979999995232447,0.26640000009537346,0.41640000009536493,0.2667000000476776,0.2662000000476894,1.781800000190728,0.38310000014305956,0.233299999952294,0.6332000000476796,0.2827999999523172,0.34979999995232447,0.25,0.26650000000000773,0.23309999990465258,0.2664999999999793,0.29970000004769304,0.25009999990462006,0.24970000004768167,0.23359999990461233,0.41619999980926536,0.24979999995233015,0.26650000000000773,0.3164000000953706,0.2666000001430291,0.2998000001907428,0.2665999999046562,0.24979999995233015,0.4664000000953479,0.24970000004768167,0.2831000001430368]","[0.36660000014305183,0.29999999999999716,0.33320000004768247,0.2661000001430551,0.5497999999523131,0.2830999999046355,0.38309999990462984,0.2997000000476788,0.28310000014305103,0.2164000000953763,0.5827999999523286,0.5499000000953771,0.23310000014303967,0.2999000000953629,0.5330000000000013,0.3163999998569409,0.3164000000953706,0.2330000000000041,0.23320000004768815,0.23329999995232242,0.3329999999999984,0.2332999999523082,0.24970000004768167,0.2664999999999935,0.28300000000000125,0.2500999999046343,0.6164000000953678,0.34979999995232447,0.26650000000000773,0.41640000009536493,0.2667000000476776,0.2663000001907392,1.781800000190728,0.38310000014305956,0.233299999952294,0.6332000000476796,0.2827999999523172,0.34990000009537425,0.25,0.26650000000000773,0.23309999990465258,0.2665999999046278,0.29970000004769304,0.25009999990462006,0.24970000004768167,0.23359999990461233,0.41619999980926536,0.24979999995233015,0.26650000000000773,0.3164000000953706,0.2666000001430291,0.2998000001907428,0.2665999999046562,0.24979999995233015,0.4664000000953479,0.24970000004768167,0.2832000000476853]",-0.164814815,0.6259,0.0,16.0,16.0,178.0,1.0,hij,vhij,question_vocal.png,im_mouth.png,,,,,
,,,410740,1,21,2023-06-01_10h28.57.295,flesh_expressibility_dutch,2022.2.4,Win32,60.70908208,,,,18.0,1.0,test,,,,,,test,0.0,,0.0,,0.0,,0.0,,0.0,,0.0,,0.0,,0.0,NL,1.0,1.0,1.0,1.0,,sensorypref1,1920.0,1080.0,,,,,,,,,,,,,,,,,,,,,,,,,,,,,,,,,,,,2.0,155.5419,58.0,"[0.36650000000000205,0.29999999999999716,0.33320000004768247,0.2661000001430551,0.5497999999523131,0.28300000000000125,0.38299999999999557,0.2997000000476788,0.28310000014305103,0.2164000000953763,0.5827999999523286,0.5499000000953771,0.23310000014303967,0.2999000000953629,0.5330000000000013,0.3163999998569409,0.3164000000953706,0.2330000000000041,0.23320000004768815,0.23319999980927264,0.3329999999999984,0.2332999999523082,0.2496000001430474,0.26639999985694374,0.28300000000000125,0.2500999999046343,0.6164000000953678,0.34979999995232447,0.26640000009537346,0.41640000009536493,0.2667000000476776,0.2662000000476894,1.781800000190728,0.38310000014305956,0.233299999952294,0.6332000000476796,0.2827999999523172,0.34979999995232447,0.25,0.26650000000000773,0.23309999990465258,0.2664999999999793,0.29970000004769304,0.25009999990462006,0.24970000004768167,0.23359999990461233,0.41619999980926536,0.24979999995233015,0.26650000000000773,0.3164000000953706,0.2666000001430291,0.2998000001907428,0.2665999999046562,0.24979999995233015,0.4664000000953479,0.24970000004768167,0.2831000001430368,0.2663999998569295]","[0.36660000014305183,0.29999999999999716,0.33320000004768247,0.2661000001430551,0.5497999999523131,0.2830999999046355,0.38309999990462984,0.2997000000476788,0.28310000014305103,0.2164000000953763,0.5827999999523286,0.5499000000953771,0.23310000014303967,0.2999000000953629,0.5330000000000013,0.3163999998569409,0.3164000000953706,0.2330000000000041,0.23320000004768815,0.23329999995232242,0.3329999999999984,0.2332999999523082,0.24970000004768167,0.2664999999999935,0.28300000000000125,0.2500999999046343,0.6164000000953678,0.34979999995232447,0.26650000000000773,0.41640000009536493,0.2667000000476776,0.2663000001907392,1.781800000190728,0.38310000014305956,0.233299999952294,0.6332000000476796,0.2827999999523172,0.34990000009537425,0.25,0.26650000000000773,0.23309999990465258,0.2665999999046278,0.29970000004769304,0.25009999990462006,0.24970000004768167,0.23359999990461233,0.41619999980926536,0.24979999995233015,0.26650000000000773,0.3164000000953706,0.2666000001430291,0.2998000001907428,0.2665999999046562,0.24979999995233015,0.4664000000953479,0.24970000004768167,0.2832000000476853,0.2663999998569295]",-0.042592593,1.2612,0.0,17.0,17.0,87.0,1.0,vechten,vvechten,question_vocal.png,im_mouth.png,,,,,
,,,410740,1,21,2023-06-01_10h28.57.295,flesh_expressibility_dutch,2022.2.4,Win32,60.70908208,,,,18.0,1.0,test,,,,,,test,0.0,,0.0,,0.0,,0.0,,0.0,,0.0,,0.0,,0.0,NL,1.0,1.0,1.0,1.0,,sensorypref1,1920.0,1080.0,,,,,,,,,,,,,,,,,,,,,,,,,,,,,,,,,,,,1.0,156.508,59.0,"[0.36650000000000205,0.29999999999999716,0.33320000004768247,0.2661000001430551,0.5497999999523131,0.28300000000000125,0.38299999999999557,0.2997000000476788,0.28310000014305103,0.2164000000953763,0.5827999999523286,0.5499000000953771,0.23310000014303967,0.2999000000953629,0.5330000000000013,0.3163999998569409,0.3164000000953706,0.2330000000000041,0.23320000004768815,0.23319999980927264,0.3329999999999984,0.2332999999523082,0.2496000001430474,0.26639999985694374,0.28300000000000125,0.2500999999046343,0.6164000000953678,0.34979999995232447,0.26640000009537346,0.41640000009536493,0.2667000000476776,0.2662000000476894,1.781800000190728,0.38310000014305956,0.233299999952294,0.6332000000476796,0.2827999999523172,0.34979999995232447,0.25,0.26650000000000773,0.23309999990465258,0.2664999999999793,0.29970000004769304,0.25009999990462006,0.24970000004768167,0.23359999990461233,0.41619999980926536,0.24979999995233015,0.26650000000000773,0.3164000000953706,0.2666000001430291,0.2998000001907428,0.2665999999046562,0.24979999995233015,0.4664000000953479,0.24970000004768167,0.2831000001430368,0.2663999998569295,0.36639999985695226]","[0.36660000014305183,0.29999999999999716,0.33320000004768247,0.2661000001430551,0.5497999999523131,0.2830999999046355,0.38309999990462984,0.2997000000476788,0.28310000014305103,0.2164000000953763,0.5827999999523286,0.5499000000953771,0.23310000014303967,0.2999000000953629,0.5330000000000013,0.3163999998569409,0.3164000000953706,0.2330000000000041,0.23320000004768815,0.23329999995232242,0.3329999999999984,0.2332999999523082,0.24970000004768167,0.2664999999999935,0.28300000000000125,0.2500999999046343,0.6164000000953678,0.34979999995232447,0.26650000000000773,0.41640000009536493,0.2667000000476776,0.2663000001907392,1.781800000190728,0.38310000014305956,0.233299999952294,0.6332000000476796,0.2827999999523172,0.34990000009537425,0.25,0.26650000000000773,0.23309999990465258,0.2665999999046278,0.29970000004769304,0.25009999990462006,0.24970000004768167,0.23359999990461233,0.41619999980926536,0.24979999995233015,0.26650000000000773,0.3164000000953706,0.2666000001430291,0.2998000001907428,0.2665999999046562,0.24979999995233015,0.4664000000953479,0.24970000004768167,0.2832000000476853,0.2663999998569295,0.36639999985695226]",-0.294444444,0.7078,0.0,18.0,18.0,52.0,1.0,vangen,vvangen,question_vocal.png,im_mouth.png,,,,,
,,,410740,1,21,2023-06-01_10h28.57.295,flesh_expressibility_dutch,2022.2.4,Win32,60.70908208,,,,18.0,1.0,test,,,,,,test,0.0,,0.0,,0.0,,0.0,,0.0,,0.0,,0.0,,0.0,NL,1.0,1.0,1.0,1.0,,sensorypref1,1920.0,1080.0,,,,,,,,,,,,,,,,,,,,,,,,,,,,,,,,,,,,1.0,157.5274,60.0,"[0.36650000000000205,0.29999999999999716,0.33320000004768247,0.2661000001430551,0.5497999999523131,0.28300000000000125,0.38299999999999557,0.2997000000476788,0.28310000014305103,0.2164000000953763,0.5827999999523286,0.5499000000953771,0.23310000014303967,0.2999000000953629,0.5330000000000013,0.3163999998569409,0.3164000000953706,0.2330000000000041,0.23320000004768815,0.23319999980927264,0.3329999999999984,0.2332999999523082,0.2496000001430474,0.26639999985694374,0.28300000000000125,0.2500999999046343,0.6164000000953678,0.34979999995232447,0.26640000009537346,0.41640000009536493,0.2667000000476776,0.2662000000476894,1.781800000190728,0.38310000014305956,0.233299999952294,0.6332000000476796,0.2827999999523172,0.34979999995232447,0.25,0.26650000000000773,0.23309999990465258,0.2664999999999793,0.29970000004769304,0.25009999990462006,0.24970000004768167,0.23359999990461233,0.41619999980926536,0.24979999995233015,0.26650000000000773,0.3164000000953706,0.2666000001430291,0.2998000001907428,0.2665999999046562,0.24979999995233015,0.4664000000953479,0.24970000004768167,0.2831000001430368,0.2663999998569295,0.36639999985695226,0.5495999999046148]","[0.36660000014305183,0.29999999999999716,0.33320000004768247,0.2661000001430551,0.5497999999523131,0.2830999999046355,0.38309999990462984,0.2997000000476788,0.28310000014305103,0.2164000000953763,0.5827999999523286,0.5499000000953771,0.23310000014303967,0.2999000000953629,0.5330000000000013,0.3163999998569409,0.3164000000953706,0.2330000000000041,0.23320000004768815,0.23329999995232242,0.3329999999999984,0.2332999999523082,0.24970000004768167,0.2664999999999935,0.28300000000000125,0.2500999999046343,0.6164000000953678,0.34979999995232447,0.26650000000000773,0.41640000009536493,0.2667000000476776,0.2663000001907392,1.781800000190728,0.38310000014305956,0.233299999952294,0.6332000000476796,0.2827999999523172,0.34990000009537425,0.25,0.26650000000000773,0.23309999990465258,0.2665999999046278,0.29970000004769304,0.25009999990462006,0.24970000004768167,0.23359999990461233,0.41619999980926536,0.24979999995233015,0.26650000000000773,0.3164000000953706,0.2666000001430291,0.2998000001907428,0.2665999999046562,0.24979999995233015,0.4664000000953479,0.24970000004768167,0.2832000000476853,0.2663999998569295,0.36639999985695226,0.5495999999046148]",0.274074074,0.6314,0.0,19.0,19.0,96.0,1.0,verbranden,vverbranden,question_vocal.png,im_mouth.png,,,,,
,,,410740,1,21,2023-06-01_10h28.57.295,flesh_expressibility_dutch,2022.2.4,Win32,60.70908208,,,,18.0,1.0,test,,,,,,test,0.0,,0.0,,0.0,,0.0,,0.0,,0.0,,0.0,,0.0,NL,1.0,1.0,1.0,1.0,,sensorypref1,1920.0,1080.0,,,,,,,,,,,,,,,,,,,,,,,,,,,,,,,,,,,,,,,,,,,,,,,,,,,,,,,,
,,,410740,1,21,2023-06-01_10h28.57.295,flesh_expressibility_dutch,2022.2.4,Win32,60.70908208,,,,18.0,1.0,test,,,,,,test,0.0,,0.0,,0.0,,0.0,,0.0,,0.0,,0.0,,0.0,NL,1.0,1.0,1.0,1.0,,sensorypref1,1920.0,1080.0,,,,,,,,,,,,,,,,,,,,,,,,,,,,,,,,,,,,,,,,,,,,,,,,,,,,1.0,,,,
,,,410740,1,21,2023-06-01_10h28.57.295,flesh_expressibility_dutch,2022.2.4,Win32,60.70908208,,,,18.0,1.0,test,,,,,,test,0.0,,0.0,,0.0,,0.0,,0.0,,0.0,,0.0,,0.0,NL,1.0,1.0,1.0,1.0,,sensorypref1,1920.0,1080.0,,,,,,,,,,,,,,,,,,,,,,,,,,,,,,,,,,,,,,,,,,,,,,,,,,,,1.0,,,,
,,,410740,1,21,2023-06-01_10h28.57.295,flesh_expressibility_dutch,2022.2.4,Win32,60.70908208,,,,18.0,1.0,test,,,,,,test,0.0,,0.0,,0.0,,0.0,,0.0,,0.0,,0.0,,0.0,NL,1.0,1.0,1.0,1.0,,sensorypref1,1920.0,1080.0,,,,,,,,,,,,,,,,,,,,,,,,,,,,,,,,,,,,,,,,,,,,,,,,,,,,1.0,,1.0,[179.26350000000002],[179.26359999990464]
