welcome_weiter.numClicks,welcome_weiter.timesOn,welcome_weiter.timesOff,exp_ID,session,presentation limit,date,expName,psychopyVersion,OS,frameRate,introduction_weiter.numClicks,introduction_weiter.timesOn,introduction_weiter.timesOff,age,gender,natlang1,natlang2,natlang3,natlang4,natlang5,natlang6,lang1,proficiency1,lang2,proficiency2,lang3,proficiency3,lang4,proficiency4,lang5,proficiency5,lang6,proficiency6,lang7,proficiency7,lang8,proficiency8,country,education,dyslexia,mobility,currentloc,radio-for-required-checkboxes,sensorypref2,xRes,yRes,sensorypref[],sensorypref1,sensorypref3,sensorypref4,practice_weiter.numClicks,practice_weiter.timesOn,practice_weiter.timesOff,pr_message_weiter.numClicks,pr_message_weiter.timesOn,pr_message_weiter.timesOff,pr_remember_weiter.numClicks,pr_remember_weiter.timesOn,pr_remember_weiter.timesOff,button_weiter.numClicks,button_weiter.timesOn,button_weiter.timesOff,pr_expressibility.response,pr_expressibility.rt,practice_trials.thisRepN,practice_trials.thisTrialN,practice_trials.thisN,practice_trials.thisIndex,practice_trials.ran,pr_word,pr_question,pr_image,start_weiter.numClicks,start_weiter.timesOn,start_weiter.timesOff,message_weiter.numClicks,message_weiter.timesOn,message_weiter.timesOff,trial_remember_weiter.numClicks,trial_remember_weiter.timesOn,trial_remember_weiter.timesOff,Count,Shelf time,trial_button_weiter.numClicks,trial_button_weiter.timesOn,trial_button_weiter.timesOff,expressibility.response,expressibility.rt,trials.thisRepN,trials.thisTrialN,trials.thisN,trials.thisIndex,trials.ran,word,fordict,question,trial_img,problem,problem_text,comment_text,end_experiment.numClicks,end_experiment.timesOn,end_experiment.timesOff
1.0,[4.964800000011923],[4.964900000035765],463298,1,21,2023-09-14_17h18.21.054,flesh_expressibility_dutch,2022.2.4,Linux aarch64,59.90534955,,,,,,,,,,,,,,,,,,,,,,,,,,,,,,,,,,,,,,,,,,,,,,,,,,,,,,,,,,,,,,,,,,,,,,,,,,,,,,,,,,,,,,,,,,,,,
,,,463298,1,21,2023-09-14_17h18.21.054,flesh_expressibility_dutch,2022.2.4,Linux aarch64,59.90534955,,,,,,,,,,,,,,,,,,,,,,,,,,,,,,,,,,,,,,,,,,,,,,,,,,,,,,,,,,,,,,,,,,,,,,,,,,,,,,,,,,,,,,,,,,,,,
,,,463298,1,21,2023-09-14_17h18.21.054,flesh_expressibility_dutch,2022.2.4,Linux aarch64,59.90534955,1.0,[24.787499999999998],[24.78769999998808],,,,,,,,,,,,,,,,,,,,,,,,,,,,,,,,,,,,,,,,,,,,,,,,,,,,,,,,,,,,,,,,,,,,,,,,,,,,,,,,,,,,,,,,,,
,,,463298,1,21,2023-09-14_17h18.21.054,flesh_expressibility_dutch,2022.2.4,Linux aarch64,59.90534955,,,,,,,,,,,,,,,,,,,,,,,,,,,,,,,,,,,,,,,,,,,,,,,,,,,,,,,,,,,,,,,,,,,,,,,,,,,,,,,,,,,,,,,,,,,,,
,,,463298,1,21,2023-09-14_17h18.21.054,flesh_expressibility_dutch,2022.2.4,Linux aarch64,59.90534955,,,,18.0,1.0,Nederlands ,,,,,,Engels ,2.0,Frans,1.0,,0.0,,0.0,,0.0,,0.0,,0.0,,0.0,NL,2.0,2.0,2.0,4.0,on,sensorypref2,771.0,360.0,,,,,,,,,,,,,,,,,,,,,,,,,,,,,,,,,,,,,,,,,,,,,,,,,,,,,,,,,
,,,463298,1,21,2023-09-14_17h18.21.054,flesh_expressibility_dutch,2022.2.4,Linux aarch64,59.90534955,,,,18.0,1.0,Nederlands ,,,,,,Engels ,2.0,Frans,1.0,,0.0,,0.0,,0.0,,0.0,,0.0,,0.0,NL,2.0,2.0,2.0,4.0,,sensorypref2,771.0,360.0,,,,,1.0,[208.04149999999998],[208.04190000003575],,,,,,,,,,,,,,,,,,,,,,,,,,,,,,,,,,,,,,,,,,,,,,,,,,
,,,463298,1,21,2023-09-14_17h18.21.054,flesh_expressibility_dutch,2022.2.4,Linux aarch64,59.90534955,,,,18.0,1.0,Nederlands ,,,,,,Engels ,2.0,Frans,1.0,,0.0,,0.0,,0.0,,0.0,,0.0,,0.0,NL,2.0,2.0,2.0,4.0,,sensorypref2,771.0,360.0,,,,,,,,,,,,,,,,,,,,,,,,,,,,,,,,,,,,,,,,,,,,,,,,,,,,,,,,,
,,,463298,1,21,2023-09-14_17h18.21.054,flesh_expressibility_dutch,2022.2.4,Linux aarch64,59.90534955,,,,18.0,1.0,Nederlands ,,,,,,Engels ,2.0,Frans,1.0,,0.0,,0.0,,0.0,,0.0,,0.0,,0.0,NL,2.0,2.0,2.0,4.0,,sensorypref2,771.0,360.0,,,,,,,,1.0,[217.71019999998808],[217.71030000001193],1.0,[221.87349999999998],[221.87359999996423],1.0,[1.8203000000119118],[1.820400000035761],0.289464495,9.4205,0.0,0.0,0.0,0.0,1.0,koken,question_multimodal.png,im_combination.png,,,,,,,,,,,,,,,,,,,,,,,,,,,,,,,
,,,463298,1,21,2023-09-14_17h18.21.054,flesh_expressibility_dutch,2022.2.4,Linux aarch64,59.90534955,,,,18.0,1.0,Nederlands ,,,,,,Engels ,2.0,Frans,1.0,,0.0,,0.0,,0.0,,0.0,,0.0,,0.0,NL,2.0,2.0,2.0,4.0,,sensorypref2,771.0,360.0,,,,,,,,,,,,,,2.0,"[1.8203000000119118,0.6808999999761625]","[1.820400000035761,0.6809999999999832]",0.325781135,2.9633,0.0,1.0,1.0,1.0,1.0,leeuw,question_multimodal.png,im_combination.png,,,,,,,,,,,,,,,,,,,,,,,,,,,,,,,
,,,463298,1,21,2023-09-14_17h18.21.054,flesh_expressibility_dutch,2022.2.4,Linux aarch64,59.90534955,,,,18.0,1.0,Nederlands ,,,,,,Engels ,2.0,Frans,1.0,,0.0,,0.0,,0.0,,0.0,,0.0,,0.0,NL,2.0,2.0,2.0,4.0,,sensorypref2,771.0,360.0,,,,,,,,2.0,"[217.71019999998808,243.35490000003577]","[217.71030000001193,243.35510000002384]",2.0,"[221.87349999999998,246.48629999995228]","[221.87359999996423,246.48629999995228]",3.0,"[1.8203000000119118,0.6808999999761625,0.6169000000357414]","[1.820400000035761,0.6809999999999832,0.6171000000238109]",-0.095064204,5.4556,0.0,0.0,0.0,0.0,1.0,liefde,question_vocal.png,im_mouth.png,,,,,,,,,,,,,,,,,,,,,,,,,,,,,,,
,,,463298,1,21,2023-09-14_17h18.21.054,flesh_expressibility_dutch,2022.2.4,Linux aarch64,59.90534955,,,,18.0,1.0,Nederlands ,,,,,,Engels ,2.0,Frans,1.0,,0.0,,0.0,,0.0,,0.0,,0.0,,0.0,NL,2.0,2.0,2.0,4.0,,sensorypref2,771.0,360.0,,,,,,,,,,,,,,4.0,"[1.8203000000119118,0.6808999999761625,0.6169000000357414,0.5178999999761231]","[1.820400000035761,0.6809999999999832,0.6171000000238109,0.5179999999999723]",-0.276647112,9.339,0.0,1.0,1.0,1.0,1.0,moe,question_vocal.png,im_mouth.png,,,,,,,,,,,,,,,,,,,,,,,,,,,,,,,
,,,463298,1,21,2023-09-14_17h18.21.054,flesh_expressibility_dutch,2022.2.4,Linux aarch64,59.90534955,,,,18.0,1.0,Nederlands ,,,,,,Engels ,2.0,Frans,1.0,,0.0,,0.0,,0.0,,0.0,,0.0,,0.0,NL,2.0,2.0,2.0,4.0,,sensorypref2,771.0,360.0,,,,,,,,3.0,"[217.71019999998808,243.35490000003577,268.3178000000119]","[217.71030000001193,243.35510000002384,268.31790000003576]",3.0,"[221.87349999999998,246.48629999995228,269.6727999999523]","[221.87359999996423,246.48629999995228,269.673]",5.0,"[1.8203000000119118,0.6808999999761625,0.6169000000357414,0.5178999999761231,0.5686999999880982]","[1.820400000035761,0.6809999999999832,0.6171000000238109,0.5179999999999723,0.5686999999880982]",0.665447984,3.8332,0.0,0.0,0.0,1.0,1.0,auto,question_gesture.png,im_hand.png,,,,,,,,,,,,,,,,,,,,,,,,,,,,,,,
,,,463298,1,21,2023-09-14_17h18.21.054,flesh_expressibility_dutch,2022.2.4,Linux aarch64,59.90534955,,,,18.0,1.0,Nederlands ,,,,,,Engels ,2.0,Frans,1.0,,0.0,,0.0,,0.0,,0.0,,0.0,,0.0,NL,2.0,2.0,2.0,4.0,,sensorypref2,771.0,360.0,,,,,,,,,,,,,,6.0,"[1.8203000000119118,0.6808999999761625,0.6169000000357414,0.5178999999761231,0.5686999999880982,0.6264999999999645]","[1.820400000035761,0.6809999999999832,0.6171000000238109,0.5179999999999723,0.5686999999880982,0.6266000000238137]",0.691083326,2.0097,0.0,1.0,1.0,0.0,1.0,baby,question_gesture.png,im_hand.png,,,,,,,,,,,,,,,,,,,,,,,,,,,,,,,
,,,463298,1,21,2023-09-14_17h18.21.054,flesh_expressibility_dutch,2022.2.4,Linux aarch64,59.90534955,,,,18.0,1.0,Nederlands ,,,,,,Engels ,2.0,Frans,1.0,,0.0,,0.0,,0.0,,0.0,,0.0,,0.0,NL,2.0,2.0,2.0,4.0,,sensorypref2,771.0,360.0,,,,,,,,,,,,,,,,,,,,,,,,,,,1.0,[289.4607999999523],[289.461],,,,,,,,,,,,,,,,,,,,,,,,,,,,
,,,463298,1,21,2023-09-14_17h18.21.054,flesh_expressibility_dutch,2022.2.4,Linux aarch64,59.90534955,,,,18.0,1.0,Nederlands ,,,,,,Engels ,2.0,Frans,1.0,,0.0,,0.0,,0.0,,0.0,,0.0,,0.0,NL,2.0,2.0,2.0,4.0,,sensorypref2,771.0,360.0,,,,,,,,,,,,,,,,,,,,,,,,,,,,,,,,,,,,,,,,,,,,,,,,,,,,,,,,,
,,,463298,1,21,2023-09-14_17h18.21.054,flesh_expressibility_dutch,2022.2.4,Linux aarch64,59.90534955,,,,18.0,1.0,Nederlands ,,,,,,Engels ,2.0,Frans,1.0,,0.0,,0.0,,0.0,,0.0,,0.0,,0.0,NL,2.0,2.0,2.0,4.0,,sensorypref2,771.0,360.0,,,,,,,,,,,,,,,,,,,,,,,,,,,,,,1.0,[297.86460000002387],[297.8646999999881],1.0,[299.6258000000119],[299.62590000003576],20.0,301.2,1.0,[2.3364000000357805],[2.33660000002385],-0.101473039,6.8798,0.0,0.0,0.0,147.0,1.0,knopen,mknopen,question_multimodal.png,im_combination.png,,,,,,
,,,463298,1,21,2023-09-14_17h18.21.054,flesh_expressibility_dutch,2022.2.4,Linux aarch64,59.90534955,,,,18.0,1.0,Nederlands ,,,,,,Engels ,2.0,Frans,1.0,,0.0,,0.0,,0.0,,0.0,,0.0,,0.0,NL,2.0,2.0,2.0,4.0,,sensorypref2,771.0,360.0,,,,,,,,,,,,,,,,,,,,,,,,,,,,,,,,,,,,14.0,308.3791,2.0,"[2.3364000000357805,2.658999999999992]","[2.33660000002385,2.659100000023841]",-0.633404094,6.3237,0.0,1.0,1.0,20.0,1.0,verleden,mverleden,question_multimodal.png,im_combination.png,,,,,,
,,,463298,1,21,2023-09-14_17h18.21.054,flesh_expressibility_dutch,2022.2.4,Linux aarch64,59.90534955,,,,18.0,1.0,Nederlands ,,,,,,Engels ,2.0,Frans,1.0,,0.0,,0.0,,0.0,,0.0,,0.0,,0.0,NL,2.0,2.0,2.0,4.0,,sensorypref2,771.0,360.0,,,,,,,,,,,,,,,,,,,,,,,,,,,,,,,,,,,,8.0,315.0372,3.0,"[2.3364000000357805,2.658999999999992,0.44960000002379275]","[2.33660000002385,2.659100000023841,0.44969999998807]",0.733808802,3.6468,0.0,2.0,2.0,145.0,1.0,slaan,mslaan,question_multimodal.png,im_combination.png,,,,,,
,,,463298,1,21,2023-09-14_17h18.21.054,flesh_expressibility_dutch,2022.2.4,Linux aarch64,59.90534955,,,,18.0,1.0,Nederlands ,,,,,,Engels ,2.0,Frans,1.0,,0.0,,0.0,,0.0,,0.0,,0.0,,0.0,NL,2.0,2.0,2.0,4.0,,sensorypref2,771.0,360.0,,,,,,,,,,,,,,,,,,,,,,,,,,,,,,,,,,,,15.0,319.1304,4.0,"[2.3364000000357805,2.658999999999992,0.44960000002379275,0.4508999999761727]","[2.33660000002385,2.659100000023841,0.44969999998807,0.4508999999761727]",-0.83634974,3.632,0.0,3.0,3.0,5.0,1.0,honing,mhoning,question_multimodal.png,im_combination.png,,,,,,
,,,463298,1,21,2023-09-14_17h18.21.054,flesh_expressibility_dutch,2022.2.4,Linux aarch64,59.90534955,,,,18.0,1.0,Nederlands ,,,,,,Engels ,2.0,Frans,1.0,,0.0,,0.0,,0.0,,0.0,,0.0,,0.0,NL,2.0,2.0,2.0,4.0,,sensorypref2,771.0,360.0,,,,,,,,,,,,,,,,,,,,,,,,,,,,,,,,,,,,7.0,323.2172,5.0,"[2.3364000000357805,2.658999999999992,0.44960000002379275,0.4508999999761727,0.4186000000238437]","[2.33660000002385,2.659100000023841,0.44969999998807,0.4508999999761727,0.41870000004763597]",-0.268101758,3.82,0.0,4.0,4.0,132.0,1.0,aarde,maarde,question_multimodal.png,im_combination.png,,,,,,
,,,463298,1,21,2023-09-14_17h18.21.054,flesh_expressibility_dutch,2022.2.4,Linux aarch64,59.90534955,,,,18.0,1.0,Nederlands ,,,,,,Engels ,2.0,Frans,1.0,,0.0,,0.0,,0.0,,0.0,,0.0,,0.0,NL,2.0,2.0,2.0,4.0,,sensorypref2,771.0,360.0,,,,,,,,,,,,,,,,,,,,,,,,,,,,,,,,,,,,11.0,327.48,6.0,"[2.3364000000357805,2.658999999999992,0.44960000002379275,0.4508999999761727,0.4186000000238437,0.4527000000476846]","[2.33660000002385,2.659100000023841,0.44969999998807,0.4508999999761727,0.41870000004763597,0.452800000011905]",-0.36423386,5.1982,0.0,5.0,5.0,68.0,1.0,scherp,mscherp,question_multimodal.png,im_combination.png,,,,,,
,,,463298,1,21,2023-09-14_17h18.21.054,flesh_expressibility_dutch,2022.2.4,Linux aarch64,59.90534955,,,,18.0,1.0,Nederlands ,,,,,,Engels ,2.0,Frans,1.0,,0.0,,0.0,,0.0,,0.0,,0.0,,0.0,NL,2.0,2.0,2.0,4.0,,sensorypref2,771.0,360.0,,,,,,,,,,,,,,,,,,,,,,,,,,,,,,,,,,,,8.0,333.1036,7.0,"[2.3364000000357805,2.658999999999992,0.44960000002379275,0.4508999999761727,0.4186000000238437,0.4527000000476846,0.40010000002388324]","[2.33660000002385,2.659100000023841,0.44969999998807,0.4508999999761727,0.41870000004763597,0.452800000011905,0.40020000004767553]",-0.116426797,7.4259,0.0,6.0,6.0,57.0,1.0,fruit,mfruit,question_multimodal.png,im_combination.png,,,,,,
,,,463298,1,21,2023-09-14_17h18.21.054,flesh_expressibility_dutch,2022.2.4,Linux aarch64,59.90534955,,,,18.0,1.0,Nederlands ,,,,,,Engels ,2.0,Frans,1.0,,0.0,,0.0,,0.0,,0.0,,0.0,,0.0,NL,2.0,2.0,2.0,4.0,,sensorypref2,771.0,360.0,,,,,,,,,,,,,,,,,,,,,,,,,,,,,,,,,,,,12.0,340.9685,8.0,"[2.3364000000357805,2.658999999999992,0.44960000002379275,0.4508999999761727,0.4186000000238437,0.4527000000476846,0.40010000002388324,0.3666000000238796]","[2.33660000002385,2.659100000023841,0.44969999998807,0.4508999999761727,0.41870000004763597,0.452800000011905,0.40020000004767553,0.3666999999881]",-0.424049756,2.5443,0.0,7.0,7.0,131.0,1.0,zand,mzand,question_multimodal.png,im_combination.png,,,,,,
,,,463298,1,21,2023-09-14_17h18.21.054,flesh_expressibility_dutch,2022.2.4,Linux aarch64,59.90534955,,,,18.0,1.0,Nederlands ,,,,,,Engels ,2.0,Frans,1.0,,0.0,,0.0,,0.0,,0.0,,0.0,,0.0,NL,2.0,2.0,2.0,4.0,,sensorypref2,771.0,360.0,,,,,,,,,,,,,,,,,,,,,,,,,,,,,,,,,,,,8.0,343.8569,9.0,"[2.3364000000357805,2.658999999999992,0.44960000002379275,0.4508999999761727,0.4186000000238437,0.4527000000476846,0.40010000002388324,0.3666000000238796,0.36769999998807634]","[2.33660000002385,2.659100000023841,0.44969999998807,0.4508999999761727,0.41870000004763597,0.452800000011905,0.40020000004767553,0.3666999999881,0.3678000000119255]",-0.122835633,3.8487,0.0,8.0,8.0,177.0,1.0,kind,mkind,question_multimodal.png,im_combination.png,,,,,,
,,,463298,1,21,2023-09-14_17h18.21.054,flesh_expressibility_dutch,2022.2.4,Linux aarch64,59.90534955,,,,18.0,1.0,Nederlands ,,,,,,Engels ,2.0,Frans,1.0,,0.0,,0.0,,0.0,,0.0,,0.0,,0.0,NL,2.0,2.0,2.0,4.0,,sensorypref2,771.0,360.0,,,,,,,,,,,,,,,,,,,,,,,,,,,,,,,,,,,,10.0,348.0886,10.0,"[2.3364000000357805,2.658999999999992,0.44960000002379275,0.4508999999761727,0.4186000000238437,0.4527000000476846,0.40010000002388324,0.3666000000238796,0.36769999998807634,0.43489999997615314]","[2.33660000002385,2.659100000023841,0.44969999998807,0.4508999999761727,0.41870000004763597,0.452800000011905,0.40020000004767553,0.3666999999881,0.3678000000119255,0.4350000000000023]",0.424049468,4.0336,0.0,9.0,9.0,11.0,1.0,voelen,mvoelen,question_multimodal.png,im_combination.png,,,,,,
,,,463298,1,21,2023-09-14_17h18.21.054,flesh_expressibility_dutch,2022.2.4,Linux aarch64,59.90534955,,,,18.0,1.0,Nederlands ,,,,,,Engels ,2.0,Frans,1.0,,0.0,,0.0,,0.0,,0.0,,0.0,,0.0,NL,2.0,2.0,2.0,4.0,,sensorypref2,771.0,360.0,,,,,,,,,,,,,,,,,,,,,,,,,,,,,,,,,,,,12.0,352.5312,11.0,"[2.3364000000357805,2.658999999999992,0.44960000002379275,0.4508999999761727,0.4186000000238437,0.4527000000476846,0.40010000002388324,0.3666000000238796,0.36769999998807634,0.43489999997615314,0.38199999999994816]","[2.33660000002385,2.659100000023841,0.44969999998807,0.4508999999761727,0.41870000004763597,0.452800000011905,0.40020000004767553,0.3666999999881,0.3678000000119255,0.4350000000000023,0.3824999999999932]",-0.40695948,9.7888,0.0,10.0,10.0,179.0,1.0,zij,mzij,question_multimodal.png,im_combination.png,,,,,,
,,,463298,1,21,2023-09-14_17h18.21.054,flesh_expressibility_dutch,2022.2.4,Linux aarch64,59.90534955,,,,18.0,1.0,Nederlands ,,,,,,Engels ,2.0,Frans,1.0,,0.0,,0.0,,0.0,,0.0,,0.0,,0.0,NL,2.0,2.0,2.0,4.0,,sensorypref2,771.0,360.0,,,,,,,,,,,,,,,,,,,,,,,,,,,,,,,,,,,,12.0,362.7605,12.0,"[2.3364000000357805,2.658999999999992,0.44960000002379275,0.4508999999761727,0.4186000000238437,0.4527000000476846,0.40010000002388324,0.3666000000238796,0.36769999998807634,0.43489999997615314,0.38199999999994816,0.4375999999642204]","[2.33660000002385,2.659100000023841,0.44969999998807,0.4508999999761727,0.41870000004763597,0.452800000011905,0.40020000004767553,0.3666999999881,0.3678000000119255,0.4350000000000023,0.3824999999999932,0.4375999999642204]",0.590678619,3.5737,0.0,11.0,11.0,155.0,1.0,zuigen,mzuigen,question_multimodal.png,im_combination.png,,,,,,
,,,463298,1,21,2023-09-14_17h18.21.054,flesh_expressibility_dutch,2022.2.4,Linux aarch64,59.90534955,,,,18.0,1.0,Nederlands ,,,,,,Engels ,2.0,Frans,1.0,,0.0,,0.0,,0.0,,0.0,,0.0,,0.0,NL,2.0,2.0,2.0,4.0,,sensorypref2,771.0,360.0,,,,,,,,,,,,,,,,,,,,,,,,,,,,,,,,,,,,15.0,366.806,13.0,"[2.3364000000357805,2.658999999999992,0.44960000002379275,0.4508999999761727,0.4186000000238437,0.4527000000476846,0.40010000002388324,0.3666000000238796,0.36769999998807634,0.43489999997615314,0.38199999999994816,0.4375999999642204,0.3864000000357919]","[2.33660000002385,2.659100000023841,0.44969999998807,0.4508999999761727,0.41870000004763597,0.452800000011905,0.40020000004767553,0.3666999999881,0.3678000000119255,0.4350000000000023,0.3824999999999932,0.4375999999642204,0.3865000000000123]",-0.409095566,3.1092,0.0,12.0,12.0,80.0,1.0,vijand,mvijand,question_multimodal.png,im_combination.png,,,,,,
,,,463298,1,21,2023-09-14_17h18.21.054,flesh_expressibility_dutch,2022.2.4,Linux aarch64,59.90534955,,,,18.0,1.0,Nederlands ,,,,,,Engels ,2.0,Frans,1.0,,0.0,,0.0,,0.0,,0.0,,0.0,,0.0,NL,2.0,2.0,2.0,4.0,,sensorypref2,771.0,360.0,,,,,,,,,,,,,,,,,,,,,,,,,,,,,,,,,,,,10.0,370.2268,14.0,"[2.3364000000357805,2.658999999999992,0.44960000002379275,0.4508999999761727,0.4186000000238437,0.4527000000476846,0.40010000002388324,0.3666000000238796,0.36769999998807634,0.43489999997615314,0.38199999999994816,0.4375999999642204,0.3864000000357919,1.6345000000000027]","[2.33660000002385,2.659100000023841,0.44969999998807,0.4508999999761727,0.41870000004763597,0.452800000011905,0.40020000004767553,0.3666999999881,0.3678000000119255,0.4350000000000023,0.3824999999999932,0.4375999999642204,0.3865000000000123,1.63459999996428]",0.699628537,3.8824,0.0,13.0,13.0,19.0,1.0,misschien,mmisschien,question_multimodal.png,im_combination.png,,,,,,
,,,463298,1,21,2023-09-14_17h18.21.054,flesh_expressibility_dutch,2022.2.4,Linux aarch64,59.90534955,,,,18.0,1.0,Nederlands ,,,,,,Engels ,2.0,Frans,1.0,,0.0,,0.0,,0.0,,0.0,,0.0,,0.0,NL,2.0,2.0,2.0,4.0,,sensorypref2,771.0,360.0,,,,,,,,,,,,,,,,,,,,,,,,,,,,,,,,,,,,12.0,374.9906,15.0,"[2.3364000000357805,2.658999999999992,0.44960000002379275,0.4508999999761727,0.4186000000238437,0.4527000000476846,0.40010000002388324,0.3666000000238796,0.36769999998807634,0.43489999997615314,0.38199999999994816,0.4375999999642204,0.3864000000357919,1.6345000000000027,1.065499999999986]","[2.33660000002385,2.659100000023841,0.44969999998807,0.4508999999761727,0.41870000004763597,0.452800000011905,0.40020000004767553,0.3666999999881,0.3678000000119255,0.4350000000000023,0.3824999999999932,0.4375999999642204,0.3865000000000123,1.63459999996428,1.065499999999986]",0.819259463,4.4246,0.0,14.0,14.0,133.0,1.0,ster,mster,question_multimodal.png,im_combination.png,,,,,,
,,,463298,1,21,2023-09-14_17h18.21.054,flesh_expressibility_dutch,2022.2.4,Linux aarch64,59.90534955,,,,18.0,1.0,Nederlands ,,,,,,Engels ,2.0,Frans,1.0,,0.0,,0.0,,0.0,,0.0,,0.0,,0.0,NL,2.0,2.0,2.0,4.0,,sensorypref2,771.0,360.0,,,,,,,,,,,,,,,,,,,,,,,,,,,,,,,,,,,,4.0,379.9187,16.0,"[2.3364000000357805,2.658999999999992,0.44960000002379275,0.4508999999761727,0.4186000000238437,0.4527000000476846,0.40010000002388324,0.3666000000238796,0.36769999998807634,0.43489999997615314,0.38199999999994816,0.4375999999642204,0.3864000000357919,1.6345000000000027,1.065499999999986,1.1951999999881195]","[2.33660000002385,2.659100000023841,0.44969999998807,0.4508999999761727,0.41870000004763597,0.452800000011905,0.40020000004767553,0.3666999999881,0.3678000000119255,0.4350000000000023,0.3824999999999932,0.4375999999642204,0.3865000000000123,1.63459999996428,1.065499999999986,1.1953000000119687]",-0.51804534,4.1589,0.0,15.0,15.0,182.0,1.0,naam,mnaam,question_multimodal.png,im_combination.png,,,,,,
,,,463298,1,21,2023-09-14_17h18.21.054,flesh_expressibility_dutch,2022.2.4,Linux aarch64,59.90534955,,,,18.0,1.0,Nederlands ,,,,,,Engels ,2.0,Frans,1.0,,0.0,,0.0,,0.0,,0.0,,0.0,,0.0,NL,2.0,2.0,2.0,4.0,,sensorypref2,771.0,360.0,,,,,,,,,,,,,,,,,,,,,,,,,,,,,,,,,,,,11.0,384.615,17.0,"[2.3364000000357805,2.658999999999992,0.44960000002379275,0.4508999999761727,0.4186000000238437,0.4527000000476846,0.40010000002388324,0.3666000000238796,0.36769999998807634,0.43489999997615314,0.38199999999994816,0.4375999999642204,0.3864000000357919,1.6345000000000027,1.065499999999986,1.1951999999881195,0.3371000000238382]","[2.33660000002385,2.659100000023841,0.44969999998807,0.4508999999761727,0.41870000004763597,0.452800000011905,0.40020000004767553,0.3666999999881,0.3678000000119255,0.4350000000000023,0.3824999999999932,0.4375999999642204,0.3865000000000123,1.63459999996428,1.065499999999986,1.1953000000119687,0.33720000004768735]",1.0,2.6228,0.0,16.0,16.0,56.0,1.0,grommen,mgrommen,question_multimodal.png,im_combination.png,,,,,,
,,,463298,1,21,2023-09-14_17h18.21.054,flesh_expressibility_dutch,2022.2.4,Linux aarch64,59.90534955,,,,18.0,1.0,Nederlands ,,,,,,Engels ,2.0,Frans,1.0,,0.0,,0.0,,0.0,,0.0,,0.0,,0.0,NL,2.0,2.0,2.0,4.0,,sensorypref2,771.0,360.0,,,,,,,,,,,,,,,,,,,,,,,,,,,,,,,,,,,,10.0,387.4698,18.0,"[2.3364000000357805,2.658999999999992,0.44960000002379275,0.4508999999761727,0.4186000000238437,0.4527000000476846,0.40010000002388324,0.3666000000238796,0.36769999998807634,0.43489999997615314,0.38199999999994816,0.4375999999642204,0.3864000000357919,1.6345000000000027,1.065499999999986,1.1951999999881195,0.3371000000238382,0.45560000002387824]","[2.33660000002385,2.659100000023841,0.44969999998807,0.4508999999761727,0.41870000004763597,0.452800000011905,0.40020000004767553,0.3666999999881,0.3678000000119255,0.4350000000000023,0.3824999999999932,0.4375999999642204,0.3865000000000123,1.63459999996428,1.065499999999986,1.1953000000119687,0.33720000004768735,0.45570000004772737]",0.227512513,3.6979,0.0,17.0,17.0,199.0,1.0,nacht,mnacht,question_multimodal.png,im_combination.png,,,,,,
,,,463298,1,21,2023-09-14_17h18.21.054,flesh_expressibility_dutch,2022.2.4,Linux aarch64,59.90534955,,,,18.0,1.0,Nederlands ,,,,,,Engels ,2.0,Frans,1.0,,0.0,,0.0,,0.0,,0.0,,0.0,,0.0,NL,2.0,2.0,2.0,4.0,,sensorypref2,771.0,360.0,,,,,,,,,,,,,,,,,,,,,,,,,,,,,,,,,,,,17.0,391.6421,19.0,"[2.3364000000357805,2.658999999999992,0.44960000002379275,0.4508999999761727,0.4186000000238437,0.4527000000476846,0.40010000002388324,0.3666000000238796,0.36769999998807634,0.43489999997615314,0.38199999999994816,0.4375999999642204,0.3864000000357919,1.6345000000000027,1.065499999999986,1.1951999999881195,0.3371000000238382,0.45560000002387824,0.3677000000477051]","[2.33660000002385,2.659100000023841,0.44969999998807,0.4508999999761727,0.41870000004763597,0.452800000011905,0.40020000004767553,0.3666999999881,0.3678000000119255,0.4350000000000023,0.3824999999999932,0.4375999999642204,0.3865000000000123,1.63459999996428,1.065499999999986,1.1953000000119687,0.33720000004768735,0.45570000004772737,0.3677000000477051]",0.913255335,2.8946,0.0,18.0,18.0,48.0,1.0,vliegen,mvliegen,question_multimodal.png,im_combination.png,,,,,,
,,,463298,1,21,2023-09-14_17h18.21.054,flesh_expressibility_dutch,2022.2.4,Linux aarch64,59.90534955,,,,18.0,1.0,Nederlands ,,,,,,Engels ,2.0,Frans,1.0,,0.0,,0.0,,0.0,,0.0,,0.0,,0.0,NL,2.0,2.0,2.0,4.0,,sensorypref2,771.0,360.0,,,,,,,,,,,,,,,,,,,,,,,,,,,,,,,,,,,,19.0,394.9072,20.0,"[2.3364000000357805,2.658999999999992,0.44960000002379275,0.4508999999761727,0.4186000000238437,0.4527000000476846,0.40010000002388324,0.3666000000238796,0.36769999998807634,0.43489999997615314,0.38199999999994816,0.4375999999642204,0.3864000000357919,1.6345000000000027,1.065499999999986,1.1951999999881195,0.3371000000238382,0.45560000002387824,0.3677000000477051,0.6506999999880918]","[2.33660000002385,2.659100000023841,0.44969999998807,0.4508999999761727,0.41870000004763597,0.452800000011905,0.40020000004767553,0.3666999999881,0.3678000000119255,0.4350000000000023,0.3824999999999932,0.4375999999642204,0.3865000000000123,1.63459999996428,1.065499999999986,1.1953000000119687,0.33720000004768735,0.45570000004772737,0.3677000000477051,0.6508999999761613]",-0.594951224,4.6689,0.0,19.0,19.0,124.0,1.0,nek,mnek,question_multimodal.png,im_combination.png,,,,,,
,,,463298,1,21,2023-09-14_17h18.21.054,flesh_expressibility_dutch,2022.2.4,Linux aarch64,59.90534955,,,,18.0,1.0,Nederlands ,,,,,,Engels ,2.0,Frans,1.0,,0.0,,0.0,,0.0,,0.0,,0.0,,0.0,NL,2.0,2.0,2.0,4.0,,sensorypref2,771.0,360.0,,,,,,,,,,,,,,,,,,,,,,,,,,,,,,2.0,"[297.86460000002387,403.6853000000119]","[297.8646999999881,403.68560000002384]",2.0,"[299.6258000000119,405.48390000003576]","[299.62590000003576,405.484]",8.0,406.8639,21.0,"[2.3364000000357805,2.658999999999992,0.44960000002379275,0.4508999999761727,0.4186000000238437,0.4527000000476846,0.40010000002388324,0.3666000000238796,0.36769999998807634,0.43489999997615314,0.38199999999994816,0.4375999999642204,0.3864000000357919,1.6345000000000027,1.065499999999986,1.1951999999881195,0.3371000000238382,0.45560000002387824,0.3677000000477051,0.6506999999880918,0.401599999964219]","[2.33660000002385,2.659100000023841,0.44969999998807,0.4508999999761727,0.41870000004763597,0.452800000011905,0.40020000004767553,0.3666999999881,0.3678000000119255,0.4350000000000023,0.3824999999999932,0.4375999999642204,0.3865000000000123,1.63459999996428,1.065499999999986,1.1953000000119687,0.33720000004768735,0.45570000004772737,0.3677000000477051,0.6508999999761613,0.4018000000119173]",0.265965527,6.3872,0.0,0.0,0.0,37.0,1.0,walgen,vwalgen,question_vocal.png,im_mouth.png,,,,,,
,,,463298,1,21,2023-09-14_17h18.21.054,flesh_expressibility_dutch,2022.2.4,Linux aarch64,59.90534955,,,,18.0,1.0,Nederlands ,,,,,,Engels ,2.0,Frans,1.0,,0.0,,0.0,,0.0,,0.0,,0.0,,0.0,NL,2.0,2.0,2.0,4.0,,sensorypref2,771.0,360.0,,,,,,,,,,,,,,,,,,,,,,,,,,,,,,,,,,,,15.0,413.692,22.0,"[2.3364000000357805,2.658999999999992,0.44960000002379275,0.4508999999761727,0.4186000000238437,0.4527000000476846,0.40010000002388324,0.3666000000238796,0.36769999998807634,0.43489999997615314,0.38199999999994816,0.4375999999642204,0.3864000000357919,1.6345000000000027,1.065499999999986,1.1951999999881195,0.3371000000238382,0.45560000002387824,0.3677000000477051,0.6506999999880918,0.401599999964219,1.7574999999999932]","[2.33660000002385,2.659100000023841,0.44969999998807,0.4508999999761727,0.41870000004763597,0.452800000011905,0.40020000004767553,0.3666999999881,0.3678000000119255,0.4350000000000023,0.3824999999999932,0.4375999999642204,0.3865000000000123,1.63459999996428,1.065499999999986,1.1953000000119687,0.33720000004768735,0.45570000004772737,0.3677000000477051,0.6508999999761613,0.4018000000119173,1.7574999999999932]",-0.477456528,3.9987,0.0,1.0,1.0,69.0,1.0,glad,vglad,question_vocal.png,im_mouth.png,,,,,,
,,,463298,1,21,2023-09-14_17h18.21.054,flesh_expressibility_dutch,2022.2.4,Linux aarch64,59.90534955,,,,18.0,1.0,Nederlands ,,,,,,Engels ,2.0,Frans,1.0,,0.0,,0.0,,0.0,,0.0,,0.0,,0.0,NL,2.0,2.0,2.0,4.0,,sensorypref2,771.0,360.0,,,,,,,,,,,,,,,,,,,,,,,,,,,,,,,,,,,,10.0,419.4533,23.0,"[2.3364000000357805,2.658999999999992,0.44960000002379275,0.4508999999761727,0.4186000000238437,0.4527000000476846,0.40010000002388324,0.3666000000238796,0.36769999998807634,0.43489999997615314,0.38199999999994816,0.4375999999642204,0.3864000000357919,1.6345000000000027,1.065499999999986,1.1951999999881195,0.3371000000238382,0.45560000002387824,0.3677000000477051,0.6506999999880918,0.401599999964219,1.7574999999999932,0.7991999999880477]","[2.33660000002385,2.659100000023841,0.44969999998807,0.4508999999761727,0.41870000004763597,0.452800000011905,0.40020000004767553,0.3666999999881,0.3678000000119255,0.4350000000000023,0.3824999999999932,0.4375999999642204,0.3865000000000123,1.63459999996428,1.065499999999986,1.1953000000119687,0.33720000004768735,0.45570000004772737,0.3677000000477051,0.6508999999761613,0.4018000000119173,1.7574999999999932,0.799400000035746]",0.118562883,5.3615,0.0,2.0,2.0,130.0,1.0,regen,vregen,question_vocal.png,im_mouth.png,,,,,,
,,,463298,1,21,2023-09-14_17h18.21.054,flesh_expressibility_dutch,2022.2.4,Linux aarch64,59.90534955,,,,18.0,1.0,Nederlands ,,,,,,Engels ,2.0,Frans,1.0,,0.0,,0.0,,0.0,,0.0,,0.0,,0.0,NL,2.0,2.0,2.0,4.0,,sensorypref2,771.0,360.0,,,,,,,,,,,,,,,,,,,,,,,,,,,,,,,,,,,,11.0,425.5993,24.0,"[2.3364000000357805,2.658999999999992,0.44960000002379275,0.4508999999761727,0.4186000000238437,0.4527000000476846,0.40010000002388324,0.3666000000238796,0.36769999998807634,0.43489999997615314,0.38199999999994816,0.4375999999642204,0.3864000000357919,1.6345000000000027,1.065499999999986,1.1951999999881195,0.3371000000238382,0.45560000002387824,0.3677000000477051,0.6506999999880918,0.401599999964219,1.7574999999999932,0.7991999999880477,0.35909999996420083]","[2.33660000002385,2.659100000023841,0.44969999998807,0.4508999999761727,0.41870000004763597,0.452800000011905,0.40020000004767553,0.3666999999881,0.3678000000119255,0.4350000000000023,0.3824999999999932,0.4375999999642204,0.3865000000000123,1.63459999996428,1.065499999999986,1.1953000000119687,0.33720000004768735,0.45570000004772737,0.3677000000477051,0.6508999999761613,0.4018000000119173,1.7574999999999932,0.799400000035746,0.3592999999523272]",-0.898301578,2.896,0.0,3.0,3.0,136.0,1.0,komen,vkomen,question_vocal.png,im_mouth.png,,,,,,
,,,463298,1,21,2023-09-14_17h18.21.054,flesh_expressibility_dutch,2022.2.4,Linux aarch64,59.90534955,,,,18.0,1.0,Nederlands ,,,,,,Engels ,2.0,Frans,1.0,,0.0,,0.0,,0.0,,0.0,,0.0,,0.0,NL,2.0,2.0,2.0,4.0,,sensorypref2,771.0,360.0,,,,,,,,,,,,,,,,,,,,,,,,,,,,,,,,,,,,11.0,428.9269,25.0,"[2.3364000000357805,2.658999999999992,0.44960000002379275,0.4508999999761727,0.4186000000238437,0.4527000000476846,0.40010000002388324,0.3666000000238796,0.36769999998807634,0.43489999997615314,0.38199999999994816,0.4375999999642204,0.3864000000357919,1.6345000000000027,1.065499999999986,1.1951999999881195,0.3371000000238382,0.45560000002387824,0.3677000000477051,0.6506999999880918,0.401599999964219,1.7574999999999932,0.7991999999880477,0.35909999996420083,0.35180000001196277]","[2.33660000002385,2.659100000023841,0.44969999998807,0.4508999999761727,0.41870000004763597,0.452800000011905,0.40020000004767553,0.3666999999881,0.3678000000119255,0.4350000000000023,0.3824999999999932,0.4375999999642204,0.3865000000000123,1.63459999996428,1.065499999999986,1.1953000000119687,0.33720000004768735,0.45570000004772737,0.3677000000477051,0.6508999999761613,0.4018000000119173,1.7574999999999932,0.799400000035746,0.3592999999523272,0.35190000003575506]",-0.36423386,5.3163,0.0,4.0,4.0,129.0,1.0,goed,vgoed,question_vocal.png,im_mouth.png,,,,,,
,,,463298,1,21,2023-09-14_17h18.21.054,flesh_expressibility_dutch,2022.2.4,Linux aarch64,59.90534955,,,,18.0,1.0,Nederlands ,,,,,,Engels ,2.0,Frans,1.0,,0.0,,0.0,,0.0,,0.0,,0.0,,0.0,NL,2.0,2.0,2.0,4.0,,sensorypref2,771.0,360.0,,,,,,,,,,,,,,,,,,,,,,,,,,,,,,,,,,,,14.0,434.5947,26.0,"[2.3364000000357805,2.658999999999992,0.44960000002379275,0.4508999999761727,0.4186000000238437,0.4527000000476846,0.40010000002388324,0.3666000000238796,0.36769999998807634,0.43489999997615314,0.38199999999994816,0.4375999999642204,0.3864000000357919,1.6345000000000027,1.065499999999986,1.1951999999881195,0.3371000000238382,0.45560000002387824,0.3677000000477051,0.6506999999880918,0.401599999964219,1.7574999999999932,0.7991999999880477,0.35909999996420083,0.35180000001196277,0.4749999999999659]","[2.33660000002385,2.659100000023841,0.44969999998807,0.4508999999761727,0.41870000004763597,0.452800000011905,0.40020000004767553,0.3666999999881,0.3678000000119255,0.4350000000000023,0.3824999999999932,0.4375999999642204,0.3865000000000123,1.63459999996428,1.065499999999986,1.1953000000119687,0.33720000004768735,0.45570000004772737,0.3677000000477051,0.6508999999761613,0.4018000000119173,1.7574999999999932,0.799400000035746,0.3592999999523272,0.35190000003575506,0.4751999999880354]",-0.428322073,3.4195,0.0,5.0,5.0,176.0,1.0,wijd,vwijd,question_vocal.png,im_mouth.png,,,,,,
,,,463298,1,21,2023-09-14_17h18.21.054,flesh_expressibility_dutch,2022.2.4,Linux aarch64,59.90534955,,,,18.0,1.0,Nederlands ,,,,,,Engels ,2.0,Frans,1.0,,0.0,,0.0,,0.0,,0.0,,0.0,,0.0,NL,2.0,2.0,2.0,4.0,,sensorypref2,771.0,360.0,,,,,,,,,,,,,,,,,,,,,,,,,,,,,,,,,,,,11.0,438.4746,27.0,"[2.3364000000357805,2.658999999999992,0.44960000002379275,0.4508999999761727,0.4186000000238437,0.4527000000476846,0.40010000002388324,0.3666000000238796,0.36769999998807634,0.43489999997615314,0.38199999999994816,0.4375999999642204,0.3864000000357919,1.6345000000000027,1.065499999999986,1.1951999999881195,0.3371000000238382,0.45560000002387824,0.3677000000477051,0.6506999999880918,0.401599999964219,1.7574999999999932,0.7991999999880477,0.35909999996420083,0.35180000001196277,0.4749999999999659,0.7535999999641945]","[2.33660000002385,2.659100000023841,0.44969999998807,0.4508999999761727,0.41870000004763597,0.452800000011905,0.40020000004767553,0.3666999999881,0.3678000000119255,0.4350000000000023,0.3824999999999932,0.4375999999642204,0.3865000000000123,1.63459999996428,1.065499999999986,1.1953000000119687,0.33720000004768735,0.45570000004772737,0.3677000000477051,0.6508999999761613,0.4018000000119173,1.7574999999999932,0.799400000035746,0.3592999999523272,0.35190000003575506,0.4751999999880354,0.7535999999641945]",0.539408222,4.1789,0.0,6.0,6.0,90.0,1.0,slapen,vslapen,question_vocal.png,im_mouth.png,,,,,,
,,,463298,1,21,2023-09-14_17h18.21.054,flesh_expressibility_dutch,2022.2.4,Linux aarch64,59.90534955,,,,18.0,1.0,Nederlands ,,,,,,Engels ,2.0,Frans,1.0,,0.0,,0.0,,0.0,,0.0,,0.0,,0.0,NL,2.0,2.0,2.0,4.0,,sensorypref2,771.0,360.0,,,,,,,,,,,,,,,,,,,,,,,,,,,,,,,,,,,,13.0,443.4064,28.0,"[2.3364000000357805,2.658999999999992,0.44960000002379275,0.4508999999761727,0.4186000000238437,0.4527000000476846,0.40010000002388324,0.3666000000238796,0.36769999998807634,0.43489999997615314,0.38199999999994816,0.4375999999642204,0.3864000000357919,1.6345000000000027,1.065499999999986,1.1951999999881195,0.3371000000238382,0.45560000002387824,0.3677000000477051,0.6506999999880918,0.401599999964219,1.7574999999999932,0.7991999999880477,0.35909999996420083,0.35180000001196277,0.4749999999999659,0.7535999999641945,0.6030000000000086]","[2.33660000002385,2.659100000023841,0.44969999998807,0.4508999999761727,0.41870000004763597,0.452800000011905,0.40020000004767553,0.3666999999881,0.3678000000119255,0.4350000000000023,0.3824999999999932,0.4375999999642204,0.3865000000000123,1.63459999996428,1.065499999999986,1.1953000000119687,0.33720000004768735,0.45570000004772737,0.3677000000477051,0.6508999999761613,0.4018000000119173,1.7574999999999932,0.799400000035746,0.3592999999523272,0.35190000003575506,0.4751999999880354,0.7535999999641945,0.6031000000238578]",-0.782943112,8.5095,0.0,7.0,7.0,190.0,1.0,ei,vei,question_vocal.png,im_mouth.png,,,,,,
,,,463298,1,21,2023-09-14_17h18.21.054,flesh_expressibility_dutch,2022.2.4,Linux aarch64,59.90534955,,,,18.0,1.0,Nederlands ,,,,,,Engels ,2.0,Frans,1.0,,0.0,,0.0,,0.0,,0.0,,0.0,,0.0,NL,2.0,2.0,2.0,4.0,,sensorypref2,771.0,360.0,,,,,,,,,,,,,,,,,,,,,,,,,,,,,,,,,,,,14.0,452.5259,29.0,"[2.3364000000357805,2.658999999999992,0.44960000002379275,0.4508999999761727,0.4186000000238437,0.4527000000476846,0.40010000002388324,0.3666000000238796,0.36769999998807634,0.43489999997615314,0.38199999999994816,0.4375999999642204,0.3864000000357919,1.6345000000000027,1.065499999999986,1.1951999999881195,0.3371000000238382,0.45560000002387824,0.3677000000477051,0.6506999999880918,0.401599999964219,1.7574999999999932,0.7991999999880477,0.35909999996420083,0.35180000001196277,0.4749999999999659,0.7535999999641945,0.6030000000000086,3.076999999999998]","[2.33660000002385,2.659100000023841,0.44969999998807,0.4508999999761727,0.41870000004763597,0.452800000011905,0.40020000004767553,0.3666999999881,0.3678000000119255,0.4350000000000023,0.3824999999999932,0.4375999999642204,0.3865000000000123,1.63459999996428,1.065499999999986,1.1953000000119687,0.33720000004768735,0.45570000004772737,0.3677000000477051,0.6508999999761613,0.4018000000119173,1.7574999999999932,0.799400000035746,0.3592999999523272,0.35190000003575506,0.4751999999880354,0.7535999999641945,0.6031000000238578,3.077300000011917]",0.385596742,4.3387,0.0,8.0,8.0,154.0,1.0,zeggen,vzeggen,question_vocal.png,im_mouth.png,,,,,,
,,,463298,1,21,2023-09-14_17h18.21.054,flesh_expressibility_dutch,2022.2.4,Linux aarch64,59.90534955,,,,18.0,1.0,Nederlands ,,,,,,Engels ,2.0,Frans,1.0,,0.0,,0.0,,0.0,,0.0,,0.0,,0.0,NL,2.0,2.0,2.0,4.0,,sensorypref2,771.0,360.0,,,,,,,,,,,,,,,,,,,,,,,,,,,,,,,,,,,,12.0,460.0178,30.0,"[2.3364000000357805,2.658999999999992,0.44960000002379275,0.4508999999761727,0.4186000000238437,0.4527000000476846,0.40010000002388324,0.3666000000238796,0.36769999998807634,0.43489999997615314,0.38199999999994816,0.4375999999642204,0.3864000000357919,1.6345000000000027,1.065499999999986,1.1951999999881195,0.3371000000238382,0.45560000002387824,0.3677000000477051,0.6506999999880918,0.401599999964219,1.7574999999999932,0.7991999999880477,0.35909999996420083,0.35180000001196277,0.4749999999999659,0.7535999999641945,0.6030000000000086,3.076999999999998,1.3683999999761909]","[2.33660000002385,2.659100000023841,0.44969999998807,0.4508999999761727,0.41870000004763597,0.452800000011905,0.40020000004767553,0.3666999999881,0.3678000000119255,0.4350000000000023,0.3824999999999932,0.4375999999642204,0.3865000000000123,1.63459999996428,1.065499999999986,1.1953000000119687,0.33720000004768735,0.45570000004772737,0.3677000000477051,0.6508999999761613,0.4018000000119173,1.7574999999999932,0.799400000035746,0.3592999999523272,0.35190000003575506,0.4751999999880354,0.7535999999641945,0.6031000000238578,3.077300000011917,1.36850000000004]",-0.515909254,4.007,0.0,9.0,9.0,25.0,1.0,dood,vdood,question_vocal.png,im_mouth.png,,,,,,
,,,463298,1,21,2023-09-14_17h18.21.054,flesh_expressibility_dutch,2022.2.4,Linux aarch64,59.90534955,,,,18.0,1.0,Nederlands ,,,,,,Engels ,2.0,Frans,1.0,,0.0,,0.0,,0.0,,0.0,,0.0,,0.0,NL,2.0,2.0,2.0,4.0,,sensorypref2,771.0,360.0,,,,,,,,,,,,,,,,,,,,,,,,,,,,,,,,,,,,11.0,464.3805,31.0,"[2.3364000000357805,2.658999999999992,0.44960000002379275,0.4508999999761727,0.4186000000238437,0.4527000000476846,0.40010000002388324,0.3666000000238796,0.36769999998807634,0.43489999997615314,0.38199999999994816,0.4375999999642204,0.3864000000357919,1.6345000000000027,1.065499999999986,1.1951999999881195,0.3371000000238382,0.45560000002387824,0.3677000000477051,0.6506999999880918,0.401599999964219,1.7574999999999932,0.7991999999880477,0.35909999996420083,0.35180000001196277,0.4749999999999659,0.7535999999641945,0.6030000000000086,3.076999999999998,1.3683999999761909,1.2681000000238214]","[2.33660000002385,2.659100000023841,0.44969999998807,0.4508999999761727,0.41870000004763597,0.452800000011905,0.40020000004767553,0.3666999999881,0.3678000000119255,0.4350000000000023,0.3824999999999932,0.4375999999642204,0.3865000000000123,1.63459999996428,1.065499999999986,1.1953000000119687,0.33720000004768735,0.45570000004772737,0.3677000000477051,0.6508999999761613,0.4018000000119173,1.7574999999999932,0.799400000035746,0.3592999999523272,0.35190000003575506,0.4751999999880354,0.7535999999641945,0.6031000000238578,3.077300000011917,1.36850000000004,1.2682000000476705]",-0.857712477,5.6355,0.0,10.0,10.0,99.0,1.0,mier,vmier,question_vocal.png,im_mouth.png,,,,,,
,,,463298,1,21,2023-09-14_17h18.21.054,flesh_expressibility_dutch,2022.2.4,Linux aarch64,59.90534955,,,,18.0,1.0,Nederlands ,,,,,,Engels ,2.0,Frans,1.0,,0.0,,0.0,,0.0,,0.0,,0.0,,0.0,NL,2.0,2.0,2.0,4.0,,sensorypref2,771.0,360.0,,,,,,,,,,,,,,,,,,,,,,,,,,,,,,,,,,,,8.0,471.2273,32.0,"[2.3364000000357805,2.658999999999992,0.44960000002379275,0.4508999999761727,0.4186000000238437,0.4527000000476846,0.40010000002388324,0.3666000000238796,0.36769999998807634,0.43489999997615314,0.38199999999994816,0.4375999999642204,0.3864000000357919,1.6345000000000027,1.065499999999986,1.1951999999881195,0.3371000000238382,0.45560000002387824,0.3677000000477051,0.6506999999880918,0.401599999964219,1.7574999999999932,0.7991999999880477,0.35909999996420083,0.35180000001196277,0.4749999999999659,0.7535999999641945,0.6030000000000086,3.076999999999998,1.3683999999761909,1.2681000000238214,0.5667000000477174]","[2.33660000002385,2.659100000023841,0.44969999998807,0.4508999999761727,0.41870000004763597,0.452800000011905,0.40020000004767553,0.3666999999881,0.3678000000119255,0.4350000000000023,0.3824999999999932,0.4375999999642204,0.3865000000000123,1.63459999996428,1.065499999999986,1.1953000000119687,0.33720000004768735,0.45570000004772737,0.3677000000477051,0.6508999999761613,0.4018000000119173,1.7574999999999932,0.799400000035746,0.3592999999523272,0.35190000003575506,0.4751999999880354,0.7535999999641945,0.6031000000238578,3.077300000011917,1.36850000000004,1.2682000000476705,0.5668000000119378]",-0.646221477,5.887,0.0,11.0,11.0,42.0,1.0,berg,vberg,question_vocal.png,im_mouth.png,,,,,,
,,,463298,1,21,2023-09-14_17h18.21.054,flesh_expressibility_dutch,2022.2.4,Linux aarch64,59.90534955,,,,18.0,1.0,Nederlands ,,,,,,Engels ,2.0,Frans,1.0,,0.0,,0.0,,0.0,,0.0,,0.0,,0.0,NL,2.0,2.0,2.0,4.0,,sensorypref2,771.0,360.0,,,,,,,,,,,,,,,,,,,,,,,,,,,,,,,,,,,,20.0,476.9417,33.0,"[2.3364000000357805,2.658999999999992,0.44960000002379275,0.4508999999761727,0.4186000000238437,0.4527000000476846,0.40010000002388324,0.3666000000238796,0.36769999998807634,0.43489999997615314,0.38199999999994816,0.4375999999642204,0.3864000000357919,1.6345000000000027,1.065499999999986,1.1951999999881195,0.3371000000238382,0.45560000002387824,0.3677000000477051,0.6506999999880918,0.401599999964219,1.7574999999999932,0.7991999999880477,0.35909999996420083,0.35180000001196277,0.4749999999999659,0.7535999999641945,0.6030000000000086,3.076999999999998,1.3683999999761909,1.2681000000238214,0.5667000000477174,0.41550000000000864]","[2.33660000002385,2.659100000023841,0.44969999998807,0.4508999999761727,0.41870000004763597,0.452800000011905,0.40020000004767553,0.3666999999881,0.3678000000119255,0.4350000000000023,0.3824999999999932,0.4375999999642204,0.3865000000000123,1.63459999996428,1.065499999999986,1.1953000000119687,0.33720000004768735,0.45570000004772737,0.3677000000477051,0.6508999999761613,0.4018000000119173,1.7574999999999932,0.799400000035746,0.3592999999523272,0.35190000003575506,0.4751999999880354,0.7535999999641945,0.6031000000238578,3.077300000011917,1.36850000000004,1.2682000000476705,0.5668000000119378,0.4156000000238578]",0.723127216,2.6391,0.0,12.0,12.0,41.0,1.0,bliksem,vbliksem,question_vocal.png,im_mouth.png,,,,,,
,,,463298,1,21,2023-09-14_17h18.21.054,flesh_expressibility_dutch,2022.2.4,Linux aarch64,59.90534955,,,,18.0,1.0,Nederlands ,,,,,,Engels ,2.0,Frans,1.0,,0.0,,0.0,,0.0,,0.0,,0.0,,0.0,NL,2.0,2.0,2.0,4.0,,sensorypref2,771.0,360.0,,,,,,,,,,,,,,,,,,,,,,,,,,,,,,,,,,,,8.0,479.9504,34.0,"[2.3364000000357805,2.658999999999992,0.44960000002379275,0.4508999999761727,0.4186000000238437,0.4527000000476846,0.40010000002388324,0.3666000000238796,0.36769999998807634,0.43489999997615314,0.38199999999994816,0.4375999999642204,0.3864000000357919,1.6345000000000027,1.065499999999986,1.1951999999881195,0.3371000000238382,0.45560000002387824,0.3677000000477051,0.6506999999880918,0.401599999964219,1.7574999999999932,0.7991999999880477,0.35909999996420083,0.35180000001196277,0.4749999999999659,0.7535999999641945,0.6030000000000086,3.076999999999998,1.3683999999761909,1.2681000000238214,0.5667000000477174,0.41550000000000864,0.4659000000357878]","[2.33660000002385,2.659100000023841,0.44969999998807,0.4508999999761727,0.41870000004763597,0.452800000011905,0.40020000004767553,0.3666999999881,0.3678000000119255,0.4350000000000023,0.3824999999999932,0.4375999999642204,0.3865000000000123,1.63459999996428,1.065499999999986,1.1953000000119687,0.33720000004768735,0.45570000004772737,0.3677000000477051,0.6508999999761613,0.4018000000119173,1.7574999999999932,0.799400000035746,0.3592999999523272,0.35190000003575506,0.4751999999880354,0.7535999999641945,0.6031000000238578,3.077300000011917,1.36850000000004,1.2682000000476705,0.5668000000119378,0.4156000000238578,0.4661000000238573]",0.359961399,3.0645,0.0,13.0,13.0,171.0,1.0,zwaar,vzwaar,question_vocal.png,im_mouth.png,,,,,,
,,,463298,1,21,2023-09-14_17h18.21.054,flesh_expressibility_dutch,2022.2.4,Linux aarch64,59.90534955,,,,18.0,1.0,Nederlands ,,,,,,Engels ,2.0,Frans,1.0,,0.0,,0.0,,0.0,,0.0,,0.0,,0.0,NL,2.0,2.0,2.0,4.0,,sensorypref2,771.0,360.0,,,,,,,,,,,,,,,,,,,,,,,,,,,,,,,,,,,,14.0,483.4565,35.0,"[2.3364000000357805,2.658999999999992,0.44960000002379275,0.4508999999761727,0.4186000000238437,0.4527000000476846,0.40010000002388324,0.3666000000238796,0.36769999998807634,0.43489999997615314,0.38199999999994816,0.4375999999642204,0.3864000000357919,1.6345000000000027,1.065499999999986,1.1951999999881195,0.3371000000238382,0.45560000002387824,0.3677000000477051,0.6506999999880918,0.401599999964219,1.7574999999999932,0.7991999999880477,0.35909999996420083,0.35180000001196277,0.4749999999999659,0.7535999999641945,0.6030000000000086,3.076999999999998,1.3683999999761909,1.2681000000238214,0.5667000000477174,0.41550000000000864,0.4659000000357878,1.1580000000000155]","[2.33660000002385,2.659100000023841,0.44969999998807,0.4508999999761727,0.41870000004763597,0.452800000011905,0.40020000004767553,0.3666999999881,0.3678000000119255,0.4350000000000023,0.3824999999999932,0.4375999999642204,0.3865000000000123,1.63459999996428,1.065499999999986,1.1953000000119687,0.33720000004768735,0.45570000004772737,0.3677000000477051,0.6508999999761613,0.4018000000119173,1.7574999999999932,0.799400000035746,0.3592999999523272,0.35190000003575506,0.4751999999880354,0.7535999999641945,0.6031000000238578,3.077300000011917,1.36850000000004,1.2682000000476705,0.5668000000119378,0.4156000000238578,0.4661000000238573,1.1581000000238078]",-0.022430925,6.3043,0.0,14.0,14.0,30.0,1.0,sterk,vsterk,question_vocal.png,im_mouth.png,,,,,,
,,,463298,1,21,2023-09-14_17h18.21.054,flesh_expressibility_dutch,2022.2.4,Linux aarch64,59.90534955,,,,18.0,1.0,Nederlands ,,,,,,Engels ,2.0,Frans,1.0,,0.0,,0.0,,0.0,,0.0,,0.0,,0.0,NL,2.0,2.0,2.0,4.0,,sensorypref2,771.0,360.0,,,,,,,,,,,,,,,,,,,,,,,,,,,,,,,,,,,,12.0,490.9807,36.0,"[2.3364000000357805,2.658999999999992,0.44960000002379275,0.4508999999761727,0.4186000000238437,0.4527000000476846,0.40010000002388324,0.3666000000238796,0.36769999998807634,0.43489999997615314,0.38199999999994816,0.4375999999642204,0.3864000000357919,1.6345000000000027,1.065499999999986,1.1951999999881195,0.3371000000238382,0.45560000002387824,0.3677000000477051,0.6506999999880918,0.401599999964219,1.7574999999999932,0.7991999999880477,0.35909999996420083,0.35180000001196277,0.4749999999999659,0.7535999999641945,0.6030000000000086,3.076999999999998,1.3683999999761909,1.2681000000238214,0.5667000000477174,0.41550000000000864,0.4659000000357878,1.1580000000000155,0.5876999999880468]","[2.33660000002385,2.659100000023841,0.44969999998807,0.4508999999761727,0.41870000004763597,0.452800000011905,0.40020000004767553,0.3666999999881,0.3678000000119255,0.4350000000000023,0.3824999999999932,0.4375999999642204,0.3865000000000123,1.63459999996428,1.065499999999986,1.1953000000119687,0.33720000004768735,0.45570000004772737,0.3677000000477051,0.6508999999761613,0.4018000000119173,1.7574999999999932,0.799400000035746,0.3592999999523272,0.35190000003575506,0.4751999999880354,0.7535999999641945,0.6031000000238578,3.077300000011917,1.36850000000004,1.2682000000476705,0.5668000000119378,0.4156000000238578,0.4661000000238573,1.1581000000238078,0.5884000000357332]",-0.76158023,7.1394,0.0,15.0,15.0,115.0,1.0,oor,voor,question_vocal.png,im_mouth.png,,,,,,
,,,463298,1,21,2023-09-14_17h18.21.054,flesh_expressibility_dutch,2022.2.4,Linux aarch64,59.90534955,,,,18.0,1.0,Nederlands ,,,,,,Engels ,2.0,Frans,1.0,,0.0,,0.0,,0.0,,0.0,,0.0,,0.0,NL,2.0,2.0,2.0,4.0,,sensorypref2,771.0,360.0,,,,,,,,,,,,,,,,,,,,,,,,,,,,,,,,,,,,14.0,498.6962,37.0,"[2.3364000000357805,2.658999999999992,0.44960000002379275,0.4508999999761727,0.4186000000238437,0.4527000000476846,0.40010000002388324,0.3666000000238796,0.36769999998807634,0.43489999997615314,0.38199999999994816,0.4375999999642204,0.3864000000357919,1.6345000000000027,1.065499999999986,1.1951999999881195,0.3371000000238382,0.45560000002387824,0.3677000000477051,0.6506999999880918,0.401599999964219,1.7574999999999932,0.7991999999880477,0.35909999996420083,0.35180000001196277,0.4749999999999659,0.7535999999641945,0.6030000000000086,3.076999999999998,1.3683999999761909,1.2681000000238214,0.5667000000477174,0.41550000000000864,0.4659000000357878,1.1580000000000155,0.5876999999880468,0.4641000000237909]","[2.33660000002385,2.659100000023841,0.44969999998807,0.4508999999761727,0.41870000004763597,0.452800000011905,0.40020000004767553,0.3666999999881,0.3678000000119255,0.4350000000000023,0.3824999999999932,0.4375999999642204,0.3865000000000123,1.63459999996428,1.065499999999986,1.1953000000119687,0.33720000004768735,0.45570000004772737,0.3677000000477051,0.6508999999761613,0.4018000000119173,1.7574999999999932,0.799400000035746,0.3592999999523272,0.35190000003575506,0.4751999999880354,0.7535999999641945,0.6031000000238578,3.077300000011917,1.36850000000004,1.2682000000476705,0.5668000000119378,0.4156000000238578,0.4661000000238573,1.1581000000238078,0.5884000000357332,0.4641000000237909]",-0.712446064,11.5778,0.0,16.0,16.0,95.0,1.0,niet,vniet,question_vocal.png,im_mouth.png,,,,,,
,,,463298,1,21,2023-09-14_17h18.21.054,flesh_expressibility_dutch,2022.2.4,Linux aarch64,59.90534955,,,,18.0,1.0,Nederlands ,,,,,,Engels ,2.0,Frans,1.0,,0.0,,0.0,,0.0,,0.0,,0.0,,0.0,NL,2.0,2.0,2.0,4.0,,sensorypref2,771.0,360.0,,,,,,,,,,,,,,,,,,,,,,,,,,,,,,,,,,,,12.0,510.7211,38.0,"[2.3364000000357805,2.658999999999992,0.44960000002379275,0.4508999999761727,0.4186000000238437,0.4527000000476846,0.40010000002388324,0.3666000000238796,0.36769999998807634,0.43489999997615314,0.38199999999994816,0.4375999999642204,0.3864000000357919,1.6345000000000027,1.065499999999986,1.1951999999881195,0.3371000000238382,0.45560000002387824,0.3677000000477051,0.6506999999880918,0.401599999964219,1.7574999999999932,0.7991999999880477,0.35909999996420083,0.35180000001196277,0.4749999999999659,0.7535999999641945,0.6030000000000086,3.076999999999998,1.3683999999761909,1.2681000000238214,0.5667000000477174,0.41550000000000864,0.4659000000357878,1.1580000000000155,0.5876999999880468,0.4641000000237909,0.4028999999760572]","[2.33660000002385,2.659100000023841,0.44969999998807,0.4508999999761727,0.41870000004763597,0.452800000011905,0.40020000004767553,0.3666999999881,0.3678000000119255,0.4350000000000023,0.3824999999999932,0.4375999999642204,0.3865000000000123,1.63459999996428,1.065499999999986,1.1953000000119687,0.33720000004768735,0.45570000004772737,0.3677000000477051,0.6508999999761613,0.4018000000119173,1.7574999999999932,0.799400000035746,0.3592999999523272,0.35190000003575506,0.4751999999880354,0.7535999999641945,0.6031000000238578,3.077300000011917,1.36850000000004,1.2682000000476705,0.5668000000119378,0.4156000000238578,0.4661000000238573,1.1581000000238078,0.5884000000357332,0.4641000000237909,0.4029999999999063]",-0.372779215,2.9011,0.0,17.0,17.0,173.0,1.0,klein,vklein,question_vocal.png,im_mouth.png,,,,,,
,,,463298,1,21,2023-09-14_17h18.21.054,flesh_expressibility_dutch,2022.2.4,Linux aarch64,59.90534955,,,,18.0,1.0,Nederlands ,,,,,,Engels ,2.0,Frans,1.0,,0.0,,0.0,,0.0,,0.0,,0.0,,0.0,NL,2.0,2.0,2.0,4.0,,sensorypref2,771.0,360.0,,,,,,,,,,,,,,,,,,,,,,,,,,,,,,,,,,,,8.0,514.0456,39.0,"[2.3364000000357805,2.658999999999992,0.44960000002379275,0.4508999999761727,0.4186000000238437,0.4527000000476846,0.40010000002388324,0.3666000000238796,0.36769999998807634,0.43489999997615314,0.38199999999994816,0.4375999999642204,0.3864000000357919,1.6345000000000027,1.065499999999986,1.1951999999881195,0.3371000000238382,0.45560000002387824,0.3677000000477051,0.6506999999880918,0.401599999964219,1.7574999999999932,0.7991999999880477,0.35909999996420083,0.35180000001196277,0.4749999999999659,0.7535999999641945,0.6030000000000086,3.076999999999998,1.3683999999761909,1.2681000000238214,0.5667000000477174,0.41550000000000864,0.4659000000357878,1.1580000000000155,0.5876999999880468,0.4641000000237909,0.4028999999760572,0.33429999995234994]","[2.33660000002385,2.659100000023841,0.44969999998807,0.4508999999761727,0.41870000004763597,0.452800000011905,0.40020000004767553,0.3666999999881,0.3678000000119255,0.4350000000000023,0.3824999999999932,0.4375999999642204,0.3865000000000123,1.63459999996428,1.065499999999986,1.1953000000119687,0.33720000004768735,0.45570000004772737,0.3677000000477051,0.6508999999761613,0.4018000000119173,1.7574999999999932,0.799400000035746,0.3592999999523272,0.35190000003575506,0.4751999999880354,0.7535999999641945,0.6031000000238578,3.077300000011917,1.36850000000004,1.2682000000476705,0.5668000000119378,0.4156000000238578,0.4661000000238573,1.1581000000238078,0.5884000000357332,0.4641000000237909,0.4029999999999063,0.33429999995234994]",-0.795760639,3.033,0.0,18.0,18.0,132.0,1.0,aarde,vaarde,question_vocal.png,im_mouth.png,,,,,,
,,,463298,1,21,2023-09-14_17h18.21.054,flesh_expressibility_dutch,2022.2.4,Linux aarch64,59.90534955,,,,18.0,1.0,Nederlands ,,,,,,Engels ,2.0,Frans,1.0,,0.0,,0.0,,0.0,,0.0,,0.0,,0.0,NL,2.0,2.0,2.0,4.0,,sensorypref2,771.0,360.0,,,,,,,,,,,,,,,,,,,,,,,,,,,,,,,,,,,,17.0,517.4214,40.0,"[2.3364000000357805,2.658999999999992,0.44960000002379275,0.4508999999761727,0.4186000000238437,0.4527000000476846,0.40010000002388324,0.3666000000238796,0.36769999998807634,0.43489999997615314,0.38199999999994816,0.4375999999642204,0.3864000000357919,1.6345000000000027,1.065499999999986,1.1951999999881195,0.3371000000238382,0.45560000002387824,0.3677000000477051,0.6506999999880918,0.401599999964219,1.7574999999999932,0.7991999999880477,0.35909999996420083,0.35180000001196277,0.4749999999999659,0.7535999999641945,0.6030000000000086,3.076999999999998,1.3683999999761909,1.2681000000238214,0.5667000000477174,0.41550000000000864,0.4659000000357878,1.1580000000000155,0.5876999999880468,0.4641000000237909,0.4028999999760572,0.33429999995234994,0.43449999999995725]","[2.33660000002385,2.659100000023841,0.44969999998807,0.4508999999761727,0.41870000004763597,0.452800000011905,0.40020000004767553,0.3666999999881,0.3678000000119255,0.4350000000000023,0.3824999999999932,0.4375999999642204,0.3865000000000123,1.63459999996428,1.065499999999986,1.1953000000119687,0.33720000004768735,0.45570000004772737,0.3677000000477051,0.6508999999761613,0.4018000000119173,1.7574999999999932,0.799400000035746,0.3592999999523272,0.35190000003575506,0.4751999999880354,0.7535999999641945,0.6031000000238578,3.077300000011917,1.36850000000004,1.2682000000476705,0.5668000000119378,0.4156000000238578,0.4661000000238573,1.1581000000238078,0.5884000000357332,0.4641000000237909,0.4029999999999063,0.33429999995234994,0.4346000000238064]",-0.981616153,3.6587,0.0,19.0,19.0,76.0,1.0,blauw,vblauw,question_vocal.png,im_mouth.png,,,,,,
,,,463298,1,21,2023-09-14_17h18.21.054,flesh_expressibility_dutch,2022.2.4,Linux aarch64,59.90534955,,,,18.0,1.0,Nederlands ,,,,,,Engels ,2.0,Frans,1.0,,0.0,,0.0,,0.0,,0.0,,0.0,,0.0,NL,2.0,2.0,2.0,4.0,,sensorypref2,771.0,360.0,,,,,,,,,,,,,,,,,,,,,,,,,,,,,,3.0,"[297.86460000002387,403.6853000000119,525.3991999999881]","[297.8646999999881,403.68560000002384,525.3991999999881]",3.0,"[299.6258000000119,405.48390000003576,531.5518000000119]","[299.62590000003576,405.484,531.5519000000357]",16.0,532.9859,41.0,"[2.3364000000357805,2.658999999999992,0.44960000002379275,0.4508999999761727,0.4186000000238437,0.4527000000476846,0.40010000002388324,0.3666000000238796,0.36769999998807634,0.43489999997615314,0.38199999999994816,0.4375999999642204,0.3864000000357919,1.6345000000000027,1.065499999999986,1.1951999999881195,0.3371000000238382,0.45560000002387824,0.3677000000477051,0.6506999999880918,0.401599999964219,1.7574999999999932,0.7991999999880477,0.35909999996420083,0.35180000001196277,0.4749999999999659,0.7535999999641945,0.6030000000000086,3.076999999999998,1.3683999999761909,1.2681000000238214,0.5667000000477174,0.41550000000000864,0.4659000000357878,1.1580000000000155,0.5876999999880468,0.4641000000237909,0.4028999999760572,0.33429999995234994,0.43449999999995725,1.1870000000000118]","[2.33660000002385,2.659100000023841,0.44969999998807,0.4508999999761727,0.41870000004763597,0.452800000011905,0.40020000004767553,0.3666999999881,0.3678000000119255,0.4350000000000023,0.3824999999999932,0.4375999999642204,0.3865000000000123,1.63459999996428,1.065499999999986,1.1953000000119687,0.33720000004768735,0.45570000004772737,0.3677000000477051,0.6508999999761613,0.4018000000119173,1.7574999999999932,0.799400000035746,0.3592999999523272,0.35190000003575506,0.4751999999880354,0.7535999999641945,0.6031000000238578,3.077300000011917,1.36850000000004,1.2682000000476705,0.5668000000119378,0.4156000000238578,0.4661000000238573,1.1581000000238078,0.5884000000357332,0.4641000000237909,0.4029999999999063,0.33429999995234994,0.4346000000238064,1.1870000000000118]",0.300145792,8.6749,0.0,0.0,0.0,32.0,1.0,vooraan,gvooraan,question_gesture.png,im_hand.png,,,,,,
,,,463298,1,21,2023-09-14_17h18.21.054,flesh_expressibility_dutch,2022.2.4,Linux aarch64,59.90534955,,,,18.0,1.0,Nederlands ,,,,,,Engels ,2.0,Frans,1.0,,0.0,,0.0,,0.0,,0.0,,0.0,,0.0,NL,2.0,2.0,2.0,4.0,,sensorypref2,771.0,360.0,,,,,,,,,,,,,,,,,,,,,,,,,,,,,,,,,,,,11.0,542.0595,42.0,"[2.3364000000357805,2.658999999999992,0.44960000002379275,0.4508999999761727,0.4186000000238437,0.4527000000476846,0.40010000002388324,0.3666000000238796,0.36769999998807634,0.43489999997615314,0.38199999999994816,0.4375999999642204,0.3864000000357919,1.6345000000000027,1.065499999999986,1.1951999999881195,0.3371000000238382,0.45560000002387824,0.3677000000477051,0.6506999999880918,0.401599999964219,1.7574999999999932,0.7991999999880477,0.35909999996420083,0.35180000001196277,0.4749999999999659,0.7535999999641945,0.6030000000000086,3.076999999999998,1.3683999999761909,1.2681000000238214,0.5667000000477174,0.41550000000000864,0.4659000000357878,1.1580000000000155,0.5876999999880468,0.4641000000237909,0.4028999999760572,0.33429999995234994,0.43449999999995725,1.1870000000000118,1.8803000000118573]","[2.33660000002385,2.659100000023841,0.44969999998807,0.4508999999761727,0.41870000004763597,0.452800000011905,0.40020000004767553,0.3666999999881,0.3678000000119255,0.4350000000000023,0.3824999999999932,0.4375999999642204,0.3865000000000123,1.63459999996428,1.065499999999986,1.1953000000119687,0.33720000004768735,0.45570000004772737,0.3677000000477051,0.6508999999761613,0.4018000000119173,1.7574999999999932,0.799400000035746,0.3592999999523272,0.35190000003575506,0.4751999999880354,0.7535999999641945,0.6031000000238578,3.077300000011917,1.36850000000004,1.2682000000476705,0.5668000000119378,0.4156000000238578,0.4661000000238573,1.1581000000238078,0.5884000000357332,0.4641000000237909,0.4029999999999063,0.33429999995234994,0.4346000000238064,1.1870000000000118,1.8803000000118573]",-0.661175667,37.1623,0.0,1.0,1.0,45.0,1.0,onweer,gonweer,question_gesture.png,im_hand.png,,,,,,
,,,463298,1,21,2023-09-14_17h18.21.054,flesh_expressibility_dutch,2022.2.4,Linux aarch64,59.90534955,,,,18.0,1.0,Nederlands ,,,,,,Engels ,2.0,Frans,1.0,,0.0,,0.0,,0.0,,0.0,,0.0,,0.0,NL,2.0,2.0,2.0,4.0,,sensorypref2,771.0,360.0,,,,,,,,,,,,,,,,,,,,,,,,,,,,,,,,,,,,13.0,581.0456,43.0,"[2.3364000000357805,2.658999999999992,0.44960000002379275,0.4508999999761727,0.4186000000238437,0.4527000000476846,0.40010000002388324,0.3666000000238796,0.36769999998807634,0.43489999997615314,0.38199999999994816,0.4375999999642204,0.3864000000357919,1.6345000000000027,1.065499999999986,1.1951999999881195,0.3371000000238382,0.45560000002387824,0.3677000000477051,0.6506999999880918,0.401599999964219,1.7574999999999932,0.7991999999880477,0.35909999996420083,0.35180000001196277,0.4749999999999659,0.7535999999641945,0.6030000000000086,3.076999999999998,1.3683999999761909,1.2681000000238214,0.5667000000477174,0.41550000000000864,0.4659000000357878,1.1580000000000155,0.5876999999880468,0.4641000000237909,0.4028999999760572,0.33429999995234994,0.43449999999995725,1.1870000000000118,1.8803000000118573,1.5705999999642017]","[2.33660000002385,2.659100000023841,0.44969999998807,0.4508999999761727,0.41870000004763597,0.452800000011905,0.40020000004767553,0.3666999999881,0.3678000000119255,0.4350000000000023,0.3824999999999932,0.4375999999642204,0.3865000000000123,1.63459999996428,1.065499999999986,1.1953000000119687,0.33720000004768735,0.45570000004772737,0.3677000000477051,0.6508999999761613,0.4018000000119173,1.7574999999999932,0.799400000035746,0.3592999999523272,0.35190000003575506,0.4751999999880354,0.7535999999641945,0.6031000000238578,3.077300000011917,1.36850000000004,1.2682000000476705,0.5668000000119378,0.4156000000238578,0.4661000000238573,1.1581000000238078,0.5884000000357332,0.4641000000237909,0.4029999999999063,0.33429999995234994,0.4346000000238064,1.1870000000000118,1.8803000000118573,1.5706999999880509]",-0.498819121,2.3097,0.0,2.0,2.0,157.0,1.0,wortel,gwortel,question_gesture.png,im_hand.png,,,,,,
,,,463298,1,21,2023-09-14_17h18.21.054,flesh_expressibility_dutch,2022.2.4,Linux aarch64,59.90534955,,,,18.0,1.0,Nederlands ,,,,,,Engels ,2.0,Frans,1.0,,0.0,,0.0,,0.0,,0.0,,0.0,,0.0,NL,2.0,2.0,2.0,4.0,,sensorypref2,771.0,360.0,,,,,,,,,,,,,,,,,,,,,,,,,,,,,,,,,,,,10.0,585.0704,44.0,"[2.3364000000357805,2.658999999999992,0.44960000002379275,0.4508999999761727,0.4186000000238437,0.4527000000476846,0.40010000002388324,0.3666000000238796,0.36769999998807634,0.43489999997615314,0.38199999999994816,0.4375999999642204,0.3864000000357919,1.6345000000000027,1.065499999999986,1.1951999999881195,0.3371000000238382,0.45560000002387824,0.3677000000477051,0.6506999999880918,0.401599999964219,1.7574999999999932,0.7991999999880477,0.35909999996420083,0.35180000001196277,0.4749999999999659,0.7535999999641945,0.6030000000000086,3.076999999999998,1.3683999999761909,1.2681000000238214,0.5667000000477174,0.41550000000000864,0.4659000000357878,1.1580000000000155,0.5876999999880468,0.4641000000237909,0.4028999999760572,0.33429999995234994,0.43449999999995725,1.1870000000000118,1.8803000000118573,1.5705999999642017,7.683099999964156]","[2.33660000002385,2.659100000023841,0.44969999998807,0.4508999999761727,0.41870000004763597,0.452800000011905,0.40020000004767553,0.3666999999881,0.3678000000119255,0.4350000000000023,0.3824999999999932,0.4375999999642204,0.3865000000000123,1.63459999996428,1.065499999999986,1.1953000000119687,0.33720000004768735,0.45570000004772737,0.3677000000477051,0.6508999999761613,0.4018000000119173,1.7574999999999932,0.799400000035746,0.3592999999523272,0.35190000003575506,0.4751999999880354,0.7535999999641945,0.6031000000238578,3.077300000011917,1.36850000000004,1.2682000000476705,0.5668000000119378,0.4156000000238578,0.4661000000238573,1.1581000000238078,0.5884000000357332,0.4641000000237909,0.4029999999999063,0.33429999995234994,0.4346000000238064,1.1870000000000118,1.8803000000118573,1.5706999999880509,7.683199999988005]",0.204013833,5.801,0.0,3.0,3.0,165.0,1.0,hard,ghard,question_gesture.png,im_hand.png,,,,,,
,,,463298,1,21,2023-09-14_17h18.21.054,flesh_expressibility_dutch,2022.2.4,Linux aarch64,59.90534955,,,,18.0,1.0,Nederlands ,,,,,,Engels ,2.0,Frans,1.0,,0.0,,0.0,,0.0,,0.0,,0.0,,0.0,NL,2.0,2.0,2.0,4.0,,sensorypref2,771.0,360.0,,,,,,,,,,,,,,,,,,,,,,,,,,,,,,,,,,,,8.0,591.0525,45.0,"[2.3364000000357805,2.658999999999992,0.44960000002379275,0.4508999999761727,0.4186000000238437,0.4527000000476846,0.40010000002388324,0.3666000000238796,0.36769999998807634,0.43489999997615314,0.38199999999994816,0.4375999999642204,0.3864000000357919,1.6345000000000027,1.065499999999986,1.1951999999881195,0.3371000000238382,0.45560000002387824,0.3677000000477051,0.6506999999880918,0.401599999964219,1.7574999999999932,0.7991999999880477,0.35909999996420083,0.35180000001196277,0.4749999999999659,0.7535999999641945,0.6030000000000086,3.076999999999998,1.3683999999761909,1.2681000000238214,0.5667000000477174,0.41550000000000864,0.4659000000357878,1.1580000000000155,0.5876999999880468,0.4641000000237909,0.4028999999760572,0.33429999995234994,0.43449999999995725,1.1870000000000118,1.8803000000118573,1.5705999999642017,7.683099999964156,1.9274000000357319]","[2.33660000002385,2.659100000023841,0.44969999998807,0.4508999999761727,0.41870000004763597,0.452800000011905,0.40020000004767553,0.3666999999881,0.3678000000119255,0.4350000000000023,0.3824999999999932,0.4375999999642204,0.3865000000000123,1.63459999996428,1.065499999999986,1.1953000000119687,0.33720000004768735,0.45570000004772737,0.3677000000477051,0.6508999999761613,0.4018000000119173,1.7574999999999932,0.799400000035746,0.3592999999523272,0.35190000003575506,0.4751999999880354,0.7535999999641945,0.6031000000238578,3.077300000011917,1.36850000000004,1.2682000000476705,0.5668000000119378,0.4156000000238578,0.4661000000238573,1.1581000000238078,0.5884000000357332,0.4641000000237909,0.4029999999999063,0.33429999995234994,0.4346000000238064,1.1870000000000118,1.8803000000118573,1.5706999999880509,7.683199999988005,1.9274999999998954]",0.765852691,3.6998,0.0,4.0,4.0,206.0,1.0,lepel,glepel,question_gesture.png,im_hand.png,,,,,,
,,,463298,1,21,2023-09-14_17h18.21.054,flesh_expressibility_dutch,2022.2.4,Linux aarch64,59.90534955,,,,18.0,1.0,Nederlands ,,,,,,Engels ,2.0,Frans,1.0,,0.0,,0.0,,0.0,,0.0,,0.0,,0.0,NL,2.0,2.0,2.0,4.0,,sensorypref2,771.0,360.0,,,,,,,,,,,,,,,,,,,,,,,,,,,,,,,,,,,,17.0,595.4727,46.0,"[2.3364000000357805,2.658999999999992,0.44960000002379275,0.4508999999761727,0.4186000000238437,0.4527000000476846,0.40010000002388324,0.3666000000238796,0.36769999998807634,0.43489999997615314,0.38199999999994816,0.4375999999642204,0.3864000000357919,1.6345000000000027,1.065499999999986,1.1951999999881195,0.3371000000238382,0.45560000002387824,0.3677000000477051,0.6506999999880918,0.401599999964219,1.7574999999999932,0.7991999999880477,0.35909999996420083,0.35180000001196277,0.4749999999999659,0.7535999999641945,0.6030000000000086,3.076999999999998,1.3683999999761909,1.2681000000238214,0.5667000000477174,0.41550000000000864,0.4659000000357878,1.1580000000000155,0.5876999999880468,0.4641000000237909,0.4028999999760572,0.33429999995234994,0.43449999999995725,1.1870000000000118,1.8803000000118573,1.5705999999642017,7.683099999964156,1.9274000000357319,1.252199999988079]","[2.33660000002385,2.659100000023841,0.44969999998807,0.4508999999761727,0.41870000004763597,0.452800000011905,0.40020000004767553,0.3666999999881,0.3678000000119255,0.4350000000000023,0.3824999999999932,0.4375999999642204,0.3865000000000123,1.63459999996428,1.065499999999986,1.1953000000119687,0.33720000004768735,0.45570000004772737,0.3677000000477051,0.6508999999761613,0.4018000000119173,1.7574999999999932,0.799400000035746,0.3592999999523272,0.35190000003575506,0.4751999999880354,0.7535999999641945,0.6031000000238578,3.077300000011917,1.36850000000004,1.2682000000476705,0.5668000000119378,0.4156000000238578,0.4661000000238573,1.1581000000238078,0.5884000000357332,0.4641000000237909,0.4029999999999063,0.33429999995234994,0.4346000000238064,1.1870000000000118,1.8803000000118573,1.5706999999880509,7.683199999988005,1.9274999999998954,1.2523000000119282]",1.0,3.2996,0.0,5.0,5.0,91.0,1.0,koud,gkoud,question_gesture.png,im_hand.png,,,,,,
,,,463298,1,21,2023-09-14_17h18.21.054,flesh_expressibility_dutch,2022.2.4,Linux aarch64,59.90534955,,,,18.0,1.0,Nederlands ,,,,,,Engels ,2.0,Frans,1.0,,0.0,,0.0,,0.0,,0.0,,0.0,,0.0,NL,2.0,2.0,2.0,4.0,,sensorypref2,771.0,360.0,,,,,,,,,,,,,,,,,,,,,,,,,,,,,,,,,,,,9.0,599.0768,47.0,"[2.3364000000357805,2.658999999999992,0.44960000002379275,0.4508999999761727,0.4186000000238437,0.4527000000476846,0.40010000002388324,0.3666000000238796,0.36769999998807634,0.43489999997615314,0.38199999999994816,0.4375999999642204,0.3864000000357919,1.6345000000000027,1.065499999999986,1.1951999999881195,0.3371000000238382,0.45560000002387824,0.3677000000477051,0.6506999999880918,0.401599999964219,1.7574999999999932,0.7991999999880477,0.35909999996420083,0.35180000001196277,0.4749999999999659,0.7535999999641945,0.6030000000000086,3.076999999999998,1.3683999999761909,1.2681000000238214,0.5667000000477174,0.41550000000000864,0.4659000000357878,1.1580000000000155,0.5876999999880468,0.4641000000237909,0.4028999999760572,0.33429999995234994,0.43449999999995725,1.1870000000000118,1.8803000000118573,1.5705999999642017,7.683099999964156,1.9274000000357319,1.252199999988079,0.4053000000119482]","[2.33660000002385,2.659100000023841,0.44969999998807,0.4508999999761727,0.41870000004763597,0.452800000011905,0.40020000004767553,0.3666999999881,0.3678000000119255,0.4350000000000023,0.3824999999999932,0.4375999999642204,0.3865000000000123,1.63459999996428,1.065499999999986,1.1953000000119687,0.33720000004768735,0.45570000004772737,0.3677000000477051,0.6508999999761613,0.4018000000119173,1.7574999999999932,0.799400000035746,0.3592999999523272,0.35190000003575506,0.4751999999880354,0.7535999999641945,0.6031000000238578,3.077300000011917,1.36850000000004,1.2682000000476705,0.5668000000119378,0.4156000000238578,0.4661000000238573,1.1581000000238078,0.5884000000357332,0.4641000000237909,0.4029999999999063,0.33429999995234994,0.4346000000238064,1.1870000000000118,1.8803000000118573,1.5706999999880509,7.683199999988005,1.9274999999998954,1.2523000000119282,0.40540000003579735]",0.494546372,3.7957,0.0,6.0,6.0,101.0,1.0,hond,ghond,question_gesture.png,im_hand.png,,,,,,
,,,463298,1,21,2023-09-14_17h18.21.054,flesh_expressibility_dutch,2022.2.4,Linux aarch64,59.90534955,,,,18.0,1.0,Nederlands ,,,,,,Engels ,2.0,Frans,1.0,,0.0,,0.0,,0.0,,0.0,,0.0,,0.0,NL,2.0,2.0,2.0,4.0,,sensorypref2,771.0,360.0,,,,,,,,,,,,,,,,,,,,,,,,,,,,,,,,,,,,11.0,603.2972,48.0,"[2.3364000000357805,2.658999999999992,0.44960000002379275,0.4508999999761727,0.4186000000238437,0.4527000000476846,0.40010000002388324,0.3666000000238796,0.36769999998807634,0.43489999997615314,0.38199999999994816,0.4375999999642204,0.3864000000357919,1.6345000000000027,1.065499999999986,1.1951999999881195,0.3371000000238382,0.45560000002387824,0.3677000000477051,0.6506999999880918,0.401599999964219,1.7574999999999932,0.7991999999880477,0.35909999996420083,0.35180000001196277,0.4749999999999659,0.7535999999641945,0.6030000000000086,3.076999999999998,1.3683999999761909,1.2681000000238214,0.5667000000477174,0.41550000000000864,0.4659000000357878,1.1580000000000155,0.5876999999880468,0.4641000000237909,0.4028999999760572,0.33429999995234994,0.43449999999995725,1.1870000000000118,1.8803000000118573,1.5705999999642017,7.683099999964156,1.9274000000357319,1.252199999988079,0.4053000000119482,1.6025999999642409]","[2.33660000002385,2.659100000023841,0.44969999998807,0.4508999999761727,0.41870000004763597,0.452800000011905,0.40020000004767553,0.3666999999881,0.3678000000119255,0.4350000000000023,0.3824999999999932,0.4375999999642204,0.3865000000000123,1.63459999996428,1.065499999999986,1.1953000000119687,0.33720000004768735,0.45570000004772737,0.3677000000477051,0.6508999999761613,0.4018000000119173,1.7574999999999932,0.799400000035746,0.3592999999523272,0.35190000003575506,0.4751999999880354,0.7535999999641945,0.6031000000238578,3.077300000011917,1.36850000000004,1.2682000000476705,0.5668000000119378,0.4156000000238578,0.4661000000238573,1.1581000000238078,0.5884000000357332,0.4641000000237909,0.4029999999999063,0.33429999995234994,0.4346000000238064,1.1870000000000118,1.8803000000118573,1.5706999999880509,7.683199999988005,1.9274999999998954,1.2523000000119282,0.40540000003579735,1.6035999999642172]",0.637676555,4.9493,0.0,7.0,7.0,200.0,1.0,oud,goud,question_gesture.png,im_hand.png,,,,,,
,,,463298,1,21,2023-09-14_17h18.21.054,flesh_expressibility_dutch,2022.2.4,Linux aarch64,59.90534955,,,,18.0,1.0,Nederlands ,,,,,,Engels ,2.0,Frans,1.0,,0.0,,0.0,,0.0,,0.0,,0.0,,0.0,NL,2.0,2.0,2.0,4.0,,sensorypref2,771.0,360.0,,,,,,,,,,,,,,,,,,,,,,,,,,,,,,,,,,,,12.0,609.6994,49.0,"[2.3364000000357805,2.658999999999992,0.44960000002379275,0.4508999999761727,0.4186000000238437,0.4527000000476846,0.40010000002388324,0.3666000000238796,0.36769999998807634,0.43489999997615314,0.38199999999994816,0.4375999999642204,0.3864000000357919,1.6345000000000027,1.065499999999986,1.1951999999881195,0.3371000000238382,0.45560000002387824,0.3677000000477051,0.6506999999880918,0.401599999964219,1.7574999999999932,0.7991999999880477,0.35909999996420083,0.35180000001196277,0.4749999999999659,0.7535999999641945,0.6030000000000086,3.076999999999998,1.3683999999761909,1.2681000000238214,0.5667000000477174,0.41550000000000864,0.4659000000357878,1.1580000000000155,0.5876999999880468,0.4641000000237909,0.4028999999760572,0.33429999995234994,0.43449999999995725,1.1870000000000118,1.8803000000118573,1.5705999999642017,7.683099999964156,1.9274000000357319,1.252199999988079,0.4053000000119482,1.6025999999642409,1.30339999997625]","[2.33660000002385,2.659100000023841,0.44969999998807,0.4508999999761727,0.41870000004763597,0.452800000011905,0.40020000004767553,0.3666999999881,0.3678000000119255,0.4350000000000023,0.3824999999999932,0.4375999999642204,0.3865000000000123,1.63459999996428,1.065499999999986,1.1953000000119687,0.33720000004768735,0.45570000004772737,0.3677000000477051,0.6508999999761613,0.4018000000119173,1.7574999999999932,0.799400000035746,0.3592999999523272,0.35190000003575506,0.4751999999880354,0.7535999999641945,0.6031000000238578,3.077300000011917,1.36850000000004,1.2682000000476705,0.5668000000119378,0.4156000000238578,0.4661000000238573,1.1581000000238078,0.5884000000357332,0.4641000000237909,0.4029999999999063,0.33429999995234994,0.4346000000238064,1.1870000000000118,1.8803000000118573,1.5706999999880509,7.683199999988005,1.9274999999998954,1.2523000000119282,0.40540000003579735,1.6035999999642172,1.3034999999999854]",0.464638857,5.3709,0.0,8.0,8.0,132.0,1.0,aarde,gaarde,question_gesture.png,im_hand.png,,,,,,
,,,463298,1,21,2023-09-14_17h18.21.054,flesh_expressibility_dutch,2022.2.4,Linux aarch64,59.90534955,,,,18.0,1.0,Nederlands ,,,,,,Engels ,2.0,Frans,1.0,,0.0,,0.0,,0.0,,0.0,,0.0,,0.0,NL,2.0,2.0,2.0,4.0,,sensorypref2,771.0,360.0,,,,,,,,,,,,,,,,,,,,,,,,,,,,,,,,,,,,12.0,614.6223,50.0,"[2.3364000000357805,2.658999999999992,0.44960000002379275,0.4508999999761727,0.4186000000238437,0.4527000000476846,0.40010000002388324,0.3666000000238796,0.36769999998807634,0.43489999997615314,0.38199999999994816,0.4375999999642204,0.3864000000357919,1.6345000000000027,1.065499999999986,1.1951999999881195,0.3371000000238382,0.45560000002387824,0.3677000000477051,0.6506999999880918,0.401599999964219,1.7574999999999932,0.7991999999880477,0.35909999996420083,0.35180000001196277,0.4749999999999659,0.7535999999641945,0.6030000000000086,3.076999999999998,1.3683999999761909,1.2681000000238214,0.5667000000477174,0.41550000000000864,0.4659000000357878,1.1580000000000155,0.5876999999880468,0.4641000000237909,0.4028999999760572,0.33429999995234994,0.43449999999995725,1.1870000000000118,1.8803000000118573,1.5705999999642017,7.683099999964156,1.9274000000357319,1.252199999988079,0.4053000000119482,1.6025999999642409,1.30339999997625,2.1381999999880463]","[2.33660000002385,2.659100000023841,0.44969999998807,0.4508999999761727,0.41870000004763597,0.452800000011905,0.40020000004767553,0.3666999999881,0.3678000000119255,0.4350000000000023,0.3824999999999932,0.4375999999642204,0.3865000000000123,1.63459999996428,1.065499999999986,1.1953000000119687,0.33720000004768735,0.45570000004772737,0.3677000000477051,0.6508999999761613,0.4018000000119173,1.7574999999999932,0.799400000035746,0.3592999999523272,0.35190000003575506,0.4751999999880354,0.7535999999641945,0.6031000000238578,3.077300000011917,1.36850000000004,1.2682000000476705,0.5668000000119378,0.4156000000238578,0.4661000000238573,1.1581000000238078,0.5884000000357332,0.4641000000237909,0.4029999999999063,0.33429999995234994,0.4346000000238064,1.1870000000000118,1.8803000000118573,1.5706999999880509,7.683199999988005,1.9274999999998954,1.2523000000119282,0.40540000003579735,1.6035999999642172,1.3034999999999854,2.1383000000118955]",1.0,3.0587,0.0,9.0,9.0,152.0,1.0,eten,geten,question_gesture.png,im_hand.png,,,,,,
,,,463298,1,21,2023-09-14_17h18.21.054,flesh_expressibility_dutch,2022.2.4,Linux aarch64,59.90534955,,,,18.0,1.0,Nederlands ,,,,,,Engels ,2.0,Frans,1.0,,0.0,,0.0,,0.0,,0.0,,0.0,,0.0,NL,2.0,2.0,2.0,4.0,,sensorypref2,771.0,360.0,,,,,,,,,,,,,,,,,,,,,,,,,,,,,,,,,,,,12.0,619.7958,51.0,"[2.3364000000357805,2.658999999999992,0.44960000002379275,0.4508999999761727,0.4186000000238437,0.4527000000476846,0.40010000002388324,0.3666000000238796,0.36769999998807634,0.43489999997615314,0.38199999999994816,0.4375999999642204,0.3864000000357919,1.6345000000000027,1.065499999999986,1.1951999999881195,0.3371000000238382,0.45560000002387824,0.3677000000477051,0.6506999999880918,0.401599999964219,1.7574999999999932,0.7991999999880477,0.35909999996420083,0.35180000001196277,0.4749999999999659,0.7535999999641945,0.6030000000000086,3.076999999999998,1.3683999999761909,1.2681000000238214,0.5667000000477174,0.41550000000000864,0.4659000000357878,1.1580000000000155,0.5876999999880468,0.4641000000237909,0.4028999999760572,0.33429999995234994,0.43449999999995725,1.1870000000000118,1.8803000000118573,1.5705999999642017,7.683099999964156,1.9274000000357319,1.252199999988079,0.4053000000119482,1.6025999999642409,1.30339999997625,2.1381999999880463,0.4200999999642363]","[2.33660000002385,2.659100000023841,0.44969999998807,0.4508999999761727,0.41870000004763597,0.452800000011905,0.40020000004767553,0.3666999999881,0.3678000000119255,0.4350000000000023,0.3824999999999932,0.4375999999642204,0.3865000000000123,1.63459999996428,1.065499999999986,1.1953000000119687,0.33720000004768735,0.45570000004772737,0.3677000000477051,0.6508999999761613,0.4018000000119173,1.7574999999999932,0.799400000035746,0.3592999999523272,0.35190000003575506,0.4751999999880354,0.7535999999641945,0.6031000000238578,3.077300000011917,1.36850000000004,1.2682000000476705,0.5668000000119378,0.4156000000238578,0.4661000000238573,1.1581000000238078,0.5884000000357332,0.4641000000237909,0.4029999999999063,0.33429999995234994,0.4346000000238064,1.1870000000000118,1.8803000000118573,1.5706999999880509,7.683199999988005,1.9274999999998954,1.2523000000119282,0.40540000003579735,1.6035999999642172,1.3034999999999854,2.1383000000118955,0.42019999998808544]",0.825668299,7.4588,0.0,10.0,10.0,137.0,1.0,vallen,gvallen,question_gesture.png,im_hand.png,,,,,,
,,,463298,1,21,2023-09-14_17h18.21.054,flesh_expressibility_dutch,2022.2.4,Linux aarch64,59.90534955,,,,18.0,1.0,Nederlands ,,,,,,Engels ,2.0,Frans,1.0,,0.0,,0.0,,0.0,,0.0,,0.0,,0.0,NL,2.0,2.0,2.0,4.0,,sensorypref2,771.0,360.0,,,,,,,,,,,,,,,,,,,,,,,,,,,,,,,,,,,,11.0,627.6827,52.0,"[2.3364000000357805,2.658999999999992,0.44960000002379275,0.4508999999761727,0.4186000000238437,0.4527000000476846,0.40010000002388324,0.3666000000238796,0.36769999998807634,0.43489999997615314,0.38199999999994816,0.4375999999642204,0.3864000000357919,1.6345000000000027,1.065499999999986,1.1951999999881195,0.3371000000238382,0.45560000002387824,0.3677000000477051,0.6506999999880918,0.401599999964219,1.7574999999999932,0.7991999999880477,0.35909999996420083,0.35180000001196277,0.4749999999999659,0.7535999999641945,0.6030000000000086,3.076999999999998,1.3683999999761909,1.2681000000238214,0.5667000000477174,0.41550000000000864,0.4659000000357878,1.1580000000000155,0.5876999999880468,0.4641000000237909,0.4028999999760572,0.33429999995234994,0.43449999999995725,1.1870000000000118,1.8803000000118573,1.5705999999642017,7.683099999964156,1.9274000000357319,1.252199999988079,0.4053000000119482,1.6025999999642409,1.30339999997625,2.1381999999880463,0.4200999999642363,0.4176000000238673]","[2.33660000002385,2.659100000023841,0.44969999998807,0.4508999999761727,0.41870000004763597,0.452800000011905,0.40020000004767553,0.3666999999881,0.3678000000119255,0.4350000000000023,0.3824999999999932,0.4375999999642204,0.3865000000000123,1.63459999996428,1.065499999999986,1.1953000000119687,0.33720000004768735,0.45570000004772737,0.3677000000477051,0.6508999999761613,0.4018000000119173,1.7574999999999932,0.799400000035746,0.3592999999523272,0.35190000003575506,0.4751999999880354,0.7535999999641945,0.6031000000238578,3.077300000011917,1.36850000000004,1.2682000000476705,0.5668000000119378,0.4156000000238578,0.4661000000238573,1.1581000000238078,0.5884000000357332,0.4641000000237909,0.4029999999999063,0.33429999995234994,0.4346000000238064,1.1870000000000118,1.8803000000118573,1.5706999999880509,7.683199999988005,1.9274999999998954,1.2523000000119282,0.40540000003579735,1.6035999999642172,1.3034999999999854,2.1383000000118955,0.42019999998808544,0.41769999998814455]",1.0,2.0783,0.0,11.0,11.0,38.0,1.0,blij,gblij,question_gesture.png,im_hand.png,,,,,,
,,,463298,1,21,2023-09-14_17h18.21.054,flesh_expressibility_dutch,2022.2.4,Linux aarch64,59.90534955,,,,18.0,1.0,Nederlands ,,,,,,Engels ,2.0,Frans,1.0,,0.0,,0.0,,0.0,,0.0,,0.0,,0.0,NL,2.0,2.0,2.0,4.0,,sensorypref2,771.0,360.0,,,,,,,,,,,,,,,,,,,,,,,,,,,,,,,,,,,,11.0,630.1333,53.0,"[2.3364000000357805,2.658999999999992,0.44960000002379275,0.4508999999761727,0.4186000000238437,0.4527000000476846,0.40010000002388324,0.3666000000238796,0.36769999998807634,0.43489999997615314,0.38199999999994816,0.4375999999642204,0.3864000000357919,1.6345000000000027,1.065499999999986,1.1951999999881195,0.3371000000238382,0.45560000002387824,0.3677000000477051,0.6506999999880918,0.401599999964219,1.7574999999999932,0.7991999999880477,0.35909999996420083,0.35180000001196277,0.4749999999999659,0.7535999999641945,0.6030000000000086,3.076999999999998,1.3683999999761909,1.2681000000238214,0.5667000000477174,0.41550000000000864,0.4659000000357878,1.1580000000000155,0.5876999999880468,0.4641000000237909,0.4028999999760572,0.33429999995234994,0.43449999999995725,1.1870000000000118,1.8803000000118573,1.5705999999642017,7.683099999964156,1.9274000000357319,1.252199999988079,0.4053000000119482,1.6025999999642409,1.30339999997625,2.1381999999880463,0.4200999999642363,0.4176000000238673,0.5076000000237855]","[2.33660000002385,2.659100000023841,0.44969999998807,0.4508999999761727,0.41870000004763597,0.452800000011905,0.40020000004767553,0.3666999999881,0.3678000000119255,0.4350000000000023,0.3824999999999932,0.4375999999642204,0.3865000000000123,1.63459999996428,1.065499999999986,1.1953000000119687,0.33720000004768735,0.45570000004772737,0.3677000000477051,0.6508999999761613,0.4018000000119173,1.7574999999999932,0.799400000035746,0.3592999999523272,0.35190000003575506,0.4751999999880354,0.7535999999641945,0.6031000000238578,3.077300000011917,1.36850000000004,1.2682000000476705,0.5668000000119378,0.4156000000238578,0.4661000000238573,1.1581000000238078,0.5884000000357332,0.4641000000237909,0.4029999999999063,0.33429999995234994,0.4346000000238064,1.1870000000000118,1.8803000000118573,1.5706999999880509,7.683199999988005,1.9274999999998954,1.2523000000119282,0.40540000003579735,1.6035999999642172,1.3034999999999854,2.1383000000118955,0.42019999998808544,0.41769999998814455,0.5076000000237855]",1.0,1.8188,0.0,12.0,12.0,53.0,1.0,gooien,ggooien,question_gesture.png,im_hand.png,,,,,,
,,,463298,1,21,2023-09-14_17h18.21.054,flesh_expressibility_dutch,2022.2.4,Linux aarch64,59.90534955,,,,18.0,1.0,Nederlands ,,,,,,Engels ,2.0,Frans,1.0,,0.0,,0.0,,0.0,,0.0,,0.0,,0.0,NL,2.0,2.0,2.0,4.0,,sensorypref2,771.0,360.0,,,,,,,,,,,,,,,,,,,,,,,,,,,,,,,,,,,,13.0,632.5431,54.0,"[2.3364000000357805,2.658999999999992,0.44960000002379275,0.4508999999761727,0.4186000000238437,0.4527000000476846,0.40010000002388324,0.3666000000238796,0.36769999998807634,0.43489999997615314,0.38199999999994816,0.4375999999642204,0.3864000000357919,1.6345000000000027,1.065499999999986,1.1951999999881195,0.3371000000238382,0.45560000002387824,0.3677000000477051,0.6506999999880918,0.401599999964219,1.7574999999999932,0.7991999999880477,0.35909999996420083,0.35180000001196277,0.4749999999999659,0.7535999999641945,0.6030000000000086,3.076999999999998,1.3683999999761909,1.2681000000238214,0.5667000000477174,0.41550000000000864,0.4659000000357878,1.1580000000000155,0.5876999999880468,0.4641000000237909,0.4028999999760572,0.33429999995234994,0.43449999999995725,1.1870000000000118,1.8803000000118573,1.5705999999642017,7.683099999964156,1.9274000000357319,1.252199999988079,0.4053000000119482,1.6025999999642409,1.30339999997625,2.1381999999880463,0.4200999999642363,0.4176000000238673,0.5076000000237855,1.7036000000238118]","[2.33660000002385,2.659100000023841,0.44969999998807,0.4508999999761727,0.41870000004763597,0.452800000011905,0.40020000004767553,0.3666999999881,0.3678000000119255,0.4350000000000023,0.3824999999999932,0.4375999999642204,0.3865000000000123,1.63459999996428,1.065499999999986,1.1953000000119687,0.33720000004768735,0.45570000004772737,0.3677000000477051,0.6508999999761613,0.4018000000119173,1.7574999999999932,0.799400000035746,0.3592999999523272,0.35190000003575506,0.4751999999880354,0.7535999999641945,0.6031000000238578,3.077300000011917,1.36850000000004,1.2682000000476705,0.5668000000119378,0.4156000000238578,0.4661000000238573,1.1581000000238078,0.5884000000357332,0.4641000000237909,0.4029999999999063,0.33429999995234994,0.4346000000238064,1.1870000000000118,1.8803000000118573,1.5706999999880509,7.683199999988005,1.9274999999998954,1.2523000000119282,0.40540000003579735,1.6035999999642172,1.3034999999999854,2.1383000000118955,0.42019999998808544,0.41769999998814455,0.5076000000237855,1.703700000047661]",1.0,3.3158,0.0,13.0,13.0,170.0,1.0,groot,ggroot,question_gesture.png,im_hand.png,,,,,,
,,,463298,1,21,2023-09-14_17h18.21.054,flesh_expressibility_dutch,2022.2.4,Linux aarch64,59.90534955,,,,18.0,1.0,Nederlands ,,,,,,Engels ,2.0,Frans,1.0,,0.0,,0.0,,0.0,,0.0,,0.0,,0.0,NL,2.0,2.0,2.0,4.0,,sensorypref2,771.0,360.0,,,,,,,,,,,,,,,,,,,,,,,,,,,,,,,,,,,,8.0,636.3283,55.0,"[2.3364000000357805,2.658999999999992,0.44960000002379275,0.4508999999761727,0.4186000000238437,0.4527000000476846,0.40010000002388324,0.3666000000238796,0.36769999998807634,0.43489999997615314,0.38199999999994816,0.4375999999642204,0.3864000000357919,1.6345000000000027,1.065499999999986,1.1951999999881195,0.3371000000238382,0.45560000002387824,0.3677000000477051,0.6506999999880918,0.401599999964219,1.7574999999999932,0.7991999999880477,0.35909999996420083,0.35180000001196277,0.4749999999999659,0.7535999999641945,0.6030000000000086,3.076999999999998,1.3683999999761909,1.2681000000238214,0.5667000000477174,0.41550000000000864,0.4659000000357878,1.1580000000000155,0.5876999999880468,0.4641000000237909,0.4028999999760572,0.33429999995234994,0.43449999999995725,1.1870000000000118,1.8803000000118573,1.5705999999642017,7.683099999964156,1.9274000000357319,1.252199999988079,0.4053000000119482,1.6025999999642409,1.30339999997625,2.1381999999880463,0.4200999999642363,0.4176000000238673,0.5076000000237855,1.7036000000238118,0.3886999999880345]","[2.33660000002385,2.659100000023841,0.44969999998807,0.4508999999761727,0.41870000004763597,0.452800000011905,0.40020000004767553,0.3666999999881,0.3678000000119255,0.4350000000000023,0.3824999999999932,0.4375999999642204,0.3865000000000123,1.63459999996428,1.065499999999986,1.1953000000119687,0.33720000004768735,0.45570000004772737,0.3677000000477051,0.6508999999761613,0.4018000000119173,1.7574999999999932,0.799400000035746,0.3592999999523272,0.35190000003575506,0.4751999999880354,0.7535999999641945,0.6031000000238578,3.077300000011917,1.36850000000004,1.2682000000476705,0.5668000000119378,0.4156000000238578,0.4661000000238573,1.1581000000238078,0.5884000000357332,0.4641000000237909,0.4029999999999063,0.33429999995234994,0.4346000000238064,1.1870000000000118,1.8803000000118573,1.5706999999880509,7.683199999988005,1.9274999999998954,1.2523000000119282,0.40540000003579735,1.6035999999642172,1.3034999999999854,2.1383000000118955,0.42019999998808544,0.41769999998814455,0.5076000000237855,1.703700000047661,0.38889999997616087]",-0.016022089,4.4162,0.0,14.0,14.0,156.0,1.0,blad,gblad,question_gesture.png,im_hand.png,,,,,,
,,,463298,1,21,2023-09-14_17h18.21.054,flesh_expressibility_dutch,2022.2.4,Linux aarch64,59.90534955,,,,18.0,1.0,Nederlands ,,,,,,Engels ,2.0,Frans,1.0,,0.0,,0.0,,0.0,,0.0,,0.0,,0.0,NL,2.0,2.0,2.0,4.0,,sensorypref2,771.0,360.0,,,,,,,,,,,,,,,,,,,,,,,,,,,,,,,,,,,,18.0,641.1093,56.0,"[2.3364000000357805,2.658999999999992,0.44960000002379275,0.4508999999761727,0.4186000000238437,0.4527000000476846,0.40010000002388324,0.3666000000238796,0.36769999998807634,0.43489999997615314,0.38199999999994816,0.4375999999642204,0.3864000000357919,1.6345000000000027,1.065499999999986,1.1951999999881195,0.3371000000238382,0.45560000002387824,0.3677000000477051,0.6506999999880918,0.401599999964219,1.7574999999999932,0.7991999999880477,0.35909999996420083,0.35180000001196277,0.4749999999999659,0.7535999999641945,0.6030000000000086,3.076999999999998,1.3683999999761909,1.2681000000238214,0.5667000000477174,0.41550000000000864,0.4659000000357878,1.1580000000000155,0.5876999999880468,0.4641000000237909,0.4028999999760572,0.33429999995234994,0.43449999999995725,1.1870000000000118,1.8803000000118573,1.5705999999642017,7.683099999964156,1.9274000000357319,1.252199999988079,0.4053000000119482,1.6025999999642409,1.30339999997625,2.1381999999880463,0.4200999999642363,0.4176000000238673,0.5076000000237855,1.7036000000238118,0.3886999999880345,0.41700000000003]","[2.33660000002385,2.659100000023841,0.44969999998807,0.4508999999761727,0.41870000004763597,0.452800000011905,0.40020000004767553,0.3666999999881,0.3678000000119255,0.4350000000000023,0.3824999999999932,0.4375999999642204,0.3865000000000123,1.63459999996428,1.065499999999986,1.1953000000119687,0.33720000004768735,0.45570000004772737,0.3677000000477051,0.6508999999761613,0.4018000000119173,1.7574999999999932,0.799400000035746,0.3592999999523272,0.35190000003575506,0.4751999999880354,0.7535999999641945,0.6031000000238578,3.077300000011917,1.36850000000004,1.2682000000476705,0.5668000000119378,0.4156000000238578,0.4661000000238573,1.1581000000238078,0.5884000000357332,0.4641000000237909,0.4029999999999063,0.33429999995234994,0.4346000000238064,1.1870000000000118,1.8803000000118573,1.5706999999880509,7.683199999988005,1.9274999999998954,1.2523000000119282,0.40540000003579735,1.6035999999642172,1.3034999999999854,2.1383000000118955,0.42019999998808544,0.41769999998814455,0.5076000000237855,1.703700000047661,0.38889999997616087,0.41710000002387915]",-0.667584503,11.3542,0.0,15.0,15.0,111.0,1.0,rug,grug,question_gesture.png,im_hand.png,,,,,,
,,,463298,1,21,2023-09-14_17h18.21.054,flesh_expressibility_dutch,2022.2.4,Linux aarch64,59.90534955,,,,18.0,1.0,Nederlands ,,,,,,Engels ,2.0,Frans,1.0,,0.0,,0.0,,0.0,,0.0,,0.0,,0.0,NL,2.0,2.0,2.0,4.0,,sensorypref2,771.0,360.0,,,,,,,,,,,,,,,,,,,,,,,,,,,,,,,,,,,,9.0,652.8379,57.0,"[2.3364000000357805,2.658999999999992,0.44960000002379275,0.4508999999761727,0.4186000000238437,0.4527000000476846,0.40010000002388324,0.3666000000238796,0.36769999998807634,0.43489999997615314,0.38199999999994816,0.4375999999642204,0.3864000000357919,1.6345000000000027,1.065499999999986,1.1951999999881195,0.3371000000238382,0.45560000002387824,0.3677000000477051,0.6506999999880918,0.401599999964219,1.7574999999999932,0.7991999999880477,0.35909999996420083,0.35180000001196277,0.4749999999999659,0.7535999999641945,0.6030000000000086,3.076999999999998,1.3683999999761909,1.2681000000238214,0.5667000000477174,0.41550000000000864,0.4659000000357878,1.1580000000000155,0.5876999999880468,0.4641000000237909,0.4028999999760572,0.33429999995234994,0.43449999999995725,1.1870000000000118,1.8803000000118573,1.5705999999642017,7.683099999964156,1.9274000000357319,1.252199999988079,0.4053000000119482,1.6025999999642409,1.30339999997625,2.1381999999880463,0.4200999999642363,0.4176000000238673,0.5076000000237855,1.7036000000238118,0.3886999999880345,0.41700000000003,0.7226999999879808]","[2.33660000002385,2.659100000023841,0.44969999998807,0.4508999999761727,0.41870000004763597,0.452800000011905,0.40020000004767553,0.3666999999881,0.3678000000119255,0.4350000000000023,0.3824999999999932,0.4375999999642204,0.3865000000000123,1.63459999996428,1.065499999999986,1.1953000000119687,0.33720000004768735,0.45570000004772737,0.3677000000477051,0.6508999999761613,0.4018000000119173,1.7574999999999932,0.799400000035746,0.3592999999523272,0.35190000003575506,0.4751999999880354,0.7535999999641945,0.6031000000238578,3.077300000011917,1.36850000000004,1.2682000000476705,0.5668000000119378,0.4156000000238578,0.4661000000238573,1.1581000000238078,0.5884000000357332,0.4641000000237909,0.4029999999999063,0.33429999995234994,0.4346000000238064,1.1870000000000118,1.8803000000118573,1.5706999999880509,7.683199999988005,1.9274999999998954,1.2523000000119282,0.40540000003579735,1.6035999999642172,1.3034999999999854,2.1383000000118955,0.42019999998808544,0.41769999998814455,0.5076000000237855,1.703700000047661,0.38889999997616087,0.41710000002387915,0.7226999999879808]",1.0,2.878,0.0,16.0,16.0,139.0,1.0,rennen,grennen,question_gesture.png,im_hand.png,,,,,,
,,,463298,1,21,2023-09-14_17h18.21.054,flesh_expressibility_dutch,2022.2.4,Linux aarch64,59.90534955,,,,18.0,1.0,Nederlands ,,,,,,Engels ,2.0,Frans,1.0,,0.0,,0.0,,0.0,,0.0,,0.0,,0.0,NL,2.0,2.0,2.0,4.0,,sensorypref2,771.0,360.0,,,,,,,,,,,,,,,,,,,,,,,,,,,,,,,,,,,,7.0,656.4627,58.0,"[2.3364000000357805,2.658999999999992,0.44960000002379275,0.4508999999761727,0.4186000000238437,0.4527000000476846,0.40010000002388324,0.3666000000238796,0.36769999998807634,0.43489999997615314,0.38199999999994816,0.4375999999642204,0.3864000000357919,1.6345000000000027,1.065499999999986,1.1951999999881195,0.3371000000238382,0.45560000002387824,0.3677000000477051,0.6506999999880918,0.401599999964219,1.7574999999999932,0.7991999999880477,0.35909999996420083,0.35180000001196277,0.4749999999999659,0.7535999999641945,0.6030000000000086,3.076999999999998,1.3683999999761909,1.2681000000238214,0.5667000000477174,0.41550000000000864,0.4659000000357878,1.1580000000000155,0.5876999999880468,0.4641000000237909,0.4028999999760572,0.33429999995234994,0.43449999999995725,1.1870000000000118,1.8803000000118573,1.5705999999642017,7.683099999964156,1.9274000000357319,1.252199999988079,0.4053000000119482,1.6025999999642409,1.30339999997625,2.1381999999880463,0.4200999999642363,0.4176000000238673,0.5076000000237855,1.7036000000238118,0.3886999999880345,0.41700000000003,0.7226999999879808,0.35059999996428814]","[2.33660000002385,2.659100000023841,0.44969999998807,0.4508999999761727,0.41870000004763597,0.452800000011905,0.40020000004767553,0.3666999999881,0.3678000000119255,0.4350000000000023,0.3824999999999932,0.4375999999642204,0.3865000000000123,1.63459999996428,1.065499999999986,1.1953000000119687,0.33720000004768735,0.45570000004772737,0.3677000000477051,0.6508999999761613,0.4018000000119173,1.7574999999999932,0.799400000035746,0.3592999999523272,0.35190000003575506,0.4751999999880354,0.7535999999641945,0.6031000000238578,3.077300000011917,1.36850000000004,1.2682000000476705,0.5668000000119378,0.4156000000238578,0.4661000000238573,1.1581000000238078,0.5884000000357332,0.4641000000237909,0.4029999999999063,0.33429999995234994,0.4346000000238064,1.1870000000000118,1.8803000000118573,1.5706999999880509,7.683199999988005,1.9274999999998954,1.2523000000119282,0.40540000003579735,1.6035999999642172,1.3034999999999854,2.1383000000118955,0.42019999998808544,0.41769999998814455,0.5076000000237855,1.703700000047661,0.38889999997616087,0.41710000002387915,0.7226999999879808,0.3506999999881373]",0.334326056,3.1805,0.0,17.0,17.0,185.0,1.0,in,gin,question_gesture.png,im_hand.png,,,,,,
,,,463298,1,21,2023-09-14_17h18.21.054,flesh_expressibility_dutch,2022.2.4,Linux aarch64,59.90534955,,,,18.0,1.0,Nederlands ,,,,,,Engels ,2.0,Frans,1.0,,0.0,,0.0,,0.0,,0.0,,0.0,,0.0,NL,2.0,2.0,2.0,4.0,,sensorypref2,771.0,360.0,,,,,,,,,,,,,,,,,,,,,,,,,,,,,,,,,,,,12.0,659.964,59.0,"[2.3364000000357805,2.658999999999992,0.44960000002379275,0.4508999999761727,0.4186000000238437,0.4527000000476846,0.40010000002388324,0.3666000000238796,0.36769999998807634,0.43489999997615314,0.38199999999994816,0.4375999999642204,0.3864000000357919,1.6345000000000027,1.065499999999986,1.1951999999881195,0.3371000000238382,0.45560000002387824,0.3677000000477051,0.6506999999880918,0.401599999964219,1.7574999999999932,0.7991999999880477,0.35909999996420083,0.35180000001196277,0.4749999999999659,0.7535999999641945,0.6030000000000086,3.076999999999998,1.3683999999761909,1.2681000000238214,0.5667000000477174,0.41550000000000864,0.4659000000357878,1.1580000000000155,0.5876999999880468,0.4641000000237909,0.4028999999760572,0.33429999995234994,0.43449999999995725,1.1870000000000118,1.8803000000118573,1.5705999999642017,7.683099999964156,1.9274000000357319,1.252199999988079,0.4053000000119482,1.6025999999642409,1.30339999997625,2.1381999999880463,0.4200999999642363,0.4176000000238673,0.5076000000237855,1.7036000000238118,0.3886999999880345,0.41700000000003,0.7226999999879808,0.35059999996428814,0.3161999999880436]","[2.33660000002385,2.659100000023841,0.44969999998807,0.4508999999761727,0.41870000004763597,0.452800000011905,0.40020000004767553,0.3666999999881,0.3678000000119255,0.4350000000000023,0.3824999999999932,0.4375999999642204,0.3865000000000123,1.63459999996428,1.065499999999986,1.1953000000119687,0.33720000004768735,0.45570000004772737,0.3677000000477051,0.6508999999761613,0.4018000000119173,1.7574999999999932,0.799400000035746,0.3592999999523272,0.35190000003575506,0.4751999999880354,0.7535999999641945,0.6031000000238578,3.077300000011917,1.36850000000004,1.2682000000476705,0.5668000000119378,0.4156000000238578,0.4661000000238573,1.1581000000238078,0.5884000000357332,0.4641000000237909,0.4029999999999063,0.33429999995234994,0.4346000000238064,1.1870000000000118,1.8803000000118573,1.5706999999880509,7.683199999988005,1.9274999999998954,1.2523000000119282,0.40540000003579735,1.6035999999642172,1.3034999999999854,2.1383000000118955,0.42019999998808544,0.41769999998814455,0.5076000000237855,1.703700000047661,0.38889999997616087,0.41710000002387915,0.7226999999879808,0.3506999999881373,0.3161999999880436]",1.0,3.8281,0.0,18.0,18.0,3.0,1.0,stil,gstil,question_gesture.png,im_hand.png,,,,,,
,,,463298,1,21,2023-09-14_17h18.21.054,flesh_expressibility_dutch,2022.2.4,Linux aarch64,59.90534955,,,,18.0,1.0,Nederlands ,,,,,,Engels ,2.0,Frans,1.0,,0.0,,0.0,,0.0,,0.0,,0.0,,0.0,NL,2.0,2.0,2.0,4.0,,sensorypref2,771.0,360.0,,,,,,,,,,,,,,,,,,,,,,,,,,,,,,,,,,,,6.0,664.1627,60.0,"[2.3364000000357805,2.658999999999992,0.44960000002379275,0.4508999999761727,0.4186000000238437,0.4527000000476846,0.40010000002388324,0.3666000000238796,0.36769999998807634,0.43489999997615314,0.38199999999994816,0.4375999999642204,0.3864000000357919,1.6345000000000027,1.065499999999986,1.1951999999881195,0.3371000000238382,0.45560000002387824,0.3677000000477051,0.6506999999880918,0.401599999964219,1.7574999999999932,0.7991999999880477,0.35909999996420083,0.35180000001196277,0.4749999999999659,0.7535999999641945,0.6030000000000086,3.076999999999998,1.3683999999761909,1.2681000000238214,0.5667000000477174,0.41550000000000864,0.4659000000357878,1.1580000000000155,0.5876999999880468,0.4641000000237909,0.4028999999760572,0.33429999995234994,0.43449999999995725,1.1870000000000118,1.8803000000118573,1.5705999999642017,7.683099999964156,1.9274000000357319,1.252199999988079,0.4053000000119482,1.6025999999642409,1.30339999997625,2.1381999999880463,0.4200999999642363,0.4176000000238673,0.5076000000237855,1.7036000000238118,0.3886999999880345,0.41700000000003,0.7226999999879808,0.35059999996428814,0.3161999999880436,0.5715000000000146]","[2.33660000002385,2.659100000023841,0.44969999998807,0.4508999999761727,0.41870000004763597,0.452800000011905,0.40020000004767553,0.3666999999881,0.3678000000119255,0.4350000000000023,0.3824999999999932,0.4375999999642204,0.3865000000000123,1.63459999996428,1.065499999999986,1.1953000000119687,0.33720000004768735,0.45570000004772737,0.3677000000477051,0.6508999999761613,0.4018000000119173,1.7574999999999932,0.799400000035746,0.3592999999523272,0.35190000003575506,0.4751999999880354,0.7535999999641945,0.6031000000238578,3.077300000011917,1.36850000000004,1.2682000000476705,0.5668000000119378,0.4156000000238578,0.4661000000238573,1.1581000000238078,0.5884000000357332,0.4641000000237909,0.4029999999999063,0.33429999995234994,0.4346000000238064,1.1870000000000118,1.8803000000118573,1.5706999999880509,7.683199999988005,1.9274999999998954,1.2523000000119282,0.40540000003579735,1.6035999999642172,1.3034999999999854,2.1383000000118955,0.42019999998808544,0.41769999998814455,0.5076000000237855,1.703700000047661,0.38889999997616087,0.41710000002387915,0.7226999999879808,0.3506999999881373,0.3161999999880436,0.5715000000000146]",1.0,3.1397,0.0,19.0,19.0,84.0,1.0,kort,gkort,question_gesture.png,im_hand.png,,,,,,
,,,463298,1,21,2023-09-14_17h18.21.054,flesh_expressibility_dutch,2022.2.4,Linux aarch64,59.90534955,,,,18.0,1.0,Nederlands ,,,,,,Engels ,2.0,Frans,1.0,,0.0,,0.0,,0.0,,0.0,,0.0,,0.0,NL,2.0,2.0,2.0,4.0,,sensorypref2,771.0,360.0,,,,,,,,,,,,,,,,,,,,,,,,,,,,,,,,,,,,,,,,,,,,,,,,,,,,,,,,,
,,,463298,1,21,2023-09-14_17h18.21.054,flesh_expressibility_dutch,2022.2.4,Linux aarch64,59.90534955,,,,18.0,1.0,Nederlands ,,,,,,Engels ,2.0,Frans,1.0,,0.0,,0.0,,0.0,,0.0,,0.0,,0.0,NL,2.0,2.0,2.0,4.0,,sensorypref2,800.0,360.0,,,,,,,,,,,,,,,,,,,,,,,,,,,,,,,,,,,,,,,,,,,,,,,,,,,,1.0,,,,,
,,,463298,1,21,2023-09-14_17h18.21.054,flesh_expressibility_dutch,2022.2.4,Linux aarch64,59.90534955,,,,18.0,1.0,Nederlands ,,,,,,Engels ,2.0,Frans,1.0,,0.0,,0.0,,0.0,,0.0,,0.0,,0.0,NL,2.0,2.0,2.0,4.0,,sensorypref2,800.0,360.0,,,,,,,,,,,,,,,,,,,,,,,,,,,,,,,,,,,,,,,,,,,,,,,,,,,,1.0,,,,,
,,,463298,1,21,2023-09-14_17h18.21.054,flesh_expressibility_dutch,2022.2.4,Linux aarch64,59.90534955,,,,18.0,1.0,Nederlands ,,,,,,Engels ,2.0,Frans,1.0,,0.0,,0.0,,0.0,,0.0,,0.0,,0.0,NL,2.0,2.0,2.0,4.0,,sensorypref2,800.0,360.0,,,,,,,,,,,,,,,,,,,,,,,,,,,,,,,,,,,,,,,,,,,,,,,,,,,,1.0,,,1.0,[676.6105999999643],[676.6106999999881]
