welcome_weiter.numClicks,welcome_weiter.timesOn,welcome_weiter.timesOff,exp_ID,session,presentation limit,date,expName,psychopyVersion,OS,frameRate,introduction_weiter.numClicks,introduction_weiter.timesOn,introduction_weiter.timesOff,age,gender,natlang1,natlang2,natlang3,natlang4,natlang5,natlang6,lang1,proficiency1,lang2,proficiency2,lang3,proficiency3,lang4,proficiency4,lang5,proficiency5,lang6,proficiency6,lang7,proficiency7,lang8,proficiency8,country,education,dyslexia,mobility,currentloc,radio-for-required-checkboxes,sensorypref2,xRes,yRes,sensorypref[],sensorypref1,sensorypref3,sensorypref4,practice_weiter.numClicks,practice_weiter.timesOn,practice_weiter.timesOff,pr_message_weiter.numClicks,pr_message_weiter.timesOn,pr_message_weiter.timesOff,pr_remember_weiter.numClicks,pr_remember_weiter.timesOn,pr_remember_weiter.timesOff,button_weiter.numClicks,button_weiter.timesOn,button_weiter.timesOff,pr_expressibility.response,pr_expressibility.rt,practice_trials.thisRepN,practice_trials.thisTrialN,practice_trials.thisN,practice_trials.thisIndex,practice_trials.ran,pr_word,pr_question,pr_image,start_weiter.numClicks,start_weiter.timesOn,start_weiter.timesOff,message_weiter.numClicks,message_weiter.timesOn,message_weiter.timesOff,trial_remember_weiter.numClicks,trial_remember_weiter.timesOn,trial_remember_weiter.timesOff,Count,Shelf time,trial_button_weiter.numClicks,trial_button_weiter.timesOn,trial_button_weiter.timesOff,expressibility.response,expressibility.rt,trials.thisRepN,trials.thisTrialN,trials.thisN,trials.thisIndex,trials.ran,word,fordict,question,trial_img,problem,problem_text,comment_text,end_experiment.numClicks,end_experiment.timesOn,end_experiment.timesOff
1.0,[5.88159999999404],[5.88179999999702],529266,1,21,2023-09-18_17h51.51.238,flesh_expressibility_dutch,2022.2.4,MacIntel,60.0024001,,,,,,,,,,,,,,,,,,,,,,,,,,,,,,,,,,,,,,,,,,,,,,,,,,,,,,,,,,,,,,,,,,,,,,,,,,,,,,,,,,,,,,,,,,,,,
,,,529266,1,21,2023-09-18_17h51.51.238,flesh_expressibility_dutch,2022.2.4,MacIntel,60.0024001,,,,,,,,,,,,,,,,,,,,,,,,,,,,,,,,,,,,,,,,,,,,,,,,,,,,,,,,,,,,,,,,,,,,,,,,,,,,,,,,,,,,,,,,,,,,,
,,,529266,1,21,2023-09-18_17h51.51.238,flesh_expressibility_dutch,2022.2.4,MacIntel,60.0024001,1.0,[25.14490000000596],[25.144999999999996],,,,,,,,,,,,,,,,,,,,,,,,,,,,,,,,,,,,,,,,,,,,,,,,,,,,,,,,,,,,,,,,,,,,,,,,,,,,,,,,,,,,,,,,,,
,,,529266,1,21,2023-09-18_17h51.51.238,flesh_expressibility_dutch,2022.2.4,MacIntel,60.0024001,,,,,,,,,,,,,,,,,,,,,,,,,,,,,,,,,,,,,,,,,,,,,,,,,,,,,,,,,,,,,,,,,,,,,,,,,,,,,,,,,,,,,,,,,,,,,
,,,529266,1,21,2023-09-18_17h51.51.238,flesh_expressibility_dutch,2022.2.4,MacIntel,60.0024001,,,,19.0,1.0,Nederlands,,,,,,Engels,0.0,,0.0,,0.0,,0.0,,0.0,,0.0,,0.0,,0.0,NL,6.0,2.0,2.0,1.0,on,sensorypref2,1440.0,900.0,,,,,,,,,,,,,,,,,,,,,,,,,,,,,,,,,,,,,,,,,,,,,,,,,,,,,,,,,
,,,529266,1,21,2023-09-18_17h51.51.238,flesh_expressibility_dutch,2022.2.4,MacIntel,60.0024001,,,,19.0,1.0,Nederlands,,,,,,Engels,0.0,,0.0,,0.0,,0.0,,0.0,,0.0,,0.0,,0.0,NL,6.0,2.0,2.0,1.0,,sensorypref2,1440.0,900.0,,,,,1.0,[105.26060000000894],[105.26070000000297],,,,,,,,,,,,,,,,,,,,,,,,,,,,,,,,,,,,,,,,,,,,,,,,,,
,,,529266,1,21,2023-09-18_17h51.51.238,flesh_expressibility_dutch,2022.2.4,MacIntel,60.0024001,,,,19.0,1.0,Nederlands,,,,,,Engels,0.0,,0.0,,0.0,,0.0,,0.0,,0.0,,0.0,,0.0,NL,6.0,2.0,2.0,1.0,,sensorypref2,1440.0,900.0,,,,,,,,,,,,,,,,,,,,,,,,,,,,,,,,,,,,,,,,,,,,,,,,,,,,,,,,,
,,,529266,1,21,2023-09-18_17h51.51.238,flesh_expressibility_dutch,2022.2.4,MacIntel,60.0024001,,,,19.0,1.0,Nederlands,,,,,,Engels,0.0,,0.0,,0.0,,0.0,,0.0,,0.0,,0.0,,0.0,NL,6.0,2.0,2.0,1.0,,sensorypref2,1440.0,900.0,,,,,,,,1.0,[117.16029999999702],[117.1605],1.0,[128.0435],[128.04360000000892],1.0,[2.335000000000008],[2.335000000000008],-0.443871528,30.3659,0.0,0.0,0.0,0.0,1.0,liefde,question_vocal.png,im_mouth.png,,,,,,,,,,,,,,,,,,,,,,,,,,,,,,,
,,,529266,1,21,2023-09-18_17h51.51.238,flesh_expressibility_dutch,2022.2.4,MacIntel,60.0024001,,,,19.0,1.0,Nederlands,,,,,,Engels,0.0,,0.0,,0.0,,0.0,,0.0,,0.0,,0.0,,0.0,NL,6.0,2.0,2.0,1.0,,sensorypref2,1440.0,900.0,,,,,,,,,,,,,,2.0,"[2.335000000000008,1.5002999999970257]","[2.335000000000008,1.5002999999970257]",-0.325060764,19.8381,0.0,1.0,1.0,1.0,1.0,moe,question_vocal.png,im_mouth.png,,,,,,,,,,,,,,,,,,,,,,,,,,,,,,,
,,,529266,1,21,2023-09-18_17h51.51.238,flesh_expressibility_dutch,2022.2.4,MacIntel,60.0024001,,,,19.0,1.0,Nederlands,,,,,,Engels,0.0,,0.0,,0.0,,0.0,,0.0,,0.0,,0.0,,0.0,NL,6.0,2.0,2.0,1.0,,sensorypref2,1440.0,900.0,,,,,,,,2.0,"[117.16029999999702,195.85879999999702]","[117.1605,195.85879999999702]",2.0,"[128.0435,203.35820000000297]","[128.04360000000892,203.35820000000297]",3.0,"[2.335000000000008,1.5002999999970257,0.7827999999970245]","[2.335000000000008,1.5002999999970257,0.7827999999970245]",0.911397569,8.3511,0.0,0.0,0.0,0.0,1.0,koken,question_multimodal.png,im_combination.png,,,,,,,,,,,,,,,,,,,,,,,,,,,,,,,
,,,529266,1,21,2023-09-18_17h51.51.238,flesh_expressibility_dutch,2022.2.4,MacIntel,60.0024001,,,,19.0,1.0,Nederlands,,,,,,Engels,0.0,,0.0,,0.0,,0.0,,0.0,,0.0,,0.0,,0.0,NL,6.0,2.0,2.0,1.0,,sensorypref2,1440.0,900.0,,,,,,,,,,,,,,4.0,"[2.335000000000008,1.5002999999970257,0.7827999999970245,0.8840999999940493]","[2.335000000000008,1.5002999999970257,0.7827999999970245,0.8841999999880841]",0.890633681,9.9027,0.0,1.0,1.0,1.0,1.0,leeuw,question_multimodal.png,im_combination.png,,,,,,,,,,,,,,,,,,,,,,,,,,,,,,,
,,,529266,1,21,2023-09-18_17h51.51.238,flesh_expressibility_dutch,2022.2.4,MacIntel,60.0024001,,,,19.0,1.0,Nederlands,,,,,,Engels,0.0,,0.0,,0.0,,0.0,,0.0,,0.0,,0.0,,0.0,NL,6.0,2.0,2.0,1.0,,sensorypref2,1440.0,900.0,,,,,,,,3.0,"[117.16029999999702,195.85879999999702,234.961299999997]","[117.1605,195.85879999999702,234.9615]",3.0,"[128.0435,203.35820000000297,240.42710000000892]","[128.04360000000892,203.35820000000297,240.42720000000298]",5.0,"[2.335000000000008,1.5002999999970257,0.7827999999970245,0.8840999999940493,4.8831000000089375]","[2.335000000000008,1.5002999999970257,0.7827999999970245,0.8841999999880841,4.883200000003001]",0.944930556,6.548,0.0,0.0,0.0,0.0,1.0,baby,question_gesture.png,im_hand.png,,,,,,,,,,,,,,,,,,,,,,,,,,,,,,,
,,,529266,1,21,2023-09-18_17h51.51.238,flesh_expressibility_dutch,2022.2.4,MacIntel,60.0024001,,,,19.0,1.0,Nederlands,,,,,,Engels,0.0,,0.0,,0.0,,0.0,,0.0,,0.0,,0.0,,0.0,NL,6.0,2.0,2.0,1.0,,sensorypref2,1440.0,900.0,,,,,,,,,,,,,,6.0,"[2.335000000000008,1.5002999999970257,0.7827999999970245,0.8840999999940493,4.8831000000089375,8.064900000005935]","[2.335000000000008,1.5002999999970257,0.7827999999970245,0.8841999999880841,4.883200000003001,8.064900000005935]",0.725625,12.6715,0.0,1.0,1.0,1.0,1.0,auto,question_gesture.png,im_hand.png,,,,,,,,,,,,,,,,,,,,,,,,,,,,,,,
,,,529266,1,21,2023-09-18_17h51.51.238,flesh_expressibility_dutch,2022.2.4,MacIntel,60.0024001,,,,19.0,1.0,Nederlands,,,,,,Engels,0.0,,0.0,,0.0,,0.0,,0.0,,0.0,,0.0,,0.0,NL,6.0,2.0,2.0,1.0,,sensorypref2,1440.0,900.0,,,,,,,,,,,,,,,,,,,,,,,,,,,1.0,[268.618],[268.61809999999406],,,,,,,,,,,,,,,,,,,,,,,,,,,,
,,,529266,1,21,2023-09-18_17h51.51.238,flesh_expressibility_dutch,2022.2.4,MacIntel,60.0024001,,,,19.0,1.0,Nederlands,,,,,,Engels,0.0,,0.0,,0.0,,0.0,,0.0,,0.0,,0.0,,0.0,NL,6.0,2.0,2.0,1.0,,sensorypref2,1440.0,900.0,,,,,,,,,,,,,,,,,,,,,,,,,,,,,,,,,,,,,,,,,,,,,,,,,,,,,,,,,
,,,529266,1,21,2023-09-18_17h51.51.238,flesh_expressibility_dutch,2022.2.4,MacIntel,60.0024001,,,,19.0,1.0,Nederlands,,,,,,Engels,0.0,,0.0,,0.0,,0.0,,0.0,,0.0,,0.0,,0.0,NL,6.0,2.0,2.0,1.0,,sensorypref2,1440.0,900.0,,,,,,,,,,,,,,,,,,,,,,,,,,,,,,1.0,[271.3805],[271.38059999999405],1.0,[277.38009999999406],[277.380299999997],10.0,278.8636,1.0,[1.516599999994014],[1.516599999994014],0.134965278,12.3783,0.0,0.0,0.0,11.0,1.0,voelen,gvoelen,question_gesture.png,im_hand.png,,,,,,
,,,529266,1,21,2023-09-18_17h51.51.238,flesh_expressibility_dutch,2022.2.4,MacIntel,60.0024001,,,,19.0,1.0,Nederlands,,,,,,Engels,0.0,,0.0,,0.0,,0.0,,0.0,,0.0,,0.0,,0.0,NL,6.0,2.0,2.0,1.0,,sensorypref2,1440.0,900.0,,,,,,,,,,,,,,,,,,,,,,,,,,,,,,,,,,,,14.0,291.8685,2.0,"[1.516599999994014,3.783700000003023]","[1.516599999994014,3.783700000003023]",-0.952065972,6.2078,0.0,1.0,1.0,198.0,1.0,nieuw,gnieuw,question_gesture.png,im_hand.png,,,,,,
,,,529266,1,21,2023-09-18_17h51.51.238,flesh_expressibility_dutch,2022.2.4,MacIntel,60.0024001,,,,19.0,1.0,Nederlands,,,,,,Engels,0.0,,0.0,,0.0,,0.0,,0.0,,0.0,,0.0,,0.0,NL,6.0,2.0,2.0,1.0,,sensorypref2,1440.0,900.0,,,,,,,,,,,,,,,,,,,,,,,,,,,,,,,,,,,,11.0,300.6732,3.0,"[1.516599999994014,3.783700000003023,0.9507999999970025]","[1.516599999994014,3.783700000003023,0.9507999999970025]",-0.144027778,10.1526,0.0,2.0,2.0,71.0,1.0,geur,ggeur,question_gesture.png,im_hand.png,,,,,,
,,,529266,1,21,2023-09-18_17h51.51.238,flesh_expressibility_dutch,2022.2.4,MacIntel,60.0024001,,,,19.0,1.0,Nederlands,,,,,,Engels,0.0,,0.0,,0.0,,0.0,,0.0,,0.0,,0.0,,0.0,NL,6.0,2.0,2.0,1.0,,sensorypref2,1440.0,900.0,,,,,,,,,,,,,,,,,,,,,,,,,,,,,,,,,,,,14.0,311.6526,4.0,"[1.516599999994014,3.783700000003023,0.9507999999970025,0.9829000000059978]","[1.516599999994014,3.783700000003023,0.9507999999970025,0.9830000000000041]",0.230286458,6.7899,0.0,3.0,3.0,12.0,1.0,ademen,gademen,question_gesture.png,im_hand.png,,,,,,
,,,529266,1,21,2023-09-18_17h51.51.238,flesh_expressibility_dutch,2022.2.4,MacIntel,60.0024001,,,,19.0,1.0,Nederlands,,,,,,Engels,0.0,,0.0,,0.0,,0.0,,0.0,,0.0,,0.0,,0.0,NL,6.0,2.0,2.0,1.0,,sensorypref2,1440.0,900.0,,,,,,,,,,,,,,,,,,,,,,,,,,,,,,,,,,,,19.0,319.2083,5.0,"[1.516599999994014,3.783700000003023,0.9507999999970025,0.9829000000059978,2.016200000002982]","[1.516599999994014,3.783700000003023,0.9507999999970025,0.9830000000000041,2.0162999999969884]",-0.428784722,5.0743,0.0,4.0,4.0,33.0,1.0,dromen,gdromen,question_gesture.png,im_hand.png,,,,,,
,,,529266,1,21,2023-09-18_17h51.51.238,flesh_expressibility_dutch,2022.2.4,MacIntel,60.0024001,,,,19.0,1.0,Nederlands,,,,,,Engels,0.0,,0.0,,0.0,,0.0,,0.0,,0.0,,0.0,,0.0,NL,6.0,2.0,2.0,1.0,,sensorypref2,1440.0,900.0,,,,,,,,,,,,,,,,,,,,,,,,,,,,,,,,,,,,13.0,325.4549,6.0,"[1.516599999994014,3.783700000003023,0.9507999999970025,0.9829000000059978,2.016200000002982,2.6991000000089116]","[1.516599999994014,3.783700000003023,0.9507999999970025,0.9830000000000041,2.0162999999969884,2.6991000000089116]",0.803098958,6.1913,0.0,5.0,5.0,133.0,1.0,ster,gster,question_gesture.png,im_hand.png,,,,,,
,,,529266,1,21,2023-09-18_17h51.51.238,flesh_expressibility_dutch,2022.2.4,MacIntel,60.0024001,,,,19.0,1.0,Nederlands,,,,,,Engels,0.0,,0.0,,0.0,,0.0,,0.0,,0.0,,0.0,,0.0,NL,6.0,2.0,2.0,1.0,,sensorypref2,1440.0,900.0,,,,,,,,,,,,,,,,,,,,,,,,,,,,,,,,,,,,13.0,332.2133,7.0,"[1.516599999994014,3.783700000003023,0.9507999999970025,0.9829000000059978,2.016200000002982,2.6991000000089116,1.1988000000119428]","[1.516599999994014,3.783700000003023,0.9507999999970025,0.9830000000000041,2.0162999999969884,2.6991000000089116,1.198900000005949]",-0.941440972,2.8731,0.0,6.0,6.0,15.0,1.0,geel,ggeel,question_gesture.png,im_hand.png,,,,,,
,,,529266,1,21,2023-09-18_17h51.51.238,flesh_expressibility_dutch,2022.2.4,MacIntel,60.0024001,,,,19.0,1.0,Nederlands,,,,,,Engels,0.0,,0.0,,0.0,,0.0,,0.0,,0.0,,0.0,,0.0,NL,6.0,2.0,2.0,1.0,,sensorypref2,1440.0,900.0,,,,,,,,,,,,,,,,,,,,,,,,,,,,,,,,,,,,14.0,336.2131,8.0,"[1.516599999994014,3.783700000003023,0.9507999999970025,0.9829000000059978,2.016200000002982,2.6991000000089116,1.1988000000119428,2.4495999999940636]","[1.516599999994014,3.783700000003023,0.9507999999970025,0.9830000000000041,2.0162999999969884,2.6991000000089116,1.198900000005949,2.44970000000302]",0.4490625,7.4417,0.0,7.0,7.0,29.0,1.0,ziek,gziek,question_gesture.png,im_hand.png,,,,,,
,,,529266,1,21,2023-09-18_17h51.51.238,flesh_expressibility_dutch,2022.2.4,MacIntel,60.0024001,,,,19.0,1.0,Nederlands,,,,,,Engels,0.0,,0.0,,0.0,,0.0,,0.0,,0.0,,0.0,,0.0,NL,6.0,2.0,2.0,1.0,,sensorypref2,1440.0,900.0,,,,,,,,,,,,,,,,,,,,,,,,,,,,,,,,,,,,10.0,344.4012,9.0,"[1.516599999994014,3.783700000003023,0.9507999999970025,0.9829000000059978,2.016200000002982,2.6991000000089116,1.1988000000119428,2.4495999999940636,0.665700000003028]","[1.516599999994014,3.783700000003023,0.9507999999970025,0.9830000000000041,2.0162999999969884,2.6991000000089116,1.198900000005949,2.44970000000302,0.665700000003028]",0.651180556,3.0755,0.0,8.0,8.0,59.0,1.0,hoog,ghoog,question_gesture.png,im_hand.png,,,,,,
,,,529266,1,21,2023-09-18_17h51.51.238,flesh_expressibility_dutch,2022.2.4,MacIntel,60.0024001,,,,19.0,1.0,Nederlands,,,,,,Engels,0.0,,0.0,,0.0,,0.0,,0.0,,0.0,,0.0,,0.0,NL,6.0,2.0,2.0,1.0,,sensorypref2,1440.0,900.0,,,,,,,,,,,,,,,,,,,,,,,,,,,,,,,,,,,,17.0,348.086,10.0,"[1.516599999994014,3.783700000003023,0.9507999999970025,0.9829000000059978,2.016200000002982,2.6991000000089116,1.1988000000119428,2.4495999999940636,0.665700000003028,6.466399999991097]","[1.516599999994014,3.783700000003023,0.9507999999970025,0.9830000000000041,2.0162999999969884,2.6991000000089116,1.198900000005949,2.44970000000302,0.665700000003028,6.466500000000053]",0.265842014,8.0259,0.0,9.0,9.0,8.0,1.0,likken,glikken,question_gesture.png,im_hand.png,,,,,,
,,,529266,1,21,2023-09-18_17h51.51.238,flesh_expressibility_dutch,2022.2.4,MacIntel,60.0024001,,,,19.0,1.0,Nederlands,,,,,,Engels,0.0,,0.0,,0.0,,0.0,,0.0,,0.0,,0.0,,0.0,NL,6.0,2.0,2.0,1.0,,sensorypref2,1440.0,900.0,,,,,,,,,,,,,,,,,,,,,,,,,,,,,,,,,,,,14.0,357.302,11.0,"[1.516599999994014,3.783700000003023,0.9507999999970025,0.9829000000059978,2.016200000002982,2.6991000000089116,1.1988000000119428,2.4495999999940636,0.665700000003028,6.466399999991097,1.384099999994021]","[1.516599999994014,3.783700000003023,0.9507999999970025,0.9830000000000041,2.0162999999969884,2.6991000000089116,1.198900000005949,2.44970000000302,0.665700000003028,6.466500000000053,1.384099999994021]",-0.442769097,5.2755,0.0,10.0,10.0,204.0,1.0,donker,gdonker,question_gesture.png,im_hand.png,,,,,,
,,,529266,1,21,2023-09-18_17h51.51.238,flesh_expressibility_dutch,2022.2.4,MacIntel,60.0024001,,,,19.0,1.0,Nederlands,,,,,,Engels,0.0,,0.0,,0.0,,0.0,,0.0,,0.0,,0.0,,0.0,NL,6.0,2.0,2.0,1.0,,sensorypref2,1440.0,900.0,,,,,,,,,,,,,,,,,,,,,,,,,,,,,,,,,,,,13.0,363.2622,12.0,"[1.516599999994014,3.783700000003023,0.9507999999970025,0.9829000000059978,2.016200000002982,2.6991000000089116,1.1988000000119428,2.4495999999940636,0.665700000003028,6.466399999991097,1.384099999994021,0.7177000000029921]","[1.516599999994014,3.783700000003023,0.9507999999970025,0.9830000000000041,2.0162999999969884,2.6991000000089116,1.198900000005949,2.44970000000302,0.665700000003028,6.466500000000053,1.384099999994021,0.7177999999970552]",-0.907387153,3.1433,0.0,11.0,11.0,16.0,1.0,alles,galles,question_gesture.png,im_hand.png,,,,,,
,,,529266,1,21,2023-09-18_17h51.51.238,flesh_expressibility_dutch,2022.2.4,MacIntel,60.0024001,,,,19.0,1.0,Nederlands,,,,,,Engels,0.0,,0.0,,0.0,,0.0,,0.0,,0.0,,0.0,,0.0,NL,6.0,2.0,2.0,1.0,,sensorypref2,1440.0,900.0,,,,,,,,,,,,,,,,,,,,,,,,,,,,,,,,,,,,8.0,367.2358,13.0,"[1.516599999994014,3.783700000003023,0.9507999999970025,0.9829000000059978,2.016200000002982,2.6991000000089116,1.1988000000119428,2.4495999999940636,0.665700000003028,6.466399999991097,1.384099999994021,0.7177000000029921,2.099699999988104]","[1.516599999994014,3.783700000003023,0.9507999999970025,0.9830000000000041,2.0162999999969884,2.6991000000089116,1.198900000005949,2.44970000000302,0.665700000003028,6.466500000000053,1.384099999994021,0.7177999999970552,2.099699999988104]",0.456744792,4.172,0.0,12.0,12.0,84.0,1.0,kort,gkort,question_gesture.png,im_hand.png,,,,,,
,,,529266,1,21,2023-09-18_17h51.51.238,flesh_expressibility_dutch,2022.2.4,MacIntel,60.0024001,,,,19.0,1.0,Nederlands,,,,,,Engels,0.0,,0.0,,0.0,,0.0,,0.0,,0.0,,0.0,,0.0,NL,6.0,2.0,2.0,1.0,,sensorypref2,1440.0,900.0,,,,,,,,,,,,,,,,,,,,,,,,,,,,,,,,,,,,20.0,371.824,14.0,"[1.516599999994014,3.783700000003023,0.9507999999970025,0.9829000000059978,2.016200000002982,2.6991000000089116,1.1988000000119428,2.4495999999940636,0.665700000003028,6.466399999991097,1.384099999994021,0.7177000000029921,2.099699999988104,3.432199999988086]","[1.516599999994014,3.783700000003023,0.9507999999970025,0.9830000000000041,2.0162999999969884,2.6991000000089116,1.198900000005949,2.44970000000302,0.665700000003028,6.466500000000053,1.384099999994021,0.7177999999970552,2.099699999988104,3.432299999997042]",-0.832560764,5.4068,0.0,13.0,13.0,21.0,1.0,heden,gheden,question_gesture.png,im_hand.png,,,,,,
,,,529266,1,21,2023-09-18_17h51.51.238,flesh_expressibility_dutch,2022.2.4,MacIntel,60.0024001,,,,19.0,1.0,Nederlands,,,,,,Engels,0.0,,0.0,,0.0,,0.0,,0.0,,0.0,,0.0,,0.0,NL,6.0,2.0,2.0,1.0,,sensorypref2,1440.0,900.0,,,,,,,,,,,,,,,,,,,,,,,,,,,,,,,,,,,,13.0,377.8845,15.0,"[1.516599999994014,3.783700000003023,0.9507999999970025,0.9829000000059978,2.016200000002982,2.6991000000089116,1.1988000000119428,2.4495999999940636,0.665700000003028,6.466399999991097,1.384099999994021,0.7177000000029921,2.099699999988104,3.432199999988086,0.784100000008948]","[1.516599999994014,3.783700000003023,0.9507999999970025,0.9830000000000041,2.0162999999969884,2.6991000000089116,1.198900000005949,2.44970000000302,0.665700000003028,6.466500000000053,1.384099999994021,0.7177999999970552,2.099699999988104,3.432299999997042,0.784100000008948]",-0.375017361,3.5707,0.0,14.0,14.0,44.0,1.0,lucht,glucht,question_gesture.png,im_hand.png,,,,,,
,,,529266,1,21,2023-09-18_17h51.51.238,flesh_expressibility_dutch,2022.2.4,MacIntel,60.0024001,,,,19.0,1.0,Nederlands,,,,,,Engels,0.0,,0.0,,0.0,,0.0,,0.0,,0.0,,0.0,,0.0,NL,6.0,2.0,2.0,1.0,,sensorypref2,1440.0,900.0,,,,,,,,,,,,,,,,,,,,,,,,,,,,,,,,,,,,16.0,382.2571,16.0,"[1.516599999994014,3.783700000003023,0.9507999999970025,0.9829000000059978,2.016200000002982,2.6991000000089116,1.1988000000119428,2.4495999999940636,0.665700000003028,6.466399999991097,1.384099999994021,0.7177000000029921,2.099699999988104,3.432199999988086,0.784100000008948,0.5180000000000291]","[1.516599999994014,3.783700000003023,0.9507999999970025,0.9830000000000041,2.0162999999969884,2.6991000000089116,1.198900000005949,2.44970000000302,0.665700000003028,6.466500000000053,1.384099999994021,0.7177999999970552,2.099699999988104,3.432299999997042,0.784100000008948,0.5181000000089853]",-0.358237847,5.4192,0.0,15.0,15.0,45.0,1.0,onweer,gonweer,question_gesture.png,im_hand.png,,,,,,
,,,529266,1,21,2023-09-18_17h51.51.238,flesh_expressibility_dutch,2022.2.4,MacIntel,60.0024001,,,,19.0,1.0,Nederlands,,,,,,Engels,0.0,,0.0,,0.0,,0.0,,0.0,,0.0,,0.0,,0.0,NL,6.0,2.0,2.0,1.0,,sensorypref2,1440.0,900.0,,,,,,,,,,,,,,,,,,,,,,,,,,,,,,,,,,,,15.0,388.332,17.0,"[1.516599999994014,3.783700000003023,0.9507999999970025,0.9829000000059978,2.016200000002982,2.6991000000089116,1.1988000000119428,2.4495999999940636,0.665700000003028,6.466399999991097,1.384099999994021,0.7177000000029921,2.099699999988104,3.432199999988086,0.784100000008948,0.5180000000000291,5.398300000011943]","[1.516599999994014,3.783700000003023,0.9507999999970025,0.9830000000000041,2.0162999999969884,2.6991000000089116,1.198900000005949,2.44970000000302,0.665700000003028,6.466500000000053,1.384099999994021,0.7177999999970552,2.099699999988104,3.432299999997042,0.784100000008948,0.5181000000089853,5.398300000011943]",-0.170746528,7.0087,0.0,16.0,16.0,114.0,1.0,borst,gborst,question_gesture.png,im_hand.png,,,,,,
,,,529266,1,21,2023-09-18_17h51.51.238,flesh_expressibility_dutch,2022.2.4,MacIntel,60.0024001,,,,19.0,1.0,Nederlands,,,,,,Engels,0.0,,0.0,,0.0,,0.0,,0.0,,0.0,,0.0,,0.0,NL,6.0,2.0,2.0,1.0,,sensorypref2,1440.0,900.0,,,,,,,,,,,,,,,,,,,,,,,,,,,,,,,,,,,,13.0,396.5222,18.0,"[1.516599999994014,3.783700000003023,0.9507999999970025,0.9829000000059978,2.016200000002982,2.6991000000089116,1.1988000000119428,2.4495999999940636,0.665700000003028,6.466399999991097,1.384099999994021,0.7177000000029921,2.099699999988104,3.432199999988086,0.784100000008948,0.5180000000000291,5.398300000011943,0.5002000000029625]","[1.516599999994014,3.783700000003023,0.9507999999970025,0.9830000000000041,2.0162999999969884,2.6991000000089116,1.198900000005949,2.44970000000302,0.665700000003028,6.466500000000053,1.384099999994021,0.7177999999970552,2.099699999988104,3.432299999997042,0.784100000008948,0.5181000000089853,5.398300000011943,0.5002000000029625]",-0.948836806,3.6043,0.0,17.0,17.0,63.0,1.0,hartig,ghartig,question_gesture.png,im_hand.png,,,,,,
,,,529266,1,21,2023-09-18_17h51.51.238,flesh_expressibility_dutch,2022.2.4,MacIntel,60.0024001,,,,19.0,1.0,Nederlands,,,,,,Engels,0.0,,0.0,,0.0,,0.0,,0.0,,0.0,,0.0,,0.0,NL,6.0,2.0,2.0,1.0,,sensorypref2,1440.0,900.0,,,,,,,,,,,,,,,,,,,,,,,,,,,,,,,,,,,,19.0,400.7208,19.0,"[1.516599999994014,3.783700000003023,0.9507999999970025,0.9829000000059978,2.016200000002982,2.6991000000089116,1.1988000000119428,2.4495999999940636,0.665700000003028,6.466399999991097,1.384099999994021,0.7177000000029921,2.099699999988104,3.432199999988086,0.784100000008948,0.5180000000000291,5.398300000011943,0.5002000000029625,1.3845000000000027]","[1.516599999994014,3.783700000003023,0.9507999999970025,0.9830000000000041,2.0162999999969884,2.6991000000089116,1.198900000005949,2.44970000000302,0.665700000003028,6.466500000000053,1.384099999994021,0.7177999999970552,2.099699999988104,3.432299999997042,0.784100000008948,0.5181000000089853,5.398300000011943,0.5002000000029625,1.384599999994066]",-0.205338542,4.3138,0.0,18.0,18.0,10.0,1.0,strak,gstrak,question_gesture.png,im_hand.png,,,,,,
,,,529266,1,21,2023-09-18_17h51.51.238,flesh_expressibility_dutch,2022.2.4,MacIntel,60.0024001,,,,19.0,1.0,Nederlands,,,,,,Engels,0.0,,0.0,,0.0,,0.0,,0.0,,0.0,,0.0,,0.0,NL,6.0,2.0,2.0,1.0,,sensorypref2,1440.0,900.0,,,,,,,,,,,,,,,,,,,,,,,,,,,,,,,,,,,,17.0,405.5336,20.0,"[1.516599999994014,3.783700000003023,0.9507999999970025,0.9829000000059978,2.016200000002982,2.6991000000089116,1.1988000000119428,2.4495999999940636,0.665700000003028,6.466399999991097,1.384099999994021,0.7177000000029921,2.099699999988104,3.432199999988086,0.784100000008948,0.5180000000000291,5.398300000011943,0.5002000000029625,1.3845000000000027,1.1167000000029361]","[1.516599999994014,3.783700000003023,0.9507999999970025,0.9830000000000041,2.0162999999969884,2.6991000000089116,1.198900000005949,2.44970000000302,0.665700000003028,6.466500000000053,1.384099999994021,0.7177999999970552,2.099699999988104,3.432299999997042,0.784100000008948,0.5181000000089853,5.398300000011943,0.5002000000029625,1.384599999994066,1.1168000000118923]",0.935225694,5.1918,0.0,19.0,19.0,61.0,1.0,laag (ruimtelijk),glaag (ruimtelijk),question_gesture.png,im_hand.png,,,,,,
,,,529266,1,21,2023-09-18_17h51.51.238,flesh_expressibility_dutch,2022.2.4,MacIntel,60.0024001,,,,19.0,1.0,Nederlands,,,,,,Engels,0.0,,0.0,,0.0,,0.0,,0.0,,0.0,,0.0,,0.0,NL,6.0,2.0,2.0,1.0,,sensorypref2,1440.0,900.0,,,,,,,,,,,,,,,,,,,,,,,,,,,,,,2.0,"[271.3805,412.93059999999406]","[271.38059999999405,412.930700000003]",2.0,"[277.38009999999406,416.99679999999705]","[277.380299999997,416.99689999999106]",17.0,418.4368,21.0,"[1.516599999994014,3.783700000003023,0.9507999999970025,0.9829000000059978,2.016200000002982,2.6991000000089116,1.1988000000119428,2.4495999999940636,0.665700000003028,6.466399999991097,1.384099999994021,0.7177000000029921,2.099699999988104,3.432199999988086,0.784100000008948,0.5180000000000291,5.398300000011943,0.5002000000029625,1.3845000000000027,1.1167000000029361,0.8328000000119005]","[1.516599999994014,3.783700000003023,0.9507999999970025,0.9830000000000041,2.0162999999969884,2.6991000000089116,1.198900000005949,2.44970000000302,0.665700000003028,6.466500000000053,1.384099999994021,0.7177999999970552,2.099699999988104,3.432299999997042,0.784100000008948,0.5181000000089853,5.398300000011943,0.5002000000029625,1.384599999994066,1.1168000000118923,0.8330000000000268]",-0.583524306,6.042,0.0,0.0,0.0,163.0,1.0,zout,vzout,question_vocal.png,im_mouth.png,,,,,,
,,,529266,1,21,2023-09-18_17h51.51.238,flesh_expressibility_dutch,2022.2.4,MacIntel,60.0024001,,,,19.0,1.0,Nederlands,,,,,,Engels,0.0,,0.0,,0.0,,0.0,,0.0,,0.0,,0.0,,0.0,NL,6.0,2.0,2.0,1.0,,sensorypref2,1440.0,900.0,,,,,,,,,,,,,,,,,,,,,,,,,,,,,,,,,,,,15.0,424.8919,22.0,"[1.516599999994014,3.783700000003023,0.9507999999970025,0.9829000000059978,2.016200000002982,2.6991000000089116,1.1988000000119428,2.4495999999940636,0.665700000003028,6.466399999991097,1.384099999994021,0.7177000000029921,2.099699999988104,3.432199999988086,0.784100000008948,0.5180000000000291,5.398300000011943,0.5002000000029625,1.3845000000000027,1.1167000000029361,0.8328000000119005,0.833100000008983]","[1.516599999994014,3.783700000003023,0.9507999999970025,0.9830000000000041,2.0162999999969884,2.6991000000089116,1.198900000005949,2.44970000000302,0.665700000003028,6.466500000000053,1.384099999994021,0.7177999999970552,2.099699999988104,3.432299999997042,0.784100000008948,0.5181000000089853,5.398300000011943,0.5002000000029625,1.384599999994066,1.1168000000118923,0.8330000000000268,0.8332000000029893]",-0.324045139,5.1111,0.0,1.0,1.0,89.0,1.0,jagen,vjagen,question_vocal.png,im_mouth.png,,,,,,
,,,529266,1,21,2023-09-18_17h51.51.238,flesh_expressibility_dutch,2022.2.4,MacIntel,60.0024001,,,,19.0,1.0,Nederlands,,,,,,Engels,0.0,,0.0,,0.0,,0.0,,0.0,,0.0,,0.0,,0.0,NL,6.0,2.0,2.0,1.0,,sensorypref2,1440.0,900.0,,,,,,,,,,,,,,,,,,,,,,,,,,,,,,,,,,,,17.0,430.9289,23.0,"[1.516599999994014,3.783700000003023,0.9507999999970025,0.9829000000059978,2.016200000002982,2.6991000000089116,1.1988000000119428,2.4495999999940636,0.665700000003028,6.466399999991097,1.384099999994021,0.7177000000029921,2.099699999988104,3.432199999988086,0.784100000008948,0.5180000000000291,5.398300000011943,0.5002000000029625,1.3845000000000027,1.1167000000029361,0.8328000000119005,0.833100000008983,2.1513999999910425]","[1.516599999994014,3.783700000003023,0.9507999999970025,0.9830000000000041,2.0162999999969884,2.6991000000089116,1.198900000005949,2.44970000000302,0.665700000003028,6.466500000000053,1.384099999994021,0.7177999999970552,2.099699999988104,3.432299999997042,0.784100000008948,0.5181000000089853,5.398300000011943,0.5002000000029625,1.384599999994066,1.1168000000118923,0.8330000000000268,0.8332000000029893,2.1513999999910425]",0.022039931,6.0219,0.0,2.0,2.0,103.0,1.0,vlieg,vvlieg,question_vocal.png,im_mouth.png,,,,,,
,,,529266,1,21,2023-09-18_17h51.51.238,flesh_expressibility_dutch,2022.2.4,MacIntel,60.0024001,,,,19.0,1.0,Nederlands,,,,,,Engels,0.0,,0.0,,0.0,,0.0,,0.0,,0.0,,0.0,,0.0,NL,6.0,2.0,2.0,1.0,,sensorypref2,1440.0,900.0,,,,,,,,,,,,,,,,,,,,,,,,,,,,,,,,,,,,18.0,437.8935,24.0,"[1.516599999994014,3.783700000003023,0.9507999999970025,0.9829000000059978,2.016200000002982,2.6991000000089116,1.1988000000119428,2.4495999999940636,0.665700000003028,6.466399999991097,1.384099999994021,0.7177000000029921,2.099699999988104,3.432199999988086,0.784100000008948,0.5180000000000291,5.398300000011943,0.5002000000029625,1.3845000000000027,1.1167000000029361,0.8328000000119005,0.833100000008983,2.1513999999910425,2.4482000000029416]","[1.516599999994014,3.783700000003023,0.9507999999970025,0.9830000000000041,2.0162999999969884,2.6991000000089116,1.198900000005949,2.44970000000302,0.665700000003028,6.466500000000053,1.384099999994021,0.7177999999970552,2.099699999988104,3.432299999997042,0.784100000008948,0.5181000000089853,5.398300000011943,0.5002000000029625,1.384599999994066,1.1168000000118923,0.8330000000000268,0.8332000000029893,2.1513999999910425,2.4482000000029416]",0.858654514,4.6302,0.0,3.0,3.0,35.0,1.0,boos,vboos,question_vocal.png,im_mouth.png,,,,,,
,,,529266,1,21,2023-09-18_17h51.51.238,flesh_expressibility_dutch,2022.2.4,MacIntel,60.0024001,,,,19.0,1.0,Nederlands,,,,,,Engels,0.0,,0.0,,0.0,,0.0,,0.0,,0.0,,0.0,,0.0,NL,6.0,2.0,2.0,1.0,,sensorypref2,1440.0,900.0,,,,,,,,,,,,,,,,,,,,,,,,,,,,,,,,,,,,20.0,443.3206,25.0,"[1.516599999994014,3.783700000003023,0.9507999999970025,0.9829000000059978,2.016200000002982,2.6991000000089116,1.1988000000119428,2.4495999999940636,0.665700000003028,6.466399999991097,1.384099999994021,0.7177000000029921,2.099699999988104,3.432199999988086,0.784100000008948,0.5180000000000291,5.398300000011943,0.5002000000029625,1.3845000000000027,1.1167000000029361,0.8328000000119005,0.833100000008983,2.1513999999910425,2.4482000000029416,0.7852999999969938]","[1.516599999994014,3.783700000003023,0.9507999999970025,0.9830000000000041,2.0162999999969884,2.6991000000089116,1.198900000005949,2.44970000000302,0.665700000003028,6.466500000000053,1.384099999994021,0.7177999999970552,2.099699999988104,3.432299999997042,0.784100000008948,0.5181000000089853,5.398300000011943,0.5002000000029625,1.384599999994066,1.1168000000118923,0.8330000000000268,0.8332000000029893,2.1513999999910425,2.4482000000029416,0.785399999991057]",-0.925789931,3.9798,0.0,4.0,4.0,202.0,1.0,vlinder,vvlinder,question_vocal.png,im_mouth.png,,,,,,
,,,529266,1,21,2023-09-18_17h51.51.238,flesh_expressibility_dutch,2022.2.4,MacIntel,60.0024001,,,,19.0,1.0,Nederlands,,,,,,Engels,0.0,,0.0,,0.0,,0.0,,0.0,,0.0,,0.0,,0.0,NL,6.0,2.0,2.0,1.0,,sensorypref2,1440.0,900.0,,,,,,,,,,,,,,,,,,,,,,,,,,,,,,,,,,,,22.0,448.1335,25.0,"[1.516599999994014,3.783700000003023,0.9507999999970025,0.9829000000059978,2.016200000002982,2.6991000000089116,1.1988000000119428,2.4495999999940636,0.665700000003028,6.466399999991097,1.384099999994021,0.7177000000029921,2.099699999988104,3.432199999988086,0.784100000008948,0.5180000000000291,5.398300000011943,0.5002000000029625,1.3845000000000027,1.1167000000029361,0.8328000000119005,0.833100000008983,2.1513999999910425,2.4482000000029416,0.7852999999969938]","[1.516599999994014,3.783700000003023,0.9507999999970025,0.9830000000000041,2.0162999999969884,2.6991000000089116,1.198900000005949,2.44970000000302,0.665700000003028,6.466500000000053,1.384099999994021,0.7177999999970552,2.099699999988104,3.432299999997042,0.784100000008948,0.5181000000089853,5.398300000011943,0.5002000000029625,1.384599999994066,1.1168000000118923,0.8330000000000268,0.8332000000029893,2.1513999999910425,2.4482000000029416,0.785399999991057]",,,0.0,5.0,5.0,44.0,1.0,lucht,vlucht,question_vocal.png,im_mouth.png,,,,,,
,,,529266,1,21,2023-09-18_17h51.51.238,flesh_expressibility_dutch,2022.2.4,MacIntel,60.0024001,,,,19.0,1.0,Nederlands,,,,,,Engels,0.0,,0.0,,0.0,,0.0,,0.0,,0.0,,0.0,,0.0,NL,6.0,2.0,2.0,1.0,,sensorypref2,1440.0,900.0,,,,,,,,,,,,,,,,,,,,,,,,,,,,,,,,,,,,13.0,449.055,26.0,"[1.516599999994014,3.783700000003023,0.9507999999970025,0.9829000000059978,2.016200000002982,2.6991000000089116,1.1988000000119428,2.4495999999940636,0.665700000003028,6.466399999991097,1.384099999994021,0.7177000000029921,2.099699999988104,3.432199999988086,0.784100000008948,0.5180000000000291,5.398300000011943,0.5002000000029625,1.3845000000000027,1.1167000000029361,0.8328000000119005,0.833100000008983,2.1513999999910425,2.4482000000029416,0.7852999999969938,0.5840999999940664]","[1.516599999994014,3.783700000003023,0.9507999999970025,0.9830000000000041,2.0162999999969884,2.6991000000089116,1.198900000005949,2.44970000000302,0.665700000003028,6.466500000000053,1.384099999994021,0.7177999999970552,2.099699999988104,3.432299999997042,0.784100000008948,0.5181000000089853,5.398300000011943,0.5002000000029625,1.384599999994066,1.1168000000118923,0.8330000000000268,0.8332000000029893,2.1513999999910425,2.4482000000029416,0.785399999991057,0.5840999999940664]",0.69,2.8894,0.0,6.0,6.0,177.0,1.0,kind,vkind,question_vocal.png,im_mouth.png,,,,,,
,,,529266,1,21,2023-09-18_17h51.51.238,flesh_expressibility_dutch,2022.2.4,MacIntel,60.0024001,,,,19.0,1.0,Nederlands,,,,,,Engels,0.0,,0.0,,0.0,,0.0,,0.0,,0.0,,0.0,,0.0,NL,6.0,2.0,2.0,1.0,,sensorypref2,1440.0,900.0,,,,,,,,,,,,,,,,,,,,,,,,,,,,,,,,,,,,18.0,452.434,27.0,"[1.516599999994014,3.783700000003023,0.9507999999970025,0.9829000000059978,2.016200000002982,2.6991000000089116,1.1988000000119428,2.4495999999940636,0.665700000003028,6.466399999991097,1.384099999994021,0.7177000000029921,2.099699999988104,3.432199999988086,0.784100000008948,0.5180000000000291,5.398300000011943,0.5002000000029625,1.3845000000000027,1.1167000000029361,0.8328000000119005,0.833100000008983,2.1513999999910425,2.4482000000029416,0.7852999999969938,0.5840999999940664,0.54940000000596]","[1.516599999994014,3.783700000003023,0.9507999999970025,0.9830000000000041,2.0162999999969884,2.6991000000089116,1.198900000005949,2.44970000000302,0.665700000003028,6.466500000000053,1.384099999994021,0.7177999999970552,2.099699999988104,3.432299999997042,0.784100000008948,0.5181000000089853,5.398300000011943,0.5002000000029625,1.384599999994066,1.1168000000118923,0.8330000000000268,0.8332000000029893,2.1513999999910425,2.4482000000029416,0.785399999991057,0.5840999999940664,0.54940000000596]",-0.973107639,3.4713,0.0,7.0,7.0,116.0,1.0,oog,voog,question_vocal.png,im_mouth.png,,,,,,
,,,529266,1,21,2023-09-18_17h51.51.238,flesh_expressibility_dutch,2022.2.4,MacIntel,60.0024001,,,,19.0,1.0,Nederlands,,,,,,Engels,0.0,,0.0,,0.0,,0.0,,0.0,,0.0,,0.0,,0.0,NL,6.0,2.0,2.0,1.0,,sensorypref2,1440.0,900.0,,,,,,,,,,,,,,,,,,,,,,,,,,,,,,,,,,,,19.0,456.5306,28.0,"[1.516599999994014,3.783700000003023,0.9507999999970025,0.9829000000059978,2.016200000002982,2.6991000000089116,1.1988000000119428,2.4495999999940636,0.665700000003028,6.466399999991097,1.384099999994021,0.7177000000029921,2.099699999988104,3.432199999988086,0.784100000008948,0.5180000000000291,5.398300000011943,0.5002000000029625,1.3845000000000027,1.1167000000029361,0.8328000000119005,0.833100000008983,2.1513999999910425,2.4482000000029416,0.7852999999969938,0.5840999999940664,0.54940000000596,1.4329999999999927]","[1.516599999994014,3.783700000003023,0.9507999999970025,0.9830000000000041,2.0162999999969884,2.6991000000089116,1.198900000005949,2.44970000000302,0.665700000003028,6.466500000000053,1.384099999994021,0.7177999999970552,2.099699999988104,3.432299999997042,0.784100000008948,0.5181000000089853,5.398300000011943,0.5002000000029625,1.384599999994066,1.1168000000118923,0.8330000000000268,0.8332000000029893,2.1513999999910425,2.4482000000029416,0.785399999991057,0.5840999999940664,0.54940000000596,1.4331000000089489]",-0.035607639,5.0067,0.0,8.0,8.0,145.0,1.0,slaan,vslaan,question_vocal.png,im_mouth.png,,,,,,
,,,529266,1,21,2023-09-18_17h51.51.238,flesh_expressibility_dutch,2022.2.4,MacIntel,60.0024001,,,,19.0,1.0,Nederlands,,,,,,Engels,0.0,,0.0,,0.0,,0.0,,0.0,,0.0,,0.0,,0.0,NL,6.0,2.0,2.0,1.0,,sensorypref2,1440.0,900.0,,,,,,,,,,,,,,,,,,,,,,,,,,,,,,,,,,,,19.0,461.9576,29.0,"[1.516599999994014,3.783700000003023,0.9507999999970025,0.9829000000059978,2.016200000002982,2.6991000000089116,1.1988000000119428,2.4495999999940636,0.665700000003028,6.466399999991097,1.384099999994021,0.7177000000029921,2.099699999988104,3.432199999988086,0.784100000008948,0.5180000000000291,5.398300000011943,0.5002000000029625,1.3845000000000027,1.1167000000029361,0.8328000000119005,0.833100000008983,2.1513999999910425,2.4482000000029416,0.7852999999969938,0.5840999999940664,0.54940000000596,1.4329999999999927,3.9675000000000296]","[1.516599999994014,3.783700000003023,0.9507999999970025,0.9830000000000041,2.0162999999969884,2.6991000000089116,1.198900000005949,2.44970000000302,0.665700000003028,6.466500000000053,1.384099999994021,0.7177999999970552,2.099699999988104,3.432299999997042,0.784100000008948,0.5181000000089853,5.398300000011943,0.5002000000029625,1.384599999994066,1.1168000000118923,0.8330000000000268,0.8332000000029893,2.1513999999910425,2.4482000000029416,0.785399999991057,0.5840999999940664,0.54940000000596,1.4331000000089489,3.967599999994036]",-0.935815972,2.688,0.0,9.0,9.0,36.0,1.0,slecht,vslecht,question_vocal.png,im_mouth.png,,,,,,
,,,529266,1,21,2023-09-18_17h51.51.238,flesh_expressibility_dutch,2022.2.4,MacIntel,60.0024001,,,,19.0,1.0,Nederlands,,,,,,Engels,0.0,,0.0,,0.0,,0.0,,0.0,,0.0,,0.0,,0.0,NL,6.0,2.0,2.0,1.0,,sensorypref2,1440.0,900.0,,,,,,,,,,,,,,,,,,,,,,,,,,,,,,,,,,,,11.0,468.595,30.0,"[1.516599999994014,3.783700000003023,0.9507999999970025,0.9829000000059978,2.016200000002982,2.6991000000089116,1.1988000000119428,2.4495999999940636,0.665700000003028,6.466399999991097,1.384099999994021,0.7177000000029921,2.099699999988104,3.432199999988086,0.784100000008948,0.5180000000000291,5.398300000011943,0.5002000000029625,1.3845000000000027,1.1167000000029361,0.8328000000119005,0.833100000008983,2.1513999999910425,2.4482000000029416,0.7852999999969938,0.5840999999940664,0.54940000000596,1.4329999999999927,3.9675000000000296,0.5345999999940432]","[1.516599999994014,3.783700000003023,0.9507999999970025,0.9830000000000041,2.0162999999969884,2.6991000000089116,1.198900000005949,2.44970000000302,0.665700000003028,6.466500000000053,1.384099999994021,0.7177999999970552,2.099699999988104,3.432299999997042,0.784100000008948,0.5181000000089853,5.398300000011943,0.5002000000029625,1.384599999994066,1.1168000000118923,0.8330000000000268,0.8332000000029893,2.1513999999910425,2.4482000000029416,0.785399999991057,0.5840999999940664,0.54940000000596,1.4331000000089489,3.967599999994036,0.5345999999940432]",-0.964409722,5.0645,0.0,10.0,10.0,21.0,1.0,heden,vheden,question_vocal.png,im_mouth.png,,,,,,
,,,529266,1,21,2023-09-18_17h51.51.238,flesh_expressibility_dutch,2022.2.4,MacIntel,60.0024001,,,,19.0,1.0,Nederlands,,,,,,Engels,0.0,,0.0,,0.0,,0.0,,0.0,,0.0,,0.0,,0.0,NL,6.0,2.0,2.0,1.0,,sensorypref2,1440.0,900.0,,,,,,,,,,,,,,,,,,,,,,,,,,,,,,,,,,,,17.0,474.2461,31.0,"[1.516599999994014,3.783700000003023,0.9507999999970025,0.9829000000059978,2.016200000002982,2.6991000000089116,1.1988000000119428,2.4495999999940636,0.665700000003028,6.466399999991097,1.384099999994021,0.7177000000029921,2.099699999988104,3.432199999988086,0.784100000008948,0.5180000000000291,5.398300000011943,0.5002000000029625,1.3845000000000027,1.1167000000029361,0.8328000000119005,0.833100000008983,2.1513999999910425,2.4482000000029416,0.7852999999969938,0.5840999999940664,0.54940000000596,1.4329999999999927,3.9675000000000296,0.5345999999940432,0.5151000000089425]","[1.516599999994014,3.783700000003023,0.9507999999970025,0.9830000000000041,2.0162999999969884,2.6991000000089116,1.198900000005949,2.44970000000302,0.665700000003028,6.466500000000053,1.384099999994021,0.7177999999970552,2.099699999988104,3.432299999997042,0.784100000008948,0.5181000000089853,5.398300000011943,0.5002000000029625,1.384599999994066,1.1168000000118923,0.8330000000000268,0.8332000000029893,2.1513999999910425,2.4482000000029416,0.785399999991057,0.5840999999940664,0.54940000000596,1.4331000000089489,3.967599999994036,0.5345999999940432,0.5152000000030057]",-0.978697917,3.1362,0.0,11.0,11.0,196.0,1.0,steen,vsteen,question_vocal.png,im_mouth.png,,,,,,
,,,529266,1,21,2023-09-18_17h51.51.238,flesh_expressibility_dutch,2022.2.4,MacIntel,60.0024001,,,,19.0,1.0,Nederlands,,,,,,Engels,0.0,,0.0,,0.0,,0.0,,0.0,,0.0,,0.0,,0.0,NL,6.0,2.0,2.0,1.0,,sensorypref2,1440.0,900.0,,,,,,,,,,,,,,,,,,,,,,,,,,,,,,,,,,,,12.0,477.8218,32.0,"[1.516599999994014,3.783700000003023,0.9507999999970025,0.9829000000059978,2.016200000002982,2.6991000000089116,1.1988000000119428,2.4495999999940636,0.665700000003028,6.466399999991097,1.384099999994021,0.7177000000029921,2.099699999988104,3.432199999988086,0.784100000008948,0.5180000000000291,5.398300000011943,0.5002000000029625,1.3845000000000027,1.1167000000029361,0.8328000000119005,0.833100000008983,2.1513999999910425,2.4482000000029416,0.7852999999969938,0.5840999999940664,0.54940000000596,1.4329999999999927,3.9675000000000296,0.5345999999940432,0.5151000000089425,0.5995999999940409]","[1.516599999994014,3.783700000003023,0.9507999999970025,0.9830000000000041,2.0162999999969884,2.6991000000089116,1.198900000005949,2.44970000000302,0.665700000003028,6.466500000000053,1.384099999994021,0.7177999999970552,2.099699999988104,3.432299999997042,0.784100000008948,0.5181000000089853,5.398300000011943,0.5002000000029625,1.384599999994066,1.1168000000118923,0.8330000000000268,0.8332000000029893,2.1513999999910425,2.4482000000029416,0.785399999991057,0.5840999999940664,0.54940000000596,1.4331000000089489,3.967599999994036,0.5345999999940432,0.5152000000030057,0.5997000000029402]",-0.998385417,2.5462,0.0,12.0,12.0,79.0,1.0,veel,vveel,question_vocal.png,im_mouth.png,,,,,,
,,,529266,1,21,2023-09-18_17h51.51.238,flesh_expressibility_dutch,2022.2.4,MacIntel,60.0024001,,,,19.0,1.0,Nederlands,,,,,,Engels,0.0,,0.0,,0.0,,0.0,,0.0,,0.0,,0.0,,0.0,NL,6.0,2.0,2.0,1.0,,sensorypref2,1440.0,900.0,,,,,,,,,,,,,,,,,,,,,,,,,,,,,,,,,,,,11.0,481.0046,33.0,"[1.516599999994014,3.783700000003023,0.9507999999970025,0.9829000000059978,2.016200000002982,2.6991000000089116,1.1988000000119428,2.4495999999940636,0.665700000003028,6.466399999991097,1.384099999994021,0.7177000000029921,2.099699999988104,3.432199999988086,0.784100000008948,0.5180000000000291,5.398300000011943,0.5002000000029625,1.3845000000000027,1.1167000000029361,0.8328000000119005,0.833100000008983,2.1513999999910425,2.4482000000029416,0.7852999999969938,0.5840999999940664,0.54940000000596,1.4329999999999927,3.9675000000000296,0.5345999999940432,0.5151000000089425,0.5995999999940409,1.0984000000059382]","[1.516599999994014,3.783700000003023,0.9507999999970025,0.9830000000000041,2.0162999999969884,2.6991000000089116,1.198900000005949,2.44970000000302,0.665700000003028,6.466500000000053,1.384099999994021,0.7177999999970552,2.099699999988104,3.432299999997042,0.784100000008948,0.5181000000089853,5.398300000011943,0.5002000000029625,1.384599999994066,1.1168000000118923,0.8330000000000268,0.8332000000029893,2.1513999999910425,2.4482000000029416,0.785399999991057,0.5840999999940664,0.54940000000596,1.4331000000089489,3.967599999994036,0.5345999999940432,0.5152000000030057,0.5997000000029402,1.0985000000000014]",-0.949939236,1.9218,0.0,13.0,13.0,131.0,1.0,zand,vzand,question_vocal.png,im_mouth.png,,,,,,
,,,529266,1,21,2023-09-18_17h51.51.238,flesh_expressibility_dutch,2022.2.4,MacIntel,60.0024001,,,,19.0,1.0,Nederlands,,,,,,Engels,0.0,,0.0,,0.0,,0.0,,0.0,,0.0,,0.0,,0.0,NL,6.0,2.0,2.0,1.0,,sensorypref2,1440.0,900.0,,,,,,,,,,,,,,,,,,,,,,,,,,,,,,,,,,,,13.0,483.9855,34.0,"[1.516599999994014,3.783700000003023,0.9507999999970025,0.9829000000059978,2.016200000002982,2.6991000000089116,1.1988000000119428,2.4495999999940636,0.665700000003028,6.466399999991097,1.384099999994021,0.7177000000029921,2.099699999988104,3.432199999988086,0.784100000008948,0.5180000000000291,5.398300000011943,0.5002000000029625,1.3845000000000027,1.1167000000029361,0.8328000000119005,0.833100000008983,2.1513999999910425,2.4482000000029416,0.7852999999969938,0.5840999999940664,0.54940000000596,1.4329999999999927,3.9675000000000296,0.5345999999940432,0.5151000000089425,0.5995999999940409,1.0984000000059382,1.4504000000059136]","[1.516599999994014,3.783700000003023,0.9507999999970025,0.9830000000000041,2.0162999999969884,2.6991000000089116,1.198900000005949,2.44970000000302,0.665700000003028,6.466500000000053,1.384099999994021,0.7177999999970552,2.099699999988104,3.432299999997042,0.784100000008948,0.5181000000089853,5.398300000011943,0.5002000000029625,1.384599999994066,1.1168000000118923,0.8330000000000268,0.8332000000029893,2.1513999999910425,2.4482000000029416,0.785399999991057,0.5840999999940664,0.54940000000596,1.4331000000089489,3.967599999994036,0.5345999999940432,0.5152000000030057,0.5997000000029402,1.0985000000000014,1.4504000000059136]",-0.999184028,2.3364,0.0,14.0,14.0,59.0,1.0,hoog,vhoog,question_vocal.png,im_mouth.png,,,,,,
,,,529266,1,21,2023-09-18_17h51.51.238,flesh_expressibility_dutch,2022.2.4,MacIntel,60.0024001,,,,19.0,1.0,Nederlands,,,,,,Engels,0.0,,0.0,,0.0,,0.0,,0.0,,0.0,,0.0,,0.0,NL,6.0,2.0,2.0,1.0,,sensorypref2,1440.0,900.0,,,,,,,,,,,,,,,,,,,,,,,,,,,,,,,,,,,,12.0,487.8674,35.0,"[1.516599999994014,3.783700000003023,0.9507999999970025,0.9829000000059978,2.016200000002982,2.6991000000089116,1.1988000000119428,2.4495999999940636,0.665700000003028,6.466399999991097,1.384099999994021,0.7177000000029921,2.099699999988104,3.432199999988086,0.784100000008948,0.5180000000000291,5.398300000011943,0.5002000000029625,1.3845000000000027,1.1167000000029361,0.8328000000119005,0.833100000008983,2.1513999999910425,2.4482000000029416,0.7852999999969938,0.5840999999940664,0.54940000000596,1.4329999999999927,3.9675000000000296,0.5345999999940432,0.5151000000089425,0.5995999999940409,1.0984000000059382,1.4504000000059136,1.0991000000089457]","[1.516599999994014,3.783700000003023,0.9507999999970025,0.9830000000000041,2.0162999999969884,2.6991000000089116,1.198900000005949,2.44970000000302,0.665700000003028,6.466500000000053,1.384099999994021,0.7177999999970552,2.099699999988104,3.432299999997042,0.784100000008948,0.5181000000089853,5.398300000011943,0.5002000000029625,1.384599999994066,1.1168000000118923,0.8330000000000268,0.8332000000029893,2.1513999999910425,2.4482000000029416,0.785399999991057,0.5840999999940664,0.54940000000596,1.4331000000089489,3.967599999994036,0.5345999999940432,0.5152000000030057,0.5997000000029402,1.0985000000000014,1.4504000000059136,1.0991000000089457]",0.979947917,2.7236,0.0,15.0,15.0,150.0,1.0,huilen,vhuilen,question_vocal.png,im_mouth.png,,,,,,
,,,529266,1,21,2023-09-18_17h51.51.238,flesh_expressibility_dutch,2022.2.4,MacIntel,60.0024001,,,,19.0,1.0,Nederlands,,,,,,Engels,0.0,,0.0,,0.0,,0.0,,0.0,,0.0,,0.0,,0.0,NL,6.0,2.0,2.0,1.0,,sensorypref2,1440.0,900.0,,,,,,,,,,,,,,,,,,,,,,,,,,,,,,,,,,,,13.0,491.6756,36.0,"[1.516599999994014,3.783700000003023,0.9507999999970025,0.9829000000059978,2.016200000002982,2.6991000000089116,1.1988000000119428,2.4495999999940636,0.665700000003028,6.466399999991097,1.384099999994021,0.7177000000029921,2.099699999988104,3.432199999988086,0.784100000008948,0.5180000000000291,5.398300000011943,0.5002000000029625,1.3845000000000027,1.1167000000029361,0.8328000000119005,0.833100000008983,2.1513999999910425,2.4482000000029416,0.7852999999969938,0.5840999999940664,0.54940000000596,1.4329999999999927,3.9675000000000296,0.5345999999940432,0.5151000000089425,0.5995999999940409,1.0984000000059382,1.4504000000059136,1.0991000000089457,0.6345999999940659]","[1.516599999994014,3.783700000003023,0.9507999999970025,0.9830000000000041,2.0162999999969884,2.6991000000089116,1.198900000005949,2.44970000000302,0.665700000003028,6.466500000000053,1.384099999994021,0.7177999999970552,2.099699999988104,3.432299999997042,0.784100000008948,0.5181000000089853,5.398300000011943,0.5002000000029625,1.384599999994066,1.1168000000118923,0.8330000000000268,0.8332000000029893,2.1513999999910425,2.4482000000029416,0.785399999991057,0.5840999999940664,0.54940000000596,1.4331000000089489,3.967599999994036,0.5345999999940432,0.5152000000030057,0.5997000000029402,1.0985000000000014,1.4504000000059136,1.0991000000089457,0.6347000000030221]",-0.922135417,2.9032,0.0,16.0,16.0,24.0,1.0,levend,vlevend,question_vocal.png,im_mouth.png,,,,,,
,,,529266,1,21,2023-09-18_17h51.51.238,flesh_expressibility_dutch,2022.2.4,MacIntel,60.0024001,,,,19.0,1.0,Nederlands,,,,,,Engels,0.0,,0.0,,0.0,,0.0,,0.0,,0.0,,0.0,,0.0,NL,6.0,2.0,2.0,1.0,,sensorypref2,1440.0,900.0,,,,,,,,,,,,,,,,,,,,,,,,,,,,,,,,,,,,20.0,495.2373,37.0,"[1.516599999994014,3.783700000003023,0.9507999999970025,0.9829000000059978,2.016200000002982,2.6991000000089116,1.1988000000119428,2.4495999999940636,0.665700000003028,6.466399999991097,1.384099999994021,0.7177000000029921,2.099699999988104,3.432199999988086,0.784100000008948,0.5180000000000291,5.398300000011943,0.5002000000029625,1.3845000000000027,1.1167000000029361,0.8328000000119005,0.833100000008983,2.1513999999910425,2.4482000000029416,0.7852999999969938,0.5840999999940664,0.54940000000596,1.4329999999999927,3.9675000000000296,0.5345999999940432,0.5151000000089425,0.5995999999940409,1.0984000000059382,1.4504000000059136,1.0991000000089457,0.6345999999940659,0.7346000000089248]","[1.516599999994014,3.783700000003023,0.9507999999970025,0.9830000000000041,2.0162999999969884,2.6991000000089116,1.198900000005949,2.44970000000302,0.665700000003028,6.466500000000053,1.384099999994021,0.7177999999970552,2.099699999988104,3.432299999997042,0.784100000008948,0.5181000000089853,5.398300000011943,0.5002000000029625,1.384599999994066,1.1168000000118923,0.8330000000000268,0.8332000000029893,2.1513999999910425,2.4482000000029416,0.785399999991057,0.5840999999940664,0.54940000000596,1.4331000000089489,3.967599999994036,0.5345999999940432,0.5152000000030057,0.5997000000029402,1.0985000000000014,1.4504000000059136,1.0991000000089457,0.6347000000030221,0.7346000000089248]",-0.978732639,2.1757,0.0,17.0,17.0,193.0,1.0,huis,vhuis,question_vocal.png,im_mouth.png,,,,,,
,,,529266,1,21,2023-09-18_17h51.51.238,flesh_expressibility_dutch,2022.2.4,MacIntel,60.0024001,,,,19.0,1.0,Nederlands,,,,,,Engels,0.0,,0.0,,0.0,,0.0,,0.0,,0.0,,0.0,,0.0,NL,6.0,2.0,2.0,1.0,,sensorypref2,1440.0,900.0,,,,,,,,,,,,,,,,,,,,,,,,,,,,,,,,,,,,9.0,498.1086,38.0,"[1.516599999994014,3.783700000003023,0.9507999999970025,0.9829000000059978,2.016200000002982,2.6991000000089116,1.1988000000119428,2.4495999999940636,0.665700000003028,6.466399999991097,1.384099999994021,0.7177000000029921,2.099699999988104,3.432199999988086,0.784100000008948,0.5180000000000291,5.398300000011943,0.5002000000029625,1.3845000000000027,1.1167000000029361,0.8328000000119005,0.833100000008983,2.1513999999910425,2.4482000000029416,0.7852999999969938,0.5840999999940664,0.54940000000596,1.4329999999999927,3.9675000000000296,0.5345999999940432,0.5151000000089425,0.5995999999940409,1.0984000000059382,1.4504000000059136,1.0991000000089457,0.6345999999940659,0.7346000000089248,0.699700000002963]","[1.516599999994014,3.783700000003023,0.9507999999970025,0.9830000000000041,2.0162999999969884,2.6991000000089116,1.198900000005949,2.44970000000302,0.665700000003028,6.466500000000053,1.384099999994021,0.7177999999970552,2.099699999988104,3.432299999997042,0.784100000008948,0.5181000000089853,5.398300000011943,0.5002000000029625,1.384599999994066,1.1168000000118923,0.8330000000000268,0.8332000000029893,2.1513999999910425,2.4482000000029416,0.785399999991057,0.5840999999940664,0.54940000000596,1.4331000000089489,3.967599999994036,0.5345999999940432,0.5152000000030057,0.5997000000029402,1.0985000000000014,1.4504000000059136,1.0991000000089457,0.6347000000030221,0.7346000000089248,0.6997999999969693]",-0.983758681,2.3966,0.0,18.0,18.0,165.0,1.0,hard,vhard,question_vocal.png,im_mouth.png,,,,,,
,,,529266,1,21,2023-09-18_17h51.51.238,flesh_expressibility_dutch,2022.2.4,MacIntel,60.0024001,,,,19.0,1.0,Nederlands,,,,,,Engels,0.0,,0.0,,0.0,,0.0,,0.0,,0.0,,0.0,,0.0,NL,6.0,2.0,2.0,1.0,,sensorypref2,1440.0,900.0,,,,,,,,,,,,,,,,,,,,,,,,,,,,,,,,,,,,18.0,501.2018,39.0,"[1.516599999994014,3.783700000003023,0.9507999999970025,0.9829000000059978,2.016200000002982,2.6991000000089116,1.1988000000119428,2.4495999999940636,0.665700000003028,6.466399999991097,1.384099999994021,0.7177000000029921,2.099699999988104,3.432199999988086,0.784100000008948,0.5180000000000291,5.398300000011943,0.5002000000029625,1.3845000000000027,1.1167000000029361,0.8328000000119005,0.833100000008983,2.1513999999910425,2.4482000000029416,0.7852999999969938,0.5840999999940664,0.54940000000596,1.4329999999999927,3.9675000000000296,0.5345999999940432,0.5151000000089425,0.5995999999940409,1.0984000000059382,1.4504000000059136,1.0991000000089457,0.6345999999940659,0.7346000000089248,0.699700000002963,2.0169000000059327]","[1.516599999994014,3.783700000003023,0.9507999999970025,0.9830000000000041,2.0162999999969884,2.6991000000089116,1.198900000005949,2.44970000000302,0.665700000003028,6.466500000000053,1.384099999994021,0.7177999999970552,2.099699999988104,3.432299999997042,0.784100000008948,0.5181000000089853,5.398300000011943,0.5002000000029625,1.384599999994066,1.1168000000118923,0.8330000000000268,0.8332000000029893,2.1513999999910425,2.4482000000029416,0.785399999991057,0.5840999999940664,0.54940000000596,1.4331000000089489,3.967599999994036,0.5345999999940432,0.5152000000030057,0.5997000000029402,1.0985000000000014,1.4504000000059136,1.0991000000089457,0.6347000000030221,0.7346000000089248,0.6997999999969693,2.0169000000059327]",-0.853897569,3.7777,0.0,19.0,19.0,80.0,1.0,vijand,vvijand,question_vocal.png,im_mouth.png,,,,,,
,,,529266,1,21,2023-09-18_17h51.51.238,flesh_expressibility_dutch,2022.2.4,MacIntel,60.0024001,,,,19.0,1.0,Nederlands,,,,,,Engels,0.0,,0.0,,0.0,,0.0,,0.0,,0.0,,0.0,,0.0,NL,6.0,2.0,2.0,1.0,,sensorypref2,1440.0,900.0,,,,,,,,,,,,,,,,,,,,,,,,,,,,,,,,,,,,16.0,505.8421,40.0,"[1.516599999994014,3.783700000003023,0.9507999999970025,0.9829000000059978,2.016200000002982,2.6991000000089116,1.1988000000119428,2.4495999999940636,0.665700000003028,6.466399999991097,1.384099999994021,0.7177000000029921,2.099699999988104,3.432199999988086,0.784100000008948,0.5180000000000291,5.398300000011943,0.5002000000029625,1.3845000000000027,1.1167000000029361,0.8328000000119005,0.833100000008983,2.1513999999910425,2.4482000000029416,0.7852999999969938,0.5840999999940664,0.54940000000596,1.4329999999999927,3.9675000000000296,0.5345999999940432,0.5151000000089425,0.5995999999940409,1.0984000000059382,1.4504000000059136,1.0991000000089457,0.6345999999940659,0.7346000000089248,0.699700000002963,2.0169000000059327,0.5347000000029993]","[1.516599999994014,3.783700000003023,0.9507999999970025,0.9830000000000041,2.0162999999969884,2.6991000000089116,1.198900000005949,2.44970000000302,0.665700000003028,6.466500000000053,1.384099999994021,0.7177999999970552,2.099699999988104,3.432299999997042,0.784100000008948,0.5181000000089853,5.398300000011943,0.5002000000029625,1.384599999994066,1.1168000000118923,0.8330000000000268,0.8332000000029893,2.1513999999910425,2.4482000000029416,0.785399999991057,0.5840999999940664,0.54940000000596,1.4331000000089489,3.967599999994036,0.5345999999940432,0.5152000000030057,0.5997000000029402,1.0985000000000014,1.4504000000059136,1.0991000000089457,0.6347000000030221,0.7346000000089248,0.6997999999969693,2.0169000000059327,0.5347999999970625]",0.790564236,5.8189,0.0,20.0,20.0,7.0,1.0,kauwen,vkauwen,question_vocal.png,im_mouth.png,,,,,,
,,,529266,1,21,2023-09-18_17h51.51.238,flesh_expressibility_dutch,2022.2.4,MacIntel,60.0024001,,,,19.0,1.0,Nederlands,,,,,,Engels,0.0,,0.0,,0.0,,0.0,,0.0,,0.0,,0.0,,0.0,NL,6.0,2.0,2.0,1.0,,sensorypref2,1440.0,900.0,,,,,,,,,,,,,,,,,,,,,,,,,,,,,,3.0,"[271.3805,412.93059999999406,513.165200000003]","[271.38059999999405,412.930700000003,513.1652999999969]",3.0,"[277.38009999999406,416.99679999999705,517.3294999999999]","[277.380299999997,416.99689999999106,517.3294999999999]",12.0,518.7911,41.0,"[1.516599999994014,3.783700000003023,0.9507999999970025,0.9829000000059978,2.016200000002982,2.6991000000089116,1.1988000000119428,2.4495999999940636,0.665700000003028,6.466399999991097,1.384099999994021,0.7177000000029921,2.099699999988104,3.432199999988086,0.784100000008948,0.5180000000000291,5.398300000011943,0.5002000000029625,1.3845000000000027,1.1167000000029361,0.8328000000119005,0.833100000008983,2.1513999999910425,2.4482000000029416,0.7852999999969938,0.5840999999940664,0.54940000000596,1.4329999999999927,3.9675000000000296,0.5345999999940432,0.5151000000089425,0.5995999999940409,1.0984000000059382,1.4504000000059136,1.0991000000089457,0.6345999999940659,0.7346000000089248,0.699700000002963,2.0169000000059327,0.5347000000029993,1.7002999999970143]","[1.516599999994014,3.783700000003023,0.9507999999970025,0.9830000000000041,2.0162999999969884,2.6991000000089116,1.198900000005949,2.44970000000302,0.665700000003028,6.466500000000053,1.384099999994021,0.7177999999970552,2.099699999988104,3.432299999997042,0.784100000008948,0.5181000000089853,5.398300000011943,0.5002000000029625,1.384599999994066,1.1168000000118923,0.8330000000000268,0.8332000000029893,2.1513999999910425,2.4482000000029416,0.785399999991057,0.5840999999940664,0.54940000000596,1.4331000000089489,3.967599999994036,0.5345999999940432,0.5152000000030057,0.5997000000029402,1.0985000000000014,1.4504000000059136,1.0991000000089457,0.6347000000030221,0.7346000000089248,0.6997999999969693,2.0169000000059327,0.5347999999970625,1.7002999999970143]",-0.802378472,5.7088,0.0,0.0,0.0,97.0,1.0,doen,mdoen,question_multimodal.png,im_combination.png,,,,,,
,,,529266,1,21,2023-09-18_17h51.51.238,flesh_expressibility_dutch,2022.2.4,MacIntel,60.0024001,,,,19.0,1.0,Nederlands,,,,,,Engels,0.0,,0.0,,0.0,,0.0,,0.0,,0.0,,0.0,,0.0,NL,6.0,2.0,2.0,1.0,,sensorypref2,1440.0,900.0,,,,,,,,,,,,,,,,,,,,,,,,,,,,,,,,,,,,15.0,526.1644,42.0,"[1.516599999994014,3.783700000003023,0.9507999999970025,0.9829000000059978,2.016200000002982,2.6991000000089116,1.1988000000119428,2.4495999999940636,0.665700000003028,6.466399999991097,1.384099999994021,0.7177000000029921,2.099699999988104,3.432199999988086,0.784100000008948,0.5180000000000291,5.398300000011943,0.5002000000029625,1.3845000000000027,1.1167000000029361,0.8328000000119005,0.833100000008983,2.1513999999910425,2.4482000000029416,0.7852999999969938,0.5840999999940664,0.54940000000596,1.4329999999999927,3.9675000000000296,0.5345999999940432,0.5151000000089425,0.5995999999940409,1.0984000000059382,1.4504000000059136,1.0991000000089457,0.6345999999940659,0.7346000000089248,0.699700000002963,2.0169000000059327,0.5347000000029993,1.7002999999970143,0.5673000000119828]","[1.516599999994014,3.783700000003023,0.9507999999970025,0.9830000000000041,2.0162999999969884,2.6991000000089116,1.198900000005949,2.44970000000302,0.665700000003028,6.466500000000053,1.384099999994021,0.7177999999970552,2.099699999988104,3.432299999997042,0.784100000008948,0.5181000000089853,5.398300000011943,0.5002000000029625,1.384599999994066,1.1168000000118923,0.8330000000000268,0.8332000000029893,2.1513999999910425,2.4482000000029416,0.785399999991057,0.5840999999940664,0.54940000000596,1.4331000000089489,3.967599999994036,0.5345999999940432,0.5152000000030057,0.5997000000029402,1.0985000000000014,1.4504000000059136,1.0991000000089457,0.6347000000030221,0.7346000000089248,0.6997999999969693,2.0169000000059327,0.5347999999970625,1.7002999999970143,0.5674000000059323]",-0.986779514,5.1133,0.0,1.0,1.0,123.0,1.0,navel,mnavel,question_multimodal.png,im_combination.png,,,,,,
,,,529266,1,21,2023-09-18_17h51.51.238,flesh_expressibility_dutch,2022.2.4,MacIntel,60.0024001,,,,19.0,1.0,Nederlands,,,,,,Engels,0.0,,0.0,,0.0,,0.0,,0.0,,0.0,,0.0,,0.0,NL,6.0,2.0,2.0,1.0,,sensorypref2,1440.0,900.0,,,,,,,,,,,,,,,,,,,,,,,,,,,,,,,,,,,,14.0,531.8989,43.0,"[1.516599999994014,3.783700000003023,0.9507999999970025,0.9829000000059978,2.016200000002982,2.6991000000089116,1.1988000000119428,2.4495999999940636,0.665700000003028,6.466399999991097,1.384099999994021,0.7177000000029921,2.099699999988104,3.432199999988086,0.784100000008948,0.5180000000000291,5.398300000011943,0.5002000000029625,1.3845000000000027,1.1167000000029361,0.8328000000119005,0.833100000008983,2.1513999999910425,2.4482000000029416,0.7852999999969938,0.5840999999940664,0.54940000000596,1.4329999999999927,3.9675000000000296,0.5345999999940432,0.5151000000089425,0.5995999999940409,1.0984000000059382,1.4504000000059136,1.0991000000089457,0.6345999999940659,0.7346000000089248,0.699700000002963,2.0169000000059327,0.5347000000029993,1.7002999999970143,0.5673000000119828,2.166700000003061]","[1.516599999994014,3.783700000003023,0.9507999999970025,0.9830000000000041,2.0162999999969884,2.6991000000089116,1.198900000005949,2.44970000000302,0.665700000003028,6.466500000000053,1.384099999994021,0.7177999999970552,2.099699999988104,3.432299999997042,0.784100000008948,0.5181000000089853,5.398300000011943,0.5002000000029625,1.384599999994066,1.1168000000118923,0.8330000000000268,0.8332000000029893,2.1513999999910425,2.4482000000029416,0.785399999991057,0.5840999999940664,0.54940000000596,1.4331000000089489,3.967599999994036,0.5345999999940432,0.5152000000030057,0.5997000000029402,1.0985000000000014,1.4504000000059136,1.0991000000089457,0.6347000000030221,0.7346000000089248,0.6997999999969693,2.0169000000059327,0.5347999999970625,1.7002999999970143,0.5674000000059323,2.166700000003061]",0.138307292,5.8203,0.0,2.0,2.0,134.0,1.0,water,mwater,question_multimodal.png,im_combination.png,,,,,,
,,,529266,1,21,2023-09-18_17h51.51.238,flesh_expressibility_dutch,2022.2.4,MacIntel,60.0024001,,,,19.0,1.0,Nederlands,,,,,,Engels,0.0,,0.0,,0.0,,0.0,,0.0,,0.0,,0.0,,0.0,NL,6.0,2.0,2.0,1.0,,sensorypref2,1440.0,900.0,,,,,,,,,,,,,,,,,,,,,,,,,,,,,,,,,,,,10.0,538.0156,44.0,"[1.516599999994014,3.783700000003023,0.9507999999970025,0.9829000000059978,2.016200000002982,2.6991000000089116,1.1988000000119428,2.4495999999940636,0.665700000003028,6.466399999991097,1.384099999994021,0.7177000000029921,2.099699999988104,3.432199999988086,0.784100000008948,0.5180000000000291,5.398300000011943,0.5002000000029625,1.3845000000000027,1.1167000000029361,0.8328000000119005,0.833100000008983,2.1513999999910425,2.4482000000029416,0.7852999999969938,0.5840999999940664,0.54940000000596,1.4329999999999927,3.9675000000000296,0.5345999999940432,0.5151000000089425,0.5995999999940409,1.0984000000059382,1.4504000000059136,1.0991000000089457,0.6345999999940659,0.7346000000089248,0.699700000002963,2.0169000000059327,0.5347000000029993,1.7002999999970143,0.5673000000119828,2.166700000003061,3.9494999999999436]","[1.516599999994014,3.783700000003023,0.9507999999970025,0.9830000000000041,2.0162999999969884,2.6991000000089116,1.198900000005949,2.44970000000302,0.665700000003028,6.466500000000053,1.384099999994021,0.7177999999970552,2.099699999988104,3.432299999997042,0.784100000008948,0.5181000000089853,5.398300000011943,0.5002000000029625,1.384599999994066,1.1168000000118923,0.8330000000000268,0.8332000000029893,2.1513999999910425,2.4482000000029416,0.785399999991057,0.5840999999940664,0.54940000000596,1.4331000000089489,3.967599999994036,0.5345999999940432,0.5152000000030057,0.5997000000029402,1.0985000000000014,1.4504000000059136,1.0991000000089457,0.6347000000030221,0.7346000000089248,0.6997999999969693,2.0169000000059327,0.5347999999970625,1.7002999999970143,0.5674000000059323,2.166700000003061,3.9494999999999436]",0.799722222,5.321,0.0,3.0,3.0,170.0,1.0,groot,mgroot,question_multimodal.png,im_combination.png,,,,,,
,,,529266,1,21,2023-09-18_17h51.51.238,flesh_expressibility_dutch,2022.2.4,MacIntel,60.0024001,,,,19.0,1.0,Nederlands,,,,,,Engels,0.0,,0.0,,0.0,,0.0,,0.0,,0.0,,0.0,,0.0,NL,6.0,2.0,2.0,1.0,,sensorypref2,1440.0,900.0,,,,,,,,,,,,,,,,,,,,,,,,,,,,,,,,,,,,15.0,546.398,45.0,"[1.516599999994014,3.783700000003023,0.9507999999970025,0.9829000000059978,2.016200000002982,2.6991000000089116,1.1988000000119428,2.4495999999940636,0.665700000003028,6.466399999991097,1.384099999994021,0.7177000000029921,2.099699999988104,3.432199999988086,0.784100000008948,0.5180000000000291,5.398300000011943,0.5002000000029625,1.3845000000000027,1.1167000000029361,0.8328000000119005,0.833100000008983,2.1513999999910425,2.4482000000029416,0.7852999999969938,0.5840999999940664,0.54940000000596,1.4329999999999927,3.9675000000000296,0.5345999999940432,0.5151000000089425,0.5995999999940409,1.0984000000059382,1.4504000000059136,1.0991000000089457,0.6345999999940659,0.7346000000089248,0.699700000002963,2.0169000000059327,0.5347000000029993,1.7002999999970143,0.5673000000119828,2.166700000003061,3.9494999999999436,2.6320999999940113]","[1.516599999994014,3.783700000003023,0.9507999999970025,0.9830000000000041,2.0162999999969884,2.6991000000089116,1.198900000005949,2.44970000000302,0.665700000003028,6.466500000000053,1.384099999994021,0.7177999999970552,2.099699999988104,3.432299999997042,0.784100000008948,0.5181000000089853,5.398300000011943,0.5002000000029625,1.384599999994066,1.1168000000118923,0.8330000000000268,0.8332000000029893,2.1513999999910425,2.4482000000029416,0.785399999991057,0.5840999999940664,0.54940000000596,1.4331000000089489,3.967599999994036,0.5345999999940432,0.5152000000030057,0.5997000000029402,1.0985000000000014,1.4504000000059136,1.0991000000089457,0.6347000000030221,0.7346000000089248,0.6997999999969693,2.0169000000059327,0.5347999999970625,1.7002999999970143,0.5674000000059323,2.166700000003061,3.9494999999999436,2.6322999999970307]",0.171875,10.838,0.0,4.0,4.0,188.0,1.0,verstoppen,mverstoppen,question_multimodal.png,im_combination.png,,,,,,
,,,529266,1,21,2023-09-18_17h51.51.238,flesh_expressibility_dutch,2022.2.4,MacIntel,60.0024001,,,,19.0,1.0,Nederlands,,,,,,Engels,0.0,,0.0,,0.0,,0.0,,0.0,,0.0,,0.0,,0.0,NL,6.0,2.0,2.0,1.0,,sensorypref2,1440.0,900.0,,,,,,,,,,,,,,,,,,,,,,,,,,,,,,,,,,,,17.0,557.7658,46.0,"[1.516599999994014,3.783700000003023,0.9507999999970025,0.9829000000059978,2.016200000002982,2.6991000000089116,1.1988000000119428,2.4495999999940636,0.665700000003028,6.466399999991097,1.384099999994021,0.7177000000029921,2.099699999988104,3.432199999988086,0.784100000008948,0.5180000000000291,5.398300000011943,0.5002000000029625,1.3845000000000027,1.1167000000029361,0.8328000000119005,0.833100000008983,2.1513999999910425,2.4482000000029416,0.7852999999969938,0.5840999999940664,0.54940000000596,1.4329999999999927,3.9675000000000296,0.5345999999940432,0.5151000000089425,0.5995999999940409,1.0984000000059382,1.4504000000059136,1.0991000000089457,0.6345999999940659,0.7346000000089248,0.699700000002963,2.0169000000059327,0.5347000000029993,1.7002999999970143,0.5673000000119828,2.166700000003061,3.9494999999999436,2.6320999999940113,1.5507999999970252]","[1.516599999994014,3.783700000003023,0.9507999999970025,0.9830000000000041,2.0162999999969884,2.6991000000089116,1.198900000005949,2.44970000000302,0.665700000003028,6.466500000000053,1.384099999994021,0.7177999999970552,2.099699999988104,3.432299999997042,0.784100000008948,0.5181000000089853,5.398300000011943,0.5002000000029625,1.384599999994066,1.1168000000118923,0.8330000000000268,0.8332000000029893,2.1513999999910425,2.4482000000029416,0.785399999991057,0.5840999999940664,0.54940000000596,1.4331000000089489,3.967599999994036,0.5345999999940432,0.5152000000030057,0.5997000000029402,1.0985000000000014,1.4504000000059136,1.0991000000089457,0.6347000000030221,0.7346000000089248,0.6997999999969693,2.0169000000059327,0.5347999999970625,1.7002999999970143,0.5674000000059323,2.166700000003061,3.9494999999999436,2.6322999999970307,1.5509000000059814]",-0.869574653,4.377,0.0,5.0,5.0,94.0,1.0,nu,mnu,question_multimodal.png,im_combination.png,,,,,,
,,,529266,1,21,2023-09-18_17h51.51.238,flesh_expressibility_dutch,2022.2.4,MacIntel,60.0024001,,,,19.0,1.0,Nederlands,,,,,,Engels,0.0,,0.0,,0.0,,0.0,,0.0,,0.0,,0.0,,0.0,NL,6.0,2.0,2.0,1.0,,sensorypref2,1440.0,900.0,,,,,,,,,,,,,,,,,,,,,,,,,,,,,,,,,,,,14.0,562.7238,47.0,"[1.516599999994014,3.783700000003023,0.9507999999970025,0.9829000000059978,2.016200000002982,2.6991000000089116,1.1988000000119428,2.4495999999940636,0.665700000003028,6.466399999991097,1.384099999994021,0.7177000000029921,2.099699999988104,3.432199999988086,0.784100000008948,0.5180000000000291,5.398300000011943,0.5002000000029625,1.3845000000000027,1.1167000000029361,0.8328000000119005,0.833100000008983,2.1513999999910425,2.4482000000029416,0.7852999999969938,0.5840999999940664,0.54940000000596,1.4329999999999927,3.9675000000000296,0.5345999999940432,0.5151000000089425,0.5995999999940409,1.0984000000059382,1.4504000000059136,1.0991000000089457,0.6345999999940659,0.7346000000089248,0.699700000002963,2.0169000000059327,0.5347000000029993,1.7002999999970143,0.5673000000119828,2.166700000003061,3.9494999999999436,2.6320999999940113,1.5507999999970252,1.4022999999970125]","[1.516599999994014,3.783700000003023,0.9507999999970025,0.9830000000000041,2.0162999999969884,2.6991000000089116,1.198900000005949,2.44970000000302,0.665700000003028,6.466500000000053,1.384099999994021,0.7177999999970552,2.099699999988104,3.432299999997042,0.784100000008948,0.5181000000089853,5.398300000011943,0.5002000000029625,1.384599999994066,1.1168000000118923,0.8330000000000268,0.8332000000029893,2.1513999999910425,2.4482000000029416,0.785399999991057,0.5840999999940664,0.54940000000596,1.4331000000089489,3.967599999994036,0.5345999999940432,0.5152000000030057,0.5997000000029402,1.0985000000000014,1.4504000000059136,1.0991000000089457,0.6347000000030221,0.7346000000089248,0.6997999999969693,2.0169000000059327,0.5347999999970625,1.7002999999970143,0.5674000000059323,2.166700000003061,3.9494999999999436,2.6322999999970307,1.5509000000059814,1.4024000000059686]",-0.191649306,5.1551,0.0,6.0,6.0,104.0,1.0,luis,mluis,question_multimodal.png,im_combination.png,,,,,,
,,,529266,1,21,2023-09-18_17h51.51.238,flesh_expressibility_dutch,2022.2.4,MacIntel,60.0024001,,,,19.0,1.0,Nederlands,,,,,,Engels,0.0,,0.0,,0.0,,0.0,,0.0,,0.0,,0.0,,0.0,NL,6.0,2.0,2.0,1.0,,sensorypref2,1440.0,900.0,,,,,,,,,,,,,,,,,,,,,,,,,,,,,,,,,,,,12.0,568.2796,48.0,"[1.516599999994014,3.783700000003023,0.9507999999970025,0.9829000000059978,2.016200000002982,2.6991000000089116,1.1988000000119428,2.4495999999940636,0.665700000003028,6.466399999991097,1.384099999994021,0.7177000000029921,2.099699999988104,3.432199999988086,0.784100000008948,0.5180000000000291,5.398300000011943,0.5002000000029625,1.3845000000000027,1.1167000000029361,0.8328000000119005,0.833100000008983,2.1513999999910425,2.4482000000029416,0.7852999999969938,0.5840999999940664,0.54940000000596,1.4329999999999927,3.9675000000000296,0.5345999999940432,0.5151000000089425,0.5995999999940409,1.0984000000059382,1.4504000000059136,1.0991000000089457,0.6345999999940659,0.7346000000089248,0.699700000002963,2.0169000000059327,0.5347000000029993,1.7002999999970143,0.5673000000119828,2.166700000003061,3.9494999999999436,2.6320999999940113,1.5507999999970252,1.4022999999970125,3.2166000000089525]","[1.516599999994014,3.783700000003023,0.9507999999970025,0.9830000000000041,2.0162999999969884,2.6991000000089116,1.198900000005949,2.44970000000302,0.665700000003028,6.466500000000053,1.384099999994021,0.7177999999970552,2.099699999988104,3.432299999997042,0.784100000008948,0.5181000000089853,5.398300000011943,0.5002000000029625,1.384599999994066,1.1168000000118923,0.8330000000000268,0.8332000000029893,2.1513999999910425,2.4482000000029416,0.785399999991057,0.5840999999940664,0.54940000000596,1.4331000000089489,3.967599999994036,0.5345999999940432,0.5152000000030057,0.5997000000029402,1.0985000000000014,1.4504000000059136,1.0991000000089457,0.6347000000030221,0.7346000000089248,0.6997999999969693,2.0169000000059327,0.5347999999970625,1.7002999999970143,0.5674000000059323,2.166700000003061,3.9494999999999436,2.6322999999970307,1.5509000000059814,1.4024000000059686,3.2166000000089525]",-0.75953125,5.3065,0.0,7.0,7.0,27.0,1.0,gezond,mgezond,question_multimodal.png,im_combination.png,,,,,,
,,,529266,1,21,2023-09-18_17h51.51.238,flesh_expressibility_dutch,2022.2.4,MacIntel,60.0024001,,,,19.0,1.0,Nederlands,,,,,,Engels,0.0,,0.0,,0.0,,0.0,,0.0,,0.0,,0.0,,0.0,NL,6.0,2.0,2.0,1.0,,sensorypref2,1440.0,900.0,,,,,,,,,,,,,,,,,,,,,,,,,,,,,,,,,,,,13.0,574.2417,49.0,"[1.516599999994014,3.783700000003023,0.9507999999970025,0.9829000000059978,2.016200000002982,2.6991000000089116,1.1988000000119428,2.4495999999940636,0.665700000003028,6.466399999991097,1.384099999994021,0.7177000000029921,2.099699999988104,3.432199999988086,0.784100000008948,0.5180000000000291,5.398300000011943,0.5002000000029625,1.3845000000000027,1.1167000000029361,0.8328000000119005,0.833100000008983,2.1513999999910425,2.4482000000029416,0.7852999999969938,0.5840999999940664,0.54940000000596,1.4329999999999927,3.9675000000000296,0.5345999999940432,0.5151000000089425,0.5995999999940409,1.0984000000059382,1.4504000000059136,1.0991000000089457,0.6345999999940659,0.7346000000089248,0.699700000002963,2.0169000000059327,0.5347000000029993,1.7002999999970143,0.5673000000119828,2.166700000003061,3.9494999999999436,2.6320999999940113,1.5507999999970252,1.4022999999970125,3.2166000000089525,0.5647999999970352]","[1.516599999994014,3.783700000003023,0.9507999999970025,0.9830000000000041,2.0162999999969884,2.6991000000089116,1.198900000005949,2.44970000000302,0.665700000003028,6.466500000000053,1.384099999994021,0.7177999999970552,2.099699999988104,3.432299999997042,0.784100000008948,0.5181000000089853,5.398300000011943,0.5002000000029625,1.384599999994066,1.1168000000118923,0.8330000000000268,0.8332000000029893,2.1513999999910425,2.4482000000029416,0.785399999991057,0.5840999999940664,0.54940000000596,1.4331000000089489,3.967599999994036,0.5345999999940432,0.5152000000030057,0.5997000000029402,1.0985000000000014,1.4504000000059136,1.0991000000089457,0.6347000000030221,0.7346000000089248,0.6997999999969693,2.0169000000059327,0.5347999999970625,1.7002999999970143,0.5674000000059323,2.166700000003061,3.9494999999999436,2.6322999999970307,1.5509000000059814,1.4024000000059686,3.2166000000089525,0.5647999999970352]",0.926171875,3.1726,0.0,8.0,8.0,87.0,1.0,vechten,mvechten,question_multimodal.png,im_combination.png,,,,,,
,,,529266,1,21,2023-09-18_17h51.51.238,flesh_expressibility_dutch,2022.2.4,MacIntel,60.0024001,,,,19.0,1.0,Nederlands,,,,,,Engels,0.0,,0.0,,0.0,,0.0,,0.0,,0.0,,0.0,,0.0,NL,6.0,2.0,2.0,1.0,,sensorypref2,1440.0,900.0,,,,,,,,,,,,,,,,,,,,,,,,,,,,,,,,,,,,11.0,578.0842,50.0,"[1.516599999994014,3.783700000003023,0.9507999999970025,0.9829000000059978,2.016200000002982,2.6991000000089116,1.1988000000119428,2.4495999999940636,0.665700000003028,6.466399999991097,1.384099999994021,0.7177000000029921,2.099699999988104,3.432199999988086,0.784100000008948,0.5180000000000291,5.398300000011943,0.5002000000029625,1.3845000000000027,1.1167000000029361,0.8328000000119005,0.833100000008983,2.1513999999910425,2.4482000000029416,0.7852999999969938,0.5840999999940664,0.54940000000596,1.4329999999999927,3.9675000000000296,0.5345999999940432,0.5151000000089425,0.5995999999940409,1.0984000000059382,1.4504000000059136,1.0991000000089457,0.6345999999940659,0.7346000000089248,0.699700000002963,2.0169000000059327,0.5347000000029993,1.7002999999970143,0.5673000000119828,2.166700000003061,3.9494999999999436,2.6320999999940113,1.5507999999970252,1.4022999999970125,3.2166000000089525,0.5647999999970352,0.9169999999999163]","[1.516599999994014,3.783700000003023,0.9507999999970025,0.9830000000000041,2.0162999999969884,2.6991000000089116,1.198900000005949,2.44970000000302,0.665700000003028,6.466500000000053,1.384099999994021,0.7177999999970552,2.099699999988104,3.432299999997042,0.784100000008948,0.5181000000089853,5.398300000011943,0.5002000000029625,1.384599999994066,1.1168000000118923,0.8330000000000268,0.8332000000029893,2.1513999999910425,2.4482000000029416,0.785399999991057,0.5840999999940664,0.54940000000596,1.4331000000089489,3.967599999994036,0.5345999999940432,0.5152000000030057,0.5997000000029402,1.0985000000000014,1.4504000000059136,1.0991000000089457,0.6347000000030221,0.7346000000089248,0.6997999999969693,2.0169000000059327,0.5347999999970625,1.7002999999970143,0.5674000000059323,2.166700000003061,3.9494999999999436,2.6322999999970307,1.5509000000059814,1.4024000000059686,3.2166000000089525,0.5647999999970352,0.9169999999999163]",-0.620442708,7.2585,0.0,9.0,9.0,109.0,1.0,tong,mtong,question_multimodal.png,im_combination.png,,,,,,
,,,529266,1,21,2023-09-18_17h51.51.238,flesh_expressibility_dutch,2022.2.4,MacIntel,60.0024001,,,,19.0,1.0,Nederlands,,,,,,Engels,0.0,,0.0,,0.0,,0.0,,0.0,,0.0,,0.0,,0.0,NL,6.0,2.0,2.0,1.0,,sensorypref2,1440.0,900.0,,,,,,,,,,,,,,,,,,,,,,,,,,,,,,,,,,,,10.0,585.8647,51.0,"[1.516599999994014,3.783700000003023,0.9507999999970025,0.9829000000059978,2.016200000002982,2.6991000000089116,1.1988000000119428,2.4495999999940636,0.665700000003028,6.466399999991097,1.384099999994021,0.7177000000029921,2.099699999988104,3.432199999988086,0.784100000008948,0.5180000000000291,5.398300000011943,0.5002000000029625,1.3845000000000027,1.1167000000029361,0.8328000000119005,0.833100000008983,2.1513999999910425,2.4482000000029416,0.7852999999969938,0.5840999999940664,0.54940000000596,1.4329999999999927,3.9675000000000296,0.5345999999940432,0.5151000000089425,0.5995999999940409,1.0984000000059382,1.4504000000059136,1.0991000000089457,0.6345999999940659,0.7346000000089248,0.699700000002963,2.0169000000059327,0.5347000000029993,1.7002999999970143,0.5673000000119828,2.166700000003061,3.9494999999999436,2.6320999999940113,1.5507999999970252,1.4022999999970125,3.2166000000089525,0.5647999999970352,0.9169999999999163,0.9320999999939659]","[1.516599999994014,3.783700000003023,0.9507999999970025,0.9830000000000041,2.0162999999969884,2.6991000000089116,1.198900000005949,2.44970000000302,0.665700000003028,6.466500000000053,1.384099999994021,0.7177999999970552,2.099699999988104,3.432299999997042,0.784100000008948,0.5181000000089853,5.398300000011943,0.5002000000029625,1.384599999994066,1.1168000000118923,0.8330000000000268,0.8332000000029893,2.1513999999910425,2.4482000000029416,0.785399999991057,0.5840999999940664,0.54940000000596,1.4331000000089489,3.967599999994036,0.5345999999940432,0.5152000000030057,0.5997000000029402,1.0985000000000014,1.4504000000059136,1.0991000000089457,0.6347000000030221,0.7346000000089248,0.6997999999969693,2.0169000000059327,0.5347999999970625,1.7002999999970143,0.5674000000059323,2.166700000003061,3.9494999999999436,2.6322999999970307,1.5509000000059814,1.4024000000059686,3.2166000000089525,0.5647999999970352,0.9169999999999163,0.9320999999939659]",0.960920139,5.8591,0.0,10.0,10.0,145.0,1.0,slaan,mslaan,question_multimodal.png,im_combination.png,,,,,,
,,,529266,1,21,2023-09-18_17h51.51.238,flesh_expressibility_dutch,2022.2.4,MacIntel,60.0024001,,,,19.0,1.0,Nederlands,,,,,,Engels,0.0,,0.0,,0.0,,0.0,,0.0,,0.0,,0.0,,0.0,NL,6.0,2.0,2.0,1.0,,sensorypref2,1440.0,900.0,,,,,,,,,,,,,,,,,,,,,,,,,,,,,,,,,,,,15.0,592.2121,52.0,"[1.516599999994014,3.783700000003023,0.9507999999970025,0.9829000000059978,2.016200000002982,2.6991000000089116,1.1988000000119428,2.4495999999940636,0.665700000003028,6.466399999991097,1.384099999994021,0.7177000000029921,2.099699999988104,3.432199999988086,0.784100000008948,0.5180000000000291,5.398300000011943,0.5002000000029625,1.3845000000000027,1.1167000000029361,0.8328000000119005,0.833100000008983,2.1513999999910425,2.4482000000029416,0.7852999999969938,0.5840999999940664,0.54940000000596,1.4329999999999927,3.9675000000000296,0.5345999999940432,0.5151000000089425,0.5995999999940409,1.0984000000059382,1.4504000000059136,1.0991000000089457,0.6345999999940659,0.7346000000089248,0.699700000002963,2.0169000000059327,0.5347000000029993,1.7002999999970143,0.5673000000119828,2.166700000003061,3.9494999999999436,2.6320999999940113,1.5507999999970252,1.4022999999970125,3.2166000000089525,0.5647999999970352,0.9169999999999163,0.9320999999939659,0.48419999998816365]","[1.516599999994014,3.783700000003023,0.9507999999970025,0.9830000000000041,2.0162999999969884,2.6991000000089116,1.198900000005949,2.44970000000302,0.665700000003028,6.466500000000053,1.384099999994021,0.7177999999970552,2.099699999988104,3.432299999997042,0.784100000008948,0.5181000000089853,5.398300000011943,0.5002000000029625,1.384599999994066,1.1168000000118923,0.8330000000000268,0.8332000000029893,2.1513999999910425,2.4482000000029416,0.785399999991057,0.5840999999940664,0.54940000000596,1.4331000000089489,3.967599999994036,0.5345999999940432,0.5152000000030057,0.5997000000029402,1.0985000000000014,1.4504000000059136,1.0991000000089457,0.6347000000030221,0.7346000000089248,0.6997999999969693,2.0169000000059327,0.5347999999970625,1.7002999999970143,0.5674000000059323,2.166700000003061,3.9494999999999436,2.6322999999970307,1.5509000000059814,1.4024000000059686,3.2166000000089525,0.5647999999970352,0.9169999999999163,0.9320999999939659,0.4842999999971198]",0.96125,2.2764,0.0,11.0,11.0,59.0,1.0,hoog,mhoog,question_multimodal.png,im_combination.png,,,,,,
,,,529266,1,21,2023-09-18_17h51.51.238,flesh_expressibility_dutch,2022.2.4,MacIntel,60.0024001,,,,19.0,1.0,Nederlands,,,,,,Engels,0.0,,0.0,,0.0,,0.0,,0.0,,0.0,,0.0,,0.0,NL,6.0,2.0,2.0,1.0,,sensorypref2,1440.0,900.0,,,,,,,,,,,,,,,,,,,,,,,,,,,,,,,,,,,,10.0,594.8828,53.0,"[1.516599999994014,3.783700000003023,0.9507999999970025,0.9829000000059978,2.016200000002982,2.6991000000089116,1.1988000000119428,2.4495999999940636,0.665700000003028,6.466399999991097,1.384099999994021,0.7177000000029921,2.099699999988104,3.432199999988086,0.784100000008948,0.5180000000000291,5.398300000011943,0.5002000000029625,1.3845000000000027,1.1167000000029361,0.8328000000119005,0.833100000008983,2.1513999999910425,2.4482000000029416,0.7852999999969938,0.5840999999940664,0.54940000000596,1.4329999999999927,3.9675000000000296,0.5345999999940432,0.5151000000089425,0.5995999999940409,1.0984000000059382,1.4504000000059136,1.0991000000089457,0.6345999999940659,0.7346000000089248,0.699700000002963,2.0169000000059327,0.5347000000029993,1.7002999999970143,0.5673000000119828,2.166700000003061,3.9494999999999436,2.6320999999940113,1.5507999999970252,1.4022999999970125,3.2166000000089525,0.5647999999970352,0.9169999999999163,0.9320999999939659,0.48419999998816365,0.7164000000059332]","[1.516599999994014,3.783700000003023,0.9507999999970025,0.9830000000000041,2.0162999999969884,2.6991000000089116,1.198900000005949,2.44970000000302,0.665700000003028,6.466500000000053,1.384099999994021,0.7177999999970552,2.099699999988104,3.432299999997042,0.784100000008948,0.5181000000089853,5.398300000011943,0.5002000000029625,1.384599999994066,1.1168000000118923,0.8330000000000268,0.8332000000029893,2.1513999999910425,2.4482000000029416,0.785399999991057,0.5840999999940664,0.54940000000596,1.4331000000089489,3.967599999994036,0.5345999999940432,0.5152000000030057,0.5997000000029402,1.0985000000000014,1.4504000000059136,1.0991000000089457,0.6347000000030221,0.7346000000089248,0.6997999999969693,2.0169000000059327,0.5347999999970625,1.7002999999970143,0.5674000000059323,2.166700000003061,3.9494999999999436,2.6322999999970307,1.5509000000059814,1.4024000000059686,3.2166000000089525,0.5647999999970352,0.9169999999999163,0.9320999999939659,0.4842999999971198,0.7164000000059332]",-0.951449653,2.8557,0.0,12.0,12.0,167.0,1.0,rood,mrood,question_multimodal.png,im_combination.png,,,,,,
,,,529266,1,21,2023-09-18_17h51.51.238,flesh_expressibility_dutch,2022.2.4,MacIntel,60.0024001,,,,19.0,1.0,Nederlands,,,,,,Engels,0.0,,0.0,,0.0,,0.0,,0.0,,0.0,,0.0,,0.0,NL,6.0,2.0,2.0,1.0,,sensorypref2,1440.0,900.0,,,,,,,,,,,,,,,,,,,,,,,,,,,,,,,,,,,,12.0,598.5646,54.0,"[1.516599999994014,3.783700000003023,0.9507999999970025,0.9829000000059978,2.016200000002982,2.6991000000089116,1.1988000000119428,2.4495999999940636,0.665700000003028,6.466399999991097,1.384099999994021,0.7177000000029921,2.099699999988104,3.432199999988086,0.784100000008948,0.5180000000000291,5.398300000011943,0.5002000000029625,1.3845000000000027,1.1167000000029361,0.8328000000119005,0.833100000008983,2.1513999999910425,2.4482000000029416,0.7852999999969938,0.5840999999940664,0.54940000000596,1.4329999999999927,3.9675000000000296,0.5345999999940432,0.5151000000089425,0.5995999999940409,1.0984000000059382,1.4504000000059136,1.0991000000089457,0.6345999999940659,0.7346000000089248,0.699700000002963,2.0169000000059327,0.5347000000029993,1.7002999999970143,0.5673000000119828,2.166700000003061,3.9494999999999436,2.6320999999940113,1.5507999999970252,1.4022999999970125,3.2166000000089525,0.5647999999970352,0.9169999999999163,0.9320999999939659,0.48419999998816365,0.7164000000059332,6.2825999999940905]","[1.516599999994014,3.783700000003023,0.9507999999970025,0.9830000000000041,2.0162999999969884,2.6991000000089116,1.198900000005949,2.44970000000302,0.665700000003028,6.466500000000053,1.384099999994021,0.7177999999970552,2.099699999988104,3.432299999997042,0.784100000008948,0.5181000000089853,5.398300000011943,0.5002000000029625,1.384599999994066,1.1168000000118923,0.8330000000000268,0.8332000000029893,2.1513999999910425,2.4482000000029416,0.785399999991057,0.5840999999940664,0.54940000000596,1.4331000000089489,3.967599999994036,0.5345999999940432,0.5152000000030057,0.5997000000029402,1.0985000000000014,1.4504000000059136,1.0991000000089457,0.6347000000030221,0.7346000000089248,0.6997999999969693,2.0169000000059327,0.5347999999970625,1.7002999999970143,0.5674000000059323,2.166700000003061,3.9494999999999436,2.6322999999970307,1.5509000000059814,1.4024000000059686,3.2166000000089525,0.5647999999970352,0.9169999999999163,0.9320999999939659,0.4842999999971198,0.7164000000059332,6.282700000003047]",-0.74703125,8.6649,0.0,13.0,13.0,86.0,1.0,badderen,mbadderen,question_multimodal.png,im_combination.png,,,,,,
,,,529266,1,21,2023-09-18_17h51.51.238,flesh_expressibility_dutch,2022.2.4,MacIntel,60.0024001,,,,19.0,1.0,Nederlands,,,,,,Engels,0.0,,0.0,,0.0,,0.0,,0.0,,0.0,,0.0,,0.0,NL,6.0,2.0,2.0,1.0,,sensorypref2,1440.0,900.0,,,,,,,,,,,,,,,,,,,,,,,,,,,,,,,,,,,,17.0,608.8977,55.0,"[1.516599999994014,3.783700000003023,0.9507999999970025,0.9829000000059978,2.016200000002982,2.6991000000089116,1.1988000000119428,2.4495999999940636,0.665700000003028,6.466399999991097,1.384099999994021,0.7177000000029921,2.099699999988104,3.432199999988086,0.784100000008948,0.5180000000000291,5.398300000011943,0.5002000000029625,1.3845000000000027,1.1167000000029361,0.8328000000119005,0.833100000008983,2.1513999999910425,2.4482000000029416,0.7852999999969938,0.5840999999940664,0.54940000000596,1.4329999999999927,3.9675000000000296,0.5345999999940432,0.5151000000089425,0.5995999999940409,1.0984000000059382,1.4504000000059136,1.0991000000089457,0.6345999999940659,0.7346000000089248,0.699700000002963,2.0169000000059327,0.5347000000029993,1.7002999999970143,0.5673000000119828,2.166700000003061,3.9494999999999436,2.6320999999940113,1.5507999999970252,1.4022999999970125,3.2166000000089525,0.5647999999970352,0.9169999999999163,0.9320999999939659,0.48419999998816365,0.7164000000059332,6.2825999999940905,5.167700000002924]","[1.516599999994014,3.783700000003023,0.9507999999970025,0.9830000000000041,2.0162999999969884,2.6991000000089116,1.198900000005949,2.44970000000302,0.665700000003028,6.466500000000053,1.384099999994021,0.7177999999970552,2.099699999988104,3.432299999997042,0.784100000008948,0.5181000000089853,5.398300000011943,0.5002000000029625,1.384599999994066,1.1168000000118923,0.8330000000000268,0.8332000000029893,2.1513999999910425,2.4482000000029416,0.785399999991057,0.5840999999940664,0.54940000000596,1.4331000000089489,3.967599999994036,0.5345999999940432,0.5152000000030057,0.5997000000029402,1.0985000000000014,1.4504000000059136,1.0991000000089457,0.6347000000030221,0.7346000000089248,0.6997999999969693,2.0169000000059327,0.5347999999970625,1.7002999999970143,0.5674000000059323,2.166700000003061,3.9494999999999436,2.6322999999970307,1.5509000000059814,1.4024000000059686,3.2166000000089525,0.5647999999970352,0.9169999999999163,0.9320999999939659,0.4842999999971198,0.7164000000059332,6.282700000003047,5.16780000001188]",0.202282986,7.1561,0.0,14.0,14.0,191.0,1.0,vuur,mvuur,question_multimodal.png,im_combination.png,,,,,,
,,,529266,1,21,2023-09-18_17h51.51.238,flesh_expressibility_dutch,2022.2.4,MacIntel,60.0024001,,,,19.0,1.0,Nederlands,,,,,,Engels,0.0,,0.0,,0.0,,0.0,,0.0,,0.0,,0.0,,0.0,NL,6.0,2.0,2.0,1.0,,sensorypref2,1440.0,900.0,,,,,,,,,,,,,,,,,,,,,,,,,,,,,,,,,,,,13.0,616.8092,56.0,"[1.516599999994014,3.783700000003023,0.9507999999970025,0.9829000000059978,2.016200000002982,2.6991000000089116,1.1988000000119428,2.4495999999940636,0.665700000003028,6.466399999991097,1.384099999994021,0.7177000000029921,2.099699999988104,3.432199999988086,0.784100000008948,0.5180000000000291,5.398300000011943,0.5002000000029625,1.3845000000000027,1.1167000000029361,0.8328000000119005,0.833100000008983,2.1513999999910425,2.4482000000029416,0.7852999999969938,0.5840999999940664,0.54940000000596,1.4329999999999927,3.9675000000000296,0.5345999999940432,0.5151000000089425,0.5995999999940409,1.0984000000059382,1.4504000000059136,1.0991000000089457,0.6345999999940659,0.7346000000089248,0.699700000002963,2.0169000000059327,0.5347000000029993,1.7002999999970143,0.5673000000119828,2.166700000003061,3.9494999999999436,2.6320999999940113,1.5507999999970252,1.4022999999970125,3.2166000000089525,0.5647999999970352,0.9169999999999163,0.9320999999939659,0.48419999998816365,0.7164000000059332,6.2825999999940905,5.167700000002924,0.4183000000118682]","[1.516599999994014,3.783700000003023,0.9507999999970025,0.9830000000000041,2.0162999999969884,2.6991000000089116,1.198900000005949,2.44970000000302,0.665700000003028,6.466500000000053,1.384099999994021,0.7177999999970552,2.099699999988104,3.432299999997042,0.784100000008948,0.5181000000089853,5.398300000011943,0.5002000000029625,1.384599999994066,1.1168000000118923,0.8330000000000268,0.8332000000029893,2.1513999999910425,2.4482000000029416,0.785399999991057,0.5840999999940664,0.54940000000596,1.4331000000089489,3.967599999994036,0.5345999999940432,0.5152000000030057,0.5997000000029402,1.0985000000000014,1.4504000000059136,1.0991000000089457,0.6347000000030221,0.7346000000089248,0.6997999999969693,2.0169000000059327,0.5347999999970625,1.7002999999970143,0.5674000000059323,2.166700000003061,3.9494999999999436,2.6322999999970307,1.5509000000059814,1.4024000000059686,3.2166000000089525,0.5647999999970352,0.9169999999999163,0.9320999999939659,0.4842999999971198,0.7164000000059332,6.282700000003047,5.16780000001188,0.41840000000593136]",-0.954730903,2.2205,0.0,15.0,15.0,78.0,1.0,wit,mwit,question_multimodal.png,im_combination.png,,,,,,
,,,529266,1,21,2023-09-18_17h51.51.238,flesh_expressibility_dutch,2022.2.4,MacIntel,60.0024001,,,,19.0,1.0,Nederlands,,,,,,Engels,0.0,,0.0,,0.0,,0.0,,0.0,,0.0,,0.0,,0.0,NL,6.0,2.0,2.0,1.0,,sensorypref2,1440.0,900.0,,,,,,,,,,,,,,,,,,,,,,,,,,,,,,,,,,,,16.0,619.5556,57.0,"[1.516599999994014,3.783700000003023,0.9507999999970025,0.9829000000059978,2.016200000002982,2.6991000000089116,1.1988000000119428,2.4495999999940636,0.665700000003028,6.466399999991097,1.384099999994021,0.7177000000029921,2.099699999988104,3.432199999988086,0.784100000008948,0.5180000000000291,5.398300000011943,0.5002000000029625,1.3845000000000027,1.1167000000029361,0.8328000000119005,0.833100000008983,2.1513999999910425,2.4482000000029416,0.7852999999969938,0.5840999999940664,0.54940000000596,1.4329999999999927,3.9675000000000296,0.5345999999940432,0.5151000000089425,0.5995999999940409,1.0984000000059382,1.4504000000059136,1.0991000000089457,0.6345999999940659,0.7346000000089248,0.699700000002963,2.0169000000059327,0.5347000000029993,1.7002999999970143,0.5673000000119828,2.166700000003061,3.9494999999999436,2.6320999999940113,1.5507999999970252,1.4022999999970125,3.2166000000089525,0.5647999999970352,0.9169999999999163,0.9320999999939659,0.48419999998816365,0.7164000000059332,6.2825999999940905,5.167700000002924,0.4183000000118682,0.5342999999970743]","[1.516599999994014,3.783700000003023,0.9507999999970025,0.9830000000000041,2.0162999999969884,2.6991000000089116,1.198900000005949,2.44970000000302,0.665700000003028,6.466500000000053,1.384099999994021,0.7177999999970552,2.099699999988104,3.432299999997042,0.784100000008948,0.5181000000089853,5.398300000011943,0.5002000000029625,1.384599999994066,1.1168000000118923,0.8330000000000268,0.8332000000029893,2.1513999999910425,2.4482000000029416,0.785399999991057,0.5840999999940664,0.54940000000596,1.4331000000089489,3.967599999994036,0.5345999999940432,0.5152000000030057,0.5997000000029402,1.0985000000000014,1.4504000000059136,1.0991000000089457,0.6347000000030221,0.7346000000089248,0.6997999999969693,2.0169000000059327,0.5347999999970625,1.7002999999970143,0.5674000000059323,2.166700000003061,3.9494999999999436,2.6322999999970307,1.5509000000059814,1.4024000000059686,3.2166000000089525,0.5647999999970352,0.9169999999999163,0.9320999999939659,0.4842999999971198,0.7164000000059332,6.282700000003047,5.16780000001188,0.41840000000593136,0.5344000000060305]",0.856935764,2.2123,0.0,16.0,16.0,133.0,1.0,ster,mster,question_multimodal.png,im_combination.png,,,,,,
,,,529266,1,21,2023-09-18_17h51.51.238,flesh_expressibility_dutch,2022.2.4,MacIntel,60.0024001,,,,19.0,1.0,Nederlands,,,,,,Engels,0.0,,0.0,,0.0,,0.0,,0.0,,0.0,,0.0,,0.0,NL,6.0,2.0,2.0,1.0,,sensorypref2,1440.0,900.0,,,,,,,,,,,,,,,,,,,,,,,,,,,,,,,,,,,,16.0,622.3206,58.0,"[1.516599999994014,3.783700000003023,0.9507999999970025,0.9829000000059978,2.016200000002982,2.6991000000089116,1.1988000000119428,2.4495999999940636,0.665700000003028,6.466399999991097,1.384099999994021,0.7177000000029921,2.099699999988104,3.432199999988086,0.784100000008948,0.5180000000000291,5.398300000011943,0.5002000000029625,1.3845000000000027,1.1167000000029361,0.8328000000119005,0.833100000008983,2.1513999999910425,2.4482000000029416,0.7852999999969938,0.5840999999940664,0.54940000000596,1.4329999999999927,3.9675000000000296,0.5345999999940432,0.5151000000089425,0.5995999999940409,1.0984000000059382,1.4504000000059136,1.0991000000089457,0.6345999999940659,0.7346000000089248,0.699700000002963,2.0169000000059327,0.5347000000029993,1.7002999999970143,0.5673000000119828,2.166700000003061,3.9494999999999436,2.6320999999940113,1.5507999999970252,1.4022999999970125,3.2166000000089525,0.5647999999970352,0.9169999999999163,0.9320999999939659,0.48419999998816365,0.7164000000059332,6.2825999999940905,5.167700000002924,0.4183000000118682,0.5342999999970743,0.46619999998802086]","[1.516599999994014,3.783700000003023,0.9507999999970025,0.9830000000000041,2.0162999999969884,2.6991000000089116,1.198900000005949,2.44970000000302,0.665700000003028,6.466500000000053,1.384099999994021,0.7177999999970552,2.099699999988104,3.432299999997042,0.784100000008948,0.5181000000089853,5.398300000011943,0.5002000000029625,1.384599999994066,1.1168000000118923,0.8330000000000268,0.8332000000029893,2.1513999999910425,2.4482000000029416,0.785399999991057,0.5840999999940664,0.54940000000596,1.4331000000089489,3.967599999994036,0.5345999999940432,0.5152000000030057,0.5997000000029402,1.0985000000000014,1.4504000000059136,1.0991000000089457,0.6347000000030221,0.7346000000089248,0.6997999999969693,2.0169000000059327,0.5347999999970625,1.7002999999970143,0.5674000000059323,2.166700000003061,3.9494999999999436,2.6322999999970307,1.5509000000059814,1.4024000000059686,3.2166000000089525,0.5647999999970352,0.9169999999999163,0.9320999999939659,0.4842999999971198,0.7164000000059332,6.282700000003047,5.16780000001188,0.41840000000593136,0.5344000000060305,0.46619999998802086]",-0.971024306,4.656,0.0,17.0,17.0,183.0,1.0,jij,mjij,question_multimodal.png,im_combination.png,,,,,,
,,,529266,1,21,2023-09-18_17h51.51.238,flesh_expressibility_dutch,2022.2.4,MacIntel,60.0024001,,,,19.0,1.0,Nederlands,,,,,,Engels,0.0,,0.0,,0.0,,0.0,,0.0,,0.0,,0.0,,0.0,NL,6.0,2.0,2.0,1.0,,sensorypref2,1440.0,900.0,,,,,,,,,,,,,,,,,,,,,,,,,,,,,,,,,,,,16.0,627.543,59.0,"[1.516599999994014,3.783700000003023,0.9507999999970025,0.9829000000059978,2.016200000002982,2.6991000000089116,1.1988000000119428,2.4495999999940636,0.665700000003028,6.466399999991097,1.384099999994021,0.7177000000029921,2.099699999988104,3.432199999988086,0.784100000008948,0.5180000000000291,5.398300000011943,0.5002000000029625,1.3845000000000027,1.1167000000029361,0.8328000000119005,0.833100000008983,2.1513999999910425,2.4482000000029416,0.7852999999969938,0.5840999999940664,0.54940000000596,1.4329999999999927,3.9675000000000296,0.5345999999940432,0.5151000000089425,0.5995999999940409,1.0984000000059382,1.4504000000059136,1.0991000000089457,0.6345999999940659,0.7346000000089248,0.699700000002963,2.0169000000059327,0.5347000000029993,1.7002999999970143,0.5673000000119828,2.166700000003061,3.9494999999999436,2.6320999999940113,1.5507999999970252,1.4022999999970125,3.2166000000089525,0.5647999999970352,0.9169999999999163,0.9320999999939659,0.48419999998816365,0.7164000000059332,6.2825999999940905,5.167700000002924,0.4183000000118682,0.5342999999970743,0.46619999998802086,1.6165999999940368]","[1.516599999994014,3.783700000003023,0.9507999999970025,0.9830000000000041,2.0162999999969884,2.6991000000089116,1.198900000005949,2.44970000000302,0.665700000003028,6.466500000000053,1.384099999994021,0.7177999999970552,2.099699999988104,3.432299999997042,0.784100000008948,0.5181000000089853,5.398300000011943,0.5002000000029625,1.384599999994066,1.1168000000118923,0.8330000000000268,0.8332000000029893,2.1513999999910425,2.4482000000029416,0.785399999991057,0.5840999999940664,0.54940000000596,1.4331000000089489,3.967599999994036,0.5345999999940432,0.5152000000030057,0.5997000000029402,1.0985000000000014,1.4504000000059136,1.0991000000089457,0.6347000000030221,0.7346000000089248,0.6997999999969693,2.0169000000059327,0.5347999999970625,1.7002999999970143,0.5674000000059323,2.166700000003061,3.9494999999999436,2.6322999999970307,1.5509000000059814,1.4024000000059686,3.2166000000089525,0.5647999999970352,0.9169999999999163,0.9320999999939659,0.4842999999971198,0.7164000000059332,6.282700000003047,5.16780000001188,0.41840000000593136,0.5344000000060305,0.46619999998802086,1.6165999999940368]",0.659722222,5.1273,0.0,18.0,18.0,115.0,1.0,oor,moor,question_multimodal.png,im_combination.png,,,,,,
,,,529266,1,21,2023-09-18_17h51.51.238,flesh_expressibility_dutch,2022.2.4,MacIntel,60.0024001,,,,19.0,1.0,Nederlands,,,,,,Engels,0.0,,0.0,,0.0,,0.0,,0.0,,0.0,,0.0,,0.0,NL,6.0,2.0,2.0,1.0,,sensorypref2,1440.0,900.0,,,,,,,,,,,,,,,,,,,,,,,,,,,,,,,,,,,,14.0,633.2161,60.0,"[1.516599999994014,3.783700000003023,0.9507999999970025,0.9829000000059978,2.016200000002982,2.6991000000089116,1.1988000000119428,2.4495999999940636,0.665700000003028,6.466399999991097,1.384099999994021,0.7177000000029921,2.099699999988104,3.432199999988086,0.784100000008948,0.5180000000000291,5.398300000011943,0.5002000000029625,1.3845000000000027,1.1167000000029361,0.8328000000119005,0.833100000008983,2.1513999999910425,2.4482000000029416,0.7852999999969938,0.5840999999940664,0.54940000000596,1.4329999999999927,3.9675000000000296,0.5345999999940432,0.5151000000089425,0.5995999999940409,1.0984000000059382,1.4504000000059136,1.0991000000089457,0.6345999999940659,0.7346000000089248,0.699700000002963,2.0169000000059327,0.5347000000029993,1.7002999999970143,0.5673000000119828,2.166700000003061,3.9494999999999436,2.6320999999940113,1.5507999999970252,1.4022999999970125,3.2166000000089525,0.5647999999970352,0.9169999999999163,0.9320999999939659,0.48419999998816365,0.7164000000059332,6.2825999999940905,5.167700000002924,0.4183000000118682,0.5342999999970743,0.46619999998802086,1.6165999999940368,0.4007000000029848]","[1.516599999994014,3.783700000003023,0.9507999999970025,0.9830000000000041,2.0162999999969884,2.6991000000089116,1.198900000005949,2.44970000000302,0.665700000003028,6.466500000000053,1.384099999994021,0.7177999999970552,2.099699999988104,3.432299999997042,0.784100000008948,0.5181000000089853,5.398300000011943,0.5002000000029625,1.384599999994066,1.1168000000118923,0.8330000000000268,0.8332000000029893,2.1513999999910425,2.4482000000029416,0.785399999991057,0.5840999999940664,0.54940000000596,1.4331000000089489,3.967599999994036,0.5345999999940432,0.5152000000030057,0.5997000000029402,1.0985000000000014,1.4504000000059136,1.0991000000089457,0.6347000000030221,0.7346000000089248,0.6997999999969693,2.0169000000059327,0.5347999999970625,1.7002999999970143,0.5674000000059323,2.166700000003061,3.9494999999999436,2.6322999999970307,1.5509000000059814,1.4024000000059686,3.2166000000089525,0.5647999999970352,0.9169999999999163,0.9320999999939659,0.4842999999971198,0.7164000000059332,6.282700000003047,5.16780000001188,0.41840000000593136,0.5344000000060305,0.46619999998802086,1.6165999999940368,0.40079999999704796]",0.995416667,3.0433,0.0,19.0,19.0,47.0,1.0,kruipen,mkruipen,question_multimodal.png,im_combination.png,,,,,,
,,,529266,1,21,2023-09-18_17h51.51.238,flesh_expressibility_dutch,2022.2.4,MacIntel,60.0024001,,,,19.0,1.0,Nederlands,,,,,,Engels,0.0,,0.0,,0.0,,0.0,,0.0,,0.0,,0.0,,0.0,NL,6.0,2.0,2.0,1.0,,sensorypref2,1440.0,900.0,,,,,,,,,,,,,,,,,,,,,,,,,,,,,,,,,,,,,,,,,,,,,,,,,,,,,,,,,
,,,529266,1,21,2023-09-18_17h51.51.238,flesh_expressibility_dutch,2022.2.4,MacIntel,60.0024001,,,,19.0,1.0,Nederlands,,,,,,Engels,0.0,,0.0,,0.0,,0.0,,0.0,,0.0,,0.0,,0.0,NL,6.0,2.0,2.0,1.0,,sensorypref2,1440.0,900.0,,,,,,,,,,,,,,,,,,,,,,,,,,,,,,,,,,,,,,,,,,,,,,,,,,,,1.0,,,,,
,,,529266,1,21,2023-09-18_17h51.51.238,flesh_expressibility_dutch,2022.2.4,MacIntel,60.0024001,,,,19.0,1.0,Nederlands,,,,,,Engels,0.0,,0.0,,0.0,,0.0,,0.0,,0.0,,0.0,,0.0,NL,6.0,2.0,2.0,1.0,,sensorypref2,1440.0,900.0,,,,,,,,,,,,,,,,,,,,,,,,,,,,,,,,,,,,,,,,,,,,,,,,,,,,1.0,,,,,
,,,529266,1,21,2023-09-18_17h51.51.238,flesh_expressibility_dutch,2022.2.4,MacIntel,60.0024001,,,,19.0,1.0,Nederlands,,,,,,Engels,0.0,,0.0,,0.0,,0.0,,0.0,,0.0,,0.0,,0.0,NL,6.0,2.0,2.0,1.0,,sensorypref2,1440.0,900.0,,,,,,,,,,,,,,,,,,,,,,,,,,,,,,,,,,,,,,,,,,,,,,,,,,,,1.0,,,1.0,[645.993299999997],[645.9934999999999]
