welcome_weiter.numClicks,welcome_weiter.timesOn,welcome_weiter.timesOff,exp_ID,session,presentation limit,date,expName,psychopyVersion,OS,frameRate,introduction_weiter.numClicks,introduction_weiter.timesOn,introduction_weiter.timesOff,age,gender,natlang1,natlang2,natlang3,natlang4,natlang5,natlang6,lang1,proficiency1,lang2,proficiency2,lang3,proficiency3,lang4,proficiency4,lang5,proficiency5,lang6,proficiency6,lang7,proficiency7,lang8,proficiency8,country,education,dyslexia,mobility,currentloc,radio-for-required-checkboxes,sensorypref1,sensorypref2,xRes,yRes,sensorypref[],sensorypref3,sensorypref4,practice_weiter.numClicks,practice_weiter.timesOn,practice_weiter.timesOff,pr_message_weiter.numClicks,pr_message_weiter.timesOn,pr_message_weiter.timesOff,pr_remember_weiter.numClicks,pr_remember_weiter.timesOn,pr_remember_weiter.timesOff,button_weiter.numClicks,button_weiter.timesOn,button_weiter.timesOff,pr_expressibility.response,pr_expressibility.rt,practice_trials.thisRepN,practice_trials.thisTrialN,practice_trials.thisN,practice_trials.thisIndex,practice_trials.ran,pr_word,pr_question,pr_image,start_weiter.numClicks,start_weiter.timesOn,start_weiter.timesOff,message_weiter.numClicks,message_weiter.timesOn,message_weiter.timesOff,trial_remember_weiter.numClicks,trial_remember_weiter.timesOn,trial_remember_weiter.timesOff,Count,Shelf time,trial_button_weiter.numClicks,trial_button_weiter.timesOn,trial_button_weiter.timesOff,expressibility.response,expressibility.rt,trials.thisRepN,trials.thisTrialN,trials.thisN,trials.thisIndex,trials.ran,word,fordict,question,trial_img,problem,problem_text,comment_text,end_experiment.numClicks,end_experiment.timesOn,end_experiment.timesOff
1.0,[6.314200000047682],[6.314299999952315],538741,1,21,2023-09-29_12h32.28.399,flesh_expressibility_dutch,2022.2.4,Win32,60.70908208,,,,,,,,,,,,,,,,,,,,,,,,,,,,,,,,,,,,,,,,,,,,,,,,,,,,,,,,,,,,,,,,,,,,,,,,,,,,,,,,,,,,,,,,,,,,,
,,,538741,1,21,2023-09-29_12h32.28.399,flesh_expressibility_dutch,2022.2.4,Win32,60.70908208,,,,,,,,,,,,,,,,,,,,,,,,,,,,,,,,,,,,,,,,,,,,,,,,,,,,,,,,,,,,,,,,,,,,,,,,,,,,,,,,,,,,,,,,,,,,,
,,,538741,1,21,2023-09-29_12h32.28.399,flesh_expressibility_dutch,2022.2.4,Win32,60.70908208,1.0,[30.945599999904637],[30.945599999904637],,,,,,,,,,,,,,,,,,,,,,,,,,,,,,,,,,,,,,,,,,,,,,,,,,,,,,,,,,,,,,,,,,,,,,,,,,,,,,,,,,,,,,,,,,
,,,538741,1,21,2023-09-29_12h32.28.399,flesh_expressibility_dutch,2022.2.4,Win32,60.70908208,,,,,,,,,,,,,,,,,,,,,,,,,,,,,,,,,,,,,,,,,,,,,,,,,,,,,,,,,,,,,,,,,,,,,,,,,,,,,,,,,,,,,,,,,,,,,
,,,538741,1,21,2023-09-29_12h32.28.399,flesh_expressibility_dutch,2022.2.4,Win32,60.70908208,,,,18.0,1.0,Nederlands,,,,,,Engels,2.0,Duits,1.0,,0.0,,0.0,,0.0,,0.0,,0.0,,0.0,NL,3.0,2.0,2.0,1.0,on,sensorypref1,sensorypref2,1280.0,720.0,,,,,,,,,,,,,,,,,,,,,,,,,,,,,,,,,,,,,,,,,,,,,,,,,,,,,,,,
,,,538741,1,21,2023-09-29_12h32.28.399,flesh_expressibility_dutch,2022.2.4,Win32,60.70908208,,,,18.0,1.0,Nederlands,,,,,,Engels,2.0,Duits,1.0,,0.0,,0.0,,0.0,,0.0,,0.0,,0.0,NL,3.0,2.0,2.0,1.0,,sensorypref1,sensorypref2,1280.0,720.0,,,,1.0,[159.22250000000003],[159.22259999990465],,,,,,,,,,,,,,,,,,,,,,,,,,,,,,,,,,,,,,,,,,,,,,,,,,
,,,538741,1,21,2023-09-29_12h32.28.399,flesh_expressibility_dutch,2022.2.4,Win32,60.70908208,,,,18.0,1.0,Nederlands,,,,,,Engels,2.0,Duits,1.0,,0.0,,0.0,,0.0,,0.0,,0.0,,0.0,NL,3.0,2.0,2.0,1.0,,sensorypref1,sensorypref2,1280.0,720.0,,,,,,,,,,,,,,,,,,,,,,,,,,,,,,,,,,,,,,,,,,,,,,,,,,,,,,,,
,,,538741,1,21,2023-09-29_12h32.28.399,flesh_expressibility_dutch,2022.2.4,Win32,60.70908208,,,,18.0,1.0,Nederlands,,,,,,Engels,2.0,Duits,1.0,,0.0,,0.0,,0.0,,0.0,,0.0,,0.0,NL,3.0,2.0,2.0,1.0,,sensorypref1,sensorypref2,1280.0,720.0,,,,,,,1.0,[179.73700000000002],[179.73709999990464],1.0,[191.32059999990463],[191.32059999990463],1.0,[20.22620000004767],[20.226399999856937],0.790740797,28.6807,0.0,0.0,0.0,1.0,1.0,leeuw,question_multimodal.png,im_combination.png,,,,,,,,,,,,,,,,,,,,,,,,,,,,,,,
,,,538741,1,21,2023-09-29_12h32.28.399,flesh_expressibility_dutch,2022.2.4,Win32,60.70908208,,,,18.0,1.0,Nederlands,,,,,,Engels,2.0,Duits,1.0,,0.0,,0.0,,0.0,,0.0,,0.0,,0.0,NL,3.0,2.0,2.0,1.0,,sensorypref1,sensorypref2,1280.0,720.0,,,,,,,,,,,,,2.0,"[20.22620000004767,2.6314000000953683]","[20.226399999856937,2.6314999999999884]",0.185185242,7.9001,0.0,1.0,1.0,0.0,1.0,koken,question_multimodal.png,im_combination.png,,,,,,,,,,,,,,,,,,,,,,,,,,,,,,,
,,,538741,1,21,2023-09-29_12h32.28.399,flesh_expressibility_dutch,2022.2.4,Win32,60.70908208,,,,18.0,1.0,Nederlands,,,,,,Engels,2.0,Duits,1.0,,0.0,,0.0,,0.0,,0.0,,0.0,,0.0,NL,3.0,2.0,2.0,1.0,,sensorypref1,sensorypref2,1280.0,720.0,,,,,,,2.0,"[179.73700000000002,249.3132000000477]","[179.73709999990464,249.3132000000477]",2.0,"[191.32059999990463,250.89389999985693]","[191.32059999990463,250.89399999999998]",3.0,"[20.22620000004767,2.6314000000953683,9.146900000095343]","[20.226399999856937,2.6314999999999884,9.146999999999991]",0.409259372,13.8325,0.0,0.0,0.0,0.0,1.0,baby,question_gesture.png,im_hand.png,,,,,,,,,,,,,,,,,,,,,,,,,,,,,,,
,,,538741,1,21,2023-09-29_12h32.28.399,flesh_expressibility_dutch,2022.2.4,Win32,60.70908208,,,,18.0,1.0,Nederlands,,,,,,Engels,2.0,Duits,1.0,,0.0,,0.0,,0.0,,0.0,,0.0,,0.0,NL,3.0,2.0,2.0,1.0,,sensorypref1,sensorypref2,1280.0,720.0,,,,,,,,,,,,,4.0,"[20.22620000004767,2.6314000000953683,9.146900000095343,1.8496000001430843]","[20.226399999856937,2.6314999999999884,9.146999999999991,1.8496000001430843]",0.640740797,5.7707,0.0,1.0,1.0,1.0,1.0,auto,question_gesture.png,im_hand.png,,,,,,,,,,,,,,,,,,,,,,,,,,,,,,,
,,,538741,1,21,2023-09-29_12h32.28.399,flesh_expressibility_dutch,2022.2.4,Win32,60.70908208,,,,18.0,1.0,Nederlands,,,,,,Engels,2.0,Duits,1.0,,0.0,,0.0,,0.0,,0.0,,0.0,,0.0,NL,3.0,2.0,2.0,1.0,,sensorypref1,sensorypref2,1280.0,720.0,,,,,,,3.0,"[179.73700000000002,249.3132000000477,283.50809999990463]","[179.73709999990464,249.3132000000477,283.5082000000477]",3.0,"[191.32059999990463,250.89389999985693,286.29809999990465]","[191.32059999990463,250.89399999999998,286.29809999990465]",5.0,"[20.22620000004767,2.6314000000953683,9.146900000095343,1.8496000001430843,1.898399999856963]","[20.226399999856937,2.6314999999999884,9.146999999999991,1.8496000001430843,1.898399999856963]",-0.764814758,6.0984,0.0,0.0,0.0,0.0,1.0,liefde,question_vocal.png,im_mouth.png,,,,,,,,,,,,,,,,,,,,,,,,,,,,,,,
,,,538741,1,21,2023-09-29_12h32.28.399,flesh_expressibility_dutch,2022.2.4,Win32,60.70908208,,,,18.0,1.0,Nederlands,,,,,,Engels,2.0,Duits,1.0,,0.0,,0.0,,0.0,,0.0,,0.0,,0.0,NL,3.0,2.0,2.0,1.0,,sensorypref1,sensorypref2,1280.0,720.0,,,,,,,,,,,,,6.0,"[20.22620000004767,2.6314000000953683,9.146900000095343,1.8496000001430843,1.898399999856963,10.379700000047706]","[20.226399999856937,2.6314999999999884,9.146999999999991,1.8496000001430843,1.898399999856963,10.379700000047706]",-0.748148092,5.671,0.0,1.0,1.0,1.0,1.0,moe,question_vocal.png,im_mouth.png,,,,,,,,,,,,,,,,,,,,,,,,,,,,,,,
,,,538741,1,21,2023-09-29_12h32.28.399,flesh_expressibility_dutch,2022.2.4,Win32,60.70908208,,,,18.0,1.0,Nederlands,,,,,,Engels,2.0,Duits,1.0,,0.0,,0.0,,0.0,,0.0,,0.0,,0.0,NL,3.0,2.0,2.0,1.0,,sensorypref1,sensorypref2,1280.0,720.0,,,,,,,,,,,,,,,,,,,,,,,,,,1.0,[319.98049999999995],[319.980600000143],,,,,,,,,,,,,,,,,,,,,,,,,,,,
,,,538741,1,21,2023-09-29_12h32.28.399,flesh_expressibility_dutch,2022.2.4,Win32,60.70908208,,,,18.0,1.0,Nederlands,,,,,,Engels,2.0,Duits,1.0,,0.0,,0.0,,0.0,,0.0,,0.0,,0.0,NL,3.0,2.0,2.0,1.0,,sensorypref1,sensorypref2,1280.0,720.0,,,,,,,,,,,,,,,,,,,,,,,,,,,,,,,,,,,,,,,,,,,,,,,,,,,,,,,,
,,,538741,1,21,2023-09-29_12h32.28.399,flesh_expressibility_dutch,2022.2.4,Win32,60.70908208,,,,18.0,1.0,Nederlands,,,,,,Engels,2.0,Duits,1.0,,0.0,,0.0,,0.0,,0.0,,0.0,,0.0,NL,3.0,2.0,2.0,1.0,,sensorypref1,sensorypref2,1280.0,720.0,,,,,,,,,,,,,,,,,,,,,,,,,,,,,1.0,[332.93729999995224],[332.9373999998569],1.0,[337.24069999980924],[337.2407999999523],22.0,338.7129,0.0,[],[],,,0.0,0.0,0.0,54.0,1.0,snel,gsnel,question_gesture.png,im_hand.png,,,,,,
,,,538741,1,21,2023-09-29_12h32.28.399,flesh_expressibility_dutch,2022.2.4,Win32,60.70908208,,,,18.0,1.0,Nederlands,,,,,,Engels,2.0,Duits,1.0,,0.0,,0.0,,0.0,,0.0,,0.0,,0.0,NL,3.0,2.0,2.0,1.0,,sensorypref1,sensorypref2,1280.0,720.0,,,,,,,,,,,,,,,,,,,,,,,,,,,,,,,,,,,22.0,339.7439,0.0,[],[],,,0.0,1.0,1.0,59.0,1.0,hoog,ghoog,question_gesture.png,im_hand.png,,,,,,
,,,538741,1,21,2023-09-29_12h32.28.399,flesh_expressibility_dutch,2022.2.4,Win32,60.70908208,,,,18.0,1.0,Nederlands,,,,,,Engels,2.0,Duits,1.0,,0.0,,0.0,,0.0,,0.0,,0.0,,0.0,NL,3.0,2.0,2.0,1.0,,sensorypref1,sensorypref2,1280.0,720.0,,,,,,,,,,,,,,,,,,,,,,,,,,,,,,,,,,,22.0,340.7703,0.0,[],[],,,0.0,2.0,2.0,128.0,1.0,weten,gweten,question_gesture.png,im_hand.png,,,,,,
,,,538741,1,21,2023-09-29_12h32.28.399,flesh_expressibility_dutch,2022.2.4,Win32,60.70908208,,,,18.0,1.0,Nederlands,,,,,,Engels,2.0,Duits,1.0,,0.0,,0.0,,0.0,,0.0,,0.0,,0.0,NL,3.0,2.0,2.0,1.0,,sensorypref1,sensorypref2,1280.0,720.0,,,,,,,,,,,,,,,,,,,,,,,,,,,,,,,,,,,22.0,341.8572,0.0,[],[],,,0.0,3.0,3.0,152.0,1.0,eten,geten,question_gesture.png,im_hand.png,,,,,,
,,,538741,1,21,2023-09-29_12h32.28.399,flesh_expressibility_dutch,2022.2.4,Win32,60.70908208,,,,18.0,1.0,Nederlands,,,,,,Engels,2.0,Duits,1.0,,0.0,,0.0,,0.0,,0.0,,0.0,,0.0,NL,3.0,2.0,2.0,1.0,,sensorypref1,sensorypref2,1280.0,720.0,,,,,,,,,,,,,,,,,,,,,,,,,,,,,,,,,,,19.0,342.7898,1.0,[5.7980999999045935],[5.7980999999045935],0.38703715,6.312,0.0,4.0,4.0,183.0,1.0,jij,gjij,question_gesture.png,im_hand.png,,,,,,
,,,538741,1,21,2023-09-29_12h32.28.399,flesh_expressibility_dutch,2022.2.4,Win32,60.70908208,,,,18.0,1.0,Nederlands,,,,,,Engels,2.0,Duits,1.0,,0.0,,0.0,,0.0,,0.0,,0.0,,0.0,NL,3.0,2.0,2.0,1.0,,sensorypref1,sensorypref2,1280.0,720.0,,,,,,,,,,,,,,,,,,,,,,,,,,,,,,,,,,,22.0,354.8104,1.0,[5.7980999999045935],[5.7980999999045935],,,0.0,5.0,5.0,13.0,1.0,geurig,ggeurig,question_gesture.png,im_hand.png,,,,,,
,,,538741,1,21,2023-09-29_12h32.28.399,flesh_expressibility_dutch,2022.2.4,Win32,60.70908208,,,,18.0,1.0,Nederlands,,,,,,Engels,2.0,Duits,1.0,,0.0,,0.0,,0.0,,0.0,,0.0,,0.0,NL,3.0,2.0,2.0,1.0,,sensorypref1,sensorypref2,1280.0,720.0,,,,,,,,,,,,,,,,,,,,,,,,,,,,,,,,,,,22.0,355.8247,1.0,[5.7980999999045935],[5.7980999999045935],,,0.0,6.0,6.0,5.0,1.0,honing,ghoning,question_gesture.png,im_hand.png,,,,,,
,,,538741,1,21,2023-09-29_12h32.28.399,flesh_expressibility_dutch,2022.2.4,Win32,60.70908208,,,,18.0,1.0,Nederlands,,,,,,Engels,2.0,Duits,1.0,,0.0,,0.0,,0.0,,0.0,,0.0,,0.0,NL,3.0,2.0,2.0,1.0,,sensorypref1,sensorypref2,1280.0,720.0,,,,,,,,,,,,,,,,,,,,,,,,,,,,,,,,,,,22.0,356.8091,1.0,[5.7980999999045935],[5.7980999999045935],,,0.0,7.0,7.0,113.0,1.0,bot (lichaam),gbot (lichaam),question_gesture.png,im_hand.png,,,,,,
,,,538741,1,21,2023-09-29_12h32.28.399,flesh_expressibility_dutch,2022.2.4,Win32,60.70908208,,,,18.0,1.0,Nederlands,,,,,,Engels,2.0,Duits,1.0,,0.0,,0.0,,0.0,,0.0,,0.0,,0.0,NL,3.0,2.0,2.0,1.0,,sensorypref1,sensorypref2,1280.0,720.0,,,,,,,,,,,,,,,,,,,,,,,,,,,,,,,,,,,22.0,357.8231,1.0,[5.7980999999045935],[5.7980999999045935],,,0.0,8.0,8.0,150.0,1.0,huilen,ghuilen,question_gesture.png,im_hand.png,,,,,,
,,,538741,1,21,2023-09-29_12h32.28.399,flesh_expressibility_dutch,2022.2.4,Win32,60.70908208,,,,18.0,1.0,Nederlands,,,,,,Engels,2.0,Duits,1.0,,0.0,,0.0,,0.0,,0.0,,0.0,,0.0,NL,3.0,2.0,2.0,1.0,,sensorypref1,sensorypref2,1280.0,720.0,,,,,,,,,,,,,,,,,,,,,,,,,,,,,,,,,,,22.0,358.8224,1.0,[5.7980999999045935],[5.7980999999045935],,,0.0,9.0,9.0,135.0,1.0,wind,gwind,question_gesture.png,im_hand.png,,,,,,
,,,538741,1,21,2023-09-29_12h32.28.399,flesh_expressibility_dutch,2022.2.4,Win32,60.70908208,,,,18.0,1.0,Nederlands,,,,,,Engels,2.0,Duits,1.0,,0.0,,0.0,,0.0,,0.0,,0.0,,0.0,NL,3.0,2.0,2.0,1.0,,sensorypref1,sensorypref2,1280.0,720.0,,,,,,,,,,,,,,,,,,,,,,,,,,,,,,,,,,,22.0,359.8385,1.0,[5.7980999999045935],[5.7980999999045935],,,0.0,10.0,10.0,21.0,1.0,heden,gheden,question_gesture.png,im_hand.png,,,,,,
,,,538741,1,21,2023-09-29_12h32.28.399,flesh_expressibility_dutch,2022.2.4,Win32,60.70908208,,,,18.0,1.0,Nederlands,,,,,,Engels,2.0,Duits,1.0,,0.0,,0.0,,0.0,,0.0,,0.0,,0.0,NL,3.0,2.0,2.0,1.0,,sensorypref1,sensorypref2,1280.0,720.0,,,,,,,,,,,,,,,,,,,,,,,,,,,,,,,,,,,22.0,360.8609,1.0,[5.7980999999045935],[5.7980999999045935],,,0.0,11.0,11.0,134.0,1.0,water,gwater,question_gesture.png,im_hand.png,,,,,,
,,,538741,1,21,2023-09-29_12h32.28.399,flesh_expressibility_dutch,2022.2.4,Win32,60.70908208,,,,18.0,1.0,Nederlands,,,,,,Engels,2.0,Duits,1.0,,0.0,,0.0,,0.0,,0.0,,0.0,,0.0,NL,3.0,2.0,2.0,1.0,,sensorypref1,sensorypref2,1280.0,720.0,,,,,,,,,,,,,,,,,,,,,,,,,,,,,,,,,,,17.0,361.878,2.0,"[5.7980999999045935,1.8645999999046694]","[5.7980999999045935,1.8645999999046694]",0.192592706,8.8987,0.0,12.0,12.0,160.0,1.0,wie,gwie,question_gesture.png,im_hand.png,,,,,,
,,,538741,1,21,2023-09-29_12h32.28.399,flesh_expressibility_dutch,2022.2.4,Win32,60.70908208,,,,18.0,1.0,Nederlands,,,,,,Engels,2.0,Duits,1.0,,0.0,,0.0,,0.0,,0.0,,0.0,,0.0,NL,3.0,2.0,2.0,1.0,,sensorypref1,sensorypref2,1280.0,720.0,,,,,,,,,,,,,,,,,,,,,,,,,,,,,,,,,,,22.0,372.4844,2.0,"[5.7980999999045935,1.8645999999046694]","[5.7980999999045935,1.8645999999046694]",,,0.0,13.0,13.0,158.0,1.0,hout,ghout,question_gesture.png,im_hand.png,,,,,,
,,,538741,1,21,2023-09-29_12h32.28.399,flesh_expressibility_dutch,2022.2.4,Win32,60.70908208,,,,18.0,1.0,Nederlands,,,,,,Engels,2.0,Duits,1.0,,0.0,,0.0,,0.0,,0.0,,0.0,,0.0,NL,3.0,2.0,2.0,1.0,,sensorypref1,sensorypref2,1280.0,720.0,,,,,,,,,,,,,,,,,,,,,,,,,,,,,,,,,,,16.0,373.4509,3.0,"[5.7980999999045935,1.8645999999046694,3.9487000000476655]","[5.7980999999045935,1.8645999999046694,3.9487000000476655]",-0.498148092,9.7684,0.0,14.0,14.0,195.0,1.0,rook,grook,question_gesture.png,im_hand.png,,,,,,
,,,538741,1,21,2023-09-29_12h32.28.399,flesh_expressibility_dutch,2022.2.4,Win32,60.70908208,,,,18.0,1.0,Nederlands,,,,,,Engels,2.0,Duits,1.0,,0.0,,0.0,,0.0,,0.0,,0.0,,0.0,NL,3.0,2.0,2.0,1.0,,sensorypref1,sensorypref2,1280.0,720.0,,,,,,,,,,,,,,,,,,,,,,,,,,,,,,,,,,,22.0,384.3191,3.0,"[5.7980999999045935,1.8645999999046694,3.9487000000476655]","[5.7980999999045935,1.8645999999046694,3.9487000000476655]",,,0.0,15.0,15.0,70.0,1.0,aanraken,gaanraken,question_gesture.png,im_hand.png,,,,,,
,,,538741,1,21,2023-09-29_12h32.28.399,flesh_expressibility_dutch,2022.2.4,Win32,60.70908208,,,,18.0,1.0,Nederlands,,,,,,Engels,2.0,Duits,1.0,,0.0,,0.0,,0.0,,0.0,,0.0,,0.0,NL,3.0,2.0,2.0,1.0,,sensorypref1,sensorypref2,1280.0,720.0,,,,,,,,,,,,,,,,,,,,,,,,,,,,,,,,,,,21.0,385.381,4.0,"[5.7980999999045935,1.8645999999046694,3.9487000000476655,8.612600000143004]","[5.7980999999045935,1.8645999999046694,3.9487000000476655,8.612600000143004]",-0.388888889,9.0679,0.0,16.0,16.0,71.0,1.0,geur,ggeur,question_gesture.png,im_hand.png,,,,,,
,,,538741,1,21,2023-09-29_12h32.28.399,flesh_expressibility_dutch,2022.2.4,Win32,60.70908208,,,,18.0,1.0,Nederlands,,,,,,Engels,2.0,Duits,1.0,,0.0,,0.0,,0.0,,0.0,,0.0,,0.0,NL,3.0,2.0,2.0,1.0,,sensorypref1,sensorypref2,1280.0,720.0,,,,,,,,,,,,,,,,,,,,,,,,,,,,,,,,,,,22.0,402.8651,4.0,"[5.7980999999045935,1.8645999999046694,3.9487000000476655,8.612600000143004]","[5.7980999999045935,1.8645999999046694,3.9487000000476655,8.612600000143004]",,,0.0,17.0,17.0,156.0,1.0,blad,gblad,question_gesture.png,im_hand.png,,,,,,
,,,538741,1,21,2023-09-29_12h32.28.399,flesh_expressibility_dutch,2022.2.4,Win32,60.70908208,,,,18.0,1.0,Nederlands,,,,,,Engels,2.0,Duits,1.0,,0.0,,0.0,,0.0,,0.0,,0.0,,0.0,NL,3.0,2.0,2.0,1.0,,sensorypref1,sensorypref2,1280.0,720.0,,,,,,,,,,,,,,,,,,,,,,,,,,,,,,,,,,,21.0,403.8864,5.0,"[5.7980999999045935,1.8645999999046694,3.9487000000476655,8.612600000143004,6.114499999999964]","[5.7980999999045935,1.8645999999046694,3.9487000000476655,8.612600000143004,6.114499999999964]",0.244444444,10.4949,0.0,18.0,18.0,169.0,1.0,zien,gzien,question_gesture.png,im_hand.png,,,,,,
,,,538741,1,21,2023-09-29_12h32.28.399,flesh_expressibility_dutch,2022.2.4,Win32,60.70908208,,,,18.0,1.0,Nederlands,,,,,,Engels,2.0,Duits,1.0,,0.0,,0.0,,0.0,,0.0,,0.0,,0.0,NL,3.0,2.0,2.0,1.0,,sensorypref1,sensorypref2,1280.0,720.0,,,,,,,,,,,,,,,,,,,,,,,,,,,,,,,,,,,19.0,415.9205,6.0,"[5.7980999999045935,1.8645999999046694,3.9487000000476655,8.612600000143004,6.114499999999964,0.8995999999046376]","[5.7980999999045935,1.8645999999046694,3.9487000000476655,8.612600000143004,6.114499999999964,0.8997000000476874]",0.696296353,7.6076,0.0,19.0,19.0,173.0,1.0,klein,gklein,question_gesture.png,im_hand.png,,,,,,
,,,538741,1,21,2023-09-29_12h32.28.399,flesh_expressibility_dutch,2022.2.4,Win32,60.70908208,,,,18.0,1.0,Nederlands,,,,,,Engels,2.0,Duits,1.0,,0.0,,0.0,,0.0,,0.0,,0.0,,0.0,NL,3.0,2.0,2.0,1.0,,sensorypref1,sensorypref2,1280.0,720.0,,,,,,,,,,,,,,,,,,,,,,,,,,,,,,,,,,,22.0,424.449,6.0,"[5.7980999999045935,1.8645999999046694,3.9487000000476655,8.612600000143004,6.114499999999964,0.8995999999046376]","[5.7980999999045935,1.8645999999046694,3.9487000000476655,8.612600000143004,6.114499999999964,0.8997000000476874]",,,0.0,20.0,20.0,118.0,1.0,hoorn,ghoorn,question_gesture.png,im_hand.png,,,,,,
,,,538741,1,21,2023-09-29_12h32.28.399,flesh_expressibility_dutch,2022.2.4,Win32,60.70908208,,,,18.0,1.0,Nederlands,,,,,,Engels,2.0,Duits,1.0,,0.0,,0.0,,0.0,,0.0,,0.0,,0.0,NL,3.0,2.0,2.0,1.0,,sensorypref1,sensorypref2,1280.0,720.0,,,,,,,,,,,,,,,,,,,,,,,,,,,,,,,,,,,22.0,425.5018,6.0,"[5.7980999999045935,1.8645999999046694,3.9487000000476655,8.612600000143004,6.114499999999964,0.8995999999046376]","[5.7980999999045935,1.8645999999046694,3.9487000000476655,8.612600000143004,6.114499999999964,0.8997000000476874]",,,0.0,21.0,21.0,88.0,1.0,verzamelen,gverzamelen,question_gesture.png,im_hand.png,,,,,,
,,,538741,1,21,2023-09-29_12h32.28.399,flesh_expressibility_dutch,2022.2.4,Win32,60.70908208,,,,18.0,1.0,Nederlands,,,,,,Engels,2.0,Duits,1.0,,0.0,,0.0,,0.0,,0.0,,0.0,,0.0,NL,3.0,2.0,2.0,1.0,,sensorypref1,sensorypref2,1280.0,720.0,,,,,,,,,,,,,,,,,,,,,,,,,,,,,,,,,,,22.0,426.483,6.0,"[5.7980999999045935,1.8645999999046694,3.9487000000476655,8.612600000143004,6.114499999999964,0.8995999999046376]","[5.7980999999045935,1.8645999999046694,3.9487000000476655,8.612600000143004,6.114499999999964,0.8997000000476874]",,,0.0,22.0,22.0,61.0,1.0,laag (ruimtelijk),glaag (ruimtelijk),question_gesture.png,im_hand.png,,,,,,
,,,538741,1,21,2023-09-29_12h32.28.399,flesh_expressibility_dutch,2022.2.4,Win32,60.70908208,,,,18.0,1.0,Nederlands,,,,,,Engels,2.0,Duits,1.0,,0.0,,0.0,,0.0,,0.0,,0.0,,0.0,NL,3.0,2.0,2.0,1.0,,sensorypref1,sensorypref2,1280.0,720.0,,,,,,,,,,,,,,,,,,,,,,,,,,,,,,,,,,,22.0,427.4967,6.0,"[5.7980999999045935,1.8645999999046694,3.9487000000476655,8.612600000143004,6.114499999999964,0.8995999999046376]","[5.7980999999045935,1.8645999999046694,3.9487000000476655,8.612600000143004,6.114499999999964,0.8997000000476874]",,,0.0,23.0,23.0,206.0,1.0,lepel,glepel,question_gesture.png,im_hand.png,,,,,,
,,,538741,1,21,2023-09-29_12h32.28.399,flesh_expressibility_dutch,2022.2.4,Win32,60.70908208,,,,18.0,1.0,Nederlands,,,,,,Engels,2.0,Duits,1.0,,0.0,,0.0,,0.0,,0.0,,0.0,,0.0,NL,3.0,2.0,2.0,1.0,,sensorypref1,sensorypref2,1280.0,720.0,,,,,,,,,,,,,,,,,,,,,,,,,,,,,,,,,,,21.0,428.4991,7.0,"[5.7980999999045935,1.8645999999046694,3.9487000000476655,8.612600000143004,6.114499999999964,0.8995999999046376,1.098900000095398]","[5.7980999999045935,1.8645999999046694,3.9487000000476655,8.612600000143004,6.114499999999964,0.8997000000476874,1.098900000095398]",-0.929629601,4.8598,0.0,24.0,24.0,62.0,1.0,piepen,gpiepen,question_gesture.png,im_hand.png,,,,,,
,,,538741,1,21,2023-09-29_12h32.28.399,flesh_expressibility_dutch,2022.2.4,Win32,60.70908208,,,,18.0,1.0,Nederlands,,,,,,Engels,2.0,Duits,1.0,,0.0,,0.0,,0.0,,0.0,,0.0,,0.0,NL,3.0,2.0,2.0,1.0,,sensorypref1,sensorypref2,1280.0,720.0,,,,,,,,,,,,,,,,,,,,,,,,,,,,,,,,,,,22.0,434.3331,7.0,"[5.7980999999045935,1.8645999999046694,3.9487000000476655,8.612600000143004,6.114499999999964,0.8995999999046376,1.098900000095398]","[5.7980999999045935,1.8645999999046694,3.9487000000476655,8.612600000143004,6.114499999999964,0.8997000000476874,1.098900000095398]",,,0.0,25.0,25.0,114.0,1.0,borst,gborst,question_gesture.png,im_hand.png,,,,,,
,,,538741,1,21,2023-09-29_12h32.28.399,flesh_expressibility_dutch,2022.2.4,Win32,60.70908208,,,,18.0,1.0,Nederlands,,,,,,Engels,2.0,Duits,1.0,,0.0,,0.0,,0.0,,0.0,,0.0,,0.0,NL,3.0,2.0,2.0,1.0,,sensorypref1,sensorypref2,1280.0,720.0,,,,,,,,,,,,,,,,,,,,,,,,,,,,,,,,,,,22.0,435.3058,7.0,"[5.7980999999045935,1.8645999999046694,3.9487000000476655,8.612600000143004,6.114499999999964,0.8995999999046376,1.098900000095398]","[5.7980999999045935,1.8645999999046694,3.9487000000476655,8.612600000143004,6.114499999999964,0.8997000000476874,1.098900000095398]",,,0.0,26.0,26.0,147.0,1.0,knopen,gknopen,question_gesture.png,im_hand.png,,,,,,
,,,538741,1,21,2023-09-29_12h32.28.399,flesh_expressibility_dutch,2022.2.4,Win32,60.70908208,,,,18.0,1.0,Nederlands,,,,,,Engels,2.0,Duits,1.0,,0.0,,0.0,,0.0,,0.0,,0.0,,0.0,NL,3.0,2.0,2.0,1.0,,sensorypref1,sensorypref2,1280.0,720.0,,,,,,,,,,,,,,,,,,,,,,,,,,,,,,,,,,,22.0,436.331,7.0,"[5.7980999999045935,1.8645999999046694,3.9487000000476655,8.612600000143004,6.114499999999964,0.8995999999046376,1.098900000095398]","[5.7980999999045935,1.8645999999046694,3.9487000000476655,8.612600000143004,6.114499999999964,0.8997000000476874,1.098900000095398]",,,0.0,27.0,27.0,182.0,1.0,naam,gnaam,question_gesture.png,im_hand.png,,,,,,
,,,538741,1,21,2023-09-29_12h32.28.399,flesh_expressibility_dutch,2022.2.4,Win32,60.70908208,,,,18.0,1.0,Nederlands,,,,,,Engels,2.0,Duits,1.0,,0.0,,0.0,,0.0,,0.0,,0.0,,0.0,NL,3.0,2.0,2.0,1.0,,sensorypref1,sensorypref2,1280.0,720.0,,,,,,,,,,,,,,,,,,,,,,,,,,,,,,,,,,,22.0,437.32,7.0,"[5.7980999999045935,1.8645999999046694,3.9487000000476655,8.612600000143004,6.114499999999964,0.8995999999046376,1.098900000095398]","[5.7980999999045935,1.8645999999046694,3.9487000000476655,8.612600000143004,6.114499999999964,0.8997000000476874,1.098900000095398]",,,0.0,28.0,28.0,48.0,1.0,vliegen,gvliegen,question_gesture.png,im_hand.png,,,,,,
,,,538741,1,21,2023-09-29_12h32.28.399,flesh_expressibility_dutch,2022.2.4,Win32,60.70908208,,,,18.0,1.0,Nederlands,,,,,,Engels,2.0,Duits,1.0,,0.0,,0.0,,0.0,,0.0,,0.0,,0.0,NL,3.0,2.0,2.0,1.0,,sensorypref1,sensorypref2,1280.0,720.0,,,,,,,,,,,,,,,,,,,,,,,,,,,,,,,,,,,22.0,438.3555,7.0,"[5.7980999999045935,1.8645999999046694,3.9487000000476655,8.612600000143004,6.114499999999964,0.8995999999046376,1.098900000095398]","[5.7980999999045935,1.8645999999046694,3.9487000000476655,8.612600000143004,6.114499999999964,0.8997000000476874,1.098900000095398]",,,0.0,29.0,29.0,25.0,1.0,dood,gdood,question_gesture.png,im_hand.png,,,,,,
,,,538741,1,21,2023-09-29_12h32.28.399,flesh_expressibility_dutch,2022.2.4,Win32,60.70908208,,,,18.0,1.0,Nederlands,,,,,,Engels,2.0,Duits,1.0,,0.0,,0.0,,0.0,,0.0,,0.0,,0.0,NL,3.0,2.0,2.0,1.0,,sensorypref1,sensorypref2,1280.0,720.0,,,,,,,,,,,,,,,,,,,,,,,,,,,,,,,,,,,22.0,439.6998,7.0,"[5.7980999999045935,1.8645999999046694,3.9487000000476655,8.612600000143004,6.114499999999964,0.8995999999046376,1.098900000095398]","[5.7980999999045935,1.8645999999046694,3.9487000000476655,8.612600000143004,6.114499999999964,0.8997000000476874,1.098900000095398]",,,0.0,30.0,30.0,198.0,1.0,nieuw,gnieuw,question_gesture.png,im_hand.png,,,,,,
,,,538741,1,21,2023-09-29_12h32.28.399,flesh_expressibility_dutch,2022.2.4,Win32,60.70908208,,,,18.0,1.0,Nederlands,,,,,,Engels,2.0,Duits,1.0,,0.0,,0.0,,0.0,,0.0,,0.0,,0.0,NL,3.0,2.0,2.0,1.0,,sensorypref1,sensorypref2,1280.0,720.0,,,,,,,,,,,,,,,,,,,,,,,,,,,,,,,,,,,22.0,440.5523,7.0,"[5.7980999999045935,1.8645999999046694,3.9487000000476655,8.612600000143004,6.114499999999964,0.8995999999046376,1.098900000095398]","[5.7980999999045935,1.8645999999046694,3.9487000000476655,8.612600000143004,6.114499999999964,0.8997000000476874,1.098900000095398]",,,0.0,31.0,31.0,63.0,1.0,hartig,ghartig,question_gesture.png,im_hand.png,,,,,,
,,,538741,1,21,2023-09-29_12h32.28.399,flesh_expressibility_dutch,2022.2.4,Win32,60.70908208,,,,18.0,1.0,Nederlands,,,,,,Engels,2.0,Duits,1.0,,0.0,,0.0,,0.0,,0.0,,0.0,,0.0,NL,3.0,2.0,2.0,1.0,,sensorypref1,sensorypref2,1280.0,720.0,,,,,,,,,,,,,,,,,,,,,,,,,,,,,,,,,,,19.0,441.555,8.0,"[5.7980999999045935,1.8645999999046694,3.9487000000476655,8.612600000143004,6.114499999999964,0.8995999999046376,1.098900000095398,6.414500000000032]","[5.7980999999045935,1.8645999999046694,3.9487000000476655,8.612600000143004,6.114499999999964,0.8997000000476874,1.098900000095398,6.414500000000032]",0.162963019,12.0299,0.0,32.0,32.0,140.0,1.0,staan,gstaan,question_gesture.png,im_hand.png,,,,,,
,,,538741,1,21,2023-09-29_12h32.28.399,flesh_expressibility_dutch,2022.2.4,Win32,60.70908208,,,,18.0,1.0,Nederlands,,,,,,Engels,2.0,Duits,1.0,,0.0,,0.0,,0.0,,0.0,,0.0,,0.0,NL,3.0,2.0,2.0,1.0,,sensorypref1,sensorypref2,1280.0,720.0,,,,,,,,,,,,,,,,,,,,,,,,,,,,,,,,,,,21.0,454.7998,9.0,"[5.7980999999045935,1.8645999999046694,3.9487000000476655,8.612600000143004,6.114499999999964,0.8995999999046376,1.098900000095398,6.414500000000032,6.898099999904673]","[5.7980999999045935,1.8645999999046694,3.9487000000476655,8.612600000143004,6.114499999999964,0.8997000000476874,1.098900000095398,6.414500000000032,6.898099999904673]",-0.177777778,10.3863,0.0,33.0,33.0,143.0,1.0,vermalen,gvermalen,question_gesture.png,im_hand.png,,,,,,
,,,538741,1,21,2023-09-29_12h32.28.399,flesh_expressibility_dutch,2022.2.4,Win32,60.70908208,,,,18.0,1.0,Nederlands,,,,,,Engels,2.0,Duits,1.0,,0.0,,0.0,,0.0,,0.0,,0.0,,0.0,NL,3.0,2.0,2.0,1.0,,sensorypref1,sensorypref2,1280.0,720.0,,,,,,,,,,,,,,,,,,,,,,,,,,,,,,,,,,,22.0,466.7952,9.0,"[5.7980999999045935,1.8645999999046694,3.9487000000476655,8.612600000143004,6.114499999999964,0.8995999999046376,1.098900000095398,6.414500000000032,6.898099999904673]","[5.7980999999045935,1.8645999999046694,3.9487000000476655,8.612600000143004,6.114499999999964,0.8997000000476874,1.098900000095398,6.414500000000032,6.898099999904673]",,,0.0,34.0,34.0,199.0,1.0,nacht,gnacht,question_gesture.png,im_hand.png,,,,,,
,,,538741,1,21,2023-09-29_12h32.28.399,flesh_expressibility_dutch,2022.2.4,Win32,60.70908208,,,,18.0,1.0,Nederlands,,,,,,Engels,2.0,Duits,1.0,,0.0,,0.0,,0.0,,0.0,,0.0,,0.0,NL,3.0,2.0,2.0,1.0,,sensorypref1,sensorypref2,1280.0,720.0,,,,,,,,,,,,,,,,,,,,,,,,,,,,,,,,,,,21.0,467.7488,10.0,"[5.7980999999045935,1.8645999999046694,3.9487000000476655,8.612600000143004,6.114499999999964,0.8995999999046376,1.098900000095398,6.414500000000032,6.898099999904673,6.430899999856933]","[5.7980999999045935,1.8645999999046694,3.9487000000476655,8.612600000143004,6.114499999999964,0.8997000000476874,1.098900000095398,6.414500000000032,6.898099999904673,6.430999999999983]",-0.494444444,16.1114,0.0,35.0,35.0,64.0,1.0,smaak,gsmaak,question_gesture.png,im_hand.png,,,,,,
,,,538741,1,21,2023-09-29_12h32.28.399,flesh_expressibility_dutch,2022.2.4,Win32,60.70908208,,,,18.0,1.0,Nederlands,,,,,,Engels,2.0,Duits,1.0,,0.0,,0.0,,0.0,,0.0,,0.0,,0.0,NL,3.0,2.0,2.0,1.0,,sensorypref1,sensorypref2,1280.0,720.0,,,,,,,,,,,,,,,,,,,,,,,,,,,,,,,,,,,22.0,484.7465,10.0,"[5.7980999999045935,1.8645999999046694,3.9487000000476655,8.612600000143004,6.114499999999964,0.8995999999046376,1.098900000095398,6.414500000000032,6.898099999904673,6.430899999856933]","[5.7980999999045935,1.8645999999046694,3.9487000000476655,8.612600000143004,6.114499999999964,0.8997000000476874,1.098900000095398,6.414500000000032,6.898099999904673,6.430999999999983]",,,0.0,36.0,36.0,34.0,1.0,vergeten,gvergeten,question_gesture.png,im_hand.png,,,,,,
,,,538741,1,21,2023-09-29_12h32.28.399,flesh_expressibility_dutch,2022.2.4,Win32,60.70908208,,,,18.0,1.0,Nederlands,,,,,,Engels,2.0,Duits,1.0,,0.0,,0.0,,0.0,,0.0,,0.0,,0.0,NL,3.0,2.0,2.0,1.0,,sensorypref1,sensorypref2,1280.0,720.0,,,,,,,,,,,,,,,,,,,,,,,,,,,,,,,,,,,18.0,485.8174,11.0,"[5.7980999999045935,1.8645999999046694,3.9487000000476655,8.612600000143004,6.114499999999964,0.8995999999046376,1.098900000095398,6.414500000000032,6.898099999904673,6.430899999856933,0.9487000000477224]","[5.7980999999045935,1.8645999999046694,3.9487000000476655,8.612600000143004,6.114499999999964,0.8997000000476874,1.098900000095398,6.414500000000032,6.898099999904673,6.430999999999983,0.9487000000477224]",-0.920370314,7.404,0.0,37.0,37.0,0.0,1.0,droog,gdroog,question_gesture.png,im_hand.png,,,,,,
,,,538741,1,21,2023-09-29_12h32.28.399,flesh_expressibility_dutch,2022.2.4,Win32,60.70908208,,,,18.0,1.0,Nederlands,,,,,,Engels,2.0,Duits,1.0,,0.0,,0.0,,0.0,,0.0,,0.0,,0.0,NL,3.0,2.0,2.0,1.0,,sensorypref1,sensorypref2,1280.0,720.0,,,,,,,,,,,,,,,,,,,,,,,,,,,,,,,,,,,22.0,493.959,11.0,"[5.7980999999045935,1.8645999999046694,3.9487000000476655,8.612600000143004,6.114499999999964,0.8995999999046376,1.098900000095398,6.414500000000032,6.898099999904673,6.430899999856933,0.9487000000477224]","[5.7980999999045935,1.8645999999046694,3.9487000000476655,8.612600000143004,6.114499999999964,0.8997000000476874,1.098900000095398,6.414500000000032,6.898099999904673,6.430999999999983,0.9487000000477224]",,,0.0,38.0,38.0,91.0,1.0,koud,gkoud,question_gesture.png,im_hand.png,,,,,,
,,,538741,1,21,2023-09-29_12h32.28.399,flesh_expressibility_dutch,2022.2.4,Win32,60.70908208,,,,18.0,1.0,Nederlands,,,,,,Engels,2.0,Duits,1.0,,0.0,,0.0,,0.0,,0.0,,0.0,,0.0,NL,3.0,2.0,2.0,1.0,,sensorypref1,sensorypref2,1280.0,720.0,,,,,,,,,,,,,,,,,,,,,,,,,,,,,,,,,,,19.0,494.9738,12.0,"[5.7980999999045935,1.8645999999046694,3.9487000000476655,8.612600000143004,6.114499999999964,0.8995999999046376,1.098900000095398,6.414500000000032,6.898099999904673,6.430899999856933,0.9487000000477224,1.132799999952283]","[5.7980999999045935,1.8645999999046694,3.9487000000476655,8.612600000143004,6.114499999999964,0.8997000000476874,1.098900000095398,6.414500000000032,6.898099999904673,6.430999999999983,0.9487000000477224,1.1329999999999814]",-0.907407379,4.14,0.0,39.0,39.0,18.0,1.0,toekomst,gtoekomst,question_gesture.png,im_hand.png,,,,,,
,,,538741,1,21,2023-09-29_12h32.28.399,flesh_expressibility_dutch,2022.2.4,Win32,60.70908208,,,,18.0,1.0,Nederlands,,,,,,Engels,2.0,Duits,1.0,,0.0,,0.0,,0.0,,0.0,,0.0,,0.0,NL,3.0,2.0,2.0,1.0,,sensorypref1,sensorypref2,1280.0,720.0,,,,,,,,,,,,,,,,,,,,,,,,,,,,,,,,,,,19.0,500.0722,13.0,"[5.7980999999045935,1.8645999999046694,3.9487000000476655,8.612600000143004,6.114499999999964,0.8995999999046376,1.098900000095398,6.414500000000032,6.898099999904673,6.430899999856933,0.9487000000477224,1.132799999952283,1.066000000000031]","[5.7980999999045935,1.8645999999046694,3.9487000000476655,8.612600000143004,6.114499999999964,0.8997000000476874,1.098900000095398,6.414500000000032,6.898099999904673,6.430999999999983,0.9487000000477224,1.1329999999999814,1.0661000001430239]",0.918518575,6.169,0.0,40.0,40.0,153.0,1.0,lachen,glachen,question_gesture.png,im_hand.png,,,,,,
,,,538741,1,21,2023-09-29_12h32.28.399,flesh_expressibility_dutch,2022.2.4,Win32,60.70908208,,,,18.0,1.0,Nederlands,,,,,,Engels,2.0,Duits,1.0,,0.0,,0.0,,0.0,,0.0,,0.0,,0.0,NL,3.0,2.0,2.0,1.0,,sensorypref1,sensorypref2,1280.0,720.0,,,,,,,,,,,,,,,,,,,,,,,,,,,,,,,,,,,22.0,507.2942,13.0,"[5.7980999999045935,1.8645999999046694,3.9487000000476655,8.612600000143004,6.114499999999964,0.8995999999046376,1.098900000095398,6.414500000000032,6.898099999904673,6.430899999856933,0.9487000000477224,1.132799999952283,1.066000000000031]","[5.7980999999045935,1.8645999999046694,3.9487000000476655,8.612600000143004,6.114499999999964,0.8997000000476874,1.098900000095398,6.414500000000032,6.898099999904673,6.430999999999983,0.9487000000477224,1.1329999999999814,1.0661000001430239]",,,0.0,41.0,41.0,49.0,1.0,springen,gspringen,question_gesture.png,im_hand.png,,,,,,
,,,538741,1,21,2023-09-29_12h32.28.399,flesh_expressibility_dutch,2022.2.4,Win32,60.70908208,,,,18.0,1.0,Nederlands,,,,,,Engels,2.0,Duits,1.0,,0.0,,0.0,,0.0,,0.0,,0.0,,0.0,NL,3.0,2.0,2.0,1.0,,sensorypref1,sensorypref2,1280.0,720.0,,,,,,,,,,,,,,,,,,,,,,,,,,,,,,,,,,,22.0,508.3095,13.0,"[5.7980999999045935,1.8645999999046694,3.9487000000476655,8.612600000143004,6.114499999999964,0.8995999999046376,1.098900000095398,6.414500000000032,6.898099999904673,6.430899999856933,0.9487000000477224,1.132799999952283,1.066000000000031]","[5.7980999999045935,1.8645999999046694,3.9487000000476655,8.612600000143004,6.114499999999964,0.8997000000476874,1.098900000095398,6.414500000000032,6.898099999904673,6.430999999999983,0.9487000000477224,1.1329999999999814,1.0661000001430239]",,,0.0,42.0,42.0,83.0,1.0,uit,guit,question_gesture.png,im_hand.png,,,,,,
,,,538741,1,21,2023-09-29_12h32.28.399,flesh_expressibility_dutch,2022.2.4,Win32,60.70908208,,,,18.0,1.0,Nederlands,,,,,,Engels,2.0,Duits,1.0,,0.0,,0.0,,0.0,,0.0,,0.0,,0.0,NL,3.0,2.0,2.0,1.0,,sensorypref1,sensorypref2,1280.0,720.0,,,,,,,,,,,,,,,,,,,,,,,,,,,,,,,,,,,22.0,509.3223,13.0,"[5.7980999999045935,1.8645999999046694,3.9487000000476655,8.612600000143004,6.114499999999964,0.8995999999046376,1.098900000095398,6.414500000000032,6.898099999904673,6.430899999856933,0.9487000000477224,1.132799999952283,1.066000000000031]","[5.7980999999045935,1.8645999999046694,3.9487000000476655,8.612600000143004,6.114499999999964,0.8997000000476874,1.098900000095398,6.414500000000032,6.898099999904673,6.430999999999983,0.9487000000477224,1.1329999999999814,1.0661000001430239]",,,0.0,43.0,43.0,192.0,1.0,vlees,gvlees,question_gesture.png,im_hand.png,,,,,,
,,,538741,1,21,2023-09-29_12h32.28.399,flesh_expressibility_dutch,2022.2.4,Win32,60.70908208,,,,18.0,1.0,Nederlands,,,,,,Engels,2.0,Duits,1.0,,0.0,,0.0,,0.0,,0.0,,0.0,,0.0,NL,3.0,2.0,2.0,1.0,,sensorypref1,sensorypref2,1280.0,720.0,,,,,,,,,,,,,,,,,,,,,,,,,,,,,,,,,,,22.0,510.343,13.0,"[5.7980999999045935,1.8645999999046694,3.9487000000476655,8.612600000143004,6.114499999999964,0.8995999999046376,1.098900000095398,6.414500000000032,6.898099999904673,6.430899999856933,0.9487000000477224,1.132799999952283,1.066000000000031]","[5.7980999999045935,1.8645999999046694,3.9487000000476655,8.612600000143004,6.114499999999964,0.8997000000476874,1.098900000095398,6.414500000000032,6.898099999904673,6.430999999999983,0.9487000000477224,1.1329999999999814,1.0661000001430239]",,,0.0,44.0,44.0,205.0,1.0,vork,gvork,question_gesture.png,im_hand.png,,,,,,
,,,538741,1,21,2023-09-29_12h32.28.399,flesh_expressibility_dutch,2022.2.4,Win32,60.70908208,,,,18.0,1.0,Nederlands,,,,,,Engels,2.0,Duits,1.0,,0.0,,0.0,,0.0,,0.0,,0.0,,0.0,NL,3.0,2.0,2.0,1.0,,sensorypref1,sensorypref2,1280.0,720.0,,,,,,,,,,,,,,,,,,,,,,,,,,,,,,,,,,,22.0,511.4356,13.0,"[5.7980999999045935,1.8645999999046694,3.9487000000476655,8.612600000143004,6.114499999999964,0.8995999999046376,1.098900000095398,6.414500000000032,6.898099999904673,6.430899999856933,0.9487000000477224,1.132799999952283,1.066000000000031]","[5.7980999999045935,1.8645999999046694,3.9487000000476655,8.612600000143004,6.114499999999964,0.8997000000476874,1.098900000095398,6.414500000000032,6.898099999904673,6.430999999999983,0.9487000000477224,1.1329999999999814,1.0661000001430239]",,,0.0,45.0,45.0,179.0,1.0,zij,gzij,question_gesture.png,im_hand.png,,,,,,
,,,538741,1,21,2023-09-29_12h32.28.399,flesh_expressibility_dutch,2022.2.4,Win32,60.70908208,,,,18.0,1.0,Nederlands,,,,,,Engels,2.0,Duits,1.0,,0.0,,0.0,,0.0,,0.0,,0.0,,0.0,NL,3.0,2.0,2.0,1.0,,sensorypref1,sensorypref2,1280.0,720.0,,,,,,,,,,,,,,,,,,,,,,,,,,,,,,,,,,,22.0,512.3935,13.0,"[5.7980999999045935,1.8645999999046694,3.9487000000476655,8.612600000143004,6.114499999999964,0.8995999999046376,1.098900000095398,6.414500000000032,6.898099999904673,6.430899999856933,0.9487000000477224,1.132799999952283,1.066000000000031]","[5.7980999999045935,1.8645999999046694,3.9487000000476655,8.612600000143004,6.114499999999964,0.8997000000476874,1.098900000095398,6.414500000000032,6.898099999904673,6.430999999999983,0.9487000000477224,1.1329999999999814,1.0661000001430239]",,,0.0,46.0,46.0,44.0,1.0,lucht,glucht,question_gesture.png,im_hand.png,,,,,,
,,,538741,1,21,2023-09-29_12h32.28.399,flesh_expressibility_dutch,2022.2.4,Win32,60.70908208,,,,18.0,1.0,Nederlands,,,,,,Engels,2.0,Duits,1.0,,0.0,,0.0,,0.0,,0.0,,0.0,,0.0,NL,3.0,2.0,2.0,1.0,,sensorypref1,sensorypref2,1280.0,720.0,,,,,,,,,,,,,,,,,,,,,,,,,,,,,,,,,,,22.0,513.3682,13.0,"[5.7980999999045935,1.8645999999046694,3.9487000000476655,8.612600000143004,6.114499999999964,0.8995999999046376,1.098900000095398,6.414500000000032,6.898099999904673,6.430899999856933,0.9487000000477224,1.132799999952283,1.066000000000031]","[5.7980999999045935,1.8645999999046694,3.9487000000476655,8.612600000143004,6.114499999999964,0.8997000000476874,1.098900000095398,6.414500000000032,6.898099999904673,6.430999999999983,0.9487000000477224,1.1329999999999814,1.0661000001430239]",,,0.0,47.0,47.0,176.0,1.0,wijd,gwijd,question_gesture.png,im_hand.png,,,,,,
,,,538741,1,21,2023-09-29_12h32.28.399,flesh_expressibility_dutch,2022.2.4,Win32,60.70908208,,,,18.0,1.0,Nederlands,,,,,,Engels,2.0,Duits,1.0,,0.0,,0.0,,0.0,,0.0,,0.0,,0.0,NL,3.0,2.0,2.0,1.0,,sensorypref1,sensorypref2,1280.0,720.0,,,,,,,,,,,,,,,,,,,,,,,,,,,,,,,,,,,22.0,514.4203,13.0,"[5.7980999999045935,1.8645999999046694,3.9487000000476655,8.612600000143004,6.114499999999964,0.8995999999046376,1.098900000095398,6.414500000000032,6.898099999904673,6.430899999856933,0.9487000000477224,1.132799999952283,1.066000000000031]","[5.7980999999045935,1.8645999999046694,3.9487000000476655,8.612600000143004,6.114499999999964,0.8997000000476874,1.098900000095398,6.414500000000032,6.898099999904673,6.430999999999983,0.9487000000477224,1.1329999999999814,1.0661000001430239]",,,0.0,48.0,48.0,120.0,1.0,been,gbeen,question_gesture.png,im_hand.png,,,,,,
,,,538741,1,21,2023-09-29_12h32.28.399,flesh_expressibility_dutch,2022.2.4,Win32,60.70908208,,,,18.0,1.0,Nederlands,,,,,,Engels,2.0,Duits,1.0,,0.0,,0.0,,0.0,,0.0,,0.0,,0.0,NL,3.0,2.0,2.0,1.0,,sensorypref1,sensorypref2,1280.0,720.0,,,,,,,,,,,,,,,,,,,,,,,,,,,,,,,,,,,17.0,515.4368,14.0,"[5.7980999999045935,1.8645999999046694,3.9487000000476655,8.612600000143004,6.114499999999964,0.8995999999046376,1.098900000095398,6.414500000000032,6.898099999904673,6.430899999856933,0.9487000000477224,1.132799999952283,1.066000000000031,0.83299999999997]","[5.7980999999045935,1.8645999999046694,3.9487000000476655,8.612600000143004,6.114499999999964,0.8997000000476874,1.098900000095398,6.414500000000032,6.898099999904673,6.430999999999983,0.9487000000477224,1.1329999999999814,1.0661000001430239,0.83299999999997]",-0.864814758,6.0693,0.0,49.0,49.0,24.0,1.0,levend,glevend,question_gesture.png,im_hand.png,,,,,,
,,,538741,1,21,2023-09-29_12h32.28.399,flesh_expressibility_dutch,2022.2.4,Win32,60.70908208,,,,18.0,1.0,Nederlands,,,,,,Engels,2.0,Duits,1.0,,0.0,,0.0,,0.0,,0.0,,0.0,,0.0,NL,3.0,2.0,2.0,1.0,,sensorypref1,sensorypref2,1280.0,720.0,,,,,,,,,,,,,,,,,,,,,,,,,,,,,,,,,,,22.0,522.2057,14.0,"[5.7980999999045935,1.8645999999046694,3.9487000000476655,8.612600000143004,6.114499999999964,0.8995999999046376,1.098900000095398,6.414500000000032,6.898099999904673,6.430899999856933,0.9487000000477224,1.132799999952283,1.066000000000031,0.83299999999997]","[5.7980999999045935,1.8645999999046694,3.9487000000476655,8.612600000143004,6.114499999999964,0.8997000000476874,1.098900000095398,6.414500000000032,6.898099999904673,6.430999999999983,0.9487000000477224,1.1329999999999814,1.0661000001430239,0.83299999999997]",,,0.0,50.0,50.0,16.0,1.0,alles,galles,question_gesture.png,im_hand.png,,,,,,
,,,538741,1,21,2023-09-29_12h32.28.399,flesh_expressibility_dutch,2022.2.4,Win32,60.70908208,,,,18.0,1.0,Nederlands,,,,,,Engels,2.0,Duits,1.0,,0.0,,0.0,,0.0,,0.0,,0.0,,0.0,NL,3.0,2.0,2.0,1.0,,sensorypref1,sensorypref2,1280.0,720.0,,,,,,,,,,,,,,,,,,,,,,,,,,,,,,,,,,,22.0,523.1718,14.0,"[5.7980999999045935,1.8645999999046694,3.9487000000476655,8.612600000143004,6.114499999999964,0.8995999999046376,1.098900000095398,6.414500000000032,6.898099999904673,6.430899999856933,0.9487000000477224,1.132799999952283,1.066000000000031,0.83299999999997]","[5.7980999999045935,1.8645999999046694,3.9487000000476655,8.612600000143004,6.114499999999964,0.8997000000476874,1.098900000095398,6.414500000000032,6.898099999904673,6.430999999999983,0.9487000000477224,1.1329999999999814,1.0661000001430239,0.83299999999997]",,,0.0,51.0,51.0,27.0,1.0,gezond,ggezond,question_gesture.png,im_hand.png,,,,,,
,,,538741,1,21,2023-09-29_12h32.28.399,flesh_expressibility_dutch,2022.2.4,Win32,60.70908208,,,,18.0,1.0,Nederlands,,,,,,Engels,2.0,Duits,1.0,,0.0,,0.0,,0.0,,0.0,,0.0,,0.0,NL,3.0,2.0,2.0,1.0,,sensorypref1,sensorypref2,1280.0,720.0,,,,,,,,,,,,,,,,,,,,,,,,,,,,,,,,,,,22.0,524.1779,14.0,"[5.7980999999045935,1.8645999999046694,3.9487000000476655,8.612600000143004,6.114499999999964,0.8995999999046376,1.098900000095398,6.414500000000032,6.898099999904673,6.430899999856933,0.9487000000477224,1.132799999952283,1.066000000000031,0.83299999999997]","[5.7980999999045935,1.8645999999046694,3.9487000000476655,8.612600000143004,6.114499999999964,0.8997000000476874,1.098900000095398,6.414500000000032,6.898099999904673,6.430999999999983,0.9487000000477224,1.1329999999999814,1.0661000001430239,0.83299999999997]",,,0.0,52.0,52.0,32.0,1.0,vooraan,gvooraan,question_gesture.png,im_hand.png,,,,,,
,,,538741,1,21,2023-09-29_12h32.28.399,flesh_expressibility_dutch,2022.2.4,Win32,60.70908208,,,,18.0,1.0,Nederlands,,,,,,Engels,2.0,Duits,1.0,,0.0,,0.0,,0.0,,0.0,,0.0,,0.0,NL,3.0,2.0,2.0,1.0,,sensorypref1,sensorypref2,1280.0,720.0,,,,,,,,,,,,,,,,,,,,,,,,,,,,,,,,,,,22.0,525.1443,14.0,"[5.7980999999045935,1.8645999999046694,3.9487000000476655,8.612600000143004,6.114499999999964,0.8995999999046376,1.098900000095398,6.414500000000032,6.898099999904673,6.430899999856933,0.9487000000477224,1.132799999952283,1.066000000000031,0.83299999999997]","[5.7980999999045935,1.8645999999046694,3.9487000000476655,8.612600000143004,6.114499999999964,0.8997000000476874,1.098900000095398,6.414500000000032,6.898099999904673,6.430999999999983,0.9487000000477224,1.1329999999999814,1.0661000001430239,0.83299999999997]",,,0.0,53.0,53.0,130.0,1.0,regen,gregen,question_gesture.png,im_hand.png,,,,,,
,,,538741,1,21,2023-09-29_12h32.28.399,flesh_expressibility_dutch,2022.2.4,Win32,60.70908208,,,,18.0,1.0,Nederlands,,,,,,Engels,2.0,Duits,1.0,,0.0,,0.0,,0.0,,0.0,,0.0,,0.0,NL,3.0,2.0,2.0,1.0,,sensorypref1,sensorypref2,1280.0,720.0,,,,,,,,,,,,,,,,,,,,,,,,,,,,,,,,,,,22.0,526.1564,14.0,"[5.7980999999045935,1.8645999999046694,3.9487000000476655,8.612600000143004,6.114499999999964,0.8995999999046376,1.098900000095398,6.414500000000032,6.898099999904673,6.430899999856933,0.9487000000477224,1.132799999952283,1.066000000000031,0.83299999999997]","[5.7980999999045935,1.8645999999046694,3.9487000000476655,8.612600000143004,6.114499999999964,0.8997000000476874,1.098900000095398,6.414500000000032,6.898099999904673,6.430999999999983,0.9487000000477224,1.1329999999999814,1.0661000001430239,0.83299999999997]",,,0.0,54.0,54.0,129.0,1.0,goed,ggoed,question_gesture.png,im_hand.png,,,,,,
,,,538741,1,21,2023-09-29_12h32.28.399,flesh_expressibility_dutch,2022.2.4,Win32,60.70908208,,,,18.0,1.0,Nederlands,,,,,,Engels,2.0,Duits,1.0,,0.0,,0.0,,0.0,,0.0,,0.0,,0.0,NL,3.0,2.0,2.0,1.0,,sensorypref1,sensorypref2,1280.0,720.0,,,,,,,,,,,,,,,,,,,,,,,,,,,,,,,,,,,19.0,527.2414,15.0,"[5.7980999999045935,1.8645999999046694,3.9487000000476655,8.612600000143004,6.114499999999964,0.8995999999046376,1.098900000095398,6.414500000000032,6.898099999904673,6.430899999856933,0.9487000000477224,1.132799999952283,1.066000000000031,0.83299999999997,1.833200000047782]","[5.7980999999045935,1.8645999999046694,3.9487000000476655,8.612600000143004,6.114499999999964,0.8997000000476874,1.098900000095398,6.414500000000032,6.898099999904673,6.430999999999983,0.9487000000477224,1.1329999999999814,1.0661000001430239,0.83299999999997,1.833200000047782]",0.459259372,6.2804,0.0,55.0,55.0,7.0,1.0,kauwen,gkauwen,question_gesture.png,im_hand.png,,,,,,
,,,538741,1,21,2023-09-29_12h32.28.399,flesh_expressibility_dutch,2022.2.4,Win32,60.70908208,,,,18.0,1.0,Nederlands,,,,,,Engels,2.0,Duits,1.0,,0.0,,0.0,,0.0,,0.0,,0.0,,0.0,NL,3.0,2.0,2.0,1.0,,sensorypref1,sensorypref2,1280.0,720.0,,,,,,,,,,,,,,,,,,,,,,,,,,,,,,,,,,,16.0,534.0993,16.0,"[5.7980999999045935,1.8645999999046694,3.9487000000476655,8.612600000143004,6.114499999999964,0.8995999999046376,1.098900000095398,6.414500000000032,6.898099999904673,6.430899999856933,0.9487000000477224,1.132799999952283,1.066000000000031,0.83299999999997,1.833200000047782,0.9997000000475964]","[5.7980999999045935,1.8645999999046694,3.9487000000476655,8.612600000143004,6.114499999999964,0.8997000000476874,1.098900000095398,6.414500000000032,6.898099999904673,6.430999999999983,0.9487000000477224,1.1329999999999814,1.0661000001430239,0.83299999999997,1.833200000047782,0.9997999999523017]",0.861111111,3.9206,0.0,56.0,56.0,139.0,1.0,rennen,grennen,question_gesture.png,im_hand.png,,,,,,
,,,538741,1,21,2023-09-29_12h32.28.399,flesh_expressibility_dutch,2022.2.4,Win32,60.70908208,,,,18.0,1.0,Nederlands,,,,,,Engels,2.0,Duits,1.0,,0.0,,0.0,,0.0,,0.0,,0.0,,0.0,NL,3.0,2.0,2.0,1.0,,sensorypref1,sensorypref2,1280.0,720.0,,,,,,,,,,,,,,,,,,,,,,,,,,,,,,,,,,,20.0,539.0785,17.0,"[5.7980999999045935,1.8645999999046694,3.9487000000476655,8.612600000143004,6.114499999999964,0.8995999999046376,1.098900000095398,6.414500000000032,6.898099999904673,6.430899999856933,0.9487000000477224,1.132799999952283,1.066000000000031,0.83299999999997,1.833200000047782,0.9997000000475964,2.3490000000000464]","[5.7980999999045935,1.8645999999046694,3.9487000000476655,8.612600000143004,6.114499999999964,0.8997000000476874,1.098900000095398,6.414500000000032,6.898099999904673,6.430999999999983,0.9487000000477224,1.1329999999999814,1.0661000001430239,0.83299999999997,1.833200000047782,0.9997999999523017,2.3491000001430393]",-0.792592536,7.5252,0.0,57.0,57.0,165.0,1.0,hard,ghard,question_gesture.png,im_hand.png,,,,,,
,,,538741,1,21,2023-09-29_12h32.28.399,flesh_expressibility_dutch,2022.2.4,Win32,60.70908208,,,,18.0,1.0,Nederlands,,,,,,Engels,2.0,Duits,1.0,,0.0,,0.0,,0.0,,0.0,,0.0,,0.0,NL,3.0,2.0,2.0,1.0,,sensorypref1,sensorypref2,1280.0,720.0,,,,,,,,,,,,,,,,,,,,,,,,,,,,,,,,,,,22.0,547.7749,17.0,"[5.7980999999045935,1.8645999999046694,3.9487000000476655,8.612600000143004,6.114499999999964,0.8995999999046376,1.098900000095398,6.414500000000032,6.898099999904673,6.430899999856933,0.9487000000477224,1.132799999952283,1.066000000000031,0.83299999999997,1.833200000047782,0.9997000000475964,2.3490000000000464]","[5.7980999999045935,1.8645999999046694,3.9487000000476655,8.612600000143004,6.114499999999964,0.8997000000476874,1.098900000095398,6.414500000000032,6.898099999904673,6.430999999999983,0.9487000000477224,1.1329999999999814,1.0661000001430239,0.83299999999997,1.833200000047782,0.9997999999523017,2.3491000001430393]",,,0.0,58.0,58.0,201.0,1.0,gisteren,ggisteren,question_gesture.png,im_hand.png,,,,,,
,,,538741,1,21,2023-09-29_12h32.28.399,flesh_expressibility_dutch,2022.2.4,Win32,60.70908208,,,,18.0,1.0,Nederlands,,,,,,Engels,2.0,Duits,1.0,,0.0,,0.0,,0.0,,0.0,,0.0,,0.0,NL,3.0,2.0,2.0,1.0,,sensorypref1,sensorypref2,1280.0,720.0,,,,,,,,,,,,,,,,,,,,,,,,,,,,,,,,,,,22.0,548.7373,17.0,"[5.7980999999045935,1.8645999999046694,3.9487000000476655,8.612600000143004,6.114499999999964,0.8995999999046376,1.098900000095398,6.414500000000032,6.898099999904673,6.430899999856933,0.9487000000477224,1.132799999952283,1.066000000000031,0.83299999999997,1.833200000047782,0.9997000000475964,2.3490000000000464]","[5.7980999999045935,1.8645999999046694,3.9487000000476655,8.612600000143004,6.114499999999964,0.8997000000476874,1.098900000095398,6.414500000000032,6.898099999904673,6.430999999999983,0.9487000000477224,1.1329999999999814,1.0661000001430239,0.83299999999997,1.833200000047782,0.9997999999523017,2.3491000001430393]",,,0.0,59.0,59.0,29.0,1.0,ziek,gziek,question_gesture.png,im_hand.png,,,,,,
,,,538741,1,21,2023-09-29_12h32.28.399,flesh_expressibility_dutch,2022.2.4,Win32,60.70908208,,,,18.0,1.0,Nederlands,,,,,,Engels,2.0,Duits,1.0,,0.0,,0.0,,0.0,,0.0,,0.0,,0.0,NL,3.0,2.0,2.0,1.0,,sensorypref1,sensorypref2,1280.0,720.0,,,,,,,,,,,,,,,,,,,,,,,,,,,,,,,,,,,22.0,549.8184,17.0,"[5.7980999999045935,1.8645999999046694,3.9487000000476655,8.612600000143004,6.114499999999964,0.8995999999046376,1.098900000095398,6.414500000000032,6.898099999904673,6.430899999856933,0.9487000000477224,1.132799999952283,1.066000000000031,0.83299999999997,1.833200000047782,0.9997000000475964,2.3490000000000464]","[5.7980999999045935,1.8645999999046694,3.9487000000476655,8.612600000143004,6.114499999999964,0.8997000000476874,1.098900000095398,6.414500000000032,6.898099999904673,6.430999999999983,0.9487000000477224,1.1329999999999814,1.0661000001430239,0.83299999999997,1.833200000047782,0.9997999999523017,2.3491000001430393]",,,0.0,60.0,60.0,104.0,1.0,luis,gluis,question_gesture.png,im_hand.png,,,,,,
,,,538741,1,21,2023-09-29_12h32.28.399,flesh_expressibility_dutch,2022.2.4,Win32,60.70908208,,,,18.0,1.0,Nederlands,,,,,,Engels,2.0,Duits,1.0,,0.0,,0.0,,0.0,,0.0,,0.0,,0.0,NL,3.0,2.0,2.0,1.0,,sensorypref1,sensorypref2,1280.0,720.0,,,,,,,,,,,,,,,,,,,,,,,,,,,,,,,,,,,22.0,550.7748,17.0,"[5.7980999999045935,1.8645999999046694,3.9487000000476655,8.612600000143004,6.114499999999964,0.8995999999046376,1.098900000095398,6.414500000000032,6.898099999904673,6.430899999856933,0.9487000000477224,1.132799999952283,1.066000000000031,0.83299999999997,1.833200000047782,0.9997000000475964,2.3490000000000464]","[5.7980999999045935,1.8645999999046694,3.9487000000476655,8.612600000143004,6.114499999999964,0.8997000000476874,1.098900000095398,6.414500000000032,6.898099999904673,6.430999999999983,0.9487000000477224,1.1329999999999814,1.0661000001430239,0.83299999999997,1.833200000047782,0.9997999999523017,2.3491000001430393]",,,0.0,61.0,61.0,10.0,1.0,strak,gstrak,question_gesture.png,im_hand.png,,,,,,
,,,538741,1,21,2023-09-29_12h32.28.399,flesh_expressibility_dutch,2022.2.4,Win32,60.70908208,,,,18.0,1.0,Nederlands,,,,,,Engels,2.0,Duits,1.0,,0.0,,0.0,,0.0,,0.0,,0.0,,0.0,NL,3.0,2.0,2.0,1.0,,sensorypref1,sensorypref2,1280.0,720.0,,,,,,,,,,,,,,,,,,,,,,,,,,,,,,,,,,,21.0,551.8253,18.0,"[5.7980999999045935,1.8645999999046694,3.9487000000476655,8.612600000143004,6.114499999999964,0.8995999999046376,1.098900000095398,6.414500000000032,6.898099999904673,6.430899999856933,0.9487000000477224,1.132799999952283,1.066000000000031,0.83299999999997,1.833200000047782,0.9997000000475964,2.3490000000000464,4.748900000095318]","[5.7980999999045935,1.8645999999046694,3.9487000000476655,8.612600000143004,6.114499999999964,0.8997000000476874,1.098900000095398,6.414500000000032,6.898099999904673,6.430999999999983,0.9487000000477224,1.1329999999999814,1.0661000001430239,0.83299999999997,1.833200000047782,0.9997999999523017,2.3491000001430393,4.749000000000024]",0.283333333,8.453,0.0,62.0,62.0,89.0,1.0,jagen,gjagen,question_gesture.png,im_hand.png,,,,,,
,,,538741,1,21,2023-09-29_12h32.28.399,flesh_expressibility_dutch,2022.2.4,Win32,60.70908208,,,,18.0,1.0,Nederlands,,,,,,Engels,2.0,Duits,1.0,,0.0,,0.0,,0.0,,0.0,,0.0,,0.0,NL,3.0,2.0,2.0,1.0,,sensorypref1,sensorypref2,1280.0,720.0,,,,,,,,,,,,,,,,,,,,,,,,,,,,,,,,,,,22.0,561.0156,18.0,"[5.7980999999045935,1.8645999999046694,3.9487000000476655,8.612600000143004,6.114499999999964,0.8995999999046376,1.098900000095398,6.414500000000032,6.898099999904673,6.430899999856933,0.9487000000477224,1.132799999952283,1.066000000000031,0.83299999999997,1.833200000047782,0.9997000000475964,2.3490000000000464,4.748900000095318]","[5.7980999999045935,1.8645999999046694,3.9487000000476655,8.612600000143004,6.114499999999964,0.8997000000476874,1.098900000095398,6.414500000000032,6.898099999904673,6.430999999999983,0.9487000000477224,1.1329999999999814,1.0661000001430239,0.83299999999997,1.833200000047782,0.9997999999523017,2.3491000001430393,4.749000000000024]",,,0.0,63.0,63.0,90.0,1.0,slapen,gslapen,question_gesture.png,im_hand.png,,,,,,
,,,538741,1,21,2023-09-29_12h32.28.399,flesh_expressibility_dutch,2022.2.4,Win32,60.70908208,,,,18.0,1.0,Nederlands,,,,,,Engels,2.0,Duits,1.0,,0.0,,0.0,,0.0,,0.0,,0.0,,0.0,NL,3.0,2.0,2.0,1.0,,sensorypref1,sensorypref2,1280.0,720.0,,,,,,,,,,,,,,,,,,,,,,,,,,,,,,,,,,,22.0,562.0556,18.0,"[5.7980999999045935,1.8645999999046694,3.9487000000476655,8.612600000143004,6.114499999999964,0.8995999999046376,1.098900000095398,6.414500000000032,6.898099999904673,6.430899999856933,0.9487000000477224,1.132799999952283,1.066000000000031,0.83299999999997,1.833200000047782,0.9997000000475964,2.3490000000000464,4.748900000095318]","[5.7980999999045935,1.8645999999046694,3.9487000000476655,8.612600000143004,6.114499999999964,0.8997000000476874,1.098900000095398,6.414500000000032,6.898099999904673,6.430999999999983,0.9487000000477224,1.1329999999999814,1.0661000001430239,0.83299999999997,1.833200000047782,0.9997999999523017,2.3491000001430393,4.749000000000024]",,,0.0,64.0,64.0,33.0,1.0,dromen,gdromen,question_gesture.png,im_hand.png,,,,,,
,,,538741,1,21,2023-09-29_12h32.28.399,flesh_expressibility_dutch,2022.2.4,Win32,60.70908208,,,,18.0,1.0,Nederlands,,,,,,Engels,2.0,Duits,1.0,,0.0,,0.0,,0.0,,0.0,,0.0,,0.0,NL,3.0,2.0,2.0,1.0,,sensorypref1,sensorypref2,1280.0,720.0,,,,,,,,,,,,,,,,,,,,,,,,,,,,,,,,,,,22.0,563.0895,18.0,"[5.7980999999045935,1.8645999999046694,3.9487000000476655,8.612600000143004,6.114499999999964,0.8995999999046376,1.098900000095398,6.414500000000032,6.898099999904673,6.430899999856933,0.9487000000477224,1.132799999952283,1.066000000000031,0.83299999999997,1.833200000047782,0.9997000000475964,2.3490000000000464,4.748900000095318]","[5.7980999999045935,1.8645999999046694,3.9487000000476655,8.612600000143004,6.114499999999964,0.8997000000476874,1.098900000095398,6.414500000000032,6.898099999904673,6.430999999999983,0.9487000000477224,1.1329999999999814,1.0661000001430239,0.83299999999997,1.833200000047782,0.9997999999523017,2.3491000001430393,4.749000000000024]",,,0.0,65.0,65.0,142.0,1.0,verbrijzelen,gverbrijzelen,question_gesture.png,im_hand.png,,,,,,
,,,538741,1,21,2023-09-29_12h32.28.399,flesh_expressibility_dutch,2022.2.4,Win32,60.70908208,,,,18.0,1.0,Nederlands,,,,,,Engels,2.0,Duits,1.0,,0.0,,0.0,,0.0,,0.0,,0.0,,0.0,NL,3.0,2.0,2.0,1.0,,sensorypref1,sensorypref2,1280.0,720.0,,,,,,,,,,,,,,,,,,,,,,,,,,,,,,,,,,,22.0,564.1133,18.0,"[5.7980999999045935,1.8645999999046694,3.9487000000476655,8.612600000143004,6.114499999999964,0.8995999999046376,1.098900000095398,6.414500000000032,6.898099999904673,6.430899999856933,0.9487000000477224,1.132799999952283,1.066000000000031,0.83299999999997,1.833200000047782,0.9997000000475964,2.3490000000000464,4.748900000095318]","[5.7980999999045935,1.8645999999046694,3.9487000000476655,8.612600000143004,6.114499999999964,0.8997000000476874,1.098900000095398,6.414500000000032,6.898099999904673,6.430999999999983,0.9487000000477224,1.1329999999999814,1.0661000001430239,0.83299999999997,1.833200000047782,0.9997999999523017,2.3491000001430393,4.749000000000024]",,,0.0,66.0,66.0,175.0,1.0,dik,gdik,question_gesture.png,im_hand.png,,,,,,
,,,538741,1,21,2023-09-29_12h32.28.399,flesh_expressibility_dutch,2022.2.4,Win32,60.70908208,,,,18.0,1.0,Nederlands,,,,,,Engels,2.0,Duits,1.0,,0.0,,0.0,,0.0,,0.0,,0.0,,0.0,NL,3.0,2.0,2.0,1.0,,sensorypref1,sensorypref2,1280.0,720.0,,,,,,,,,,,,,,,,,,,,,,,,,,,,,,,,,,,22.0,565.138,18.0,"[5.7980999999045935,1.8645999999046694,3.9487000000476655,8.612600000143004,6.114499999999964,0.8995999999046376,1.098900000095398,6.414500000000032,6.898099999904673,6.430899999856933,0.9487000000477224,1.132799999952283,1.066000000000031,0.83299999999997,1.833200000047782,0.9997000000475964,2.3490000000000464,4.748900000095318]","[5.7980999999045935,1.8645999999046694,3.9487000000476655,8.612600000143004,6.114499999999964,0.8997000000476874,1.098900000095398,6.414500000000032,6.898099999904673,6.430999999999983,0.9487000000477224,1.1329999999999814,1.0661000001430239,0.83299999999997,1.833200000047782,0.9997999999523017,2.3491000001430393,4.749000000000024]",,,0.0,67.0,67.0,166.0,1.0,zwart,gzwart,question_gesture.png,im_hand.png,,,,,,
,,,538741,1,21,2023-09-29_12h32.28.399,flesh_expressibility_dutch,2022.2.4,Win32,60.70908208,,,,18.0,1.0,Nederlands,,,,,,Engels,2.0,Duits,1.0,,0.0,,0.0,,0.0,,0.0,,0.0,,0.0,NL,3.0,2.0,2.0,1.0,,sensorypref1,sensorypref2,1280.0,720.0,,,,,,,,,,,,,,,,,,,,,,,,,,,,,,,,,,,22.0,566.1377,18.0,"[5.7980999999045935,1.8645999999046694,3.9487000000476655,8.612600000143004,6.114499999999964,0.8995999999046376,1.098900000095398,6.414500000000032,6.898099999904673,6.430899999856933,0.9487000000477224,1.132799999952283,1.066000000000031,0.83299999999997,1.833200000047782,0.9997000000475964,2.3490000000000464,4.748900000095318]","[5.7980999999045935,1.8645999999046694,3.9487000000476655,8.612600000143004,6.114499999999964,0.8997000000476874,1.098900000095398,6.414500000000032,6.898099999904673,6.430999999999983,0.9487000000477224,1.1329999999999814,1.0661000001430239,0.83299999999997,1.833200000047782,0.9997999999523017,2.3491000001430393,4.749000000000024]",,,0.0,68.0,68.0,74.0,1.0,hoekig,ghoekig,question_gesture.png,im_hand.png,,,,,,
,,,538741,1,21,2023-09-29_12h32.28.399,flesh_expressibility_dutch,2022.2.4,Win32,60.70908208,,,,18.0,1.0,Nederlands,,,,,,Engels,2.0,Duits,1.0,,0.0,,0.0,,0.0,,0.0,,0.0,,0.0,NL,3.0,2.0,2.0,1.0,,sensorypref1,sensorypref2,1280.0,720.0,,,,,,,,,,,,,,,,,,,,,,,,,,,,,,,,,,,22.0,567.2598,18.0,"[5.7980999999045935,1.8645999999046694,3.9487000000476655,8.612600000143004,6.114499999999964,0.8995999999046376,1.098900000095398,6.414500000000032,6.898099999904673,6.430899999856933,0.9487000000477224,1.132799999952283,1.066000000000031,0.83299999999997,1.833200000047782,0.9997000000475964,2.3490000000000464,4.748900000095318]","[5.7980999999045935,1.8645999999046694,3.9487000000476655,8.612600000143004,6.114499999999964,0.8997000000476874,1.098900000095398,6.414500000000032,6.898099999904673,6.430999999999983,0.9487000000477224,1.1329999999999814,1.0661000001430239,0.83299999999997,1.833200000047782,0.9997999999523017,2.3491000001430393,4.749000000000024]",,,0.0,69.0,69.0,131.0,1.0,zand,gzand,question_gesture.png,im_hand.png,,,,,,
,,,538741,1,21,2023-09-29_12h32.28.399,flesh_expressibility_dutch,2022.2.4,Win32,60.70908208,,,,18.0,1.0,Nederlands,,,,,,Engels,2.0,Duits,1.0,,0.0,,0.0,,0.0,,0.0,,0.0,,0.0,NL,3.0,2.0,2.0,1.0,,sensorypref1,sensorypref2,1280.0,720.0,,,,,,,,,,,,,,,,,,,,,,,,,,,,,,,,,,,22.0,568.1989,18.0,"[5.7980999999045935,1.8645999999046694,3.9487000000476655,8.612600000143004,6.114499999999964,0.8995999999046376,1.098900000095398,6.414500000000032,6.898099999904673,6.430899999856933,0.9487000000477224,1.132799999952283,1.066000000000031,0.83299999999997,1.833200000047782,0.9997000000475964,2.3490000000000464,4.748900000095318]","[5.7980999999045935,1.8645999999046694,3.9487000000476655,8.612600000143004,6.114499999999964,0.8997000000476874,1.098900000095398,6.414500000000032,6.898099999904673,6.430999999999983,0.9487000000477224,1.1329999999999814,1.0661000001430239,0.83299999999997,1.833200000047782,0.9997999999523017,2.3491000001430393,4.749000000000024]",,,0.0,70.0,70.0,137.0,1.0,vallen,gvallen,question_gesture.png,im_hand.png,,,,,,
,,,538741,1,21,2023-09-29_12h32.28.399,flesh_expressibility_dutch,2022.2.4,Win32,60.70908208,,,,18.0,1.0,Nederlands,,,,,,Engels,2.0,Duits,1.0,,0.0,,0.0,,0.0,,0.0,,0.0,,0.0,NL,3.0,2.0,2.0,1.0,,sensorypref1,sensorypref2,1280.0,720.0,,,,,,,,,,,,,,,,,,,,,,,,,,,,,,,,,,,22.0,569.2223,18.0,"[5.7980999999045935,1.8645999999046694,3.9487000000476655,8.612600000143004,6.114499999999964,0.8995999999046376,1.098900000095398,6.414500000000032,6.898099999904673,6.430899999856933,0.9487000000477224,1.132799999952283,1.066000000000031,0.83299999999997,1.833200000047782,0.9997000000475964,2.3490000000000464,4.748900000095318]","[5.7980999999045935,1.8645999999046694,3.9487000000476655,8.612600000143004,6.114499999999964,0.8997000000476874,1.098900000095398,6.414500000000032,6.898099999904673,6.430999999999983,0.9487000000477224,1.1329999999999814,1.0661000001430239,0.83299999999997,1.833200000047782,0.9997999999523017,2.3491000001430393,4.749000000000024]",,,0.0,71.0,71.0,164.0,1.0,zoet,gzoet,question_gesture.png,im_hand.png,,,,,,
,,,538741,1,21,2023-09-29_12h32.28.399,flesh_expressibility_dutch,2022.2.4,Win32,60.70908208,,,,18.0,1.0,Nederlands,,,,,,Engels,2.0,Duits,1.0,,0.0,,0.0,,0.0,,0.0,,0.0,,0.0,NL,3.0,2.0,2.0,1.0,,sensorypref1,sensorypref2,1280.0,720.0,,,,,,,,,,,,,,,,,,,,,,,,,,,,,,,,,,,22.0,570.2016,18.0,"[5.7980999999045935,1.8645999999046694,3.9487000000476655,8.612600000143004,6.114499999999964,0.8995999999046376,1.098900000095398,6.414500000000032,6.898099999904673,6.430899999856933,0.9487000000477224,1.132799999952283,1.066000000000031,0.83299999999997,1.833200000047782,0.9997000000475964,2.3490000000000464,4.748900000095318]","[5.7980999999045935,1.8645999999046694,3.9487000000476655,8.612600000143004,6.114499999999964,0.8997000000476874,1.098900000095398,6.414500000000032,6.898099999904673,6.430999999999983,0.9487000000477224,1.1329999999999814,1.0661000001430239,0.83299999999997,1.833200000047782,0.9997999999523017,2.3491000001430393,4.749000000000024]",,,0.0,72.0,72.0,196.0,1.0,steen,gsteen,question_gesture.png,im_hand.png,,,,,,
,,,538741,1,21,2023-09-29_12h32.28.399,flesh_expressibility_dutch,2022.2.4,Win32,60.70908208,,,,18.0,1.0,Nederlands,,,,,,Engels,2.0,Duits,1.0,,0.0,,0.0,,0.0,,0.0,,0.0,,0.0,NL,3.0,2.0,2.0,1.0,,sensorypref1,sensorypref2,1280.0,720.0,,,,,,,,,,,,,,,,,,,,,,,,,,,,,,,,,,,22.0,571.2842,18.0,"[5.7980999999045935,1.8645999999046694,3.9487000000476655,8.612600000143004,6.114499999999964,0.8995999999046376,1.098900000095398,6.414500000000032,6.898099999904673,6.430899999856933,0.9487000000477224,1.132799999952283,1.066000000000031,0.83299999999997,1.833200000047782,0.9997000000475964,2.3490000000000464,4.748900000095318]","[5.7980999999045935,1.8645999999046694,3.9487000000476655,8.612600000143004,6.114499999999964,0.8997000000476874,1.098900000095398,6.414500000000032,6.898099999904673,6.430999999999983,0.9487000000477224,1.1329999999999814,1.0661000001430239,0.83299999999997,1.833200000047782,0.9997999999523017,2.3491000001430393,4.749000000000024]",,,0.0,73.0,73.0,123.0,1.0,navel,gnavel,question_gesture.png,im_hand.png,,,,,,
,,,538741,1,21,2023-09-29_12h32.28.399,flesh_expressibility_dutch,2022.2.4,Win32,60.70908208,,,,18.0,1.0,Nederlands,,,,,,Engels,2.0,Duits,1.0,,0.0,,0.0,,0.0,,0.0,,0.0,,0.0,NL,3.0,2.0,2.0,1.0,,sensorypref1,sensorypref2,1280.0,720.0,,,,,,,,,,,,,,,,,,,,,,,,,,,,,,,,,,,22.0,572.3659,18.0,"[5.7980999999045935,1.8645999999046694,3.9487000000476655,8.612600000143004,6.114499999999964,0.8995999999046376,1.098900000095398,6.414500000000032,6.898099999904673,6.430899999856933,0.9487000000477224,1.132799999952283,1.066000000000031,0.83299999999997,1.833200000047782,0.9997000000475964,2.3490000000000464,4.748900000095318]","[5.7980999999045935,1.8645999999046694,3.9487000000476655,8.612600000143004,6.114499999999964,0.8997000000476874,1.098900000095398,6.414500000000032,6.898099999904673,6.430999999999983,0.9487000000477224,1.1329999999999814,1.0661000001430239,0.83299999999997,1.833200000047782,0.9997999999523017,2.3491000001430393,4.749000000000024]",,,0.0,74.0,74.0,125.0,1.0,huid,ghuid,question_gesture.png,im_hand.png,,,,,,
,,,538741,1,21,2023-09-29_12h32.28.399,flesh_expressibility_dutch,2022.2.4,Win32,60.70908208,,,,18.0,1.0,Nederlands,,,,,,Engels,2.0,Duits,1.0,,0.0,,0.0,,0.0,,0.0,,0.0,,0.0,NL,3.0,2.0,2.0,1.0,,sensorypref1,sensorypref2,1280.0,720.0,,,,,,,,,,,,,,,,,,,,,,,,,,,,,,,,,,,22.0,573.2912,18.0,"[5.7980999999045935,1.8645999999046694,3.9487000000476655,8.612600000143004,6.114499999999964,0.8995999999046376,1.098900000095398,6.414500000000032,6.898099999904673,6.430899999856933,0.9487000000477224,1.132799999952283,1.066000000000031,0.83299999999997,1.833200000047782,0.9997000000475964,2.3490000000000464,4.748900000095318]","[5.7980999999045935,1.8645999999046694,3.9487000000476655,8.612600000143004,6.114499999999964,0.8997000000476874,1.098900000095398,6.414500000000032,6.898099999904673,6.430999999999983,0.9487000000477224,1.1329999999999814,1.0661000001430239,0.83299999999997,1.833200000047782,0.9997999999523017,2.3491000001430393,4.749000000000024]",,,0.0,75.0,75.0,99.0,1.0,mier,gmier,question_gesture.png,im_hand.png,,,,,,
,,,538741,1,21,2023-09-29_12h32.28.399,flesh_expressibility_dutch,2022.2.4,Win32,60.70908208,,,,18.0,1.0,Nederlands,,,,,,Engels,2.0,Duits,1.0,,0.0,,0.0,,0.0,,0.0,,0.0,,0.0,NL,3.0,2.0,2.0,1.0,,sensorypref1,sensorypref2,1280.0,720.0,,,,,,,,,,,,,,,,,,,,,,,,,,,,,,,,,,,22.0,574.338,18.0,"[5.7980999999045935,1.8645999999046694,3.9487000000476655,8.612600000143004,6.114499999999964,0.8995999999046376,1.098900000095398,6.414500000000032,6.898099999904673,6.430899999856933,0.9487000000477224,1.132799999952283,1.066000000000031,0.83299999999997,1.833200000047782,0.9997000000475964,2.3490000000000464,4.748900000095318]","[5.7980999999045935,1.8645999999046694,3.9487000000476655,8.612600000143004,6.114499999999964,0.8997000000476874,1.098900000095398,6.414500000000032,6.898099999904673,6.430999999999983,0.9487000000477224,1.1329999999999814,1.0661000001430239,0.83299999999997,1.833200000047782,0.9997999999523017,2.3491000001430393,4.749000000000024]",,,0.0,76.0,76.0,23.0,1.0,slang,gslang,question_gesture.png,im_hand.png,,,,,,
,,,538741,1,21,2023-09-29_12h32.28.399,flesh_expressibility_dutch,2022.2.4,Win32,60.70908208,,,,18.0,1.0,Nederlands,,,,,,Engels,2.0,Duits,1.0,,0.0,,0.0,,0.0,,0.0,,0.0,,0.0,NL,3.0,2.0,2.0,1.0,,sensorypref1,sensorypref2,1280.0,720.0,,,,,,,,,,,,,,,,,,,,,,,,,,,,,,,,,,,22.0,575.3323,18.0,"[5.7980999999045935,1.8645999999046694,3.9487000000476655,8.612600000143004,6.114499999999964,0.8995999999046376,1.098900000095398,6.414500000000032,6.898099999904673,6.430899999856933,0.9487000000477224,1.132799999952283,1.066000000000031,0.83299999999997,1.833200000047782,0.9997000000475964,2.3490000000000464,4.748900000095318]","[5.7980999999045935,1.8645999999046694,3.9487000000476655,8.612600000143004,6.114499999999964,0.8997000000476874,1.098900000095398,6.414500000000032,6.898099999904673,6.430999999999983,0.9487000000477224,1.1329999999999814,1.0661000001430239,0.83299999999997,1.833200000047782,0.9997999999523017,2.3491000001430393,4.749000000000024]",,,0.0,77.0,77.0,187.0,1.0,dit,gdit,question_gesture.png,im_hand.png,,,,,,
,,,538741,1,21,2023-09-29_12h32.28.399,flesh_expressibility_dutch,2022.2.4,Win32,60.70908208,,,,18.0,1.0,Nederlands,,,,,,Engels,2.0,Duits,1.0,,0.0,,0.0,,0.0,,0.0,,0.0,,0.0,NL,3.0,2.0,2.0,1.0,,sensorypref1,sensorypref2,1280.0,720.0,,,,,,,,,,,,,,,,,,,,,,,,,,,,,,,,,,,22.0,576.3724,18.0,"[5.7980999999045935,1.8645999999046694,3.9487000000476655,8.612600000143004,6.114499999999964,0.8995999999046376,1.098900000095398,6.414500000000032,6.898099999904673,6.430899999856933,0.9487000000477224,1.132799999952283,1.066000000000031,0.83299999999997,1.833200000047782,0.9997000000475964,2.3490000000000464,4.748900000095318]","[5.7980999999045935,1.8645999999046694,3.9487000000476655,8.612600000143004,6.114499999999964,0.8997000000476874,1.098900000095398,6.414500000000032,6.898099999904673,6.430999999999983,0.9487000000477224,1.1329999999999814,1.0661000001430239,0.83299999999997,1.833200000047782,0.9997999999523017,2.3491000001430393,4.749000000000024]",,,0.0,78.0,78.0,72.0,1.0,verrot,gverrot,question_gesture.png,im_hand.png,,,,,,
,,,538741,1,21,2023-09-29_12h32.28.399,flesh_expressibility_dutch,2022.2.4,Win32,60.70908208,,,,18.0,1.0,Nederlands,,,,,,Engels,2.0,Duits,1.0,,0.0,,0.0,,0.0,,0.0,,0.0,,0.0,NL,3.0,2.0,2.0,1.0,,sensorypref1,sensorypref2,1280.0,720.0,,,,,,,,,,,,,,,,,,,,,,,,,,,,,,,,,,,22.0,577.3749,18.0,"[5.7980999999045935,1.8645999999046694,3.9487000000476655,8.612600000143004,6.114499999999964,0.8995999999046376,1.098900000095398,6.414500000000032,6.898099999904673,6.430899999856933,0.9487000000477224,1.132799999952283,1.066000000000031,0.83299999999997,1.833200000047782,0.9997000000475964,2.3490000000000464,4.748900000095318]","[5.7980999999045935,1.8645999999046694,3.9487000000476655,8.612600000143004,6.114499999999964,0.8997000000476874,1.098900000095398,6.414500000000032,6.898099999904673,6.430999999999983,0.9487000000477224,1.1329999999999814,1.0661000001430239,0.83299999999997,1.833200000047782,0.9997999999523017,2.3491000001430393,4.749000000000024]",,,0.0,79.0,79.0,181.0,1.0,ik,gik,question_gesture.png,im_hand.png,,,,,,
,,,538741,1,21,2023-09-29_12h32.28.399,flesh_expressibility_dutch,2022.2.4,Win32,60.70908208,,,,18.0,1.0,Nederlands,,,,,,Engels,2.0,Duits,1.0,,0.0,,0.0,,0.0,,0.0,,0.0,,0.0,NL,3.0,2.0,2.0,1.0,,sensorypref1,sensorypref2,1280.0,720.0,,,,,,,,,,,,,,,,,,,,,,,,,,,,,,,,,,,22.0,578.4358,18.0,"[5.7980999999045935,1.8645999999046694,3.9487000000476655,8.612600000143004,6.114499999999964,0.8995999999046376,1.098900000095398,6.414500000000032,6.898099999904673,6.430899999856933,0.9487000000477224,1.132799999952283,1.066000000000031,0.83299999999997,1.833200000047782,0.9997000000475964,2.3490000000000464,4.748900000095318]","[5.7980999999045935,1.8645999999046694,3.9487000000476655,8.612600000143004,6.114499999999964,0.8997000000476874,1.098900000095398,6.414500000000032,6.898099999904673,6.430999999999983,0.9487000000477224,1.1329999999999814,1.0661000001430239,0.83299999999997,1.833200000047782,0.9997999999523017,2.3491000001430393,4.749000000000024]",,,0.0,80.0,80.0,167.0,1.0,rood,grood,question_gesture.png,im_hand.png,,,,,,
,,,538741,1,21,2023-09-29_12h32.28.399,flesh_expressibility_dutch,2022.2.4,Win32,60.70908208,,,,18.0,1.0,Nederlands,,,,,,Engels,2.0,Duits,1.0,,0.0,,0.0,,0.0,,0.0,,0.0,,0.0,NL,3.0,2.0,2.0,1.0,,sensorypref1,sensorypref2,1280.0,720.0,,,,,,,,,,,,,,,,,,,,,,,,,,,,,,,,,,,22.0,579.4217,18.0,"[5.7980999999045935,1.8645999999046694,3.9487000000476655,8.612600000143004,6.114499999999964,0.8995999999046376,1.098900000095398,6.414500000000032,6.898099999904673,6.430899999856933,0.9487000000477224,1.132799999952283,1.066000000000031,0.83299999999997,1.833200000047782,0.9997000000475964,2.3490000000000464,4.748900000095318]","[5.7980999999045935,1.8645999999046694,3.9487000000476655,8.612600000143004,6.114499999999964,0.8997000000476874,1.098900000095398,6.414500000000032,6.898099999904673,6.430999999999983,0.9487000000477224,1.1329999999999814,1.0661000001430239,0.83299999999997,1.833200000047782,0.9997999999523017,2.3491000001430393,4.749000000000024]",,,0.0,81.0,81.0,69.0,1.0,glad,gglad,question_gesture.png,im_hand.png,,,,,,
,,,538741,1,21,2023-09-29_12h32.28.399,flesh_expressibility_dutch,2022.2.4,Win32,60.70908208,,,,18.0,1.0,Nederlands,,,,,,Engels,2.0,Duits,1.0,,0.0,,0.0,,0.0,,0.0,,0.0,,0.0,NL,3.0,2.0,2.0,1.0,,sensorypref1,sensorypref2,1280.0,720.0,,,,,,,,,,,,,,,,,,,,,,,,,,,,,,,,,,,21.0,580.4604,19.0,"[5.7980999999045935,1.8645999999046694,3.9487000000476655,8.612600000143004,6.114499999999964,0.8995999999046376,1.098900000095398,6.414500000000032,6.898099999904673,6.430899999856933,0.9487000000477224,1.132799999952283,1.066000000000031,0.83299999999997,1.833200000047782,0.9997000000475964,2.3490000000000464,4.748900000095318,1.1489000000954093]","[5.7980999999045935,1.8645999999046694,3.9487000000476655,8.612600000143004,6.114499999999964,0.8997000000476874,1.098900000095398,6.414500000000032,6.898099999904673,6.430999999999983,0.9487000000477224,1.1329999999999814,1.0661000001430239,0.83299999999997,1.833200000047782,0.9997999999523017,2.3491000001430393,4.749000000000024,1.1489000000954093]",0.281481595,7.7325,0.0,82.0,82.0,100.0,1.0,vogel,gvogel,question_gesture.png,im_hand.png,,,,,,
,,,538741,1,21,2023-09-29_12h32.28.399,flesh_expressibility_dutch,2022.2.4,Win32,60.70908208,,,,18.0,1.0,Nederlands,,,,,,Engels,2.0,Duits,1.0,,0.0,,0.0,,0.0,,0.0,,0.0,,0.0,NL,3.0,2.0,2.0,1.0,,sensorypref1,sensorypref2,1280.0,720.0,,,,,,,,,,,,,,,,,,,,,,,,,,,,,,,,,,,19.0,589.1446,20.0,"[5.7980999999045935,1.8645999999046694,3.9487000000476655,8.612600000143004,6.114499999999964,0.8995999999046376,1.098900000095398,6.414500000000032,6.898099999904673,6.430899999856933,0.9487000000477224,1.132799999952283,1.066000000000031,0.83299999999997,1.833200000047782,0.9997000000475964,2.3490000000000464,4.748900000095318,1.1489000000954093,30.42379999995228]","[5.7980999999045935,1.8645999999046694,3.9487000000476655,8.612600000143004,6.114499999999964,0.8997000000476874,1.098900000095398,6.414500000000032,6.898099999904673,6.430999999999983,0.9487000000477224,1.1329999999999814,1.0661000001430239,0.83299999999997,1.833200000047782,0.9997999999523017,2.3491000001430393,4.749000000000024,1.1489000000954093,30.423900000095387]",-0.803703647,34.1824,0.0,83.0,83.0,108.0,1.0,neus,gneus,question_gesture.png,im_hand.png,,,,,,
,,,538741,1,21,2023-09-29_12h32.28.399,flesh_expressibility_dutch,2022.2.4,Win32,60.70908208,,,,18.0,1.0,Nederlands,,,,,,Engels,2.0,Duits,1.0,,0.0,,0.0,,0.0,,0.0,,0.0,,0.0,NL,3.0,2.0,2.0,1.0,,sensorypref1,sensorypref2,1280.0,720.0,,,,,,,,,,,,,,,,,,,,,,,,,,,,,2.0,"[332.93729999995224,643.165399999857]","[332.9373999998569,643.1655000000001]",2.0,"[337.24069999980924,648.5121999998092]","[337.2407999999523,648.5121999998092]",16.0,649.9601,21.0,"[5.7980999999045935,1.8645999999046694,3.9487000000476655,8.612600000143004,6.114499999999964,0.8995999999046376,1.098900000095398,6.414500000000032,6.898099999904673,6.430899999856933,0.9487000000477224,1.132799999952283,1.066000000000031,0.83299999999997,1.833200000047782,0.9997000000475964,2.3490000000000464,4.748900000095318,1.1489000000954093,30.42379999995228,1.0994000000953292]","[5.7980999999045935,1.8645999999046694,3.9487000000476655,8.612600000143004,6.114499999999964,0.8997000000476874,1.098900000095398,6.414500000000032,6.898099999904673,6.430999999999983,0.9487000000477224,1.1329999999999814,1.0661000001430239,0.83299999999997,1.833200000047782,0.9997999999523017,2.3491000001430393,4.749000000000024,1.1489000000954093,30.423900000095387,1.0994000000953292]",0.614814928,6.6537,0.0,0.0,0.0,51.0,1.0,lopen,mlopen,question_multimodal.png,im_combination.png,,,,,,
,,,538741,1,21,2023-09-29_12h32.28.399,flesh_expressibility_dutch,2022.2.4,Win32,60.70908208,,,,18.0,1.0,Nederlands,,,,,,Engels,2.0,Duits,1.0,,0.0,,0.0,,0.0,,0.0,,0.0,,0.0,NL,3.0,2.0,2.0,1.0,,sensorypref1,sensorypref2,1280.0,720.0,,,,,,,,,,,,,,,,,,,,,,,,,,,,,,,,,,,22.0,657.7193,21.0,"[5.7980999999045935,1.8645999999046694,3.9487000000476655,8.612600000143004,6.114499999999964,0.8995999999046376,1.098900000095398,6.414500000000032,6.898099999904673,6.430899999856933,0.9487000000477224,1.132799999952283,1.066000000000031,0.83299999999997,1.833200000047782,0.9997000000475964,2.3490000000000464,4.748900000095318,1.1489000000954093,30.42379999995228,1.0994000000953292]","[5.7980999999045935,1.8645999999046694,3.9487000000476655,8.612600000143004,6.114499999999964,0.8997000000476874,1.098900000095398,6.414500000000032,6.898099999904673,6.430999999999983,0.9487000000477224,1.1329999999999814,1.0661000001430239,0.83299999999997,1.833200000047782,0.9997999999523017,2.3491000001430393,4.749000000000024,1.1489000000954093,30.423900000095387,1.0994000000953292]",,,0.0,1.0,1.0,128.0,1.0,weten,mweten,question_multimodal.png,im_combination.png,,,,,,
,,,538741,1,21,2023-09-29_12h32.28.399,flesh_expressibility_dutch,2022.2.4,Win32,60.70908208,,,,18.0,1.0,Nederlands,,,,,,Engels,2.0,Duits,1.0,,0.0,,0.0,,0.0,,0.0,,0.0,,0.0,NL,3.0,2.0,2.0,1.0,,sensorypref1,sensorypref2,1280.0,720.0,,,,,,,,,,,,,,,,,,,,,,,,,,,,,,,,,,,19.0,658.7387,22.0,"[5.7980999999045935,1.8645999999046694,3.9487000000476655,8.612600000143004,6.114499999999964,0.8995999999046376,1.098900000095398,6.414500000000032,6.898099999904673,6.430899999856933,0.9487000000477224,1.132799999952283,1.066000000000031,0.83299999999997,1.833200000047782,0.9997000000475964,2.3490000000000464,4.748900000095318,1.1489000000954093,30.42379999995228,1.0994000000953292,0.8333999998569652]","[5.7980999999045935,1.8645999999046694,3.9487000000476655,8.612600000143004,6.114499999999964,0.8997000000476874,1.098900000095398,6.414500000000032,6.898099999904673,6.430999999999983,0.9487000000477224,1.1329999999999814,1.0661000001430239,0.83299999999997,1.833200000047782,0.9997999999523017,2.3491000001430393,4.749000000000024,1.1489000000954093,30.423900000095387,1.0994000000953292,0.8333999998569652]",-0.41851849,7.6487,0.0,2.0,2.0,13.0,1.0,geurig,mgeurig,question_multimodal.png,im_combination.png,,,,,,
,,,538741,1,21,2023-09-29_12h32.28.399,flesh_expressibility_dutch,2022.2.4,Win32,60.70908208,,,,18.0,1.0,Nederlands,,,,,,Engels,2.0,Duits,1.0,,0.0,,0.0,,0.0,,0.0,,0.0,,0.0,NL,3.0,2.0,2.0,1.0,,sensorypref1,sensorypref2,1280.0,720.0,,,,,,,,,,,,,,,,,,,,,,,,,,,,,,,,,,,22.0,667.0251,22.0,"[5.7980999999045935,1.8645999999046694,3.9487000000476655,8.612600000143004,6.114499999999964,0.8995999999046376,1.098900000095398,6.414500000000032,6.898099999904673,6.430899999856933,0.9487000000477224,1.132799999952283,1.066000000000031,0.83299999999997,1.833200000047782,0.9997000000475964,2.3490000000000464,4.748900000095318,1.1489000000954093,30.42379999995228,1.0994000000953292,0.8333999998569652]","[5.7980999999045935,1.8645999999046694,3.9487000000476655,8.612600000143004,6.114499999999964,0.8997000000476874,1.098900000095398,6.414500000000032,6.898099999904673,6.430999999999983,0.9487000000477224,1.1329999999999814,1.0661000001430239,0.83299999999997,1.833200000047782,0.9997999999523017,2.3491000001430393,4.749000000000024,1.1489000000954093,30.423900000095387,1.0994000000953292,0.8333999998569652]",,,0.0,3.0,3.0,121.0,1.0,voet,mvoet,question_multimodal.png,im_combination.png,,,,,,
,,,538741,1,21,2023-09-29_12h32.28.399,flesh_expressibility_dutch,2022.2.4,Win32,60.70908208,,,,18.0,1.0,Nederlands,,,,,,Engels,2.0,Duits,1.0,,0.0,,0.0,,0.0,,0.0,,0.0,,0.0,NL,3.0,2.0,2.0,1.0,,sensorypref1,sensorypref2,1280.0,720.0,,,,,,,,,,,,,,,,,,,,,,,,,,,,,,,,,,,21.0,668.0297,23.0,"[5.7980999999045935,1.8645999999046694,3.9487000000476655,8.612600000143004,6.114499999999964,0.8995999999046376,1.098900000095398,6.414500000000032,6.898099999904673,6.430899999856933,0.9487000000477224,1.132799999952283,1.066000000000031,0.83299999999997,1.833200000047782,0.9997000000475964,2.3490000000000464,4.748900000095318,1.1489000000954093,30.42379999995228,1.0994000000953292,0.8333999998569652,0.7998999998569616]","[5.7980999999045935,1.8645999999046694,3.9487000000476655,8.612600000143004,6.114499999999964,0.8997000000476874,1.098900000095398,6.414500000000032,6.898099999904673,6.430999999999983,0.9487000000477224,1.1329999999999814,1.0661000001430239,0.83299999999997,1.833200000047782,0.9997999999523017,2.3491000001430393,4.749000000000024,1.1489000000954093,30.423900000095387,1.0994000000953292,0.8333999998569652,0.7998999998569616]",0.866666667,6.1786,0.0,4.0,4.0,4.0,1.0,fluisteren,mfluisteren,question_multimodal.png,im_combination.png,,,,,,
,,,538741,1,21,2023-09-29_12h32.28.399,flesh_expressibility_dutch,2022.2.4,Win32,60.70908208,,,,18.0,1.0,Nederlands,,,,,,Engels,2.0,Duits,1.0,,0.0,,0.0,,0.0,,0.0,,0.0,,0.0,NL,3.0,2.0,2.0,1.0,,sensorypref1,sensorypref2,1280.0,720.0,,,,,,,,,,,,,,,,,,,,,,,,,,,,,,,,,,,22.0,674.8209,23.0,"[5.7980999999045935,1.8645999999046694,3.9487000000476655,8.612600000143004,6.114499999999964,0.8995999999046376,1.098900000095398,6.414500000000032,6.898099999904673,6.430899999856933,0.9487000000477224,1.132799999952283,1.066000000000031,0.83299999999997,1.833200000047782,0.9997000000475964,2.3490000000000464,4.748900000095318,1.1489000000954093,30.42379999995228,1.0994000000953292,0.8333999998569652,0.7998999998569616]","[5.7980999999045935,1.8645999999046694,3.9487000000476655,8.612600000143004,6.114499999999964,0.8997000000476874,1.098900000095398,6.414500000000032,6.898099999904673,6.430999999999983,0.9487000000477224,1.1329999999999814,1.0661000001430239,0.83299999999997,1.833200000047782,0.9997999999523017,2.3491000001430393,4.749000000000024,1.1489000000954093,30.423900000095387,1.0994000000953292,0.8333999998569652,0.7998999998569616]",,,0.0,5.0,5.0,86.0,1.0,badderen,mbadderen,question_multimodal.png,im_combination.png,,,,,,
,,,538741,1,21,2023-09-29_12h32.28.399,flesh_expressibility_dutch,2022.2.4,Win32,60.70908208,,,,18.0,1.0,Nederlands,,,,,,Engels,2.0,Duits,1.0,,0.0,,0.0,,0.0,,0.0,,0.0,,0.0,NL,3.0,2.0,2.0,1.0,,sensorypref1,sensorypref2,1280.0,720.0,,,,,,,,,,,,,,,,,,,,,,,,,,,,,,,,,,,21.0,675.8406,24.0,"[5.7980999999045935,1.8645999999046694,3.9487000000476655,8.612600000143004,6.114499999999964,0.8995999999046376,1.098900000095398,6.414500000000032,6.898099999904673,6.430899999856933,0.9487000000477224,1.132799999952283,1.066000000000031,0.83299999999997,1.833200000047782,0.9997000000475964,2.3490000000000464,4.748900000095318,1.1489000000954093,30.42379999995228,1.0994000000953292,0.8333999998569652,0.7998999998569616,3.697899999856986]","[5.7980999999045935,1.8645999999046694,3.9487000000476655,8.612600000143004,6.114499999999964,0.8997000000476874,1.098900000095398,6.414500000000032,6.898099999904673,6.430999999999983,0.9487000000477224,1.1329999999999814,1.0661000001430239,0.83299999999997,1.833200000047782,0.9997999999523017,2.3491000001430393,4.749000000000024,1.1489000000954093,30.423900000095387,1.0994000000953292,0.8333999998569652,0.7998999998569616,3.697999999999979]",-0.8,5.3532,0.0,6.0,6.0,97.0,1.0,doen,mdoen,question_multimodal.png,im_combination.png,,,,,,
,,,538741,1,21,2023-09-29_12h32.28.399,flesh_expressibility_dutch,2022.2.4,Win32,60.70908208,,,,18.0,1.0,Nederlands,,,,,,Engels,2.0,Duits,1.0,,0.0,,0.0,,0.0,,0.0,,0.0,,0.0,NL,3.0,2.0,2.0,1.0,,sensorypref1,sensorypref2,1280.0,720.0,,,,,,,,,,,,,,,,,,,,,,,,,,,,,,,,,,,20.0,684.7132,25.0,"[5.7980999999045935,1.8645999999046694,3.9487000000476655,8.612600000143004,6.114499999999964,0.8995999999046376,1.098900000095398,6.414500000000032,6.898099999904673,6.430899999856933,0.9487000000477224,1.132799999952283,1.066000000000031,0.83299999999997,1.833200000047782,0.9997000000475964,2.3490000000000464,4.748900000095318,1.1489000000954093,30.42379999995228,1.0994000000953292,0.8333999998569652,0.7998999998569616,3.697899999856986,0.8659000000953938]","[5.7980999999045935,1.8645999999046694,3.9487000000476655,8.612600000143004,6.114499999999964,0.8997000000476874,1.098900000095398,6.414500000000032,6.898099999904673,6.430999999999983,0.9487000000477224,1.1329999999999814,1.0661000001430239,0.83299999999997,1.833200000047782,0.9997999999523017,2.3491000001430393,4.749000000000024,1.1489000000954093,30.423900000095387,1.0994000000953292,0.8333999998569652,0.7998999998569616,3.697999999999979,0.8659999999999854]",0.894444444,3.0299,0.0,7.0,7.0,148.0,1.0,bijten,mbijten,question_multimodal.png,im_combination.png,,,,,,
,,,538741,1,21,2023-09-29_12h32.28.399,flesh_expressibility_dutch,2022.2.4,Win32,60.70908208,,,,18.0,1.0,Nederlands,,,,,,Engels,2.0,Duits,1.0,,0.0,,0.0,,0.0,,0.0,,0.0,,0.0,NL,3.0,2.0,2.0,1.0,,sensorypref1,sensorypref2,1280.0,720.0,,,,,,,,,,,,,,,,,,,,,,,,,,,,,,,,,,,22.0,688.6212,25.0,"[5.7980999999045935,1.8645999999046694,3.9487000000476655,8.612600000143004,6.114499999999964,0.8995999999046376,1.098900000095398,6.414500000000032,6.898099999904673,6.430899999856933,0.9487000000477224,1.132799999952283,1.066000000000031,0.83299999999997,1.833200000047782,0.9997000000475964,2.3490000000000464,4.748900000095318,1.1489000000954093,30.42379999995228,1.0994000000953292,0.8333999998569652,0.7998999998569616,3.697899999856986,0.8659000000953938]","[5.7980999999045935,1.8645999999046694,3.9487000000476655,8.612600000143004,6.114499999999964,0.8997000000476874,1.098900000095398,6.414500000000032,6.898099999904673,6.430999999999983,0.9487000000477224,1.1329999999999814,1.0661000001430239,0.83299999999997,1.833200000047782,0.9997999999523017,2.3491000001430393,4.749000000000024,1.1489000000954093,30.423900000095387,1.0994000000953292,0.8333999998569652,0.7998999998569616,3.697999999999979,0.8659999999999854]",,,0.0,8.0,8.0,3.0,1.0,stil,mstil,question_multimodal.png,im_combination.png,,,,,,
,,,538741,1,21,2023-09-29_12h32.28.399,flesh_expressibility_dutch,2022.2.4,Win32,60.70908208,,,,18.0,1.0,Nederlands,,,,,,Engels,2.0,Duits,1.0,,0.0,,0.0,,0.0,,0.0,,0.0,,0.0,NL,3.0,2.0,2.0,1.0,,sensorypref1,sensorypref2,1280.0,720.0,,,,,,,,,,,,,,,,,,,,,,,,,,,,,,,,,,,22.0,689.7284,25.0,"[5.7980999999045935,1.8645999999046694,3.9487000000476655,8.612600000143004,6.114499999999964,0.8995999999046376,1.098900000095398,6.414500000000032,6.898099999904673,6.430899999856933,0.9487000000477224,1.132799999952283,1.066000000000031,0.83299999999997,1.833200000047782,0.9997000000475964,2.3490000000000464,4.748900000095318,1.1489000000954093,30.42379999995228,1.0994000000953292,0.8333999998569652,0.7998999998569616,3.697899999856986,0.8659000000953938]","[5.7980999999045935,1.8645999999046694,3.9487000000476655,8.612600000143004,6.114499999999964,0.8997000000476874,1.098900000095398,6.414500000000032,6.898099999904673,6.430999999999983,0.9487000000477224,1.1329999999999814,1.0661000001430239,0.83299999999997,1.833200000047782,0.9997999999523017,2.3491000001430393,4.749000000000024,1.1489000000954093,30.423900000095387,1.0994000000953292,0.8333999998569652,0.7998999998569616,3.697999999999979,0.8659999999999854]",,,0.0,9.0,9.0,65.0,1.0,jeuk,mjeuk,question_multimodal.png,im_combination.png,,,,,,
,,,538741,1,21,2023-09-29_12h32.28.399,flesh_expressibility_dutch,2022.2.4,Win32,60.70908208,,,,18.0,1.0,Nederlands,,,,,,Engels,2.0,Duits,1.0,,0.0,,0.0,,0.0,,0.0,,0.0,,0.0,NL,3.0,2.0,2.0,1.0,,sensorypref1,sensorypref2,1280.0,720.0,,,,,,,,,,,,,,,,,,,,,,,,,,,,,,,,,,,22.0,690.616,25.0,"[5.7980999999045935,1.8645999999046694,3.9487000000476655,8.612600000143004,6.114499999999964,0.8995999999046376,1.098900000095398,6.414500000000032,6.898099999904673,6.430899999856933,0.9487000000477224,1.132799999952283,1.066000000000031,0.83299999999997,1.833200000047782,0.9997000000475964,2.3490000000000464,4.748900000095318,1.1489000000954093,30.42379999995228,1.0994000000953292,0.8333999998569652,0.7998999998569616,3.697899999856986,0.8659000000953938]","[5.7980999999045935,1.8645999999046694,3.9487000000476655,8.612600000143004,6.114499999999964,0.8997000000476874,1.098900000095398,6.414500000000032,6.898099999904673,6.430999999999983,0.9487000000477224,1.1329999999999814,1.0661000001430239,0.83299999999997,1.833200000047782,0.9997999999523017,2.3491000001430393,4.749000000000024,1.1489000000954093,30.423900000095387,1.0994000000953292,0.8333999998569652,0.7998999998569616,3.697999999999979,0.8659999999999854]",,,0.0,10.0,10.0,37.0,1.0,walgen,mwalgen,question_multimodal.png,im_combination.png,,,,,,
,,,538741,1,21,2023-09-29_12h32.28.399,flesh_expressibility_dutch,2022.2.4,Win32,60.70908208,,,,18.0,1.0,Nederlands,,,,,,Engels,2.0,Duits,1.0,,0.0,,0.0,,0.0,,0.0,,0.0,,0.0,NL,3.0,2.0,2.0,1.0,,sensorypref1,sensorypref2,1280.0,720.0,,,,,,,,,,,,,,,,,,,,,,,,,,,,,,,,,,,20.0,691.6381,26.0,"[5.7980999999045935,1.8645999999046694,3.9487000000476655,8.612600000143004,6.114499999999964,0.8995999999046376,1.098900000095398,6.414500000000032,6.898099999904673,6.430899999856933,0.9487000000477224,1.132799999952283,1.066000000000031,0.83299999999997,1.833200000047782,0.9997000000475964,2.3490000000000464,4.748900000095318,1.1489000000954093,30.42379999995228,1.0994000000953292,0.8333999998569652,0.7998999998569616,3.697899999856986,0.8659000000953938,4.21449999999993]","[5.7980999999045935,1.8645999999046694,3.9487000000476655,8.612600000143004,6.114499999999964,0.8997000000476874,1.098900000095398,6.414500000000032,6.898099999904673,6.430999999999983,0.9487000000477224,1.1329999999999814,1.0661000001430239,0.83299999999997,1.833200000047782,0.9997999999523017,2.3491000001430393,4.749000000000024,1.1489000000954093,30.423900000095387,1.0994000000953292,0.8333999998569652,0.7998999998569616,3.697999999999979,0.8659999999999854,4.21449999999993]",0.405555556,5.5651,0.0,11.0,11.0,69.0,1.0,glad,mglad,question_multimodal.png,im_combination.png,,,,,,
,,,538741,1,21,2023-09-29_12h32.28.399,flesh_expressibility_dutch,2022.2.4,Win32,60.70908208,,,,18.0,1.0,Nederlands,,,,,,Engels,2.0,Duits,1.0,,0.0,,0.0,,0.0,,0.0,,0.0,,0.0,NL,3.0,2.0,2.0,1.0,,sensorypref1,sensorypref2,1280.0,720.0,,,,,,,,,,,,,,,,,,,,,,,,,,,,,,,,,,,22.0,701.2754,26.0,"[5.7980999999045935,1.8645999999046694,3.9487000000476655,8.612600000143004,6.114499999999964,0.8995999999046376,1.098900000095398,6.414500000000032,6.898099999904673,6.430899999856933,0.9487000000477224,1.132799999952283,1.066000000000031,0.83299999999997,1.833200000047782,0.9997000000475964,2.3490000000000464,4.748900000095318,1.1489000000954093,30.42379999995228,1.0994000000953292,0.8333999998569652,0.7998999998569616,3.697899999856986,0.8659000000953938,4.21449999999993]","[5.7980999999045935,1.8645999999046694,3.9487000000476655,8.612600000143004,6.114499999999964,0.8997000000476874,1.098900000095398,6.414500000000032,6.898099999904673,6.430999999999983,0.9487000000477224,1.1329999999999814,1.0661000001430239,0.83299999999997,1.833200000047782,0.9997999999523017,2.3491000001430393,4.749000000000024,1.1489000000954093,30.423900000095387,1.0994000000953292,0.8333999998569652,0.7998999998569616,3.697999999999979,0.8659999999999854,4.21449999999993]",,,0.0,12.0,12.0,47.0,1.0,kruipen,mkruipen,question_multimodal.png,im_combination.png,,,,,,
,,,538741,1,21,2023-09-29_12h32.28.399,flesh_expressibility_dutch,2022.2.4,Win32,60.70908208,,,,18.0,1.0,Nederlands,,,,,,Engels,2.0,Duits,1.0,,0.0,,0.0,,0.0,,0.0,,0.0,,0.0,NL,3.0,2.0,2.0,1.0,,sensorypref1,sensorypref2,1280.0,720.0,,,,,,,,,,,,,,,,,,,,,,,,,,,,,,,,,,,22.0,702.33,26.0,"[5.7980999999045935,1.8645999999046694,3.9487000000476655,8.612600000143004,6.114499999999964,0.8995999999046376,1.098900000095398,6.414500000000032,6.898099999904673,6.430899999856933,0.9487000000477224,1.132799999952283,1.066000000000031,0.83299999999997,1.833200000047782,0.9997000000475964,2.3490000000000464,4.748900000095318,1.1489000000954093,30.42379999995228,1.0994000000953292,0.8333999998569652,0.7998999998569616,3.697899999856986,0.8659000000953938,4.21449999999993]","[5.7980999999045935,1.8645999999046694,3.9487000000476655,8.612600000143004,6.114499999999964,0.8997000000476874,1.098900000095398,6.414500000000032,6.898099999904673,6.430999999999983,0.9487000000477224,1.1329999999999814,1.0661000001430239,0.83299999999997,1.833200000047782,0.9997999999523017,2.3491000001430393,4.749000000000024,1.1489000000954093,30.423900000095387,1.0994000000953292,0.8333999998569652,0.7998999998569616,3.697999999999979,0.8659999999999854,4.21449999999993]",,,0.0,13.0,13.0,112.0,1.0,bloed,mbloed,question_multimodal.png,im_combination.png,,,,,,
,,,538741,1,21,2023-09-29_12h32.28.399,flesh_expressibility_dutch,2022.2.4,Win32,60.70908208,,,,18.0,1.0,Nederlands,,,,,,Engels,2.0,Duits,1.0,,0.0,,0.0,,0.0,,0.0,,0.0,,0.0,NL,3.0,2.0,2.0,1.0,,sensorypref1,sensorypref2,1280.0,720.0,,,,,,,,,,,,,,,,,,,,,,,,,,,,,,,,,,,22.0,703.3132,26.0,"[5.7980999999045935,1.8645999999046694,3.9487000000476655,8.612600000143004,6.114499999999964,0.8995999999046376,1.098900000095398,6.414500000000032,6.898099999904673,6.430899999856933,0.9487000000477224,1.132799999952283,1.066000000000031,0.83299999999997,1.833200000047782,0.9997000000475964,2.3490000000000464,4.748900000095318,1.1489000000954093,30.42379999995228,1.0994000000953292,0.8333999998569652,0.7998999998569616,3.697899999856986,0.8659000000953938,4.21449999999993]","[5.7980999999045935,1.8645999999046694,3.9487000000476655,8.612600000143004,6.114499999999964,0.8997000000476874,1.098900000095398,6.414500000000032,6.898099999904673,6.430999999999983,0.9487000000477224,1.1329999999999814,1.0661000001430239,0.83299999999997,1.833200000047782,0.9997999999523017,2.3491000001430393,4.749000000000024,1.1489000000954093,30.423900000095387,1.0994000000953292,0.8333999998569652,0.7998999998569616,3.697999999999979,0.8659999999999854,4.21449999999993]",,,0.0,14.0,14.0,58.0,1.0,wanneer,mwanneer,question_multimodal.png,im_combination.png,,,,,,
,,,538741,1,21,2023-09-29_12h32.28.399,flesh_expressibility_dutch,2022.2.4,Win32,60.70908208,,,,18.0,1.0,Nederlands,,,,,,Engels,2.0,Duits,1.0,,0.0,,0.0,,0.0,,0.0,,0.0,,0.0,NL,3.0,2.0,2.0,1.0,,sensorypref1,sensorypref2,1280.0,720.0,,,,,,,,,,,,,,,,,,,,,,,,,,,,,,,,,,,22.0,704.3182,26.0,"[5.7980999999045935,1.8645999999046694,3.9487000000476655,8.612600000143004,6.114499999999964,0.8995999999046376,1.098900000095398,6.414500000000032,6.898099999904673,6.430899999856933,0.9487000000477224,1.132799999952283,1.066000000000031,0.83299999999997,1.833200000047782,0.9997000000475964,2.3490000000000464,4.748900000095318,1.1489000000954093,30.42379999995228,1.0994000000953292,0.8333999998569652,0.7998999998569616,3.697899999856986,0.8659000000953938,4.21449999999993]","[5.7980999999045935,1.8645999999046694,3.9487000000476655,8.612600000143004,6.114499999999964,0.8997000000476874,1.098900000095398,6.414500000000032,6.898099999904673,6.430999999999983,0.9487000000477224,1.1329999999999814,1.0661000001430239,0.83299999999997,1.833200000047782,0.9997999999523017,2.3491000001430393,4.749000000000024,1.1489000000954093,30.423900000095387,1.0994000000953292,0.8333999998569652,0.7998999998569616,3.697999999999979,0.8659999999999854,4.21449999999993]",,,0.0,15.0,15.0,155.0,1.0,zuigen,mzuigen,question_multimodal.png,im_combination.png,,,,,,
,,,538741,1,21,2023-09-29_12h32.28.399,flesh_expressibility_dutch,2022.2.4,Win32,60.70908208,,,,18.0,1.0,Nederlands,,,,,,Engels,2.0,Duits,1.0,,0.0,,0.0,,0.0,,0.0,,0.0,,0.0,NL,3.0,2.0,2.0,1.0,,sensorypref1,sensorypref2,1280.0,720.0,,,,,,,,,,,,,,,,,,,,,,,,,,,,,,,,,,,22.0,705.3577,26.0,"[5.7980999999045935,1.8645999999046694,3.9487000000476655,8.612600000143004,6.114499999999964,0.8995999999046376,1.098900000095398,6.414500000000032,6.898099999904673,6.430899999856933,0.9487000000477224,1.132799999952283,1.066000000000031,0.83299999999997,1.833200000047782,0.9997000000475964,2.3490000000000464,4.748900000095318,1.1489000000954093,30.42379999995228,1.0994000000953292,0.8333999998569652,0.7998999998569616,3.697899999856986,0.8659000000953938,4.21449999999993]","[5.7980999999045935,1.8645999999046694,3.9487000000476655,8.612600000143004,6.114499999999964,0.8997000000476874,1.098900000095398,6.414500000000032,6.898099999904673,6.430999999999983,0.9487000000477224,1.1329999999999814,1.0661000001430239,0.83299999999997,1.833200000047782,0.9997999999523017,2.3491000001430393,4.749000000000024,1.1489000000954093,30.423900000095387,1.0994000000953292,0.8333999998569652,0.7998999998569616,3.697999999999979,0.8659999999999854,4.21449999999993]",,,0.0,16.0,16.0,34.0,1.0,vergeten,mvergeten,question_multimodal.png,im_combination.png,,,,,,
,,,538741,1,21,2023-09-29_12h32.28.399,flesh_expressibility_dutch,2022.2.4,Win32,60.70908208,,,,18.0,1.0,Nederlands,,,,,,Engels,2.0,Duits,1.0,,0.0,,0.0,,0.0,,0.0,,0.0,,0.0,NL,3.0,2.0,2.0,1.0,,sensorypref1,sensorypref2,1280.0,720.0,,,,,,,,,,,,,,,,,,,,,,,,,,,,,,,,,,,22.0,706.3556,26.0,"[5.7980999999045935,1.8645999999046694,3.9487000000476655,8.612600000143004,6.114499999999964,0.8995999999046376,1.098900000095398,6.414500000000032,6.898099999904673,6.430899999856933,0.9487000000477224,1.132799999952283,1.066000000000031,0.83299999999997,1.833200000047782,0.9997000000475964,2.3490000000000464,4.748900000095318,1.1489000000954093,30.42379999995228,1.0994000000953292,0.8333999998569652,0.7998999998569616,3.697899999856986,0.8659000000953938,4.21449999999993]","[5.7980999999045935,1.8645999999046694,3.9487000000476655,8.612600000143004,6.114499999999964,0.8997000000476874,1.098900000095398,6.414500000000032,6.898099999904673,6.430999999999983,0.9487000000477224,1.1329999999999814,1.0661000001430239,0.83299999999997,1.833200000047782,0.9997999999523017,2.3491000001430393,4.749000000000024,1.1489000000954093,30.423900000095387,1.0994000000953292,0.8333999998569652,0.7998999998569616,3.697999999999979,0.8659999999999854,4.21449999999993]",,,0.0,17.0,17.0,131.0,1.0,zand,mzand,question_multimodal.png,im_combination.png,,,,,,
,,,538741,1,21,2023-09-29_12h32.28.399,flesh_expressibility_dutch,2022.2.4,Win32,60.70908208,,,,18.0,1.0,Nederlands,,,,,,Engels,2.0,Duits,1.0,,0.0,,0.0,,0.0,,0.0,,0.0,,0.0,NL,3.0,2.0,2.0,1.0,,sensorypref1,sensorypref2,1280.0,720.0,,,,,,,,,,,,,,,,,,,,,,,,,,,,,,,,,,,20.0,707.4212,27.0,"[5.7980999999045935,1.8645999999046694,3.9487000000476655,8.612600000143004,6.114499999999964,0.8995999999046376,1.098900000095398,6.414500000000032,6.898099999904673,6.430899999856933,0.9487000000477224,1.132799999952283,1.066000000000031,0.83299999999997,1.833200000047782,0.9997000000475964,2.3490000000000464,4.748900000095318,1.1489000000954093,30.42379999995228,1.0994000000953292,0.8333999998569652,0.7998999998569616,3.697899999856986,0.8659000000953938,4.21449999999993,1.616299999952389]","[5.7980999999045935,1.8645999999046694,3.9487000000476655,8.612600000143004,6.114499999999964,0.8997000000476874,1.098900000095398,6.414500000000032,6.898099999904673,6.430999999999983,0.9487000000477224,1.1329999999999814,1.0661000001430239,0.83299999999997,1.833200000047782,0.9997999999523017,2.3491000001430393,4.749000000000024,1.1489000000954093,30.423900000095387,1.0994000000953292,0.8333999998569652,0.7998999998569616,3.697999999999979,0.8659999999999854,4.21449999999993,1.6163999998569807]",0.001851908,5.3056,0.0,18.0,18.0,159.0,1.0,wat,mwat,question_multimodal.png,im_combination.png,,,,,,
,,,538741,1,21,2023-09-29_12h32.28.399,flesh_expressibility_dutch,2022.2.4,Win32,60.70908208,,,,18.0,1.0,Nederlands,,,,,,Engels,2.0,Duits,1.0,,0.0,,0.0,,0.0,,0.0,,0.0,,0.0,NL,3.0,2.0,2.0,1.0,,sensorypref1,sensorypref2,1280.0,720.0,,,,,,,,,,,,,,,,,,,,,,,,,,,,,,,,,,,22.0,714.1146,27.0,"[5.7980999999045935,1.8645999999046694,3.9487000000476655,8.612600000143004,6.114499999999964,0.8995999999046376,1.098900000095398,6.414500000000032,6.898099999904673,6.430899999856933,0.9487000000477224,1.132799999952283,1.066000000000031,0.83299999999997,1.833200000047782,0.9997000000475964,2.3490000000000464,4.748900000095318,1.1489000000954093,30.42379999995228,1.0994000000953292,0.8333999998569652,0.7998999998569616,3.697899999856986,0.8659000000953938,4.21449999999993,1.616299999952389]","[5.7980999999045935,1.8645999999046694,3.9487000000476655,8.612600000143004,6.114499999999964,0.8997000000476874,1.098900000095398,6.414500000000032,6.898099999904673,6.430999999999983,0.9487000000477224,1.1329999999999814,1.0661000001430239,0.83299999999997,1.833200000047782,0.9997999999523017,2.3491000001430393,4.749000000000024,1.1489000000954093,30.423900000095387,1.0994000000953292,0.8333999998569652,0.7998999998569616,3.697999999999979,0.8659999999999854,4.21449999999993,1.6163999998569807]",,,0.0,19.0,19.0,187.0,1.0,dit,mdit,question_multimodal.png,im_combination.png,,,,,,
,,,538741,1,21,2023-09-29_12h32.28.399,flesh_expressibility_dutch,2022.2.4,Win32,60.70908208,,,,18.0,1.0,Nederlands,,,,,,Engels,2.0,Duits,1.0,,0.0,,0.0,,0.0,,0.0,,0.0,,0.0,NL,3.0,2.0,2.0,1.0,,sensorypref1,sensorypref2,1280.0,720.0,,,,,,,,,,,,,,,,,,,,,,,,,,,,,,,,,,,22.0,715.0777,27.0,"[5.7980999999045935,1.8645999999046694,3.9487000000476655,8.612600000143004,6.114499999999964,0.8995999999046376,1.098900000095398,6.414500000000032,6.898099999904673,6.430899999856933,0.9487000000477224,1.132799999952283,1.066000000000031,0.83299999999997,1.833200000047782,0.9997000000475964,2.3490000000000464,4.748900000095318,1.1489000000954093,30.42379999995228,1.0994000000953292,0.8333999998569652,0.7998999998569616,3.697899999856986,0.8659000000953938,4.21449999999993,1.616299999952389]","[5.7980999999045935,1.8645999999046694,3.9487000000476655,8.612600000143004,6.114499999999964,0.8997000000476874,1.098900000095398,6.414500000000032,6.898099999904673,6.430999999999983,0.9487000000477224,1.1329999999999814,1.0661000001430239,0.83299999999997,1.833200000047782,0.9997999999523017,2.3491000001430393,4.749000000000024,1.1489000000954093,30.423900000095387,1.0994000000953292,0.8333999998569652,0.7998999998569616,3.697999999999979,0.8659999999999854,4.21449999999993,1.6163999998569807]",,,0.0,20.0,20.0,167.0,1.0,rood,mrood,question_multimodal.png,im_combination.png,,,,,,
,,,538741,1,21,2023-09-29_12h32.28.399,flesh_expressibility_dutch,2022.2.4,Win32,60.70908208,,,,18.0,1.0,Nederlands,,,,,,Engels,2.0,Duits,1.0,,0.0,,0.0,,0.0,,0.0,,0.0,,0.0,NL,3.0,2.0,2.0,1.0,,sensorypref1,sensorypref2,1280.0,720.0,,,,,,,,,,,,,,,,,,,,,,,,,,,,,,,,,,,22.0,716.1224,27.0,"[5.7980999999045935,1.8645999999046694,3.9487000000476655,8.612600000143004,6.114499999999964,0.8995999999046376,1.098900000095398,6.414500000000032,6.898099999904673,6.430899999856933,0.9487000000477224,1.132799999952283,1.066000000000031,0.83299999999997,1.833200000047782,0.9997000000475964,2.3490000000000464,4.748900000095318,1.1489000000954093,30.42379999995228,1.0994000000953292,0.8333999998569652,0.7998999998569616,3.697899999856986,0.8659000000953938,4.21449999999993,1.616299999952389]","[5.7980999999045935,1.8645999999046694,3.9487000000476655,8.612600000143004,6.114499999999964,0.8997000000476874,1.098900000095398,6.414500000000032,6.898099999904673,6.430999999999983,0.9487000000477224,1.1329999999999814,1.0661000001430239,0.83299999999997,1.833200000047782,0.9997999999523017,2.3491000001430393,4.749000000000024,1.1489000000954093,30.423900000095387,1.0994000000953292,0.8333999998569652,0.7998999998569616,3.697999999999979,0.8659999999999854,4.21449999999993,1.6163999998569807]",,,0.0,21.0,21.0,62.0,1.0,piepen,mpiepen,question_multimodal.png,im_combination.png,,,,,,
,,,538741,1,21,2023-09-29_12h32.28.399,flesh_expressibility_dutch,2022.2.4,Win32,60.70908208,,,,18.0,1.0,Nederlands,,,,,,Engels,2.0,Duits,1.0,,0.0,,0.0,,0.0,,0.0,,0.0,,0.0,NL,3.0,2.0,2.0,1.0,,sensorypref1,sensorypref2,1280.0,720.0,,,,,,,,,,,,,,,,,,,,,,,,,,,,,,,,,,,22.0,717.1677,27.0,"[5.7980999999045935,1.8645999999046694,3.9487000000476655,8.612600000143004,6.114499999999964,0.8995999999046376,1.098900000095398,6.414500000000032,6.898099999904673,6.430899999856933,0.9487000000477224,1.132799999952283,1.066000000000031,0.83299999999997,1.833200000047782,0.9997000000475964,2.3490000000000464,4.748900000095318,1.1489000000954093,30.42379999995228,1.0994000000953292,0.8333999998569652,0.7998999998569616,3.697899999856986,0.8659000000953938,4.21449999999993,1.616299999952389]","[5.7980999999045935,1.8645999999046694,3.9487000000476655,8.612600000143004,6.114499999999964,0.8997000000476874,1.098900000095398,6.414500000000032,6.898099999904673,6.430999999999983,0.9487000000477224,1.1329999999999814,1.0661000001430239,0.83299999999997,1.833200000047782,0.9997999999523017,2.3491000001430393,4.749000000000024,1.1489000000954093,30.423900000095387,1.0994000000953292,0.8333999998569652,0.7998999998569616,3.697999999999979,0.8659999999999854,4.21449999999993,1.6163999998569807]",,,0.0,22.0,22.0,190.0,1.0,ei,mei,question_multimodal.png,im_combination.png,,,,,,
,,,538741,1,21,2023-09-29_12h32.28.399,flesh_expressibility_dutch,2022.2.4,Win32,60.70908208,,,,18.0,1.0,Nederlands,,,,,,Engels,2.0,Duits,1.0,,0.0,,0.0,,0.0,,0.0,,0.0,,0.0,NL,3.0,2.0,2.0,1.0,,sensorypref1,sensorypref2,1280.0,720.0,,,,,,,,,,,,,,,,,,,,,,,,,,,,,,,,,,,22.0,718.188,27.0,"[5.7980999999045935,1.8645999999046694,3.9487000000476655,8.612600000143004,6.114499999999964,0.8995999999046376,1.098900000095398,6.414500000000032,6.898099999904673,6.430899999856933,0.9487000000477224,1.132799999952283,1.066000000000031,0.83299999999997,1.833200000047782,0.9997000000475964,2.3490000000000464,4.748900000095318,1.1489000000954093,30.42379999995228,1.0994000000953292,0.8333999998569652,0.7998999998569616,3.697899999856986,0.8659000000953938,4.21449999999993,1.616299999952389]","[5.7980999999045935,1.8645999999046694,3.9487000000476655,8.612600000143004,6.114499999999964,0.8997000000476874,1.098900000095398,6.414500000000032,6.898099999904673,6.430999999999983,0.9487000000477224,1.1329999999999814,1.0661000001430239,0.83299999999997,1.833200000047782,0.9997999999523017,2.3491000001430393,4.749000000000024,1.1489000000954093,30.423900000095387,1.0994000000953292,0.8333999998569652,0.7998999998569616,3.697999999999979,0.8659999999999854,4.21449999999993,1.6163999998569807]",,,0.0,23.0,23.0,25.0,1.0,dood,mdood,question_multimodal.png,im_combination.png,,,,,,
,,,538741,1,21,2023-09-29_12h32.28.399,flesh_expressibility_dutch,2022.2.4,Win32,60.70908208,,,,18.0,1.0,Nederlands,,,,,,Engels,2.0,Duits,1.0,,0.0,,0.0,,0.0,,0.0,,0.0,,0.0,NL,3.0,2.0,2.0,1.0,,sensorypref1,sensorypref2,1280.0,720.0,,,,,,,,,,,,,,,,,,,,,,,,,,,,,,,,,,,22.0,719.2035,27.0,"[5.7980999999045935,1.8645999999046694,3.9487000000476655,8.612600000143004,6.114499999999964,0.8995999999046376,1.098900000095398,6.414500000000032,6.898099999904673,6.430899999856933,0.9487000000477224,1.132799999952283,1.066000000000031,0.83299999999997,1.833200000047782,0.9997000000475964,2.3490000000000464,4.748900000095318,1.1489000000954093,30.42379999995228,1.0994000000953292,0.8333999998569652,0.7998999998569616,3.697899999856986,0.8659000000953938,4.21449999999993,1.616299999952389]","[5.7980999999045935,1.8645999999046694,3.9487000000476655,8.612600000143004,6.114499999999964,0.8997000000476874,1.098900000095398,6.414500000000032,6.898099999904673,6.430999999999983,0.9487000000477224,1.1329999999999814,1.0661000001430239,0.83299999999997,1.833200000047782,0.9997999999523017,2.3491000001430393,4.749000000000024,1.1489000000954093,30.423900000095387,1.0994000000953292,0.8333999998569652,0.7998999998569616,3.697999999999979,0.8659999999999854,4.21449999999993,1.6163999998569807]",,,0.0,24.0,24.0,134.0,1.0,water,mwater,question_multimodal.png,im_combination.png,,,,,,
,,,538741,1,21,2023-09-29_12h32.28.399,flesh_expressibility_dutch,2022.2.4,Win32,60.70908208,,,,18.0,1.0,Nederlands,,,,,,Engels,2.0,Duits,1.0,,0.0,,0.0,,0.0,,0.0,,0.0,,0.0,NL,3.0,2.0,2.0,1.0,,sensorypref1,sensorypref2,1280.0,720.0,,,,,,,,,,,,,,,,,,,,,,,,,,,,,,,,,,,22.0,720.2291,27.0,"[5.7980999999045935,1.8645999999046694,3.9487000000476655,8.612600000143004,6.114499999999964,0.8995999999046376,1.098900000095398,6.414500000000032,6.898099999904673,6.430899999856933,0.9487000000477224,1.132799999952283,1.066000000000031,0.83299999999997,1.833200000047782,0.9997000000475964,2.3490000000000464,4.748900000095318,1.1489000000954093,30.42379999995228,1.0994000000953292,0.8333999998569652,0.7998999998569616,3.697899999856986,0.8659000000953938,4.21449999999993,1.616299999952389]","[5.7980999999045935,1.8645999999046694,3.9487000000476655,8.612600000143004,6.114499999999964,0.8997000000476874,1.098900000095398,6.414500000000032,6.898099999904673,6.430999999999983,0.9487000000477224,1.1329999999999814,1.0661000001430239,0.83299999999997,1.833200000047782,0.9997999999523017,2.3491000001430393,4.749000000000024,1.1489000000954093,30.423900000095387,1.0994000000953292,0.8333999998569652,0.7998999998569616,3.697999999999979,0.8659999999999854,4.21449999999993,1.6163999998569807]",,,0.0,25.0,25.0,122.0,1.0,lever,mlever,question_multimodal.png,im_combination.png,,,,,,
,,,538741,1,21,2023-09-29_12h32.28.399,flesh_expressibility_dutch,2022.2.4,Win32,60.70908208,,,,18.0,1.0,Nederlands,,,,,,Engels,2.0,Duits,1.0,,0.0,,0.0,,0.0,,0.0,,0.0,,0.0,NL,3.0,2.0,2.0,1.0,,sensorypref1,sensorypref2,1280.0,720.0,,,,,,,,,,,,,,,,,,,,,,,,,,,,,,,,,,,22.0,721.2498,27.0,"[5.7980999999045935,1.8645999999046694,3.9487000000476655,8.612600000143004,6.114499999999964,0.8995999999046376,1.098900000095398,6.414500000000032,6.898099999904673,6.430899999856933,0.9487000000477224,1.132799999952283,1.066000000000031,0.83299999999997,1.833200000047782,0.9997000000475964,2.3490000000000464,4.748900000095318,1.1489000000954093,30.42379999995228,1.0994000000953292,0.8333999998569652,0.7998999998569616,3.697899999856986,0.8659000000953938,4.21449999999993,1.616299999952389]","[5.7980999999045935,1.8645999999046694,3.9487000000476655,8.612600000143004,6.114499999999964,0.8997000000476874,1.098900000095398,6.414500000000032,6.898099999904673,6.430999999999983,0.9487000000477224,1.1329999999999814,1.0661000001430239,0.83299999999997,1.833200000047782,0.9997999999523017,2.3491000001430393,4.749000000000024,1.1489000000954093,30.423900000095387,1.0994000000953292,0.8333999998569652,0.7998999998569616,3.697999999999979,0.8659999999999854,4.21449999999993,1.6163999998569807]",,,0.0,26.0,26.0,151.0,1.0,drinken,mdrinken,question_multimodal.png,im_combination.png,,,,,,
,,,538741,1,21,2023-09-29_12h32.28.399,flesh_expressibility_dutch,2022.2.4,Win32,60.70908208,,,,18.0,1.0,Nederlands,,,,,,Engels,2.0,Duits,1.0,,0.0,,0.0,,0.0,,0.0,,0.0,,0.0,NL,3.0,2.0,2.0,1.0,,sensorypref1,sensorypref2,1280.0,720.0,,,,,,,,,,,,,,,,,,,,,,,,,,,,,,,,,,,22.0,722.2577,27.0,"[5.7980999999045935,1.8645999999046694,3.9487000000476655,8.612600000143004,6.114499999999964,0.8995999999046376,1.098900000095398,6.414500000000032,6.898099999904673,6.430899999856933,0.9487000000477224,1.132799999952283,1.066000000000031,0.83299999999997,1.833200000047782,0.9997000000475964,2.3490000000000464,4.748900000095318,1.1489000000954093,30.42379999995228,1.0994000000953292,0.8333999998569652,0.7998999998569616,3.697899999856986,0.8659000000953938,4.21449999999993,1.616299999952389]","[5.7980999999045935,1.8645999999046694,3.9487000000476655,8.612600000143004,6.114499999999964,0.8997000000476874,1.098900000095398,6.414500000000032,6.898099999904673,6.430999999999983,0.9487000000477224,1.1329999999999814,1.0661000001430239,0.83299999999997,1.833200000047782,0.9997999999523017,2.3491000001430393,4.749000000000024,1.1489000000954093,30.423900000095387,1.0994000000953292,0.8333999998569652,0.7998999998569616,3.697999999999979,0.8659999999999854,4.21449999999993,1.6163999998569807]",,,0.0,27.0,27.0,73.0,1.0,ruiken,mruiken,question_multimodal.png,im_combination.png,,,,,,
,,,538741,1,21,2023-09-29_12h32.28.399,flesh_expressibility_dutch,2022.2.4,Win32,60.70908208,,,,18.0,1.0,Nederlands,,,,,,Engels,2.0,Duits,1.0,,0.0,,0.0,,0.0,,0.0,,0.0,,0.0,NL,3.0,2.0,2.0,1.0,,sensorypref1,sensorypref2,1280.0,720.0,,,,,,,,,,,,,,,,,,,,,,,,,,,,,,,,,,,22.0,723.2555,27.0,"[5.7980999999045935,1.8645999999046694,3.9487000000476655,8.612600000143004,6.114499999999964,0.8995999999046376,1.098900000095398,6.414500000000032,6.898099999904673,6.430899999856933,0.9487000000477224,1.132799999952283,1.066000000000031,0.83299999999997,1.833200000047782,0.9997000000475964,2.3490000000000464,4.748900000095318,1.1489000000954093,30.42379999995228,1.0994000000953292,0.8333999998569652,0.7998999998569616,3.697899999856986,0.8659000000953938,4.21449999999993,1.616299999952389]","[5.7980999999045935,1.8645999999046694,3.9487000000476655,8.612600000143004,6.114499999999964,0.8997000000476874,1.098900000095398,6.414500000000032,6.898099999904673,6.430999999999983,0.9487000000477224,1.1329999999999814,1.0661000001430239,0.83299999999997,1.833200000047782,0.9997999999523017,2.3491000001430393,4.749000000000024,1.1489000000954093,30.423900000095387,1.0994000000953292,0.8333999998569652,0.7998999998569616,3.697999999999979,0.8659999999999854,4.21449999999993,1.6163999998569807]",,,0.0,28.0,28.0,96.0,1.0,verbranden,mverbranden,question_multimodal.png,im_combination.png,,,,,,
,,,538741,1,21,2023-09-29_12h32.28.399,flesh_expressibility_dutch,2022.2.4,Win32,60.70908208,,,,18.0,1.0,Nederlands,,,,,,Engels,2.0,Duits,1.0,,0.0,,0.0,,0.0,,0.0,,0.0,,0.0,NL,3.0,2.0,2.0,1.0,,sensorypref1,sensorypref2,1280.0,720.0,,,,,,,,,,,,,,,,,,,,,,,,,,,,,,,,,,,22.0,724.2988,27.0,"[5.7980999999045935,1.8645999999046694,3.9487000000476655,8.612600000143004,6.114499999999964,0.8995999999046376,1.098900000095398,6.414500000000032,6.898099999904673,6.430899999856933,0.9487000000477224,1.132799999952283,1.066000000000031,0.83299999999997,1.833200000047782,0.9997000000475964,2.3490000000000464,4.748900000095318,1.1489000000954093,30.42379999995228,1.0994000000953292,0.8333999998569652,0.7998999998569616,3.697899999856986,0.8659000000953938,4.21449999999993,1.616299999952389]","[5.7980999999045935,1.8645999999046694,3.9487000000476655,8.612600000143004,6.114499999999964,0.8997000000476874,1.098900000095398,6.414500000000032,6.898099999904673,6.430999999999983,0.9487000000477224,1.1329999999999814,1.0661000001430239,0.83299999999997,1.833200000047782,0.9997999999523017,2.3491000001430393,4.749000000000024,1.1489000000954093,30.423900000095387,1.0994000000953292,0.8333999998569652,0.7998999998569616,3.697999999999979,0.8659999999999854,4.21449999999993,1.6163999998569807]",,,0.0,29.0,29.0,156.0,1.0,blad,mblad,question_multimodal.png,im_combination.png,,,,,,
,,,538741,1,21,2023-09-29_12h32.28.399,flesh_expressibility_dutch,2022.2.4,Win32,60.70908208,,,,18.0,1.0,Nederlands,,,,,,Engels,2.0,Duits,1.0,,0.0,,0.0,,0.0,,0.0,,0.0,,0.0,NL,3.0,2.0,2.0,1.0,,sensorypref1,sensorypref2,1280.0,720.0,,,,,,,,,,,,,,,,,,,,,,,,,,,,,,,,,,,22.0,725.3173,27.0,"[5.7980999999045935,1.8645999999046694,3.9487000000476655,8.612600000143004,6.114499999999964,0.8995999999046376,1.098900000095398,6.414500000000032,6.898099999904673,6.430899999856933,0.9487000000477224,1.132799999952283,1.066000000000031,0.83299999999997,1.833200000047782,0.9997000000475964,2.3490000000000464,4.748900000095318,1.1489000000954093,30.42379999995228,1.0994000000953292,0.8333999998569652,0.7998999998569616,3.697899999856986,0.8659000000953938,4.21449999999993,1.616299999952389]","[5.7980999999045935,1.8645999999046694,3.9487000000476655,8.612600000143004,6.114499999999964,0.8997000000476874,1.098900000095398,6.414500000000032,6.898099999904673,6.430999999999983,0.9487000000477224,1.1329999999999814,1.0661000001430239,0.83299999999997,1.833200000047782,0.9997999999523017,2.3491000001430393,4.749000000000024,1.1489000000954093,30.423900000095387,1.0994000000953292,0.8333999998569652,0.7998999998569616,3.697999999999979,0.8659999999999854,4.21449999999993,1.6163999998569807]",,,0.0,30.0,30.0,79.0,1.0,veel,mveel,question_multimodal.png,im_combination.png,,,,,,
,,,538741,1,21,2023-09-29_12h32.28.399,flesh_expressibility_dutch,2022.2.4,Win32,60.70908208,,,,18.0,1.0,Nederlands,,,,,,Engels,2.0,Duits,1.0,,0.0,,0.0,,0.0,,0.0,,0.0,,0.0,NL,3.0,2.0,2.0,1.0,,sensorypref1,sensorypref2,1280.0,720.0,,,,,,,,,,,,,,,,,,,,,,,,,,,,,,,,,,,22.0,726.3452,27.0,"[5.7980999999045935,1.8645999999046694,3.9487000000476655,8.612600000143004,6.114499999999964,0.8995999999046376,1.098900000095398,6.414500000000032,6.898099999904673,6.430899999856933,0.9487000000477224,1.132799999952283,1.066000000000031,0.83299999999997,1.833200000047782,0.9997000000475964,2.3490000000000464,4.748900000095318,1.1489000000954093,30.42379999995228,1.0994000000953292,0.8333999998569652,0.7998999998569616,3.697899999856986,0.8659000000953938,4.21449999999993,1.616299999952389]","[5.7980999999045935,1.8645999999046694,3.9487000000476655,8.612600000143004,6.114499999999964,0.8997000000476874,1.098900000095398,6.414500000000032,6.898099999904673,6.430999999999983,0.9487000000477224,1.1329999999999814,1.0661000001430239,0.83299999999997,1.833200000047782,0.9997999999523017,2.3491000001430393,4.749000000000024,1.1489000000954093,30.423900000095387,1.0994000000953292,0.8333999998569652,0.7998999998569616,3.697999999999979,0.8659999999999854,4.21449999999993,1.6163999998569807]",,,0.0,31.0,31.0,18.0,1.0,toekomst,mtoekomst,question_multimodal.png,im_combination.png,,,,,,
,,,538741,1,21,2023-09-29_12h32.28.399,flesh_expressibility_dutch,2022.2.4,Win32,60.70908208,,,,18.0,1.0,Nederlands,,,,,,Engels,2.0,Duits,1.0,,0.0,,0.0,,0.0,,0.0,,0.0,,0.0,NL,3.0,2.0,2.0,1.0,,sensorypref1,sensorypref2,1280.0,720.0,,,,,,,,,,,,,,,,,,,,,,,,,,,,,,,,,,,22.0,727.3969,27.0,"[5.7980999999045935,1.8645999999046694,3.9487000000476655,8.612600000143004,6.114499999999964,0.8995999999046376,1.098900000095398,6.414500000000032,6.898099999904673,6.430899999856933,0.9487000000477224,1.132799999952283,1.066000000000031,0.83299999999997,1.833200000047782,0.9997000000475964,2.3490000000000464,4.748900000095318,1.1489000000954093,30.42379999995228,1.0994000000953292,0.8333999998569652,0.7998999998569616,3.697899999856986,0.8659000000953938,4.21449999999993,1.616299999952389]","[5.7980999999045935,1.8645999999046694,3.9487000000476655,8.612600000143004,6.114499999999964,0.8997000000476874,1.098900000095398,6.414500000000032,6.898099999904673,6.430999999999983,0.9487000000477224,1.1329999999999814,1.0661000001430239,0.83299999999997,1.833200000047782,0.9997999999523017,2.3491000001430393,4.749000000000024,1.1489000000954093,30.423900000095387,1.0994000000953292,0.8333999998569652,0.7998999998569616,3.697999999999979,0.8659999999999854,4.21449999999993,1.6163999998569807]",,,0.0,32.0,32.0,138.0,1.0,gaan,mgaan,question_multimodal.png,im_combination.png,,,,,,
,,,538741,1,21,2023-09-29_12h32.28.399,flesh_expressibility_dutch,2022.2.4,Win32,60.70908208,,,,18.0,1.0,Nederlands,,,,,,Engels,2.0,Duits,1.0,,0.0,,0.0,,0.0,,0.0,,0.0,,0.0,NL,3.0,2.0,2.0,1.0,,sensorypref1,sensorypref2,1280.0,720.0,,,,,,,,,,,,,,,,,,,,,,,,,,,,,,,,,,,22.0,728.3714,27.0,"[5.7980999999045935,1.8645999999046694,3.9487000000476655,8.612600000143004,6.114499999999964,0.8995999999046376,1.098900000095398,6.414500000000032,6.898099999904673,6.430899999856933,0.9487000000477224,1.132799999952283,1.066000000000031,0.83299999999997,1.833200000047782,0.9997000000475964,2.3490000000000464,4.748900000095318,1.1489000000954093,30.42379999995228,1.0994000000953292,0.8333999998569652,0.7998999998569616,3.697899999856986,0.8659000000953938,4.21449999999993,1.616299999952389]","[5.7980999999045935,1.8645999999046694,3.9487000000476655,8.612600000143004,6.114499999999964,0.8997000000476874,1.098900000095398,6.414500000000032,6.898099999904673,6.430999999999983,0.9487000000477224,1.1329999999999814,1.0661000001430239,0.83299999999997,1.833200000047782,0.9997999999523017,2.3491000001430393,4.749000000000024,1.1489000000954093,30.423900000095387,1.0994000000953292,0.8333999998569652,0.7998999998569616,3.697999999999979,0.8659999999999854,4.21449999999993,1.6163999998569807]",,,0.0,33.0,33.0,192.0,1.0,vlees,mvlees,question_multimodal.png,im_combination.png,,,,,,
,,,538741,1,21,2023-09-29_12h32.28.399,flesh_expressibility_dutch,2022.2.4,Win32,60.70908208,,,,18.0,1.0,Nederlands,,,,,,Engels,2.0,Duits,1.0,,0.0,,0.0,,0.0,,0.0,,0.0,,0.0,NL,3.0,2.0,2.0,1.0,,sensorypref1,sensorypref2,1280.0,720.0,,,,,,,,,,,,,,,,,,,,,,,,,,,,,,,,,,,18.0,729.3908,28.0,"[5.7980999999045935,1.8645999999046694,3.9487000000476655,8.612600000143004,6.114499999999964,0.8995999999046376,1.098900000095398,6.414500000000032,6.898099999904673,6.430899999856933,0.9487000000477224,1.132799999952283,1.066000000000031,0.83299999999997,1.833200000047782,0.9997000000475964,2.3490000000000464,4.748900000095318,1.1489000000954093,30.42379999995228,1.0994000000953292,0.8333999998569652,0.7998999998569616,3.697899999856986,0.8659000000953938,4.21449999999993,1.616299999952389,2.4658999998569016]","[5.7980999999045935,1.8645999999046694,3.9487000000476655,8.612600000143004,6.114499999999964,0.8997000000476874,1.098900000095398,6.414500000000032,6.898099999904673,6.430999999999983,0.9487000000477224,1.1329999999999814,1.0661000001430239,0.83299999999997,1.833200000047782,0.9997999999523017,2.3491000001430393,4.749000000000024,1.1489000000954093,30.423900000095387,1.0994000000953292,0.8333999998569652,0.7998999998569616,3.697999999999979,0.8659999999999854,4.21449999999993,1.6163999998569807,2.4658999998569016]",-0.892592536,7.2161,0.0,34.0,34.0,204.0,1.0,donker,mdonker,question_multimodal.png,im_combination.png,,,,,,
,,,538741,1,21,2023-09-29_12h32.28.399,flesh_expressibility_dutch,2022.2.4,Win32,60.70908208,,,,18.0,1.0,Nederlands,,,,,,Engels,2.0,Duits,1.0,,0.0,,0.0,,0.0,,0.0,,0.0,,0.0,NL,3.0,2.0,2.0,1.0,,sensorypref1,sensorypref2,1280.0,720.0,,,,,,,,,,,,,,,,,,,,,,,,,,,,,,,,,,,22.0,737.6594,28.0,"[5.7980999999045935,1.8645999999046694,3.9487000000476655,8.612600000143004,6.114499999999964,0.8995999999046376,1.098900000095398,6.414500000000032,6.898099999904673,6.430899999856933,0.9487000000477224,1.132799999952283,1.066000000000031,0.83299999999997,1.833200000047782,0.9997000000475964,2.3490000000000464,4.748900000095318,1.1489000000954093,30.42379999995228,1.0994000000953292,0.8333999998569652,0.7998999998569616,3.697899999856986,0.8659000000953938,4.21449999999993,1.616299999952389,2.4658999998569016]","[5.7980999999045935,1.8645999999046694,3.9487000000476655,8.612600000143004,6.114499999999964,0.8997000000476874,1.098900000095398,6.414500000000032,6.898099999904673,6.430999999999983,0.9487000000477224,1.1329999999999814,1.0661000001430239,0.83299999999997,1.833200000047782,0.9997999999523017,2.3491000001430393,4.749000000000024,1.1489000000954093,30.423900000095387,1.0994000000953292,0.8333999998569652,0.7998999998569616,3.697999999999979,0.8659999999999854,4.21449999999993,1.6163999998569807,2.4658999998569016]",,,0.0,35.0,35.0,181.0,1.0,ik,mik,question_multimodal.png,im_combination.png,,,,,,
,,,538741,1,21,2023-09-29_12h32.28.399,flesh_expressibility_dutch,2022.2.4,Win32,60.70908208,,,,18.0,1.0,Nederlands,,,,,,Engels,2.0,Duits,1.0,,0.0,,0.0,,0.0,,0.0,,0.0,,0.0,NL,3.0,2.0,2.0,1.0,,sensorypref1,sensorypref2,1280.0,720.0,,,,,,,,,,,,,,,,,,,,,,,,,,,,,,,,,,,22.0,738.6481,28.0,"[5.7980999999045935,1.8645999999046694,3.9487000000476655,8.612600000143004,6.114499999999964,0.8995999999046376,1.098900000095398,6.414500000000032,6.898099999904673,6.430899999856933,0.9487000000477224,1.132799999952283,1.066000000000031,0.83299999999997,1.833200000047782,0.9997000000475964,2.3490000000000464,4.748900000095318,1.1489000000954093,30.42379999995228,1.0994000000953292,0.8333999998569652,0.7998999998569616,3.697899999856986,0.8659000000953938,4.21449999999993,1.616299999952389,2.4658999998569016]","[5.7980999999045935,1.8645999999046694,3.9487000000476655,8.612600000143004,6.114499999999964,0.8997000000476874,1.098900000095398,6.414500000000032,6.898099999904673,6.430999999999983,0.9487000000477224,1.1329999999999814,1.0661000001430239,0.83299999999997,1.833200000047782,0.9997999999523017,2.3491000001430393,4.749000000000024,1.1489000000954093,30.423900000095387,1.0994000000953292,0.8333999998569652,0.7998999998569616,3.697999999999979,0.8659999999999854,4.21449999999993,1.6163999998569807,2.4658999998569016]",,,0.0,36.0,36.0,8.0,1.0,likken,mlikken,question_multimodal.png,im_combination.png,,,,,,
,,,538741,1,21,2023-09-29_12h32.28.399,flesh_expressibility_dutch,2022.2.4,Win32,60.70908208,,,,18.0,1.0,Nederlands,,,,,,Engels,2.0,Duits,1.0,,0.0,,0.0,,0.0,,0.0,,0.0,,0.0,NL,3.0,2.0,2.0,1.0,,sensorypref1,sensorypref2,1280.0,720.0,,,,,,,,,,,,,,,,,,,,,,,,,,,,,,,,,,,22.0,739.644,28.0,"[5.7980999999045935,1.8645999999046694,3.9487000000476655,8.612600000143004,6.114499999999964,0.8995999999046376,1.098900000095398,6.414500000000032,6.898099999904673,6.430899999856933,0.9487000000477224,1.132799999952283,1.066000000000031,0.83299999999997,1.833200000047782,0.9997000000475964,2.3490000000000464,4.748900000095318,1.1489000000954093,30.42379999995228,1.0994000000953292,0.8333999998569652,0.7998999998569616,3.697899999856986,0.8659000000953938,4.21449999999993,1.616299999952389,2.4658999998569016]","[5.7980999999045935,1.8645999999046694,3.9487000000476655,8.612600000143004,6.114499999999964,0.8997000000476874,1.098900000095398,6.414500000000032,6.898099999904673,6.430999999999983,0.9487000000477224,1.1329999999999814,1.0661000001430239,0.83299999999997,1.833200000047782,0.9997999999523017,2.3491000001430393,4.749000000000024,1.1489000000954093,30.423900000095387,1.0994000000953292,0.8333999998569652,0.7998999998569616,3.697999999999979,0.8659999999999854,4.21449999999993,1.6163999998569807,2.4658999998569016]",,,0.0,37.0,37.0,124.0,1.0,nek,mnek,question_multimodal.png,im_combination.png,,,,,,
,,,538741,1,21,2023-09-29_12h32.28.399,flesh_expressibility_dutch,2022.2.4,Win32,60.70908208,,,,18.0,1.0,Nederlands,,,,,,Engels,2.0,Duits,1.0,,0.0,,0.0,,0.0,,0.0,,0.0,,0.0,NL,3.0,2.0,2.0,1.0,,sensorypref1,sensorypref2,1280.0,720.0,,,,,,,,,,,,,,,,,,,,,,,,,,,,,,,,,,,18.0,740.6458,29.0,"[5.7980999999045935,1.8645999999046694,3.9487000000476655,8.612600000143004,6.114499999999964,0.8995999999046376,1.098900000095398,6.414500000000032,6.898099999904673,6.430899999856933,0.9487000000477224,1.132799999952283,1.066000000000031,0.83299999999997,1.833200000047782,0.9997000000475964,2.3490000000000464,4.748900000095318,1.1489000000954093,30.42379999995228,1.0994000000953292,0.8333999998569652,0.7998999998569616,3.697899999856986,0.8659000000953938,4.21449999999993,1.616299999952389,2.4658999998569016,2.6323999998569434]","[5.7980999999045935,1.8645999999046694,3.9487000000476655,8.612600000143004,6.114499999999964,0.8997000000476874,1.098900000095398,6.414500000000032,6.898099999904673,6.430999999999983,0.9487000000477224,1.1329999999999814,1.0661000001430239,0.83299999999997,1.833200000047782,0.9997999999523017,2.3491000001430393,4.749000000000024,1.1489000000954093,30.423900000095387,1.0994000000953292,0.8333999998569652,0.7998999998569616,3.697999999999979,0.8659999999999854,4.21449999999993,1.6163999998569807,2.4658999998569016,2.6323999998569434]",-0.914814758,5.3873,0.0,38.0,38.0,46.0,1.0,nat,mnat,question_multimodal.png,im_combination.png,,,,,,
,,,538741,1,21,2023-09-29_12h32.28.399,flesh_expressibility_dutch,2022.2.4,Win32,60.70908208,,,,18.0,1.0,Nederlands,,,,,,Engels,2.0,Duits,1.0,,0.0,,0.0,,0.0,,0.0,,0.0,,0.0,NL,3.0,2.0,2.0,1.0,,sensorypref1,sensorypref2,1280.0,720.0,,,,,,,,,,,,,,,,,,,,,,,,,,,,,,,,,,,15.0,746.7814,30.0,"[5.7980999999045935,1.8645999999046694,3.9487000000476655,8.612600000143004,6.114499999999964,0.8995999999046376,1.098900000095398,6.414500000000032,6.898099999904673,6.430899999856933,0.9487000000477224,1.132799999952283,1.066000000000031,0.83299999999997,1.833200000047782,0.9997000000475964,2.3490000000000464,4.748900000095318,1.1489000000954093,30.42379999995228,1.0994000000953292,0.8333999998569652,0.7998999998569616,3.697899999856986,0.8659000000953938,4.21449999999993,1.616299999952389,2.4658999998569016,2.6323999998569434,1.6828000001906958]","[5.7980999999045935,1.8645999999046694,3.9487000000476655,8.612600000143004,6.114499999999964,0.8997000000476874,1.098900000095398,6.414500000000032,6.898099999904673,6.430999999999983,0.9487000000477224,1.1329999999999814,1.0661000001430239,0.83299999999997,1.833200000047782,0.9997999999523017,2.3491000001430393,4.749000000000024,1.1489000000954093,30.423900000095387,1.0994000000953292,0.8333999998569652,0.7998999998569616,3.697999999999979,0.8659999999999854,4.21449999999993,1.6163999998569807,2.4658999998569016,2.6323999998569434,1.682900000095401]",0.509259372,6.5937,0.0,39.0,39.0,75.0,1.0,rond,mrond,question_multimodal.png,im_combination.png,,,,,,
,,,538741,1,21,2023-09-29_12h32.28.399,flesh_expressibility_dutch,2022.2.4,Win32,60.70908208,,,,18.0,1.0,Nederlands,,,,,,Engels,2.0,Duits,1.0,,0.0,,0.0,,0.0,,0.0,,0.0,,0.0,NL,3.0,2.0,2.0,1.0,,sensorypref1,sensorypref2,1280.0,720.0,,,,,,,,,,,,,,,,,,,,,,,,,,,,,,,,,,,22.0,755.0609,30.0,"[5.7980999999045935,1.8645999999046694,3.9487000000476655,8.612600000143004,6.114499999999964,0.8995999999046376,1.098900000095398,6.414500000000032,6.898099999904673,6.430899999856933,0.9487000000477224,1.132799999952283,1.066000000000031,0.83299999999997,1.833200000047782,0.9997000000475964,2.3490000000000464,4.748900000095318,1.1489000000954093,30.42379999995228,1.0994000000953292,0.8333999998569652,0.7998999998569616,3.697899999856986,0.8659000000953938,4.21449999999993,1.616299999952389,2.4658999998569016,2.6323999998569434,1.6828000001906958]","[5.7980999999045935,1.8645999999046694,3.9487000000476655,8.612600000143004,6.114499999999964,0.8997000000476874,1.098900000095398,6.414500000000032,6.898099999904673,6.430999999999983,0.9487000000477224,1.1329999999999814,1.0661000001430239,0.83299999999997,1.833200000047782,0.9997999999523017,2.3491000001430393,4.749000000000024,1.1489000000954093,30.423900000095387,1.0994000000953292,0.8333999998569652,0.7998999998569616,3.697999999999979,0.8659999999999854,4.21449999999993,1.6163999998569807,2.4658999998569016,2.6323999998569434,1.682900000095401]",,,0.0,40.0,40.0,15.0,1.0,geel,mgeel,question_multimodal.png,im_combination.png,,,,,,
,,,538741,1,21,2023-09-29_12h32.28.399,flesh_expressibility_dutch,2022.2.4,Win32,60.70908208,,,,18.0,1.0,Nederlands,,,,,,Engels,2.0,Duits,1.0,,0.0,,0.0,,0.0,,0.0,,0.0,,0.0,NL,3.0,2.0,2.0,1.0,,sensorypref1,sensorypref2,1280.0,720.0,,,,,,,,,,,,,,,,,,,,,,,,,,,,,,,,,,,22.0,756.0625,30.0,"[5.7980999999045935,1.8645999999046694,3.9487000000476655,8.612600000143004,6.114499999999964,0.8995999999046376,1.098900000095398,6.414500000000032,6.898099999904673,6.430899999856933,0.9487000000477224,1.132799999952283,1.066000000000031,0.83299999999997,1.833200000047782,0.9997000000475964,2.3490000000000464,4.748900000095318,1.1489000000954093,30.42379999995228,1.0994000000953292,0.8333999998569652,0.7998999998569616,3.697899999856986,0.8659000000953938,4.21449999999993,1.616299999952389,2.4658999998569016,2.6323999998569434,1.6828000001906958]","[5.7980999999045935,1.8645999999046694,3.9487000000476655,8.612600000143004,6.114499999999964,0.8997000000476874,1.098900000095398,6.414500000000032,6.898099999904673,6.430999999999983,0.9487000000477224,1.1329999999999814,1.0661000001430239,0.83299999999997,1.833200000047782,0.9997999999523017,2.3491000001430393,4.749000000000024,1.1489000000954093,30.423900000095387,1.0994000000953292,0.8333999998569652,0.7998999998569616,3.697999999999979,0.8659999999999854,4.21449999999993,1.6163999998569807,2.4658999998569016,2.6323999998569434,1.682900000095401]",,,0.0,41.0,41.0,68.0,1.0,scherp,mscherp,question_multimodal.png,im_combination.png,,,,,,
,,,538741,1,21,2023-09-29_12h32.28.399,flesh_expressibility_dutch,2022.2.4,Win32,60.70908208,,,,18.0,1.0,Nederlands,,,,,,Engels,2.0,Duits,1.0,,0.0,,0.0,,0.0,,0.0,,0.0,,0.0,NL,3.0,2.0,2.0,1.0,,sensorypref1,sensorypref2,1280.0,720.0,,,,,,,,,,,,,,,,,,,,,,,,,,,,,,,,,,,18.0,757.0573,31.0,"[5.7980999999045935,1.8645999999046694,3.9487000000476655,8.612600000143004,6.114499999999964,0.8995999999046376,1.098900000095398,6.414500000000032,6.898099999904673,6.430899999856933,0.9487000000477224,1.132799999952283,1.066000000000031,0.83299999999997,1.833200000047782,0.9997000000475964,2.3490000000000464,4.748900000095318,1.1489000000954093,30.42379999995228,1.0994000000953292,0.8333999998569652,0.7998999998569616,3.697899999856986,0.8659000000953938,4.21449999999993,1.616299999952389,2.4658999998569016,2.6323999998569434,1.6828000001906958,1.0831000001430766]","[5.7980999999045935,1.8645999999046694,3.9487000000476655,8.612600000143004,6.114499999999964,0.8997000000476874,1.098900000095398,6.414500000000032,6.898099999904673,6.430999999999983,0.9487000000477224,1.1329999999999814,1.0661000001430239,0.83299999999997,1.833200000047782,0.9997999999523017,2.3491000001430393,4.749000000000024,1.1489000000954093,30.423900000095387,1.0994000000953292,0.8333999998569652,0.7998999998569616,3.697999999999979,0.8659999999999854,4.21449999999993,1.6163999998569807,2.4658999998569016,2.6323999998569434,1.682900000095401,1.0831000001430766]",-0.935185157,4.3789,0.0,42.0,42.0,198.0,1.0,nieuw,mnieuw,question_multimodal.png,im_combination.png,,,,,,
,,,538741,1,21,2023-09-29_12h32.28.399,flesh_expressibility_dutch,2022.2.4,Win32,60.70908208,,,,18.0,1.0,Nederlands,,,,,,Engels,2.0,Duits,1.0,,0.0,,0.0,,0.0,,0.0,,0.0,,0.0,NL,3.0,2.0,2.0,1.0,,sensorypref1,sensorypref2,1280.0,720.0,,,,,,,,,,,,,,,,,,,,,,,,,,,,,,,,,,,18.0,762.3708,32.0,"[5.7980999999045935,1.8645999999046694,3.9487000000476655,8.612600000143004,6.114499999999964,0.8995999999046376,1.098900000095398,6.414500000000032,6.898099999904673,6.430899999856933,0.9487000000477224,1.132799999952283,1.066000000000031,0.83299999999997,1.833200000047782,0.9997000000475964,2.3490000000000464,4.748900000095318,1.1489000000954093,30.42379999995228,1.0994000000953292,0.8333999998569652,0.7998999998569616,3.697899999856986,0.8659000000953938,4.21449999999993,1.616299999952389,2.4658999998569016,2.6323999998569434,1.6828000001906958,1.0831000001430766,3.4322000000477146]","[5.7980999999045935,1.8645999999046694,3.9487000000476655,8.612600000143004,6.114499999999964,0.8997000000476874,1.098900000095398,6.414500000000032,6.898099999904673,6.430999999999983,0.9487000000477224,1.1329999999999814,1.0661000001430239,0.83299999999997,1.833200000047782,0.9997999999523017,2.3491000001430393,4.749000000000024,1.1489000000954093,30.423900000095387,1.0994000000953292,0.8333999998569652,0.7998999998569616,3.697999999999979,0.8659999999999854,4.21449999999993,1.6163999998569807,2.4658999998569016,2.6323999998569434,1.682900000095401,1.0831000001430766,3.4322000000477146]",-0.992592536,5.6355,0.0,43.0,43.0,77.0,1.0,groen,mgroen,question_multimodal.png,im_combination.png,,,,,,
,,,538741,1,21,2023-09-29_12h32.28.399,flesh_expressibility_dutch,2022.2.4,Win32,60.70908208,,,,18.0,1.0,Nederlands,,,,,,Engels,2.0,Duits,1.0,,0.0,,0.0,,0.0,,0.0,,0.0,,0.0,NL,3.0,2.0,2.0,1.0,,sensorypref1,sensorypref2,1280.0,720.0,,,,,,,,,,,,,,,,,,,,,,,,,,,,,,,,,,,22.0,768.9053,32.0,"[5.7980999999045935,1.8645999999046694,3.9487000000476655,8.612600000143004,6.114499999999964,0.8995999999046376,1.098900000095398,6.414500000000032,6.898099999904673,6.430899999856933,0.9487000000477224,1.132799999952283,1.066000000000031,0.83299999999997,1.833200000047782,0.9997000000475964,2.3490000000000464,4.748900000095318,1.1489000000954093,30.42379999995228,1.0994000000953292,0.8333999998569652,0.7998999998569616,3.697899999856986,0.8659000000953938,4.21449999999993,1.616299999952389,2.4658999998569016,2.6323999998569434,1.6828000001906958,1.0831000001430766,3.4322000000477146]","[5.7980999999045935,1.8645999999046694,3.9487000000476655,8.612600000143004,6.114499999999964,0.8997000000476874,1.098900000095398,6.414500000000032,6.898099999904673,6.430999999999983,0.9487000000477224,1.1329999999999814,1.0661000001430239,0.83299999999997,1.833200000047782,0.9997999999523017,2.3491000001430393,4.749000000000024,1.1489000000954093,30.423900000095387,1.0994000000953292,0.8333999998569652,0.7998999998569616,3.697999999999979,0.8659999999999854,4.21449999999993,1.6163999998569807,2.4658999998569016,2.6323999998569434,1.682900000095401,1.0831000001430766,3.4322000000477146]",,,0.0,44.0,44.0,161.0,1.0,horen,mhoren,question_multimodal.png,im_combination.png,,,,,,
,,,538741,1,21,2023-09-29_12h32.28.399,flesh_expressibility_dutch,2022.2.4,Win32,60.70908208,,,,18.0,1.0,Nederlands,,,,,,Engels,2.0,Duits,1.0,,0.0,,0.0,,0.0,,0.0,,0.0,,0.0,NL,3.0,2.0,2.0,1.0,,sensorypref1,sensorypref2,1280.0,720.0,,,,,,,,,,,,,,,,,,,,,,,,,,,,,,,,,,,22.0,769.8904,32.0,"[5.7980999999045935,1.8645999999046694,3.9487000000476655,8.612600000143004,6.114499999999964,0.8995999999046376,1.098900000095398,6.414500000000032,6.898099999904673,6.430899999856933,0.9487000000477224,1.132799999952283,1.066000000000031,0.83299999999997,1.833200000047782,0.9997000000475964,2.3490000000000464,4.748900000095318,1.1489000000954093,30.42379999995228,1.0994000000953292,0.8333999998569652,0.7998999998569616,3.697899999856986,0.8659000000953938,4.21449999999993,1.616299999952389,2.4658999998569016,2.6323999998569434,1.6828000001906958,1.0831000001430766,3.4322000000477146]","[5.7980999999045935,1.8645999999046694,3.9487000000476655,8.612600000143004,6.114499999999964,0.8997000000476874,1.098900000095398,6.414500000000032,6.898099999904673,6.430999999999983,0.9487000000477224,1.1329999999999814,1.0661000001430239,0.83299999999997,1.833200000047782,0.9997999999523017,2.3491000001430393,4.749000000000024,1.1489000000954093,30.423900000095387,1.0994000000953292,0.8333999998569652,0.7998999998569616,3.697999999999979,0.8659999999999854,4.21449999999993,1.6163999998569807,2.4658999998569016,2.6323999998569434,1.682900000095401,1.0831000001430766,3.4322000000477146]",,,0.0,45.0,45.0,19.0,1.0,misschien,mmisschien,question_multimodal.png,im_combination.png,,,,,,
,,,538741,1,21,2023-09-29_12h32.28.399,flesh_expressibility_dutch,2022.2.4,Win32,60.70908208,,,,18.0,1.0,Nederlands,,,,,,Engels,2.0,Duits,1.0,,0.0,,0.0,,0.0,,0.0,,0.0,,0.0,NL,3.0,2.0,2.0,1.0,,sensorypref1,sensorypref2,1280.0,720.0,,,,,,,,,,,,,,,,,,,,,,,,,,,,,,,,,,,22.0,770.8912,32.0,"[5.7980999999045935,1.8645999999046694,3.9487000000476655,8.612600000143004,6.114499999999964,0.8995999999046376,1.098900000095398,6.414500000000032,6.898099999904673,6.430899999856933,0.9487000000477224,1.132799999952283,1.066000000000031,0.83299999999997,1.833200000047782,0.9997000000475964,2.3490000000000464,4.748900000095318,1.1489000000954093,30.42379999995228,1.0994000000953292,0.8333999998569652,0.7998999998569616,3.697899999856986,0.8659000000953938,4.21449999999993,1.616299999952389,2.4658999998569016,2.6323999998569434,1.6828000001906958,1.0831000001430766,3.4322000000477146]","[5.7980999999045935,1.8645999999046694,3.9487000000476655,8.612600000143004,6.114499999999964,0.8997000000476874,1.098900000095398,6.414500000000032,6.898099999904673,6.430999999999983,0.9487000000477224,1.1329999999999814,1.0661000001430239,0.83299999999997,1.833200000047782,0.9997999999523017,2.3491000001430393,4.749000000000024,1.1489000000954093,30.423900000095387,1.0994000000953292,0.8333999998569652,0.7998999998569616,3.697999999999979,0.8659999999999854,4.21449999999993,1.6163999998569807,2.4658999998569016,2.6323999998569434,1.682900000095401,1.0831000001430766,3.4322000000477146]",,,0.0,46.0,46.0,78.0,1.0,wit,mwit,question_multimodal.png,im_combination.png,,,,,,
,,,538741,1,21,2023-09-29_12h32.28.399,flesh_expressibility_dutch,2022.2.4,Win32,60.70908208,,,,18.0,1.0,Nederlands,,,,,,Engels,2.0,Duits,1.0,,0.0,,0.0,,0.0,,0.0,,0.0,,0.0,NL,3.0,2.0,2.0,1.0,,sensorypref1,sensorypref2,1280.0,720.0,,,,,,,,,,,,,,,,,,,,,,,,,,,,,,,,,,,21.0,772.1331,33.0,"[5.7980999999045935,1.8645999999046694,3.9487000000476655,8.612600000143004,6.114499999999964,0.8995999999046376,1.098900000095398,6.414500000000032,6.898099999904673,6.430899999856933,0.9487000000477224,1.132799999952283,1.066000000000031,0.83299999999997,1.833200000047782,0.9997000000475964,2.3490000000000464,4.748900000095318,1.1489000000954093,30.42379999995228,1.0994000000953292,0.8333999998569652,0.7998999998569616,3.697899999856986,0.8659000000953938,4.21449999999993,1.616299999952389,2.4658999998569016,2.6323999998569434,1.6828000001906958,1.0831000001430766,3.4322000000477146,1.0824000000953902]","[5.7980999999045935,1.8645999999046694,3.9487000000476655,8.612600000143004,6.114499999999964,0.8997000000476874,1.098900000095398,6.414500000000032,6.898099999904673,6.430999999999983,0.9487000000477224,1.1329999999999814,1.0661000001430239,0.83299999999997,1.833200000047782,0.9997999999523017,2.3491000001430393,4.749000000000024,1.1489000000954093,30.423900000095387,1.0994000000953292,0.8333999998569652,0.7998999998569616,3.697999999999979,0.8659999999999854,4.21449999999993,1.6163999998569807,2.4658999998569016,2.6323999998569434,1.682900000095401,1.0831000001430766,3.4322000000477146,1.0824999999999818]",-0.914814758,4.6657,0.0,47.0,47.0,136.0,1.0,komen,mkomen,question_multimodal.png,im_combination.png,,,,,,
,,,538741,1,21,2023-09-29_12h32.28.399,flesh_expressibility_dutch,2022.2.4,Win32,60.70908208,,,,18.0,1.0,Nederlands,,,,,,Engels,2.0,Duits,1.0,,0.0,,0.0,,0.0,,0.0,,0.0,,0.0,NL,3.0,2.0,2.0,1.0,,sensorypref1,sensorypref2,1280.0,720.0,,,,,,,,,,,,,,,,,,,,,,,,,,,,,,,,,,,19.0,777.4806,34.0,"[5.7980999999045935,1.8645999999046694,3.9487000000476655,8.612600000143004,6.114499999999964,0.8995999999046376,1.098900000095398,6.414500000000032,6.898099999904673,6.430899999856933,0.9487000000477224,1.132799999952283,1.066000000000031,0.83299999999997,1.833200000047782,0.9997000000475964,2.3490000000000464,4.748900000095318,1.1489000000954093,30.42379999995228,1.0994000000953292,0.8333999998569652,0.7998999998569616,3.697899999856986,0.8659000000953938,4.21449999999993,1.616299999952389,2.4658999998569016,2.6323999998569434,1.6828000001906958,1.0831000001430766,3.4322000000477146,1.0824000000953902,2.2153999998569134]","[5.7980999999045935,1.8645999999046694,3.9487000000476655,8.612600000143004,6.114499999999964,0.8997000000476874,1.098900000095398,6.414500000000032,6.898099999904673,6.430999999999983,0.9487000000477224,1.1329999999999814,1.0661000001430239,0.83299999999997,1.833200000047782,0.9997999999523017,2.3491000001430393,4.749000000000024,1.1489000000954093,30.423900000095387,1.0994000000953292,0.8333999998569652,0.7998999998569616,3.697999999999979,0.8659999999999854,4.21449999999993,1.6163999998569807,2.4658999998569016,2.6323999998569434,1.682900000095401,1.0831000001430766,3.4322000000477146,1.0824999999999818,2.2153999998569134]",0.385185242,6.5703,0.0,48.0,48.0,154.0,1.0,zeggen,mzeggen,question_multimodal.png,im_combination.png,,,,,,
,,,538741,1,21,2023-09-29_12h32.28.399,flesh_expressibility_dutch,2022.2.4,Win32,60.70908208,,,,18.0,1.0,Nederlands,,,,,,Engels,2.0,Duits,1.0,,0.0,,0.0,,0.0,,0.0,,0.0,,0.0,NL,3.0,2.0,2.0,1.0,,sensorypref1,sensorypref2,1280.0,720.0,,,,,,,,,,,,,,,,,,,,,,,,,,,,,,,,,,,22.0,786.2754,34.0,"[5.7980999999045935,1.8645999999046694,3.9487000000476655,8.612600000143004,6.114499999999964,0.8995999999046376,1.098900000095398,6.414500000000032,6.898099999904673,6.430899999856933,0.9487000000477224,1.132799999952283,1.066000000000031,0.83299999999997,1.833200000047782,0.9997000000475964,2.3490000000000464,4.748900000095318,1.1489000000954093,30.42379999995228,1.0994000000953292,0.8333999998569652,0.7998999998569616,3.697899999856986,0.8659000000953938,4.21449999999993,1.616299999952389,2.4658999998569016,2.6323999998569434,1.6828000001906958,1.0831000001430766,3.4322000000477146,1.0824000000953902,2.2153999998569134]","[5.7980999999045935,1.8645999999046694,3.9487000000476655,8.612600000143004,6.114499999999964,0.8997000000476874,1.098900000095398,6.414500000000032,6.898099999904673,6.430999999999983,0.9487000000477224,1.1329999999999814,1.0661000001430239,0.83299999999997,1.833200000047782,0.9997999999523017,2.3491000001430393,4.749000000000024,1.1489000000954093,30.423900000095387,1.0994000000953292,0.8333999998569652,0.7998999998569616,3.697999999999979,0.8659999999999854,4.21449999999993,1.6163999998569807,2.4658999998569016,2.6323999998569434,1.682900000095401,1.0831000001430766,3.4322000000477146,1.0824999999999818,2.2153999998569134]",,,0.0,49.0,49.0,53.0,1.0,gooien,mgooien,question_multimodal.png,im_combination.png,,,,,,
,,,538741,1,21,2023-09-29_12h32.28.399,flesh_expressibility_dutch,2022.2.4,Win32,60.70908208,,,,18.0,1.0,Nederlands,,,,,,Engels,2.0,Duits,1.0,,0.0,,0.0,,0.0,,0.0,,0.0,,0.0,NL,3.0,2.0,2.0,1.0,,sensorypref1,sensorypref2,1280.0,720.0,,,,,,,,,,,,,,,,,,,,,,,,,,,,,,,,,,,22.0,787.2753,34.0,"[5.7980999999045935,1.8645999999046694,3.9487000000476655,8.612600000143004,6.114499999999964,0.8995999999046376,1.098900000095398,6.414500000000032,6.898099999904673,6.430899999856933,0.9487000000477224,1.132799999952283,1.066000000000031,0.83299999999997,1.833200000047782,0.9997000000475964,2.3490000000000464,4.748900000095318,1.1489000000954093,30.42379999995228,1.0994000000953292,0.8333999998569652,0.7998999998569616,3.697899999856986,0.8659000000953938,4.21449999999993,1.616299999952389,2.4658999998569016,2.6323999998569434,1.6828000001906958,1.0831000001430766,3.4322000000477146,1.0824000000953902,2.2153999998569134]","[5.7980999999045935,1.8645999999046694,3.9487000000476655,8.612600000143004,6.114499999999964,0.8997000000476874,1.098900000095398,6.414500000000032,6.898099999904673,6.430999999999983,0.9487000000477224,1.1329999999999814,1.0661000001430239,0.83299999999997,1.833200000047782,0.9997999999523017,2.3491000001430393,4.749000000000024,1.1489000000954093,30.423900000095387,1.0994000000953292,0.8333999998569652,0.7998999998569616,3.697999999999979,0.8659999999999854,4.21449999999993,1.6163999998569807,2.4658999998569016,2.6323999998569434,1.682900000095401,1.0831000001430766,3.4322000000477146,1.0824999999999818,2.2153999998569134]",,,0.0,50.0,50.0,60.0,1.0,luidruchtig,mluidruchtig,question_multimodal.png,im_combination.png,,,,,,
,,,538741,1,21,2023-09-29_12h32.28.399,flesh_expressibility_dutch,2022.2.4,Win32,60.70908208,,,,18.0,1.0,Nederlands,,,,,,Engels,2.0,Duits,1.0,,0.0,,0.0,,0.0,,0.0,,0.0,,0.0,NL,3.0,2.0,2.0,1.0,,sensorypref1,sensorypref2,1280.0,720.0,,,,,,,,,,,,,,,,,,,,,,,,,,,,,,,,,,,22.0,788.2916,34.0,"[5.7980999999045935,1.8645999999046694,3.9487000000476655,8.612600000143004,6.114499999999964,0.8995999999046376,1.098900000095398,6.414500000000032,6.898099999904673,6.430899999856933,0.9487000000477224,1.132799999952283,1.066000000000031,0.83299999999997,1.833200000047782,0.9997000000475964,2.3490000000000464,4.748900000095318,1.1489000000954093,30.42379999995228,1.0994000000953292,0.8333999998569652,0.7998999998569616,3.697899999856986,0.8659000000953938,4.21449999999993,1.616299999952389,2.4658999998569016,2.6323999998569434,1.6828000001906958,1.0831000001430766,3.4322000000477146,1.0824000000953902,2.2153999998569134]","[5.7980999999045935,1.8645999999046694,3.9487000000476655,8.612600000143004,6.114499999999964,0.8997000000476874,1.098900000095398,6.414500000000032,6.898099999904673,6.430999999999983,0.9487000000477224,1.1329999999999814,1.0661000001430239,0.83299999999997,1.833200000047782,0.9997999999523017,2.3491000001430393,4.749000000000024,1.1489000000954093,30.423900000095387,1.0994000000953292,0.8333999998569652,0.7998999998569616,3.697999999999979,0.8659999999999854,4.21449999999993,1.6163999998569807,2.4658999998569016,2.6323999998569434,1.682900000095401,1.0831000001430766,3.4322000000477146,1.0824999999999818,2.2153999998569134]",,,0.0,51.0,51.0,108.0,1.0,neus,mneus,question_multimodal.png,im_combination.png,,,,,,
,,,538741,1,21,2023-09-29_12h32.28.399,flesh_expressibility_dutch,2022.2.4,Win32,60.70908208,,,,18.0,1.0,Nederlands,,,,,,Engels,2.0,Duits,1.0,,0.0,,0.0,,0.0,,0.0,,0.0,,0.0,NL,3.0,2.0,2.0,1.0,,sensorypref1,sensorypref2,1280.0,720.0,,,,,,,,,,,,,,,,,,,,,,,,,,,,,,,,,,,16.0,789.3643,35.0,"[5.7980999999045935,1.8645999999046694,3.9487000000476655,8.612600000143004,6.114499999999964,0.8995999999046376,1.098900000095398,6.414500000000032,6.898099999904673,6.430899999856933,0.9487000000477224,1.132799999952283,1.066000000000031,0.83299999999997,1.833200000047782,0.9997000000475964,2.3490000000000464,4.748900000095318,1.1489000000954093,30.42379999995228,1.0994000000953292,0.8333999998569652,0.7998999998569616,3.697899999856986,0.8659000000953938,4.21449999999993,1.616299999952389,2.4658999998569016,2.6323999998569434,1.6828000001906958,1.0831000001430766,3.4322000000477146,1.0824000000953902,2.2153999998569134,10.512399999856939]","[5.7980999999045935,1.8645999999046694,3.9487000000476655,8.612600000143004,6.114499999999964,0.8997000000476874,1.098900000095398,6.414500000000032,6.898099999904673,6.430999999999983,0.9487000000477224,1.1329999999999814,1.0661000001430239,0.83299999999997,1.833200000047782,0.9997999999523017,2.3491000001430393,4.749000000000024,1.1489000000954093,30.423900000095387,1.0994000000953292,0.8333999998569652,0.7998999998569616,3.697999999999979,0.8659999999999854,4.21449999999993,1.6163999998569807,2.4658999998569016,2.6323999998569434,1.682900000095401,1.0831000001430766,3.4322000000477146,1.0824999999999818,2.2153999998569134,10.512500000000045]",-0.161111111,10.8059,0.0,52.0,52.0,82.0,1.0,beneden,mbeneden,question_multimodal.png,im_combination.png,,,,,,
,,,538741,1,21,2023-09-29_12h32.28.399,flesh_expressibility_dutch,2022.2.4,Win32,60.70908208,,,,18.0,1.0,Nederlands,,,,,,Engels,2.0,Duits,1.0,,0.0,,0.0,,0.0,,0.0,,0.0,,0.0,NL,3.0,2.0,2.0,1.0,,sensorypref1,sensorypref2,1280.0,720.0,,,,,,,,,,,,,,,,,,,,,,,,,,,,,,,,,,,22.0,804.6343,35.0,"[5.7980999999045935,1.8645999999046694,3.9487000000476655,8.612600000143004,6.114499999999964,0.8995999999046376,1.098900000095398,6.414500000000032,6.898099999904673,6.430899999856933,0.9487000000477224,1.132799999952283,1.066000000000031,0.83299999999997,1.833200000047782,0.9997000000475964,2.3490000000000464,4.748900000095318,1.1489000000954093,30.42379999995228,1.0994000000953292,0.8333999998569652,0.7998999998569616,3.697899999856986,0.8659000000953938,4.21449999999993,1.616299999952389,2.4658999998569016,2.6323999998569434,1.6828000001906958,1.0831000001430766,3.4322000000477146,1.0824000000953902,2.2153999998569134,10.512399999856939]","[5.7980999999045935,1.8645999999046694,3.9487000000476655,8.612600000143004,6.114499999999964,0.8997000000476874,1.098900000095398,6.414500000000032,6.898099999904673,6.430999999999983,0.9487000000477224,1.1329999999999814,1.0661000001430239,0.83299999999997,1.833200000047782,0.9997999999523017,2.3491000001430393,4.749000000000024,1.1489000000954093,30.423900000095387,1.0994000000953292,0.8333999998569652,0.7998999998569616,3.697999999999979,0.8659999999999854,4.21449999999993,1.6163999998569807,2.4658999998569016,2.6323999998569434,1.682900000095401,1.0831000001430766,3.4322000000477146,1.0824999999999818,2.2153999998569134,10.512500000000045]",,,0.0,53.0,53.0,66.0,1.0,"bot (kenmerk, niet lichaam)","mbot (kenmerk, niet lichaam)",question_multimodal.png,im_combination.png,,,,,,
,,,538741,1,21,2023-09-29_12h32.28.399,flesh_expressibility_dutch,2022.2.4,Win32,60.70908208,,,,18.0,1.0,Nederlands,,,,,,Engels,2.0,Duits,1.0,,0.0,,0.0,,0.0,,0.0,,0.0,,0.0,NL,3.0,2.0,2.0,1.0,,sensorypref1,sensorypref2,1280.0,720.0,,,,,,,,,,,,,,,,,,,,,,,,,,,,,,,,,,,22.0,805.7511,35.0,"[5.7980999999045935,1.8645999999046694,3.9487000000476655,8.612600000143004,6.114499999999964,0.8995999999046376,1.098900000095398,6.414500000000032,6.898099999904673,6.430899999856933,0.9487000000477224,1.132799999952283,1.066000000000031,0.83299999999997,1.833200000047782,0.9997000000475964,2.3490000000000464,4.748900000095318,1.1489000000954093,30.42379999995228,1.0994000000953292,0.8333999998569652,0.7998999998569616,3.697899999856986,0.8659000000953938,4.21449999999993,1.616299999952389,2.4658999998569016,2.6323999998569434,1.6828000001906958,1.0831000001430766,3.4322000000477146,1.0824000000953902,2.2153999998569134,10.512399999856939]","[5.7980999999045935,1.8645999999046694,3.9487000000476655,8.612600000143004,6.114499999999964,0.8997000000476874,1.098900000095398,6.414500000000032,6.898099999904673,6.430999999999983,0.9487000000477224,1.1329999999999814,1.0661000001430239,0.83299999999997,1.833200000047782,0.9997999999523017,2.3491000001430393,4.749000000000024,1.1489000000954093,30.423900000095387,1.0994000000953292,0.8333999998569652,0.7998999998569616,3.697999999999979,0.8659999999999854,4.21449999999993,1.6163999998569807,2.4658999998569016,2.6323999998569434,1.682900000095401,1.0831000001430766,3.4322000000477146,1.0824999999999818,2.2153999998569134,10.512500000000045]",,,0.0,54.0,54.0,1.0,1.0,zoemen,mzoemen,question_multimodal.png,im_combination.png,,,,,,
,,,538741,1,21,2023-09-29_12h32.28.399,flesh_expressibility_dutch,2022.2.4,Win32,60.70908208,,,,18.0,1.0,Nederlands,,,,,,Engels,2.0,Duits,1.0,,0.0,,0.0,,0.0,,0.0,,0.0,,0.0,NL,3.0,2.0,2.0,1.0,,sensorypref1,sensorypref2,1280.0,720.0,,,,,,,,,,,,,,,,,,,,,,,,,,,,,,,,,,,22.0,806.742,35.0,"[5.7980999999045935,1.8645999999046694,3.9487000000476655,8.612600000143004,6.114499999999964,0.8995999999046376,1.098900000095398,6.414500000000032,6.898099999904673,6.430899999856933,0.9487000000477224,1.132799999952283,1.066000000000031,0.83299999999997,1.833200000047782,0.9997000000475964,2.3490000000000464,4.748900000095318,1.1489000000954093,30.42379999995228,1.0994000000953292,0.8333999998569652,0.7998999998569616,3.697899999856986,0.8659000000953938,4.21449999999993,1.616299999952389,2.4658999998569016,2.6323999998569434,1.6828000001906958,1.0831000001430766,3.4322000000477146,1.0824000000953902,2.2153999998569134,10.512399999856939]","[5.7980999999045935,1.8645999999046694,3.9487000000476655,8.612600000143004,6.114499999999964,0.8997000000476874,1.098900000095398,6.414500000000032,6.898099999904673,6.430999999999983,0.9487000000477224,1.1329999999999814,1.0661000001430239,0.83299999999997,1.833200000047782,0.9997999999523017,2.3491000001430393,4.749000000000024,1.1489000000954093,30.423900000095387,1.0994000000953292,0.8333999998569652,0.7998999998569616,3.697999999999979,0.8659999999999854,4.21449999999993,1.6163999998569807,2.4658999998569016,2.6323999998569434,1.682900000095401,1.0831000001430766,3.4322000000477146,1.0824999999999818,2.2153999998569134,10.512500000000045]",,,0.0,55.0,55.0,110.0,1.0,tand,mtand,question_multimodal.png,im_combination.png,,,,,,
,,,538741,1,21,2023-09-29_12h32.28.399,flesh_expressibility_dutch,2022.2.4,Win32,60.70908208,,,,18.0,1.0,Nederlands,,,,,,Engels,2.0,Duits,1.0,,0.0,,0.0,,0.0,,0.0,,0.0,,0.0,NL,3.0,2.0,2.0,1.0,,sensorypref1,sensorypref2,1280.0,720.0,,,,,,,,,,,,,,,,,,,,,,,,,,,,,,,,,,,21.0,807.7353,36.0,"[5.7980999999045935,1.8645999999046694,3.9487000000476655,8.612600000143004,6.114499999999964,0.8995999999046376,1.098900000095398,6.414500000000032,6.898099999904673,6.430899999856933,0.9487000000477224,1.132799999952283,1.066000000000031,0.83299999999997,1.833200000047782,0.9997000000475964,2.3490000000000464,4.748900000095318,1.1489000000954093,30.42379999995228,1.0994000000953292,0.8333999998569652,0.7998999998569616,3.697899999856986,0.8659000000953938,4.21449999999993,1.616299999952389,2.4658999998569016,2.6323999998569434,1.6828000001906958,1.0831000001430766,3.4322000000477146,1.0824000000953902,2.2153999998569134,10.512399999856939,11.59610000014311]","[5.7980999999045935,1.8645999999046694,3.9487000000476655,8.612600000143004,6.114499999999964,0.8997000000476874,1.098900000095398,6.414500000000032,6.898099999904673,6.430999999999983,0.9487000000477224,1.1329999999999814,1.0661000001430239,0.83299999999997,1.833200000047782,0.9997999999523017,2.3491000001430393,4.749000000000024,1.1489000000954093,30.423900000095387,1.0994000000953292,0.8333999998569652,0.7998999998569616,3.697999999999979,0.8659999999999854,4.21449999999993,1.6163999998569807,2.4658999998569016,2.6323999998569434,1.682900000095401,1.0831000001430766,3.4322000000477146,1.0824999999999818,2.2153999998569134,10.512500000000045,11.596200000047702]",-0.501851824,15.7329,0.0,56.0,56.0,109.0,1.0,tong,mtong,question_multimodal.png,im_combination.png,,,,,,
,,,538741,1,21,2023-09-29_12h32.28.399,flesh_expressibility_dutch,2022.2.4,Win32,60.70908208,,,,18.0,1.0,Nederlands,,,,,,Engels,2.0,Duits,1.0,,0.0,,0.0,,0.0,,0.0,,0.0,,0.0,NL,3.0,2.0,2.0,1.0,,sensorypref1,sensorypref2,1280.0,720.0,,,,,,,,,,,,,,,,,,,,,,,,,,,,,,,,,,,22.0,824.1128,36.0,"[5.7980999999045935,1.8645999999046694,3.9487000000476655,8.612600000143004,6.114499999999964,0.8995999999046376,1.098900000095398,6.414500000000032,6.898099999904673,6.430899999856933,0.9487000000477224,1.132799999952283,1.066000000000031,0.83299999999997,1.833200000047782,0.9997000000475964,2.3490000000000464,4.748900000095318,1.1489000000954093,30.42379999995228,1.0994000000953292,0.8333999998569652,0.7998999998569616,3.697899999856986,0.8659000000953938,4.21449999999993,1.616299999952389,2.4658999998569016,2.6323999998569434,1.6828000001906958,1.0831000001430766,3.4322000000477146,1.0824000000953902,2.2153999998569134,10.512399999856939,11.59610000014311]","[5.7980999999045935,1.8645999999046694,3.9487000000476655,8.612600000143004,6.114499999999964,0.8997000000476874,1.098900000095398,6.414500000000032,6.898099999904673,6.430999999999983,0.9487000000477224,1.1329999999999814,1.0661000001430239,0.83299999999997,1.833200000047782,0.9997999999523017,2.3491000001430393,4.749000000000024,1.1489000000954093,30.423900000095387,1.0994000000953292,0.8333999998569652,0.7998999998569616,3.697999999999979,0.8659999999999854,4.21449999999993,1.6163999998569807,2.4658999998569016,2.6323999998569434,1.682900000095401,1.0831000001430766,3.4322000000477146,1.0824999999999818,2.2153999998569134,10.512500000000045,11.596200000047702]",,,0.0,57.0,57.0,146.0,1.0,nemen,mnemen,question_multimodal.png,im_combination.png,,,,,,
,,,538741,1,21,2023-09-29_12h32.28.399,flesh_expressibility_dutch,2022.2.4,Win32,60.70908208,,,,18.0,1.0,Nederlands,,,,,,Engels,2.0,Duits,1.0,,0.0,,0.0,,0.0,,0.0,,0.0,,0.0,NL,3.0,2.0,2.0,1.0,,sensorypref1,sensorypref2,1280.0,720.0,,,,,,,,,,,,,,,,,,,,,,,,,,,,,,,,,,,18.0,825.1253,37.0,"[5.7980999999045935,1.8645999999046694,3.9487000000476655,8.612600000143004,6.114499999999964,0.8995999999046376,1.098900000095398,6.414500000000032,6.898099999904673,6.430899999856933,0.9487000000477224,1.132799999952283,1.066000000000031,0.83299999999997,1.833200000047782,0.9997000000475964,2.3490000000000464,4.748900000095318,1.1489000000954093,30.42379999995228,1.0994000000953292,0.8333999998569652,0.7998999998569616,3.697899999856986,0.8659000000953938,4.21449999999993,1.616299999952389,2.4658999998569016,2.6323999998569434,1.6828000001906958,1.0831000001430766,3.4322000000477146,1.0824000000953902,2.2153999998569134,10.512399999856939,11.59610000014311,7.848400000095353]","[5.7980999999045935,1.8645999999046694,3.9487000000476655,8.612600000143004,6.114499999999964,0.8997000000476874,1.098900000095398,6.414500000000032,6.898099999904673,6.430999999999983,0.9487000000477224,1.1329999999999814,1.0661000001430239,0.83299999999997,1.833200000047782,0.9997999999523017,2.3491000001430393,4.749000000000024,1.1489000000954093,30.423900000095387,1.0994000000953292,0.8333999998569652,0.7998999998569616,3.697999999999979,0.8659999999999854,4.21449999999993,1.6163999998569807,2.4658999998569016,2.6323999998569434,1.682900000095401,1.0831000001430766,3.4322000000477146,1.0824999999999818,2.2153999998569134,10.512500000000045,11.596200000047702,7.848400000095353]",-0.098148092,5.017,0.0,58.0,58.0,42.0,1.0,berg,mberg,question_multimodal.png,im_combination.png,,,,,,
,,,538741,1,21,2023-09-29_12h32.28.399,flesh_expressibility_dutch,2022.2.4,Win32,60.70908208,,,,18.0,1.0,Nederlands,,,,,,Engels,2.0,Duits,1.0,,0.0,,0.0,,0.0,,0.0,,0.0,,0.0,NL,3.0,2.0,2.0,1.0,,sensorypref1,sensorypref2,1280.0,720.0,,,,,,,,,,,,,,,,,,,,,,,,,,,,,,,,,,,22.0,837.7613,37.0,"[5.7980999999045935,1.8645999999046694,3.9487000000476655,8.612600000143004,6.114499999999964,0.8995999999046376,1.098900000095398,6.414500000000032,6.898099999904673,6.430899999856933,0.9487000000477224,1.132799999952283,1.066000000000031,0.83299999999997,1.833200000047782,0.9997000000475964,2.3490000000000464,4.748900000095318,1.1489000000954093,30.42379999995228,1.0994000000953292,0.8333999998569652,0.7998999998569616,3.697899999856986,0.8659000000953938,4.21449999999993,1.616299999952389,2.4658999998569016,2.6323999998569434,1.6828000001906958,1.0831000001430766,3.4322000000477146,1.0824000000953902,2.2153999998569134,10.512399999856939,11.59610000014311,7.848400000095353]","[5.7980999999045935,1.8645999999046694,3.9487000000476655,8.612600000143004,6.114499999999964,0.8997000000476874,1.098900000095398,6.414500000000032,6.898099999904673,6.430999999999983,0.9487000000477224,1.1329999999999814,1.0661000001430239,0.83299999999997,1.833200000047782,0.9997999999523017,2.3491000001430393,4.749000000000024,1.1489000000954093,30.423900000095387,1.0994000000953292,0.8333999998569652,0.7998999998569616,3.697999999999979,0.8659999999999854,4.21449999999993,1.6163999998569807,2.4658999998569016,2.6323999998569434,1.682900000095401,1.0831000001430766,3.4322000000477146,1.0824999999999818,2.2153999998569134,10.512500000000045,11.596200000047702,7.848400000095353]",,,0.0,59.0,59.0,105.0,1.0,arm (lichaam),marm (lichaam),question_multimodal.png,im_combination.png,,,,,,
,,,538741,1,21,2023-09-29_12h32.28.399,flesh_expressibility_dutch,2022.2.4,Win32,60.70908208,,,,18.0,1.0,Nederlands,,,,,,Engels,2.0,Duits,1.0,,0.0,,0.0,,0.0,,0.0,,0.0,,0.0,NL,3.0,2.0,2.0,1.0,,sensorypref1,sensorypref2,1280.0,720.0,,,,,,,,,,,,,,,,,,,,,,,,,,,,,,,,,,,22.0,838.8183,37.0,"[5.7980999999045935,1.8645999999046694,3.9487000000476655,8.612600000143004,6.114499999999964,0.8995999999046376,1.098900000095398,6.414500000000032,6.898099999904673,6.430899999856933,0.9487000000477224,1.132799999952283,1.066000000000031,0.83299999999997,1.833200000047782,0.9997000000475964,2.3490000000000464,4.748900000095318,1.1489000000954093,30.42379999995228,1.0994000000953292,0.8333999998569652,0.7998999998569616,3.697899999856986,0.8659000000953938,4.21449999999993,1.616299999952389,2.4658999998569016,2.6323999998569434,1.6828000001906958,1.0831000001430766,3.4322000000477146,1.0824000000953902,2.2153999998569134,10.512399999856939,11.59610000014311,7.848400000095353]","[5.7980999999045935,1.8645999999046694,3.9487000000476655,8.612600000143004,6.114499999999964,0.8997000000476874,1.098900000095398,6.414500000000032,6.898099999904673,6.430999999999983,0.9487000000477224,1.1329999999999814,1.0661000001430239,0.83299999999997,1.833200000047782,0.9997999999523017,2.3491000001430393,4.749000000000024,1.1489000000954093,30.423900000095387,1.0994000000953292,0.8333999998569652,0.7998999998569616,3.697999999999979,0.8659999999999854,4.21449999999993,1.6163999998569807,2.4658999998569016,2.6323999998569434,1.682900000095401,1.0831000001430766,3.4322000000477146,1.0824999999999818,2.2153999998569134,10.512500000000045,11.596200000047702,7.848400000095353]",,,0.0,60.0,60.0,36.0,1.0,slecht,mslecht,question_multimodal.png,im_combination.png,,,,,,
,,,538741,1,21,2023-09-29_12h32.28.399,flesh_expressibility_dutch,2022.2.4,Win32,60.70908208,,,,18.0,1.0,Nederlands,,,,,,Engels,2.0,Duits,1.0,,0.0,,0.0,,0.0,,0.0,,0.0,,0.0,NL,3.0,2.0,2.0,1.0,,sensorypref1,sensorypref2,1280.0,720.0,,,,,,,,,,,,,,,,,,,,,,,,,,,,,,,,,,,22.0,839.8223,37.0,"[5.7980999999045935,1.8645999999046694,3.9487000000476655,8.612600000143004,6.114499999999964,0.8995999999046376,1.098900000095398,6.414500000000032,6.898099999904673,6.430899999856933,0.9487000000477224,1.132799999952283,1.066000000000031,0.83299999999997,1.833200000047782,0.9997000000475964,2.3490000000000464,4.748900000095318,1.1489000000954093,30.42379999995228,1.0994000000953292,0.8333999998569652,0.7998999998569616,3.697899999856986,0.8659000000953938,4.21449999999993,1.616299999952389,2.4658999998569016,2.6323999998569434,1.6828000001906958,1.0831000001430766,3.4322000000477146,1.0824000000953902,2.2153999998569134,10.512399999856939,11.59610000014311,7.848400000095353]","[5.7980999999045935,1.8645999999046694,3.9487000000476655,8.612600000143004,6.114499999999964,0.8997000000476874,1.098900000095398,6.414500000000032,6.898099999904673,6.430999999999983,0.9487000000477224,1.1329999999999814,1.0661000001430239,0.83299999999997,1.833200000047782,0.9997999999523017,2.3491000001430393,4.749000000000024,1.1489000000954093,30.423900000095387,1.0994000000953292,0.8333999998569652,0.7998999998569616,3.697999999999979,0.8659999999999854,4.21449999999993,1.6163999998569807,2.4658999998569016,2.6323999998569434,1.682900000095401,1.0831000001430766,3.4322000000477146,1.0824999999999818,2.2153999998569134,10.512500000000045,11.596200000047702,7.848400000095353]",,,0.0,61.0,61.0,101.0,1.0,hond,mhond,question_multimodal.png,im_combination.png,,,,,,
,,,538741,1,21,2023-09-29_12h32.28.399,flesh_expressibility_dutch,2022.2.4,Win32,60.70908208,,,,18.0,1.0,Nederlands,,,,,,Engels,2.0,Duits,1.0,,0.0,,0.0,,0.0,,0.0,,0.0,,0.0,NL,3.0,2.0,2.0,1.0,,sensorypref1,sensorypref2,1280.0,720.0,,,,,,,,,,,,,,,,,,,,,,,,,,,,,,,,,,,22.0,840.8152,37.0,"[5.7980999999045935,1.8645999999046694,3.9487000000476655,8.612600000143004,6.114499999999964,0.8995999999046376,1.098900000095398,6.414500000000032,6.898099999904673,6.430899999856933,0.9487000000477224,1.132799999952283,1.066000000000031,0.83299999999997,1.833200000047782,0.9997000000475964,2.3490000000000464,4.748900000095318,1.1489000000954093,30.42379999995228,1.0994000000953292,0.8333999998569652,0.7998999998569616,3.697899999856986,0.8659000000953938,4.21449999999993,1.616299999952389,2.4658999998569016,2.6323999998569434,1.6828000001906958,1.0831000001430766,3.4322000000477146,1.0824000000953902,2.2153999998569134,10.512399999856939,11.59610000014311,7.848400000095353]","[5.7980999999045935,1.8645999999046694,3.9487000000476655,8.612600000143004,6.114499999999964,0.8997000000476874,1.098900000095398,6.414500000000032,6.898099999904673,6.430999999999983,0.9487000000477224,1.1329999999999814,1.0661000001430239,0.83299999999997,1.833200000047782,0.9997999999523017,2.3491000001430393,4.749000000000024,1.1489000000954093,30.423900000095387,1.0994000000953292,0.8333999998569652,0.7998999998569616,3.697999999999979,0.8659999999999854,4.21449999999993,1.6163999998569807,2.4658999998569016,2.6323999998569434,1.682900000095401,1.0831000001430766,3.4322000000477146,1.0824999999999818,2.2153999998569134,10.512500000000045,11.596200000047702,7.848400000095353]",,,0.0,62.0,62.0,10.0,1.0,strak,mstrak,question_multimodal.png,im_combination.png,,,,,,
,,,538741,1,21,2023-09-29_12h32.28.399,flesh_expressibility_dutch,2022.2.4,Win32,60.70908208,,,,18.0,1.0,Nederlands,,,,,,Engels,2.0,Duits,1.0,,0.0,,0.0,,0.0,,0.0,,0.0,,0.0,NL,3.0,2.0,2.0,1.0,,sensorypref1,sensorypref2,1280.0,720.0,,,,,,,,,,,,,,,,,,,,,,,,,,,,,,,,,,,22.0,841.8629,37.0,"[5.7980999999045935,1.8645999999046694,3.9487000000476655,8.612600000143004,6.114499999999964,0.8995999999046376,1.098900000095398,6.414500000000032,6.898099999904673,6.430899999856933,0.9487000000477224,1.132799999952283,1.066000000000031,0.83299999999997,1.833200000047782,0.9997000000475964,2.3490000000000464,4.748900000095318,1.1489000000954093,30.42379999995228,1.0994000000953292,0.8333999998569652,0.7998999998569616,3.697899999856986,0.8659000000953938,4.21449999999993,1.616299999952389,2.4658999998569016,2.6323999998569434,1.6828000001906958,1.0831000001430766,3.4322000000477146,1.0824000000953902,2.2153999998569134,10.512399999856939,11.59610000014311,7.848400000095353]","[5.7980999999045935,1.8645999999046694,3.9487000000476655,8.612600000143004,6.114499999999964,0.8997000000476874,1.098900000095398,6.414500000000032,6.898099999904673,6.430999999999983,0.9487000000477224,1.1329999999999814,1.0661000001430239,0.83299999999997,1.833200000047782,0.9997999999523017,2.3491000001430393,4.749000000000024,1.1489000000954093,30.423900000095387,1.0994000000953292,0.8333999998569652,0.7998999998569616,3.697999999999979,0.8659999999999854,4.21449999999993,1.6163999998569807,2.4658999998569016,2.6323999998569434,1.682900000095401,1.0831000001430766,3.4322000000477146,1.0824999999999818,2.2153999998569134,10.512500000000045,11.596200000047702,7.848400000095353]",,,0.0,63.0,63.0,63.0,1.0,hartig,mhartig,question_multimodal.png,im_combination.png,,,,,,
,,,538741,1,21,2023-09-29_12h32.28.399,flesh_expressibility_dutch,2022.2.4,Win32,60.70908208,,,,18.0,1.0,Nederlands,,,,,,Engels,2.0,Duits,1.0,,0.0,,0.0,,0.0,,0.0,,0.0,,0.0,NL,3.0,2.0,2.0,1.0,,sensorypref1,sensorypref2,1280.0,720.0,,,,,,,,,,,,,,,,,,,,,,,,,,,,,,,,,,,22.0,842.873,37.0,"[5.7980999999045935,1.8645999999046694,3.9487000000476655,8.612600000143004,6.114499999999964,0.8995999999046376,1.098900000095398,6.414500000000032,6.898099999904673,6.430899999856933,0.9487000000477224,1.132799999952283,1.066000000000031,0.83299999999997,1.833200000047782,0.9997000000475964,2.3490000000000464,4.748900000095318,1.1489000000954093,30.42379999995228,1.0994000000953292,0.8333999998569652,0.7998999998569616,3.697899999856986,0.8659000000953938,4.21449999999993,1.616299999952389,2.4658999998569016,2.6323999998569434,1.6828000001906958,1.0831000001430766,3.4322000000477146,1.0824000000953902,2.2153999998569134,10.512399999856939,11.59610000014311,7.848400000095353]","[5.7980999999045935,1.8645999999046694,3.9487000000476655,8.612600000143004,6.114499999999964,0.8997000000476874,1.098900000095398,6.414500000000032,6.898099999904673,6.430999999999983,0.9487000000477224,1.1329999999999814,1.0661000001430239,0.83299999999997,1.833200000047782,0.9997999999523017,2.3491000001430393,4.749000000000024,1.1489000000954093,30.423900000095387,1.0994000000953292,0.8333999998569652,0.7998999998569616,3.697999999999979,0.8659999999999854,4.21449999999993,1.6163999998569807,2.4658999998569016,2.6323999998569434,1.682900000095401,1.0831000001430766,3.4322000000477146,1.0824999999999818,2.2153999998569134,10.512500000000045,11.596200000047702,7.848400000095353]",,,0.0,64.0,64.0,71.0,1.0,geur,mgeur,question_multimodal.png,im_combination.png,,,,,,
,,,538741,1,21,2023-09-29_12h32.28.399,flesh_expressibility_dutch,2022.2.4,Win32,60.70908208,,,,18.0,1.0,Nederlands,,,,,,Engels,2.0,Duits,1.0,,0.0,,0.0,,0.0,,0.0,,0.0,,0.0,NL,3.0,2.0,2.0,1.0,,sensorypref1,sensorypref2,1280.0,720.0,,,,,,,,,,,,,,,,,,,,,,,,,,,,,,,,,,,20.0,843.8844,38.0,"[5.7980999999045935,1.8645999999046694,3.9487000000476655,8.612600000143004,6.114499999999964,0.8995999999046376,1.098900000095398,6.414500000000032,6.898099999904673,6.430899999856933,0.9487000000477224,1.132799999952283,1.066000000000031,0.83299999999997,1.833200000047782,0.9997000000475964,2.3490000000000464,4.748900000095318,1.1489000000954093,30.42379999995228,1.0994000000953292,0.8333999998569652,0.7998999998569616,3.697899999856986,0.8659000000953938,4.21449999999993,1.616299999952389,2.4658999998569016,2.6323999998569434,1.6828000001906958,1.0831000001430766,3.4322000000477146,1.0824000000953902,2.2153999998569134,10.512399999856939,11.59610000014311,7.848400000095353,0.9331000001430994]","[5.7980999999045935,1.8645999999046694,3.9487000000476655,8.612600000143004,6.114499999999964,0.8997000000476874,1.098900000095398,6.414500000000032,6.898099999904673,6.430999999999983,0.9487000000477224,1.1329999999999814,1.0661000001430239,0.83299999999997,1.833200000047782,0.9997999999523017,2.3491000001430393,4.749000000000024,1.1489000000954093,30.423900000095387,1.0994000000953292,0.8333999998569652,0.7998999998569616,3.697999999999979,0.8659999999999854,4.21449999999993,1.6163999998569807,2.4658999998569016,2.6323999998569434,1.682900000095401,1.0831000001430766,3.4322000000477146,1.0824999999999818,2.2153999998569134,10.512500000000045,11.596200000047702,7.848400000095353,0.933200000047691]",-0.803703647,6.0932,0.0,65.0,65.0,32.0,1.0,vooraan,mvooraan,question_multimodal.png,im_combination.png,,,,,,
,,,538741,1,21,2023-09-29_12h32.28.399,flesh_expressibility_dutch,2022.2.4,Win32,60.70908208,,,,18.0,1.0,Nederlands,,,,,,Engels,2.0,Duits,1.0,,0.0,,0.0,,0.0,,0.0,,0.0,,0.0,NL,3.0,2.0,2.0,1.0,,sensorypref1,sensorypref2,1280.0,720.0,,,,,,,,,,,,,,,,,,,,,,,,,,,,,,,,,,,17.0,850.7233,39.0,"[5.7980999999045935,1.8645999999046694,3.9487000000476655,8.612600000143004,6.114499999999964,0.8995999999046376,1.098900000095398,6.414500000000032,6.898099999904673,6.430899999856933,0.9487000000477224,1.132799999952283,1.066000000000031,0.83299999999997,1.833200000047782,0.9997000000475964,2.3490000000000464,4.748900000095318,1.1489000000954093,30.42379999995228,1.0994000000953292,0.8333999998569652,0.7998999998569616,3.697899999856986,0.8659000000953938,4.21449999999993,1.616299999952389,2.4658999998569016,2.6323999998569434,1.6828000001906958,1.0831000001430766,3.4322000000477146,1.0824000000953902,2.2153999998569134,10.512399999856939,11.59610000014311,7.848400000095353,0.9331000001430994,3.8319999999999936]","[5.7980999999045935,1.8645999999046694,3.9487000000476655,8.612600000143004,6.114499999999964,0.8997000000476874,1.098900000095398,6.414500000000032,6.898099999904673,6.430999999999983,0.9487000000477224,1.1329999999999814,1.0661000001430239,0.83299999999997,1.833200000047782,0.9997999999523017,2.3491000001430393,4.749000000000024,1.1489000000954093,30.423900000095387,1.0994000000953292,0.8333999998569652,0.7998999998569616,3.697999999999979,0.8659999999999854,4.21449999999993,1.6163999998569807,2.4658999998569016,2.6323999998569434,1.682900000095401,1.0831000001430766,3.4322000000477146,1.0824999999999818,2.2153999998569134,10.512500000000045,11.596200000047702,7.848400000095353,0.933200000047691,3.8320999999045853]",0.93703715,6.5011,0.0,66.0,66.0,153.0,1.0,lachen,mlachen,question_multimodal.png,im_combination.png,,,,,,
,,,538741,1,21,2023-09-29_12h32.28.399,flesh_expressibility_dutch,2022.2.4,Win32,60.70908208,,,,18.0,1.0,Nederlands,,,,,,Engels,2.0,Duits,1.0,,0.0,,0.0,,0.0,,0.0,,0.0,,0.0,NL,3.0,2.0,2.0,1.0,,sensorypref1,sensorypref2,1280.0,720.0,,,,,,,,,,,,,,,,,,,,,,,,,,,,,,,,,,,22.0,858.2535,39.0,"[5.7980999999045935,1.8645999999046694,3.9487000000476655,8.612600000143004,6.114499999999964,0.8995999999046376,1.098900000095398,6.414500000000032,6.898099999904673,6.430899999856933,0.9487000000477224,1.132799999952283,1.066000000000031,0.83299999999997,1.833200000047782,0.9997000000475964,2.3490000000000464,4.748900000095318,1.1489000000954093,30.42379999995228,1.0994000000953292,0.8333999998569652,0.7998999998569616,3.697899999856986,0.8659000000953938,4.21449999999993,1.616299999952389,2.4658999998569016,2.6323999998569434,1.6828000001906958,1.0831000001430766,3.4322000000477146,1.0824000000953902,2.2153999998569134,10.512399999856939,11.59610000014311,7.848400000095353,0.9331000001430994,3.8319999999999936]","[5.7980999999045935,1.8645999999046694,3.9487000000476655,8.612600000143004,6.114499999999964,0.8997000000476874,1.098900000095398,6.414500000000032,6.898099999904673,6.430999999999983,0.9487000000477224,1.1329999999999814,1.0661000001430239,0.83299999999997,1.833200000047782,0.9997999999523017,2.3491000001430393,4.749000000000024,1.1489000000954093,30.423900000095387,1.0994000000953292,0.8333999998569652,0.7998999998569616,3.697999999999979,0.8659999999999854,4.21449999999993,1.6163999998569807,2.4658999998569016,2.6323999998569434,1.682900000095401,1.0831000001430766,3.4322000000477146,1.0824999999999818,2.2153999998569134,10.512500000000045,11.596200000047702,7.848400000095353,0.933200000047691,3.8320999999045853]",,,0.0,67.0,67.0,67.0,1.0,ruw,mruw,question_multimodal.png,im_combination.png,,,,,,
,,,538741,1,21,2023-09-29_12h32.28.399,flesh_expressibility_dutch,2022.2.4,Win32,60.70908208,,,,18.0,1.0,Nederlands,,,,,,Engels,2.0,Duits,1.0,,0.0,,0.0,,0.0,,0.0,,0.0,,0.0,NL,3.0,2.0,2.0,1.0,,sensorypref1,sensorypref2,1280.0,720.0,,,,,,,,,,,,,,,,,,,,,,,,,,,,,,,,,,,13.0,859.2254,40.0,"[5.7980999999045935,1.8645999999046694,3.9487000000476655,8.612600000143004,6.114499999999964,0.8995999999046376,1.098900000095398,6.414500000000032,6.898099999904673,6.430899999856933,0.9487000000477224,1.132799999952283,1.066000000000031,0.83299999999997,1.833200000047782,0.9997000000475964,2.3490000000000464,4.748900000095318,1.1489000000954093,30.42379999995228,1.0994000000953292,0.8333999998569652,0.7998999998569616,3.697899999856986,0.8659000000953938,4.21449999999993,1.616299999952389,2.4658999998569016,2.6323999998569434,1.6828000001906958,1.0831000001430766,3.4322000000477146,1.0824000000953902,2.2153999998569134,10.512399999856939,11.59610000014311,7.848400000095353,0.9331000001430994,3.8319999999999936,2.7998999998569616]","[5.7980999999045935,1.8645999999046694,3.9487000000476655,8.612600000143004,6.114499999999964,0.8997000000476874,1.098900000095398,6.414500000000032,6.898099999904673,6.430999999999983,0.9487000000477224,1.1329999999999814,1.0661000001430239,0.83299999999997,1.833200000047782,0.9997999999523017,2.3491000001430393,4.749000000000024,1.1489000000954093,30.423900000095387,1.0994000000953292,0.8333999998569652,0.7998999998569616,3.697999999999979,0.8659999999999854,4.21449999999993,1.6163999998569807,2.4658999998569016,2.6323999998569434,1.682900000095401,1.0831000001430766,3.4322000000477146,1.0824999999999818,2.2153999998569134,10.512500000000045,11.596200000047702,7.848400000095353,0.933200000047691,3.8320999999045853,2.7998999998569616]",0.705555556,15.3196,0.0,68.0,68.0,172.0,1.0,één,méén,question_multimodal.png,im_combination.png,,,,,,
,,,538741,1,21,2023-09-29_12h32.28.399,flesh_expressibility_dutch,2022.2.4,Win32,60.70908208,,,,18.0,1.0,Nederlands,,,,,,Engels,2.0,Duits,1.0,,0.0,,0.0,,0.0,,0.0,,0.0,,0.0,NL,3.0,2.0,2.0,1.0,,sensorypref1,sensorypref2,1280.0,720.0,,,,,,,,,,,,,,,,,,,,,,,,,,,,,3.0,"[332.93729999995224,643.165399999857,885.6832000000477]","[332.9373999998569,643.1655000000001,885.6832000000477]",3.0,"[337.24069999980924,648.5121999998092,888.7811999998092]","[337.2407999999523,648.5121999998092,888.7812999999524]",22.0,890.2456,40.0,"[5.7980999999045935,1.8645999999046694,3.9487000000476655,8.612600000143004,6.114499999999964,0.8995999999046376,1.098900000095398,6.414500000000032,6.898099999904673,6.430899999856933,0.9487000000477224,1.132799999952283,1.066000000000031,0.83299999999997,1.833200000047782,0.9997000000475964,2.3490000000000464,4.748900000095318,1.1489000000954093,30.42379999995228,1.0994000000953292,0.8333999998569652,0.7998999998569616,3.697899999856986,0.8659000000953938,4.21449999999993,1.616299999952389,2.4658999998569016,2.6323999998569434,1.6828000001906958,1.0831000001430766,3.4322000000477146,1.0824000000953902,2.2153999998569134,10.512399999856939,11.59610000014311,7.848400000095353,0.9331000001430994,3.8319999999999936,2.7998999998569616]","[5.7980999999045935,1.8645999999046694,3.9487000000476655,8.612600000143004,6.114499999999964,0.8997000000476874,1.098900000095398,6.414500000000032,6.898099999904673,6.430999999999983,0.9487000000477224,1.1329999999999814,1.0661000001430239,0.83299999999997,1.833200000047782,0.9997999999523017,2.3491000001430393,4.749000000000024,1.1489000000954093,30.423900000095387,1.0994000000953292,0.8333999998569652,0.7998999998569616,3.697999999999979,0.8659999999999854,4.21449999999993,1.6163999998569807,2.4658999998569016,2.6323999998569434,1.682900000095401,1.0831000001430766,3.4322000000477146,1.0824999999999818,2.2153999998569134,10.512500000000045,11.596200000047702,7.848400000095353,0.933200000047691,3.8320999999045853,2.7998999998569616]",,,0.0,0.0,0.0,44.0,1.0,lucht,vlucht,question_vocal.png,im_mouth.png,,,,,,
,,,538741,1,21,2023-09-29_12h32.28.399,flesh_expressibility_dutch,2022.2.4,Win32,60.70908208,,,,18.0,1.0,Nederlands,,,,,,Engels,2.0,Duits,1.0,,0.0,,0.0,,0.0,,0.0,,0.0,,0.0,NL,3.0,2.0,2.0,1.0,,sensorypref1,sensorypref2,1280.0,720.0,,,,,,,,,,,,,,,,,,,,,,,,,,,,,,,,,,,22.0,891.2445,40.0,"[5.7980999999045935,1.8645999999046694,3.9487000000476655,8.612600000143004,6.114499999999964,0.8995999999046376,1.098900000095398,6.414500000000032,6.898099999904673,6.430899999856933,0.9487000000477224,1.132799999952283,1.066000000000031,0.83299999999997,1.833200000047782,0.9997000000475964,2.3490000000000464,4.748900000095318,1.1489000000954093,30.42379999995228,1.0994000000953292,0.8333999998569652,0.7998999998569616,3.697899999856986,0.8659000000953938,4.21449999999993,1.616299999952389,2.4658999998569016,2.6323999998569434,1.6828000001906958,1.0831000001430766,3.4322000000477146,1.0824000000953902,2.2153999998569134,10.512399999856939,11.59610000014311,7.848400000095353,0.9331000001430994,3.8319999999999936,2.7998999998569616]","[5.7980999999045935,1.8645999999046694,3.9487000000476655,8.612600000143004,6.114499999999964,0.8997000000476874,1.098900000095398,6.414500000000032,6.898099999904673,6.430999999999983,0.9487000000477224,1.1329999999999814,1.0661000001430239,0.83299999999997,1.833200000047782,0.9997999999523017,2.3491000001430393,4.749000000000024,1.1489000000954093,30.423900000095387,1.0994000000953292,0.8333999998569652,0.7998999998569616,3.697999999999979,0.8659999999999854,4.21449999999993,1.6163999998569807,2.4658999998569016,2.6323999998569434,1.682900000095401,1.0831000001430766,3.4322000000477146,1.0824999999999818,2.2153999998569134,10.512500000000045,11.596200000047702,7.848400000095353,0.933200000047691,3.8320999999045853,2.7998999998569616]",,,0.0,1.0,1.0,77.0,1.0,groen,vgroen,question_vocal.png,im_mouth.png,,,,,,
,,,538741,1,21,2023-09-29_12h32.28.399,flesh_expressibility_dutch,2022.2.4,Win32,60.70908208,,,,18.0,1.0,Nederlands,,,,,,Engels,2.0,Duits,1.0,,0.0,,0.0,,0.0,,0.0,,0.0,,0.0,NL,3.0,2.0,2.0,1.0,,sensorypref1,sensorypref2,1280.0,720.0,,,,,,,,,,,,,,,,,,,,,,,,,,,,,,,,,,,22.0,892.2363,40.0,"[5.7980999999045935,1.8645999999046694,3.9487000000476655,8.612600000143004,6.114499999999964,0.8995999999046376,1.098900000095398,6.414500000000032,6.898099999904673,6.430899999856933,0.9487000000477224,1.132799999952283,1.066000000000031,0.83299999999997,1.833200000047782,0.9997000000475964,2.3490000000000464,4.748900000095318,1.1489000000954093,30.42379999995228,1.0994000000953292,0.8333999998569652,0.7998999998569616,3.697899999856986,0.8659000000953938,4.21449999999993,1.616299999952389,2.4658999998569016,2.6323999998569434,1.6828000001906958,1.0831000001430766,3.4322000000477146,1.0824000000953902,2.2153999998569134,10.512399999856939,11.59610000014311,7.848400000095353,0.9331000001430994,3.8319999999999936,2.7998999998569616]","[5.7980999999045935,1.8645999999046694,3.9487000000476655,8.612600000143004,6.114499999999964,0.8997000000476874,1.098900000095398,6.414500000000032,6.898099999904673,6.430999999999983,0.9487000000477224,1.1329999999999814,1.0661000001430239,0.83299999999997,1.833200000047782,0.9997999999523017,2.3491000001430393,4.749000000000024,1.1489000000954093,30.423900000095387,1.0994000000953292,0.8333999998569652,0.7998999998569616,3.697999999999979,0.8659999999999854,4.21449999999993,1.6163999998569807,2.4658999998569016,2.6323999998569434,1.682900000095401,1.0831000001430766,3.4322000000477146,1.0824999999999818,2.2153999998569134,10.512500000000045,11.596200000047702,7.848400000095353,0.933200000047691,3.8320999999045853,2.7998999998569616]",,,0.0,2.0,2.0,162.0,1.0,bitter,vbitter,question_vocal.png,im_mouth.png,,,,,,
,,,538741,1,21,2023-09-29_12h32.28.399,flesh_expressibility_dutch,2022.2.4,Win32,60.70908208,,,,18.0,1.0,Nederlands,,,,,,Engels,2.0,Duits,1.0,,0.0,,0.0,,0.0,,0.0,,0.0,,0.0,NL,3.0,2.0,2.0,1.0,,sensorypref1,sensorypref2,1280.0,720.0,,,,,,,,,,,,,,,,,,,,,,,,,,,,,,,,,,,22.0,893.2961,40.0,"[5.7980999999045935,1.8645999999046694,3.9487000000476655,8.612600000143004,6.114499999999964,0.8995999999046376,1.098900000095398,6.414500000000032,6.898099999904673,6.430899999856933,0.9487000000477224,1.132799999952283,1.066000000000031,0.83299999999997,1.833200000047782,0.9997000000475964,2.3490000000000464,4.748900000095318,1.1489000000954093,30.42379999995228,1.0994000000953292,0.8333999998569652,0.7998999998569616,3.697899999856986,0.8659000000953938,4.21449999999993,1.616299999952389,2.4658999998569016,2.6323999998569434,1.6828000001906958,1.0831000001430766,3.4322000000477146,1.0824000000953902,2.2153999998569134,10.512399999856939,11.59610000014311,7.848400000095353,0.9331000001430994,3.8319999999999936,2.7998999998569616]","[5.7980999999045935,1.8645999999046694,3.9487000000476655,8.612600000143004,6.114499999999964,0.8997000000476874,1.098900000095398,6.414500000000032,6.898099999904673,6.430999999999983,0.9487000000477224,1.1329999999999814,1.0661000001430239,0.83299999999997,1.833200000047782,0.9997999999523017,2.3491000001430393,4.749000000000024,1.1489000000954093,30.423900000095387,1.0994000000953292,0.8333999998569652,0.7998999998569616,3.697999999999979,0.8659999999999854,4.21449999999993,1.6163999998569807,2.4658999998569016,2.6323999998569434,1.682900000095401,1.0831000001430766,3.4322000000477146,1.0824999999999818,2.2153999998569134,10.512500000000045,11.596200000047702,7.848400000095353,0.933200000047691,3.8320999999045853,2.7998999998569616]",,,0.0,3.0,3.0,105.0,1.0,arm (lichaam),varm (lichaam),question_vocal.png,im_mouth.png,,,,,,
,,,538741,1,21,2023-09-29_12h32.28.399,flesh_expressibility_dutch,2022.2.4,Win32,60.70908208,,,,18.0,1.0,Nederlands,,,,,,Engels,2.0,Duits,1.0,,0.0,,0.0,,0.0,,0.0,,0.0,,0.0,NL,3.0,2.0,2.0,1.0,,sensorypref1,sensorypref2,1280.0,720.0,,,,,,,,,,,,,,,,,,,,,,,,,,,,,,,,,,,21.0,894.3483,41.0,"[5.7980999999045935,1.8645999999046694,3.9487000000476655,8.612600000143004,6.114499999999964,0.8995999999046376,1.098900000095398,6.414500000000032,6.898099999904673,6.430899999856933,0.9487000000477224,1.132799999952283,1.066000000000031,0.83299999999997,1.833200000047782,0.9997000000475964,2.3490000000000464,4.748900000095318,1.1489000000954093,30.42379999995228,1.0994000000953292,0.8333999998569652,0.7998999998569616,3.697899999856986,0.8659000000953938,4.21449999999993,1.616299999952389,2.4658999998569016,2.6323999998569434,1.6828000001906958,1.0831000001430766,3.4322000000477146,1.0824000000953902,2.2153999998569134,10.512399999856939,11.59610000014311,7.848400000095353,0.9331000001430994,3.8319999999999936,2.7998999998569616,3.898599999904718]","[5.7980999999045935,1.8645999999046694,3.9487000000476655,8.612600000143004,6.114499999999964,0.8997000000476874,1.098900000095398,6.414500000000032,6.898099999904673,6.430999999999983,0.9487000000477224,1.1329999999999814,1.0661000001430239,0.83299999999997,1.833200000047782,0.9997999999523017,2.3491000001430393,4.749000000000024,1.1489000000954093,30.423900000095387,1.0994000000953292,0.8333999998569652,0.7998999998569616,3.697999999999979,0.8659999999999854,4.21449999999993,1.6163999998569807,2.4658999998569016,2.6323999998569434,1.682900000095401,1.0831000001430766,3.4322000000477146,1.0824999999999818,2.2153999998569134,10.512500000000045,11.596200000047702,7.848400000095353,0.933200000047691,3.8320999999045853,2.7998999998569616,3.898700000047711]",-0.957407379,6.8065,0.0,4.0,4.0,187.0,1.0,dit,vdit,question_vocal.png,im_mouth.png,,,,,,
,,,538741,1,21,2023-09-29_12h32.28.399,flesh_expressibility_dutch,2022.2.4,Win32,60.70908208,,,,18.0,1.0,Nederlands,,,,,,Engels,2.0,Duits,1.0,,0.0,,0.0,,0.0,,0.0,,0.0,,0.0,NL,3.0,2.0,2.0,1.0,,sensorypref1,sensorypref2,1280.0,720.0,,,,,,,,,,,,,,,,,,,,,,,,,,,,,,,,,,,22.0,904.8673,41.0,"[5.7980999999045935,1.8645999999046694,3.9487000000476655,8.612600000143004,6.114499999999964,0.8995999999046376,1.098900000095398,6.414500000000032,6.898099999904673,6.430899999856933,0.9487000000477224,1.132799999952283,1.066000000000031,0.83299999999997,1.833200000047782,0.9997000000475964,2.3490000000000464,4.748900000095318,1.1489000000954093,30.42379999995228,1.0994000000953292,0.8333999998569652,0.7998999998569616,3.697899999856986,0.8659000000953938,4.21449999999993,1.616299999952389,2.4658999998569016,2.6323999998569434,1.6828000001906958,1.0831000001430766,3.4322000000477146,1.0824000000953902,2.2153999998569134,10.512399999856939,11.59610000014311,7.848400000095353,0.9331000001430994,3.8319999999999936,2.7998999998569616,3.898599999904718]","[5.7980999999045935,1.8645999999046694,3.9487000000476655,8.612600000143004,6.114499999999964,0.8997000000476874,1.098900000095398,6.414500000000032,6.898099999904673,6.430999999999983,0.9487000000477224,1.1329999999999814,1.0661000001430239,0.83299999999997,1.833200000047782,0.9997999999523017,2.3491000001430393,4.749000000000024,1.1489000000954093,30.423900000095387,1.0994000000953292,0.8333999998569652,0.7998999998569616,3.697999999999979,0.8659999999999854,4.21449999999993,1.6163999998569807,2.4658999998569016,2.6323999998569434,1.682900000095401,1.0831000001430766,3.4322000000477146,1.0824999999999818,2.2153999998569134,10.512500000000045,11.596200000047702,7.848400000095353,0.933200000047691,3.8320999999045853,2.7998999998569616,3.898700000047711]",,,0.0,5.0,5.0,132.0,1.0,aarde,vaarde,question_vocal.png,im_mouth.png,,,,,,
,,,538741,1,21,2023-09-29_12h32.28.399,flesh_expressibility_dutch,2022.2.4,Win32,60.70908208,,,,18.0,1.0,Nederlands,,,,,,Engels,2.0,Duits,1.0,,0.0,,0.0,,0.0,,0.0,,0.0,,0.0,NL,3.0,2.0,2.0,1.0,,sensorypref1,sensorypref2,1280.0,720.0,,,,,,,,,,,,,,,,,,,,,,,,,,,,,,,,,,,22.0,905.9126,41.0,"[5.7980999999045935,1.8645999999046694,3.9487000000476655,8.612600000143004,6.114499999999964,0.8995999999046376,1.098900000095398,6.414500000000032,6.898099999904673,6.430899999856933,0.9487000000477224,1.132799999952283,1.066000000000031,0.83299999999997,1.833200000047782,0.9997000000475964,2.3490000000000464,4.748900000095318,1.1489000000954093,30.42379999995228,1.0994000000953292,0.8333999998569652,0.7998999998569616,3.697899999856986,0.8659000000953938,4.21449999999993,1.616299999952389,2.4658999998569016,2.6323999998569434,1.6828000001906958,1.0831000001430766,3.4322000000477146,1.0824000000953902,2.2153999998569134,10.512399999856939,11.59610000014311,7.848400000095353,0.9331000001430994,3.8319999999999936,2.7998999998569616,3.898599999904718]","[5.7980999999045935,1.8645999999046694,3.9487000000476655,8.612600000143004,6.114499999999964,0.8997000000476874,1.098900000095398,6.414500000000032,6.898099999904673,6.430999999999983,0.9487000000477224,1.1329999999999814,1.0661000001430239,0.83299999999997,1.833200000047782,0.9997999999523017,2.3491000001430393,4.749000000000024,1.1489000000954093,30.423900000095387,1.0994000000953292,0.8333999998569652,0.7998999998569616,3.697999999999979,0.8659999999999854,4.21449999999993,1.6163999998569807,2.4658999998569016,2.6323999998569434,1.682900000095401,1.0831000001430766,3.4322000000477146,1.0824999999999818,2.2153999998569134,10.512500000000045,11.596200000047702,7.848400000095353,0.933200000047691,3.8320999999045853,2.7998999998569616,3.898700000047711]",,,0.0,6.0,6.0,35.0,1.0,boos,vboos,question_vocal.png,im_mouth.png,,,,,,
,,,538741,1,21,2023-09-29_12h32.28.399,flesh_expressibility_dutch,2022.2.4,Win32,60.70908208,,,,18.0,1.0,Nederlands,,,,,,Engels,2.0,Duits,1.0,,0.0,,0.0,,0.0,,0.0,,0.0,,0.0,NL,3.0,2.0,2.0,1.0,,sensorypref1,sensorypref2,1280.0,720.0,,,,,,,,,,,,,,,,,,,,,,,,,,,,,,,,,,,22.0,906.9091,41.0,"[5.7980999999045935,1.8645999999046694,3.9487000000476655,8.612600000143004,6.114499999999964,0.8995999999046376,1.098900000095398,6.414500000000032,6.898099999904673,6.430899999856933,0.9487000000477224,1.132799999952283,1.066000000000031,0.83299999999997,1.833200000047782,0.9997000000475964,2.3490000000000464,4.748900000095318,1.1489000000954093,30.42379999995228,1.0994000000953292,0.8333999998569652,0.7998999998569616,3.697899999856986,0.8659000000953938,4.21449999999993,1.616299999952389,2.4658999998569016,2.6323999998569434,1.6828000001906958,1.0831000001430766,3.4322000000477146,1.0824000000953902,2.2153999998569134,10.512399999856939,11.59610000014311,7.848400000095353,0.9331000001430994,3.8319999999999936,2.7998999998569616,3.898599999904718]","[5.7980999999045935,1.8645999999046694,3.9487000000476655,8.612600000143004,6.114499999999964,0.8997000000476874,1.098900000095398,6.414500000000032,6.898099999904673,6.430999999999983,0.9487000000477224,1.1329999999999814,1.0661000001430239,0.83299999999997,1.833200000047782,0.9997999999523017,2.3491000001430393,4.749000000000024,1.1489000000954093,30.423900000095387,1.0994000000953292,0.8333999998569652,0.7998999998569616,3.697999999999979,0.8659999999999854,4.21449999999993,1.6163999998569807,2.4658999998569016,2.6323999998569434,1.682900000095401,1.0831000001430766,3.4322000000477146,1.0824999999999818,2.2153999998569134,10.512500000000045,11.596200000047702,7.848400000095353,0.933200000047691,3.8320999999045853,2.7998999998569616,3.898700000047711]",,,0.0,7.0,7.0,66.0,1.0,"bot (kenmerk, niet lichaam)","vbot (kenmerk, niet lichaam)",question_vocal.png,im_mouth.png,,,,,,
,,,538741,1,21,2023-09-29_12h32.28.399,flesh_expressibility_dutch,2022.2.4,Win32,60.70908208,,,,18.0,1.0,Nederlands,,,,,,Engels,2.0,Duits,1.0,,0.0,,0.0,,0.0,,0.0,,0.0,,0.0,NL,3.0,2.0,2.0,1.0,,sensorypref1,sensorypref2,1280.0,720.0,,,,,,,,,,,,,,,,,,,,,,,,,,,,,,,,,,,22.0,907.9911,41.0,"[5.7980999999045935,1.8645999999046694,3.9487000000476655,8.612600000143004,6.114499999999964,0.8995999999046376,1.098900000095398,6.414500000000032,6.898099999904673,6.430899999856933,0.9487000000477224,1.132799999952283,1.066000000000031,0.83299999999997,1.833200000047782,0.9997000000475964,2.3490000000000464,4.748900000095318,1.1489000000954093,30.42379999995228,1.0994000000953292,0.8333999998569652,0.7998999998569616,3.697899999856986,0.8659000000953938,4.21449999999993,1.616299999952389,2.4658999998569016,2.6323999998569434,1.6828000001906958,1.0831000001430766,3.4322000000477146,1.0824000000953902,2.2153999998569134,10.512399999856939,11.59610000014311,7.848400000095353,0.9331000001430994,3.8319999999999936,2.7998999998569616,3.898599999904718]","[5.7980999999045935,1.8645999999046694,3.9487000000476655,8.612600000143004,6.114499999999964,0.8997000000476874,1.098900000095398,6.414500000000032,6.898099999904673,6.430999999999983,0.9487000000477224,1.1329999999999814,1.0661000001430239,0.83299999999997,1.833200000047782,0.9997999999523017,2.3491000001430393,4.749000000000024,1.1489000000954093,30.423900000095387,1.0994000000953292,0.8333999998569652,0.7998999998569616,3.697999999999979,0.8659999999999854,4.21449999999993,1.6163999998569807,2.4658999998569016,2.6323999998569434,1.682900000095401,1.0831000001430766,3.4322000000477146,1.0824999999999818,2.2153999998569134,10.512500000000045,11.596200000047702,7.848400000095353,0.933200000047691,3.8320999999045853,2.7998999998569616,3.898700000047711]",,,0.0,8.0,8.0,76.0,1.0,blauw,vblauw,question_vocal.png,im_mouth.png,,,,,,
,,,538741,1,21,2023-09-29_12h32.28.399,flesh_expressibility_dutch,2022.2.4,Win32,60.70908208,,,,18.0,1.0,Nederlands,,,,,,Engels,2.0,Duits,1.0,,0.0,,0.0,,0.0,,0.0,,0.0,,0.0,NL,3.0,2.0,2.0,1.0,,sensorypref1,sensorypref2,1280.0,720.0,,,,,,,,,,,,,,,,,,,,,,,,,,,,,,,,,,,22.0,908.9266,41.0,"[5.7980999999045935,1.8645999999046694,3.9487000000476655,8.612600000143004,6.114499999999964,0.8995999999046376,1.098900000095398,6.414500000000032,6.898099999904673,6.430899999856933,0.9487000000477224,1.132799999952283,1.066000000000031,0.83299999999997,1.833200000047782,0.9997000000475964,2.3490000000000464,4.748900000095318,1.1489000000954093,30.42379999995228,1.0994000000953292,0.8333999998569652,0.7998999998569616,3.697899999856986,0.8659000000953938,4.21449999999993,1.616299999952389,2.4658999998569016,2.6323999998569434,1.6828000001906958,1.0831000001430766,3.4322000000477146,1.0824000000953902,2.2153999998569134,10.512399999856939,11.59610000014311,7.848400000095353,0.9331000001430994,3.8319999999999936,2.7998999998569616,3.898599999904718]","[5.7980999999045935,1.8645999999046694,3.9487000000476655,8.612600000143004,6.114499999999964,0.8997000000476874,1.098900000095398,6.414500000000032,6.898099999904673,6.430999999999983,0.9487000000477224,1.1329999999999814,1.0661000001430239,0.83299999999997,1.833200000047782,0.9997999999523017,2.3491000001430393,4.749000000000024,1.1489000000954093,30.423900000095387,1.0994000000953292,0.8333999998569652,0.7998999998569616,3.697999999999979,0.8659999999999854,4.21449999999993,1.6163999998569807,2.4658999998569016,2.6323999998569434,1.682900000095401,1.0831000001430766,3.4322000000477146,1.0824999999999818,2.2153999998569134,10.512500000000045,11.596200000047702,7.848400000095353,0.933200000047691,3.8320999999045853,2.7998999998569616,3.898700000047711]",,,0.0,9.0,9.0,109.0,1.0,tong,vtong,question_vocal.png,im_mouth.png,,,,,,
,,,538741,1,21,2023-09-29_12h32.28.399,flesh_expressibility_dutch,2022.2.4,Win32,60.70908208,,,,18.0,1.0,Nederlands,,,,,,Engels,2.0,Duits,1.0,,0.0,,0.0,,0.0,,0.0,,0.0,,0.0,NL,3.0,2.0,2.0,1.0,,sensorypref1,sensorypref2,1280.0,720.0,,,,,,,,,,,,,,,,,,,,,,,,,,,,,,,,,,,22.0,910.0994,41.0,"[5.7980999999045935,1.8645999999046694,3.9487000000476655,8.612600000143004,6.114499999999964,0.8995999999046376,1.098900000095398,6.414500000000032,6.898099999904673,6.430899999856933,0.9487000000477224,1.132799999952283,1.066000000000031,0.83299999999997,1.833200000047782,0.9997000000475964,2.3490000000000464,4.748900000095318,1.1489000000954093,30.42379999995228,1.0994000000953292,0.8333999998569652,0.7998999998569616,3.697899999856986,0.8659000000953938,4.21449999999993,1.616299999952389,2.4658999998569016,2.6323999998569434,1.6828000001906958,1.0831000001430766,3.4322000000477146,1.0824000000953902,2.2153999998569134,10.512399999856939,11.59610000014311,7.848400000095353,0.9331000001430994,3.8319999999999936,2.7998999998569616,3.898599999904718]","[5.7980999999045935,1.8645999999046694,3.9487000000476655,8.612600000143004,6.114499999999964,0.8997000000476874,1.098900000095398,6.414500000000032,6.898099999904673,6.430999999999983,0.9487000000477224,1.1329999999999814,1.0661000001430239,0.83299999999997,1.833200000047782,0.9997999999523017,2.3491000001430393,4.749000000000024,1.1489000000954093,30.423900000095387,1.0994000000953292,0.8333999998569652,0.7998999998569616,3.697999999999979,0.8659999999999854,4.21449999999993,1.6163999998569807,2.4658999998569016,2.6323999998569434,1.682900000095401,1.0831000001430766,3.4322000000477146,1.0824999999999818,2.2153999998569134,10.512500000000045,11.596200000047702,7.848400000095353,0.933200000047691,3.8320999999045853,2.7998999998569616,3.898700000047711]",,,0.0,10.0,10.0,85.0,1.0,boven,vboven,question_vocal.png,im_mouth.png,,,,,,
,,,538741,1,21,2023-09-29_12h32.28.399,flesh_expressibility_dutch,2022.2.4,Win32,60.70908208,,,,18.0,1.0,Nederlands,,,,,,Engels,2.0,Duits,1.0,,0.0,,0.0,,0.0,,0.0,,0.0,,0.0,NL,3.0,2.0,2.0,1.0,,sensorypref1,sensorypref2,1280.0,720.0,,,,,,,,,,,,,,,,,,,,,,,,,,,,,,,,,,,22.0,911.028,41.0,"[5.7980999999045935,1.8645999999046694,3.9487000000476655,8.612600000143004,6.114499999999964,0.8995999999046376,1.098900000095398,6.414500000000032,6.898099999904673,6.430899999856933,0.9487000000477224,1.132799999952283,1.066000000000031,0.83299999999997,1.833200000047782,0.9997000000475964,2.3490000000000464,4.748900000095318,1.1489000000954093,30.42379999995228,1.0994000000953292,0.8333999998569652,0.7998999998569616,3.697899999856986,0.8659000000953938,4.21449999999993,1.616299999952389,2.4658999998569016,2.6323999998569434,1.6828000001906958,1.0831000001430766,3.4322000000477146,1.0824000000953902,2.2153999998569134,10.512399999856939,11.59610000014311,7.848400000095353,0.9331000001430994,3.8319999999999936,2.7998999998569616,3.898599999904718]","[5.7980999999045935,1.8645999999046694,3.9487000000476655,8.612600000143004,6.114499999999964,0.8997000000476874,1.098900000095398,6.414500000000032,6.898099999904673,6.430999999999983,0.9487000000477224,1.1329999999999814,1.0661000001430239,0.83299999999997,1.833200000047782,0.9997999999523017,2.3491000001430393,4.749000000000024,1.1489000000954093,30.423900000095387,1.0994000000953292,0.8333999998569652,0.7998999998569616,3.697999999999979,0.8659999999999854,4.21449999999993,1.6163999998569807,2.4658999998569016,2.6323999998569434,1.682900000095401,1.0831000001430766,3.4322000000477146,1.0824999999999818,2.2153999998569134,10.512500000000045,11.596200000047702,7.848400000095353,0.933200000047691,3.8320999999045853,2.7998999998569616,3.898700000047711]",,,0.0,11.0,11.0,37.0,1.0,walgen,vwalgen,question_vocal.png,im_mouth.png,,,,,,
,,,538741,1,21,2023-09-29_12h32.28.399,flesh_expressibility_dutch,2022.2.4,Win32,60.70908208,,,,18.0,1.0,Nederlands,,,,,,Engels,2.0,Duits,1.0,,0.0,,0.0,,0.0,,0.0,,0.0,,0.0,NL,3.0,2.0,2.0,1.0,,sensorypref1,sensorypref2,1280.0,720.0,,,,,,,,,,,,,,,,,,,,,,,,,,,,,,,,,,,22.0,912.1383,41.0,"[5.7980999999045935,1.8645999999046694,3.9487000000476655,8.612600000143004,6.114499999999964,0.8995999999046376,1.098900000095398,6.414500000000032,6.898099999904673,6.430899999856933,0.9487000000477224,1.132799999952283,1.066000000000031,0.83299999999997,1.833200000047782,0.9997000000475964,2.3490000000000464,4.748900000095318,1.1489000000954093,30.42379999995228,1.0994000000953292,0.8333999998569652,0.7998999998569616,3.697899999856986,0.8659000000953938,4.21449999999993,1.616299999952389,2.4658999998569016,2.6323999998569434,1.6828000001906958,1.0831000001430766,3.4322000000477146,1.0824000000953902,2.2153999998569134,10.512399999856939,11.59610000014311,7.848400000095353,0.9331000001430994,3.8319999999999936,2.7998999998569616,3.898599999904718]","[5.7980999999045935,1.8645999999046694,3.9487000000476655,8.612600000143004,6.114499999999964,0.8997000000476874,1.098900000095398,6.414500000000032,6.898099999904673,6.430999999999983,0.9487000000477224,1.1329999999999814,1.0661000001430239,0.83299999999997,1.833200000047782,0.9997999999523017,2.3491000001430393,4.749000000000024,1.1489000000954093,30.423900000095387,1.0994000000953292,0.8333999998569652,0.7998999998569616,3.697999999999979,0.8659999999999854,4.21449999999993,1.6163999998569807,2.4658999998569016,2.6323999998569434,1.682900000095401,1.0831000001430766,3.4322000000477146,1.0824999999999818,2.2153999998569134,10.512500000000045,11.596200000047702,7.848400000095353,0.933200000047691,3.8320999999045853,2.7998999998569616,3.898700000047711]",,,0.0,12.0,12.0,14.0,1.0,licht,vlicht,question_vocal.png,im_mouth.png,,,,,,
,,,538741,1,21,2023-09-29_12h32.28.399,flesh_expressibility_dutch,2022.2.4,Win32,60.70908208,,,,18.0,1.0,Nederlands,,,,,,Engels,2.0,Duits,1.0,,0.0,,0.0,,0.0,,0.0,,0.0,,0.0,NL,3.0,2.0,2.0,1.0,,sensorypref1,sensorypref2,1280.0,720.0,,,,,,,,,,,,,,,,,,,,,,,,,,,,,,,,,,,22.0,913.1639,41.0,"[5.7980999999045935,1.8645999999046694,3.9487000000476655,8.612600000143004,6.114499999999964,0.8995999999046376,1.098900000095398,6.414500000000032,6.898099999904673,6.430899999856933,0.9487000000477224,1.132799999952283,1.066000000000031,0.83299999999997,1.833200000047782,0.9997000000475964,2.3490000000000464,4.748900000095318,1.1489000000954093,30.42379999995228,1.0994000000953292,0.8333999998569652,0.7998999998569616,3.697899999856986,0.8659000000953938,4.21449999999993,1.616299999952389,2.4658999998569016,2.6323999998569434,1.6828000001906958,1.0831000001430766,3.4322000000477146,1.0824000000953902,2.2153999998569134,10.512399999856939,11.59610000014311,7.848400000095353,0.9331000001430994,3.8319999999999936,2.7998999998569616,3.898599999904718]","[5.7980999999045935,1.8645999999046694,3.9487000000476655,8.612600000143004,6.114499999999964,0.8997000000476874,1.098900000095398,6.414500000000032,6.898099999904673,6.430999999999983,0.9487000000477224,1.1329999999999814,1.0661000001430239,0.83299999999997,1.833200000047782,0.9997999999523017,2.3491000001430393,4.749000000000024,1.1489000000954093,30.423900000095387,1.0994000000953292,0.8333999998569652,0.7998999998569616,3.697999999999979,0.8659999999999854,4.21449999999993,1.6163999998569807,2.4658999998569016,2.6323999998569434,1.682900000095401,1.0831000001430766,3.4322000000477146,1.0824999999999818,2.2153999998569134,10.512500000000045,11.596200000047702,7.848400000095353,0.933200000047691,3.8320999999045853,2.7998999998569616,3.898700000047711]",,,0.0,13.0,13.0,57.0,1.0,fruit,vfruit,question_vocal.png,im_mouth.png,,,,,,
,,,538741,1,21,2023-09-29_12h32.28.399,flesh_expressibility_dutch,2022.2.4,Win32,60.70908208,,,,18.0,1.0,Nederlands,,,,,,Engels,2.0,Duits,1.0,,0.0,,0.0,,0.0,,0.0,,0.0,,0.0,NL,3.0,2.0,2.0,1.0,,sensorypref1,sensorypref2,1280.0,720.0,,,,,,,,,,,,,,,,,,,,,,,,,,,,,,,,,,,22.0,914.1492,41.0,"[5.7980999999045935,1.8645999999046694,3.9487000000476655,8.612600000143004,6.114499999999964,0.8995999999046376,1.098900000095398,6.414500000000032,6.898099999904673,6.430899999856933,0.9487000000477224,1.132799999952283,1.066000000000031,0.83299999999997,1.833200000047782,0.9997000000475964,2.3490000000000464,4.748900000095318,1.1489000000954093,30.42379999995228,1.0994000000953292,0.8333999998569652,0.7998999998569616,3.697899999856986,0.8659000000953938,4.21449999999993,1.616299999952389,2.4658999998569016,2.6323999998569434,1.6828000001906958,1.0831000001430766,3.4322000000477146,1.0824000000953902,2.2153999998569134,10.512399999856939,11.59610000014311,7.848400000095353,0.9331000001430994,3.8319999999999936,2.7998999998569616,3.898599999904718]","[5.7980999999045935,1.8645999999046694,3.9487000000476655,8.612600000143004,6.114499999999964,0.8997000000476874,1.098900000095398,6.414500000000032,6.898099999904673,6.430999999999983,0.9487000000477224,1.1329999999999814,1.0661000001430239,0.83299999999997,1.833200000047782,0.9997999999523017,2.3491000001430393,4.749000000000024,1.1489000000954093,30.423900000095387,1.0994000000953292,0.8333999998569652,0.7998999998569616,3.697999999999979,0.8659999999999854,4.21449999999993,1.6163999998569807,2.4658999998569016,2.6323999998569434,1.682900000095401,1.0831000001430766,3.4322000000477146,1.0824999999999818,2.2153999998569134,10.512500000000045,11.596200000047702,7.848400000095353,0.933200000047691,3.8320999999045853,2.7998999998569616,3.898700000047711]",,,0.0,14.0,14.0,34.0,1.0,vergeten,vvergeten,question_vocal.png,im_mouth.png,,,,,,
,,,538741,1,21,2023-09-29_12h32.28.399,flesh_expressibility_dutch,2022.2.4,Win32,60.70908208,,,,18.0,1.0,Nederlands,,,,,,Engels,2.0,Duits,1.0,,0.0,,0.0,,0.0,,0.0,,0.0,,0.0,NL,3.0,2.0,2.0,1.0,,sensorypref1,sensorypref2,1280.0,720.0,,,,,,,,,,,,,,,,,,,,,,,,,,,,,,,,,,,22.0,915.2121,41.0,"[5.7980999999045935,1.8645999999046694,3.9487000000476655,8.612600000143004,6.114499999999964,0.8995999999046376,1.098900000095398,6.414500000000032,6.898099999904673,6.430899999856933,0.9487000000477224,1.132799999952283,1.066000000000031,0.83299999999997,1.833200000047782,0.9997000000475964,2.3490000000000464,4.748900000095318,1.1489000000954093,30.42379999995228,1.0994000000953292,0.8333999998569652,0.7998999998569616,3.697899999856986,0.8659000000953938,4.21449999999993,1.616299999952389,2.4658999998569016,2.6323999998569434,1.6828000001906958,1.0831000001430766,3.4322000000477146,1.0824000000953902,2.2153999998569134,10.512399999856939,11.59610000014311,7.848400000095353,0.9331000001430994,3.8319999999999936,2.7998999998569616,3.898599999904718]","[5.7980999999045935,1.8645999999046694,3.9487000000476655,8.612600000143004,6.114499999999964,0.8997000000476874,1.098900000095398,6.414500000000032,6.898099999904673,6.430999999999983,0.9487000000477224,1.1329999999999814,1.0661000001430239,0.83299999999997,1.833200000047782,0.9997999999523017,2.3491000001430393,4.749000000000024,1.1489000000954093,30.423900000095387,1.0994000000953292,0.8333999998569652,0.7998999998569616,3.697999999999979,0.8659999999999854,4.21449999999993,1.6163999998569807,2.4658999998569016,2.6323999998569434,1.682900000095401,1.0831000001430766,3.4322000000477146,1.0824999999999818,2.2153999998569134,10.512500000000045,11.596200000047702,7.848400000095353,0.933200000047691,3.8320999999045853,2.7998999998569616,3.898700000047711]",,,0.0,15.0,15.0,33.0,1.0,dromen,vdromen,question_vocal.png,im_mouth.png,,,,,,
,,,538741,1,21,2023-09-29_12h32.28.399,flesh_expressibility_dutch,2022.2.4,Win32,60.70908208,,,,18.0,1.0,Nederlands,,,,,,Engels,2.0,Duits,1.0,,0.0,,0.0,,0.0,,0.0,,0.0,,0.0,NL,3.0,2.0,2.0,1.0,,sensorypref1,sensorypref2,1280.0,720.0,,,,,,,,,,,,,,,,,,,,,,,,,,,,,,,,,,,22.0,916.2499,41.0,"[5.7980999999045935,1.8645999999046694,3.9487000000476655,8.612600000143004,6.114499999999964,0.8995999999046376,1.098900000095398,6.414500000000032,6.898099999904673,6.430899999856933,0.9487000000477224,1.132799999952283,1.066000000000031,0.83299999999997,1.833200000047782,0.9997000000475964,2.3490000000000464,4.748900000095318,1.1489000000954093,30.42379999995228,1.0994000000953292,0.8333999998569652,0.7998999998569616,3.697899999856986,0.8659000000953938,4.21449999999993,1.616299999952389,2.4658999998569016,2.6323999998569434,1.6828000001906958,1.0831000001430766,3.4322000000477146,1.0824000000953902,2.2153999998569134,10.512399999856939,11.59610000014311,7.848400000095353,0.9331000001430994,3.8319999999999936,2.7998999998569616,3.898599999904718]","[5.7980999999045935,1.8645999999046694,3.9487000000476655,8.612600000143004,6.114499999999964,0.8997000000476874,1.098900000095398,6.414500000000032,6.898099999904673,6.430999999999983,0.9487000000477224,1.1329999999999814,1.0661000001430239,0.83299999999997,1.833200000047782,0.9997999999523017,2.3491000001430393,4.749000000000024,1.1489000000954093,30.423900000095387,1.0994000000953292,0.8333999998569652,0.7998999998569616,3.697999999999979,0.8659999999999854,4.21449999999993,1.6163999998569807,2.4658999998569016,2.6323999998569434,1.682900000095401,1.0831000001430766,3.4322000000477146,1.0824999999999818,2.2153999998569134,10.512500000000045,11.596200000047702,7.848400000095353,0.933200000047691,3.8320999999045853,2.7998999998569616,3.898700000047711]",,,0.0,16.0,16.0,29.0,1.0,ziek,vziek,question_vocal.png,im_mouth.png,,,,,,
,,,538741,1,21,2023-09-29_12h32.28.399,flesh_expressibility_dutch,2022.2.4,Win32,60.70908208,,,,18.0,1.0,Nederlands,,,,,,Engels,2.0,Duits,1.0,,0.0,,0.0,,0.0,,0.0,,0.0,,0.0,NL,3.0,2.0,2.0,1.0,,sensorypref1,sensorypref2,1280.0,720.0,,,,,,,,,,,,,,,,,,,,,,,,,,,,,,,,,,,22.0,917.1367,41.0,"[5.7980999999045935,1.8645999999046694,3.9487000000476655,8.612600000143004,6.114499999999964,0.8995999999046376,1.098900000095398,6.414500000000032,6.898099999904673,6.430899999856933,0.9487000000477224,1.132799999952283,1.066000000000031,0.83299999999997,1.833200000047782,0.9997000000475964,2.3490000000000464,4.748900000095318,1.1489000000954093,30.42379999995228,1.0994000000953292,0.8333999998569652,0.7998999998569616,3.697899999856986,0.8659000000953938,4.21449999999993,1.616299999952389,2.4658999998569016,2.6323999998569434,1.6828000001906958,1.0831000001430766,3.4322000000477146,1.0824000000953902,2.2153999998569134,10.512399999856939,11.59610000014311,7.848400000095353,0.9331000001430994,3.8319999999999936,2.7998999998569616,3.898599999904718]","[5.7980999999045935,1.8645999999046694,3.9487000000476655,8.612600000143004,6.114499999999964,0.8997000000476874,1.098900000095398,6.414500000000032,6.898099999904673,6.430999999999983,0.9487000000477224,1.1329999999999814,1.0661000001430239,0.83299999999997,1.833200000047782,0.9997999999523017,2.3491000001430393,4.749000000000024,1.1489000000954093,30.423900000095387,1.0994000000953292,0.8333999998569652,0.7998999998569616,3.697999999999979,0.8659999999999854,4.21449999999993,1.6163999998569807,2.4658999998569016,2.6323999998569434,1.682900000095401,1.0831000001430766,3.4322000000477146,1.0824999999999818,2.2153999998569134,10.512500000000045,11.596200000047702,7.848400000095353,0.933200000047691,3.8320999999045853,2.7998999998569616,3.898700000047711]",,,0.0,17.0,17.0,116.0,1.0,oog,voog,question_vocal.png,im_mouth.png,,,,,,
,,,538741,1,21,2023-09-29_12h32.28.399,flesh_expressibility_dutch,2022.2.4,Win32,60.70908208,,,,18.0,1.0,Nederlands,,,,,,Engels,2.0,Duits,1.0,,0.0,,0.0,,0.0,,0.0,,0.0,,0.0,NL,3.0,2.0,2.0,1.0,,sensorypref1,sensorypref2,1280.0,720.0,,,,,,,,,,,,,,,,,,,,,,,,,,,,,,,,,,,22.0,918.1775,41.0,"[5.7980999999045935,1.8645999999046694,3.9487000000476655,8.612600000143004,6.114499999999964,0.8995999999046376,1.098900000095398,6.414500000000032,6.898099999904673,6.430899999856933,0.9487000000477224,1.132799999952283,1.066000000000031,0.83299999999997,1.833200000047782,0.9997000000475964,2.3490000000000464,4.748900000095318,1.1489000000954093,30.42379999995228,1.0994000000953292,0.8333999998569652,0.7998999998569616,3.697899999856986,0.8659000000953938,4.21449999999993,1.616299999952389,2.4658999998569016,2.6323999998569434,1.6828000001906958,1.0831000001430766,3.4322000000477146,1.0824000000953902,2.2153999998569134,10.512399999856939,11.59610000014311,7.848400000095353,0.9331000001430994,3.8319999999999936,2.7998999998569616,3.898599999904718]","[5.7980999999045935,1.8645999999046694,3.9487000000476655,8.612600000143004,6.114499999999964,0.8997000000476874,1.098900000095398,6.414500000000032,6.898099999904673,6.430999999999983,0.9487000000477224,1.1329999999999814,1.0661000001430239,0.83299999999997,1.833200000047782,0.9997999999523017,2.3491000001430393,4.749000000000024,1.1489000000954093,30.423900000095387,1.0994000000953292,0.8333999998569652,0.7998999998569616,3.697999999999979,0.8659999999999854,4.21449999999993,1.6163999998569807,2.4658999998569016,2.6323999998569434,1.682900000095401,1.0831000001430766,3.4322000000477146,1.0824999999999818,2.2153999998569134,10.512500000000045,11.596200000047702,7.848400000095353,0.933200000047691,3.8320999999045853,2.7998999998569616,3.898700000047711]",,,0.0,18.0,18.0,103.0,1.0,vlieg,vvlieg,question_vocal.png,im_mouth.png,,,,,,
,,,538741,1,21,2023-09-29_12h32.28.399,flesh_expressibility_dutch,2022.2.4,Win32,60.70908208,,,,18.0,1.0,Nederlands,,,,,,Engels,2.0,Duits,1.0,,0.0,,0.0,,0.0,,0.0,,0.0,,0.0,NL,3.0,2.0,2.0,1.0,,sensorypref1,sensorypref2,1280.0,720.0,,,,,,,,,,,,,,,,,,,,,,,,,,,,,,,,,,,22.0,919.1601,41.0,"[5.7980999999045935,1.8645999999046694,3.9487000000476655,8.612600000143004,6.114499999999964,0.8995999999046376,1.098900000095398,6.414500000000032,6.898099999904673,6.430899999856933,0.9487000000477224,1.132799999952283,1.066000000000031,0.83299999999997,1.833200000047782,0.9997000000475964,2.3490000000000464,4.748900000095318,1.1489000000954093,30.42379999995228,1.0994000000953292,0.8333999998569652,0.7998999998569616,3.697899999856986,0.8659000000953938,4.21449999999993,1.616299999952389,2.4658999998569016,2.6323999998569434,1.6828000001906958,1.0831000001430766,3.4322000000477146,1.0824000000953902,2.2153999998569134,10.512399999856939,11.59610000014311,7.848400000095353,0.9331000001430994,3.8319999999999936,2.7998999998569616,3.898599999904718]","[5.7980999999045935,1.8645999999046694,3.9487000000476655,8.612600000143004,6.114499999999964,0.8997000000476874,1.098900000095398,6.414500000000032,6.898099999904673,6.430999999999983,0.9487000000477224,1.1329999999999814,1.0661000001430239,0.83299999999997,1.833200000047782,0.9997999999523017,2.3491000001430393,4.749000000000024,1.1489000000954093,30.423900000095387,1.0994000000953292,0.8333999998569652,0.7998999998569616,3.697999999999979,0.8659999999999854,4.21449999999993,1.6163999998569807,2.4658999998569016,2.6323999998569434,1.682900000095401,1.0831000001430766,3.4322000000477146,1.0824999999999818,2.2153999998569134,10.512500000000045,11.596200000047702,7.848400000095353,0.933200000047691,3.8320999999045853,2.7998999998569616,3.898700000047711]",,,0.0,19.0,19.0,1.0,1.0,zoemen,vzoemen,question_vocal.png,im_mouth.png,,,,,,
,,,538741,1,21,2023-09-29_12h32.28.399,flesh_expressibility_dutch,2022.2.4,Win32,60.70908208,,,,18.0,1.0,Nederlands,,,,,,Engels,2.0,Duits,1.0,,0.0,,0.0,,0.0,,0.0,,0.0,,0.0,NL,3.0,2.0,2.0,1.0,,sensorypref1,sensorypref2,1280.0,720.0,,,,,,,,,,,,,,,,,,,,,,,,,,,,,,,,,,,22.0,920.1675,41.0,"[5.7980999999045935,1.8645999999046694,3.9487000000476655,8.612600000143004,6.114499999999964,0.8995999999046376,1.098900000095398,6.414500000000032,6.898099999904673,6.430899999856933,0.9487000000477224,1.132799999952283,1.066000000000031,0.83299999999997,1.833200000047782,0.9997000000475964,2.3490000000000464,4.748900000095318,1.1489000000954093,30.42379999995228,1.0994000000953292,0.8333999998569652,0.7998999998569616,3.697899999856986,0.8659000000953938,4.21449999999993,1.616299999952389,2.4658999998569016,2.6323999998569434,1.6828000001906958,1.0831000001430766,3.4322000000477146,1.0824000000953902,2.2153999998569134,10.512399999856939,11.59610000014311,7.848400000095353,0.9331000001430994,3.8319999999999936,2.7998999998569616,3.898599999904718]","[5.7980999999045935,1.8645999999046694,3.9487000000476655,8.612600000143004,6.114499999999964,0.8997000000476874,1.098900000095398,6.414500000000032,6.898099999904673,6.430999999999983,0.9487000000477224,1.1329999999999814,1.0661000001430239,0.83299999999997,1.833200000047782,0.9997999999523017,2.3491000001430393,4.749000000000024,1.1489000000954093,30.423900000095387,1.0994000000953292,0.8333999998569652,0.7998999998569616,3.697999999999979,0.8659999999999854,4.21449999999993,1.6163999998569807,2.4658999998569016,2.6323999998569434,1.682900000095401,1.0831000001430766,3.4322000000477146,1.0824999999999818,2.2153999998569134,10.512500000000045,11.596200000047702,7.848400000095353,0.933200000047691,3.8320999999045853,2.7998999998569616,3.898700000047711]",,,0.0,20.0,20.0,96.0,1.0,verbranden,vverbranden,question_vocal.png,im_mouth.png,,,,,,
,,,538741,1,21,2023-09-29_12h32.28.399,flesh_expressibility_dutch,2022.2.4,Win32,60.70908208,,,,18.0,1.0,Nederlands,,,,,,Engels,2.0,Duits,1.0,,0.0,,0.0,,0.0,,0.0,,0.0,,0.0,NL,3.0,2.0,2.0,1.0,,sensorypref1,sensorypref2,1280.0,720.0,,,,,,,,,,,,,,,,,,,,,,,,,,,,,,,,,,,22.0,921.2263,41.0,"[5.7980999999045935,1.8645999999046694,3.9487000000476655,8.612600000143004,6.114499999999964,0.8995999999046376,1.098900000095398,6.414500000000032,6.898099999904673,6.430899999856933,0.9487000000477224,1.132799999952283,1.066000000000031,0.83299999999997,1.833200000047782,0.9997000000475964,2.3490000000000464,4.748900000095318,1.1489000000954093,30.42379999995228,1.0994000000953292,0.8333999998569652,0.7998999998569616,3.697899999856986,0.8659000000953938,4.21449999999993,1.616299999952389,2.4658999998569016,2.6323999998569434,1.6828000001906958,1.0831000001430766,3.4322000000477146,1.0824000000953902,2.2153999998569134,10.512399999856939,11.59610000014311,7.848400000095353,0.9331000001430994,3.8319999999999936,2.7998999998569616,3.898599999904718]","[5.7980999999045935,1.8645999999046694,3.9487000000476655,8.612600000143004,6.114499999999964,0.8997000000476874,1.098900000095398,6.414500000000032,6.898099999904673,6.430999999999983,0.9487000000477224,1.1329999999999814,1.0661000001430239,0.83299999999997,1.833200000047782,0.9997999999523017,2.3491000001430393,4.749000000000024,1.1489000000954093,30.423900000095387,1.0994000000953292,0.8333999998569652,0.7998999998569616,3.697999999999979,0.8659999999999854,4.21449999999993,1.6163999998569807,2.4658999998569016,2.6323999998569434,1.682900000095401,1.0831000001430766,3.4322000000477146,1.0824999999999818,2.2153999998569134,10.512500000000045,11.596200000047702,7.848400000095353,0.933200000047691,3.8320999999045853,2.7998999998569616,3.898700000047711]",,,0.0,21.0,21.0,42.0,1.0,berg,vberg,question_vocal.png,im_mouth.png,,,,,,
,,,538741,1,21,2023-09-29_12h32.28.399,flesh_expressibility_dutch,2022.2.4,Win32,60.70908208,,,,18.0,1.0,Nederlands,,,,,,Engels,2.0,Duits,1.0,,0.0,,0.0,,0.0,,0.0,,0.0,,0.0,NL,3.0,2.0,2.0,1.0,,sensorypref1,sensorypref2,1280.0,720.0,,,,,,,,,,,,,,,,,,,,,,,,,,,,,,,,,,,22.0,922.2214,41.0,"[5.7980999999045935,1.8645999999046694,3.9487000000476655,8.612600000143004,6.114499999999964,0.8995999999046376,1.098900000095398,6.414500000000032,6.898099999904673,6.430899999856933,0.9487000000477224,1.132799999952283,1.066000000000031,0.83299999999997,1.833200000047782,0.9997000000475964,2.3490000000000464,4.748900000095318,1.1489000000954093,30.42379999995228,1.0994000000953292,0.8333999998569652,0.7998999998569616,3.697899999856986,0.8659000000953938,4.21449999999993,1.616299999952389,2.4658999998569016,2.6323999998569434,1.6828000001906958,1.0831000001430766,3.4322000000477146,1.0824000000953902,2.2153999998569134,10.512399999856939,11.59610000014311,7.848400000095353,0.9331000001430994,3.8319999999999936,2.7998999998569616,3.898599999904718]","[5.7980999999045935,1.8645999999046694,3.9487000000476655,8.612600000143004,6.114499999999964,0.8997000000476874,1.098900000095398,6.414500000000032,6.898099999904673,6.430999999999983,0.9487000000477224,1.1329999999999814,1.0661000001430239,0.83299999999997,1.833200000047782,0.9997999999523017,2.3491000001430393,4.749000000000024,1.1489000000954093,30.423900000095387,1.0994000000953292,0.8333999998569652,0.7998999998569616,3.697999999999979,0.8659999999999854,4.21449999999993,1.6163999998569807,2.4658999998569016,2.6323999998569434,1.682900000095401,1.0831000001430766,3.4322000000477146,1.0824999999999818,2.2153999998569134,10.512500000000045,11.596200000047702,7.848400000095353,0.933200000047691,3.8320999999045853,2.7998999998569616,3.898700000047711]",,,0.0,22.0,22.0,119.0,1.0,knie,vknie,question_vocal.png,im_mouth.png,,,,,,
,,,538741,1,21,2023-09-29_12h32.28.399,flesh_expressibility_dutch,2022.2.4,Win32,60.70908208,,,,18.0,1.0,Nederlands,,,,,,Engels,2.0,Duits,1.0,,0.0,,0.0,,0.0,,0.0,,0.0,,0.0,NL,3.0,2.0,2.0,1.0,,sensorypref1,sensorypref2,1280.0,720.0,,,,,,,,,,,,,,,,,,,,,,,,,,,,,,,,,,,22.0,923.4093,41.0,"[5.7980999999045935,1.8645999999046694,3.9487000000476655,8.612600000143004,6.114499999999964,0.8995999999046376,1.098900000095398,6.414500000000032,6.898099999904673,6.430899999856933,0.9487000000477224,1.132799999952283,1.066000000000031,0.83299999999997,1.833200000047782,0.9997000000475964,2.3490000000000464,4.748900000095318,1.1489000000954093,30.42379999995228,1.0994000000953292,0.8333999998569652,0.7998999998569616,3.697899999856986,0.8659000000953938,4.21449999999993,1.616299999952389,2.4658999998569016,2.6323999998569434,1.6828000001906958,1.0831000001430766,3.4322000000477146,1.0824000000953902,2.2153999998569134,10.512399999856939,11.59610000014311,7.848400000095353,0.9331000001430994,3.8319999999999936,2.7998999998569616,3.898599999904718]","[5.7980999999045935,1.8645999999046694,3.9487000000476655,8.612600000143004,6.114499999999964,0.8997000000476874,1.098900000095398,6.414500000000032,6.898099999904673,6.430999999999983,0.9487000000477224,1.1329999999999814,1.0661000001430239,0.83299999999997,1.833200000047782,0.9997999999523017,2.3491000001430393,4.749000000000024,1.1489000000954093,30.423900000095387,1.0994000000953292,0.8333999998569652,0.7998999998569616,3.697999999999979,0.8659999999999854,4.21449999999993,1.6163999998569807,2.4658999998569016,2.6323999998569434,1.682900000095401,1.0831000001430766,3.4322000000477146,1.0824999999999818,2.2153999998569134,10.512500000000045,11.596200000047702,7.848400000095353,0.933200000047691,3.8320999999045853,2.7998999998569616,3.898700000047711]",,,0.0,23.0,23.0,190.0,1.0,ei,vei,question_vocal.png,im_mouth.png,,,,,,
,,,538741,1,21,2023-09-29_12h32.28.399,flesh_expressibility_dutch,2022.2.4,Win32,60.70908208,,,,18.0,1.0,Nederlands,,,,,,Engels,2.0,Duits,1.0,,0.0,,0.0,,0.0,,0.0,,0.0,,0.0,NL,3.0,2.0,2.0,1.0,,sensorypref1,sensorypref2,1280.0,720.0,,,,,,,,,,,,,,,,,,,,,,,,,,,,,,,,,,,22.0,924.5175,41.0,"[5.7980999999045935,1.8645999999046694,3.9487000000476655,8.612600000143004,6.114499999999964,0.8995999999046376,1.098900000095398,6.414500000000032,6.898099999904673,6.430899999856933,0.9487000000477224,1.132799999952283,1.066000000000031,0.83299999999997,1.833200000047782,0.9997000000475964,2.3490000000000464,4.748900000095318,1.1489000000954093,30.42379999995228,1.0994000000953292,0.8333999998569652,0.7998999998569616,3.697899999856986,0.8659000000953938,4.21449999999993,1.616299999952389,2.4658999998569016,2.6323999998569434,1.6828000001906958,1.0831000001430766,3.4322000000477146,1.0824000000953902,2.2153999998569134,10.512399999856939,11.59610000014311,7.848400000095353,0.9331000001430994,3.8319999999999936,2.7998999998569616,3.898599999904718]","[5.7980999999045935,1.8645999999046694,3.9487000000476655,8.612600000143004,6.114499999999964,0.8997000000476874,1.098900000095398,6.414500000000032,6.898099999904673,6.430999999999983,0.9487000000477224,1.1329999999999814,1.0661000001430239,0.83299999999997,1.833200000047782,0.9997999999523017,2.3491000001430393,4.749000000000024,1.1489000000954093,30.423900000095387,1.0994000000953292,0.8333999998569652,0.7998999998569616,3.697999999999979,0.8659999999999854,4.21449999999993,1.6163999998569807,2.4658999998569016,2.6323999998569434,1.682900000095401,1.0831000001430766,3.4322000000477146,1.0824999999999818,2.2153999998569134,10.512500000000045,11.596200000047702,7.848400000095353,0.933200000047691,3.8320999999045853,2.7998999998569616,3.898700000047711]",,,0.0,24.0,24.0,45.0,1.0,onweer,vonweer,question_vocal.png,im_mouth.png,,,,,,
,,,538741,1,21,2023-09-29_12h32.28.399,flesh_expressibility_dutch,2022.2.4,Win32,60.70908208,,,,18.0,1.0,Nederlands,,,,,,Engels,2.0,Duits,1.0,,0.0,,0.0,,0.0,,0.0,,0.0,,0.0,NL,3.0,2.0,2.0,1.0,,sensorypref1,sensorypref2,1280.0,720.0,,,,,,,,,,,,,,,,,,,,,,,,,,,,,,,,,,,22.0,925.5477,41.0,"[5.7980999999045935,1.8645999999046694,3.9487000000476655,8.612600000143004,6.114499999999964,0.8995999999046376,1.098900000095398,6.414500000000032,6.898099999904673,6.430899999856933,0.9487000000477224,1.132799999952283,1.066000000000031,0.83299999999997,1.833200000047782,0.9997000000475964,2.3490000000000464,4.748900000095318,1.1489000000954093,30.42379999995228,1.0994000000953292,0.8333999998569652,0.7998999998569616,3.697899999856986,0.8659000000953938,4.21449999999993,1.616299999952389,2.4658999998569016,2.6323999998569434,1.6828000001906958,1.0831000001430766,3.4322000000477146,1.0824000000953902,2.2153999998569134,10.512399999856939,11.59610000014311,7.848400000095353,0.9331000001430994,3.8319999999999936,2.7998999998569616,3.898599999904718]","[5.7980999999045935,1.8645999999046694,3.9487000000476655,8.612600000143004,6.114499999999964,0.8997000000476874,1.098900000095398,6.414500000000032,6.898099999904673,6.430999999999983,0.9487000000477224,1.1329999999999814,1.0661000001430239,0.83299999999997,1.833200000047782,0.9997999999523017,2.3491000001430393,4.749000000000024,1.1489000000954093,30.423900000095387,1.0994000000953292,0.8333999998569652,0.7998999998569616,3.697999999999979,0.8659999999999854,4.21449999999993,1.6163999998569807,2.4658999998569016,2.6323999998569434,1.682900000095401,1.0831000001430766,3.4322000000477146,1.0824999999999818,2.2153999998569134,10.512500000000045,11.596200000047702,7.848400000095353,0.933200000047691,3.8320999999045853,2.7998999998569616,3.898700000047711]",,,0.0,25.0,25.0,89.0,1.0,jagen,vjagen,question_vocal.png,im_mouth.png,,,,,,
,,,538741,1,21,2023-09-29_12h32.28.399,flesh_expressibility_dutch,2022.2.4,Win32,60.70908208,,,,18.0,1.0,Nederlands,,,,,,Engels,2.0,Duits,1.0,,0.0,,0.0,,0.0,,0.0,,0.0,,0.0,NL,3.0,2.0,2.0,1.0,,sensorypref1,sensorypref2,1280.0,720.0,,,,,,,,,,,,,,,,,,,,,,,,,,,,,,,,,,,21.0,926.5685,42.0,"[5.7980999999045935,1.8645999999046694,3.9487000000476655,8.612600000143004,6.114499999999964,0.8995999999046376,1.098900000095398,6.414500000000032,6.898099999904673,6.430899999856933,0.9487000000477224,1.132799999952283,1.066000000000031,0.83299999999997,1.833200000047782,0.9997000000475964,2.3490000000000464,4.748900000095318,1.1489000000954093,30.42379999995228,1.0994000000953292,0.8333999998569652,0.7998999998569616,3.697899999856986,0.8659000000953938,4.21449999999993,1.616299999952389,2.4658999998569016,2.6323999998569434,1.6828000001906958,1.0831000001430766,3.4322000000477146,1.0824000000953902,2.2153999998569134,10.512399999856939,11.59610000014311,7.848400000095353,0.9331000001430994,3.8319999999999936,2.7998999998569616,3.898599999904718,0.8497999999523245]","[5.7980999999045935,1.8645999999046694,3.9487000000476655,8.612600000143004,6.114499999999964,0.8997000000476874,1.098900000095398,6.414500000000032,6.898099999904673,6.430999999999983,0.9487000000477224,1.1329999999999814,1.0661000001430239,0.83299999999997,1.833200000047782,0.9997999999523017,2.3491000001430393,4.749000000000024,1.1489000000954093,30.423900000095387,1.0994000000953292,0.8333999998569652,0.7998999998569616,3.697999999999979,0.8659999999999854,4.21449999999993,1.6163999998569807,2.4658999998569016,2.6323999998569434,1.682900000095401,1.0831000001430766,3.4322000000477146,1.0824999999999818,2.2153999998569134,10.512500000000045,11.596200000047702,7.848400000095353,0.933200000047691,3.8320999999045853,2.7998999998569616,3.898700000047711,0.8498999998570298]",-0.901851824,6.3019,0.0,26.0,26.0,5.0,1.0,honing,vhoning,question_vocal.png,im_mouth.png,,,,,,
,,,538741,1,21,2023-09-29_12h32.28.399,flesh_expressibility_dutch,2022.2.4,Win32,60.70908208,,,,18.0,1.0,Nederlands,,,,,,Engels,2.0,Duits,1.0,,0.0,,0.0,,0.0,,0.0,,0.0,,0.0,NL,3.0,2.0,2.0,1.0,,sensorypref1,sensorypref2,1280.0,720.0,,,,,,,,,,,,,,,,,,,,,,,,,,,,,,,,,,,22.0,933.6319,42.0,"[5.7980999999045935,1.8645999999046694,3.9487000000476655,8.612600000143004,6.114499999999964,0.8995999999046376,1.098900000095398,6.414500000000032,6.898099999904673,6.430899999856933,0.9487000000477224,1.132799999952283,1.066000000000031,0.83299999999997,1.833200000047782,0.9997000000475964,2.3490000000000464,4.748900000095318,1.1489000000954093,30.42379999995228,1.0994000000953292,0.8333999998569652,0.7998999998569616,3.697899999856986,0.8659000000953938,4.21449999999993,1.616299999952389,2.4658999998569016,2.6323999998569434,1.6828000001906958,1.0831000001430766,3.4322000000477146,1.0824000000953902,2.2153999998569134,10.512399999856939,11.59610000014311,7.848400000095353,0.9331000001430994,3.8319999999999936,2.7998999998569616,3.898599999904718,0.8497999999523245]","[5.7980999999045935,1.8645999999046694,3.9487000000476655,8.612600000143004,6.114499999999964,0.8997000000476874,1.098900000095398,6.414500000000032,6.898099999904673,6.430999999999983,0.9487000000477224,1.1329999999999814,1.0661000001430239,0.83299999999997,1.833200000047782,0.9997999999523017,2.3491000001430393,4.749000000000024,1.1489000000954093,30.423900000095387,1.0994000000953292,0.8333999998569652,0.7998999998569616,3.697999999999979,0.8659999999999854,4.21449999999993,1.6163999998569807,2.4658999998569016,2.6323999998569434,1.682900000095401,1.0831000001430766,3.4322000000477146,1.0824999999999818,2.2153999998569134,10.512500000000045,11.596200000047702,7.848400000095353,0.933200000047691,3.8320999999045853,2.7998999998569616,3.898700000047711,0.8498999998570298]",,,0.0,27.0,27.0,113.0,1.0,bot (lichaam),vbot (lichaam),question_vocal.png,im_mouth.png,,,,,,
,,,538741,1,21,2023-09-29_12h32.28.399,flesh_expressibility_dutch,2022.2.4,Win32,60.70908208,,,,18.0,1.0,Nederlands,,,,,,Engels,2.0,Duits,1.0,,0.0,,0.0,,0.0,,0.0,,0.0,,0.0,NL,3.0,2.0,2.0,1.0,,sensorypref1,sensorypref2,1280.0,720.0,,,,,,,,,,,,,,,,,,,,,,,,,,,,,,,,,,,22.0,934.5494,42.0,"[5.7980999999045935,1.8645999999046694,3.9487000000476655,8.612600000143004,6.114499999999964,0.8995999999046376,1.098900000095398,6.414500000000032,6.898099999904673,6.430899999856933,0.9487000000477224,1.132799999952283,1.066000000000031,0.83299999999997,1.833200000047782,0.9997000000475964,2.3490000000000464,4.748900000095318,1.1489000000954093,30.42379999995228,1.0994000000953292,0.8333999998569652,0.7998999998569616,3.697899999856986,0.8659000000953938,4.21449999999993,1.616299999952389,2.4658999998569016,2.6323999998569434,1.6828000001906958,1.0831000001430766,3.4322000000477146,1.0824000000953902,2.2153999998569134,10.512399999856939,11.59610000014311,7.848400000095353,0.9331000001430994,3.8319999999999936,2.7998999998569616,3.898599999904718,0.8497999999523245]","[5.7980999999045935,1.8645999999046694,3.9487000000476655,8.612600000143004,6.114499999999964,0.8997000000476874,1.098900000095398,6.414500000000032,6.898099999904673,6.430999999999983,0.9487000000477224,1.1329999999999814,1.0661000001430239,0.83299999999997,1.833200000047782,0.9997999999523017,2.3491000001430393,4.749000000000024,1.1489000000954093,30.423900000095387,1.0994000000953292,0.8333999998569652,0.7998999998569616,3.697999999999979,0.8659999999999854,4.21449999999993,1.6163999998569807,2.4658999998569016,2.6323999998569434,1.682900000095401,1.0831000001430766,3.4322000000477146,1.0824999999999818,2.2153999998569134,10.512500000000045,11.596200000047702,7.848400000095353,0.933200000047691,3.8320999999045853,2.7998999998569616,3.898700000047711,0.8498999998570298]",,,0.0,28.0,28.0,17.0,1.0,verschillend,vverschillend,question_vocal.png,im_mouth.png,,,,,,
,,,538741,1,21,2023-09-29_12h32.28.399,flesh_expressibility_dutch,2022.2.4,Win32,60.70908208,,,,18.0,1.0,Nederlands,,,,,,Engels,2.0,Duits,1.0,,0.0,,0.0,,0.0,,0.0,,0.0,,0.0,NL,3.0,2.0,2.0,1.0,,sensorypref1,sensorypref2,1280.0,720.0,,,,,,,,,,,,,,,,,,,,,,,,,,,,,,,,,,,22.0,935.5606,42.0,"[5.7980999999045935,1.8645999999046694,3.9487000000476655,8.612600000143004,6.114499999999964,0.8995999999046376,1.098900000095398,6.414500000000032,6.898099999904673,6.430899999856933,0.9487000000477224,1.132799999952283,1.066000000000031,0.83299999999997,1.833200000047782,0.9997000000475964,2.3490000000000464,4.748900000095318,1.1489000000954093,30.42379999995228,1.0994000000953292,0.8333999998569652,0.7998999998569616,3.697899999856986,0.8659000000953938,4.21449999999993,1.616299999952389,2.4658999998569016,2.6323999998569434,1.6828000001906958,1.0831000001430766,3.4322000000477146,1.0824000000953902,2.2153999998569134,10.512399999856939,11.59610000014311,7.848400000095353,0.9331000001430994,3.8319999999999936,2.7998999998569616,3.898599999904718,0.8497999999523245]","[5.7980999999045935,1.8645999999046694,3.9487000000476655,8.612600000143004,6.114499999999964,0.8997000000476874,1.098900000095398,6.414500000000032,6.898099999904673,6.430999999999983,0.9487000000477224,1.1329999999999814,1.0661000001430239,0.83299999999997,1.833200000047782,0.9997999999523017,2.3491000001430393,4.749000000000024,1.1489000000954093,30.423900000095387,1.0994000000953292,0.8333999998569652,0.7998999998569616,3.697999999999979,0.8659999999999854,4.21449999999993,1.6163999998569807,2.4658999998569016,2.6323999998569434,1.682900000095401,1.0831000001430766,3.4322000000477146,1.0824999999999818,2.2153999998569134,10.512500000000045,11.596200000047702,7.848400000095353,0.933200000047691,3.8320999999045853,2.7998999998569616,3.898700000047711,0.8498999998570298]",,,0.0,29.0,29.0,166.0,1.0,zwart,vzwart,question_vocal.png,im_mouth.png,,,,,,
,,,538741,1,21,2023-09-29_12h32.28.399,flesh_expressibility_dutch,2022.2.4,Win32,60.70908208,,,,18.0,1.0,Nederlands,,,,,,Engels,2.0,Duits,1.0,,0.0,,0.0,,0.0,,0.0,,0.0,,0.0,NL,3.0,2.0,2.0,1.0,,sensorypref1,sensorypref2,1280.0,720.0,,,,,,,,,,,,,,,,,,,,,,,,,,,,,,,,,,,22.0,936.717,42.0,"[5.7980999999045935,1.8645999999046694,3.9487000000476655,8.612600000143004,6.114499999999964,0.8995999999046376,1.098900000095398,6.414500000000032,6.898099999904673,6.430899999856933,0.9487000000477224,1.132799999952283,1.066000000000031,0.83299999999997,1.833200000047782,0.9997000000475964,2.3490000000000464,4.748900000095318,1.1489000000954093,30.42379999995228,1.0994000000953292,0.8333999998569652,0.7998999998569616,3.697899999856986,0.8659000000953938,4.21449999999993,1.616299999952389,2.4658999998569016,2.6323999998569434,1.6828000001906958,1.0831000001430766,3.4322000000477146,1.0824000000953902,2.2153999998569134,10.512399999856939,11.59610000014311,7.848400000095353,0.9331000001430994,3.8319999999999936,2.7998999998569616,3.898599999904718,0.8497999999523245]","[5.7980999999045935,1.8645999999046694,3.9487000000476655,8.612600000143004,6.114499999999964,0.8997000000476874,1.098900000095398,6.414500000000032,6.898099999904673,6.430999999999983,0.9487000000477224,1.1329999999999814,1.0661000001430239,0.83299999999997,1.833200000047782,0.9997999999523017,2.3491000001430393,4.749000000000024,1.1489000000954093,30.423900000095387,1.0994000000953292,0.8333999998569652,0.7998999998569616,3.697999999999979,0.8659999999999854,4.21449999999993,1.6163999998569807,2.4658999998569016,2.6323999998569434,1.682900000095401,1.0831000001430766,3.4322000000477146,1.0824999999999818,2.2153999998569134,10.512500000000045,11.596200000047702,7.848400000095353,0.933200000047691,3.8320999999045853,2.7998999998569616,3.898700000047711,0.8498999998570298]",,,0.0,30.0,30.0,74.0,1.0,hoekig,vhoekig,question_vocal.png,im_mouth.png,,,,,,
,,,538741,1,21,2023-09-29_12h32.28.399,flesh_expressibility_dutch,2022.2.4,Win32,60.70908208,,,,18.0,1.0,Nederlands,,,,,,Engels,2.0,Duits,1.0,,0.0,,0.0,,0.0,,0.0,,0.0,,0.0,NL,3.0,2.0,2.0,1.0,,sensorypref1,sensorypref2,1280.0,720.0,,,,,,,,,,,,,,,,,,,,,,,,,,,,,,,,,,,22.0,937.6765,42.0,"[5.7980999999045935,1.8645999999046694,3.9487000000476655,8.612600000143004,6.114499999999964,0.8995999999046376,1.098900000095398,6.414500000000032,6.898099999904673,6.430899999856933,0.9487000000477224,1.132799999952283,1.066000000000031,0.83299999999997,1.833200000047782,0.9997000000475964,2.3490000000000464,4.748900000095318,1.1489000000954093,30.42379999995228,1.0994000000953292,0.8333999998569652,0.7998999998569616,3.697899999856986,0.8659000000953938,4.21449999999993,1.616299999952389,2.4658999998569016,2.6323999998569434,1.6828000001906958,1.0831000001430766,3.4322000000477146,1.0824000000953902,2.2153999998569134,10.512399999856939,11.59610000014311,7.848400000095353,0.9331000001430994,3.8319999999999936,2.7998999998569616,3.898599999904718,0.8497999999523245]","[5.7980999999045935,1.8645999999046694,3.9487000000476655,8.612600000143004,6.114499999999964,0.8997000000476874,1.098900000095398,6.414500000000032,6.898099999904673,6.430999999999983,0.9487000000477224,1.1329999999999814,1.0661000001430239,0.83299999999997,1.833200000047782,0.9997999999523017,2.3491000001430393,4.749000000000024,1.1489000000954093,30.423900000095387,1.0994000000953292,0.8333999998569652,0.7998999998569616,3.697999999999979,0.8659999999999854,4.21449999999993,1.6163999998569807,2.4658999998569016,2.6323999998569434,1.682900000095401,1.0831000001430766,3.4322000000477146,1.0824999999999818,2.2153999998569134,10.512500000000045,11.596200000047702,7.848400000095353,0.933200000047691,3.8320999999045853,2.7998999998569616,3.898700000047711,0.8498999998570298]",,,0.0,31.0,31.0,27.0,1.0,gezond,vgezond,question_vocal.png,im_mouth.png,,,,,,
,,,538741,1,21,2023-09-29_12h32.28.399,flesh_expressibility_dutch,2022.2.4,Win32,60.70908208,,,,18.0,1.0,Nederlands,,,,,,Engels,2.0,Duits,1.0,,0.0,,0.0,,0.0,,0.0,,0.0,,0.0,NL,3.0,2.0,2.0,1.0,,sensorypref1,sensorypref2,1280.0,720.0,,,,,,,,,,,,,,,,,,,,,,,,,,,,,,,,,,,22.0,938.6108,42.0,"[5.7980999999045935,1.8645999999046694,3.9487000000476655,8.612600000143004,6.114499999999964,0.8995999999046376,1.098900000095398,6.414500000000032,6.898099999904673,6.430899999856933,0.9487000000477224,1.132799999952283,1.066000000000031,0.83299999999997,1.833200000047782,0.9997000000475964,2.3490000000000464,4.748900000095318,1.1489000000954093,30.42379999995228,1.0994000000953292,0.8333999998569652,0.7998999998569616,3.697899999856986,0.8659000000953938,4.21449999999993,1.616299999952389,2.4658999998569016,2.6323999998569434,1.6828000001906958,1.0831000001430766,3.4322000000477146,1.0824000000953902,2.2153999998569134,10.512399999856939,11.59610000014311,7.848400000095353,0.9331000001430994,3.8319999999999936,2.7998999998569616,3.898599999904718,0.8497999999523245]","[5.7980999999045935,1.8645999999046694,3.9487000000476655,8.612600000143004,6.114499999999964,0.8997000000476874,1.098900000095398,6.414500000000032,6.898099999904673,6.430999999999983,0.9487000000477224,1.1329999999999814,1.0661000001430239,0.83299999999997,1.833200000047782,0.9997999999523017,2.3491000001430393,4.749000000000024,1.1489000000954093,30.423900000095387,1.0994000000953292,0.8333999998569652,0.7998999998569616,3.697999999999979,0.8659999999999854,4.21449999999993,1.6163999998569807,2.4658999998569016,2.6323999998569434,1.682900000095401,1.0831000001430766,3.4322000000477146,1.0824999999999818,2.2153999998569134,10.512500000000045,11.596200000047702,7.848400000095353,0.933200000047691,3.8320999999045853,2.7998999998569616,3.898700000047711,0.8498999998570298]",,,0.0,32.0,32.0,9.0,1.0,kotsen,vkotsen,question_vocal.png,im_mouth.png,,,,,,
,,,538741,1,21,2023-09-29_12h32.28.399,flesh_expressibility_dutch,2022.2.4,Win32,60.70908208,,,,18.0,1.0,Nederlands,,,,,,Engels,2.0,Duits,1.0,,0.0,,0.0,,0.0,,0.0,,0.0,,0.0,NL,3.0,2.0,2.0,1.0,,sensorypref1,sensorypref2,1280.0,720.0,,,,,,,,,,,,,,,,,,,,,,,,,,,,,,,,,,,22.0,939.6804,42.0,"[5.7980999999045935,1.8645999999046694,3.9487000000476655,8.612600000143004,6.114499999999964,0.8995999999046376,1.098900000095398,6.414500000000032,6.898099999904673,6.430899999856933,0.9487000000477224,1.132799999952283,1.066000000000031,0.83299999999997,1.833200000047782,0.9997000000475964,2.3490000000000464,4.748900000095318,1.1489000000954093,30.42379999995228,1.0994000000953292,0.8333999998569652,0.7998999998569616,3.697899999856986,0.8659000000953938,4.21449999999993,1.616299999952389,2.4658999998569016,2.6323999998569434,1.6828000001906958,1.0831000001430766,3.4322000000477146,1.0824000000953902,2.2153999998569134,10.512399999856939,11.59610000014311,7.848400000095353,0.9331000001430994,3.8319999999999936,2.7998999998569616,3.898599999904718,0.8497999999523245]","[5.7980999999045935,1.8645999999046694,3.9487000000476655,8.612600000143004,6.114499999999964,0.8997000000476874,1.098900000095398,6.414500000000032,6.898099999904673,6.430999999999983,0.9487000000477224,1.1329999999999814,1.0661000001430239,0.83299999999997,1.833200000047782,0.9997999999523017,2.3491000001430393,4.749000000000024,1.1489000000954093,30.423900000095387,1.0994000000953292,0.8333999998569652,0.7998999998569616,3.697999999999979,0.8659999999999854,4.21449999999993,1.6163999998569807,2.4658999998569016,2.6323999998569434,1.682900000095401,1.0831000001430766,3.4322000000477146,1.0824999999999818,2.2153999998569134,10.512500000000045,11.596200000047702,7.848400000095353,0.933200000047691,3.8320999999045853,2.7998999998569616,3.898700000047711,0.8498999998570298]",,,0.0,33.0,33.0,91.0,1.0,koud,vkoud,question_vocal.png,im_mouth.png,,,,,,
,,,538741,1,21,2023-09-29_12h32.28.399,flesh_expressibility_dutch,2022.2.4,Win32,60.70908208,,,,18.0,1.0,Nederlands,,,,,,Engels,2.0,Duits,1.0,,0.0,,0.0,,0.0,,0.0,,0.0,,0.0,NL,3.0,2.0,2.0,1.0,,sensorypref1,sensorypref2,1280.0,720.0,,,,,,,,,,,,,,,,,,,,,,,,,,,,,,,,,,,22.0,940.6099,42.0,"[5.7980999999045935,1.8645999999046694,3.9487000000476655,8.612600000143004,6.114499999999964,0.8995999999046376,1.098900000095398,6.414500000000032,6.898099999904673,6.430899999856933,0.9487000000477224,1.132799999952283,1.066000000000031,0.83299999999997,1.833200000047782,0.9997000000475964,2.3490000000000464,4.748900000095318,1.1489000000954093,30.42379999995228,1.0994000000953292,0.8333999998569652,0.7998999998569616,3.697899999856986,0.8659000000953938,4.21449999999993,1.616299999952389,2.4658999998569016,2.6323999998569434,1.6828000001906958,1.0831000001430766,3.4322000000477146,1.0824000000953902,2.2153999998569134,10.512399999856939,11.59610000014311,7.848400000095353,0.9331000001430994,3.8319999999999936,2.7998999998569616,3.898599999904718,0.8497999999523245]","[5.7980999999045935,1.8645999999046694,3.9487000000476655,8.612600000143004,6.114499999999964,0.8997000000476874,1.098900000095398,6.414500000000032,6.898099999904673,6.430999999999983,0.9487000000477224,1.1329999999999814,1.0661000001430239,0.83299999999997,1.833200000047782,0.9997999999523017,2.3491000001430393,4.749000000000024,1.1489000000954093,30.423900000095387,1.0994000000953292,0.8333999998569652,0.7998999998569616,3.697999999999979,0.8659999999999854,4.21449999999993,1.6163999998569807,2.4658999998569016,2.6323999998569434,1.682900000095401,1.0831000001430766,3.4322000000477146,1.0824999999999818,2.2153999998569134,10.512500000000045,11.596200000047702,7.848400000095353,0.933200000047691,3.8320999999045853,2.7998999998569616,3.898700000047711,0.8498999998570298]",,,0.0,34.0,34.0,115.0,1.0,oor,voor,question_vocal.png,im_mouth.png,,,,,,
,,,538741,1,21,2023-09-29_12h32.28.399,flesh_expressibility_dutch,2022.2.4,Win32,60.70908208,,,,18.0,1.0,Nederlands,,,,,,Engels,2.0,Duits,1.0,,0.0,,0.0,,0.0,,0.0,,0.0,,0.0,NL,3.0,2.0,2.0,1.0,,sensorypref1,sensorypref2,1280.0,720.0,,,,,,,,,,,,,,,,,,,,,,,,,,,,,,,,,,,22.0,941.7397,42.0,"[5.7980999999045935,1.8645999999046694,3.9487000000476655,8.612600000143004,6.114499999999964,0.8995999999046376,1.098900000095398,6.414500000000032,6.898099999904673,6.430899999856933,0.9487000000477224,1.132799999952283,1.066000000000031,0.83299999999997,1.833200000047782,0.9997000000475964,2.3490000000000464,4.748900000095318,1.1489000000954093,30.42379999995228,1.0994000000953292,0.8333999998569652,0.7998999998569616,3.697899999856986,0.8659000000953938,4.21449999999993,1.616299999952389,2.4658999998569016,2.6323999998569434,1.6828000001906958,1.0831000001430766,3.4322000000477146,1.0824000000953902,2.2153999998569134,10.512399999856939,11.59610000014311,7.848400000095353,0.9331000001430994,3.8319999999999936,2.7998999998569616,3.898599999904718,0.8497999999523245]","[5.7980999999045935,1.8645999999046694,3.9487000000476655,8.612600000143004,6.114499999999964,0.8997000000476874,1.098900000095398,6.414500000000032,6.898099999904673,6.430999999999983,0.9487000000477224,1.1329999999999814,1.0661000001430239,0.83299999999997,1.833200000047782,0.9997999999523017,2.3491000001430393,4.749000000000024,1.1489000000954093,30.423900000095387,1.0994000000953292,0.8333999998569652,0.7998999998569616,3.697999999999979,0.8659999999999854,4.21449999999993,1.6163999998569807,2.4658999998569016,2.6323999998569434,1.682900000095401,1.0831000001430766,3.4322000000477146,1.0824999999999818,2.2153999998569134,10.512500000000045,11.596200000047702,7.848400000095353,0.933200000047691,3.8320999999045853,2.7998999998569616,3.898700000047711,0.8498999998570298]",,,0.0,35.0,35.0,62.0,1.0,piepen,vpiepen,question_vocal.png,im_mouth.png,,,,,,
,,,538741,1,21,2023-09-29_12h32.28.399,flesh_expressibility_dutch,2022.2.4,Win32,60.70908208,,,,18.0,1.0,Nederlands,,,,,,Engels,2.0,Duits,1.0,,0.0,,0.0,,0.0,,0.0,,0.0,,0.0,NL,3.0,2.0,2.0,1.0,,sensorypref1,sensorypref2,1280.0,720.0,,,,,,,,,,,,,,,,,,,,,,,,,,,,,,,,,,,22.0,942.7574,42.0,"[5.7980999999045935,1.8645999999046694,3.9487000000476655,8.612600000143004,6.114499999999964,0.8995999999046376,1.098900000095398,6.414500000000032,6.898099999904673,6.430899999856933,0.9487000000477224,1.132799999952283,1.066000000000031,0.83299999999997,1.833200000047782,0.9997000000475964,2.3490000000000464,4.748900000095318,1.1489000000954093,30.42379999995228,1.0994000000953292,0.8333999998569652,0.7998999998569616,3.697899999856986,0.8659000000953938,4.21449999999993,1.616299999952389,2.4658999998569016,2.6323999998569434,1.6828000001906958,1.0831000001430766,3.4322000000477146,1.0824000000953902,2.2153999998569134,10.512399999856939,11.59610000014311,7.848400000095353,0.9331000001430994,3.8319999999999936,2.7998999998569616,3.898599999904718,0.8497999999523245]","[5.7980999999045935,1.8645999999046694,3.9487000000476655,8.612600000143004,6.114499999999964,0.8997000000476874,1.098900000095398,6.414500000000032,6.898099999904673,6.430999999999983,0.9487000000477224,1.1329999999999814,1.0661000001430239,0.83299999999997,1.833200000047782,0.9997999999523017,2.3491000001430393,4.749000000000024,1.1489000000954093,30.423900000095387,1.0994000000953292,0.8333999998569652,0.7998999998569616,3.697999999999979,0.8659999999999854,4.21449999999993,1.6163999998569807,2.4658999998569016,2.6323999998569434,1.682900000095401,1.0831000001430766,3.4322000000477146,1.0824999999999818,2.2153999998569134,10.512500000000045,11.596200000047702,7.848400000095353,0.933200000047691,3.8320999999045853,2.7998999998569616,3.898700000047711,0.8498999998570298]",,,0.0,36.0,36.0,56.0,1.0,grommen,vgrommen,question_vocal.png,im_mouth.png,,,,,,
,,,538741,1,21,2023-09-29_12h32.28.399,flesh_expressibility_dutch,2022.2.4,Win32,60.70908208,,,,18.0,1.0,Nederlands,,,,,,Engels,2.0,Duits,1.0,,0.0,,0.0,,0.0,,0.0,,0.0,,0.0,NL,3.0,2.0,2.0,1.0,,sensorypref1,sensorypref2,1280.0,720.0,,,,,,,,,,,,,,,,,,,,,,,,,,,,,,,,,,,22.0,943.686,42.0,"[5.7980999999045935,1.8645999999046694,3.9487000000476655,8.612600000143004,6.114499999999964,0.8995999999046376,1.098900000095398,6.414500000000032,6.898099999904673,6.430899999856933,0.9487000000477224,1.132799999952283,1.066000000000031,0.83299999999997,1.833200000047782,0.9997000000475964,2.3490000000000464,4.748900000095318,1.1489000000954093,30.42379999995228,1.0994000000953292,0.8333999998569652,0.7998999998569616,3.697899999856986,0.8659000000953938,4.21449999999993,1.616299999952389,2.4658999998569016,2.6323999998569434,1.6828000001906958,1.0831000001430766,3.4322000000477146,1.0824000000953902,2.2153999998569134,10.512399999856939,11.59610000014311,7.848400000095353,0.9331000001430994,3.8319999999999936,2.7998999998569616,3.898599999904718,0.8497999999523245]","[5.7980999999045935,1.8645999999046694,3.9487000000476655,8.612600000143004,6.114499999999964,0.8997000000476874,1.098900000095398,6.414500000000032,6.898099999904673,6.430999999999983,0.9487000000477224,1.1329999999999814,1.0661000001430239,0.83299999999997,1.833200000047782,0.9997999999523017,2.3491000001430393,4.749000000000024,1.1489000000954093,30.423900000095387,1.0994000000953292,0.8333999998569652,0.7998999998569616,3.697999999999979,0.8659999999999854,4.21449999999993,1.6163999998569807,2.4658999998569016,2.6323999998569434,1.682900000095401,1.0831000001430766,3.4322000000477146,1.0824999999999818,2.2153999998569134,10.512500000000045,11.596200000047702,7.848400000095353,0.933200000047691,3.8320999999045853,2.7998999998569616,3.898700000047711,0.8498999998570298]",,,0.0,37.0,37.0,102.0,1.0,vis,vvis,question_vocal.png,im_mouth.png,,,,,,
,,,538741,1,21,2023-09-29_12h32.28.399,flesh_expressibility_dutch,2022.2.4,Win32,60.70908208,,,,18.0,1.0,Nederlands,,,,,,Engels,2.0,Duits,1.0,,0.0,,0.0,,0.0,,0.0,,0.0,,0.0,NL,3.0,2.0,2.0,1.0,,sensorypref1,sensorypref2,1280.0,720.0,,,,,,,,,,,,,,,,,,,,,,,,,,,,,,,,,,,22.0,944.7455,42.0,"[5.7980999999045935,1.8645999999046694,3.9487000000476655,8.612600000143004,6.114499999999964,0.8995999999046376,1.098900000095398,6.414500000000032,6.898099999904673,6.430899999856933,0.9487000000477224,1.132799999952283,1.066000000000031,0.83299999999997,1.833200000047782,0.9997000000475964,2.3490000000000464,4.748900000095318,1.1489000000954093,30.42379999995228,1.0994000000953292,0.8333999998569652,0.7998999998569616,3.697899999856986,0.8659000000953938,4.21449999999993,1.616299999952389,2.4658999998569016,2.6323999998569434,1.6828000001906958,1.0831000001430766,3.4322000000477146,1.0824000000953902,2.2153999998569134,10.512399999856939,11.59610000014311,7.848400000095353,0.9331000001430994,3.8319999999999936,2.7998999998569616,3.898599999904718,0.8497999999523245]","[5.7980999999045935,1.8645999999046694,3.9487000000476655,8.612600000143004,6.114499999999964,0.8997000000476874,1.098900000095398,6.414500000000032,6.898099999904673,6.430999999999983,0.9487000000477224,1.1329999999999814,1.0661000001430239,0.83299999999997,1.833200000047782,0.9997999999523017,2.3491000001430393,4.749000000000024,1.1489000000954093,30.423900000095387,1.0994000000953292,0.8333999998569652,0.7998999998569616,3.697999999999979,0.8659999999999854,4.21449999999993,1.6163999998569807,2.4658999998569016,2.6323999998569434,1.682900000095401,1.0831000001430766,3.4322000000477146,1.0824999999999818,2.2153999998569134,10.512500000000045,11.596200000047702,7.848400000095353,0.933200000047691,3.8320999999045853,2.7998999998569616,3.898700000047711,0.8498999998570298]",,,0.0,38.0,38.0,38.0,1.0,blij,vblij,question_vocal.png,im_mouth.png,,,,,,
,,,538741,1,21,2023-09-29_12h32.28.399,flesh_expressibility_dutch,2022.2.4,Win32,60.70908208,,,,18.0,1.0,Nederlands,,,,,,Engels,2.0,Duits,1.0,,0.0,,0.0,,0.0,,0.0,,0.0,,0.0,NL,3.0,2.0,2.0,1.0,,sensorypref1,sensorypref2,1280.0,720.0,,,,,,,,,,,,,,,,,,,,,,,,,,,,,,,,,,,22.0,945.7562,42.0,"[5.7980999999045935,1.8645999999046694,3.9487000000476655,8.612600000143004,6.114499999999964,0.8995999999046376,1.098900000095398,6.414500000000032,6.898099999904673,6.430899999856933,0.9487000000477224,1.132799999952283,1.066000000000031,0.83299999999997,1.833200000047782,0.9997000000475964,2.3490000000000464,4.748900000095318,1.1489000000954093,30.42379999995228,1.0994000000953292,0.8333999998569652,0.7998999998569616,3.697899999856986,0.8659000000953938,4.21449999999993,1.616299999952389,2.4658999998569016,2.6323999998569434,1.6828000001906958,1.0831000001430766,3.4322000000477146,1.0824000000953902,2.2153999998569134,10.512399999856939,11.59610000014311,7.848400000095353,0.9331000001430994,3.8319999999999936,2.7998999998569616,3.898599999904718,0.8497999999523245]","[5.7980999999045935,1.8645999999046694,3.9487000000476655,8.612600000143004,6.114499999999964,0.8997000000476874,1.098900000095398,6.414500000000032,6.898099999904673,6.430999999999983,0.9487000000477224,1.1329999999999814,1.0661000001430239,0.83299999999997,1.833200000047782,0.9997999999523017,2.3491000001430393,4.749000000000024,1.1489000000954093,30.423900000095387,1.0994000000953292,0.8333999998569652,0.7998999998569616,3.697999999999979,0.8659999999999854,4.21449999999993,1.6163999998569807,2.4658999998569016,2.6323999998569434,1.682900000095401,1.0831000001430766,3.4322000000477146,1.0824999999999818,2.2153999998569134,10.512500000000045,11.596200000047702,7.848400000095353,0.933200000047691,3.8320999999045853,2.7998999998569616,3.898700000047711,0.8498999998570298]",,,0.0,39.0,39.0,51.0,1.0,lopen,vlopen,question_vocal.png,im_mouth.png,,,,,,
,,,538741,1,21,2023-09-29_12h32.28.399,flesh_expressibility_dutch,2022.2.4,Win32,60.70908208,,,,18.0,1.0,Nederlands,,,,,,Engels,2.0,Duits,1.0,,0.0,,0.0,,0.0,,0.0,,0.0,,0.0,NL,3.0,2.0,2.0,1.0,,sensorypref1,sensorypref2,1280.0,720.0,,,,,,,,,,,,,,,,,,,,,,,,,,,,,,,,,,,22.0,946.7298,42.0,"[5.7980999999045935,1.8645999999046694,3.9487000000476655,8.612600000143004,6.114499999999964,0.8995999999046376,1.098900000095398,6.414500000000032,6.898099999904673,6.430899999856933,0.9487000000477224,1.132799999952283,1.066000000000031,0.83299999999997,1.833200000047782,0.9997000000475964,2.3490000000000464,4.748900000095318,1.1489000000954093,30.42379999995228,1.0994000000953292,0.8333999998569652,0.7998999998569616,3.697899999856986,0.8659000000953938,4.21449999999993,1.616299999952389,2.4658999998569016,2.6323999998569434,1.6828000001906958,1.0831000001430766,3.4322000000477146,1.0824000000953902,2.2153999998569134,10.512399999856939,11.59610000014311,7.848400000095353,0.9331000001430994,3.8319999999999936,2.7998999998569616,3.898599999904718,0.8497999999523245]","[5.7980999999045935,1.8645999999046694,3.9487000000476655,8.612600000143004,6.114499999999964,0.8997000000476874,1.098900000095398,6.414500000000032,6.898099999904673,6.430999999999983,0.9487000000477224,1.1329999999999814,1.0661000001430239,0.83299999999997,1.833200000047782,0.9997999999523017,2.3491000001430393,4.749000000000024,1.1489000000954093,30.423900000095387,1.0994000000953292,0.8333999998569652,0.7998999998569616,3.697999999999979,0.8659999999999854,4.21449999999993,1.6163999998569807,2.4658999998569016,2.6323999998569434,1.682900000095401,1.0831000001430766,3.4322000000477146,1.0824999999999818,2.2153999998569134,10.512500000000045,11.596200000047702,7.848400000095353,0.933200000047691,3.8320999999045853,2.7998999998569616,3.898700000047711,0.8498999998570298]",,,0.0,40.0,40.0,184.0,1.0,ver,vver,question_vocal.png,im_mouth.png,,,,,,
,,,538741,1,21,2023-09-29_12h32.28.399,flesh_expressibility_dutch,2022.2.4,Win32,60.70908208,,,,18.0,1.0,Nederlands,,,,,,Engels,2.0,Duits,1.0,,0.0,,0.0,,0.0,,0.0,,0.0,,0.0,NL,3.0,2.0,2.0,1.0,,sensorypref1,sensorypref2,1280.0,720.0,,,,,,,,,,,,,,,,,,,,,,,,,,,,,,,,,,,22.0,947.7761,42.0,"[5.7980999999045935,1.8645999999046694,3.9487000000476655,8.612600000143004,6.114499999999964,0.8995999999046376,1.098900000095398,6.414500000000032,6.898099999904673,6.430899999856933,0.9487000000477224,1.132799999952283,1.066000000000031,0.83299999999997,1.833200000047782,0.9997000000475964,2.3490000000000464,4.748900000095318,1.1489000000954093,30.42379999995228,1.0994000000953292,0.8333999998569652,0.7998999998569616,3.697899999856986,0.8659000000953938,4.21449999999993,1.616299999952389,2.4658999998569016,2.6323999998569434,1.6828000001906958,1.0831000001430766,3.4322000000477146,1.0824000000953902,2.2153999998569134,10.512399999856939,11.59610000014311,7.848400000095353,0.9331000001430994,3.8319999999999936,2.7998999998569616,3.898599999904718,0.8497999999523245]","[5.7980999999045935,1.8645999999046694,3.9487000000476655,8.612600000143004,6.114499999999964,0.8997000000476874,1.098900000095398,6.414500000000032,6.898099999904673,6.430999999999983,0.9487000000477224,1.1329999999999814,1.0661000001430239,0.83299999999997,1.833200000047782,0.9997999999523017,2.3491000001430393,4.749000000000024,1.1489000000954093,30.423900000095387,1.0994000000953292,0.8333999998569652,0.7998999998569616,3.697999999999979,0.8659999999999854,4.21449999999993,1.6163999998569807,2.4658999998569016,2.6323999998569434,1.682900000095401,1.0831000001430766,3.4322000000477146,1.0824999999999818,2.2153999998569134,10.512500000000045,11.596200000047702,7.848400000095353,0.933200000047691,3.8320999999045853,2.7998999998569616,3.898700000047711,0.8498999998570298]",,,0.0,41.0,41.0,47.0,1.0,kruipen,vkruipen,question_vocal.png,im_mouth.png,,,,,,
,,,538741,1,21,2023-09-29_12h32.28.399,flesh_expressibility_dutch,2022.2.4,Win32,60.70908208,,,,18.0,1.0,Nederlands,,,,,,Engels,2.0,Duits,1.0,,0.0,,0.0,,0.0,,0.0,,0.0,,0.0,NL,3.0,2.0,2.0,1.0,,sensorypref1,sensorypref2,1280.0,720.0,,,,,,,,,,,,,,,,,,,,,,,,,,,,,,,,,,,22.0,948.8188,42.0,"[5.7980999999045935,1.8645999999046694,3.9487000000476655,8.612600000143004,6.114499999999964,0.8995999999046376,1.098900000095398,6.414500000000032,6.898099999904673,6.430899999856933,0.9487000000477224,1.132799999952283,1.066000000000031,0.83299999999997,1.833200000047782,0.9997000000475964,2.3490000000000464,4.748900000095318,1.1489000000954093,30.42379999995228,1.0994000000953292,0.8333999998569652,0.7998999998569616,3.697899999856986,0.8659000000953938,4.21449999999993,1.616299999952389,2.4658999998569016,2.6323999998569434,1.6828000001906958,1.0831000001430766,3.4322000000477146,1.0824000000953902,2.2153999998569134,10.512399999856939,11.59610000014311,7.848400000095353,0.9331000001430994,3.8319999999999936,2.7998999998569616,3.898599999904718,0.8497999999523245]","[5.7980999999045935,1.8645999999046694,3.9487000000476655,8.612600000143004,6.114499999999964,0.8997000000476874,1.098900000095398,6.414500000000032,6.898099999904673,6.430999999999983,0.9487000000477224,1.1329999999999814,1.0661000001430239,0.83299999999997,1.833200000047782,0.9997999999523017,2.3491000001430393,4.749000000000024,1.1489000000954093,30.423900000095387,1.0994000000953292,0.8333999998569652,0.7998999998569616,3.697999999999979,0.8659999999999854,4.21449999999993,1.6163999998569807,2.4658999998569016,2.6323999998569434,1.682900000095401,1.0831000001430766,3.4322000000477146,1.0824999999999818,2.2153999998569134,10.512500000000045,11.596200000047702,7.848400000095353,0.933200000047691,3.8320999999045853,2.7998999998569616,3.898700000047711,0.8498999998570298]",,,0.0,42.0,42.0,55.0,1.0,langzaam,vlangzaam,question_vocal.png,im_mouth.png,,,,,,
,,,538741,1,21,2023-09-29_12h32.28.399,flesh_expressibility_dutch,2022.2.4,Win32,60.70908208,,,,18.0,1.0,Nederlands,,,,,,Engels,2.0,Duits,1.0,,0.0,,0.0,,0.0,,0.0,,0.0,,0.0,NL,3.0,2.0,2.0,1.0,,sensorypref1,sensorypref2,1280.0,720.0,,,,,,,,,,,,,,,,,,,,,,,,,,,,,,,,,,,22.0,949.9283,42.0,"[5.7980999999045935,1.8645999999046694,3.9487000000476655,8.612600000143004,6.114499999999964,0.8995999999046376,1.098900000095398,6.414500000000032,6.898099999904673,6.430899999856933,0.9487000000477224,1.132799999952283,1.066000000000031,0.83299999999997,1.833200000047782,0.9997000000475964,2.3490000000000464,4.748900000095318,1.1489000000954093,30.42379999995228,1.0994000000953292,0.8333999998569652,0.7998999998569616,3.697899999856986,0.8659000000953938,4.21449999999993,1.616299999952389,2.4658999998569016,2.6323999998569434,1.6828000001906958,1.0831000001430766,3.4322000000477146,1.0824000000953902,2.2153999998569134,10.512399999856939,11.59610000014311,7.848400000095353,0.9331000001430994,3.8319999999999936,2.7998999998569616,3.898599999904718,0.8497999999523245]","[5.7980999999045935,1.8645999999046694,3.9487000000476655,8.612600000143004,6.114499999999964,0.8997000000476874,1.098900000095398,6.414500000000032,6.898099999904673,6.430999999999983,0.9487000000477224,1.1329999999999814,1.0661000001430239,0.83299999999997,1.833200000047782,0.9997999999523017,2.3491000001430393,4.749000000000024,1.1489000000954093,30.423900000095387,1.0994000000953292,0.8333999998569652,0.7998999998569616,3.697999999999979,0.8659999999999854,4.21449999999993,1.6163999998569807,2.4658999998569016,2.6323999998569434,1.682900000095401,1.0831000001430766,3.4322000000477146,1.0824999999999818,2.2153999998569134,10.512500000000045,11.596200000047702,7.848400000095353,0.933200000047691,3.8320999999045853,2.7998999998569616,3.898700000047711,0.8498999998570298]",,,0.0,43.0,43.0,75.0,1.0,rond,vrond,question_vocal.png,im_mouth.png,,,,,,
,,,538741,1,21,2023-09-29_12h32.28.399,flesh_expressibility_dutch,2022.2.4,Win32,60.70908208,,,,18.0,1.0,Nederlands,,,,,,Engels,2.0,Duits,1.0,,0.0,,0.0,,0.0,,0.0,,0.0,,0.0,NL,3.0,2.0,2.0,1.0,,sensorypref1,sensorypref2,1280.0,720.0,,,,,,,,,,,,,,,,,,,,,,,,,,,,,,,,,,,18.0,950.8698,43.0,"[5.7980999999045935,1.8645999999046694,3.9487000000476655,8.612600000143004,6.114499999999964,0.8995999999046376,1.098900000095398,6.414500000000032,6.898099999904673,6.430899999856933,0.9487000000477224,1.132799999952283,1.066000000000031,0.83299999999997,1.833200000047782,0.9997000000475964,2.3490000000000464,4.748900000095318,1.1489000000954093,30.42379999995228,1.0994000000953292,0.8333999998569652,0.7998999998569616,3.697899999856986,0.8659000000953938,4.21449999999993,1.616299999952389,2.4658999998569016,2.6323999998569434,1.6828000001906958,1.0831000001430766,3.4322000000477146,1.0824000000953902,2.2153999998569134,10.512399999856939,11.59610000014311,7.848400000095353,0.9331000001430994,3.8319999999999936,2.7998999998569616,3.898599999904718,0.8497999999523245,1.8168000001907103]","[5.7980999999045935,1.8645999999046694,3.9487000000476655,8.612600000143004,6.114499999999964,0.8997000000476874,1.098900000095398,6.414500000000032,6.898099999904673,6.430999999999983,0.9487000000477224,1.1329999999999814,1.0661000001430239,0.83299999999997,1.833200000047782,0.9997999999523017,2.3491000001430393,4.749000000000024,1.1489000000954093,30.423900000095387,1.0994000000953292,0.8333999998569652,0.7998999998569616,3.697999999999979,0.8659999999999854,4.21449999999993,1.6163999998569807,2.4658999998569016,2.6323999998569434,1.682900000095401,1.0831000001430766,3.4322000000477146,1.0824999999999818,2.2153999998569134,10.512500000000045,11.596200000047702,7.848400000095353,0.933200000047691,3.8320999999045853,2.7998999998569616,3.898700000047711,0.8498999998570298,1.8170000000000073]",-0.774074046,7.9468,0.0,44.0,44.0,195.0,1.0,rook,vrook,question_vocal.png,im_mouth.png,,,,,,
,,,538741,1,21,2023-09-29_12h32.28.399,flesh_expressibility_dutch,2022.2.4,Win32,60.70908208,,,,18.0,1.0,Nederlands,,,,,,Engels,2.0,Duits,1.0,,0.0,,0.0,,0.0,,0.0,,0.0,,0.0,NL,3.0,2.0,2.0,1.0,,sensorypref1,sensorypref2,1280.0,720.0,,,,,,,,,,,,,,,,,,,,,,,,,,,,,,,,,,,22.0,960.523,43.0,"[5.7980999999045935,1.8645999999046694,3.9487000000476655,8.612600000143004,6.114499999999964,0.8995999999046376,1.098900000095398,6.414500000000032,6.898099999904673,6.430899999856933,0.9487000000477224,1.132799999952283,1.066000000000031,0.83299999999997,1.833200000047782,0.9997000000475964,2.3490000000000464,4.748900000095318,1.1489000000954093,30.42379999995228,1.0994000000953292,0.8333999998569652,0.7998999998569616,3.697899999856986,0.8659000000953938,4.21449999999993,1.616299999952389,2.4658999998569016,2.6323999998569434,1.6828000001906958,1.0831000001430766,3.4322000000477146,1.0824000000953902,2.2153999998569134,10.512399999856939,11.59610000014311,7.848400000095353,0.9331000001430994,3.8319999999999936,2.7998999998569616,3.898599999904718,0.8497999999523245,1.8168000001907103]","[5.7980999999045935,1.8645999999046694,3.9487000000476655,8.612600000143004,6.114499999999964,0.8997000000476874,1.098900000095398,6.414500000000032,6.898099999904673,6.430999999999983,0.9487000000477224,1.1329999999999814,1.0661000001430239,0.83299999999997,1.833200000047782,0.9997999999523017,2.3491000001430393,4.749000000000024,1.1489000000954093,30.423900000095387,1.0994000000953292,0.8333999998569652,0.7998999998569616,3.697999999999979,0.8659999999999854,4.21449999999993,1.6163999998569807,2.4658999998569016,2.6323999998569434,1.682900000095401,1.0831000001430766,3.4322000000477146,1.0824999999999818,2.2153999998569134,10.512500000000045,11.596200000047702,7.848400000095353,0.933200000047691,3.8320999999045853,2.7998999998569616,3.898700000047711,0.8498999998570298,1.8170000000000073]",,,0.0,45.0,45.0,160.0,1.0,wie,vwie,question_vocal.png,im_mouth.png,,,,,,
,,,538741,1,21,2023-09-29_12h32.28.399,flesh_expressibility_dutch,2022.2.4,Win32,60.70908208,,,,18.0,1.0,Nederlands,,,,,,Engels,2.0,Duits,1.0,,0.0,,0.0,,0.0,,0.0,,0.0,,0.0,NL,3.0,2.0,2.0,1.0,,sensorypref1,sensorypref2,1280.0,720.0,,,,,,,,,,,,,,,,,,,,,,,,,,,,,,,,,,,22.0,961.5784,43.0,"[5.7980999999045935,1.8645999999046694,3.9487000000476655,8.612600000143004,6.114499999999964,0.8995999999046376,1.098900000095398,6.414500000000032,6.898099999904673,6.430899999856933,0.9487000000477224,1.132799999952283,1.066000000000031,0.83299999999997,1.833200000047782,0.9997000000475964,2.3490000000000464,4.748900000095318,1.1489000000954093,30.42379999995228,1.0994000000953292,0.8333999998569652,0.7998999998569616,3.697899999856986,0.8659000000953938,4.21449999999993,1.616299999952389,2.4658999998569016,2.6323999998569434,1.6828000001906958,1.0831000001430766,3.4322000000477146,1.0824000000953902,2.2153999998569134,10.512399999856939,11.59610000014311,7.848400000095353,0.9331000001430994,3.8319999999999936,2.7998999998569616,3.898599999904718,0.8497999999523245,1.8168000001907103]","[5.7980999999045935,1.8645999999046694,3.9487000000476655,8.612600000143004,6.114499999999964,0.8997000000476874,1.098900000095398,6.414500000000032,6.898099999904673,6.430999999999983,0.9487000000477224,1.1329999999999814,1.0661000001430239,0.83299999999997,1.833200000047782,0.9997999999523017,2.3491000001430393,4.749000000000024,1.1489000000954093,30.423900000095387,1.0994000000953292,0.8333999998569652,0.7998999998569616,3.697999999999979,0.8659999999999854,4.21449999999993,1.6163999998569807,2.4658999998569016,2.6323999998569434,1.682900000095401,1.0831000001430766,3.4322000000477146,1.0824999999999818,2.2153999998569134,10.512500000000045,11.596200000047702,7.848400000095353,0.933200000047691,3.8320999999045853,2.7998999998569616,3.898700000047711,0.8498999998570298,1.8170000000000073]",,,0.0,46.0,46.0,53.0,1.0,gooien,vgooien,question_vocal.png,im_mouth.png,,,,,,
,,,538741,1,21,2023-09-29_12h32.28.399,flesh_expressibility_dutch,2022.2.4,Win32,60.70908208,,,,18.0,1.0,Nederlands,,,,,,Engels,2.0,Duits,1.0,,0.0,,0.0,,0.0,,0.0,,0.0,,0.0,NL,3.0,2.0,2.0,1.0,,sensorypref1,sensorypref2,1280.0,720.0,,,,,,,,,,,,,,,,,,,,,,,,,,,,,,,,,,,22.0,962.6803,43.0,"[5.7980999999045935,1.8645999999046694,3.9487000000476655,8.612600000143004,6.114499999999964,0.8995999999046376,1.098900000095398,6.414500000000032,6.898099999904673,6.430899999856933,0.9487000000477224,1.132799999952283,1.066000000000031,0.83299999999997,1.833200000047782,0.9997000000475964,2.3490000000000464,4.748900000095318,1.1489000000954093,30.42379999995228,1.0994000000953292,0.8333999998569652,0.7998999998569616,3.697899999856986,0.8659000000953938,4.21449999999993,1.616299999952389,2.4658999998569016,2.6323999998569434,1.6828000001906958,1.0831000001430766,3.4322000000477146,1.0824000000953902,2.2153999998569134,10.512399999856939,11.59610000014311,7.848400000095353,0.9331000001430994,3.8319999999999936,2.7998999998569616,3.898599999904718,0.8497999999523245,1.8168000001907103]","[5.7980999999045935,1.8645999999046694,3.9487000000476655,8.612600000143004,6.114499999999964,0.8997000000476874,1.098900000095398,6.414500000000032,6.898099999904673,6.430999999999983,0.9487000000477224,1.1329999999999814,1.0661000001430239,0.83299999999997,1.833200000047782,0.9997999999523017,2.3491000001430393,4.749000000000024,1.1489000000954093,30.423900000095387,1.0994000000953292,0.8333999998569652,0.7998999998569616,3.697999999999979,0.8659999999999854,4.21449999999993,1.6163999998569807,2.4658999998569016,2.6323999998569434,1.682900000095401,1.0831000001430766,3.4322000000477146,1.0824999999999818,2.2153999998569134,10.512500000000045,11.596200000047702,7.848400000095353,0.933200000047691,3.8320999999045853,2.7998999998569616,3.898700000047711,0.8498999998570298,1.8170000000000073]",,,0.0,47.0,47.0,176.0,1.0,wijd,vwijd,question_vocal.png,im_mouth.png,,,,,,
,,,538741,1,21,2023-09-29_12h32.28.399,flesh_expressibility_dutch,2022.2.4,Win32,60.70908208,,,,18.0,1.0,Nederlands,,,,,,Engels,2.0,Duits,1.0,,0.0,,0.0,,0.0,,0.0,,0.0,,0.0,NL,3.0,2.0,2.0,1.0,,sensorypref1,sensorypref2,1280.0,720.0,,,,,,,,,,,,,,,,,,,,,,,,,,,,,,,,,,,22.0,963.6207,43.0,"[5.7980999999045935,1.8645999999046694,3.9487000000476655,8.612600000143004,6.114499999999964,0.8995999999046376,1.098900000095398,6.414500000000032,6.898099999904673,6.430899999856933,0.9487000000477224,1.132799999952283,1.066000000000031,0.83299999999997,1.833200000047782,0.9997000000475964,2.3490000000000464,4.748900000095318,1.1489000000954093,30.42379999995228,1.0994000000953292,0.8333999998569652,0.7998999998569616,3.697899999856986,0.8659000000953938,4.21449999999993,1.616299999952389,2.4658999998569016,2.6323999998569434,1.6828000001906958,1.0831000001430766,3.4322000000477146,1.0824000000953902,2.2153999998569134,10.512399999856939,11.59610000014311,7.848400000095353,0.9331000001430994,3.8319999999999936,2.7998999998569616,3.898599999904718,0.8497999999523245,1.8168000001907103]","[5.7980999999045935,1.8645999999046694,3.9487000000476655,8.612600000143004,6.114499999999964,0.8997000000476874,1.098900000095398,6.414500000000032,6.898099999904673,6.430999999999983,0.9487000000477224,1.1329999999999814,1.0661000001430239,0.83299999999997,1.833200000047782,0.9997999999523017,2.3491000001430393,4.749000000000024,1.1489000000954093,30.423900000095387,1.0994000000953292,0.8333999998569652,0.7998999998569616,3.697999999999979,0.8659999999999854,4.21449999999993,1.6163999998569807,2.4658999998569016,2.6323999998569434,1.682900000095401,1.0831000001430766,3.4322000000477146,1.0824999999999818,2.2153999998569134,10.512500000000045,11.596200000047702,7.848400000095353,0.933200000047691,3.8320999999045853,2.7998999998569616,3.898700000047711,0.8498999998570298,1.8170000000000073]",,,0.0,48.0,48.0,149.0,1.0,blazen,vblazen,question_vocal.png,im_mouth.png,,,,,,
,,,538741,1,21,2023-09-29_12h32.28.399,flesh_expressibility_dutch,2022.2.4,Win32,60.70908208,,,,18.0,1.0,Nederlands,,,,,,Engels,2.0,Duits,1.0,,0.0,,0.0,,0.0,,0.0,,0.0,,0.0,NL,3.0,2.0,2.0,1.0,,sensorypref1,sensorypref2,1280.0,720.0,,,,,,,,,,,,,,,,,,,,,,,,,,,,,,,,,,,22.0,964.5921,43.0,"[5.7980999999045935,1.8645999999046694,3.9487000000476655,8.612600000143004,6.114499999999964,0.8995999999046376,1.098900000095398,6.414500000000032,6.898099999904673,6.430899999856933,0.9487000000477224,1.132799999952283,1.066000000000031,0.83299999999997,1.833200000047782,0.9997000000475964,2.3490000000000464,4.748900000095318,1.1489000000954093,30.42379999995228,1.0994000000953292,0.8333999998569652,0.7998999998569616,3.697899999856986,0.8659000000953938,4.21449999999993,1.616299999952389,2.4658999998569016,2.6323999998569434,1.6828000001906958,1.0831000001430766,3.4322000000477146,1.0824000000953902,2.2153999998569134,10.512399999856939,11.59610000014311,7.848400000095353,0.9331000001430994,3.8319999999999936,2.7998999998569616,3.898599999904718,0.8497999999523245,1.8168000001907103]","[5.7980999999045935,1.8645999999046694,3.9487000000476655,8.612600000143004,6.114499999999964,0.8997000000476874,1.098900000095398,6.414500000000032,6.898099999904673,6.430999999999983,0.9487000000477224,1.1329999999999814,1.0661000001430239,0.83299999999997,1.833200000047782,0.9997999999523017,2.3491000001430393,4.749000000000024,1.1489000000954093,30.423900000095387,1.0994000000953292,0.8333999998569652,0.7998999998569616,3.697999999999979,0.8659999999999854,4.21449999999993,1.6163999998569807,2.4658999998569016,2.6323999998569434,1.682900000095401,1.0831000001430766,3.4322000000477146,1.0824999999999818,2.2153999998569134,10.512500000000045,11.596200000047702,7.848400000095353,0.933200000047691,3.8320999999045853,2.7998999998569616,3.898700000047711,0.8498999998570298,1.8170000000000073]",,,0.0,49.0,49.0,4.0,1.0,fluisteren,vfluisteren,question_vocal.png,im_mouth.png,,,,,,
,,,538741,1,21,2023-09-29_12h32.28.399,flesh_expressibility_dutch,2022.2.4,Win32,60.70908208,,,,18.0,1.0,Nederlands,,,,,,Engels,2.0,Duits,1.0,,0.0,,0.0,,0.0,,0.0,,0.0,,0.0,NL,3.0,2.0,2.0,1.0,,sensorypref1,sensorypref2,1280.0,720.0,,,,,,,,,,,,,,,,,,,,,,,,,,,,,,,,,,,21.0,965.6376,44.0,"[5.7980999999045935,1.8645999999046694,3.9487000000476655,8.612600000143004,6.114499999999964,0.8995999999046376,1.098900000095398,6.414500000000032,6.898099999904673,6.430899999856933,0.9487000000477224,1.132799999952283,1.066000000000031,0.83299999999997,1.833200000047782,0.9997000000475964,2.3490000000000464,4.748900000095318,1.1489000000954093,30.42379999995228,1.0994000000953292,0.8333999998569652,0.7998999998569616,3.697899999856986,0.8659000000953938,4.21449999999993,1.616299999952389,2.4658999998569016,2.6323999998569434,1.6828000001906958,1.0831000001430766,3.4322000000477146,1.0824000000953902,2.2153999998569134,10.512399999856939,11.59610000014311,7.848400000095353,0.9331000001430994,3.8319999999999936,2.7998999998569616,3.898599999904718,0.8497999999523245,1.8168000001907103,0.816799999952309]","[5.7980999999045935,1.8645999999046694,3.9487000000476655,8.612600000143004,6.114499999999964,0.8997000000476874,1.098900000095398,6.414500000000032,6.898099999904673,6.430999999999983,0.9487000000477224,1.1329999999999814,1.0661000001430239,0.83299999999997,1.833200000047782,0.9997999999523017,2.3491000001430393,4.749000000000024,1.1489000000954093,30.423900000095387,1.0994000000953292,0.8333999998569652,0.7998999998569616,3.697999999999979,0.8659999999999854,4.21449999999993,1.6163999998569807,2.4658999998569016,2.6323999998569434,1.682900000095401,1.0831000001430766,3.4322000000477146,1.0824999999999818,2.2153999998569134,10.512500000000045,11.596200000047702,7.848400000095353,0.933200000047691,3.8320999999045853,2.7998999998569616,3.898700000047711,0.8498999998570298,1.8170000000000073,0.816900000095302]",-0.983333333,4.423,0.0,50.0,50.0,144.0,1.0,geven,vgeven,question_vocal.png,im_mouth.png,,,,,,
,,,538741,1,21,2023-09-29_12h32.28.399,flesh_expressibility_dutch,2022.2.4,Win32,60.70908208,,,,18.0,1.0,Nederlands,,,,,,Engels,2.0,Duits,1.0,,0.0,,0.0,,0.0,,0.0,,0.0,,0.0,NL,3.0,2.0,2.0,1.0,,sensorypref1,sensorypref2,1280.0,720.0,,,,,,,,,,,,,,,,,,,,,,,,,,,,,,,,,,,22.0,970.6747,44.0,"[5.7980999999045935,1.8645999999046694,3.9487000000476655,8.612600000143004,6.114499999999964,0.8995999999046376,1.098900000095398,6.414500000000032,6.898099999904673,6.430899999856933,0.9487000000477224,1.132799999952283,1.066000000000031,0.83299999999997,1.833200000047782,0.9997000000475964,2.3490000000000464,4.748900000095318,1.1489000000954093,30.42379999995228,1.0994000000953292,0.8333999998569652,0.7998999998569616,3.697899999856986,0.8659000000953938,4.21449999999993,1.616299999952389,2.4658999998569016,2.6323999998569434,1.6828000001906958,1.0831000001430766,3.4322000000477146,1.0824000000953902,2.2153999998569134,10.512399999856939,11.59610000014311,7.848400000095353,0.9331000001430994,3.8319999999999936,2.7998999998569616,3.898599999904718,0.8497999999523245,1.8168000001907103,0.816799999952309]","[5.7980999999045935,1.8645999999046694,3.9487000000476655,8.612600000143004,6.114499999999964,0.8997000000476874,1.098900000095398,6.414500000000032,6.898099999904673,6.430999999999983,0.9487000000477224,1.1329999999999814,1.0661000001430239,0.83299999999997,1.833200000047782,0.9997999999523017,2.3491000001430393,4.749000000000024,1.1489000000954093,30.423900000095387,1.0994000000953292,0.8333999998569652,0.7998999998569616,3.697999999999979,0.8659999999999854,4.21449999999993,1.6163999998569807,2.4658999998569016,2.6323999998569434,1.682900000095401,1.0831000001430766,3.4322000000477146,1.0824999999999818,2.2153999998569134,10.512500000000045,11.596200000047702,7.848400000095353,0.933200000047691,3.8320999999045853,2.7998999998569616,3.898700000047711,0.8498999998570298,1.8170000000000073,0.816900000095302]",,,0.0,51.0,51.0,175.0,1.0,dik,vdik,question_vocal.png,im_mouth.png,,,,,,
,,,538741,1,21,2023-09-29_12h32.28.399,flesh_expressibility_dutch,2022.2.4,Win32,60.70908208,,,,18.0,1.0,Nederlands,,,,,,Engels,2.0,Duits,1.0,,0.0,,0.0,,0.0,,0.0,,0.0,,0.0,NL,3.0,2.0,2.0,1.0,,sensorypref1,sensorypref2,1280.0,720.0,,,,,,,,,,,,,,,,,,,,,,,,,,,,,,,,,,,22.0,971.669,44.0,"[5.7980999999045935,1.8645999999046694,3.9487000000476655,8.612600000143004,6.114499999999964,0.8995999999046376,1.098900000095398,6.414500000000032,6.898099999904673,6.430899999856933,0.9487000000477224,1.132799999952283,1.066000000000031,0.83299999999997,1.833200000047782,0.9997000000475964,2.3490000000000464,4.748900000095318,1.1489000000954093,30.42379999995228,1.0994000000953292,0.8333999998569652,0.7998999998569616,3.697899999856986,0.8659000000953938,4.21449999999993,1.616299999952389,2.4658999998569016,2.6323999998569434,1.6828000001906958,1.0831000001430766,3.4322000000477146,1.0824000000953902,2.2153999998569134,10.512399999856939,11.59610000014311,7.848400000095353,0.9331000001430994,3.8319999999999936,2.7998999998569616,3.898599999904718,0.8497999999523245,1.8168000001907103,0.816799999952309]","[5.7980999999045935,1.8645999999046694,3.9487000000476655,8.612600000143004,6.114499999999964,0.8997000000476874,1.098900000095398,6.414500000000032,6.898099999904673,6.430999999999983,0.9487000000477224,1.1329999999999814,1.0661000001430239,0.83299999999997,1.833200000047782,0.9997999999523017,2.3491000001430393,4.749000000000024,1.1489000000954093,30.423900000095387,1.0994000000953292,0.8333999998569652,0.7998999998569616,3.697999999999979,0.8659999999999854,4.21449999999993,1.6163999998569807,2.4658999998569016,2.6323999998569434,1.682900000095401,1.0831000001430766,3.4322000000477146,1.0824999999999818,2.2153999998569134,10.512500000000045,11.596200000047702,7.848400000095353,0.933200000047691,3.8320999999045853,2.7998999998569616,3.898700000047711,0.8498999998570298,1.8170000000000073,0.816900000095302]",,,0.0,52.0,52.0,69.0,1.0,glad,vglad,question_vocal.png,im_mouth.png,,,,,,
,,,538741,1,21,2023-09-29_12h32.28.399,flesh_expressibility_dutch,2022.2.4,Win32,60.70908208,,,,18.0,1.0,Nederlands,,,,,,Engels,2.0,Duits,1.0,,0.0,,0.0,,0.0,,0.0,,0.0,,0.0,NL,3.0,2.0,2.0,1.0,,sensorypref1,sensorypref2,1280.0,720.0,,,,,,,,,,,,,,,,,,,,,,,,,,,,,,,,,,,22.0,972.6842,44.0,"[5.7980999999045935,1.8645999999046694,3.9487000000476655,8.612600000143004,6.114499999999964,0.8995999999046376,1.098900000095398,6.414500000000032,6.898099999904673,6.430899999856933,0.9487000000477224,1.132799999952283,1.066000000000031,0.83299999999997,1.833200000047782,0.9997000000475964,2.3490000000000464,4.748900000095318,1.1489000000954093,30.42379999995228,1.0994000000953292,0.8333999998569652,0.7998999998569616,3.697899999856986,0.8659000000953938,4.21449999999993,1.616299999952389,2.4658999998569016,2.6323999998569434,1.6828000001906958,1.0831000001430766,3.4322000000477146,1.0824000000953902,2.2153999998569134,10.512399999856939,11.59610000014311,7.848400000095353,0.9331000001430994,3.8319999999999936,2.7998999998569616,3.898599999904718,0.8497999999523245,1.8168000001907103,0.816799999952309]","[5.7980999999045935,1.8645999999046694,3.9487000000476655,8.612600000143004,6.114499999999964,0.8997000000476874,1.098900000095398,6.414500000000032,6.898099999904673,6.430999999999983,0.9487000000477224,1.1329999999999814,1.0661000001430239,0.83299999999997,1.833200000047782,0.9997999999523017,2.3491000001430393,4.749000000000024,1.1489000000954093,30.423900000095387,1.0994000000953292,0.8333999998569652,0.7998999998569616,3.697999999999979,0.8659999999999854,4.21449999999993,1.6163999998569807,2.4658999998569016,2.6323999998569434,1.682900000095401,1.0831000001430766,3.4322000000477146,1.0824999999999818,2.2153999998569134,10.512500000000045,11.596200000047702,7.848400000095353,0.933200000047691,3.8320999999045853,2.7998999998569616,3.898700000047711,0.8498999998570298,1.8170000000000073,0.816900000095302]",,,0.0,53.0,53.0,81.0,1.0,vriend,vvriend,question_vocal.png,im_mouth.png,,,,,,
,,,538741,1,21,2023-09-29_12h32.28.399,flesh_expressibility_dutch,2022.2.4,Win32,60.70908208,,,,18.0,1.0,Nederlands,,,,,,Engels,2.0,Duits,1.0,,0.0,,0.0,,0.0,,0.0,,0.0,,0.0,NL,3.0,2.0,2.0,1.0,,sensorypref1,sensorypref2,1280.0,720.0,,,,,,,,,,,,,,,,,,,,,,,,,,,,,,,,,,,22.0,973.6985,44.0,"[5.7980999999045935,1.8645999999046694,3.9487000000476655,8.612600000143004,6.114499999999964,0.8995999999046376,1.098900000095398,6.414500000000032,6.898099999904673,6.430899999856933,0.9487000000477224,1.132799999952283,1.066000000000031,0.83299999999997,1.833200000047782,0.9997000000475964,2.3490000000000464,4.748900000095318,1.1489000000954093,30.42379999995228,1.0994000000953292,0.8333999998569652,0.7998999998569616,3.697899999856986,0.8659000000953938,4.21449999999993,1.616299999952389,2.4658999998569016,2.6323999998569434,1.6828000001906958,1.0831000001430766,3.4322000000477146,1.0824000000953902,2.2153999998569134,10.512399999856939,11.59610000014311,7.848400000095353,0.9331000001430994,3.8319999999999936,2.7998999998569616,3.898599999904718,0.8497999999523245,1.8168000001907103,0.816799999952309]","[5.7980999999045935,1.8645999999046694,3.9487000000476655,8.612600000143004,6.114499999999964,0.8997000000476874,1.098900000095398,6.414500000000032,6.898099999904673,6.430999999999983,0.9487000000477224,1.1329999999999814,1.0661000001430239,0.83299999999997,1.833200000047782,0.9997999999523017,2.3491000001430393,4.749000000000024,1.1489000000954093,30.423900000095387,1.0994000000953292,0.8333999998569652,0.7998999998569616,3.697999999999979,0.8659999999999854,4.21449999999993,1.6163999998569807,2.4658999998569016,2.6323999998569434,1.682900000095401,1.0831000001430766,3.4322000000477146,1.0824999999999818,2.2153999998569134,10.512500000000045,11.596200000047702,7.848400000095353,0.933200000047691,3.8320999999045853,2.7998999998569616,3.898700000047711,0.8498999998570298,1.8170000000000073,0.816900000095302]",,,0.0,54.0,54.0,128.0,1.0,weten,vweten,question_vocal.png,im_mouth.png,,,,,,
,,,538741,1,21,2023-09-29_12h32.28.399,flesh_expressibility_dutch,2022.2.4,Win32,60.70908208,,,,18.0,1.0,Nederlands,,,,,,Engels,2.0,Duits,1.0,,0.0,,0.0,,0.0,,0.0,,0.0,,0.0,NL,3.0,2.0,2.0,1.0,,sensorypref1,sensorypref2,1280.0,720.0,,,,,,,,,,,,,,,,,,,,,,,,,,,,,,,,,,,22.0,974.8121,44.0,"[5.7980999999045935,1.8645999999046694,3.9487000000476655,8.612600000143004,6.114499999999964,0.8995999999046376,1.098900000095398,6.414500000000032,6.898099999904673,6.430899999856933,0.9487000000477224,1.132799999952283,1.066000000000031,0.83299999999997,1.833200000047782,0.9997000000475964,2.3490000000000464,4.748900000095318,1.1489000000954093,30.42379999995228,1.0994000000953292,0.8333999998569652,0.7998999998569616,3.697899999856986,0.8659000000953938,4.21449999999993,1.616299999952389,2.4658999998569016,2.6323999998569434,1.6828000001906958,1.0831000001430766,3.4322000000477146,1.0824000000953902,2.2153999998569134,10.512399999856939,11.59610000014311,7.848400000095353,0.9331000001430994,3.8319999999999936,2.7998999998569616,3.898599999904718,0.8497999999523245,1.8168000001907103,0.816799999952309]","[5.7980999999045935,1.8645999999046694,3.9487000000476655,8.612600000143004,6.114499999999964,0.8997000000476874,1.098900000095398,6.414500000000032,6.898099999904673,6.430999999999983,0.9487000000477224,1.1329999999999814,1.0661000001430239,0.83299999999997,1.833200000047782,0.9997999999523017,2.3491000001430393,4.749000000000024,1.1489000000954093,30.423900000095387,1.0994000000953292,0.8333999998569652,0.7998999998569616,3.697999999999979,0.8659999999999854,4.21449999999993,1.6163999998569807,2.4658999998569016,2.6323999998569434,1.682900000095401,1.0831000001430766,3.4322000000477146,1.0824999999999818,2.2153999998569134,10.512500000000045,11.596200000047702,7.848400000095353,0.933200000047691,3.8320999999045853,2.7998999998569616,3.898700000047711,0.8498999998570298,1.8170000000000073,0.816900000095302]",,,0.0,55.0,55.0,127.0,1.0,vleugel,vvleugel,question_vocal.png,im_mouth.png,,,,,,
,,,538741,1,21,2023-09-29_12h32.28.399,flesh_expressibility_dutch,2022.2.4,Win32,60.70908208,,,,18.0,1.0,Nederlands,,,,,,Engels,2.0,Duits,1.0,,0.0,,0.0,,0.0,,0.0,,0.0,,0.0,NL,3.0,2.0,2.0,1.0,,sensorypref1,sensorypref2,1280.0,720.0,,,,,,,,,,,,,,,,,,,,,,,,,,,,,,,,,,,22.0,975.711,44.0,"[5.7980999999045935,1.8645999999046694,3.9487000000476655,8.612600000143004,6.114499999999964,0.8995999999046376,1.098900000095398,6.414500000000032,6.898099999904673,6.430899999856933,0.9487000000477224,1.132799999952283,1.066000000000031,0.83299999999997,1.833200000047782,0.9997000000475964,2.3490000000000464,4.748900000095318,1.1489000000954093,30.42379999995228,1.0994000000953292,0.8333999998569652,0.7998999998569616,3.697899999856986,0.8659000000953938,4.21449999999993,1.616299999952389,2.4658999998569016,2.6323999998569434,1.6828000001906958,1.0831000001430766,3.4322000000477146,1.0824000000953902,2.2153999998569134,10.512399999856939,11.59610000014311,7.848400000095353,0.9331000001430994,3.8319999999999936,2.7998999998569616,3.898599999904718,0.8497999999523245,1.8168000001907103,0.816799999952309]","[5.7980999999045935,1.8645999999046694,3.9487000000476655,8.612600000143004,6.114499999999964,0.8997000000476874,1.098900000095398,6.414500000000032,6.898099999904673,6.430999999999983,0.9487000000477224,1.1329999999999814,1.0661000001430239,0.83299999999997,1.833200000047782,0.9997999999523017,2.3491000001430393,4.749000000000024,1.1489000000954093,30.423900000095387,1.0994000000953292,0.8333999998569652,0.7998999998569616,3.697999999999979,0.8659999999999854,4.21449999999993,1.6163999998569807,2.4658999998569016,2.6323999998569434,1.682900000095401,1.0831000001430766,3.4322000000477146,1.0824999999999818,2.2153999998569134,10.512500000000045,11.596200000047702,7.848400000095353,0.933200000047691,3.8320999999045853,2.7998999998569616,3.898700000047711,0.8498999998570298,1.8170000000000073,0.816900000095302]",,,0.0,56.0,56.0,123.0,1.0,navel,vnavel,question_vocal.png,im_mouth.png,,,,,,
,,,538741,1,21,2023-09-29_12h32.28.399,flesh_expressibility_dutch,2022.2.4,Win32,60.70908208,,,,18.0,1.0,Nederlands,,,,,,Engels,2.0,Duits,1.0,,0.0,,0.0,,0.0,,0.0,,0.0,,0.0,NL,3.0,2.0,2.0,1.0,,sensorypref1,sensorypref2,1280.0,720.0,,,,,,,,,,,,,,,,,,,,,,,,,,,,,,,,,,,22.0,976.8629,44.0,"[5.7980999999045935,1.8645999999046694,3.9487000000476655,8.612600000143004,6.114499999999964,0.8995999999046376,1.098900000095398,6.414500000000032,6.898099999904673,6.430899999856933,0.9487000000477224,1.132799999952283,1.066000000000031,0.83299999999997,1.833200000047782,0.9997000000475964,2.3490000000000464,4.748900000095318,1.1489000000954093,30.42379999995228,1.0994000000953292,0.8333999998569652,0.7998999998569616,3.697899999856986,0.8659000000953938,4.21449999999993,1.616299999952389,2.4658999998569016,2.6323999998569434,1.6828000001906958,1.0831000001430766,3.4322000000477146,1.0824000000953902,2.2153999998569134,10.512399999856939,11.59610000014311,7.848400000095353,0.9331000001430994,3.8319999999999936,2.7998999998569616,3.898599999904718,0.8497999999523245,1.8168000001907103,0.816799999952309]","[5.7980999999045935,1.8645999999046694,3.9487000000476655,8.612600000143004,6.114499999999964,0.8997000000476874,1.098900000095398,6.414500000000032,6.898099999904673,6.430999999999983,0.9487000000477224,1.1329999999999814,1.0661000001430239,0.83299999999997,1.833200000047782,0.9997999999523017,2.3491000001430393,4.749000000000024,1.1489000000954093,30.423900000095387,1.0994000000953292,0.8333999998569652,0.7998999998569616,3.697999999999979,0.8659999999999854,4.21449999999993,1.6163999998569807,2.4658999998569016,2.6323999998569434,1.682900000095401,1.0831000001430766,3.4322000000477146,1.0824999999999818,2.2153999998569134,10.512500000000045,11.596200000047702,7.848400000095353,0.933200000047691,3.8320999999045853,2.7998999998569616,3.898700000047711,0.8498999998570298,1.8170000000000073,0.816900000095302]",,,0.0,57.0,57.0,11.0,1.0,voelen,vvoelen,question_vocal.png,im_mouth.png,,,,,,
,,,538741,1,21,2023-09-29_12h32.28.399,flesh_expressibility_dutch,2022.2.4,Win32,60.70908208,,,,18.0,1.0,Nederlands,,,,,,Engels,2.0,Duits,1.0,,0.0,,0.0,,0.0,,0.0,,0.0,,0.0,NL,3.0,2.0,2.0,1.0,,sensorypref1,sensorypref2,1280.0,720.0,,,,,,,,,,,,,,,,,,,,,,,,,,,,,,,,,,,22.0,977.7833,44.0,"[5.7980999999045935,1.8645999999046694,3.9487000000476655,8.612600000143004,6.114499999999964,0.8995999999046376,1.098900000095398,6.414500000000032,6.898099999904673,6.430899999856933,0.9487000000477224,1.132799999952283,1.066000000000031,0.83299999999997,1.833200000047782,0.9997000000475964,2.3490000000000464,4.748900000095318,1.1489000000954093,30.42379999995228,1.0994000000953292,0.8333999998569652,0.7998999998569616,3.697899999856986,0.8659000000953938,4.21449999999993,1.616299999952389,2.4658999998569016,2.6323999998569434,1.6828000001906958,1.0831000001430766,3.4322000000477146,1.0824000000953902,2.2153999998569134,10.512399999856939,11.59610000014311,7.848400000095353,0.9331000001430994,3.8319999999999936,2.7998999998569616,3.898599999904718,0.8497999999523245,1.8168000001907103,0.816799999952309]","[5.7980999999045935,1.8645999999046694,3.9487000000476655,8.612600000143004,6.114499999999964,0.8997000000476874,1.098900000095398,6.414500000000032,6.898099999904673,6.430999999999983,0.9487000000477224,1.1329999999999814,1.0661000001430239,0.83299999999997,1.833200000047782,0.9997999999523017,2.3491000001430393,4.749000000000024,1.1489000000954093,30.423900000095387,1.0994000000953292,0.8333999998569652,0.7998999998569616,3.697999999999979,0.8659999999999854,4.21449999999993,1.6163999998569807,2.4658999998569016,2.6323999998569434,1.682900000095401,1.0831000001430766,3.4322000000477146,1.0824999999999818,2.2153999998569134,10.512500000000045,11.596200000047702,7.848400000095353,0.933200000047691,3.8320999999045853,2.7998999998569616,3.898700000047711,0.8498999998570298,1.8170000000000073,0.816900000095302]",,,0.0,58.0,58.0,193.0,1.0,huis,vhuis,question_vocal.png,im_mouth.png,,,,,,
,,,538741,1,21,2023-09-29_12h32.28.399,flesh_expressibility_dutch,2022.2.4,Win32,60.70908208,,,,18.0,1.0,Nederlands,,,,,,Engels,2.0,Duits,1.0,,0.0,,0.0,,0.0,,0.0,,0.0,,0.0,NL,3.0,2.0,2.0,1.0,,sensorypref1,sensorypref2,1280.0,720.0,,,,,,,,,,,,,,,,,,,,,,,,,,,,,,,,,,,22.0,979.0224,44.0,"[5.7980999999045935,1.8645999999046694,3.9487000000476655,8.612600000143004,6.114499999999964,0.8995999999046376,1.098900000095398,6.414500000000032,6.898099999904673,6.430899999856933,0.9487000000477224,1.132799999952283,1.066000000000031,0.83299999999997,1.833200000047782,0.9997000000475964,2.3490000000000464,4.748900000095318,1.1489000000954093,30.42379999995228,1.0994000000953292,0.8333999998569652,0.7998999998569616,3.697899999856986,0.8659000000953938,4.21449999999993,1.616299999952389,2.4658999998569016,2.6323999998569434,1.6828000001906958,1.0831000001430766,3.4322000000477146,1.0824000000953902,2.2153999998569134,10.512399999856939,11.59610000014311,7.848400000095353,0.9331000001430994,3.8319999999999936,2.7998999998569616,3.898599999904718,0.8497999999523245,1.8168000001907103,0.816799999952309]","[5.7980999999045935,1.8645999999046694,3.9487000000476655,8.612600000143004,6.114499999999964,0.8997000000476874,1.098900000095398,6.414500000000032,6.898099999904673,6.430999999999983,0.9487000000477224,1.1329999999999814,1.0661000001430239,0.83299999999997,1.833200000047782,0.9997999999523017,2.3491000001430393,4.749000000000024,1.1489000000954093,30.423900000095387,1.0994000000953292,0.8333999998569652,0.7998999998569616,3.697999999999979,0.8659999999999854,4.21449999999993,1.6163999998569807,2.4658999998569016,2.6323999998569434,1.682900000095401,1.0831000001430766,3.4322000000477146,1.0824999999999818,2.2153999998569134,10.512500000000045,11.596200000047702,7.848400000095353,0.933200000047691,3.8320999999045853,2.7998999998569616,3.898700000047711,0.8498999998570298,1.8170000000000073,0.816900000095302]",,,0.0,59.0,59.0,186.0,1.0,lang,vlang,question_vocal.png,im_mouth.png,,,,,,
,,,538741,1,21,2023-09-29_12h32.28.399,flesh_expressibility_dutch,2022.2.4,Win32,60.70908208,,,,18.0,1.0,Nederlands,,,,,,Engels,2.0,Duits,1.0,,0.0,,0.0,,0.0,,0.0,,0.0,,0.0,NL,3.0,2.0,2.0,1.0,,sensorypref1,sensorypref2,1280.0,720.0,,,,,,,,,,,,,,,,,,,,,,,,,,,,,,,,,,,19.0,980.3829,45.0,"[5.7980999999045935,1.8645999999046694,3.9487000000476655,8.612600000143004,6.114499999999964,0.8995999999046376,1.098900000095398,6.414500000000032,6.898099999904673,6.430899999856933,0.9487000000477224,1.132799999952283,1.066000000000031,0.83299999999997,1.833200000047782,0.9997000000475964,2.3490000000000464,4.748900000095318,1.1489000000954093,30.42379999995228,1.0994000000953292,0.8333999998569652,0.7998999998569616,3.697899999856986,0.8659000000953938,4.21449999999993,1.616299999952389,2.4658999998569016,2.6323999998569434,1.6828000001906958,1.0831000001430766,3.4322000000477146,1.0824000000953902,2.2153999998569134,10.512399999856939,11.59610000014311,7.848400000095353,0.9331000001430994,3.8319999999999936,2.7998999998569616,3.898599999904718,0.8497999999523245,1.8168000001907103,0.816799999952309,1.8989000000952956]","[5.7980999999045935,1.8645999999046694,3.9487000000476655,8.612600000143004,6.114499999999964,0.8997000000476874,1.098900000095398,6.414500000000032,6.898099999904673,6.430999999999983,0.9487000000477224,1.1329999999999814,1.0661000001430239,0.83299999999997,1.833200000047782,0.9997999999523017,2.3491000001430393,4.749000000000024,1.1489000000954093,30.423900000095387,1.0994000000953292,0.8333999998569652,0.7998999998569616,3.697999999999979,0.8659999999999854,4.21449999999993,1.6163999998569807,2.4658999998569016,2.6323999998569434,1.682900000095401,1.0831000001430766,3.4322000000477146,1.0824999999999818,2.2153999998569134,10.512500000000045,11.596200000047702,7.848400000095353,0.933200000047691,3.8320999999045853,2.7998999998569616,3.898700000047711,0.8498999998570298,1.8170000000000073,0.816900000095302,1.899000000000001]",-0.937036981,5.3807,0.0,60.0,60.0,131.0,1.0,zand,vzand,question_vocal.png,im_mouth.png,,,,,,
,,,538741,1,21,2023-09-29_12h32.28.399,flesh_expressibility_dutch,2022.2.4,Win32,60.70908208,,,,18.0,1.0,Nederlands,,,,,,Engels,2.0,Duits,1.0,,0.0,,0.0,,0.0,,0.0,,0.0,,0.0,NL,3.0,2.0,2.0,1.0,,sensorypref1,sensorypref2,1280.0,720.0,,,,,,,,,,,,,,,,,,,,,,,,,,,,,,,,,,,22.0,986.3798,45.0,"[5.7980999999045935,1.8645999999046694,3.9487000000476655,8.612600000143004,6.114499999999964,0.8995999999046376,1.098900000095398,6.414500000000032,6.898099999904673,6.430899999856933,0.9487000000477224,1.132799999952283,1.066000000000031,0.83299999999997,1.833200000047782,0.9997000000475964,2.3490000000000464,4.748900000095318,1.1489000000954093,30.42379999995228,1.0994000000953292,0.8333999998569652,0.7998999998569616,3.697899999856986,0.8659000000953938,4.21449999999993,1.616299999952389,2.4658999998569016,2.6323999998569434,1.6828000001906958,1.0831000001430766,3.4322000000477146,1.0824000000953902,2.2153999998569134,10.512399999856939,11.59610000014311,7.848400000095353,0.9331000001430994,3.8319999999999936,2.7998999998569616,3.898599999904718,0.8497999999523245,1.8168000001907103,0.816799999952309,1.8989000000952956]","[5.7980999999045935,1.8645999999046694,3.9487000000476655,8.612600000143004,6.114499999999964,0.8997000000476874,1.098900000095398,6.414500000000032,6.898099999904673,6.430999999999983,0.9487000000477224,1.1329999999999814,1.0661000001430239,0.83299999999997,1.833200000047782,0.9997999999523017,2.3491000001430393,4.749000000000024,1.1489000000954093,30.423900000095387,1.0994000000953292,0.8333999998569652,0.7998999998569616,3.697999999999979,0.8659999999999854,4.21449999999993,1.6163999998569807,2.4658999998569016,2.6323999998569434,1.682900000095401,1.0831000001430766,3.4322000000477146,1.0824999999999818,2.2153999998569134,10.512500000000045,11.596200000047702,7.848400000095353,0.933200000047691,3.8320999999045853,2.7998999998569616,3.898700000047711,0.8498999998570298,1.8170000000000073,0.816900000095302,1.899000000000001]",,,0.0,61.0,61.0,52.0,1.0,vangen,vvangen,question_vocal.png,im_mouth.png,,,,,,
,,,538741,1,21,2023-09-29_12h32.28.399,flesh_expressibility_dutch,2022.2.4,Win32,60.70908208,,,,18.0,1.0,Nederlands,,,,,,Engels,2.0,Duits,1.0,,0.0,,0.0,,0.0,,0.0,,0.0,,0.0,NL,3.0,2.0,2.0,1.0,,sensorypref1,sensorypref2,1280.0,720.0,,,,,,,,,,,,,,,,,,,,,,,,,,,,,,,,,,,22.0,987.408,45.0,"[5.7980999999045935,1.8645999999046694,3.9487000000476655,8.612600000143004,6.114499999999964,0.8995999999046376,1.098900000095398,6.414500000000032,6.898099999904673,6.430899999856933,0.9487000000477224,1.132799999952283,1.066000000000031,0.83299999999997,1.833200000047782,0.9997000000475964,2.3490000000000464,4.748900000095318,1.1489000000954093,30.42379999995228,1.0994000000953292,0.8333999998569652,0.7998999998569616,3.697899999856986,0.8659000000953938,4.21449999999993,1.616299999952389,2.4658999998569016,2.6323999998569434,1.6828000001906958,1.0831000001430766,3.4322000000477146,1.0824000000953902,2.2153999998569134,10.512399999856939,11.59610000014311,7.848400000095353,0.9331000001430994,3.8319999999999936,2.7998999998569616,3.898599999904718,0.8497999999523245,1.8168000001907103,0.816799999952309,1.8989000000952956]","[5.7980999999045935,1.8645999999046694,3.9487000000476655,8.612600000143004,6.114499999999964,0.8997000000476874,1.098900000095398,6.414500000000032,6.898099999904673,6.430999999999983,0.9487000000477224,1.1329999999999814,1.0661000001430239,0.83299999999997,1.833200000047782,0.9997999999523017,2.3491000001430393,4.749000000000024,1.1489000000954093,30.423900000095387,1.0994000000953292,0.8333999998569652,0.7998999998569616,3.697999999999979,0.8659999999999854,4.21449999999993,1.6163999998569807,2.4658999998569016,2.6323999998569434,1.682900000095401,1.0831000001430766,3.4322000000477146,1.0824999999999818,2.2153999998569134,10.512500000000045,11.596200000047702,7.848400000095353,0.933200000047691,3.8320999999045853,2.7998999998569616,3.898700000047711,0.8498999998570298,1.8170000000000073,0.816900000095302,1.899000000000001]",,,0.0,62.0,62.0,171.0,1.0,zwaar,vzwaar,question_vocal.png,im_mouth.png,,,,,,
,,,538741,1,21,2023-09-29_12h32.28.399,flesh_expressibility_dutch,2022.2.4,Win32,60.70908208,,,,18.0,1.0,Nederlands,,,,,,Engels,2.0,Duits,1.0,,0.0,,0.0,,0.0,,0.0,,0.0,,0.0,NL,3.0,2.0,2.0,1.0,,sensorypref1,sensorypref2,1280.0,720.0,,,,,,,,,,,,,,,,,,,,,,,,,,,,,,,,,,,22.0,988.3838,45.0,"[5.7980999999045935,1.8645999999046694,3.9487000000476655,8.612600000143004,6.114499999999964,0.8995999999046376,1.098900000095398,6.414500000000032,6.898099999904673,6.430899999856933,0.9487000000477224,1.132799999952283,1.066000000000031,0.83299999999997,1.833200000047782,0.9997000000475964,2.3490000000000464,4.748900000095318,1.1489000000954093,30.42379999995228,1.0994000000953292,0.8333999998569652,0.7998999998569616,3.697899999856986,0.8659000000953938,4.21449999999993,1.616299999952389,2.4658999998569016,2.6323999998569434,1.6828000001906958,1.0831000001430766,3.4322000000477146,1.0824000000953902,2.2153999998569134,10.512399999856939,11.59610000014311,7.848400000095353,0.9331000001430994,3.8319999999999936,2.7998999998569616,3.898599999904718,0.8497999999523245,1.8168000001907103,0.816799999952309,1.8989000000952956]","[5.7980999999045935,1.8645999999046694,3.9487000000476655,8.612600000143004,6.114499999999964,0.8997000000476874,1.098900000095398,6.414500000000032,6.898099999904673,6.430999999999983,0.9487000000477224,1.1329999999999814,1.0661000001430239,0.83299999999997,1.833200000047782,0.9997999999523017,2.3491000001430393,4.749000000000024,1.1489000000954093,30.423900000095387,1.0994000000953292,0.8333999998569652,0.7998999998569616,3.697999999999979,0.8659999999999854,4.21449999999993,1.6163999998569807,2.4658999998569016,2.6323999998569434,1.682900000095401,1.0831000001430766,3.4322000000477146,1.0824999999999818,2.2153999998569134,10.512500000000045,11.596200000047702,7.848400000095353,0.933200000047691,3.8320999999045853,2.7998999998569616,3.898700000047711,0.8498999998570298,1.8170000000000073,0.816900000095302,1.899000000000001]",,,0.0,63.0,63.0,8.0,1.0,likken,vlikken,question_vocal.png,im_mouth.png,,,,,,
,,,538741,1,21,2023-09-29_12h32.28.399,flesh_expressibility_dutch,2022.2.4,Win32,60.70908208,,,,18.0,1.0,Nederlands,,,,,,Engels,2.0,Duits,1.0,,0.0,,0.0,,0.0,,0.0,,0.0,,0.0,NL,3.0,2.0,2.0,1.0,,sensorypref1,sensorypref2,1280.0,720.0,,,,,,,,,,,,,,,,,,,,,,,,,,,,,,,,,,,22.0,989.32,45.0,"[5.7980999999045935,1.8645999999046694,3.9487000000476655,8.612600000143004,6.114499999999964,0.8995999999046376,1.098900000095398,6.414500000000032,6.898099999904673,6.430899999856933,0.9487000000477224,1.132799999952283,1.066000000000031,0.83299999999997,1.833200000047782,0.9997000000475964,2.3490000000000464,4.748900000095318,1.1489000000954093,30.42379999995228,1.0994000000953292,0.8333999998569652,0.7998999998569616,3.697899999856986,0.8659000000953938,4.21449999999993,1.616299999952389,2.4658999998569016,2.6323999998569434,1.6828000001906958,1.0831000001430766,3.4322000000477146,1.0824000000953902,2.2153999998569134,10.512399999856939,11.59610000014311,7.848400000095353,0.9331000001430994,3.8319999999999936,2.7998999998569616,3.898599999904718,0.8497999999523245,1.8168000001907103,0.816799999952309,1.8989000000952956]","[5.7980999999045935,1.8645999999046694,3.9487000000476655,8.612600000143004,6.114499999999964,0.8997000000476874,1.098900000095398,6.414500000000032,6.898099999904673,6.430999999999983,0.9487000000477224,1.1329999999999814,1.0661000001430239,0.83299999999997,1.833200000047782,0.9997999999523017,2.3491000001430393,4.749000000000024,1.1489000000954093,30.423900000095387,1.0994000000953292,0.8333999998569652,0.7998999998569616,3.697999999999979,0.8659999999999854,4.21449999999993,1.6163999998569807,2.4658999998569016,2.6323999998569434,1.682900000095401,1.0831000001430766,3.4322000000477146,1.0824999999999818,2.2153999998569134,10.512500000000045,11.596200000047702,7.848400000095353,0.933200000047691,3.8320999999045853,2.7998999998569616,3.898700000047711,0.8498999998570298,1.8170000000000073,0.816900000095302,1.899000000000001]",,,0.0,64.0,64.0,72.0,1.0,verrot,vverrot,question_vocal.png,im_mouth.png,,,,,,
,,,538741,1,21,2023-09-29_12h32.28.399,flesh_expressibility_dutch,2022.2.4,Win32,60.70908208,,,,18.0,1.0,Nederlands,,,,,,Engels,2.0,Duits,1.0,,0.0,,0.0,,0.0,,0.0,,0.0,,0.0,NL,3.0,2.0,2.0,1.0,,sensorypref1,sensorypref2,1280.0,720.0,,,,,,,,,,,,,,,,,,,,,,,,,,,,,,,,,,,22.0,990.2985,45.0,"[5.7980999999045935,1.8645999999046694,3.9487000000476655,8.612600000143004,6.114499999999964,0.8995999999046376,1.098900000095398,6.414500000000032,6.898099999904673,6.430899999856933,0.9487000000477224,1.132799999952283,1.066000000000031,0.83299999999997,1.833200000047782,0.9997000000475964,2.3490000000000464,4.748900000095318,1.1489000000954093,30.42379999995228,1.0994000000953292,0.8333999998569652,0.7998999998569616,3.697899999856986,0.8659000000953938,4.21449999999993,1.616299999952389,2.4658999998569016,2.6323999998569434,1.6828000001906958,1.0831000001430766,3.4322000000477146,1.0824000000953902,2.2153999998569134,10.512399999856939,11.59610000014311,7.848400000095353,0.9331000001430994,3.8319999999999936,2.7998999998569616,3.898599999904718,0.8497999999523245,1.8168000001907103,0.816799999952309,1.8989000000952956]","[5.7980999999045935,1.8645999999046694,3.9487000000476655,8.612600000143004,6.114499999999964,0.8997000000476874,1.098900000095398,6.414500000000032,6.898099999904673,6.430999999999983,0.9487000000477224,1.1329999999999814,1.0661000001430239,0.83299999999997,1.833200000047782,0.9997999999523017,2.3491000001430393,4.749000000000024,1.1489000000954093,30.423900000095387,1.0994000000953292,0.8333999998569652,0.7998999998569616,3.697999999999979,0.8659999999999854,4.21449999999993,1.6163999998569807,2.4658999998569016,2.6323999998569434,1.682900000095401,1.0831000001430766,3.4322000000477146,1.0824999999999818,2.2153999998569134,10.512500000000045,11.596200000047702,7.848400000095353,0.933200000047691,3.8320999999045853,2.7998999998569616,3.898700000047711,0.8498999998570298,1.8170000000000073,0.816900000095302,1.899000000000001]",,,0.0,65.0,65.0,167.0,1.0,rood,vrood,question_vocal.png,im_mouth.png,,,,,,
,,,538741,1,21,2023-09-29_12h32.28.399,flesh_expressibility_dutch,2022.2.4,Win32,60.70908208,,,,18.0,1.0,Nederlands,,,,,,Engels,2.0,Duits,1.0,,0.0,,0.0,,0.0,,0.0,,0.0,,0.0,NL,3.0,2.0,2.0,1.0,,sensorypref1,sensorypref2,1280.0,720.0,,,,,,,,,,,,,,,,,,,,,,,,,,,,,,,,,,,22.0,991.41,45.0,"[5.7980999999045935,1.8645999999046694,3.9487000000476655,8.612600000143004,6.114499999999964,0.8995999999046376,1.098900000095398,6.414500000000032,6.898099999904673,6.430899999856933,0.9487000000477224,1.132799999952283,1.066000000000031,0.83299999999997,1.833200000047782,0.9997000000475964,2.3490000000000464,4.748900000095318,1.1489000000954093,30.42379999995228,1.0994000000953292,0.8333999998569652,0.7998999998569616,3.697899999856986,0.8659000000953938,4.21449999999993,1.616299999952389,2.4658999998569016,2.6323999998569434,1.6828000001906958,1.0831000001430766,3.4322000000477146,1.0824000000953902,2.2153999998569134,10.512399999856939,11.59610000014311,7.848400000095353,0.9331000001430994,3.8319999999999936,2.7998999998569616,3.898599999904718,0.8497999999523245,1.8168000001907103,0.816799999952309,1.8989000000952956]","[5.7980999999045935,1.8645999999046694,3.9487000000476655,8.612600000143004,6.114499999999964,0.8997000000476874,1.098900000095398,6.414500000000032,6.898099999904673,6.430999999999983,0.9487000000477224,1.1329999999999814,1.0661000001430239,0.83299999999997,1.833200000047782,0.9997999999523017,2.3491000001430393,4.749000000000024,1.1489000000954093,30.423900000095387,1.0994000000953292,0.8333999998569652,0.7998999998569616,3.697999999999979,0.8659999999999854,4.21449999999993,1.6163999998569807,2.4658999998569016,2.6323999998569434,1.682900000095401,1.0831000001430766,3.4322000000477146,1.0824999999999818,2.2153999998569134,10.512500000000045,11.596200000047702,7.848400000095353,0.933200000047691,3.8320999999045853,2.7998999998569616,3.898700000047711,0.8498999998570298,1.8170000000000073,0.816900000095302,1.899000000000001]",,,0.0,66.0,66.0,180.0,1.0,het,vhet,question_vocal.png,im_mouth.png,,,,,,
,,,538741,1,21,2023-09-29_12h32.28.399,flesh_expressibility_dutch,2022.2.4,Win32,60.70908208,,,,18.0,1.0,Nederlands,,,,,,Engels,2.0,Duits,1.0,,0.0,,0.0,,0.0,,0.0,,0.0,,0.0,NL,3.0,2.0,2.0,1.0,,sensorypref1,sensorypref2,1280.0,720.0,,,,,,,,,,,,,,,,,,,,,,,,,,,,,,,,,,,20.0,992.3751,46.0,"[5.7980999999045935,1.8645999999046694,3.9487000000476655,8.612600000143004,6.114499999999964,0.8995999999046376,1.098900000095398,6.414500000000032,6.898099999904673,6.430899999856933,0.9487000000477224,1.132799999952283,1.066000000000031,0.83299999999997,1.833200000047782,0.9997000000475964,2.3490000000000464,4.748900000095318,1.1489000000954093,30.42379999995228,1.0994000000953292,0.8333999998569652,0.7998999998569616,3.697899999856986,0.8659000000953938,4.21449999999993,1.616299999952389,2.4658999998569016,2.6323999998569434,1.6828000001906958,1.0831000001430766,3.4322000000477146,1.0824000000953902,2.2153999998569134,10.512399999856939,11.59610000014311,7.848400000095353,0.9331000001430994,3.8319999999999936,2.7998999998569616,3.898599999904718,0.8497999999523245,1.8168000001907103,0.816799999952309,1.8989000000952956,0.948500000000081]","[5.7980999999045935,1.8645999999046694,3.9487000000476655,8.612600000143004,6.114499999999964,0.8997000000476874,1.098900000095398,6.414500000000032,6.898099999904673,6.430999999999983,0.9487000000477224,1.1329999999999814,1.0661000001430239,0.83299999999997,1.833200000047782,0.9997999999523017,2.3491000001430393,4.749000000000024,1.1489000000954093,30.423900000095387,1.0994000000953292,0.8333999998569652,0.7998999998569616,3.697999999999979,0.8659999999999854,4.21449999999993,1.6163999998569807,2.4658999998569016,2.6323999998569434,1.682900000095401,1.0831000001430766,3.4322000000477146,1.0824999999999818,2.2153999998569134,10.512500000000045,11.596200000047702,7.848400000095353,0.933200000047691,3.8320999999045853,2.7998999998569616,3.898700000047711,0.8498999998570298,1.8170000000000073,0.816900000095302,1.899000000000001,0.948500000000081]",-0.962962935,4.6047,0.0,67.0,67.0,18.0,1.0,toekomst,vtoekomst,question_vocal.png,im_mouth.png,,,,,,
,,,538741,1,21,2023-09-29_12h32.28.399,flesh_expressibility_dutch,2022.2.4,Win32,60.70908208,,,,18.0,1.0,Nederlands,,,,,,Engels,2.0,Duits,1.0,,0.0,,0.0,,0.0,,0.0,,0.0,,0.0,NL,3.0,2.0,2.0,1.0,,sensorypref1,sensorypref2,1280.0,720.0,,,,,,,,,,,,,,,,,,,,,,,,,,,,,,,,,,,22.0,997.8112,46.0,"[5.7980999999045935,1.8645999999046694,3.9487000000476655,8.612600000143004,6.114499999999964,0.8995999999046376,1.098900000095398,6.414500000000032,6.898099999904673,6.430899999856933,0.9487000000477224,1.132799999952283,1.066000000000031,0.83299999999997,1.833200000047782,0.9997000000475964,2.3490000000000464,4.748900000095318,1.1489000000954093,30.42379999995228,1.0994000000953292,0.8333999998569652,0.7998999998569616,3.697899999856986,0.8659000000953938,4.21449999999993,1.616299999952389,2.4658999998569016,2.6323999998569434,1.6828000001906958,1.0831000001430766,3.4322000000477146,1.0824000000953902,2.2153999998569134,10.512399999856939,11.59610000014311,7.848400000095353,0.9331000001430994,3.8319999999999936,2.7998999998569616,3.898599999904718,0.8497999999523245,1.8168000001907103,0.816799999952309,1.8989000000952956,0.948500000000081]","[5.7980999999045935,1.8645999999046694,3.9487000000476655,8.612600000143004,6.114499999999964,0.8997000000476874,1.098900000095398,6.414500000000032,6.898099999904673,6.430999999999983,0.9487000000477224,1.1329999999999814,1.0661000001430239,0.83299999999997,1.833200000047782,0.9997999999523017,2.3491000001430393,4.749000000000024,1.1489000000954093,30.423900000095387,1.0994000000953292,0.8333999998569652,0.7998999998569616,3.697999999999979,0.8659999999999854,4.21449999999993,1.6163999998569807,2.4658999998569016,2.6323999998569434,1.682900000095401,1.0831000001430766,3.4322000000477146,1.0824999999999818,2.2153999998569134,10.512500000000045,11.596200000047702,7.848400000095353,0.933200000047691,3.8320999999045853,2.7998999998569616,3.898700000047711,0.8498999998570298,1.8170000000000073,0.816900000095302,1.899000000000001,0.948500000000081]",,,0.0,68.0,68.0,150.0,1.0,huilen,vhuilen,question_vocal.png,im_mouth.png,,,,,,
,,,538741,1,21,2023-09-29_12h32.28.399,flesh_expressibility_dutch,2022.2.4,Win32,60.70908208,,,,18.0,1.0,Nederlands,,,,,,Engels,2.0,Duits,1.0,,0.0,,0.0,,0.0,,0.0,,0.0,,0.0,NL,3.0,2.0,2.0,1.0,,sensorypref1,sensorypref2,1280.0,720.0,,,,,,,,,,,,,,,,,,,,,,,,,,,,,,,,,,,22.0,998.7602,46.0,"[5.7980999999045935,1.8645999999046694,3.9487000000476655,8.612600000143004,6.114499999999964,0.8995999999046376,1.098900000095398,6.414500000000032,6.898099999904673,6.430899999856933,0.9487000000477224,1.132799999952283,1.066000000000031,0.83299999999997,1.833200000047782,0.9997000000475964,2.3490000000000464,4.748900000095318,1.1489000000954093,30.42379999995228,1.0994000000953292,0.8333999998569652,0.7998999998569616,3.697899999856986,0.8659000000953938,4.21449999999993,1.616299999952389,2.4658999998569016,2.6323999998569434,1.6828000001906958,1.0831000001430766,3.4322000000477146,1.0824000000953902,2.2153999998569134,10.512399999856939,11.59610000014311,7.848400000095353,0.9331000001430994,3.8319999999999936,2.7998999998569616,3.898599999904718,0.8497999999523245,1.8168000001907103,0.816799999952309,1.8989000000952956,0.948500000000081]","[5.7980999999045935,1.8645999999046694,3.9487000000476655,8.612600000143004,6.114499999999964,0.8997000000476874,1.098900000095398,6.414500000000032,6.898099999904673,6.430999999999983,0.9487000000477224,1.1329999999999814,1.0661000001430239,0.83299999999997,1.833200000047782,0.9997999999523017,2.3491000001430393,4.749000000000024,1.1489000000954093,30.423900000095387,1.0994000000953292,0.8333999998569652,0.7998999998569616,3.697999999999979,0.8659999999999854,4.21449999999993,1.6163999998569807,2.4658999998569016,2.6323999998569434,1.682900000095401,1.0831000001430766,3.4322000000477146,1.0824999999999818,2.2153999998569134,10.512500000000045,11.596200000047702,7.848400000095353,0.933200000047691,3.8320999999045853,2.7998999998569616,3.898700000047711,0.8498999998570298,1.8170000000000073,0.816900000095302,1.899000000000001,0.948500000000081]",,,0.0,69.0,69.0,137.0,1.0,vallen,vvallen,question_vocal.png,im_mouth.png,,,,,,
,,,538741,1,21,2023-09-29_12h32.28.399,flesh_expressibility_dutch,2022.2.4,Win32,60.70908208,,,,18.0,1.0,Nederlands,,,,,,Engels,2.0,Duits,1.0,,0.0,,0.0,,0.0,,0.0,,0.0,,0.0,NL,3.0,2.0,2.0,1.0,,sensorypref1,sensorypref2,1280.0,720.0,,,,,,,,,,,,,,,,,,,,,,,,,,,,,,,,,,,22.0,999.8017,46.0,"[5.7980999999045935,1.8645999999046694,3.9487000000476655,8.612600000143004,6.114499999999964,0.8995999999046376,1.098900000095398,6.414500000000032,6.898099999904673,6.430899999856933,0.9487000000477224,1.132799999952283,1.066000000000031,0.83299999999997,1.833200000047782,0.9997000000475964,2.3490000000000464,4.748900000095318,1.1489000000954093,30.42379999995228,1.0994000000953292,0.8333999998569652,0.7998999998569616,3.697899999856986,0.8659000000953938,4.21449999999993,1.616299999952389,2.4658999998569016,2.6323999998569434,1.6828000001906958,1.0831000001430766,3.4322000000477146,1.0824000000953902,2.2153999998569134,10.512399999856939,11.59610000014311,7.848400000095353,0.9331000001430994,3.8319999999999936,2.7998999998569616,3.898599999904718,0.8497999999523245,1.8168000001907103,0.816799999952309,1.8989000000952956,0.948500000000081]","[5.7980999999045935,1.8645999999046694,3.9487000000476655,8.612600000143004,6.114499999999964,0.8997000000476874,1.098900000095398,6.414500000000032,6.898099999904673,6.430999999999983,0.9487000000477224,1.1329999999999814,1.0661000001430239,0.83299999999997,1.833200000047782,0.9997999999523017,2.3491000001430393,4.749000000000024,1.1489000000954093,30.423900000095387,1.0994000000953292,0.8333999998569652,0.7998999998569616,3.697999999999979,0.8659999999999854,4.21449999999993,1.6163999998569807,2.4658999998569016,2.6323999998569434,1.682900000095401,1.0831000001430766,3.4322000000477146,1.0824999999999818,2.2153999998569134,10.512500000000045,11.596200000047702,7.848400000095353,0.933200000047691,3.8320999999045853,2.7998999998569616,3.898700000047711,0.8498999998570298,1.8170000000000073,0.816900000095302,1.899000000000001,0.948500000000081]",,,0.0,70.0,70.0,202.0,1.0,vlinder,vvlinder,question_vocal.png,im_mouth.png,,,,,,
,,,538741,1,21,2023-09-29_12h32.28.399,flesh_expressibility_dutch,2022.2.4,Win32,60.70908208,,,,18.0,1.0,Nederlands,,,,,,Engels,2.0,Duits,1.0,,0.0,,0.0,,0.0,,0.0,,0.0,,0.0,NL,3.0,2.0,2.0,1.0,,sensorypref1,sensorypref2,1280.0,720.0,,,,,,,,,,,,,,,,,,,,,,,,,,,,,,,,,,,22.0,1000.8363,46.0,"[5.7980999999045935,1.8645999999046694,3.9487000000476655,8.612600000143004,6.114499999999964,0.8995999999046376,1.098900000095398,6.414500000000032,6.898099999904673,6.430899999856933,0.9487000000477224,1.132799999952283,1.066000000000031,0.83299999999997,1.833200000047782,0.9997000000475964,2.3490000000000464,4.748900000095318,1.1489000000954093,30.42379999995228,1.0994000000953292,0.8333999998569652,0.7998999998569616,3.697899999856986,0.8659000000953938,4.21449999999993,1.616299999952389,2.4658999998569016,2.6323999998569434,1.6828000001906958,1.0831000001430766,3.4322000000477146,1.0824000000953902,2.2153999998569134,10.512399999856939,11.59610000014311,7.848400000095353,0.9331000001430994,3.8319999999999936,2.7998999998569616,3.898599999904718,0.8497999999523245,1.8168000001907103,0.816799999952309,1.8989000000952956,0.948500000000081]","[5.7980999999045935,1.8645999999046694,3.9487000000476655,8.612600000143004,6.114499999999964,0.8997000000476874,1.098900000095398,6.414500000000032,6.898099999904673,6.430999999999983,0.9487000000477224,1.1329999999999814,1.0661000001430239,0.83299999999997,1.833200000047782,0.9997999999523017,2.3491000001430393,4.749000000000024,1.1489000000954093,30.423900000095387,1.0994000000953292,0.8333999998569652,0.7998999998569616,3.697999999999979,0.8659999999999854,4.21449999999993,1.6163999998569807,2.4658999998569016,2.6323999998569434,1.682900000095401,1.0831000001430766,3.4322000000477146,1.0824999999999818,2.2153999998569134,10.512500000000045,11.596200000047702,7.848400000095353,0.933200000047691,3.8320999999045853,2.7998999998569616,3.898700000047711,0.8498999998570298,1.8170000000000073,0.816900000095302,1.899000000000001,0.948500000000081]",,,0.0,71.0,71.0,64.0,1.0,smaak,vsmaak,question_vocal.png,im_mouth.png,,,,,,
,,,538741,1,21,2023-09-29_12h32.28.399,flesh_expressibility_dutch,2022.2.4,Win32,60.70908208,,,,18.0,1.0,Nederlands,,,,,,Engels,2.0,Duits,1.0,,0.0,,0.0,,0.0,,0.0,,0.0,,0.0,NL,3.0,2.0,2.0,1.0,,sensorypref1,sensorypref2,1280.0,720.0,,,,,,,,,,,,,,,,,,,,,,,,,,,,,,,,,,,21.0,1001.847,47.0,"[5.7980999999045935,1.8645999999046694,3.9487000000476655,8.612600000143004,6.114499999999964,0.8995999999046376,1.098900000095398,6.414500000000032,6.898099999904673,6.430899999856933,0.9487000000477224,1.132799999952283,1.066000000000031,0.83299999999997,1.833200000047782,0.9997000000475964,2.3490000000000464,4.748900000095318,1.1489000000954093,30.42379999995228,1.0994000000953292,0.8333999998569652,0.7998999998569616,3.697899999856986,0.8659000000953938,4.21449999999993,1.616299999952389,2.4658999998569016,2.6323999998569434,1.6828000001906958,1.0831000001430766,3.4322000000477146,1.0824000000953902,2.2153999998569134,10.512399999856939,11.59610000014311,7.848400000095353,0.9331000001430994,3.8319999999999936,2.7998999998569616,3.898599999904718,0.8497999999523245,1.8168000001907103,0.816799999952309,1.8989000000952956,0.948500000000081,0.9315000000000282]","[5.7980999999045935,1.8645999999046694,3.9487000000476655,8.612600000143004,6.114499999999964,0.8997000000476874,1.098900000095398,6.414500000000032,6.898099999904673,6.430999999999983,0.9487000000477224,1.1329999999999814,1.0661000001430239,0.83299999999997,1.833200000047782,0.9997999999523017,2.3491000001430393,4.749000000000024,1.1489000000954093,30.423900000095387,1.0994000000953292,0.8333999998569652,0.7998999998569616,3.697999999999979,0.8659999999999854,4.21449999999993,1.6163999998569807,2.4658999998569016,2.6323999998569434,1.682900000095401,1.0831000001430766,3.4322000000477146,1.0824999999999818,2.2153999998569134,10.512500000000045,11.596200000047702,7.848400000095353,0.933200000047691,3.8320999999045853,2.7998999998569616,3.898700000047711,0.8498999998570298,1.8170000000000073,0.816900000095302,1.899000000000001,0.948500000000081,0.9316000001431348]",-0.974074046,4.1732,0.0,72.0,72.0,32.0,1.0,vooraan,vvooraan,question_vocal.png,im_mouth.png,,,,,,
,,,538741,1,21,2023-09-29_12h32.28.399,flesh_expressibility_dutch,2022.2.4,Win32,60.70908208,,,,18.0,1.0,Nederlands,,,,,,Engels,2.0,Duits,1.0,,0.0,,0.0,,0.0,,0.0,,0.0,,0.0,NL,3.0,2.0,2.0,1.0,,sensorypref1,sensorypref2,1280.0,720.0,,,,,,,,,,,,,,,,,,,,,,,,,,,,,,,,,,,22.0,1007.2772,47.0,"[5.7980999999045935,1.8645999999046694,3.9487000000476655,8.612600000143004,6.114499999999964,0.8995999999046376,1.098900000095398,6.414500000000032,6.898099999904673,6.430899999856933,0.9487000000477224,1.132799999952283,1.066000000000031,0.83299999999997,1.833200000047782,0.9997000000475964,2.3490000000000464,4.748900000095318,1.1489000000954093,30.42379999995228,1.0994000000953292,0.8333999998569652,0.7998999998569616,3.697899999856986,0.8659000000953938,4.21449999999993,1.616299999952389,2.4658999998569016,2.6323999998569434,1.6828000001906958,1.0831000001430766,3.4322000000477146,1.0824000000953902,2.2153999998569134,10.512399999856939,11.59610000014311,7.848400000095353,0.9331000001430994,3.8319999999999936,2.7998999998569616,3.898599999904718,0.8497999999523245,1.8168000001907103,0.816799999952309,1.8989000000952956,0.948500000000081,0.9315000000000282]","[5.7980999999045935,1.8645999999046694,3.9487000000476655,8.612600000143004,6.114499999999964,0.8997000000476874,1.098900000095398,6.414500000000032,6.898099999904673,6.430999999999983,0.9487000000477224,1.1329999999999814,1.0661000001430239,0.83299999999997,1.833200000047782,0.9997999999523017,2.3491000001430393,4.749000000000024,1.1489000000954093,30.423900000095387,1.0994000000953292,0.8333999998569652,0.7998999998569616,3.697999999999979,0.8659999999999854,4.21449999999993,1.6163999998569807,2.4658999998569016,2.6323999998569434,1.682900000095401,1.0831000001430766,3.4322000000477146,1.0824999999999818,2.2153999998569134,10.512500000000045,11.596200000047702,7.848400000095353,0.933200000047691,3.8320999999045853,2.7998999998569616,3.898700000047711,0.8498999998570298,1.8170000000000073,0.816900000095302,1.899000000000001,0.948500000000081,0.9316000001431348]",,,0.0,73.0,73.0,134.0,1.0,water,vwater,question_vocal.png,im_mouth.png,,,,,,
,,,538741,1,21,2023-09-29_12h32.28.399,flesh_expressibility_dutch,2022.2.4,Win32,60.70908208,,,,18.0,1.0,Nederlands,,,,,,Engels,2.0,Duits,1.0,,0.0,,0.0,,0.0,,0.0,,0.0,,0.0,NL,3.0,2.0,2.0,1.0,,sensorypref1,sensorypref2,1280.0,720.0,,,,,,,,,,,,,,,,,,,,,,,,,,,,,,,,,,,22.0,1008.0477,47.0,"[5.7980999999045935,1.8645999999046694,3.9487000000476655,8.612600000143004,6.114499999999964,0.8995999999046376,1.098900000095398,6.414500000000032,6.898099999904673,6.430899999856933,0.9487000000477224,1.132799999952283,1.066000000000031,0.83299999999997,1.833200000047782,0.9997000000475964,2.3490000000000464,4.748900000095318,1.1489000000954093,30.42379999995228,1.0994000000953292,0.8333999998569652,0.7998999998569616,3.697899999856986,0.8659000000953938,4.21449999999993,1.616299999952389,2.4658999998569016,2.6323999998569434,1.6828000001906958,1.0831000001430766,3.4322000000477146,1.0824000000953902,2.2153999998569134,10.512399999856939,11.59610000014311,7.848400000095353,0.9331000001430994,3.8319999999999936,2.7998999998569616,3.898599999904718,0.8497999999523245,1.8168000001907103,0.816799999952309,1.8989000000952956,0.948500000000081,0.9315000000000282]","[5.7980999999045935,1.8645999999046694,3.9487000000476655,8.612600000143004,6.114499999999964,0.8997000000476874,1.098900000095398,6.414500000000032,6.898099999904673,6.430999999999983,0.9487000000477224,1.1329999999999814,1.0661000001430239,0.83299999999997,1.833200000047782,0.9997999999523017,2.3491000001430393,4.749000000000024,1.1489000000954093,30.423900000095387,1.0994000000953292,0.8333999998569652,0.7998999998569616,3.697999999999979,0.8659999999999854,4.21449999999993,1.6163999998569807,2.4658999998569016,2.6323999998569434,1.682900000095401,1.0831000001430766,3.4322000000477146,1.0824999999999818,2.2153999998569134,10.512500000000045,11.596200000047702,7.848400000095353,0.933200000047691,3.8320999999045853,2.7998999998569616,3.898700000047711,0.8498999998570298,1.8170000000000073,0.816900000095302,1.899000000000001,0.948500000000081,0.9316000001431348]",,,0.0,74.0,74.0,43.0,1.0,rivier,vrivier,question_vocal.png,im_mouth.png,,,,,,
,,,538741,1,21,2023-09-29_12h32.28.399,flesh_expressibility_dutch,2022.2.4,Win32,60.70908208,,,,18.0,1.0,Nederlands,,,,,,Engels,2.0,Duits,1.0,,0.0,,0.0,,0.0,,0.0,,0.0,,0.0,NL,3.0,2.0,2.0,1.0,,sensorypref1,sensorypref2,1280.0,720.0,,,,,,,,,,,,,,,,,,,,,,,,,,,,,,,,,,,22.0,1009.0819,47.0,"[5.7980999999045935,1.8645999999046694,3.9487000000476655,8.612600000143004,6.114499999999964,0.8995999999046376,1.098900000095398,6.414500000000032,6.898099999904673,6.430899999856933,0.9487000000477224,1.132799999952283,1.066000000000031,0.83299999999997,1.833200000047782,0.9997000000475964,2.3490000000000464,4.748900000095318,1.1489000000954093,30.42379999995228,1.0994000000953292,0.8333999998569652,0.7998999998569616,3.697899999856986,0.8659000000953938,4.21449999999993,1.616299999952389,2.4658999998569016,2.6323999998569434,1.6828000001906958,1.0831000001430766,3.4322000000477146,1.0824000000953902,2.2153999998569134,10.512399999856939,11.59610000014311,7.848400000095353,0.9331000001430994,3.8319999999999936,2.7998999998569616,3.898599999904718,0.8497999999523245,1.8168000001907103,0.816799999952309,1.8989000000952956,0.948500000000081,0.9315000000000282]","[5.7980999999045935,1.8645999999046694,3.9487000000476655,8.612600000143004,6.114499999999964,0.8997000000476874,1.098900000095398,6.414500000000032,6.898099999904673,6.430999999999983,0.9487000000477224,1.1329999999999814,1.0661000001430239,0.83299999999997,1.833200000047782,0.9997999999523017,2.3491000001430393,4.749000000000024,1.1489000000954093,30.423900000095387,1.0994000000953292,0.8333999998569652,0.7998999998569616,3.697999999999979,0.8659999999999854,4.21449999999993,1.6163999998569807,2.4658999998569016,2.6323999998569434,1.682900000095401,1.0831000001430766,3.4322000000477146,1.0824999999999818,2.2153999998569134,10.512500000000045,11.596200000047702,7.848400000095353,0.933200000047691,3.8320999999045853,2.7998999998569616,3.898700000047711,0.8498999998570298,1.8170000000000073,0.816900000095302,1.899000000000001,0.948500000000081,0.9316000001431348]",,,0.0,75.0,75.0,147.0,1.0,knopen,vknopen,question_vocal.png,im_mouth.png,,,,,,
,,,538741,1,21,2023-09-29_12h32.28.399,flesh_expressibility_dutch,2022.2.4,Win32,60.70908208,,,,18.0,1.0,Nederlands,,,,,,Engels,2.0,Duits,1.0,,0.0,,0.0,,0.0,,0.0,,0.0,,0.0,NL,3.0,2.0,2.0,1.0,,sensorypref1,sensorypref2,1280.0,720.0,,,,,,,,,,,,,,,,,,,,,,,,,,,,,,,,,,,22.0,1010.0899,47.0,"[5.7980999999045935,1.8645999999046694,3.9487000000476655,8.612600000143004,6.114499999999964,0.8995999999046376,1.098900000095398,6.414500000000032,6.898099999904673,6.430899999856933,0.9487000000477224,1.132799999952283,1.066000000000031,0.83299999999997,1.833200000047782,0.9997000000475964,2.3490000000000464,4.748900000095318,1.1489000000954093,30.42379999995228,1.0994000000953292,0.8333999998569652,0.7998999998569616,3.697899999856986,0.8659000000953938,4.21449999999993,1.616299999952389,2.4658999998569016,2.6323999998569434,1.6828000001906958,1.0831000001430766,3.4322000000477146,1.0824000000953902,2.2153999998569134,10.512399999856939,11.59610000014311,7.848400000095353,0.9331000001430994,3.8319999999999936,2.7998999998569616,3.898599999904718,0.8497999999523245,1.8168000001907103,0.816799999952309,1.8989000000952956,0.948500000000081,0.9315000000000282]","[5.7980999999045935,1.8645999999046694,3.9487000000476655,8.612600000143004,6.114499999999964,0.8997000000476874,1.098900000095398,6.414500000000032,6.898099999904673,6.430999999999983,0.9487000000477224,1.1329999999999814,1.0661000001430239,0.83299999999997,1.833200000047782,0.9997999999523017,2.3491000001430393,4.749000000000024,1.1489000000954093,30.423900000095387,1.0994000000953292,0.8333999998569652,0.7998999998569616,3.697999999999979,0.8659999999999854,4.21449999999993,1.6163999998569807,2.4658999998569016,2.6323999998569434,1.682900000095401,1.0831000001430766,3.4322000000477146,1.0824999999999818,2.2153999998569134,10.512500000000045,11.596200000047702,7.848400000095353,0.933200000047691,3.8320999999045853,2.7998999998569616,3.898700000047711,0.8498999998570298,1.8170000000000073,0.816900000095302,1.899000000000001,0.948500000000081,0.9316000001431348]",,,0.0,76.0,76.0,163.0,1.0,zout,vzout,question_vocal.png,im_mouth.png,,,,,,
,,,538741,1,21,2023-09-29_12h32.28.399,flesh_expressibility_dutch,2022.2.4,Win32,60.70908208,,,,18.0,1.0,Nederlands,,,,,,Engels,2.0,Duits,1.0,,0.0,,0.0,,0.0,,0.0,,0.0,,0.0,NL,3.0,2.0,2.0,1.0,,sensorypref1,sensorypref2,1280.0,720.0,,,,,,,,,,,,,,,,,,,,,,,,,,,,,,,,,,,22.0,1011.111,47.0,"[5.7980999999045935,1.8645999999046694,3.9487000000476655,8.612600000143004,6.114499999999964,0.8995999999046376,1.098900000095398,6.414500000000032,6.898099999904673,6.430899999856933,0.9487000000477224,1.132799999952283,1.066000000000031,0.83299999999997,1.833200000047782,0.9997000000475964,2.3490000000000464,4.748900000095318,1.1489000000954093,30.42379999995228,1.0994000000953292,0.8333999998569652,0.7998999998569616,3.697899999856986,0.8659000000953938,4.21449999999993,1.616299999952389,2.4658999998569016,2.6323999998569434,1.6828000001906958,1.0831000001430766,3.4322000000477146,1.0824000000953902,2.2153999998569134,10.512399999856939,11.59610000014311,7.848400000095353,0.9331000001430994,3.8319999999999936,2.7998999998569616,3.898599999904718,0.8497999999523245,1.8168000001907103,0.816799999952309,1.8989000000952956,0.948500000000081,0.9315000000000282]","[5.7980999999045935,1.8645999999046694,3.9487000000476655,8.612600000143004,6.114499999999964,0.8997000000476874,1.098900000095398,6.414500000000032,6.898099999904673,6.430999999999983,0.9487000000477224,1.1329999999999814,1.0661000001430239,0.83299999999997,1.833200000047782,0.9997999999523017,2.3491000001430393,4.749000000000024,1.1489000000954093,30.423900000095387,1.0994000000953292,0.8333999998569652,0.7998999998569616,3.697999999999979,0.8659999999999854,4.21449999999993,1.6163999998569807,2.4658999998569016,2.6323999998569434,1.682900000095401,1.0831000001430766,3.4322000000477146,1.0824999999999818,2.2153999998569134,10.512500000000045,11.596200000047702,7.848400000095353,0.933200000047691,3.8320999999045853,2.7998999998569616,3.898700000047711,0.8498999998570298,1.8170000000000073,0.816900000095302,1.899000000000001,0.948500000000081,0.9316000001431348]",,,0.0,77.0,77.0,22.0,1.0,sommige,vsommige,question_vocal.png,im_mouth.png,,,,,,
,,,538741,1,21,2023-09-29_12h32.28.399,flesh_expressibility_dutch,2022.2.4,Win32,60.70908208,,,,18.0,1.0,Nederlands,,,,,,Engels,2.0,Duits,1.0,,0.0,,0.0,,0.0,,0.0,,0.0,,0.0,NL,3.0,2.0,2.0,1.0,,sensorypref1,sensorypref2,1280.0,720.0,,,,,,,,,,,,,,,,,,,,,,,,,,,,,,,,,,,22.0,1012.1086,47.0,"[5.7980999999045935,1.8645999999046694,3.9487000000476655,8.612600000143004,6.114499999999964,0.8995999999046376,1.098900000095398,6.414500000000032,6.898099999904673,6.430899999856933,0.9487000000477224,1.132799999952283,1.066000000000031,0.83299999999997,1.833200000047782,0.9997000000475964,2.3490000000000464,4.748900000095318,1.1489000000954093,30.42379999995228,1.0994000000953292,0.8333999998569652,0.7998999998569616,3.697899999856986,0.8659000000953938,4.21449999999993,1.616299999952389,2.4658999998569016,2.6323999998569434,1.6828000001906958,1.0831000001430766,3.4322000000477146,1.0824000000953902,2.2153999998569134,10.512399999856939,11.59610000014311,7.848400000095353,0.9331000001430994,3.8319999999999936,2.7998999998569616,3.898599999904718,0.8497999999523245,1.8168000001907103,0.816799999952309,1.8989000000952956,0.948500000000081,0.9315000000000282]","[5.7980999999045935,1.8645999999046694,3.9487000000476655,8.612600000143004,6.114499999999964,0.8997000000476874,1.098900000095398,6.414500000000032,6.898099999904673,6.430999999999983,0.9487000000477224,1.1329999999999814,1.0661000001430239,0.83299999999997,1.833200000047782,0.9997999999523017,2.3491000001430393,4.749000000000024,1.1489000000954093,30.423900000095387,1.0994000000953292,0.8333999998569652,0.7998999998569616,3.697999999999979,0.8659999999999854,4.21449999999993,1.6163999998569807,2.4658999998569016,2.6323999998569434,1.682900000095401,1.0831000001430766,3.4322000000477146,1.0824999999999818,2.2153999998569134,10.512500000000045,11.596200000047702,7.848400000095353,0.933200000047691,3.8320999999045853,2.7998999998569616,3.898700000047711,0.8498999998570298,1.8170000000000073,0.816900000095302,1.899000000000001,0.948500000000081,0.9316000001431348]",,,0.0,78.0,78.0,152.0,1.0,eten,veten,question_vocal.png,im_mouth.png,,,,,,
,,,538741,1,21,2023-09-29_12h32.28.399,flesh_expressibility_dutch,2022.2.4,Win32,60.70908208,,,,18.0,1.0,Nederlands,,,,,,Engels,2.0,Duits,1.0,,0.0,,0.0,,0.0,,0.0,,0.0,,0.0,NL,3.0,2.0,2.0,1.0,,sensorypref1,sensorypref2,1280.0,720.0,,,,,,,,,,,,,,,,,,,,,,,,,,,,,,,,,,,22.0,1013.1573,47.0,"[5.7980999999045935,1.8645999999046694,3.9487000000476655,8.612600000143004,6.114499999999964,0.8995999999046376,1.098900000095398,6.414500000000032,6.898099999904673,6.430899999856933,0.9487000000477224,1.132799999952283,1.066000000000031,0.83299999999997,1.833200000047782,0.9997000000475964,2.3490000000000464,4.748900000095318,1.1489000000954093,30.42379999995228,1.0994000000953292,0.8333999998569652,0.7998999998569616,3.697899999856986,0.8659000000953938,4.21449999999993,1.616299999952389,2.4658999998569016,2.6323999998569434,1.6828000001906958,1.0831000001430766,3.4322000000477146,1.0824000000953902,2.2153999998569134,10.512399999856939,11.59610000014311,7.848400000095353,0.9331000001430994,3.8319999999999936,2.7998999998569616,3.898599999904718,0.8497999999523245,1.8168000001907103,0.816799999952309,1.8989000000952956,0.948500000000081,0.9315000000000282]","[5.7980999999045935,1.8645999999046694,3.9487000000476655,8.612600000143004,6.114499999999964,0.8997000000476874,1.098900000095398,6.414500000000032,6.898099999904673,6.430999999999983,0.9487000000477224,1.1329999999999814,1.0661000001430239,0.83299999999997,1.833200000047782,0.9997999999523017,2.3491000001430393,4.749000000000024,1.1489000000954093,30.423900000095387,1.0994000000953292,0.8333999998569652,0.7998999998569616,3.697999999999979,0.8659999999999854,4.21449999999993,1.6163999998569807,2.4658999998569016,2.6323999998569434,1.682900000095401,1.0831000001430766,3.4322000000477146,1.0824999999999818,2.2153999998569134,10.512500000000045,11.596200000047702,7.848400000095353,0.933200000047691,3.8320999999045853,2.7998999998569616,3.898700000047711,0.8498999998570298,1.8170000000000073,0.816900000095302,1.899000000000001,0.948500000000081,0.9316000001431348]",,,0.0,79.0,79.0,179.0,1.0,zij,vzij,question_vocal.png,im_mouth.png,,,,,,
,,,538741,1,21,2023-09-29_12h32.28.399,flesh_expressibility_dutch,2022.2.4,Win32,60.70908208,,,,18.0,1.0,Nederlands,,,,,,Engels,2.0,Duits,1.0,,0.0,,0.0,,0.0,,0.0,,0.0,,0.0,NL,3.0,2.0,2.0,1.0,,sensorypref1,sensorypref2,1280.0,720.0,,,,,,,,,,,,,,,,,,,,,,,,,,,,,,,,,,,21.0,1014.1901,48.0,"[5.7980999999045935,1.8645999999046694,3.9487000000476655,8.612600000143004,6.114499999999964,0.8995999999046376,1.098900000095398,6.414500000000032,6.898099999904673,6.430899999856933,0.9487000000477224,1.132799999952283,1.066000000000031,0.83299999999997,1.833200000047782,0.9997000000475964,2.3490000000000464,4.748900000095318,1.1489000000954093,30.42379999995228,1.0994000000953292,0.8333999998569652,0.7998999998569616,3.697899999856986,0.8659000000953938,4.21449999999993,1.616299999952389,2.4658999998569016,2.6323999998569434,1.6828000001906958,1.0831000001430766,3.4322000000477146,1.0824000000953902,2.2153999998569134,10.512399999856939,11.59610000014311,7.848400000095353,0.9331000001430994,3.8319999999999936,2.7998999998569616,3.898599999904718,0.8497999999523245,1.8168000001907103,0.816799999952309,1.8989000000952956,0.948500000000081,0.9315000000000282,0.8326999998091651]","[5.7980999999045935,1.8645999999046694,3.9487000000476655,8.612600000143004,6.114499999999964,0.8997000000476874,1.098900000095398,6.414500000000032,6.898099999904673,6.430999999999983,0.9487000000477224,1.1329999999999814,1.0661000001430239,0.83299999999997,1.833200000047782,0.9997999999523017,2.3491000001430393,4.749000000000024,1.1489000000954093,30.423900000095387,1.0994000000953292,0.8333999998569652,0.7998999998569616,3.697999999999979,0.8659999999999854,4.21449999999993,1.6163999998569807,2.4658999998569016,2.6323999998569434,1.682900000095401,1.0831000001430766,3.4322000000477146,1.0824999999999818,2.2153999998569134,10.512500000000045,11.596200000047702,7.848400000095353,0.933200000047691,3.8320999999045853,2.7998999998569616,3.898700000047711,0.8498999998570298,1.8170000000000073,0.816900000095302,1.899000000000001,0.948500000000081,0.9316000001431348,0.832799999952158]",-0.970370314,3.4847,0.0,80.0,80.0,114.0,1.0,borst,vborst,question_vocal.png,im_mouth.png,,,,,,
,,,538741,1,21,2023-09-29_12h32.28.399,flesh_expressibility_dutch,2022.2.4,Win32,60.70908208,,,,18.0,1.0,Nederlands,,,,,,Engels,2.0,Duits,1.0,,0.0,,0.0,,0.0,,0.0,,0.0,,0.0,NL,3.0,2.0,2.0,1.0,,sensorypref1,sensorypref2,1280.0,720.0,,,,,,,,,,,,,,,,,,,,,,,,,,,,,,,,,,,22.0,1018.2683,48.0,"[5.7980999999045935,1.8645999999046694,3.9487000000476655,8.612600000143004,6.114499999999964,0.8995999999046376,1.098900000095398,6.414500000000032,6.898099999904673,6.430899999856933,0.9487000000477224,1.132799999952283,1.066000000000031,0.83299999999997,1.833200000047782,0.9997000000475964,2.3490000000000464,4.748900000095318,1.1489000000954093,30.42379999995228,1.0994000000953292,0.8333999998569652,0.7998999998569616,3.697899999856986,0.8659000000953938,4.21449999999993,1.616299999952389,2.4658999998569016,2.6323999998569434,1.6828000001906958,1.0831000001430766,3.4322000000477146,1.0824000000953902,2.2153999998569134,10.512399999856939,11.59610000014311,7.848400000095353,0.9331000001430994,3.8319999999999936,2.7998999998569616,3.898599999904718,0.8497999999523245,1.8168000001907103,0.816799999952309,1.8989000000952956,0.948500000000081,0.9315000000000282,0.8326999998091651]","[5.7980999999045935,1.8645999999046694,3.9487000000476655,8.612600000143004,6.114499999999964,0.8997000000476874,1.098900000095398,6.414500000000032,6.898099999904673,6.430999999999983,0.9487000000477224,1.1329999999999814,1.0661000001430239,0.83299999999997,1.833200000047782,0.9997999999523017,2.3491000001430393,4.749000000000024,1.1489000000954093,30.423900000095387,1.0994000000953292,0.8333999998569652,0.7998999998569616,3.697999999999979,0.8659999999999854,4.21449999999993,1.6163999998569807,2.4658999998569016,2.6323999998569434,1.682900000095401,1.0831000001430766,3.4322000000477146,1.0824999999999818,2.2153999998569134,10.512500000000045,11.596200000047702,7.848400000095353,0.933200000047691,3.8320999999045853,2.7998999998569616,3.898700000047711,0.8498999998570298,1.8170000000000073,0.816900000095302,1.899000000000001,0.948500000000081,0.9316000001431348,0.832799999952158]",,,0.0,81.0,81.0,133.0,1.0,ster,vster,question_vocal.png,im_mouth.png,,,,,,
,,,538741,1,21,2023-09-29_12h32.28.399,flesh_expressibility_dutch,2022.2.4,Win32,60.70908208,,,,18.0,1.0,Nederlands,,,,,,Engels,2.0,Duits,1.0,,0.0,,0.0,,0.0,,0.0,,0.0,,0.0,NL,3.0,2.0,2.0,1.0,,sensorypref1,sensorypref2,1280.0,720.0,,,,,,,,,,,,,,,,,,,,,,,,,,,,,,,,,,,22.0,1019.3221,48.0,"[5.7980999999045935,1.8645999999046694,3.9487000000476655,8.612600000143004,6.114499999999964,0.8995999999046376,1.098900000095398,6.414500000000032,6.898099999904673,6.430899999856933,0.9487000000477224,1.132799999952283,1.066000000000031,0.83299999999997,1.833200000047782,0.9997000000475964,2.3490000000000464,4.748900000095318,1.1489000000954093,30.42379999995228,1.0994000000953292,0.8333999998569652,0.7998999998569616,3.697899999856986,0.8659000000953938,4.21449999999993,1.616299999952389,2.4658999998569016,2.6323999998569434,1.6828000001906958,1.0831000001430766,3.4322000000477146,1.0824000000953902,2.2153999998569134,10.512399999856939,11.59610000014311,7.848400000095353,0.9331000001430994,3.8319999999999936,2.7998999998569616,3.898599999904718,0.8497999999523245,1.8168000001907103,0.816799999952309,1.8989000000952956,0.948500000000081,0.9315000000000282,0.8326999998091651]","[5.7980999999045935,1.8645999999046694,3.9487000000476655,8.612600000143004,6.114499999999964,0.8997000000476874,1.098900000095398,6.414500000000032,6.898099999904673,6.430999999999983,0.9487000000477224,1.1329999999999814,1.0661000001430239,0.83299999999997,1.833200000047782,0.9997999999523017,2.3491000001430393,4.749000000000024,1.1489000000954093,30.423900000095387,1.0994000000953292,0.8333999998569652,0.7998999998569616,3.697999999999979,0.8659999999999854,4.21449999999993,1.6163999998569807,2.4658999998569016,2.6323999998569434,1.682900000095401,1.0831000001430766,3.4322000000477146,1.0824999999999818,2.2153999998569134,10.512500000000045,11.596200000047702,7.848400000095353,0.933200000047691,3.8320999999045853,2.7998999998569616,3.898700000047711,0.8498999998570298,1.8170000000000073,0.816900000095302,1.899000000000001,0.948500000000081,0.9316000001431348,0.832799999952158]",,,0.0,82.0,82.0,139.0,1.0,rennen,vrennen,question_vocal.png,im_mouth.png,,,,,,
,,,538741,1,21,2023-09-29_12h32.28.399,flesh_expressibility_dutch,2022.2.4,Win32,60.70908208,,,,18.0,1.0,Nederlands,,,,,,Engels,2.0,Duits,1.0,,0.0,,0.0,,0.0,,0.0,,0.0,,0.0,NL,3.0,2.0,2.0,1.0,,sensorypref1,sensorypref2,1280.0,720.0,,,,,,,,,,,,,,,,,,,,,,,,,,,,,,,,,,,22.0,1020.2983,48.0,"[5.7980999999045935,1.8645999999046694,3.9487000000476655,8.612600000143004,6.114499999999964,0.8995999999046376,1.098900000095398,6.414500000000032,6.898099999904673,6.430899999856933,0.9487000000477224,1.132799999952283,1.066000000000031,0.83299999999997,1.833200000047782,0.9997000000475964,2.3490000000000464,4.748900000095318,1.1489000000954093,30.42379999995228,1.0994000000953292,0.8333999998569652,0.7998999998569616,3.697899999856986,0.8659000000953938,4.21449999999993,1.616299999952389,2.4658999998569016,2.6323999998569434,1.6828000001906958,1.0831000001430766,3.4322000000477146,1.0824000000953902,2.2153999998569134,10.512399999856939,11.59610000014311,7.848400000095353,0.9331000001430994,3.8319999999999936,2.7998999998569616,3.898599999904718,0.8497999999523245,1.8168000001907103,0.816799999952309,1.8989000000952956,0.948500000000081,0.9315000000000282,0.8326999998091651]","[5.7980999999045935,1.8645999999046694,3.9487000000476655,8.612600000143004,6.114499999999964,0.8997000000476874,1.098900000095398,6.414500000000032,6.898099999904673,6.430999999999983,0.9487000000477224,1.1329999999999814,1.0661000001430239,0.83299999999997,1.833200000047782,0.9997999999523017,2.3491000001430393,4.749000000000024,1.1489000000954093,30.423900000095387,1.0994000000953292,0.8333999998569652,0.7998999998569616,3.697999999999979,0.8659999999999854,4.21449999999993,1.6163999998569807,2.4658999998569016,2.6323999998569434,1.682900000095401,1.0831000001430766,3.4322000000477146,1.0824999999999818,2.2153999998569134,10.512500000000045,11.596200000047702,7.848400000095353,0.933200000047691,3.8320999999045853,2.7998999998569616,3.898700000047711,0.8498999998570298,1.8170000000000073,0.816900000095302,1.899000000000001,0.948500000000081,0.9316000001431348,0.832799999952158]",,,0.0,83.0,83.0,83.0,1.0,uit,vuit,question_vocal.png,im_mouth.png,,,,,,
,,,538741,1,21,2023-09-29_12h32.28.399,flesh_expressibility_dutch,2022.2.4,Win32,60.70908208,,,,18.0,1.0,Nederlands,,,,,,Engels,2.0,Duits,1.0,,0.0,,0.0,,0.0,,0.0,,0.0,,0.0,NL,3.0,2.0,2.0,1.0,,sensorypref1,sensorypref2,1280.0,720.0,,,,,,,,,,,,,,,,,,,,,,,,,,,,,,,,,,,22.0,1021.3549,48.0,"[5.7980999999045935,1.8645999999046694,3.9487000000476655,8.612600000143004,6.114499999999964,0.8995999999046376,1.098900000095398,6.414500000000032,6.898099999904673,6.430899999856933,0.9487000000477224,1.132799999952283,1.066000000000031,0.83299999999997,1.833200000047782,0.9997000000475964,2.3490000000000464,4.748900000095318,1.1489000000954093,30.42379999995228,1.0994000000953292,0.8333999998569652,0.7998999998569616,3.697899999856986,0.8659000000953938,4.21449999999993,1.616299999952389,2.4658999998569016,2.6323999998569434,1.6828000001906958,1.0831000001430766,3.4322000000477146,1.0824000000953902,2.2153999998569134,10.512399999856939,11.59610000014311,7.848400000095353,0.9331000001430994,3.8319999999999936,2.7998999998569616,3.898599999904718,0.8497999999523245,1.8168000001907103,0.816799999952309,1.8989000000952956,0.948500000000081,0.9315000000000282,0.8326999998091651]","[5.7980999999045935,1.8645999999046694,3.9487000000476655,8.612600000143004,6.114499999999964,0.8997000000476874,1.098900000095398,6.414500000000032,6.898099999904673,6.430999999999983,0.9487000000477224,1.1329999999999814,1.0661000001430239,0.83299999999997,1.833200000047782,0.9997999999523017,2.3491000001430393,4.749000000000024,1.1489000000954093,30.423900000095387,1.0994000000953292,0.8333999998569652,0.7998999998569616,3.697999999999979,0.8659999999999854,4.21449999999993,1.6163999998569807,2.4658999998569016,2.6323999998569434,1.682900000095401,1.0831000001430766,3.4322000000477146,1.0824999999999818,2.2153999998569134,10.512500000000045,11.596200000047702,7.848400000095353,0.933200000047691,3.8320999999045853,2.7998999998569616,3.898700000047711,0.8498999998570298,1.8170000000000073,0.816900000095302,1.899000000000001,0.948500000000081,0.9316000001431348,0.832799999952158]",,,0.0,84.0,84.0,110.0,1.0,tand,vtand,question_vocal.png,im_mouth.png,,,,,,
,,,538741,1,21,2023-09-29_12h32.28.399,flesh_expressibility_dutch,2022.2.4,Win32,60.70908208,,,,18.0,1.0,Nederlands,,,,,,Engels,2.0,Duits,1.0,,0.0,,0.0,,0.0,,0.0,,0.0,,0.0,NL,3.0,2.0,2.0,1.0,,sensorypref1,sensorypref2,1280.0,720.0,,,,,,,,,,,,,,,,,,,,,,,,,,,,,,,,,,,22.0,1022.3533,48.0,"[5.7980999999045935,1.8645999999046694,3.9487000000476655,8.612600000143004,6.114499999999964,0.8995999999046376,1.098900000095398,6.414500000000032,6.898099999904673,6.430899999856933,0.9487000000477224,1.132799999952283,1.066000000000031,0.83299999999997,1.833200000047782,0.9997000000475964,2.3490000000000464,4.748900000095318,1.1489000000954093,30.42379999995228,1.0994000000953292,0.8333999998569652,0.7998999998569616,3.697899999856986,0.8659000000953938,4.21449999999993,1.616299999952389,2.4658999998569016,2.6323999998569434,1.6828000001906958,1.0831000001430766,3.4322000000477146,1.0824000000953902,2.2153999998569134,10.512399999856939,11.59610000014311,7.848400000095353,0.9331000001430994,3.8319999999999936,2.7998999998569616,3.898599999904718,0.8497999999523245,1.8168000001907103,0.816799999952309,1.8989000000952956,0.948500000000081,0.9315000000000282,0.8326999998091651]","[5.7980999999045935,1.8645999999046694,3.9487000000476655,8.612600000143004,6.114499999999964,0.8997000000476874,1.098900000095398,6.414500000000032,6.898099999904673,6.430999999999983,0.9487000000477224,1.1329999999999814,1.0661000001430239,0.83299999999997,1.833200000047782,0.9997999999523017,2.3491000001430393,4.749000000000024,1.1489000000954093,30.423900000095387,1.0994000000953292,0.8333999998569652,0.7998999998569616,3.697999999999979,0.8659999999999854,4.21449999999993,1.6163999998569807,2.4658999998569016,2.6323999998569434,1.682900000095401,1.0831000001430766,3.4322000000477146,1.0824999999999818,2.2153999998569134,10.512500000000045,11.596200000047702,7.848400000095353,0.933200000047691,3.8320999999045853,2.7998999998569616,3.898700000047711,0.8498999998570298,1.8170000000000073,0.816900000095302,1.899000000000001,0.948500000000081,0.9316000001431348,0.832799999952158]",,,0.0,85.0,85.0,159.0,1.0,wat,vwat,question_vocal.png,im_mouth.png,,,,,,
,,,538741,1,21,2023-09-29_12h32.28.399,flesh_expressibility_dutch,2022.2.4,Win32,60.70908208,,,,18.0,1.0,Nederlands,,,,,,Engels,2.0,Duits,1.0,,0.0,,0.0,,0.0,,0.0,,0.0,,0.0,NL,3.0,2.0,2.0,1.0,,sensorypref1,sensorypref2,1280.0,720.0,,,,,,,,,,,,,,,,,,,,,,,,,,,,,,,,,,,22.0,1023.3905,48.0,"[5.7980999999045935,1.8645999999046694,3.9487000000476655,8.612600000143004,6.114499999999964,0.8995999999046376,1.098900000095398,6.414500000000032,6.898099999904673,6.430899999856933,0.9487000000477224,1.132799999952283,1.066000000000031,0.83299999999997,1.833200000047782,0.9997000000475964,2.3490000000000464,4.748900000095318,1.1489000000954093,30.42379999995228,1.0994000000953292,0.8333999998569652,0.7998999998569616,3.697899999856986,0.8659000000953938,4.21449999999993,1.616299999952389,2.4658999998569016,2.6323999998569434,1.6828000001906958,1.0831000001430766,3.4322000000477146,1.0824000000953902,2.2153999998569134,10.512399999856939,11.59610000014311,7.848400000095353,0.9331000001430994,3.8319999999999936,2.7998999998569616,3.898599999904718,0.8497999999523245,1.8168000001907103,0.816799999952309,1.8989000000952956,0.948500000000081,0.9315000000000282,0.8326999998091651]","[5.7980999999045935,1.8645999999046694,3.9487000000476655,8.612600000143004,6.114499999999964,0.8997000000476874,1.098900000095398,6.414500000000032,6.898099999904673,6.430999999999983,0.9487000000477224,1.1329999999999814,1.0661000001430239,0.83299999999997,1.833200000047782,0.9997999999523017,2.3491000001430393,4.749000000000024,1.1489000000954093,30.423900000095387,1.0994000000953292,0.8333999998569652,0.7998999998569616,3.697999999999979,0.8659999999999854,4.21449999999993,1.6163999998569807,2.4658999998569016,2.6323999998569434,1.682900000095401,1.0831000001430766,3.4322000000477146,1.0824999999999818,2.2153999998569134,10.512500000000045,11.596200000047702,7.848400000095353,0.933200000047691,3.8320999999045853,2.7998999998569616,3.898700000047711,0.8498999998570298,1.8170000000000073,0.816900000095302,1.899000000000001,0.948500000000081,0.9316000001431348,0.832799999952158]",,,0.0,86.0,86.0,182.0,1.0,naam,vnaam,question_vocal.png,im_mouth.png,,,,,,
,,,538741,1,21,2023-09-29_12h32.28.399,flesh_expressibility_dutch,2022.2.4,Win32,60.70908208,,,,18.0,1.0,Nederlands,,,,,,Engels,2.0,Duits,1.0,,0.0,,0.0,,0.0,,0.0,,0.0,,0.0,NL,3.0,2.0,2.0,1.0,,sensorypref1,sensorypref2,1280.0,720.0,,,,,,,,,,,,,,,,,,,,,,,,,,,,,,,,,,,22.0,1024.4737,48.0,"[5.7980999999045935,1.8645999999046694,3.9487000000476655,8.612600000143004,6.114499999999964,0.8995999999046376,1.098900000095398,6.414500000000032,6.898099999904673,6.430899999856933,0.9487000000477224,1.132799999952283,1.066000000000031,0.83299999999997,1.833200000047782,0.9997000000475964,2.3490000000000464,4.748900000095318,1.1489000000954093,30.42379999995228,1.0994000000953292,0.8333999998569652,0.7998999998569616,3.697899999856986,0.8659000000953938,4.21449999999993,1.616299999952389,2.4658999998569016,2.6323999998569434,1.6828000001906958,1.0831000001430766,3.4322000000477146,1.0824000000953902,2.2153999998569134,10.512399999856939,11.59610000014311,7.848400000095353,0.9331000001430994,3.8319999999999936,2.7998999998569616,3.898599999904718,0.8497999999523245,1.8168000001907103,0.816799999952309,1.8989000000952956,0.948500000000081,0.9315000000000282,0.8326999998091651]","[5.7980999999045935,1.8645999999046694,3.9487000000476655,8.612600000143004,6.114499999999964,0.8997000000476874,1.098900000095398,6.414500000000032,6.898099999904673,6.430999999999983,0.9487000000477224,1.1329999999999814,1.0661000001430239,0.83299999999997,1.833200000047782,0.9997999999523017,2.3491000001430393,4.749000000000024,1.1489000000954093,30.423900000095387,1.0994000000953292,0.8333999998569652,0.7998999998569616,3.697999999999979,0.8659999999999854,4.21449999999993,1.6163999998569807,2.4658999998569016,2.6323999998569434,1.682900000095401,1.0831000001430766,3.4322000000477146,1.0824999999999818,2.2153999998569134,10.512500000000045,11.596200000047702,7.848400000095353,0.933200000047691,3.8320999999045853,2.7998999998569616,3.898700000047711,0.8498999998570298,1.8170000000000073,0.816900000095302,1.899000000000001,0.948500000000081,0.9316000001431348,0.832799999952158]",,,0.0,87.0,87.0,125.0,1.0,huid,vhuid,question_vocal.png,im_mouth.png,,,,,,
,,,538741,1,21,2023-09-29_12h32.28.399,flesh_expressibility_dutch,2022.2.4,Win32,60.70908208,,,,18.0,1.0,Nederlands,,,,,,Engels,2.0,Duits,1.0,,0.0,,0.0,,0.0,,0.0,,0.0,,0.0,NL,3.0,2.0,2.0,1.0,,sensorypref1,sensorypref2,1280.0,720.0,,,,,,,,,,,,,,,,,,,,,,,,,,,,,,,,,,,21.0,1025.464,49.0,"[5.7980999999045935,1.8645999999046694,3.9487000000476655,8.612600000143004,6.114499999999964,0.8995999999046376,1.098900000095398,6.414500000000032,6.898099999904673,6.430899999856933,0.9487000000477224,1.132799999952283,1.066000000000031,0.83299999999997,1.833200000047782,0.9997000000475964,2.3490000000000464,4.748900000095318,1.1489000000954093,30.42379999995228,1.0994000000953292,0.8333999998569652,0.7998999998569616,3.697899999856986,0.8659000000953938,4.21449999999993,1.616299999952389,2.4658999998569016,2.6323999998569434,1.6828000001906958,1.0831000001430766,3.4322000000477146,1.0824000000953902,2.2153999998569134,10.512399999856939,11.59610000014311,7.848400000095353,0.9331000001430994,3.8319999999999936,2.7998999998569616,3.898599999904718,0.8497999999523245,1.8168000001907103,0.816799999952309,1.8989000000952956,0.948500000000081,0.9315000000000282,0.8326999998091651,5.931299999952216]","[5.7980999999045935,1.8645999999046694,3.9487000000476655,8.612600000143004,6.114499999999964,0.8997000000476874,1.098900000095398,6.414500000000032,6.898099999904673,6.430999999999983,0.9487000000477224,1.1329999999999814,1.0661000001430239,0.83299999999997,1.833200000047782,0.9997999999523017,2.3491000001430393,4.749000000000024,1.1489000000954093,30.423900000095387,1.0994000000953292,0.8333999998569652,0.7998999998569616,3.697999999999979,0.8659999999999854,4.21449999999993,1.6163999998569807,2.4658999998569016,2.6323999998569434,1.682900000095401,1.0831000001430766,3.4322000000477146,1.0824999999999818,2.2153999998569134,10.512500000000045,11.596200000047702,7.848400000095353,0.933200000047691,3.8320999999045853,2.7998999998569616,3.898700000047711,0.8498999998570298,1.8170000000000073,0.816900000095302,1.899000000000001,0.948500000000081,0.9316000001431348,0.832799999952158,5.931399999856922]",-0.198148092,13.9685,0.0,88.0,88.0,151.0,1.0,drinken,vdrinken,question_vocal.png,im_mouth.png,,,,,,
,,,538741,1,21,2023-09-29_12h32.28.399,flesh_expressibility_dutch,2022.2.4,Win32,60.70908208,,,,18.0,1.0,Nederlands,,,,,,Engels,2.0,Duits,1.0,,0.0,,0.0,,0.0,,0.0,,0.0,,0.0,NL,3.0,2.0,2.0,1.0,,sensorypref1,sensorypref2,1280.0,720.0,,,,,,,,,,,,,,,,,,,,,,,,,,,,,,,,,,,22.0,1040.345,49.0,"[5.7980999999045935,1.8645999999046694,3.9487000000476655,8.612600000143004,6.114499999999964,0.8995999999046376,1.098900000095398,6.414500000000032,6.898099999904673,6.430899999856933,0.9487000000477224,1.132799999952283,1.066000000000031,0.83299999999997,1.833200000047782,0.9997000000475964,2.3490000000000464,4.748900000095318,1.1489000000954093,30.42379999995228,1.0994000000953292,0.8333999998569652,0.7998999998569616,3.697899999856986,0.8659000000953938,4.21449999999993,1.616299999952389,2.4658999998569016,2.6323999998569434,1.6828000001906958,1.0831000001430766,3.4322000000477146,1.0824000000953902,2.2153999998569134,10.512399999856939,11.59610000014311,7.848400000095353,0.9331000001430994,3.8319999999999936,2.7998999998569616,3.898599999904718,0.8497999999523245,1.8168000001907103,0.816799999952309,1.8989000000952956,0.948500000000081,0.9315000000000282,0.8326999998091651,5.931299999952216]","[5.7980999999045935,1.8645999999046694,3.9487000000476655,8.612600000143004,6.114499999999964,0.8997000000476874,1.098900000095398,6.414500000000032,6.898099999904673,6.430999999999983,0.9487000000477224,1.1329999999999814,1.0661000001430239,0.83299999999997,1.833200000047782,0.9997999999523017,2.3491000001430393,4.749000000000024,1.1489000000954093,30.423900000095387,1.0994000000953292,0.8333999998569652,0.7998999998569616,3.697999999999979,0.8659999999999854,4.21449999999993,1.6163999998569807,2.4658999998569016,2.6323999998569434,1.682900000095401,1.0831000001430766,3.4322000000477146,1.0824999999999818,2.2153999998569134,10.512500000000045,11.596200000047702,7.848400000095353,0.933200000047691,3.8320999999045853,2.7998999998569616,3.898700000047711,0.8498999998570298,1.8170000000000073,0.816900000095302,1.899000000000001,0.948500000000081,0.9316000001431348,0.832799999952158,5.931399999856922]",,,0.0,89.0,89.0,168.0,1.0,schaduw,vschaduw,question_vocal.png,im_mouth.png,,,,,,
,,,538741,1,21,2023-09-29_12h32.28.399,flesh_expressibility_dutch,2022.2.4,Win32,60.70908208,,,,18.0,1.0,Nederlands,,,,,,Engels,2.0,Duits,1.0,,0.0,,0.0,,0.0,,0.0,,0.0,,0.0,NL,3.0,2.0,2.0,1.0,,sensorypref1,sensorypref2,1280.0,720.0,,,,,,,,,,,,,,,,,,,,,,,,,,,,,,,,,,,22.0,1041.4833,49.0,"[5.7980999999045935,1.8645999999046694,3.9487000000476655,8.612600000143004,6.114499999999964,0.8995999999046376,1.098900000095398,6.414500000000032,6.898099999904673,6.430899999856933,0.9487000000477224,1.132799999952283,1.066000000000031,0.83299999999997,1.833200000047782,0.9997000000475964,2.3490000000000464,4.748900000095318,1.1489000000954093,30.42379999995228,1.0994000000953292,0.8333999998569652,0.7998999998569616,3.697899999856986,0.8659000000953938,4.21449999999993,1.616299999952389,2.4658999998569016,2.6323999998569434,1.6828000001906958,1.0831000001430766,3.4322000000477146,1.0824000000953902,2.2153999998569134,10.512399999856939,11.59610000014311,7.848400000095353,0.9331000001430994,3.8319999999999936,2.7998999998569616,3.898599999904718,0.8497999999523245,1.8168000001907103,0.816799999952309,1.8989000000952956,0.948500000000081,0.9315000000000282,0.8326999998091651,5.931299999952216]","[5.7980999999045935,1.8645999999046694,3.9487000000476655,8.612600000143004,6.114499999999964,0.8997000000476874,1.098900000095398,6.414500000000032,6.898099999904673,6.430999999999983,0.9487000000477224,1.1329999999999814,1.0661000001430239,0.83299999999997,1.833200000047782,0.9997999999523017,2.3491000001430393,4.749000000000024,1.1489000000954093,30.423900000095387,1.0994000000953292,0.8333999998569652,0.7998999998569616,3.697999999999979,0.8659999999999854,4.21449999999993,1.6163999998569807,2.4658999998569016,2.6323999998569434,1.682900000095401,1.0831000001430766,3.4322000000477146,1.0824999999999818,2.2153999998569134,10.512500000000045,11.596200000047702,7.848400000095353,0.933200000047691,3.8320999999045853,2.7998999998569616,3.898700000047711,0.8498999998570298,1.8170000000000073,0.816900000095302,1.899000000000001,0.948500000000081,0.9316000001431348,0.832799999952158,5.931399999856922]",,,0.0,90.0,90.0,86.0,1.0,badderen,vbadderen,question_vocal.png,im_mouth.png,,,,,,
,,,538741,1,21,2023-09-29_12h32.28.399,flesh_expressibility_dutch,2022.2.4,Win32,60.70908208,,,,18.0,1.0,Nederlands,,,,,,Engels,2.0,Duits,1.0,,0.0,,0.0,,0.0,,0.0,,0.0,,0.0,NL,3.0,2.0,2.0,1.0,,sensorypref1,sensorypref2,1280.0,720.0,,,,,,,,,,,,,,,,,,,,,,,,,,,,,,,,,,,22.0,1042.3393,49.0,"[5.7980999999045935,1.8645999999046694,3.9487000000476655,8.612600000143004,6.114499999999964,0.8995999999046376,1.098900000095398,6.414500000000032,6.898099999904673,6.430899999856933,0.9487000000477224,1.132799999952283,1.066000000000031,0.83299999999997,1.833200000047782,0.9997000000475964,2.3490000000000464,4.748900000095318,1.1489000000954093,30.42379999995228,1.0994000000953292,0.8333999998569652,0.7998999998569616,3.697899999856986,0.8659000000953938,4.21449999999993,1.616299999952389,2.4658999998569016,2.6323999998569434,1.6828000001906958,1.0831000001430766,3.4322000000477146,1.0824000000953902,2.2153999998569134,10.512399999856939,11.59610000014311,7.848400000095353,0.9331000001430994,3.8319999999999936,2.7998999998569616,3.898599999904718,0.8497999999523245,1.8168000001907103,0.816799999952309,1.8989000000952956,0.948500000000081,0.9315000000000282,0.8326999998091651,5.931299999952216]","[5.7980999999045935,1.8645999999046694,3.9487000000476655,8.612600000143004,6.114499999999964,0.8997000000476874,1.098900000095398,6.414500000000032,6.898099999904673,6.430999999999983,0.9487000000477224,1.1329999999999814,1.0661000001430239,0.83299999999997,1.833200000047782,0.9997999999523017,2.3491000001430393,4.749000000000024,1.1489000000954093,30.423900000095387,1.0994000000953292,0.8333999998569652,0.7998999998569616,3.697999999999979,0.8659999999999854,4.21449999999993,1.6163999998569807,2.4658999998569016,2.6323999998569434,1.682900000095401,1.0831000001430766,3.4322000000477146,1.0824999999999818,2.2153999998569134,10.512500000000045,11.596200000047702,7.848400000095353,0.933200000047691,3.8320999999045853,2.7998999998569616,3.898700000047711,0.8498999998570298,1.8170000000000073,0.816900000095302,1.899000000000001,0.948500000000081,0.9316000001431348,0.832799999952158,5.931399999856922]",,,0.0,91.0,91.0,199.0,1.0,nacht,vnacht,question_vocal.png,im_mouth.png,,,,,,
,,,538741,1,21,2023-09-29_12h32.28.399,flesh_expressibility_dutch,2022.2.4,Win32,60.70908208,,,,18.0,1.0,Nederlands,,,,,,Engels,2.0,Duits,1.0,,0.0,,0.0,,0.0,,0.0,,0.0,,0.0,NL,3.0,2.0,2.0,1.0,,sensorypref1,sensorypref2,1280.0,720.0,,,,,,,,,,,,,,,,,,,,,,,,,,,,,,,,,,,22.0,1043.3664,49.0,"[5.7980999999045935,1.8645999999046694,3.9487000000476655,8.612600000143004,6.114499999999964,0.8995999999046376,1.098900000095398,6.414500000000032,6.898099999904673,6.430899999856933,0.9487000000477224,1.132799999952283,1.066000000000031,0.83299999999997,1.833200000047782,0.9997000000475964,2.3490000000000464,4.748900000095318,1.1489000000954093,30.42379999995228,1.0994000000953292,0.8333999998569652,0.7998999998569616,3.697899999856986,0.8659000000953938,4.21449999999993,1.616299999952389,2.4658999998569016,2.6323999998569434,1.6828000001906958,1.0831000001430766,3.4322000000477146,1.0824000000953902,2.2153999998569134,10.512399999856939,11.59610000014311,7.848400000095353,0.9331000001430994,3.8319999999999936,2.7998999998569616,3.898599999904718,0.8497999999523245,1.8168000001907103,0.816799999952309,1.8989000000952956,0.948500000000081,0.9315000000000282,0.8326999998091651,5.931299999952216]","[5.7980999999045935,1.8645999999046694,3.9487000000476655,8.612600000143004,6.114499999999964,0.8997000000476874,1.098900000095398,6.414500000000032,6.898099999904673,6.430999999999983,0.9487000000477224,1.1329999999999814,1.0661000001430239,0.83299999999997,1.833200000047782,0.9997999999523017,2.3491000001430393,4.749000000000024,1.1489000000954093,30.423900000095387,1.0994000000953292,0.8333999998569652,0.7998999998569616,3.697999999999979,0.8659999999999854,4.21449999999993,1.6163999998569807,2.4658999998569016,2.6323999998569434,1.682900000095401,1.0831000001430766,3.4322000000477146,1.0824999999999818,2.2153999998569134,10.512500000000045,11.596200000047702,7.848400000095353,0.933200000047691,3.8320999999045853,2.7998999998569616,3.898700000047711,0.8498999998570298,1.8170000000000073,0.816900000095302,1.899000000000001,0.948500000000081,0.9316000001431348,0.832799999952158,5.931399999856922]",,,0.0,92.0,92.0,26.0,1.0,vrouw,vvrouw,question_vocal.png,im_mouth.png,,,,,,
,,,538741,1,21,2023-09-29_12h32.28.399,flesh_expressibility_dutch,2022.2.4,Win32,60.70908208,,,,18.0,1.0,Nederlands,,,,,,Engels,2.0,Duits,1.0,,0.0,,0.0,,0.0,,0.0,,0.0,,0.0,NL,3.0,2.0,2.0,1.0,,sensorypref1,sensorypref2,1280.0,720.0,,,,,,,,,,,,,,,,,,,,,,,,,,,,,,,,,,,22.0,1044.3684,49.0,"[5.7980999999045935,1.8645999999046694,3.9487000000476655,8.612600000143004,6.114499999999964,0.8995999999046376,1.098900000095398,6.414500000000032,6.898099999904673,6.430899999856933,0.9487000000477224,1.132799999952283,1.066000000000031,0.83299999999997,1.833200000047782,0.9997000000475964,2.3490000000000464,4.748900000095318,1.1489000000954093,30.42379999995228,1.0994000000953292,0.8333999998569652,0.7998999998569616,3.697899999856986,0.8659000000953938,4.21449999999993,1.616299999952389,2.4658999998569016,2.6323999998569434,1.6828000001906958,1.0831000001430766,3.4322000000477146,1.0824000000953902,2.2153999998569134,10.512399999856939,11.59610000014311,7.848400000095353,0.9331000001430994,3.8319999999999936,2.7998999998569616,3.898599999904718,0.8497999999523245,1.8168000001907103,0.816799999952309,1.8989000000952956,0.948500000000081,0.9315000000000282,0.8326999998091651,5.931299999952216]","[5.7980999999045935,1.8645999999046694,3.9487000000476655,8.612600000143004,6.114499999999964,0.8997000000476874,1.098900000095398,6.414500000000032,6.898099999904673,6.430999999999983,0.9487000000477224,1.1329999999999814,1.0661000001430239,0.83299999999997,1.833200000047782,0.9997999999523017,2.3491000001430393,4.749000000000024,1.1489000000954093,30.423900000095387,1.0994000000953292,0.8333999998569652,0.7998999998569616,3.697999999999979,0.8659999999999854,4.21449999999993,1.6163999998569807,2.4658999998569016,2.6323999998569434,1.682900000095401,1.0831000001430766,3.4322000000477146,1.0824999999999818,2.2153999998569134,10.512500000000045,11.596200000047702,7.848400000095353,0.933200000047691,3.8320999999045853,2.7998999998569616,3.898700000047711,0.8498999998570298,1.8170000000000073,0.816900000095302,1.899000000000001,0.948500000000081,0.9316000001431348,0.832799999952158,5.931399999856922]",,,0.0,93.0,93.0,19.0,1.0,misschien,vmisschien,question_vocal.png,im_mouth.png,,,,,,
,,,538741,1,21,2023-09-29_12h32.28.399,flesh_expressibility_dutch,2022.2.4,Win32,60.70908208,,,,18.0,1.0,Nederlands,,,,,,Engels,2.0,Duits,1.0,,0.0,,0.0,,0.0,,0.0,,0.0,,0.0,NL,3.0,2.0,2.0,1.0,,sensorypref1,sensorypref2,1280.0,720.0,,,,,,,,,,,,,,,,,,,,,,,,,,,,,,,,,,,22.0,1045.4026,49.0,"[5.7980999999045935,1.8645999999046694,3.9487000000476655,8.612600000143004,6.114499999999964,0.8995999999046376,1.098900000095398,6.414500000000032,6.898099999904673,6.430899999856933,0.9487000000477224,1.132799999952283,1.066000000000031,0.83299999999997,1.833200000047782,0.9997000000475964,2.3490000000000464,4.748900000095318,1.1489000000954093,30.42379999995228,1.0994000000953292,0.8333999998569652,0.7998999998569616,3.697899999856986,0.8659000000953938,4.21449999999993,1.616299999952389,2.4658999998569016,2.6323999998569434,1.6828000001906958,1.0831000001430766,3.4322000000477146,1.0824000000953902,2.2153999998569134,10.512399999856939,11.59610000014311,7.848400000095353,0.9331000001430994,3.8319999999999936,2.7998999998569616,3.898599999904718,0.8497999999523245,1.8168000001907103,0.816799999952309,1.8989000000952956,0.948500000000081,0.9315000000000282,0.8326999998091651,5.931299999952216]","[5.7980999999045935,1.8645999999046694,3.9487000000476655,8.612600000143004,6.114499999999964,0.8997000000476874,1.098900000095398,6.414500000000032,6.898099999904673,6.430999999999983,0.9487000000477224,1.1329999999999814,1.0661000001430239,0.83299999999997,1.833200000047782,0.9997999999523017,2.3491000001430393,4.749000000000024,1.1489000000954093,30.423900000095387,1.0994000000953292,0.8333999998569652,0.7998999998569616,3.697999999999979,0.8659999999999854,4.21449999999993,1.6163999998569807,2.4658999998569016,2.6323999998569434,1.682900000095401,1.0831000001430766,3.4322000000477146,1.0824999999999818,2.2153999998569134,10.512500000000045,11.596200000047702,7.848400000095353,0.933200000047691,3.8320999999045853,2.7998999998569616,3.898700000047711,0.8498999998570298,1.8170000000000073,0.816900000095302,1.899000000000001,0.948500000000081,0.9316000001431348,0.832799999952158,5.931399999856922]",,,0.0,94.0,94.0,153.0,1.0,lachen,vlachen,question_vocal.png,im_mouth.png,,,,,,
,,,538741,1,21,2023-09-29_12h32.28.399,flesh_expressibility_dutch,2022.2.4,Win32,60.70908208,,,,18.0,1.0,Nederlands,,,,,,Engels,2.0,Duits,1.0,,0.0,,0.0,,0.0,,0.0,,0.0,,0.0,NL,3.0,2.0,2.0,1.0,,sensorypref1,sensorypref2,1280.0,720.0,,,,,,,,,,,,,,,,,,,,,,,,,,,,,,,,,,,22.0,1046.3913,49.0,"[5.7980999999045935,1.8645999999046694,3.9487000000476655,8.612600000143004,6.114499999999964,0.8995999999046376,1.098900000095398,6.414500000000032,6.898099999904673,6.430899999856933,0.9487000000477224,1.132799999952283,1.066000000000031,0.83299999999997,1.833200000047782,0.9997000000475964,2.3490000000000464,4.748900000095318,1.1489000000954093,30.42379999995228,1.0994000000953292,0.8333999998569652,0.7998999998569616,3.697899999856986,0.8659000000953938,4.21449999999993,1.616299999952389,2.4658999998569016,2.6323999998569434,1.6828000001906958,1.0831000001430766,3.4322000000477146,1.0824000000953902,2.2153999998569134,10.512399999856939,11.59610000014311,7.848400000095353,0.9331000001430994,3.8319999999999936,2.7998999998569616,3.898599999904718,0.8497999999523245,1.8168000001907103,0.816799999952309,1.8989000000952956,0.948500000000081,0.9315000000000282,0.8326999998091651,5.931299999952216]","[5.7980999999045935,1.8645999999046694,3.9487000000476655,8.612600000143004,6.114499999999964,0.8997000000476874,1.098900000095398,6.414500000000032,6.898099999904673,6.430999999999983,0.9487000000477224,1.1329999999999814,1.0661000001430239,0.83299999999997,1.833200000047782,0.9997999999523017,2.3491000001430393,4.749000000000024,1.1489000000954093,30.423900000095387,1.0994000000953292,0.8333999998569652,0.7998999998569616,3.697999999999979,0.8659999999999854,4.21449999999993,1.6163999998569807,2.4658999998569016,2.6323999998569434,1.682900000095401,1.0831000001430766,3.4322000000477146,1.0824999999999818,2.2153999998569134,10.512500000000045,11.596200000047702,7.848400000095353,0.933200000047691,3.8320999999045853,2.7998999998569616,3.898700000047711,0.8498999998570298,1.8170000000000073,0.816900000095302,1.899000000000001,0.948500000000081,0.9316000001431348,0.832799999952158,5.931399999856922]",,,0.0,95.0,95.0,185.0,1.0,in,vin,question_vocal.png,im_mouth.png,,,,,,
,,,538741,1,21,2023-09-29_12h32.28.399,flesh_expressibility_dutch,2022.2.4,Win32,60.70908208,,,,18.0,1.0,Nederlands,,,,,,Engels,2.0,Duits,1.0,,0.0,,0.0,,0.0,,0.0,,0.0,,0.0,NL,3.0,2.0,2.0,1.0,,sensorypref1,sensorypref2,1280.0,720.0,,,,,,,,,,,,,,,,,,,,,,,,,,,,,,,,,,,22.0,1047.451,49.0,"[5.7980999999045935,1.8645999999046694,3.9487000000476655,8.612600000143004,6.114499999999964,0.8995999999046376,1.098900000095398,6.414500000000032,6.898099999904673,6.430899999856933,0.9487000000477224,1.132799999952283,1.066000000000031,0.83299999999997,1.833200000047782,0.9997000000475964,2.3490000000000464,4.748900000095318,1.1489000000954093,30.42379999995228,1.0994000000953292,0.8333999998569652,0.7998999998569616,3.697899999856986,0.8659000000953938,4.21449999999993,1.616299999952389,2.4658999998569016,2.6323999998569434,1.6828000001906958,1.0831000001430766,3.4322000000477146,1.0824000000953902,2.2153999998569134,10.512399999856939,11.59610000014311,7.848400000095353,0.9331000001430994,3.8319999999999936,2.7998999998569616,3.898599999904718,0.8497999999523245,1.8168000001907103,0.816799999952309,1.8989000000952956,0.948500000000081,0.9315000000000282,0.8326999998091651,5.931299999952216]","[5.7980999999045935,1.8645999999046694,3.9487000000476655,8.612600000143004,6.114499999999964,0.8997000000476874,1.098900000095398,6.414500000000032,6.898099999904673,6.430999999999983,0.9487000000477224,1.1329999999999814,1.0661000001430239,0.83299999999997,1.833200000047782,0.9997999999523017,2.3491000001430393,4.749000000000024,1.1489000000954093,30.423900000095387,1.0994000000953292,0.8333999998569652,0.7998999998569616,3.697999999999979,0.8659999999999854,4.21449999999993,1.6163999998569807,2.4658999998569016,2.6323999998569434,1.682900000095401,1.0831000001430766,3.4322000000477146,1.0824999999999818,2.2153999998569134,10.512500000000045,11.596200000047702,7.848400000095353,0.933200000047691,3.8320999999045853,2.7998999998569616,3.898700000047711,0.8498999998570298,1.8170000000000073,0.816900000095302,1.899000000000001,0.948500000000081,0.9316000001431348,0.832799999952158,5.931399999856922]",,,0.0,96.0,96.0,141.0,1.0,dragen,vdragen,question_vocal.png,im_mouth.png,,,,,,
,,,538741,1,21,2023-09-29_12h32.28.399,flesh_expressibility_dutch,2022.2.4,Win32,60.70908208,,,,18.0,1.0,Nederlands,,,,,,Engels,2.0,Duits,1.0,,0.0,,0.0,,0.0,,0.0,,0.0,,0.0,NL,3.0,2.0,2.0,1.0,,sensorypref1,sensorypref2,1280.0,720.0,,,,,,,,,,,,,,,,,,,,,,,,,,,,,,,,,,,22.0,1048.5468,49.0,"[5.7980999999045935,1.8645999999046694,3.9487000000476655,8.612600000143004,6.114499999999964,0.8995999999046376,1.098900000095398,6.414500000000032,6.898099999904673,6.430899999856933,0.9487000000477224,1.132799999952283,1.066000000000031,0.83299999999997,1.833200000047782,0.9997000000475964,2.3490000000000464,4.748900000095318,1.1489000000954093,30.42379999995228,1.0994000000953292,0.8333999998569652,0.7998999998569616,3.697899999856986,0.8659000000953938,4.21449999999993,1.616299999952389,2.4658999998569016,2.6323999998569434,1.6828000001906958,1.0831000001430766,3.4322000000477146,1.0824000000953902,2.2153999998569134,10.512399999856939,11.59610000014311,7.848400000095353,0.9331000001430994,3.8319999999999936,2.7998999998569616,3.898599999904718,0.8497999999523245,1.8168000001907103,0.816799999952309,1.8989000000952956,0.948500000000081,0.9315000000000282,0.8326999998091651,5.931299999952216]","[5.7980999999045935,1.8645999999046694,3.9487000000476655,8.612600000143004,6.114499999999964,0.8997000000476874,1.098900000095398,6.414500000000032,6.898099999904673,6.430999999999983,0.9487000000477224,1.1329999999999814,1.0661000001430239,0.83299999999997,1.833200000047782,0.9997999999523017,2.3491000001430393,4.749000000000024,1.1489000000954093,30.423900000095387,1.0994000000953292,0.8333999998569652,0.7998999998569616,3.697999999999979,0.8659999999999854,4.21449999999993,1.6163999998569807,2.4658999998569016,2.6323999998569434,1.682900000095401,1.0831000001430766,3.4322000000477146,1.0824999999999818,2.2153999998569134,10.512500000000045,11.596200000047702,7.848400000095353,0.933200000047691,3.8320999999045853,2.7998999998569616,3.898700000047711,0.8498999998570298,1.8170000000000073,0.816900000095302,1.899000000000001,0.948500000000081,0.9316000001431348,0.832799999952158,5.931399999856922]",,,0.0,97.0,97.0,31.0,1.0,zwak,vzwak,question_vocal.png,im_mouth.png,,,,,,
,,,538741,1,21,2023-09-29_12h32.28.399,flesh_expressibility_dutch,2022.2.4,Win32,60.70908208,,,,18.0,1.0,Nederlands,,,,,,Engels,2.0,Duits,1.0,,0.0,,0.0,,0.0,,0.0,,0.0,,0.0,NL,3.0,2.0,2.0,1.0,,sensorypref1,sensorypref2,1280.0,720.0,,,,,,,,,,,,,,,,,,,,,,,,,,,,,,,,,,,22.0,1049.4704,49.0,"[5.7980999999045935,1.8645999999046694,3.9487000000476655,8.612600000143004,6.114499999999964,0.8995999999046376,1.098900000095398,6.414500000000032,6.898099999904673,6.430899999856933,0.9487000000477224,1.132799999952283,1.066000000000031,0.83299999999997,1.833200000047782,0.9997000000475964,2.3490000000000464,4.748900000095318,1.1489000000954093,30.42379999995228,1.0994000000953292,0.8333999998569652,0.7998999998569616,3.697899999856986,0.8659000000953938,4.21449999999993,1.616299999952389,2.4658999998569016,2.6323999998569434,1.6828000001906958,1.0831000001430766,3.4322000000477146,1.0824000000953902,2.2153999998569134,10.512399999856939,11.59610000014311,7.848400000095353,0.9331000001430994,3.8319999999999936,2.7998999998569616,3.898599999904718,0.8497999999523245,1.8168000001907103,0.816799999952309,1.8989000000952956,0.948500000000081,0.9315000000000282,0.8326999998091651,5.931299999952216]","[5.7980999999045935,1.8645999999046694,3.9487000000476655,8.612600000143004,6.114499999999964,0.8997000000476874,1.098900000095398,6.414500000000032,6.898099999904673,6.430999999999983,0.9487000000477224,1.1329999999999814,1.0661000001430239,0.83299999999997,1.833200000047782,0.9997999999523017,2.3491000001430393,4.749000000000024,1.1489000000954093,30.423900000095387,1.0994000000953292,0.8333999998569652,0.7998999998569616,3.697999999999979,0.8659999999999854,4.21449999999993,1.6163999998569807,2.4658999998569016,2.6323999998569434,1.682900000095401,1.0831000001430766,3.4322000000477146,1.0824999999999818,2.2153999998569134,10.512500000000045,11.596200000047702,7.848400000095353,0.933200000047691,3.8320999999045853,2.7998999998569616,3.898700000047711,0.8498999998570298,1.8170000000000073,0.816900000095302,1.899000000000001,0.948500000000081,0.9316000001431348,0.832799999952158,5.931399999856922]",,,0.0,98.0,98.0,16.0,1.0,alles,valles,question_vocal.png,im_mouth.png,,,,,,
,,,538741,1,21,2023-09-29_12h32.28.399,flesh_expressibility_dutch,2022.2.4,Win32,60.70908208,,,,18.0,1.0,Nederlands,,,,,,Engels,2.0,Duits,1.0,,0.0,,0.0,,0.0,,0.0,,0.0,,0.0,NL,3.0,2.0,2.0,1.0,,sensorypref1,sensorypref2,1280.0,720.0,,,,,,,,,,,,,,,,,,,,,,,,,,,,,,,,,,,22.0,1050.4652,49.0,"[5.7980999999045935,1.8645999999046694,3.9487000000476655,8.612600000143004,6.114499999999964,0.8995999999046376,1.098900000095398,6.414500000000032,6.898099999904673,6.430899999856933,0.9487000000477224,1.132799999952283,1.066000000000031,0.83299999999997,1.833200000047782,0.9997000000475964,2.3490000000000464,4.748900000095318,1.1489000000954093,30.42379999995228,1.0994000000953292,0.8333999998569652,0.7998999998569616,3.697899999856986,0.8659000000953938,4.21449999999993,1.616299999952389,2.4658999998569016,2.6323999998569434,1.6828000001906958,1.0831000001430766,3.4322000000477146,1.0824000000953902,2.2153999998569134,10.512399999856939,11.59610000014311,7.848400000095353,0.9331000001430994,3.8319999999999936,2.7998999998569616,3.898599999904718,0.8497999999523245,1.8168000001907103,0.816799999952309,1.8989000000952956,0.948500000000081,0.9315000000000282,0.8326999998091651,5.931299999952216]","[5.7980999999045935,1.8645999999046694,3.9487000000476655,8.612600000143004,6.114499999999964,0.8997000000476874,1.098900000095398,6.414500000000032,6.898099999904673,6.430999999999983,0.9487000000477224,1.1329999999999814,1.0661000001430239,0.83299999999997,1.833200000047782,0.9997999999523017,2.3491000001430393,4.749000000000024,1.1489000000954093,30.423900000095387,1.0994000000953292,0.8333999998569652,0.7998999998569616,3.697999999999979,0.8659999999999854,4.21449999999993,1.6163999998569807,2.4658999998569016,2.6323999998569434,1.682900000095401,1.0831000001430766,3.4322000000477146,1.0824999999999818,2.2153999998569134,10.512500000000045,11.596200000047702,7.848400000095353,0.933200000047691,3.8320999999045853,2.7998999998569616,3.898700000047711,0.8498999998570298,1.8170000000000073,0.816900000095302,1.899000000000001,0.948500000000081,0.9316000001431348,0.832799999952158,5.931399999856922]",,,0.0,99.0,99.0,78.0,1.0,wit,vwit,question_vocal.png,im_mouth.png,,,,,,
,,,538741,1,21,2023-09-29_12h32.28.399,flesh_expressibility_dutch,2022.2.4,Win32,60.70908208,,,,18.0,1.0,Nederlands,,,,,,Engels,2.0,Duits,1.0,,0.0,,0.0,,0.0,,0.0,,0.0,,0.0,NL,3.0,2.0,2.0,1.0,,sensorypref1,sensorypref2,1280.0,720.0,,,,,,,,,,,,,,,,,,,,,,,,,,,,,,,,,,,22.0,1051.4707,49.0,"[5.7980999999045935,1.8645999999046694,3.9487000000476655,8.612600000143004,6.114499999999964,0.8995999999046376,1.098900000095398,6.414500000000032,6.898099999904673,6.430899999856933,0.9487000000477224,1.132799999952283,1.066000000000031,0.83299999999997,1.833200000047782,0.9997000000475964,2.3490000000000464,4.748900000095318,1.1489000000954093,30.42379999995228,1.0994000000953292,0.8333999998569652,0.7998999998569616,3.697899999856986,0.8659000000953938,4.21449999999993,1.616299999952389,2.4658999998569016,2.6323999998569434,1.6828000001906958,1.0831000001430766,3.4322000000477146,1.0824000000953902,2.2153999998569134,10.512399999856939,11.59610000014311,7.848400000095353,0.9331000001430994,3.8319999999999936,2.7998999998569616,3.898599999904718,0.8497999999523245,1.8168000001907103,0.816799999952309,1.8989000000952956,0.948500000000081,0.9315000000000282,0.8326999998091651,5.931299999952216]","[5.7980999999045935,1.8645999999046694,3.9487000000476655,8.612600000143004,6.114499999999964,0.8997000000476874,1.098900000095398,6.414500000000032,6.898099999904673,6.430999999999983,0.9487000000477224,1.1329999999999814,1.0661000001430239,0.83299999999997,1.833200000047782,0.9997999999523017,2.3491000001430393,4.749000000000024,1.1489000000954093,30.423900000095387,1.0994000000953292,0.8333999998569652,0.7998999998569616,3.697999999999979,0.8659999999999854,4.21449999999993,1.6163999998569807,2.4658999998569016,2.6323999998569434,1.682900000095401,1.0831000001430766,3.4322000000477146,1.0824999999999818,2.2153999998569134,10.512500000000045,11.596200000047702,7.848400000095353,0.933200000047691,3.8320999999045853,2.7998999998569616,3.898700000047711,0.8498999998570298,1.8170000000000073,0.816900000095302,1.899000000000001,0.948500000000081,0.9316000001431348,0.832799999952158,5.931399999856922]",,,0.0,100.0,100.0,122.0,1.0,lever,vlever,question_vocal.png,im_mouth.png,,,,,,
,,,538741,1,21,2023-09-29_12h32.28.399,flesh_expressibility_dutch,2022.2.4,Win32,60.70908208,,,,18.0,1.0,Nederlands,,,,,,Engels,2.0,Duits,1.0,,0.0,,0.0,,0.0,,0.0,,0.0,,0.0,NL,3.0,2.0,2.0,1.0,,sensorypref1,sensorypref2,1280.0,720.0,,,,,,,,,,,,,,,,,,,,,,,,,,,,,,,,,,,22.0,1052.5324,49.0,"[5.7980999999045935,1.8645999999046694,3.9487000000476655,8.612600000143004,6.114499999999964,0.8995999999046376,1.098900000095398,6.414500000000032,6.898099999904673,6.430899999856933,0.9487000000477224,1.132799999952283,1.066000000000031,0.83299999999997,1.833200000047782,0.9997000000475964,2.3490000000000464,4.748900000095318,1.1489000000954093,30.42379999995228,1.0994000000953292,0.8333999998569652,0.7998999998569616,3.697899999856986,0.8659000000953938,4.21449999999993,1.616299999952389,2.4658999998569016,2.6323999998569434,1.6828000001906958,1.0831000001430766,3.4322000000477146,1.0824000000953902,2.2153999998569134,10.512399999856939,11.59610000014311,7.848400000095353,0.9331000001430994,3.8319999999999936,2.7998999998569616,3.898599999904718,0.8497999999523245,1.8168000001907103,0.816799999952309,1.8989000000952956,0.948500000000081,0.9315000000000282,0.8326999998091651,5.931299999952216]","[5.7980999999045935,1.8645999999046694,3.9487000000476655,8.612600000143004,6.114499999999964,0.8997000000476874,1.098900000095398,6.414500000000032,6.898099999904673,6.430999999999983,0.9487000000477224,1.1329999999999814,1.0661000001430239,0.83299999999997,1.833200000047782,0.9997999999523017,2.3491000001430393,4.749000000000024,1.1489000000954093,30.423900000095387,1.0994000000953292,0.8333999998569652,0.7998999998569616,3.697999999999979,0.8659999999999854,4.21449999999993,1.6163999998569807,2.4658999998569016,2.6323999998569434,1.682900000095401,1.0831000001430766,3.4322000000477146,1.0824999999999818,2.2153999998569134,10.512500000000045,11.596200000047702,7.848400000095353,0.933200000047691,3.8320999999045853,2.7998999998569616,3.898700000047711,0.8498999998570298,1.8170000000000073,0.816900000095302,1.899000000000001,0.948500000000081,0.9316000001431348,0.832799999952158,5.931399999856922]",,,0.0,101.0,101.0,40.0,1.0,bang,vbang,question_vocal.png,im_mouth.png,,,,,,
,,,538741,1,21,2023-09-29_12h32.28.399,flesh_expressibility_dutch,2022.2.4,Win32,60.70908208,,,,18.0,1.0,Nederlands,,,,,,Engels,2.0,Duits,1.0,,0.0,,0.0,,0.0,,0.0,,0.0,,0.0,NL,3.0,2.0,2.0,1.0,,sensorypref1,sensorypref2,1280.0,720.0,,,,,,,,,,,,,,,,,,,,,,,,,,,,,,,,,,,22.0,1053.5468,49.0,"[5.7980999999045935,1.8645999999046694,3.9487000000476655,8.612600000143004,6.114499999999964,0.8995999999046376,1.098900000095398,6.414500000000032,6.898099999904673,6.430899999856933,0.9487000000477224,1.132799999952283,1.066000000000031,0.83299999999997,1.833200000047782,0.9997000000475964,2.3490000000000464,4.748900000095318,1.1489000000954093,30.42379999995228,1.0994000000953292,0.8333999998569652,0.7998999998569616,3.697899999856986,0.8659000000953938,4.21449999999993,1.616299999952389,2.4658999998569016,2.6323999998569434,1.6828000001906958,1.0831000001430766,3.4322000000477146,1.0824000000953902,2.2153999998569134,10.512399999856939,11.59610000014311,7.848400000095353,0.9331000001430994,3.8319999999999936,2.7998999998569616,3.898599999904718,0.8497999999523245,1.8168000001907103,0.816799999952309,1.8989000000952956,0.948500000000081,0.9315000000000282,0.8326999998091651,5.931299999952216]","[5.7980999999045935,1.8645999999046694,3.9487000000476655,8.612600000143004,6.114499999999964,0.8997000000476874,1.098900000095398,6.414500000000032,6.898099999904673,6.430999999999983,0.9487000000477224,1.1329999999999814,1.0661000001430239,0.83299999999997,1.833200000047782,0.9997999999523017,2.3491000001430393,4.749000000000024,1.1489000000954093,30.423900000095387,1.0994000000953292,0.8333999998569652,0.7998999998569616,3.697999999999979,0.8659999999999854,4.21449999999993,1.6163999998569807,2.4658999998569016,2.6323999998569434,1.682900000095401,1.0831000001430766,3.4322000000477146,1.0824999999999818,2.2153999998569134,10.512500000000045,11.596200000047702,7.848400000095353,0.933200000047691,3.8320999999045853,2.7998999998569616,3.898700000047711,0.8498999998570298,1.8170000000000073,0.816900000095302,1.899000000000001,0.948500000000081,0.9316000001431348,0.832799999952158,5.931399999856922]",,,0.0,102.0,102.0,200.0,1.0,oud,voud,question_vocal.png,im_mouth.png,,,,,,
,,,538741,1,21,2023-09-29_12h32.28.399,flesh_expressibility_dutch,2022.2.4,Win32,60.70908208,,,,18.0,1.0,Nederlands,,,,,,Engels,2.0,Duits,1.0,,0.0,,0.0,,0.0,,0.0,,0.0,,0.0,NL,3.0,2.0,2.0,1.0,,sensorypref1,sensorypref2,1280.0,720.0,,,,,,,,,,,,,,,,,,,,,,,,,,,,,,,,,,,21.0,1054.5243,50.0,"[5.7980999999045935,1.8645999999046694,3.9487000000476655,8.612600000143004,6.114499999999964,0.8995999999046376,1.098900000095398,6.414500000000032,6.898099999904673,6.430899999856933,0.9487000000477224,1.132799999952283,1.066000000000031,0.83299999999997,1.833200000047782,0.9997000000475964,2.3490000000000464,4.748900000095318,1.1489000000954093,30.42379999995228,1.0994000000953292,0.8333999998569652,0.7998999998569616,3.697899999856986,0.8659000000953938,4.21449999999993,1.616299999952389,2.4658999998569016,2.6323999998569434,1.6828000001906958,1.0831000001430766,3.4322000000477146,1.0824000000953902,2.2153999998569134,10.512399999856939,11.59610000014311,7.848400000095353,0.9331000001430994,3.8319999999999936,2.7998999998569616,3.898599999904718,0.8497999999523245,1.8168000001907103,0.816799999952309,1.8989000000952956,0.948500000000081,0.9315000000000282,0.8326999998091651,5.931299999952216,0.8506000001430039]","[5.7980999999045935,1.8645999999046694,3.9487000000476655,8.612600000143004,6.114499999999964,0.8997000000476874,1.098900000095398,6.414500000000032,6.898099999904673,6.430999999999983,0.9487000000477224,1.1329999999999814,1.0661000001430239,0.83299999999997,1.833200000047782,0.9997999999523017,2.3491000001430393,4.749000000000024,1.1489000000954093,30.423900000095387,1.0994000000953292,0.8333999998569652,0.7998999998569616,3.697999999999979,0.8659999999999854,4.21449999999993,1.6163999998569807,2.4658999998569016,2.6323999998569434,1.682900000095401,1.0831000001430766,3.4322000000477146,1.0824999999999818,2.2153999998569134,10.512500000000045,11.596200000047702,7.848400000095353,0.933200000047691,3.8320999999045853,2.7998999998569616,3.898700000047711,0.8498999998570298,1.8170000000000073,0.816900000095302,1.899000000000001,0.948500000000081,0.9316000001431348,0.832799999952158,5.931399999856922,0.8506000001430039]",-0.959259203,4.103,0.0,103.0,103.0,93.0,1.0,kleding,vkleding,question_vocal.png,im_mouth.png,,,,,,
,,,538741,1,21,2023-09-29_12h32.28.399,flesh_expressibility_dutch,2022.2.4,Win32,60.70908208,,,,18.0,1.0,Nederlands,,,,,,Engels,2.0,Duits,1.0,,0.0,,0.0,,0.0,,0.0,,0.0,,0.0,NL,3.0,2.0,2.0,1.0,,sensorypref1,sensorypref2,1280.0,720.0,,,,,,,,,,,,,,,,,,,,,,,,,,,,,,,,,,,22.0,1059.2856,50.0,"[5.7980999999045935,1.8645999999046694,3.9487000000476655,8.612600000143004,6.114499999999964,0.8995999999046376,1.098900000095398,6.414500000000032,6.898099999904673,6.430899999856933,0.9487000000477224,1.132799999952283,1.066000000000031,0.83299999999997,1.833200000047782,0.9997000000475964,2.3490000000000464,4.748900000095318,1.1489000000954093,30.42379999995228,1.0994000000953292,0.8333999998569652,0.7998999998569616,3.697899999856986,0.8659000000953938,4.21449999999993,1.616299999952389,2.4658999998569016,2.6323999998569434,1.6828000001906958,1.0831000001430766,3.4322000000477146,1.0824000000953902,2.2153999998569134,10.512399999856939,11.59610000014311,7.848400000095353,0.9331000001430994,3.8319999999999936,2.7998999998569616,3.898599999904718,0.8497999999523245,1.8168000001907103,0.816799999952309,1.8989000000952956,0.948500000000081,0.9315000000000282,0.8326999998091651,5.931299999952216,0.8506000001430039]","[5.7980999999045935,1.8645999999046694,3.9487000000476655,8.612600000143004,6.114499999999964,0.8997000000476874,1.098900000095398,6.414500000000032,6.898099999904673,6.430999999999983,0.9487000000477224,1.1329999999999814,1.0661000001430239,0.83299999999997,1.833200000047782,0.9997999999523017,2.3491000001430393,4.749000000000024,1.1489000000954093,30.423900000095387,1.0994000000953292,0.8333999998569652,0.7998999998569616,3.697999999999979,0.8659999999999854,4.21449999999993,1.6163999998569807,2.4658999998569016,2.6323999998569434,1.682900000095401,1.0831000001430766,3.4322000000477146,1.0824999999999818,2.2153999998569134,10.512500000000045,11.596200000047702,7.848400000095353,0.933200000047691,3.8320999999045853,2.7998999998569616,3.898700000047711,0.8498999998570298,1.8170000000000073,0.816900000095302,1.899000000000001,0.948500000000081,0.9316000001431348,0.832799999952158,5.931399999856922,0.8506000001430039]",,,0.0,104.0,104.0,48.0,1.0,vliegen,vvliegen,question_vocal.png,im_mouth.png,,,,,,
,,,538741,1,21,2023-09-29_12h32.28.399,flesh_expressibility_dutch,2022.2.4,Win32,60.70908208,,,,18.0,1.0,Nederlands,,,,,,Engels,2.0,Duits,1.0,,0.0,,0.0,,0.0,,0.0,,0.0,,0.0,NL,3.0,2.0,2.0,1.0,,sensorypref1,sensorypref2,1280.0,720.0,,,,,,,,,,,,,,,,,,,,,,,,,,,,,,,,,,,22.0,1060.3509,50.0,"[5.7980999999045935,1.8645999999046694,3.9487000000476655,8.612600000143004,6.114499999999964,0.8995999999046376,1.098900000095398,6.414500000000032,6.898099999904673,6.430899999856933,0.9487000000477224,1.132799999952283,1.066000000000031,0.83299999999997,1.833200000047782,0.9997000000475964,2.3490000000000464,4.748900000095318,1.1489000000954093,30.42379999995228,1.0994000000953292,0.8333999998569652,0.7998999998569616,3.697899999856986,0.8659000000953938,4.21449999999993,1.616299999952389,2.4658999998569016,2.6323999998569434,1.6828000001906958,1.0831000001430766,3.4322000000477146,1.0824000000953902,2.2153999998569134,10.512399999856939,11.59610000014311,7.848400000095353,0.9331000001430994,3.8319999999999936,2.7998999998569616,3.898599999904718,0.8497999999523245,1.8168000001907103,0.816799999952309,1.8989000000952956,0.948500000000081,0.9315000000000282,0.8326999998091651,5.931299999952216,0.8506000001430039]","[5.7980999999045935,1.8645999999046694,3.9487000000476655,8.612600000143004,6.114499999999964,0.8997000000476874,1.098900000095398,6.414500000000032,6.898099999904673,6.430999999999983,0.9487000000477224,1.1329999999999814,1.0661000001430239,0.83299999999997,1.833200000047782,0.9997999999523017,2.3491000001430393,4.749000000000024,1.1489000000954093,30.423900000095387,1.0994000000953292,0.8333999998569652,0.7998999998569616,3.697999999999979,0.8659999999999854,4.21449999999993,1.6163999998569807,2.4658999998569016,2.6323999998569434,1.682900000095401,1.0831000001430766,3.4322000000477146,1.0824999999999818,2.2153999998569134,10.512500000000045,11.596200000047702,7.848400000095353,0.933200000047691,3.8320999999045853,2.7998999998569616,3.898700000047711,0.8498999998570298,1.8170000000000073,0.816900000095302,1.899000000000001,0.948500000000081,0.9316000001431348,0.832799999952158,5.931399999856922,0.8506000001430039]",,,0.0,105.0,105.0,7.0,1.0,kauwen,vkauwen,question_vocal.png,im_mouth.png,,,,,,
,,,538741,1,21,2023-09-29_12h32.28.399,flesh_expressibility_dutch,2022.2.4,Win32,60.70908208,,,,18.0,1.0,Nederlands,,,,,,Engels,2.0,Duits,1.0,,0.0,,0.0,,0.0,,0.0,,0.0,,0.0,NL,3.0,2.0,2.0,1.0,,sensorypref1,sensorypref2,1280.0,720.0,,,,,,,,,,,,,,,,,,,,,,,,,,,,,,,,,,,22.0,1061.3451,50.0,"[5.7980999999045935,1.8645999999046694,3.9487000000476655,8.612600000143004,6.114499999999964,0.8995999999046376,1.098900000095398,6.414500000000032,6.898099999904673,6.430899999856933,0.9487000000477224,1.132799999952283,1.066000000000031,0.83299999999997,1.833200000047782,0.9997000000475964,2.3490000000000464,4.748900000095318,1.1489000000954093,30.42379999995228,1.0994000000953292,0.8333999998569652,0.7998999998569616,3.697899999856986,0.8659000000953938,4.21449999999993,1.616299999952389,2.4658999998569016,2.6323999998569434,1.6828000001906958,1.0831000001430766,3.4322000000477146,1.0824000000953902,2.2153999998569134,10.512399999856939,11.59610000014311,7.848400000095353,0.9331000001430994,3.8319999999999936,2.7998999998569616,3.898599999904718,0.8497999999523245,1.8168000001907103,0.816799999952309,1.8989000000952956,0.948500000000081,0.9315000000000282,0.8326999998091651,5.931299999952216,0.8506000001430039]","[5.7980999999045935,1.8645999999046694,3.9487000000476655,8.612600000143004,6.114499999999964,0.8997000000476874,1.098900000095398,6.414500000000032,6.898099999904673,6.430999999999983,0.9487000000477224,1.1329999999999814,1.0661000001430239,0.83299999999997,1.833200000047782,0.9997999999523017,2.3491000001430393,4.749000000000024,1.1489000000954093,30.423900000095387,1.0994000000953292,0.8333999998569652,0.7998999998569616,3.697999999999979,0.8659999999999854,4.21449999999993,1.6163999998569807,2.4658999998569016,2.6323999998569434,1.682900000095401,1.0831000001430766,3.4322000000477146,1.0824999999999818,2.2153999998569134,10.512500000000045,11.596200000047702,7.848400000095353,0.933200000047691,3.8320999999045853,2.7998999998569616,3.898700000047711,0.8498999998570298,1.8170000000000073,0.816900000095302,1.899000000000001,0.948500000000081,0.9316000001431348,0.832799999952158,5.931399999856922,0.8506000001430039]",,,0.0,106.0,106.0,82.0,1.0,beneden,vbeneden,question_vocal.png,im_mouth.png,,,,,,
,,,538741,1,21,2023-09-29_12h32.28.399,flesh_expressibility_dutch,2022.2.4,Win32,60.70908208,,,,18.0,1.0,Nederlands,,,,,,Engels,2.0,Duits,1.0,,0.0,,0.0,,0.0,,0.0,,0.0,,0.0,NL,3.0,2.0,2.0,1.0,,sensorypref1,sensorypref2,1280.0,720.0,,,,,,,,,,,,,,,,,,,,,,,,,,,,,,,,,,,22.0,1062.3476,50.0,"[5.7980999999045935,1.8645999999046694,3.9487000000476655,8.612600000143004,6.114499999999964,0.8995999999046376,1.098900000095398,6.414500000000032,6.898099999904673,6.430899999856933,0.9487000000477224,1.132799999952283,1.066000000000031,0.83299999999997,1.833200000047782,0.9997000000475964,2.3490000000000464,4.748900000095318,1.1489000000954093,30.42379999995228,1.0994000000953292,0.8333999998569652,0.7998999998569616,3.697899999856986,0.8659000000953938,4.21449999999993,1.616299999952389,2.4658999998569016,2.6323999998569434,1.6828000001906958,1.0831000001430766,3.4322000000477146,1.0824000000953902,2.2153999998569134,10.512399999856939,11.59610000014311,7.848400000095353,0.9331000001430994,3.8319999999999936,2.7998999998569616,3.898599999904718,0.8497999999523245,1.8168000001907103,0.816799999952309,1.8989000000952956,0.948500000000081,0.9315000000000282,0.8326999998091651,5.931299999952216,0.8506000001430039]","[5.7980999999045935,1.8645999999046694,3.9487000000476655,8.612600000143004,6.114499999999964,0.8997000000476874,1.098900000095398,6.414500000000032,6.898099999904673,6.430999999999983,0.9487000000477224,1.1329999999999814,1.0661000001430239,0.83299999999997,1.833200000047782,0.9997999999523017,2.3491000001430393,4.749000000000024,1.1489000000954093,30.423900000095387,1.0994000000953292,0.8333999998569652,0.7998999998569616,3.697999999999979,0.8659999999999854,4.21449999999993,1.6163999998569807,2.4658999998569016,2.6323999998569434,1.682900000095401,1.0831000001430766,3.4322000000477146,1.0824999999999818,2.2153999998569134,10.512500000000045,11.596200000047702,7.848400000095353,0.933200000047691,3.8320999999045853,2.7998999998569616,3.898700000047711,0.8498999998570298,1.8170000000000073,0.816900000095302,1.899000000000001,0.948500000000081,0.9316000001431348,0.832799999952158,5.931399999856922,0.8506000001430039]",,,0.0,107.0,107.0,194.0,1.0,touw,vtouw,question_vocal.png,im_mouth.png,,,,,,
,,,538741,1,21,2023-09-29_12h32.28.399,flesh_expressibility_dutch,2022.2.4,Win32,60.70908208,,,,18.0,1.0,Nederlands,,,,,,Engels,2.0,Duits,1.0,,0.0,,0.0,,0.0,,0.0,,0.0,,0.0,NL,3.0,2.0,2.0,1.0,,sensorypref1,sensorypref2,1280.0,720.0,,,,,,,,,,,,,,,,,,,,,,,,,,,,,,,,,,,22.0,1063.3632,50.0,"[5.7980999999045935,1.8645999999046694,3.9487000000476655,8.612600000143004,6.114499999999964,0.8995999999046376,1.098900000095398,6.414500000000032,6.898099999904673,6.430899999856933,0.9487000000477224,1.132799999952283,1.066000000000031,0.83299999999997,1.833200000047782,0.9997000000475964,2.3490000000000464,4.748900000095318,1.1489000000954093,30.42379999995228,1.0994000000953292,0.8333999998569652,0.7998999998569616,3.697899999856986,0.8659000000953938,4.21449999999993,1.616299999952389,2.4658999998569016,2.6323999998569434,1.6828000001906958,1.0831000001430766,3.4322000000477146,1.0824000000953902,2.2153999998569134,10.512399999856939,11.59610000014311,7.848400000095353,0.9331000001430994,3.8319999999999936,2.7998999998569616,3.898599999904718,0.8497999999523245,1.8168000001907103,0.816799999952309,1.8989000000952956,0.948500000000081,0.9315000000000282,0.8326999998091651,5.931299999952216,0.8506000001430039]","[5.7980999999045935,1.8645999999046694,3.9487000000476655,8.612600000143004,6.114499999999964,0.8997000000476874,1.098900000095398,6.414500000000032,6.898099999904673,6.430999999999983,0.9487000000477224,1.1329999999999814,1.0661000001430239,0.83299999999997,1.833200000047782,0.9997999999523017,2.3491000001430393,4.749000000000024,1.1489000000954093,30.423900000095387,1.0994000000953292,0.8333999998569652,0.7998999998569616,3.697999999999979,0.8659999999999854,4.21449999999993,1.6163999998569807,2.4658999998569016,2.6323999998569434,1.682900000095401,1.0831000001430766,3.4322000000477146,1.0824999999999818,2.2153999998569134,10.512500000000045,11.596200000047702,7.848400000095353,0.933200000047691,3.8320999999045853,2.7998999998569616,3.898700000047711,0.8498999998570298,1.8170000000000073,0.816900000095302,1.899000000000001,0.948500000000081,0.9316000001431348,0.832799999952158,5.931399999856922,0.8506000001430039]",,,0.0,108.0,108.0,118.0,1.0,hoorn,vhoorn,question_vocal.png,im_mouth.png,,,,,,
,,,538741,1,21,2023-09-29_12h32.28.399,flesh_expressibility_dutch,2022.2.4,Win32,60.70908208,,,,18.0,1.0,Nederlands,,,,,,Engels,2.0,Duits,1.0,,0.0,,0.0,,0.0,,0.0,,0.0,,0.0,NL,3.0,2.0,2.0,1.0,,sensorypref1,sensorypref2,1280.0,720.0,,,,,,,,,,,,,,,,,,,,,,,,,,,,,,,,,,,22.0,1064.3952,50.0,"[5.7980999999045935,1.8645999999046694,3.9487000000476655,8.612600000143004,6.114499999999964,0.8995999999046376,1.098900000095398,6.414500000000032,6.898099999904673,6.430899999856933,0.9487000000477224,1.132799999952283,1.066000000000031,0.83299999999997,1.833200000047782,0.9997000000475964,2.3490000000000464,4.748900000095318,1.1489000000954093,30.42379999995228,1.0994000000953292,0.8333999998569652,0.7998999998569616,3.697899999856986,0.8659000000953938,4.21449999999993,1.616299999952389,2.4658999998569016,2.6323999998569434,1.6828000001906958,1.0831000001430766,3.4322000000477146,1.0824000000953902,2.2153999998569134,10.512399999856939,11.59610000014311,7.848400000095353,0.9331000001430994,3.8319999999999936,2.7998999998569616,3.898599999904718,0.8497999999523245,1.8168000001907103,0.816799999952309,1.8989000000952956,0.948500000000081,0.9315000000000282,0.8326999998091651,5.931299999952216,0.8506000001430039]","[5.7980999999045935,1.8645999999046694,3.9487000000476655,8.612600000143004,6.114499999999964,0.8997000000476874,1.098900000095398,6.414500000000032,6.898099999904673,6.430999999999983,0.9487000000477224,1.1329999999999814,1.0661000001430239,0.83299999999997,1.833200000047782,0.9997999999523017,2.3491000001430393,4.749000000000024,1.1489000000954093,30.423900000095387,1.0994000000953292,0.8333999998569652,0.7998999998569616,3.697999999999979,0.8659999999999854,4.21449999999993,1.6163999998569807,2.4658999998569016,2.6323999998569434,1.682900000095401,1.0831000001430766,3.4322000000477146,1.0824999999999818,2.2153999998569134,10.512500000000045,11.596200000047702,7.848400000095353,0.933200000047691,3.8320999999045853,2.7998999998569616,3.898700000047711,0.8498999998570298,1.8170000000000073,0.816900000095302,1.899000000000001,0.948500000000081,0.9316000001431348,0.832799999952158,5.931399999856922,0.8506000001430039]",,,0.0,109.0,109.0,61.0,1.0,laag (ruimtelijk),vlaag (ruimtelijk),question_vocal.png,im_mouth.png,,,,,,
,,,538741,1,21,2023-09-29_12h32.28.399,flesh_expressibility_dutch,2022.2.4,Win32,60.70908208,,,,18.0,1.0,Nederlands,,,,,,Engels,2.0,Duits,1.0,,0.0,,0.0,,0.0,,0.0,,0.0,,0.0,NL,3.0,2.0,2.0,1.0,,sensorypref1,sensorypref2,1280.0,720.0,,,,,,,,,,,,,,,,,,,,,,,,,,,,,,,,,,,21.0,1065.4319,51.0,"[5.7980999999045935,1.8645999999046694,3.9487000000476655,8.612600000143004,6.114499999999964,0.8995999999046376,1.098900000095398,6.414500000000032,6.898099999904673,6.430899999856933,0.9487000000477224,1.132799999952283,1.066000000000031,0.83299999999997,1.833200000047782,0.9997000000475964,2.3490000000000464,4.748900000095318,1.1489000000954093,30.42379999995228,1.0994000000953292,0.8333999998569652,0.7998999998569616,3.697899999856986,0.8659000000953938,4.21449999999993,1.616299999952389,2.4658999998569016,2.6323999998569434,1.6828000001906958,1.0831000001430766,3.4322000000477146,1.0824000000953902,2.2153999998569134,10.512399999856939,11.59610000014311,7.848400000095353,0.9331000001430994,3.8319999999999936,2.7998999998569616,3.898599999904718,0.8497999999523245,1.8168000001907103,0.816799999952309,1.8989000000952956,0.948500000000081,0.9315000000000282,0.8326999998091651,5.931299999952216,0.8506000001430039,0.7660999999045544]","[5.7980999999045935,1.8645999999046694,3.9487000000476655,8.612600000143004,6.114499999999964,0.8997000000476874,1.098900000095398,6.414500000000032,6.898099999904673,6.430999999999983,0.9487000000477224,1.1329999999999814,1.0661000001430239,0.83299999999997,1.833200000047782,0.9997999999523017,2.3491000001430393,4.749000000000024,1.1489000000954093,30.423900000095387,1.0994000000953292,0.8333999998569652,0.7998999998569616,3.697999999999979,0.8659999999999854,4.21449999999993,1.6163999998569807,2.4658999998569016,2.6323999998569434,1.682900000095401,1.0831000001430766,3.4322000000477146,1.0824999999999818,2.2153999998569134,10.512500000000045,11.596200000047702,7.848400000095353,0.933200000047691,3.8320999999045853,2.7998999998569616,3.898700000047711,0.8498999998570298,1.8170000000000073,0.816900000095302,1.899000000000001,0.948500000000081,0.9316000001431348,0.832799999952158,5.931399999856922,0.8506000001430039,0.7662999999522526]",-0.998148092,3.293,0.0,110.0,110.0,59.0,1.0,hoog,vhoog,question_vocal.png,im_mouth.png,,,,,,
,,,538741,1,21,2023-09-29_12h32.28.399,flesh_expressibility_dutch,2022.2.4,Win32,60.70908208,,,,18.0,1.0,Nederlands,,,,,,Engels,2.0,Duits,1.0,,0.0,,0.0,,0.0,,0.0,,0.0,,0.0,NL,3.0,2.0,2.0,1.0,,sensorypref1,sensorypref2,1280.0,720.0,,,,,,,,,,,,,,,,,,,,,,,,,,,,,,,,,,,22.0,1069.2918,51.0,"[5.7980999999045935,1.8645999999046694,3.9487000000476655,8.612600000143004,6.114499999999964,0.8995999999046376,1.098900000095398,6.414500000000032,6.898099999904673,6.430899999856933,0.9487000000477224,1.132799999952283,1.066000000000031,0.83299999999997,1.833200000047782,0.9997000000475964,2.3490000000000464,4.748900000095318,1.1489000000954093,30.42379999995228,1.0994000000953292,0.8333999998569652,0.7998999998569616,3.697899999856986,0.8659000000953938,4.21449999999993,1.616299999952389,2.4658999998569016,2.6323999998569434,1.6828000001906958,1.0831000001430766,3.4322000000477146,1.0824000000953902,2.2153999998569134,10.512399999856939,11.59610000014311,7.848400000095353,0.9331000001430994,3.8319999999999936,2.7998999998569616,3.898599999904718,0.8497999999523245,1.8168000001907103,0.816799999952309,1.8989000000952956,0.948500000000081,0.9315000000000282,0.8326999998091651,5.931299999952216,0.8506000001430039,0.7660999999045544]","[5.7980999999045935,1.8645999999046694,3.9487000000476655,8.612600000143004,6.114499999999964,0.8997000000476874,1.098900000095398,6.414500000000032,6.898099999904673,6.430999999999983,0.9487000000477224,1.1329999999999814,1.0661000001430239,0.83299999999997,1.833200000047782,0.9997999999523017,2.3491000001430393,4.749000000000024,1.1489000000954093,30.423900000095387,1.0994000000953292,0.8333999998569652,0.7998999998569616,3.697999999999979,0.8659999999999854,4.21449999999993,1.6163999998569807,2.4658999998569016,2.6323999998569434,1.682900000095401,1.0831000001430766,3.4322000000477146,1.0824999999999818,2.2153999998569134,10.512500000000045,11.596200000047702,7.848400000095353,0.933200000047691,3.8320999999045853,2.7998999998569616,3.898700000047711,0.8498999998570298,1.8170000000000073,0.816900000095302,1.899000000000001,0.948500000000081,0.9316000001431348,0.832799999952158,5.931399999856922,0.8506000001430039,0.7662999999522526]",,,0.0,111.0,111.0,169.0,1.0,zien,vzien,question_vocal.png,im_mouth.png,,,,,,
,,,538741,1,21,2023-09-29_12h32.28.399,flesh_expressibility_dutch,2022.2.4,Win32,60.70908208,,,,18.0,1.0,Nederlands,,,,,,Engels,2.0,Duits,1.0,,0.0,,0.0,,0.0,,0.0,,0.0,,0.0,NL,3.0,2.0,2.0,1.0,,sensorypref1,sensorypref2,1280.0,720.0,,,,,,,,,,,,,,,,,,,,,,,,,,,,,,,,,,,22.0,1070.3038,51.0,"[5.7980999999045935,1.8645999999046694,3.9487000000476655,8.612600000143004,6.114499999999964,0.8995999999046376,1.098900000095398,6.414500000000032,6.898099999904673,6.430899999856933,0.9487000000477224,1.132799999952283,1.066000000000031,0.83299999999997,1.833200000047782,0.9997000000475964,2.3490000000000464,4.748900000095318,1.1489000000954093,30.42379999995228,1.0994000000953292,0.8333999998569652,0.7998999998569616,3.697899999856986,0.8659000000953938,4.21449999999993,1.616299999952389,2.4658999998569016,2.6323999998569434,1.6828000001906958,1.0831000001430766,3.4322000000477146,1.0824000000953902,2.2153999998569134,10.512399999856939,11.59610000014311,7.848400000095353,0.9331000001430994,3.8319999999999936,2.7998999998569616,3.898599999904718,0.8497999999523245,1.8168000001907103,0.816799999952309,1.8989000000952956,0.948500000000081,0.9315000000000282,0.8326999998091651,5.931299999952216,0.8506000001430039,0.7660999999045544]","[5.7980999999045935,1.8645999999046694,3.9487000000476655,8.612600000143004,6.114499999999964,0.8997000000476874,1.098900000095398,6.414500000000032,6.898099999904673,6.430999999999983,0.9487000000477224,1.1329999999999814,1.0661000001430239,0.83299999999997,1.833200000047782,0.9997999999523017,2.3491000001430393,4.749000000000024,1.1489000000954093,30.423900000095387,1.0994000000953292,0.8333999998569652,0.7998999998569616,3.697999999999979,0.8659999999999854,4.21449999999993,1.6163999998569807,2.4658999998569016,2.6323999998569434,1.682900000095401,1.0831000001430766,3.4322000000477146,1.0824999999999818,2.2153999998569134,10.512500000000045,11.596200000047702,7.848400000095353,0.933200000047691,3.8320999999045853,2.7998999998569616,3.898700000047711,0.8498999998570298,1.8170000000000073,0.816900000095302,1.899000000000001,0.948500000000081,0.9316000001431348,0.832799999952158,5.931399999856922,0.8506000001430039,0.7662999999522526]",,,0.0,112.0,112.0,188.0,1.0,verstoppen,vverstoppen,question_vocal.png,im_mouth.png,,,,,,
,,,538741,1,21,2023-09-29_12h32.28.399,flesh_expressibility_dutch,2022.2.4,Win32,60.70908208,,,,18.0,1.0,Nederlands,,,,,,Engels,2.0,Duits,1.0,,0.0,,0.0,,0.0,,0.0,,0.0,,0.0,NL,3.0,2.0,2.0,1.0,,sensorypref1,sensorypref2,1280.0,720.0,,,,,,,,,,,,,,,,,,,,,,,,,,,,,,,,,,,22.0,1071.3125,51.0,"[5.7980999999045935,1.8645999999046694,3.9487000000476655,8.612600000143004,6.114499999999964,0.8995999999046376,1.098900000095398,6.414500000000032,6.898099999904673,6.430899999856933,0.9487000000477224,1.132799999952283,1.066000000000031,0.83299999999997,1.833200000047782,0.9997000000475964,2.3490000000000464,4.748900000095318,1.1489000000954093,30.42379999995228,1.0994000000953292,0.8333999998569652,0.7998999998569616,3.697899999856986,0.8659000000953938,4.21449999999993,1.616299999952389,2.4658999998569016,2.6323999998569434,1.6828000001906958,1.0831000001430766,3.4322000000477146,1.0824000000953902,2.2153999998569134,10.512399999856939,11.59610000014311,7.848400000095353,0.9331000001430994,3.8319999999999936,2.7998999998569616,3.898599999904718,0.8497999999523245,1.8168000001907103,0.816799999952309,1.8989000000952956,0.948500000000081,0.9315000000000282,0.8326999998091651,5.931299999952216,0.8506000001430039,0.7660999999045544]","[5.7980999999045935,1.8645999999046694,3.9487000000476655,8.612600000143004,6.114499999999964,0.8997000000476874,1.098900000095398,6.414500000000032,6.898099999904673,6.430999999999983,0.9487000000477224,1.1329999999999814,1.0661000001430239,0.83299999999997,1.833200000047782,0.9997999999523017,2.3491000001430393,4.749000000000024,1.1489000000954093,30.423900000095387,1.0994000000953292,0.8333999998569652,0.7998999998569616,3.697999999999979,0.8659999999999854,4.21449999999993,1.6163999998569807,2.4658999998569016,2.6323999998569434,1.682900000095401,1.0831000001430766,3.4322000000477146,1.0824999999999818,2.2153999998569134,10.512500000000045,11.596200000047702,7.848400000095353,0.933200000047691,3.8320999999045853,2.7998999998569616,3.898700000047711,0.8498999998570298,1.8170000000000073,0.816900000095302,1.899000000000001,0.948500000000081,0.9316000001431348,0.832799999952158,5.931399999856922,0.8506000001430039,0.7662999999522526]",,,0.0,113.0,113.0,183.0,1.0,jij,vjij,question_vocal.png,im_mouth.png,,,,,,
,,,538741,1,21,2023-09-29_12h32.28.399,flesh_expressibility_dutch,2022.2.4,Win32,60.70908208,,,,18.0,1.0,Nederlands,,,,,,Engels,2.0,Duits,1.0,,0.0,,0.0,,0.0,,0.0,,0.0,,0.0,NL,3.0,2.0,2.0,1.0,,sensorypref1,sensorypref2,1280.0,720.0,,,,,,,,,,,,,,,,,,,,,,,,,,,,,,,,,,,22.0,1072.2872,51.0,"[5.7980999999045935,1.8645999999046694,3.9487000000476655,8.612600000143004,6.114499999999964,0.8995999999046376,1.098900000095398,6.414500000000032,6.898099999904673,6.430899999856933,0.9487000000477224,1.132799999952283,1.066000000000031,0.83299999999997,1.833200000047782,0.9997000000475964,2.3490000000000464,4.748900000095318,1.1489000000954093,30.42379999995228,1.0994000000953292,0.8333999998569652,0.7998999998569616,3.697899999856986,0.8659000000953938,4.21449999999993,1.616299999952389,2.4658999998569016,2.6323999998569434,1.6828000001906958,1.0831000001430766,3.4322000000477146,1.0824000000953902,2.2153999998569134,10.512399999856939,11.59610000014311,7.848400000095353,0.9331000001430994,3.8319999999999936,2.7998999998569616,3.898599999904718,0.8497999999523245,1.8168000001907103,0.816799999952309,1.8989000000952956,0.948500000000081,0.9315000000000282,0.8326999998091651,5.931299999952216,0.8506000001430039,0.7660999999045544]","[5.7980999999045935,1.8645999999046694,3.9487000000476655,8.612600000143004,6.114499999999964,0.8997000000476874,1.098900000095398,6.414500000000032,6.898099999904673,6.430999999999983,0.9487000000477224,1.1329999999999814,1.0661000001430239,0.83299999999997,1.833200000047782,0.9997999999523017,2.3491000001430393,4.749000000000024,1.1489000000954093,30.423900000095387,1.0994000000953292,0.8333999998569652,0.7998999998569616,3.697999999999979,0.8659999999999854,4.21449999999993,1.6163999998569807,2.4658999998569016,2.6323999998569434,1.682900000095401,1.0831000001430766,3.4322000000477146,1.0824999999999818,2.2153999998569134,10.512500000000045,11.596200000047702,7.848400000095353,0.933200000047691,3.8320999999045853,2.7998999998569616,3.898700000047711,0.8498999998570298,1.8170000000000073,0.816900000095302,1.899000000000001,0.948500000000081,0.9316000001431348,0.832799999952158,5.931399999856922,0.8506000001430039,0.7662999999522526]",,,0.0,114.0,114.0,23.0,1.0,slang,vslang,question_vocal.png,im_mouth.png,,,,,,
,,,538741,1,21,2023-09-29_12h32.28.399,flesh_expressibility_dutch,2022.2.4,Win32,60.70908208,,,,18.0,1.0,Nederlands,,,,,,Engels,2.0,Duits,1.0,,0.0,,0.0,,0.0,,0.0,,0.0,,0.0,NL,3.0,2.0,2.0,1.0,,sensorypref1,sensorypref2,1280.0,720.0,,,,,,,,,,,,,,,,,,,,,,,,,,,,,,,,,,,22.0,1073.3392,51.0,"[5.7980999999045935,1.8645999999046694,3.9487000000476655,8.612600000143004,6.114499999999964,0.8995999999046376,1.098900000095398,6.414500000000032,6.898099999904673,6.430899999856933,0.9487000000477224,1.132799999952283,1.066000000000031,0.83299999999997,1.833200000047782,0.9997000000475964,2.3490000000000464,4.748900000095318,1.1489000000954093,30.42379999995228,1.0994000000953292,0.8333999998569652,0.7998999998569616,3.697899999856986,0.8659000000953938,4.21449999999993,1.616299999952389,2.4658999998569016,2.6323999998569434,1.6828000001906958,1.0831000001430766,3.4322000000477146,1.0824000000953902,2.2153999998569134,10.512399999856939,11.59610000014311,7.848400000095353,0.9331000001430994,3.8319999999999936,2.7998999998569616,3.898599999904718,0.8497999999523245,1.8168000001907103,0.816799999952309,1.8989000000952956,0.948500000000081,0.9315000000000282,0.8326999998091651,5.931299999952216,0.8506000001430039,0.7660999999045544]","[5.7980999999045935,1.8645999999046694,3.9487000000476655,8.612600000143004,6.114499999999964,0.8997000000476874,1.098900000095398,6.414500000000032,6.898099999904673,6.430999999999983,0.9487000000477224,1.1329999999999814,1.0661000001430239,0.83299999999997,1.833200000047782,0.9997999999523017,2.3491000001430393,4.749000000000024,1.1489000000954093,30.423900000095387,1.0994000000953292,0.8333999998569652,0.7998999998569616,3.697999999999979,0.8659999999999854,4.21449999999993,1.6163999998569807,2.4658999998569016,2.6323999998569434,1.682900000095401,1.0831000001430766,3.4322000000477146,1.0824999999999818,2.2153999998569134,10.512500000000045,11.596200000047702,7.848400000095353,0.933200000047691,3.8320999999045853,2.7998999998569616,3.898700000047711,0.8498999998570298,1.8170000000000073,0.816900000095302,1.899000000000001,0.948500000000081,0.9316000001431348,0.832799999952158,5.931399999856922,0.8506000001430039,0.7662999999522526]",,,0.0,115.0,115.0,138.0,1.0,gaan,vgaan,question_vocal.png,im_mouth.png,,,,,,
,,,538741,1,21,2023-09-29_12h32.28.399,flesh_expressibility_dutch,2022.2.4,Win32,60.70908208,,,,18.0,1.0,Nederlands,,,,,,Engels,2.0,Duits,1.0,,0.0,,0.0,,0.0,,0.0,,0.0,,0.0,NL,3.0,2.0,2.0,1.0,,sensorypref1,sensorypref2,1280.0,720.0,,,,,,,,,,,,,,,,,,,,,,,,,,,,,,,,,,,22.0,1074.3487,51.0,"[5.7980999999045935,1.8645999999046694,3.9487000000476655,8.612600000143004,6.114499999999964,0.8995999999046376,1.098900000095398,6.414500000000032,6.898099999904673,6.430899999856933,0.9487000000477224,1.132799999952283,1.066000000000031,0.83299999999997,1.833200000047782,0.9997000000475964,2.3490000000000464,4.748900000095318,1.1489000000954093,30.42379999995228,1.0994000000953292,0.8333999998569652,0.7998999998569616,3.697899999856986,0.8659000000953938,4.21449999999993,1.616299999952389,2.4658999998569016,2.6323999998569434,1.6828000001906958,1.0831000001430766,3.4322000000477146,1.0824000000953902,2.2153999998569134,10.512399999856939,11.59610000014311,7.848400000095353,0.9331000001430994,3.8319999999999936,2.7998999998569616,3.898599999904718,0.8497999999523245,1.8168000001907103,0.816799999952309,1.8989000000952956,0.948500000000081,0.9315000000000282,0.8326999998091651,5.931299999952216,0.8506000001430039,0.7660999999045544]","[5.7980999999045935,1.8645999999046694,3.9487000000476655,8.612600000143004,6.114499999999964,0.8997000000476874,1.098900000095398,6.414500000000032,6.898099999904673,6.430999999999983,0.9487000000477224,1.1329999999999814,1.0661000001430239,0.83299999999997,1.833200000047782,0.9997999999523017,2.3491000001430393,4.749000000000024,1.1489000000954093,30.423900000095387,1.0994000000953292,0.8333999998569652,0.7998999998569616,3.697999999999979,0.8659999999999854,4.21449999999993,1.6163999998569807,2.4658999998569016,2.6323999998569434,1.682900000095401,1.0831000001430766,3.4322000000477146,1.0824999999999818,2.2153999998569134,10.512500000000045,11.596200000047702,7.848400000095353,0.933200000047691,3.8320999999045853,2.7998999998569616,3.898700000047711,0.8498999998570298,1.8170000000000073,0.816900000095302,1.899000000000001,0.948500000000081,0.9316000001431348,0.832799999952158,5.931399999856922,0.8506000001430039,0.7662999999522526]",,,0.0,116.0,116.0,173.0,1.0,klein,vklein,question_vocal.png,im_mouth.png,,,,,,
,,,538741,1,21,2023-09-29_12h32.28.399,flesh_expressibility_dutch,2022.2.4,Win32,60.70908208,,,,18.0,1.0,Nederlands,,,,,,Engels,2.0,Duits,1.0,,0.0,,0.0,,0.0,,0.0,,0.0,,0.0,NL,3.0,2.0,2.0,1.0,,sensorypref1,sensorypref2,1280.0,720.0,,,,,,,,,,,,,,,,,,,,,,,,,,,,,,,,,,,22.0,1075.3036,51.0,"[5.7980999999045935,1.8645999999046694,3.9487000000476655,8.612600000143004,6.114499999999964,0.8995999999046376,1.098900000095398,6.414500000000032,6.898099999904673,6.430899999856933,0.9487000000477224,1.132799999952283,1.066000000000031,0.83299999999997,1.833200000047782,0.9997000000475964,2.3490000000000464,4.748900000095318,1.1489000000954093,30.42379999995228,1.0994000000953292,0.8333999998569652,0.7998999998569616,3.697899999856986,0.8659000000953938,4.21449999999993,1.616299999952389,2.4658999998569016,2.6323999998569434,1.6828000001906958,1.0831000001430766,3.4322000000477146,1.0824000000953902,2.2153999998569134,10.512399999856939,11.59610000014311,7.848400000095353,0.9331000001430994,3.8319999999999936,2.7998999998569616,3.898599999904718,0.8497999999523245,1.8168000001907103,0.816799999952309,1.8989000000952956,0.948500000000081,0.9315000000000282,0.8326999998091651,5.931299999952216,0.8506000001430039,0.7660999999045544]","[5.7980999999045935,1.8645999999046694,3.9487000000476655,8.612600000143004,6.114499999999964,0.8997000000476874,1.098900000095398,6.414500000000032,6.898099999904673,6.430999999999983,0.9487000000477224,1.1329999999999814,1.0661000001430239,0.83299999999997,1.833200000047782,0.9997999999523017,2.3491000001430393,4.749000000000024,1.1489000000954093,30.423900000095387,1.0994000000953292,0.8333999998569652,0.7998999998569616,3.697999999999979,0.8659999999999854,4.21449999999993,1.6163999998569807,2.4658999998569016,2.6323999998569434,1.682900000095401,1.0831000001430766,3.4322000000477146,1.0824999999999818,2.2153999998569134,10.512500000000045,11.596200000047702,7.848400000095353,0.933200000047691,3.8320999999045853,2.7998999998569616,3.898700000047711,0.8498999998570298,1.8170000000000073,0.816900000095302,1.899000000000001,0.948500000000081,0.9316000001431348,0.832799999952158,5.931399999856922,0.8506000001430039,0.7662999999522526]",,,0.0,117.0,117.0,2.0,1.0,luidruchtig,vluidruchtig,question_vocal.png,im_mouth.png,,,,,,
,,,538741,1,21,2023-09-29_12h32.28.399,flesh_expressibility_dutch,2022.2.4,Win32,60.70908208,,,,18.0,1.0,Nederlands,,,,,,Engels,2.0,Duits,1.0,,0.0,,0.0,,0.0,,0.0,,0.0,,0.0,NL,3.0,2.0,2.0,1.0,,sensorypref1,sensorypref2,1280.0,720.0,,,,,,,,,,,,,,,,,,,,,,,,,,,,,,,,,,,22.0,1076.3576,51.0,"[5.7980999999045935,1.8645999999046694,3.9487000000476655,8.612600000143004,6.114499999999964,0.8995999999046376,1.098900000095398,6.414500000000032,6.898099999904673,6.430899999856933,0.9487000000477224,1.132799999952283,1.066000000000031,0.83299999999997,1.833200000047782,0.9997000000475964,2.3490000000000464,4.748900000095318,1.1489000000954093,30.42379999995228,1.0994000000953292,0.8333999998569652,0.7998999998569616,3.697899999856986,0.8659000000953938,4.21449999999993,1.616299999952389,2.4658999998569016,2.6323999998569434,1.6828000001906958,1.0831000001430766,3.4322000000477146,1.0824000000953902,2.2153999998569134,10.512399999856939,11.59610000014311,7.848400000095353,0.9331000001430994,3.8319999999999936,2.7998999998569616,3.898599999904718,0.8497999999523245,1.8168000001907103,0.816799999952309,1.8989000000952956,0.948500000000081,0.9315000000000282,0.8326999998091651,5.931299999952216,0.8506000001430039,0.7660999999045544]","[5.7980999999045935,1.8645999999046694,3.9487000000476655,8.612600000143004,6.114499999999964,0.8997000000476874,1.098900000095398,6.414500000000032,6.898099999904673,6.430999999999983,0.9487000000477224,1.1329999999999814,1.0661000001430239,0.83299999999997,1.833200000047782,0.9997999999523017,2.3491000001430393,4.749000000000024,1.1489000000954093,30.423900000095387,1.0994000000953292,0.8333999998569652,0.7998999998569616,3.697999999999979,0.8659999999999854,4.21449999999993,1.6163999998569807,2.4658999998569016,2.6323999998569434,1.682900000095401,1.0831000001430766,3.4322000000477146,1.0824999999999818,2.2153999998569134,10.512500000000045,11.596200000047702,7.848400000095353,0.933200000047691,3.8320999999045853,2.7998999998569616,3.898700000047711,0.8498999998570298,1.8170000000000073,0.816900000095302,1.899000000000001,0.948500000000081,0.9316000001431348,0.832799999952158,5.931399999856922,0.8506000001430039,0.7662999999522526]",,,0.0,118.0,118.0,205.0,1.0,vork,vvork,question_vocal.png,im_mouth.png,,,,,,
,,,538741,1,21,2023-09-29_12h32.28.399,flesh_expressibility_dutch,2022.2.4,Win32,60.70908208,,,,18.0,1.0,Nederlands,,,,,,Engels,2.0,Duits,1.0,,0.0,,0.0,,0.0,,0.0,,0.0,,0.0,NL,3.0,2.0,2.0,1.0,,sensorypref1,sensorypref2,1280.0,720.0,,,,,,,,,,,,,,,,,,,,,,,,,,,,,,,,,,,21.0,1077.3955,52.0,"[5.7980999999045935,1.8645999999046694,3.9487000000476655,8.612600000143004,6.114499999999964,0.8995999999046376,1.098900000095398,6.414500000000032,6.898099999904673,6.430899999856933,0.9487000000477224,1.132799999952283,1.066000000000031,0.83299999999997,1.833200000047782,0.9997000000475964,2.3490000000000464,4.748900000095318,1.1489000000954093,30.42379999995228,1.0994000000953292,0.8333999998569652,0.7998999998569616,3.697899999856986,0.8659000000953938,4.21449999999993,1.616299999952389,2.4658999998569016,2.6323999998569434,1.6828000001906958,1.0831000001430766,3.4322000000477146,1.0824000000953902,2.2153999998569134,10.512399999856939,11.59610000014311,7.848400000095353,0.9331000001430994,3.8319999999999936,2.7998999998569616,3.898599999904718,0.8497999999523245,1.8168000001907103,0.816799999952309,1.8989000000952956,0.948500000000081,0.9315000000000282,0.8326999998091651,5.931299999952216,0.8506000001430039,0.7660999999045544,0.8162000000477292]","[5.7980999999045935,1.8645999999046694,3.9487000000476655,8.612600000143004,6.114499999999964,0.8997000000476874,1.098900000095398,6.414500000000032,6.898099999904673,6.430999999999983,0.9487000000477224,1.1329999999999814,1.0661000001430239,0.83299999999997,1.833200000047782,0.9997999999523017,2.3491000001430393,4.749000000000024,1.1489000000954093,30.423900000095387,1.0994000000953292,0.8333999998569652,0.7998999998569616,3.697999999999979,0.8659999999999854,4.21449999999993,1.6163999998569807,2.4658999998569016,2.6323999998569434,1.682900000095401,1.0831000001430766,3.4322000000477146,1.0824999999999818,2.2153999998569134,10.512500000000045,11.596200000047702,7.848400000095353,0.933200000047691,3.8320999999045853,2.7998999998569616,3.898700000047711,0.8498999998570298,1.8170000000000073,0.816900000095302,1.899000000000001,0.948500000000081,0.9316000001431348,0.832799999952158,5.931399999856922,0.8506000001430039,0.7662999999522526,0.8162000000477292]",-0.990740712,3.4985,0.0,119.0,119.0,63.0,1.0,hartig,vhartig,question_vocal.png,im_mouth.png,,,,,,
,,,538741,1,21,2023-09-29_12h32.28.399,flesh_expressibility_dutch,2022.2.4,Win32,60.70908208,,,,18.0,1.0,Nederlands,,,,,,Engels,2.0,Duits,1.0,,0.0,,0.0,,0.0,,0.0,,0.0,,0.0,NL,3.0,2.0,2.0,1.0,,sensorypref1,sensorypref2,1280.0,720.0,,,,,,,,,,,,,,,,,,,,,,,,,,,,,,,,,,,22.0,1081.4837,52.0,"[5.7980999999045935,1.8645999999046694,3.9487000000476655,8.612600000143004,6.114499999999964,0.8995999999046376,1.098900000095398,6.414500000000032,6.898099999904673,6.430899999856933,0.9487000000477224,1.132799999952283,1.066000000000031,0.83299999999997,1.833200000047782,0.9997000000475964,2.3490000000000464,4.748900000095318,1.1489000000954093,30.42379999995228,1.0994000000953292,0.8333999998569652,0.7998999998569616,3.697899999856986,0.8659000000953938,4.21449999999993,1.616299999952389,2.4658999998569016,2.6323999998569434,1.6828000001906958,1.0831000001430766,3.4322000000477146,1.0824000000953902,2.2153999998569134,10.512399999856939,11.59610000014311,7.848400000095353,0.9331000001430994,3.8319999999999936,2.7998999998569616,3.898599999904718,0.8497999999523245,1.8168000001907103,0.816799999952309,1.8989000000952956,0.948500000000081,0.9315000000000282,0.8326999998091651,5.931299999952216,0.8506000001430039,0.7660999999045544,0.8162000000477292]","[5.7980999999045935,1.8645999999046694,3.9487000000476655,8.612600000143004,6.114499999999964,0.8997000000476874,1.098900000095398,6.414500000000032,6.898099999904673,6.430999999999983,0.9487000000477224,1.1329999999999814,1.0661000001430239,0.83299999999997,1.833200000047782,0.9997999999523017,2.3491000001430393,4.749000000000024,1.1489000000954093,30.423900000095387,1.0994000000953292,0.8333999998569652,0.7998999998569616,3.697999999999979,0.8659999999999854,4.21449999999993,1.6163999998569807,2.4658999998569016,2.6323999998569434,1.682900000095401,1.0831000001430766,3.4322000000477146,1.0824999999999818,2.2153999998569134,10.512500000000045,11.596200000047702,7.848400000095353,0.933200000047691,3.8320999999045853,2.7998999998569616,3.898700000047711,0.8498999998570298,1.8170000000000073,0.816900000095302,1.899000000000001,0.948500000000081,0.9316000001431348,0.832799999952158,5.931399999856922,0.8506000001430039,0.7662999999522526,0.8162000000477292]",,,0.0,120.0,120.0,84.0,1.0,kort,vkort,question_vocal.png,im_mouth.png,,,,,,
,,,538741,1,21,2023-09-29_12h32.28.399,flesh_expressibility_dutch,2022.2.4,Win32,60.70908208,,,,18.0,1.0,Nederlands,,,,,,Engels,2.0,Duits,1.0,,0.0,,0.0,,0.0,,0.0,,0.0,,0.0,NL,3.0,2.0,2.0,1.0,,sensorypref1,sensorypref2,1280.0,720.0,,,,,,,,,,,,,,,,,,,,,,,,,,,,,,,,,,,22.0,1082.6051,52.0,"[5.7980999999045935,1.8645999999046694,3.9487000000476655,8.612600000143004,6.114499999999964,0.8995999999046376,1.098900000095398,6.414500000000032,6.898099999904673,6.430899999856933,0.9487000000477224,1.132799999952283,1.066000000000031,0.83299999999997,1.833200000047782,0.9997000000475964,2.3490000000000464,4.748900000095318,1.1489000000954093,30.42379999995228,1.0994000000953292,0.8333999998569652,0.7998999998569616,3.697899999856986,0.8659000000953938,4.21449999999993,1.616299999952389,2.4658999998569016,2.6323999998569434,1.6828000001906958,1.0831000001430766,3.4322000000477146,1.0824000000953902,2.2153999998569134,10.512399999856939,11.59610000014311,7.848400000095353,0.9331000001430994,3.8319999999999936,2.7998999998569616,3.898599999904718,0.8497999999523245,1.8168000001907103,0.816799999952309,1.8989000000952956,0.948500000000081,0.9315000000000282,0.8326999998091651,5.931299999952216,0.8506000001430039,0.7660999999045544,0.8162000000477292]","[5.7980999999045935,1.8645999999046694,3.9487000000476655,8.612600000143004,6.114499999999964,0.8997000000476874,1.098900000095398,6.414500000000032,6.898099999904673,6.430999999999983,0.9487000000477224,1.1329999999999814,1.0661000001430239,0.83299999999997,1.833200000047782,0.9997999999523017,2.3491000001430393,4.749000000000024,1.1489000000954093,30.423900000095387,1.0994000000953292,0.8333999998569652,0.7998999998569616,3.697999999999979,0.8659999999999854,4.21449999999993,1.6163999998569807,2.4658999998569016,2.6323999998569434,1.682900000095401,1.0831000001430766,3.4322000000477146,1.0824999999999818,2.2153999998569134,10.512500000000045,11.596200000047702,7.848400000095353,0.933200000047691,3.8320999999045853,2.7998999998569616,3.898700000047711,0.8498999998570298,1.8170000000000073,0.816900000095302,1.899000000000001,0.948500000000081,0.9316000001431348,0.832799999952158,5.931399999856922,0.8506000001430039,0.7662999999522526,0.8162000000477292]",,,0.0,121.0,121.0,92.0,1.0,heet,vheet,question_vocal.png,im_mouth.png,,,,,,
,,,538741,1,21,2023-09-29_12h32.28.399,flesh_expressibility_dutch,2022.2.4,Win32,60.70908208,,,,18.0,1.0,Nederlands,,,,,,Engels,2.0,Duits,1.0,,0.0,,0.0,,0.0,,0.0,,0.0,,0.0,NL,3.0,2.0,2.0,1.0,,sensorypref1,sensorypref2,1280.0,720.0,,,,,,,,,,,,,,,,,,,,,,,,,,,,,,,,,,,22.0,1083.658,52.0,"[5.7980999999045935,1.8645999999046694,3.9487000000476655,8.612600000143004,6.114499999999964,0.8995999999046376,1.098900000095398,6.414500000000032,6.898099999904673,6.430899999856933,0.9487000000477224,1.132799999952283,1.066000000000031,0.83299999999997,1.833200000047782,0.9997000000475964,2.3490000000000464,4.748900000095318,1.1489000000954093,30.42379999995228,1.0994000000953292,0.8333999998569652,0.7998999998569616,3.697899999856986,0.8659000000953938,4.21449999999993,1.616299999952389,2.4658999998569016,2.6323999998569434,1.6828000001906958,1.0831000001430766,3.4322000000477146,1.0824000000953902,2.2153999998569134,10.512399999856939,11.59610000014311,7.848400000095353,0.9331000001430994,3.8319999999999936,2.7998999998569616,3.898599999904718,0.8497999999523245,1.8168000001907103,0.816799999952309,1.8989000000952956,0.948500000000081,0.9315000000000282,0.8326999998091651,5.931299999952216,0.8506000001430039,0.7660999999045544,0.8162000000477292]","[5.7980999999045935,1.8645999999046694,3.9487000000476655,8.612600000143004,6.114499999999964,0.8997000000476874,1.098900000095398,6.414500000000032,6.898099999904673,6.430999999999983,0.9487000000477224,1.1329999999999814,1.0661000001430239,0.83299999999997,1.833200000047782,0.9997999999523017,2.3491000001430393,4.749000000000024,1.1489000000954093,30.423900000095387,1.0994000000953292,0.8333999998569652,0.7998999998569616,3.697999999999979,0.8659999999999854,4.21449999999993,1.6163999998569807,2.4658999998569016,2.6323999998569434,1.682900000095401,1.0831000001430766,3.4322000000477146,1.0824999999999818,2.2153999998569134,10.512500000000045,11.596200000047702,7.848400000095353,0.933200000047691,3.8320999999045853,2.7998999998569616,3.898700000047711,0.8498999998570298,1.8170000000000073,0.816900000095302,1.899000000000001,0.948500000000081,0.9316000001431348,0.832799999952158,5.931399999856922,0.8506000001430039,0.7662999999522526,0.8162000000477292]",,,0.0,122.0,122.0,30.0,1.0,sterk,vsterk,question_vocal.png,im_mouth.png,,,,,,
,,,538741,1,21,2023-09-29_12h32.28.399,flesh_expressibility_dutch,2022.2.4,Win32,60.70908208,,,,18.0,1.0,Nederlands,,,,,,Engels,2.0,Duits,1.0,,0.0,,0.0,,0.0,,0.0,,0.0,,0.0,NL,3.0,2.0,2.0,1.0,,sensorypref1,sensorypref2,1280.0,720.0,,,,,,,,,,,,,,,,,,,,,,,,,,,,,,,,,,,22.0,1084.4857,52.0,"[5.7980999999045935,1.8645999999046694,3.9487000000476655,8.612600000143004,6.114499999999964,0.8995999999046376,1.098900000095398,6.414500000000032,6.898099999904673,6.430899999856933,0.9487000000477224,1.132799999952283,1.066000000000031,0.83299999999997,1.833200000047782,0.9997000000475964,2.3490000000000464,4.748900000095318,1.1489000000954093,30.42379999995228,1.0994000000953292,0.8333999998569652,0.7998999998569616,3.697899999856986,0.8659000000953938,4.21449999999993,1.616299999952389,2.4658999998569016,2.6323999998569434,1.6828000001906958,1.0831000001430766,3.4322000000477146,1.0824000000953902,2.2153999998569134,10.512399999856939,11.59610000014311,7.848400000095353,0.9331000001430994,3.8319999999999936,2.7998999998569616,3.898599999904718,0.8497999999523245,1.8168000001907103,0.816799999952309,1.8989000000952956,0.948500000000081,0.9315000000000282,0.8326999998091651,5.931299999952216,0.8506000001430039,0.7660999999045544,0.8162000000477292]","[5.7980999999045935,1.8645999999046694,3.9487000000476655,8.612600000143004,6.114499999999964,0.8997000000476874,1.098900000095398,6.414500000000032,6.898099999904673,6.430999999999983,0.9487000000477224,1.1329999999999814,1.0661000001430239,0.83299999999997,1.833200000047782,0.9997999999523017,2.3491000001430393,4.749000000000024,1.1489000000954093,30.423900000095387,1.0994000000953292,0.8333999998569652,0.7998999998569616,3.697999999999979,0.8659999999999854,4.21449999999993,1.6163999998569807,2.4658999998569016,2.6323999998569434,1.682900000095401,1.0831000001430766,3.4322000000477146,1.0824999999999818,2.2153999998569134,10.512500000000045,11.596200000047702,7.848400000095353,0.933200000047691,3.8320999999045853,2.7998999998569616,3.898700000047711,0.8498999998570298,1.8170000000000073,0.816900000095302,1.899000000000001,0.948500000000081,0.9316000001431348,0.832799999952158,5.931399999856922,0.8506000001430039,0.7662999999522526,0.8162000000477292]",,,0.0,123.0,123.0,203.0,1.0,kat,vkat,question_vocal.png,im_mouth.png,,,,,,
,,,538741,1,21,2023-09-29_12h32.28.399,flesh_expressibility_dutch,2022.2.4,Win32,60.70908208,,,,18.0,1.0,Nederlands,,,,,,Engels,2.0,Duits,1.0,,0.0,,0.0,,0.0,,0.0,,0.0,,0.0,NL,3.0,2.0,2.0,1.0,,sensorypref1,sensorypref2,1280.0,720.0,,,,,,,,,,,,,,,,,,,,,,,,,,,,,,,,,,,22.0,1085.5813,52.0,"[5.7980999999045935,1.8645999999046694,3.9487000000476655,8.612600000143004,6.114499999999964,0.8995999999046376,1.098900000095398,6.414500000000032,6.898099999904673,6.430899999856933,0.9487000000477224,1.132799999952283,1.066000000000031,0.83299999999997,1.833200000047782,0.9997000000475964,2.3490000000000464,4.748900000095318,1.1489000000954093,30.42379999995228,1.0994000000953292,0.8333999998569652,0.7998999998569616,3.697899999856986,0.8659000000953938,4.21449999999993,1.616299999952389,2.4658999998569016,2.6323999998569434,1.6828000001906958,1.0831000001430766,3.4322000000477146,1.0824000000953902,2.2153999998569134,10.512399999856939,11.59610000014311,7.848400000095353,0.9331000001430994,3.8319999999999936,2.7998999998569616,3.898599999904718,0.8497999999523245,1.8168000001907103,0.816799999952309,1.8989000000952956,0.948500000000081,0.9315000000000282,0.8326999998091651,5.931299999952216,0.8506000001430039,0.7660999999045544,0.8162000000477292]","[5.7980999999045935,1.8645999999046694,3.9487000000476655,8.612600000143004,6.114499999999964,0.8997000000476874,1.098900000095398,6.414500000000032,6.898099999904673,6.430999999999983,0.9487000000477224,1.1329999999999814,1.0661000001430239,0.83299999999997,1.833200000047782,0.9997999999523017,2.3491000001430393,4.749000000000024,1.1489000000954093,30.423900000095387,1.0994000000953292,0.8333999998569652,0.7998999998569616,3.697999999999979,0.8659999999999854,4.21449999999993,1.6163999998569807,2.4658999998569016,2.6323999998569434,1.682900000095401,1.0831000001430766,3.4322000000477146,1.0824999999999818,2.2153999998569134,10.512500000000045,11.596200000047702,7.848400000095353,0.933200000047691,3.8320999999045853,2.7998999998569616,3.898700000047711,0.8498999998570298,1.8170000000000073,0.816900000095302,1.899000000000001,0.948500000000081,0.9316000001431348,0.832799999952158,5.931399999856922,0.8506000001430039,0.7662999999522526,0.8162000000477292]",,,0.0,124.0,124.0,39.0,1.0,verdrietig,vverdrietig,question_vocal.png,im_mouth.png,,,,,,
,,,538741,1,21,2023-09-29_12h32.28.399,flesh_expressibility_dutch,2022.2.4,Win32,60.70908208,,,,18.0,1.0,Nederlands,,,,,,Engels,2.0,Duits,1.0,,0.0,,0.0,,0.0,,0.0,,0.0,,0.0,NL,3.0,2.0,2.0,1.0,,sensorypref1,sensorypref2,1280.0,720.0,,,,,,,,,,,,,,,,,,,,,,,,,,,,,,,,,,,22.0,1086.5637,52.0,"[5.7980999999045935,1.8645999999046694,3.9487000000476655,8.612600000143004,6.114499999999964,0.8995999999046376,1.098900000095398,6.414500000000032,6.898099999904673,6.430899999856933,0.9487000000477224,1.132799999952283,1.066000000000031,0.83299999999997,1.833200000047782,0.9997000000475964,2.3490000000000464,4.748900000095318,1.1489000000954093,30.42379999995228,1.0994000000953292,0.8333999998569652,0.7998999998569616,3.697899999856986,0.8659000000953938,4.21449999999993,1.616299999952389,2.4658999998569016,2.6323999998569434,1.6828000001906958,1.0831000001430766,3.4322000000477146,1.0824000000953902,2.2153999998569134,10.512399999856939,11.59610000014311,7.848400000095353,0.9331000001430994,3.8319999999999936,2.7998999998569616,3.898599999904718,0.8497999999523245,1.8168000001907103,0.816799999952309,1.8989000000952956,0.948500000000081,0.9315000000000282,0.8326999998091651,5.931299999952216,0.8506000001430039,0.7660999999045544,0.8162000000477292]","[5.7980999999045935,1.8645999999046694,3.9487000000476655,8.612600000143004,6.114499999999964,0.8997000000476874,1.098900000095398,6.414500000000032,6.898099999904673,6.430999999999983,0.9487000000477224,1.1329999999999814,1.0661000001430239,0.83299999999997,1.833200000047782,0.9997999999523017,2.3491000001430393,4.749000000000024,1.1489000000954093,30.423900000095387,1.0994000000953292,0.8333999998569652,0.7998999998569616,3.697999999999979,0.8659999999999854,4.21449999999993,1.6163999998569807,2.4658999998569016,2.6323999998569434,1.682900000095401,1.0831000001430766,3.4322000000477146,1.0824999999999818,2.2153999998569134,10.512500000000045,11.596200000047702,7.848400000095353,0.933200000047691,3.8320999999045853,2.7998999998569616,3.898700000047711,0.8498999998570298,1.8170000000000073,0.816900000095302,1.899000000000001,0.948500000000081,0.9316000001431348,0.832799999952158,5.931399999856922,0.8506000001430039,0.7662999999522526,0.8162000000477292]",,,0.0,125.0,125.0,36.0,1.0,slecht,vslecht,question_vocal.png,im_mouth.png,,,,,,
,,,538741,1,21,2023-09-29_12h32.28.399,flesh_expressibility_dutch,2022.2.4,Win32,60.70908208,,,,18.0,1.0,Nederlands,,,,,,Engels,2.0,Duits,1.0,,0.0,,0.0,,0.0,,0.0,,0.0,,0.0,NL,3.0,2.0,2.0,1.0,,sensorypref1,sensorypref2,1280.0,720.0,,,,,,,,,,,,,,,,,,,,,,,,,,,,,,,,,,,22.0,1087.6106,52.0,"[5.7980999999045935,1.8645999999046694,3.9487000000476655,8.612600000143004,6.114499999999964,0.8995999999046376,1.098900000095398,6.414500000000032,6.898099999904673,6.430899999856933,0.9487000000477224,1.132799999952283,1.066000000000031,0.83299999999997,1.833200000047782,0.9997000000475964,2.3490000000000464,4.748900000095318,1.1489000000954093,30.42379999995228,1.0994000000953292,0.8333999998569652,0.7998999998569616,3.697899999856986,0.8659000000953938,4.21449999999993,1.616299999952389,2.4658999998569016,2.6323999998569434,1.6828000001906958,1.0831000001430766,3.4322000000477146,1.0824000000953902,2.2153999998569134,10.512399999856939,11.59610000014311,7.848400000095353,0.9331000001430994,3.8319999999999936,2.7998999998569616,3.898599999904718,0.8497999999523245,1.8168000001907103,0.816799999952309,1.8989000000952956,0.948500000000081,0.9315000000000282,0.8326999998091651,5.931299999952216,0.8506000001430039,0.7660999999045544,0.8162000000477292]","[5.7980999999045935,1.8645999999046694,3.9487000000476655,8.612600000143004,6.114499999999964,0.8997000000476874,1.098900000095398,6.414500000000032,6.898099999904673,6.430999999999983,0.9487000000477224,1.1329999999999814,1.0661000001430239,0.83299999999997,1.833200000047782,0.9997999999523017,2.3491000001430393,4.749000000000024,1.1489000000954093,30.423900000095387,1.0994000000953292,0.8333999998569652,0.7998999998569616,3.697999999999979,0.8659999999999854,4.21449999999993,1.6163999998569807,2.4658999998569016,2.6323999998569434,1.682900000095401,1.0831000001430766,3.4322000000477146,1.0824999999999818,2.2153999998569134,10.512500000000045,11.596200000047702,7.848400000095353,0.933200000047691,3.8320999999045853,2.7998999998569616,3.898700000047711,0.8498999998570298,1.8170000000000073,0.816900000095302,1.899000000000001,0.948500000000081,0.9316000001431348,0.832799999952158,5.931399999856922,0.8506000001430039,0.7662999999522526,0.8162000000477292]",,,0.0,126.0,126.0,94.0,1.0,nu,vnu,question_vocal.png,im_mouth.png,,,,,,
,,,538741,1,21,2023-09-29_12h32.28.399,flesh_expressibility_dutch,2022.2.4,Win32,60.70908208,,,,18.0,1.0,Nederlands,,,,,,Engels,2.0,Duits,1.0,,0.0,,0.0,,0.0,,0.0,,0.0,,0.0,NL,3.0,2.0,2.0,1.0,,sensorypref1,sensorypref2,1280.0,720.0,,,,,,,,,,,,,,,,,,,,,,,,,,,,,,,,,,,22.0,1088.6138,52.0,"[5.7980999999045935,1.8645999999046694,3.9487000000476655,8.612600000143004,6.114499999999964,0.8995999999046376,1.098900000095398,6.414500000000032,6.898099999904673,6.430899999856933,0.9487000000477224,1.132799999952283,1.066000000000031,0.83299999999997,1.833200000047782,0.9997000000475964,2.3490000000000464,4.748900000095318,1.1489000000954093,30.42379999995228,1.0994000000953292,0.8333999998569652,0.7998999998569616,3.697899999856986,0.8659000000953938,4.21449999999993,1.616299999952389,2.4658999998569016,2.6323999998569434,1.6828000001906958,1.0831000001430766,3.4322000000477146,1.0824000000953902,2.2153999998569134,10.512399999856939,11.59610000014311,7.848400000095353,0.9331000001430994,3.8319999999999936,2.7998999998569616,3.898599999904718,0.8497999999523245,1.8168000001907103,0.816799999952309,1.8989000000952956,0.948500000000081,0.9315000000000282,0.8326999998091651,5.931299999952216,0.8506000001430039,0.7660999999045544,0.8162000000477292]","[5.7980999999045935,1.8645999999046694,3.9487000000476655,8.612600000143004,6.114499999999964,0.8997000000476874,1.098900000095398,6.414500000000032,6.898099999904673,6.430999999999983,0.9487000000477224,1.1329999999999814,1.0661000001430239,0.83299999999997,1.833200000047782,0.9997999999523017,2.3491000001430393,4.749000000000024,1.1489000000954093,30.423900000095387,1.0994000000953292,0.8333999998569652,0.7998999998569616,3.697999999999979,0.8659999999999854,4.21449999999993,1.6163999998569807,2.4658999998569016,2.6323999998569434,1.682900000095401,1.0831000001430766,3.4322000000477146,1.0824999999999818,2.2153999998569134,10.512500000000045,11.596200000047702,7.848400000095353,0.933200000047691,3.8320999999045853,2.7998999998569616,3.898700000047711,0.8498999998570298,1.8170000000000073,0.816900000095302,1.899000000000001,0.948500000000081,0.9316000001431348,0.832799999952158,5.931399999856922,0.8506000001430039,0.7662999999522526,0.8162000000477292]",,,0.0,127.0,127.0,155.0,1.0,zuigen,vzuigen,question_vocal.png,im_mouth.png,,,,,,
,,,538741,1,21,2023-09-29_12h32.28.399,flesh_expressibility_dutch,2022.2.4,Win32,60.70908208,,,,18.0,1.0,Nederlands,,,,,,Engels,2.0,Duits,1.0,,0.0,,0.0,,0.0,,0.0,,0.0,,0.0,NL,3.0,2.0,2.0,1.0,,sensorypref1,sensorypref2,1280.0,720.0,,,,,,,,,,,,,,,,,,,,,,,,,,,,,,,,,,,22.0,1089.6301,52.0,"[5.7980999999045935,1.8645999999046694,3.9487000000476655,8.612600000143004,6.114499999999964,0.8995999999046376,1.098900000095398,6.414500000000032,6.898099999904673,6.430899999856933,0.9487000000477224,1.132799999952283,1.066000000000031,0.83299999999997,1.833200000047782,0.9997000000475964,2.3490000000000464,4.748900000095318,1.1489000000954093,30.42379999995228,1.0994000000953292,0.8333999998569652,0.7998999998569616,3.697899999856986,0.8659000000953938,4.21449999999993,1.616299999952389,2.4658999998569016,2.6323999998569434,1.6828000001906958,1.0831000001430766,3.4322000000477146,1.0824000000953902,2.2153999998569134,10.512399999856939,11.59610000014311,7.848400000095353,0.9331000001430994,3.8319999999999936,2.7998999998569616,3.898599999904718,0.8497999999523245,1.8168000001907103,0.816799999952309,1.8989000000952956,0.948500000000081,0.9315000000000282,0.8326999998091651,5.931299999952216,0.8506000001430039,0.7660999999045544,0.8162000000477292]","[5.7980999999045935,1.8645999999046694,3.9487000000476655,8.612600000143004,6.114499999999964,0.8997000000476874,1.098900000095398,6.414500000000032,6.898099999904673,6.430999999999983,0.9487000000477224,1.1329999999999814,1.0661000001430239,0.83299999999997,1.833200000047782,0.9997999999523017,2.3491000001430393,4.749000000000024,1.1489000000954093,30.423900000095387,1.0994000000953292,0.8333999998569652,0.7998999998569616,3.697999999999979,0.8659999999999854,4.21449999999993,1.6163999998569807,2.4658999998569016,2.6323999998569434,1.682900000095401,1.0831000001430766,3.4322000000477146,1.0824999999999818,2.2153999998569134,10.512500000000045,11.596200000047702,7.848400000095353,0.933200000047691,3.8320999999045853,2.7998999998569616,3.898700000047711,0.8498999998570298,1.8170000000000073,0.816900000095302,1.899000000000001,0.948500000000081,0.9316000001431348,0.832799999952158,5.931399999856922,0.8506000001430039,0.7662999999522526,0.8162000000477292]",,,0.0,128.0,128.0,145.0,1.0,slaan,vslaan,question_vocal.png,im_mouth.png,,,,,,
,,,538741,1,21,2023-09-29_12h32.28.399,flesh_expressibility_dutch,2022.2.4,Win32,60.70908208,,,,18.0,1.0,Nederlands,,,,,,Engels,2.0,Duits,1.0,,0.0,,0.0,,0.0,,0.0,,0.0,,0.0,NL,3.0,2.0,2.0,1.0,,sensorypref1,sensorypref2,1280.0,720.0,,,,,,,,,,,,,,,,,,,,,,,,,,,,,,,,,,,22.0,1090.6234,52.0,"[5.7980999999045935,1.8645999999046694,3.9487000000476655,8.612600000143004,6.114499999999964,0.8995999999046376,1.098900000095398,6.414500000000032,6.898099999904673,6.430899999856933,0.9487000000477224,1.132799999952283,1.066000000000031,0.83299999999997,1.833200000047782,0.9997000000475964,2.3490000000000464,4.748900000095318,1.1489000000954093,30.42379999995228,1.0994000000953292,0.8333999998569652,0.7998999998569616,3.697899999856986,0.8659000000953938,4.21449999999993,1.616299999952389,2.4658999998569016,2.6323999998569434,1.6828000001906958,1.0831000001430766,3.4322000000477146,1.0824000000953902,2.2153999998569134,10.512399999856939,11.59610000014311,7.848400000095353,0.9331000001430994,3.8319999999999936,2.7998999998569616,3.898599999904718,0.8497999999523245,1.8168000001907103,0.816799999952309,1.8989000000952956,0.948500000000081,0.9315000000000282,0.8326999998091651,5.931299999952216,0.8506000001430039,0.7660999999045544,0.8162000000477292]","[5.7980999999045935,1.8645999999046694,3.9487000000476655,8.612600000143004,6.114499999999964,0.8997000000476874,1.098900000095398,6.414500000000032,6.898099999904673,6.430999999999983,0.9487000000477224,1.1329999999999814,1.0661000001430239,0.83299999999997,1.833200000047782,0.9997999999523017,2.3491000001430393,4.749000000000024,1.1489000000954093,30.423900000095387,1.0994000000953292,0.8333999998569652,0.7998999998569616,3.697999999999979,0.8659999999999854,4.21449999999993,1.6163999998569807,2.4658999998569016,2.6323999998569434,1.682900000095401,1.0831000001430766,3.4322000000477146,1.0824999999999818,2.2153999998569134,10.512500000000045,11.596200000047702,7.848400000095353,0.933200000047691,3.8320999999045853,2.7998999998569616,3.898700000047711,0.8498999998570298,1.8170000000000073,0.816900000095302,1.899000000000001,0.948500000000081,0.9316000001431348,0.832799999952158,5.931399999856922,0.8506000001430039,0.7662999999522526,0.8162000000477292]",,,0.0,129.0,129.0,15.0,1.0,geel,vgeel,question_vocal.png,im_mouth.png,,,,,,
,,,538741,1,21,2023-09-29_12h32.28.399,flesh_expressibility_dutch,2022.2.4,Win32,60.70908208,,,,18.0,1.0,Nederlands,,,,,,Engels,2.0,Duits,1.0,,0.0,,0.0,,0.0,,0.0,,0.0,,0.0,NL,3.0,2.0,2.0,1.0,,sensorypref1,sensorypref2,1280.0,720.0,,,,,,,,,,,,,,,,,,,,,,,,,,,,,,,,,,,22.0,1091.6752,52.0,"[5.7980999999045935,1.8645999999046694,3.9487000000476655,8.612600000143004,6.114499999999964,0.8995999999046376,1.098900000095398,6.414500000000032,6.898099999904673,6.430899999856933,0.9487000000477224,1.132799999952283,1.066000000000031,0.83299999999997,1.833200000047782,0.9997000000475964,2.3490000000000464,4.748900000095318,1.1489000000954093,30.42379999995228,1.0994000000953292,0.8333999998569652,0.7998999998569616,3.697899999856986,0.8659000000953938,4.21449999999993,1.616299999952389,2.4658999998569016,2.6323999998569434,1.6828000001906958,1.0831000001430766,3.4322000000477146,1.0824000000953902,2.2153999998569134,10.512399999856939,11.59610000014311,7.848400000095353,0.9331000001430994,3.8319999999999936,2.7998999998569616,3.898599999904718,0.8497999999523245,1.8168000001907103,0.816799999952309,1.8989000000952956,0.948500000000081,0.9315000000000282,0.8326999998091651,5.931299999952216,0.8506000001430039,0.7660999999045544,0.8162000000477292]","[5.7980999999045935,1.8645999999046694,3.9487000000476655,8.612600000143004,6.114499999999964,0.8997000000476874,1.098900000095398,6.414500000000032,6.898099999904673,6.430999999999983,0.9487000000477224,1.1329999999999814,1.0661000001430239,0.83299999999997,1.833200000047782,0.9997999999523017,2.3491000001430393,4.749000000000024,1.1489000000954093,30.423900000095387,1.0994000000953292,0.8333999998569652,0.7998999998569616,3.697999999999979,0.8659999999999854,4.21449999999993,1.6163999998569807,2.4658999998569016,2.6323999998569434,1.682900000095401,1.0831000001430766,3.4322000000477146,1.0824999999999818,2.2153999998569134,10.512500000000045,11.596200000047702,7.848400000095353,0.933200000047691,3.8320999999045853,2.7998999998569616,3.898700000047711,0.8498999998570298,1.8170000000000073,0.816900000095302,1.899000000000001,0.948500000000081,0.9316000001431348,0.832799999952158,5.931399999856922,0.8506000001430039,0.7662999999522526,0.8162000000477292]",,,0.0,130.0,130.0,87.0,1.0,vechten,vvechten,question_vocal.png,im_mouth.png,,,,,,
,,,538741,1,21,2023-09-29_12h32.28.399,flesh_expressibility_dutch,2022.2.4,Win32,60.70908208,,,,18.0,1.0,Nederlands,,,,,,Engels,2.0,Duits,1.0,,0.0,,0.0,,0.0,,0.0,,0.0,,0.0,NL,3.0,2.0,2.0,1.0,,sensorypref1,sensorypref2,1280.0,720.0,,,,,,,,,,,,,,,,,,,,,,,,,,,,,,,,,,,22.0,1092.692,52.0,"[5.7980999999045935,1.8645999999046694,3.9487000000476655,8.612600000143004,6.114499999999964,0.8995999999046376,1.098900000095398,6.414500000000032,6.898099999904673,6.430899999856933,0.9487000000477224,1.132799999952283,1.066000000000031,0.83299999999997,1.833200000047782,0.9997000000475964,2.3490000000000464,4.748900000095318,1.1489000000954093,30.42379999995228,1.0994000000953292,0.8333999998569652,0.7998999998569616,3.697899999856986,0.8659000000953938,4.21449999999993,1.616299999952389,2.4658999998569016,2.6323999998569434,1.6828000001906958,1.0831000001430766,3.4322000000477146,1.0824000000953902,2.2153999998569134,10.512399999856939,11.59610000014311,7.848400000095353,0.9331000001430994,3.8319999999999936,2.7998999998569616,3.898599999904718,0.8497999999523245,1.8168000001907103,0.816799999952309,1.8989000000952956,0.948500000000081,0.9315000000000282,0.8326999998091651,5.931299999952216,0.8506000001430039,0.7660999999045544,0.8162000000477292]","[5.7980999999045935,1.8645999999046694,3.9487000000476655,8.612600000143004,6.114499999999964,0.8997000000476874,1.098900000095398,6.414500000000032,6.898099999904673,6.430999999999983,0.9487000000477224,1.1329999999999814,1.0661000001430239,0.83299999999997,1.833200000047782,0.9997999999523017,2.3491000001430393,4.749000000000024,1.1489000000954093,30.423900000095387,1.0994000000953292,0.8333999998569652,0.7998999998569616,3.697999999999979,0.8659999999999854,4.21449999999993,1.6163999998569807,2.4658999998569016,2.6323999998569434,1.682900000095401,1.0831000001430766,3.4322000000477146,1.0824999999999818,2.2153999998569134,10.512500000000045,11.596200000047702,7.848400000095353,0.933200000047691,3.8320999999045853,2.7998999998569616,3.898700000047711,0.8498999998570298,1.8170000000000073,0.816900000095302,1.899000000000001,0.948500000000081,0.9316000001431348,0.832799999952158,5.931399999856922,0.8506000001430039,0.7662999999522526,0.8162000000477292]",,,0.0,131.0,131.0,146.0,1.0,nemen,vnemen,question_vocal.png,im_mouth.png,,,,,,
,,,538741,1,21,2023-09-29_12h32.28.399,flesh_expressibility_dutch,2022.2.4,Win32,60.70908208,,,,18.0,1.0,Nederlands,,,,,,Engels,2.0,Duits,1.0,,0.0,,0.0,,0.0,,0.0,,0.0,,0.0,NL,3.0,2.0,2.0,1.0,,sensorypref1,sensorypref2,1280.0,720.0,,,,,,,,,,,,,,,,,,,,,,,,,,,,,,,,,,,22.0,1093.7133,52.0,"[5.7980999999045935,1.8645999999046694,3.9487000000476655,8.612600000143004,6.114499999999964,0.8995999999046376,1.098900000095398,6.414500000000032,6.898099999904673,6.430899999856933,0.9487000000477224,1.132799999952283,1.066000000000031,0.83299999999997,1.833200000047782,0.9997000000475964,2.3490000000000464,4.748900000095318,1.1489000000954093,30.42379999995228,1.0994000000953292,0.8333999998569652,0.7998999998569616,3.697899999856986,0.8659000000953938,4.21449999999993,1.616299999952389,2.4658999998569016,2.6323999998569434,1.6828000001906958,1.0831000001430766,3.4322000000477146,1.0824000000953902,2.2153999998569134,10.512399999856939,11.59610000014311,7.848400000095353,0.9331000001430994,3.8319999999999936,2.7998999998569616,3.898599999904718,0.8497999999523245,1.8168000001907103,0.816799999952309,1.8989000000952956,0.948500000000081,0.9315000000000282,0.8326999998091651,5.931299999952216,0.8506000001430039,0.7660999999045544,0.8162000000477292]","[5.7980999999045935,1.8645999999046694,3.9487000000476655,8.612600000143004,6.114499999999964,0.8997000000476874,1.098900000095398,6.414500000000032,6.898099999904673,6.430999999999983,0.9487000000477224,1.1329999999999814,1.0661000001430239,0.83299999999997,1.833200000047782,0.9997999999523017,2.3491000001430393,4.749000000000024,1.1489000000954093,30.423900000095387,1.0994000000953292,0.8333999998569652,0.7998999998569616,3.697999999999979,0.8659999999999854,4.21449999999993,1.6163999998569807,2.4658999998569016,2.6323999998569434,1.682900000095401,1.0831000001430766,3.4322000000477146,1.0824999999999818,2.2153999998569134,10.512500000000045,11.596200000047702,7.848400000095353,0.933200000047691,3.8320999999045853,2.7998999998569616,3.898700000047711,0.8498999998570298,1.8170000000000073,0.816900000095302,1.899000000000001,0.948500000000081,0.9316000001431348,0.832799999952158,5.931399999856922,0.8506000001430039,0.7662999999522526,0.8162000000477292]",,,0.0,132.0,132.0,181.0,1.0,ik,vik,question_vocal.png,im_mouth.png,,,,,,
,,,538741,1,21,2023-09-29_12h32.28.399,flesh_expressibility_dutch,2022.2.4,Win32,60.70908208,,,,18.0,1.0,Nederlands,,,,,,Engels,2.0,Duits,1.0,,0.0,,0.0,,0.0,,0.0,,0.0,,0.0,NL,3.0,2.0,2.0,1.0,,sensorypref1,sensorypref2,1280.0,720.0,,,,,,,,,,,,,,,,,,,,,,,,,,,,,,,,,,,22.0,1094.7361,52.0,"[5.7980999999045935,1.8645999999046694,3.9487000000476655,8.612600000143004,6.114499999999964,0.8995999999046376,1.098900000095398,6.414500000000032,6.898099999904673,6.430899999856933,0.9487000000477224,1.132799999952283,1.066000000000031,0.83299999999997,1.833200000047782,0.9997000000475964,2.3490000000000464,4.748900000095318,1.1489000000954093,30.42379999995228,1.0994000000953292,0.8333999998569652,0.7998999998569616,3.697899999856986,0.8659000000953938,4.21449999999993,1.616299999952389,2.4658999998569016,2.6323999998569434,1.6828000001906958,1.0831000001430766,3.4322000000477146,1.0824000000953902,2.2153999998569134,10.512399999856939,11.59610000014311,7.848400000095353,0.9331000001430994,3.8319999999999936,2.7998999998569616,3.898599999904718,0.8497999999523245,1.8168000001907103,0.816799999952309,1.8989000000952956,0.948500000000081,0.9315000000000282,0.8326999998091651,5.931299999952216,0.8506000001430039,0.7660999999045544,0.8162000000477292]","[5.7980999999045935,1.8645999999046694,3.9487000000476655,8.612600000143004,6.114499999999964,0.8997000000476874,1.098900000095398,6.414500000000032,6.898099999904673,6.430999999999983,0.9487000000477224,1.1329999999999814,1.0661000001430239,0.83299999999997,1.833200000047782,0.9997999999523017,2.3491000001430393,4.749000000000024,1.1489000000954093,30.423900000095387,1.0994000000953292,0.8333999998569652,0.7998999998569616,3.697999999999979,0.8659999999999854,4.21449999999993,1.6163999998569807,2.4658999998569016,2.6323999998569434,1.682900000095401,1.0831000001430766,3.4322000000477146,1.0824999999999818,2.2153999998569134,10.512500000000045,11.596200000047702,7.848400000095353,0.933200000047691,3.8320999999045853,2.7998999998569616,3.898700000047711,0.8498999998570298,1.8170000000000073,0.816900000095302,1.899000000000001,0.948500000000081,0.9316000001431348,0.832799999952158,5.931399999856922,0.8506000001430039,0.7662999999522526,0.8162000000477292]",,,0.0,133.0,133.0,189.0,1.0,as,vas,question_vocal.png,im_mouth.png,,,,,,
,,,538741,1,21,2023-09-29_12h32.28.399,flesh_expressibility_dutch,2022.2.4,Win32,60.70908208,,,,18.0,1.0,Nederlands,,,,,,Engels,2.0,Duits,1.0,,0.0,,0.0,,0.0,,0.0,,0.0,,0.0,NL,3.0,2.0,2.0,1.0,,sensorypref1,sensorypref2,1280.0,720.0,,,,,,,,,,,,,,,,,,,,,,,,,,,,,,,,,,,22.0,1095.7731,52.0,"[5.7980999999045935,1.8645999999046694,3.9487000000476655,8.612600000143004,6.114499999999964,0.8995999999046376,1.098900000095398,6.414500000000032,6.898099999904673,6.430899999856933,0.9487000000477224,1.132799999952283,1.066000000000031,0.83299999999997,1.833200000047782,0.9997000000475964,2.3490000000000464,4.748900000095318,1.1489000000954093,30.42379999995228,1.0994000000953292,0.8333999998569652,0.7998999998569616,3.697899999856986,0.8659000000953938,4.21449999999993,1.616299999952389,2.4658999998569016,2.6323999998569434,1.6828000001906958,1.0831000001430766,3.4322000000477146,1.0824000000953902,2.2153999998569134,10.512399999856939,11.59610000014311,7.848400000095353,0.9331000001430994,3.8319999999999936,2.7998999998569616,3.898599999904718,0.8497999999523245,1.8168000001907103,0.816799999952309,1.8989000000952956,0.948500000000081,0.9315000000000282,0.8326999998091651,5.931299999952216,0.8506000001430039,0.7660999999045544,0.8162000000477292]","[5.7980999999045935,1.8645999999046694,3.9487000000476655,8.612600000143004,6.114499999999964,0.8997000000476874,1.098900000095398,6.414500000000032,6.898099999904673,6.430999999999983,0.9487000000477224,1.1329999999999814,1.0661000001430239,0.83299999999997,1.833200000047782,0.9997999999523017,2.3491000001430393,4.749000000000024,1.1489000000954093,30.423900000095387,1.0994000000953292,0.8333999998569652,0.7998999998569616,3.697999999999979,0.8659999999999854,4.21449999999993,1.6163999998569807,2.4658999998569016,2.6323999998569434,1.682900000095401,1.0831000001430766,3.4322000000477146,1.0824999999999818,2.2153999998569134,10.512500000000045,11.596200000047702,7.848400000095353,0.933200000047691,3.8320999999045853,2.7998999998569616,3.898700000047711,0.8498999998570298,1.8170000000000073,0.816900000095302,1.899000000000001,0.948500000000081,0.9316000001431348,0.832799999952158,5.931399999856922,0.8506000001430039,0.7662999999522526,0.8162000000477292]",,,0.0,134.0,134.0,126.0,1.0,dij,vdij,question_vocal.png,im_mouth.png,,,,,,
,,,538741,1,21,2023-09-29_12h32.28.399,flesh_expressibility_dutch,2022.2.4,Win32,60.70908208,,,,18.0,1.0,Nederlands,,,,,,Engels,2.0,Duits,1.0,,0.0,,0.0,,0.0,,0.0,,0.0,,0.0,NL,3.0,2.0,2.0,1.0,,sensorypref1,sensorypref2,1280.0,720.0,,,,,,,,,,,,,,,,,,,,,,,,,,,,,,,,,,,22.0,1096.7795,52.0,"[5.7980999999045935,1.8645999999046694,3.9487000000476655,8.612600000143004,6.114499999999964,0.8995999999046376,1.098900000095398,6.414500000000032,6.898099999904673,6.430899999856933,0.9487000000477224,1.132799999952283,1.066000000000031,0.83299999999997,1.833200000047782,0.9997000000475964,2.3490000000000464,4.748900000095318,1.1489000000954093,30.42379999995228,1.0994000000953292,0.8333999998569652,0.7998999998569616,3.697899999856986,0.8659000000953938,4.21449999999993,1.616299999952389,2.4658999998569016,2.6323999998569434,1.6828000001906958,1.0831000001430766,3.4322000000477146,1.0824000000953902,2.2153999998569134,10.512399999856939,11.59610000014311,7.848400000095353,0.9331000001430994,3.8319999999999936,2.7998999998569616,3.898599999904718,0.8497999999523245,1.8168000001907103,0.816799999952309,1.8989000000952956,0.948500000000081,0.9315000000000282,0.8326999998091651,5.931299999952216,0.8506000001430039,0.7660999999045544,0.8162000000477292]","[5.7980999999045935,1.8645999999046694,3.9487000000476655,8.612600000143004,6.114499999999964,0.8997000000476874,1.098900000095398,6.414500000000032,6.898099999904673,6.430999999999983,0.9487000000477224,1.1329999999999814,1.0661000001430239,0.83299999999997,1.833200000047782,0.9997999999523017,2.3491000001430393,4.749000000000024,1.1489000000954093,30.423900000095387,1.0994000000953292,0.8333999998569652,0.7998999998569616,3.697999999999979,0.8659999999999854,4.21449999999993,1.6163999998569807,2.4658999998569016,2.6323999998569434,1.682900000095401,1.0831000001430766,3.4322000000477146,1.0824999999999818,2.2153999998569134,10.512500000000045,11.596200000047702,7.848400000095353,0.933200000047691,3.8320999999045853,2.7998999998569616,3.898700000047711,0.8498999998570298,1.8170000000000073,0.816900000095302,1.899000000000001,0.948500000000081,0.9316000001431348,0.832799999952158,5.931399999856922,0.8506000001430039,0.7662999999522526,0.8162000000477292]",,,0.0,135.0,135.0,67.0,1.0,ruw,vruw,question_vocal.png,im_mouth.png,,,,,,
,,,538741,1,21,2023-09-29_12h32.28.399,flesh_expressibility_dutch,2022.2.4,Win32,60.70908208,,,,18.0,1.0,Nederlands,,,,,,Engels,2.0,Duits,1.0,,0.0,,0.0,,0.0,,0.0,,0.0,,0.0,NL,3.0,2.0,2.0,1.0,,sensorypref1,sensorypref2,1280.0,720.0,,,,,,,,,,,,,,,,,,,,,,,,,,,,,,,,,,,22.0,1097.7921,52.0,"[5.7980999999045935,1.8645999999046694,3.9487000000476655,8.612600000143004,6.114499999999964,0.8995999999046376,1.098900000095398,6.414500000000032,6.898099999904673,6.430899999856933,0.9487000000477224,1.132799999952283,1.066000000000031,0.83299999999997,1.833200000047782,0.9997000000475964,2.3490000000000464,4.748900000095318,1.1489000000954093,30.42379999995228,1.0994000000953292,0.8333999998569652,0.7998999998569616,3.697899999856986,0.8659000000953938,4.21449999999993,1.616299999952389,2.4658999998569016,2.6323999998569434,1.6828000001906958,1.0831000001430766,3.4322000000477146,1.0824000000953902,2.2153999998569134,10.512399999856939,11.59610000014311,7.848400000095353,0.9331000001430994,3.8319999999999936,2.7998999998569616,3.898599999904718,0.8497999999523245,1.8168000001907103,0.816799999952309,1.8989000000952956,0.948500000000081,0.9315000000000282,0.8326999998091651,5.931299999952216,0.8506000001430039,0.7660999999045544,0.8162000000477292]","[5.7980999999045935,1.8645999999046694,3.9487000000476655,8.612600000143004,6.114499999999964,0.8997000000476874,1.098900000095398,6.414500000000032,6.898099999904673,6.430999999999983,0.9487000000477224,1.1329999999999814,1.0661000001430239,0.83299999999997,1.833200000047782,0.9997999999523017,2.3491000001430393,4.749000000000024,1.1489000000954093,30.423900000095387,1.0994000000953292,0.8333999998569652,0.7998999998569616,3.697999999999979,0.8659999999999854,4.21449999999993,1.6163999998569807,2.4658999998569016,2.6323999998569434,1.682900000095401,1.0831000001430766,3.4322000000477146,1.0824999999999818,2.2153999998569134,10.512500000000045,11.596200000047702,7.848400000095353,0.933200000047691,3.8320999999045853,2.7998999998569616,3.898700000047711,0.8498999998570298,1.8170000000000073,0.816900000095302,1.899000000000001,0.948500000000081,0.9316000001431348,0.832799999952158,5.931399999856922,0.8506000001430039,0.7662999999522526,0.8162000000477292]",,,0.0,136.0,136.0,197.0,1.0,rots,vrots,question_vocal.png,im_mouth.png,,,,,,
,,,538741,1,21,2023-09-29_12h32.28.399,flesh_expressibility_dutch,2022.2.4,Win32,60.70908208,,,,18.0,1.0,Nederlands,,,,,,Engels,2.0,Duits,1.0,,0.0,,0.0,,0.0,,0.0,,0.0,,0.0,NL,3.0,2.0,2.0,1.0,,sensorypref1,sensorypref2,1280.0,720.0,,,,,,,,,,,,,,,,,,,,,,,,,,,,,,,,,,,22.0,1098.7734,52.0,"[5.7980999999045935,1.8645999999046694,3.9487000000476655,8.612600000143004,6.114499999999964,0.8995999999046376,1.098900000095398,6.414500000000032,6.898099999904673,6.430899999856933,0.9487000000477224,1.132799999952283,1.066000000000031,0.83299999999997,1.833200000047782,0.9997000000475964,2.3490000000000464,4.748900000095318,1.1489000000954093,30.42379999995228,1.0994000000953292,0.8333999998569652,0.7998999998569616,3.697899999856986,0.8659000000953938,4.21449999999993,1.616299999952389,2.4658999998569016,2.6323999998569434,1.6828000001906958,1.0831000001430766,3.4322000000477146,1.0824000000953902,2.2153999998569134,10.512399999856939,11.59610000014311,7.848400000095353,0.9331000001430994,3.8319999999999936,2.7998999998569616,3.898599999904718,0.8497999999523245,1.8168000001907103,0.816799999952309,1.8989000000952956,0.948500000000081,0.9315000000000282,0.8326999998091651,5.931299999952216,0.8506000001430039,0.7660999999045544,0.8162000000477292]","[5.7980999999045935,1.8645999999046694,3.9487000000476655,8.612600000143004,6.114499999999964,0.8997000000476874,1.098900000095398,6.414500000000032,6.898099999904673,6.430999999999983,0.9487000000477224,1.1329999999999814,1.0661000001430239,0.83299999999997,1.833200000047782,0.9997999999523017,2.3491000001430393,4.749000000000024,1.1489000000954093,30.423900000095387,1.0994000000953292,0.8333999998569652,0.7998999998569616,3.697999999999979,0.8659999999999854,4.21449999999993,1.6163999998569807,2.4658999998569016,2.6323999998569434,1.682900000095401,1.0831000001430766,3.4322000000477146,1.0824999999999818,2.2153999998569134,10.512500000000045,11.596200000047702,7.848400000095353,0.933200000047691,3.8320999999045853,2.7998999998569616,3.898700000047711,0.8498999998570298,1.8170000000000073,0.816900000095302,1.899000000000001,0.948500000000081,0.9316000001431348,0.832799999952158,5.931399999856922,0.8506000001430039,0.7662999999522526,0.8162000000477292]",,,0.0,137.0,137.0,79.0,1.0,veel,vveel,question_vocal.png,im_mouth.png,,,,,,
,,,538741,1,21,2023-09-29_12h32.28.399,flesh_expressibility_dutch,2022.2.4,Win32,60.70908208,,,,18.0,1.0,Nederlands,,,,,,Engels,2.0,Duits,1.0,,0.0,,0.0,,0.0,,0.0,,0.0,,0.0,NL,3.0,2.0,2.0,1.0,,sensorypref1,sensorypref2,1280.0,720.0,,,,,,,,,,,,,,,,,,,,,,,,,,,,,,,,,,,22.0,1099.7868,52.0,"[5.7980999999045935,1.8645999999046694,3.9487000000476655,8.612600000143004,6.114499999999964,0.8995999999046376,1.098900000095398,6.414500000000032,6.898099999904673,6.430899999856933,0.9487000000477224,1.132799999952283,1.066000000000031,0.83299999999997,1.833200000047782,0.9997000000475964,2.3490000000000464,4.748900000095318,1.1489000000954093,30.42379999995228,1.0994000000953292,0.8333999998569652,0.7998999998569616,3.697899999856986,0.8659000000953938,4.21449999999993,1.616299999952389,2.4658999998569016,2.6323999998569434,1.6828000001906958,1.0831000001430766,3.4322000000477146,1.0824000000953902,2.2153999998569134,10.512399999856939,11.59610000014311,7.848400000095353,0.9331000001430994,3.8319999999999936,2.7998999998569616,3.898599999904718,0.8497999999523245,1.8168000001907103,0.816799999952309,1.8989000000952956,0.948500000000081,0.9315000000000282,0.8326999998091651,5.931299999952216,0.8506000001430039,0.7660999999045544,0.8162000000477292]","[5.7980999999045935,1.8645999999046694,3.9487000000476655,8.612600000143004,6.114499999999964,0.8997000000476874,1.098900000095398,6.414500000000032,6.898099999904673,6.430999999999983,0.9487000000477224,1.1329999999999814,1.0661000001430239,0.83299999999997,1.833200000047782,0.9997999999523017,2.3491000001430393,4.749000000000024,1.1489000000954093,30.423900000095387,1.0994000000953292,0.8333999998569652,0.7998999998569616,3.697999999999979,0.8659999999999854,4.21449999999993,1.6163999998569807,2.4658999998569016,2.6323999998569434,1.682900000095401,1.0831000001430766,3.4322000000477146,1.0824999999999818,2.2153999998569134,10.512500000000045,11.596200000047702,7.848400000095353,0.933200000047691,3.8320999999045853,2.7998999998569616,3.898700000047711,0.8498999998570298,1.8170000000000073,0.816900000095302,1.899000000000001,0.948500000000081,0.9316000001431348,0.832799999952158,5.931399999856922,0.8506000001430039,0.7662999999522526,0.8162000000477292]",,,0.0,138.0,138.0,204.0,1.0,donker,vdonker,question_vocal.png,im_mouth.png,,,,,,
,,,538741,1,21,2023-09-29_12h32.28.399,flesh_expressibility_dutch,2022.2.4,Win32,60.70908208,,,,18.0,1.0,Nederlands,,,,,,Engels,2.0,Duits,1.0,,0.0,,0.0,,0.0,,0.0,,0.0,,0.0,NL,3.0,2.0,2.0,1.0,,sensorypref1,sensorypref2,1280.0,720.0,,,,,,,,,,,,,,,,,,,,,,,,,,,,,,,,,,,22.0,1100.8421,52.0,"[5.7980999999045935,1.8645999999046694,3.9487000000476655,8.612600000143004,6.114499999999964,0.8995999999046376,1.098900000095398,6.414500000000032,6.898099999904673,6.430899999856933,0.9487000000477224,1.132799999952283,1.066000000000031,0.83299999999997,1.833200000047782,0.9997000000475964,2.3490000000000464,4.748900000095318,1.1489000000954093,30.42379999995228,1.0994000000953292,0.8333999998569652,0.7998999998569616,3.697899999856986,0.8659000000953938,4.21449999999993,1.616299999952389,2.4658999998569016,2.6323999998569434,1.6828000001906958,1.0831000001430766,3.4322000000477146,1.0824000000953902,2.2153999998569134,10.512399999856939,11.59610000014311,7.848400000095353,0.9331000001430994,3.8319999999999936,2.7998999998569616,3.898599999904718,0.8497999999523245,1.8168000001907103,0.816799999952309,1.8989000000952956,0.948500000000081,0.9315000000000282,0.8326999998091651,5.931299999952216,0.8506000001430039,0.7660999999045544,0.8162000000477292]","[5.7980999999045935,1.8645999999046694,3.9487000000476655,8.612600000143004,6.114499999999964,0.8997000000476874,1.098900000095398,6.414500000000032,6.898099999904673,6.430999999999983,0.9487000000477224,1.1329999999999814,1.0661000001430239,0.83299999999997,1.833200000047782,0.9997999999523017,2.3491000001430393,4.749000000000024,1.1489000000954093,30.423900000095387,1.0994000000953292,0.8333999998569652,0.7998999998569616,3.697999999999979,0.8659999999999854,4.21449999999993,1.6163999998569807,2.4658999998569016,2.6323999998569434,1.682900000095401,1.0831000001430766,3.4322000000477146,1.0824999999999818,2.2153999998569134,10.512500000000045,11.596200000047702,7.848400000095353,0.933200000047691,3.8320999999045853,2.7998999998569616,3.898700000047711,0.8498999998570298,1.8170000000000073,0.816900000095302,1.899000000000001,0.948500000000081,0.9316000001431348,0.832799999952158,5.931399999856922,0.8506000001430039,0.7662999999522526,0.8162000000477292]",,,0.0,139.0,139.0,13.0,1.0,geurig,vgeurig,question_vocal.png,im_mouth.png,,,,,,
,,,538741,1,21,2023-09-29_12h32.28.399,flesh_expressibility_dutch,2022.2.4,Win32,60.70908208,,,,18.0,1.0,Nederlands,,,,,,Engels,2.0,Duits,1.0,,0.0,,0.0,,0.0,,0.0,,0.0,,0.0,NL,3.0,2.0,2.0,1.0,,sensorypref1,sensorypref2,1280.0,720.0,,,,,,,,,,,,,,,,,,,,,,,,,,,,,,,,,,,22.0,1101.8639,52.0,"[5.7980999999045935,1.8645999999046694,3.9487000000476655,8.612600000143004,6.114499999999964,0.8995999999046376,1.098900000095398,6.414500000000032,6.898099999904673,6.430899999856933,0.9487000000477224,1.132799999952283,1.066000000000031,0.83299999999997,1.833200000047782,0.9997000000475964,2.3490000000000464,4.748900000095318,1.1489000000954093,30.42379999995228,1.0994000000953292,0.8333999998569652,0.7998999998569616,3.697899999856986,0.8659000000953938,4.21449999999993,1.616299999952389,2.4658999998569016,2.6323999998569434,1.6828000001906958,1.0831000001430766,3.4322000000477146,1.0824000000953902,2.2153999998569134,10.512399999856939,11.59610000014311,7.848400000095353,0.9331000001430994,3.8319999999999936,2.7998999998569616,3.898599999904718,0.8497999999523245,1.8168000001907103,0.816799999952309,1.8989000000952956,0.948500000000081,0.9315000000000282,0.8326999998091651,5.931299999952216,0.8506000001430039,0.7660999999045544,0.8162000000477292]","[5.7980999999045935,1.8645999999046694,3.9487000000476655,8.612600000143004,6.114499999999964,0.8997000000476874,1.098900000095398,6.414500000000032,6.898099999904673,6.430999999999983,0.9487000000477224,1.1329999999999814,1.0661000001430239,0.83299999999997,1.833200000047782,0.9997999999523017,2.3491000001430393,4.749000000000024,1.1489000000954093,30.423900000095387,1.0994000000953292,0.8333999998569652,0.7998999998569616,3.697999999999979,0.8659999999999854,4.21449999999993,1.6163999998569807,2.4658999998569016,2.6323999998569434,1.682900000095401,1.0831000001430766,3.4322000000477146,1.0824999999999818,2.2153999998569134,10.512500000000045,11.596200000047702,7.848400000095353,0.933200000047691,3.8320999999045853,2.7998999998569616,3.898700000047711,0.8498999998570298,1.8170000000000073,0.816900000095302,1.899000000000001,0.948500000000081,0.9316000001431348,0.832799999952158,5.931399999856922,0.8506000001430039,0.7662999999522526,0.8162000000477292]",,,0.0,140.0,140.0,46.0,1.0,nat,vnat,question_vocal.png,im_mouth.png,,,,,,
,,,538741,1,21,2023-09-29_12h32.28.399,flesh_expressibility_dutch,2022.2.4,Win32,60.70908208,,,,18.0,1.0,Nederlands,,,,,,Engels,2.0,Duits,1.0,,0.0,,0.0,,0.0,,0.0,,0.0,,0.0,NL,3.0,2.0,2.0,1.0,,sensorypref1,sensorypref2,1280.0,720.0,,,,,,,,,,,,,,,,,,,,,,,,,,,,,,,,,,,22.0,1102.8936,52.0,"[5.7980999999045935,1.8645999999046694,3.9487000000476655,8.612600000143004,6.114499999999964,0.8995999999046376,1.098900000095398,6.414500000000032,6.898099999904673,6.430899999856933,0.9487000000477224,1.132799999952283,1.066000000000031,0.83299999999997,1.833200000047782,0.9997000000475964,2.3490000000000464,4.748900000095318,1.1489000000954093,30.42379999995228,1.0994000000953292,0.8333999998569652,0.7998999998569616,3.697899999856986,0.8659000000953938,4.21449999999993,1.616299999952389,2.4658999998569016,2.6323999998569434,1.6828000001906958,1.0831000001430766,3.4322000000477146,1.0824000000953902,2.2153999998569134,10.512399999856939,11.59610000014311,7.848400000095353,0.9331000001430994,3.8319999999999936,2.7998999998569616,3.898599999904718,0.8497999999523245,1.8168000001907103,0.816799999952309,1.8989000000952956,0.948500000000081,0.9315000000000282,0.8326999998091651,5.931299999952216,0.8506000001430039,0.7660999999045544,0.8162000000477292]","[5.7980999999045935,1.8645999999046694,3.9487000000476655,8.612600000143004,6.114499999999964,0.8997000000476874,1.098900000095398,6.414500000000032,6.898099999904673,6.430999999999983,0.9487000000477224,1.1329999999999814,1.0661000001430239,0.83299999999997,1.833200000047782,0.9997999999523017,2.3491000001430393,4.749000000000024,1.1489000000954093,30.423900000095387,1.0994000000953292,0.8333999998569652,0.7998999998569616,3.697999999999979,0.8659999999999854,4.21449999999993,1.6163999998569807,2.4658999998569016,2.6323999998569434,1.682900000095401,1.0831000001430766,3.4322000000477146,1.0824999999999818,2.2153999998569134,10.512500000000045,11.596200000047702,7.848400000095353,0.933200000047691,3.8320999999045853,2.7998999998569616,3.898700000047711,0.8498999998570298,1.8170000000000073,0.816900000095302,1.899000000000001,0.948500000000081,0.9316000001431348,0.832799999952158,5.931399999856922,0.8506000001430039,0.7662999999522526,0.8162000000477292]",,,0.0,141.0,141.0,191.0,1.0,vuur,vvuur,question_vocal.png,im_mouth.png,,,,,,
,,,538741,1,21,2023-09-29_12h32.28.399,flesh_expressibility_dutch,2022.2.4,Win32,60.70908208,,,,18.0,1.0,Nederlands,,,,,,Engels,2.0,Duits,1.0,,0.0,,0.0,,0.0,,0.0,,0.0,,0.0,NL,3.0,2.0,2.0,1.0,,sensorypref1,sensorypref2,1280.0,720.0,,,,,,,,,,,,,,,,,,,,,,,,,,,,,,,,,,,22.0,1103.9181,52.0,"[5.7980999999045935,1.8645999999046694,3.9487000000476655,8.612600000143004,6.114499999999964,0.8995999999046376,1.098900000095398,6.414500000000032,6.898099999904673,6.430899999856933,0.9487000000477224,1.132799999952283,1.066000000000031,0.83299999999997,1.833200000047782,0.9997000000475964,2.3490000000000464,4.748900000095318,1.1489000000954093,30.42379999995228,1.0994000000953292,0.8333999998569652,0.7998999998569616,3.697899999856986,0.8659000000953938,4.21449999999993,1.616299999952389,2.4658999998569016,2.6323999998569434,1.6828000001906958,1.0831000001430766,3.4322000000477146,1.0824000000953902,2.2153999998569134,10.512399999856939,11.59610000014311,7.848400000095353,0.9331000001430994,3.8319999999999936,2.7998999998569616,3.898599999904718,0.8497999999523245,1.8168000001907103,0.816799999952309,1.8989000000952956,0.948500000000081,0.9315000000000282,0.8326999998091651,5.931299999952216,0.8506000001430039,0.7660999999045544,0.8162000000477292]","[5.7980999999045935,1.8645999999046694,3.9487000000476655,8.612600000143004,6.114499999999964,0.8997000000476874,1.098900000095398,6.414500000000032,6.898099999904673,6.430999999999983,0.9487000000477224,1.1329999999999814,1.0661000001430239,0.83299999999997,1.833200000047782,0.9997999999523017,2.3491000001430393,4.749000000000024,1.1489000000954093,30.423900000095387,1.0994000000953292,0.8333999998569652,0.7998999998569616,3.697999999999979,0.8659999999999854,4.21449999999993,1.6163999998569807,2.4658999998569016,2.6323999998569434,1.682900000095401,1.0831000001430766,3.4322000000477146,1.0824999999999818,2.2153999998569134,10.512500000000045,11.596200000047702,7.848400000095353,0.933200000047691,3.8320999999045853,2.7998999998569616,3.898700000047711,0.8498999998570298,1.8170000000000073,0.816900000095302,1.899000000000001,0.948500000000081,0.9316000001431348,0.832799999952158,5.931399999856922,0.8506000001430039,0.7662999999522526,0.8162000000477292]",,,0.0,142.0,142.0,54.0,1.0,snel,vsnel,question_vocal.png,im_mouth.png,,,,,,
,,,538741,1,21,2023-09-29_12h32.28.399,flesh_expressibility_dutch,2022.2.4,Win32,60.70908208,,,,18.0,1.0,Nederlands,,,,,,Engels,2.0,Duits,1.0,,0.0,,0.0,,0.0,,0.0,,0.0,,0.0,NL,3.0,2.0,2.0,1.0,,sensorypref1,sensorypref2,1280.0,720.0,,,,,,,,,,,,,,,,,,,,,,,,,,,,,,,,,,,22.0,1105.0163,52.0,"[5.7980999999045935,1.8645999999046694,3.9487000000476655,8.612600000143004,6.114499999999964,0.8995999999046376,1.098900000095398,6.414500000000032,6.898099999904673,6.430899999856933,0.9487000000477224,1.132799999952283,1.066000000000031,0.83299999999997,1.833200000047782,0.9997000000475964,2.3490000000000464,4.748900000095318,1.1489000000954093,30.42379999995228,1.0994000000953292,0.8333999998569652,0.7998999998569616,3.697899999856986,0.8659000000953938,4.21449999999993,1.616299999952389,2.4658999998569016,2.6323999998569434,1.6828000001906958,1.0831000001430766,3.4322000000477146,1.0824000000953902,2.2153999998569134,10.512399999856939,11.59610000014311,7.848400000095353,0.9331000001430994,3.8319999999999936,2.7998999998569616,3.898599999904718,0.8497999999523245,1.8168000001907103,0.816799999952309,1.8989000000952956,0.948500000000081,0.9315000000000282,0.8326999998091651,5.931299999952216,0.8506000001430039,0.7660999999045544,0.8162000000477292]","[5.7980999999045935,1.8645999999046694,3.9487000000476655,8.612600000143004,6.114499999999964,0.8997000000476874,1.098900000095398,6.414500000000032,6.898099999904673,6.430999999999983,0.9487000000477224,1.1329999999999814,1.0661000001430239,0.83299999999997,1.833200000047782,0.9997999999523017,2.3491000001430393,4.749000000000024,1.1489000000954093,30.423900000095387,1.0994000000953292,0.8333999998569652,0.7998999998569616,3.697999999999979,0.8659999999999854,4.21449999999993,1.6163999998569807,2.4658999998569016,2.6323999998569434,1.682900000095401,1.0831000001430766,3.4322000000477146,1.0824999999999818,2.2153999998569134,10.512500000000045,11.596200000047702,7.848400000095353,0.933200000047691,3.8320999999045853,2.7998999998569616,3.898700000047711,0.8498999998570298,1.8170000000000073,0.816900000095302,1.899000000000001,0.948500000000081,0.9316000001431348,0.832799999952158,5.931399999856922,0.8506000001430039,0.7662999999522526,0.8162000000477292]",,,0.0,143.0,143.0,70.0,1.0,aanraken,vaanraken,question_vocal.png,im_mouth.png,,,,,,
,,,538741,1,21,2023-09-29_12h32.28.399,flesh_expressibility_dutch,2022.2.4,Win32,60.70908208,,,,18.0,1.0,Nederlands,,,,,,Engels,2.0,Duits,1.0,,0.0,,0.0,,0.0,,0.0,,0.0,,0.0,NL,3.0,2.0,2.0,1.0,,sensorypref1,sensorypref2,1280.0,720.0,,,,,,,,,,,,,,,,,,,,,,,,,,,,,,,,,,,22.0,1105.9657,52.0,"[5.7980999999045935,1.8645999999046694,3.9487000000476655,8.612600000143004,6.114499999999964,0.8995999999046376,1.098900000095398,6.414500000000032,6.898099999904673,6.430899999856933,0.9487000000477224,1.132799999952283,1.066000000000031,0.83299999999997,1.833200000047782,0.9997000000475964,2.3490000000000464,4.748900000095318,1.1489000000954093,30.42379999995228,1.0994000000953292,0.8333999998569652,0.7998999998569616,3.697899999856986,0.8659000000953938,4.21449999999993,1.616299999952389,2.4658999998569016,2.6323999998569434,1.6828000001906958,1.0831000001430766,3.4322000000477146,1.0824000000953902,2.2153999998569134,10.512399999856939,11.59610000014311,7.848400000095353,0.9331000001430994,3.8319999999999936,2.7998999998569616,3.898599999904718,0.8497999999523245,1.8168000001907103,0.816799999952309,1.8989000000952956,0.948500000000081,0.9315000000000282,0.8326999998091651,5.931299999952216,0.8506000001430039,0.7660999999045544,0.8162000000477292]","[5.7980999999045935,1.8645999999046694,3.9487000000476655,8.612600000143004,6.114499999999964,0.8997000000476874,1.098900000095398,6.414500000000032,6.898099999904673,6.430999999999983,0.9487000000477224,1.1329999999999814,1.0661000001430239,0.83299999999997,1.833200000047782,0.9997999999523017,2.3491000001430393,4.749000000000024,1.1489000000954093,30.423900000095387,1.0994000000953292,0.8333999998569652,0.7998999998569616,3.697999999999979,0.8659999999999854,4.21449999999993,1.6163999998569807,2.4658999998569016,2.6323999998569434,1.682900000095401,1.0831000001430766,3.4322000000477146,1.0824999999999818,2.2153999998569134,10.512500000000045,11.596200000047702,7.848400000095353,0.933200000047691,3.8320999999045853,2.7998999998569616,3.898700000047711,0.8498999998570298,1.8170000000000073,0.816900000095302,1.899000000000001,0.948500000000081,0.9316000001431348,0.832799999952158,5.931399999856922,0.8506000001430039,0.7662999999522526,0.8162000000477292]",,,0.0,144.0,144.0,58.0,1.0,wanneer,vwanneer,question_vocal.png,im_mouth.png,,,,,,
,,,538741,1,21,2023-09-29_12h32.28.399,flesh_expressibility_dutch,2022.2.4,Win32,60.70908208,,,,18.0,1.0,Nederlands,,,,,,Engels,2.0,Duits,1.0,,0.0,,0.0,,0.0,,0.0,,0.0,,0.0,NL,3.0,2.0,2.0,1.0,,sensorypref1,sensorypref2,1280.0,720.0,,,,,,,,,,,,,,,,,,,,,,,,,,,,,,,,,,,22.0,1106.9514,52.0,"[5.7980999999045935,1.8645999999046694,3.9487000000476655,8.612600000143004,6.114499999999964,0.8995999999046376,1.098900000095398,6.414500000000032,6.898099999904673,6.430899999856933,0.9487000000477224,1.132799999952283,1.066000000000031,0.83299999999997,1.833200000047782,0.9997000000475964,2.3490000000000464,4.748900000095318,1.1489000000954093,30.42379999995228,1.0994000000953292,0.8333999998569652,0.7998999998569616,3.697899999856986,0.8659000000953938,4.21449999999993,1.616299999952389,2.4658999998569016,2.6323999998569434,1.6828000001906958,1.0831000001430766,3.4322000000477146,1.0824000000953902,2.2153999998569134,10.512399999856939,11.59610000014311,7.848400000095353,0.9331000001430994,3.8319999999999936,2.7998999998569616,3.898599999904718,0.8497999999523245,1.8168000001907103,0.816799999952309,1.8989000000952956,0.948500000000081,0.9315000000000282,0.8326999998091651,5.931299999952216,0.8506000001430039,0.7660999999045544,0.8162000000477292]","[5.7980999999045935,1.8645999999046694,3.9487000000476655,8.612600000143004,6.114499999999964,0.8997000000476874,1.098900000095398,6.414500000000032,6.898099999904673,6.430999999999983,0.9487000000477224,1.1329999999999814,1.0661000001430239,0.83299999999997,1.833200000047782,0.9997999999523017,2.3491000001430393,4.749000000000024,1.1489000000954093,30.423900000095387,1.0994000000953292,0.8333999998569652,0.7998999998569616,3.697999999999979,0.8659999999999854,4.21449999999993,1.6163999998569807,2.4658999998569016,2.6323999998569434,1.682900000095401,1.0831000001430766,3.4322000000477146,1.0824999999999818,2.2153999998569134,10.512500000000045,11.596200000047702,7.848400000095353,0.933200000047691,3.8320999999045853,2.7998999998569616,3.898700000047711,0.8498999998570298,1.8170000000000073,0.816900000095302,1.899000000000001,0.948500000000081,0.9316000001431348,0.832799999952158,5.931399999856922,0.8506000001430039,0.7662999999522526,0.8162000000477292]",,,0.0,145.0,145.0,99.0,1.0,mier,vmier,question_vocal.png,im_mouth.png,,,,,,
,,,538741,1,21,2023-09-29_12h32.28.399,flesh_expressibility_dutch,2022.2.4,Win32,60.70908208,,,,18.0,1.0,Nederlands,,,,,,Engels,2.0,Duits,1.0,,0.0,,0.0,,0.0,,0.0,,0.0,,0.0,NL,3.0,2.0,2.0,1.0,,sensorypref1,sensorypref2,1280.0,720.0,,,,,,,,,,,,,,,,,,,,,,,,,,,,,,,,,,,22.0,1107.9957,52.0,"[5.7980999999045935,1.8645999999046694,3.9487000000476655,8.612600000143004,6.114499999999964,0.8995999999046376,1.098900000095398,6.414500000000032,6.898099999904673,6.430899999856933,0.9487000000477224,1.132799999952283,1.066000000000031,0.83299999999997,1.833200000047782,0.9997000000475964,2.3490000000000464,4.748900000095318,1.1489000000954093,30.42379999995228,1.0994000000953292,0.8333999998569652,0.7998999998569616,3.697899999856986,0.8659000000953938,4.21449999999993,1.616299999952389,2.4658999998569016,2.6323999998569434,1.6828000001906958,1.0831000001430766,3.4322000000477146,1.0824000000953902,2.2153999998569134,10.512399999856939,11.59610000014311,7.848400000095353,0.9331000001430994,3.8319999999999936,2.7998999998569616,3.898599999904718,0.8497999999523245,1.8168000001907103,0.816799999952309,1.8989000000952956,0.948500000000081,0.9315000000000282,0.8326999998091651,5.931299999952216,0.8506000001430039,0.7660999999045544,0.8162000000477292]","[5.7980999999045935,1.8645999999046694,3.9487000000476655,8.612600000143004,6.114499999999964,0.8997000000476874,1.098900000095398,6.414500000000032,6.898099999904673,6.430999999999983,0.9487000000477224,1.1329999999999814,1.0661000001430239,0.83299999999997,1.833200000047782,0.9997999999523017,2.3491000001430393,4.749000000000024,1.1489000000954093,30.423900000095387,1.0994000000953292,0.8333999998569652,0.7998999998569616,3.697999999999979,0.8659999999999854,4.21449999999993,1.6163999998569807,2.4658999998569016,2.6323999998569434,1.682900000095401,1.0831000001430766,3.4322000000477146,1.0824999999999818,2.2153999998569134,10.512500000000045,11.596200000047702,7.848400000095353,0.933200000047691,3.8320999999045853,2.7998999998569616,3.898700000047711,0.8498999998570298,1.8170000000000073,0.816900000095302,1.899000000000001,0.948500000000081,0.9316000001431348,0.832799999952158,5.931399999856922,0.8506000001430039,0.7662999999522526,0.8162000000477292]",,,0.0,146.0,146.0,95.0,1.0,niet,vniet,question_vocal.png,im_mouth.png,,,,,,
,,,538741,1,21,2023-09-29_12h32.28.399,flesh_expressibility_dutch,2022.2.4,Win32,60.70908208,,,,18.0,1.0,Nederlands,,,,,,Engels,2.0,Duits,1.0,,0.0,,0.0,,0.0,,0.0,,0.0,,0.0,NL,3.0,2.0,2.0,1.0,,sensorypref1,sensorypref2,1280.0,720.0,,,,,,,,,,,,,,,,,,,,,,,,,,,,,,,,,,,22.0,1109.0024,52.0,"[5.7980999999045935,1.8645999999046694,3.9487000000476655,8.612600000143004,6.114499999999964,0.8995999999046376,1.098900000095398,6.414500000000032,6.898099999904673,6.430899999856933,0.9487000000477224,1.132799999952283,1.066000000000031,0.83299999999997,1.833200000047782,0.9997000000475964,2.3490000000000464,4.748900000095318,1.1489000000954093,30.42379999995228,1.0994000000953292,0.8333999998569652,0.7998999998569616,3.697899999856986,0.8659000000953938,4.21449999999993,1.616299999952389,2.4658999998569016,2.6323999998569434,1.6828000001906958,1.0831000001430766,3.4322000000477146,1.0824000000953902,2.2153999998569134,10.512399999856939,11.59610000014311,7.848400000095353,0.9331000001430994,3.8319999999999936,2.7998999998569616,3.898599999904718,0.8497999999523245,1.8168000001907103,0.816799999952309,1.8989000000952956,0.948500000000081,0.9315000000000282,0.8326999998091651,5.931299999952216,0.8506000001430039,0.7660999999045544,0.8162000000477292]","[5.7980999999045935,1.8645999999046694,3.9487000000476655,8.612600000143004,6.114499999999964,0.8997000000476874,1.098900000095398,6.414500000000032,6.898099999904673,6.430999999999983,0.9487000000477224,1.1329999999999814,1.0661000001430239,0.83299999999997,1.833200000047782,0.9997999999523017,2.3491000001430393,4.749000000000024,1.1489000000954093,30.423900000095387,1.0994000000953292,0.8333999998569652,0.7998999998569616,3.697999999999979,0.8659999999999854,4.21449999999993,1.6163999998569807,2.4658999998569016,2.6323999998569434,1.682900000095401,1.0831000001430766,3.4322000000477146,1.0824999999999818,2.2153999998569134,10.512500000000045,11.596200000047702,7.848400000095353,0.933200000047691,3.8320999999045853,2.7998999998569616,3.898700000047711,0.8498999998570298,1.8170000000000073,0.816900000095302,1.899000000000001,0.948500000000081,0.9316000001431348,0.832799999952158,5.931399999856922,0.8506000001430039,0.7662999999522526,0.8162000000477292]",,,0.0,147.0,147.0,88.0,1.0,verzamelen,vverzamelen,question_vocal.png,im_mouth.png,,,,,,
,,,538741,1,21,2023-09-29_12h32.28.399,flesh_expressibility_dutch,2022.2.4,Win32,60.70908208,,,,18.0,1.0,Nederlands,,,,,,Engels,2.0,Duits,1.0,,0.0,,0.0,,0.0,,0.0,,0.0,,0.0,NL,3.0,2.0,2.0,1.0,,sensorypref1,sensorypref2,1280.0,720.0,,,,,,,,,,,,,,,,,,,,,,,,,,,,,,,,,,,20.0,1110.102,53.0,"[5.7980999999045935,1.8645999999046694,3.9487000000476655,8.612600000143004,6.114499999999964,0.8995999999046376,1.098900000095398,6.414500000000032,6.898099999904673,6.430899999856933,0.9487000000477224,1.132799999952283,1.066000000000031,0.83299999999997,1.833200000047782,0.9997000000475964,2.3490000000000464,4.748900000095318,1.1489000000954093,30.42379999995228,1.0994000000953292,0.8333999998569652,0.7998999998569616,3.697899999856986,0.8659000000953938,4.21449999999993,1.616299999952389,2.4658999998569016,2.6323999998569434,1.6828000001906958,1.0831000001430766,3.4322000000477146,1.0824000000953902,2.2153999998569134,10.512399999856939,11.59610000014311,7.848400000095353,0.9331000001430994,3.8319999999999936,2.7998999998569616,3.898599999904718,0.8497999999523245,1.8168000001907103,0.816799999952309,1.8989000000952956,0.948500000000081,0.9315000000000282,0.8326999998091651,5.931299999952216,0.8506000001430039,0.7660999999045544,0.8162000000477292,0.9162999999523436]","[5.7980999999045935,1.8645999999046694,3.9487000000476655,8.612600000143004,6.114499999999964,0.8997000000476874,1.098900000095398,6.414500000000032,6.898099999904673,6.430999999999983,0.9487000000477224,1.1329999999999814,1.0661000001430239,0.83299999999997,1.833200000047782,0.9997999999523017,2.3491000001430393,4.749000000000024,1.1489000000954093,30.423900000095387,1.0994000000953292,0.8333999998569652,0.7998999998569616,3.697999999999979,0.8659999999999854,4.21449999999993,1.6163999998569807,2.4658999998569016,2.6323999998569434,1.682900000095401,1.0831000001430766,3.4322000000477146,1.0824999999999818,2.2153999998569134,10.512500000000045,11.596200000047702,7.848400000095353,0.933200000047691,3.8320999999045853,2.7998999998569616,3.898700000047711,0.8498999998570298,1.8170000000000073,0.816900000095302,1.899000000000001,0.948500000000081,0.9316000001431348,0.832799999952158,5.931399999856922,0.8506000001430039,0.7662999999522526,0.8162000000477292,0.9164000000953365]",0.957407464,5.5044,0.0,148.0,148.0,101.0,1.0,hond,vhond,question_vocal.png,im_mouth.png,,,,,,
,,,538741,1,21,2023-09-29_12h32.28.399,flesh_expressibility_dutch,2022.2.4,Win32,60.70908208,,,,18.0,1.0,Nederlands,,,,,,Engels,2.0,Duits,1.0,,0.0,,0.0,,0.0,,0.0,,0.0,,0.0,NL,3.0,2.0,2.0,1.0,,sensorypref1,sensorypref2,1280.0,720.0,,,,,,,,,,,,,,,,,,,,,,,,,,,,,,,,,,,18.0,1116.28,54.0,"[5.7980999999045935,1.8645999999046694,3.9487000000476655,8.612600000143004,6.114499999999964,0.8995999999046376,1.098900000095398,6.414500000000032,6.898099999904673,6.430899999856933,0.9487000000477224,1.132799999952283,1.066000000000031,0.83299999999997,1.833200000047782,0.9997000000475964,2.3490000000000464,4.748900000095318,1.1489000000954093,30.42379999995228,1.0994000000953292,0.8333999998569652,0.7998999998569616,3.697899999856986,0.8659000000953938,4.21449999999993,1.616299999952389,2.4658999998569016,2.6323999998569434,1.6828000001906958,1.0831000001430766,3.4322000000477146,1.0824000000953902,2.2153999998569134,10.512399999856939,11.59610000014311,7.848400000095353,0.9331000001430994,3.8319999999999936,2.7998999998569616,3.898599999904718,0.8497999999523245,1.8168000001907103,0.816799999952309,1.8989000000952956,0.948500000000081,0.9315000000000282,0.8326999998091651,5.931299999952216,0.8506000001430039,0.7660999999045544,0.8162000000477292,0.9162999999523436,5.14330000019072]","[5.7980999999045935,1.8645999999046694,3.9487000000476655,8.612600000143004,6.114499999999964,0.8997000000476874,1.098900000095398,6.414500000000032,6.898099999904673,6.430999999999983,0.9487000000477224,1.1329999999999814,1.0661000001430239,0.83299999999997,1.833200000047782,0.9997999999523017,2.3491000001430393,4.749000000000024,1.1489000000954093,30.423900000095387,1.0994000000953292,0.8333999998569652,0.7998999998569616,3.697999999999979,0.8659999999999854,4.21449999999993,1.6163999998569807,2.4658999998569016,2.6323999998569434,1.682900000095401,1.0831000001430766,3.4322000000477146,1.0824999999999818,2.2153999998569134,10.512500000000045,11.596200000047702,7.848400000095353,0.933200000047691,3.8320999999045853,2.7998999998569616,3.898700000047711,0.8498999998570298,1.8170000000000073,0.816900000095302,1.899000000000001,0.948500000000081,0.9316000001431348,0.832799999952158,5.931399999856922,0.8506000001430039,0.7662999999522526,0.8162000000477292,0.9164000000953365,5.143400000095198]",-0.009259203,10.036,0.0,149.0,149.0,135.0,1.0,wind,vwind,question_vocal.png,im_mouth.png,,,,,,
,,,538741,1,21,2023-09-29_12h32.28.399,flesh_expressibility_dutch,2022.2.4,Win32,60.70908208,,,,18.0,1.0,Nederlands,,,,,,Engels,2.0,Duits,1.0,,0.0,,0.0,,0.0,,0.0,,0.0,,0.0,NL,3.0,2.0,2.0,1.0,,sensorypref1,sensorypref2,1280.0,720.0,,,,,,,,,,,,,,,,,,,,,,,,,,,,,,,,,,,22.0,1127.0438,54.0,"[5.7980999999045935,1.8645999999046694,3.9487000000476655,8.612600000143004,6.114499999999964,0.8995999999046376,1.098900000095398,6.414500000000032,6.898099999904673,6.430899999856933,0.9487000000477224,1.132799999952283,1.066000000000031,0.83299999999997,1.833200000047782,0.9997000000475964,2.3490000000000464,4.748900000095318,1.1489000000954093,30.42379999995228,1.0994000000953292,0.8333999998569652,0.7998999998569616,3.697899999856986,0.8659000000953938,4.21449999999993,1.616299999952389,2.4658999998569016,2.6323999998569434,1.6828000001906958,1.0831000001430766,3.4322000000477146,1.0824000000953902,2.2153999998569134,10.512399999856939,11.59610000014311,7.848400000095353,0.9331000001430994,3.8319999999999936,2.7998999998569616,3.898599999904718,0.8497999999523245,1.8168000001907103,0.816799999952309,1.8989000000952956,0.948500000000081,0.9315000000000282,0.8326999998091651,5.931299999952216,0.8506000001430039,0.7660999999045544,0.8162000000477292,0.9162999999523436,5.14330000019072]","[5.7980999999045935,1.8645999999046694,3.9487000000476655,8.612600000143004,6.114499999999964,0.8997000000476874,1.098900000095398,6.414500000000032,6.898099999904673,6.430999999999983,0.9487000000477224,1.1329999999999814,1.0661000001430239,0.83299999999997,1.833200000047782,0.9997999999523017,2.3491000001430393,4.749000000000024,1.1489000000954093,30.423900000095387,1.0994000000953292,0.8333999998569652,0.7998999998569616,3.697999999999979,0.8659999999999854,4.21449999999993,1.6163999998569807,2.4658999998569016,2.6323999998569434,1.682900000095401,1.0831000001430766,3.4322000000477146,1.0824999999999818,2.2153999998569134,10.512500000000045,11.596200000047702,7.848400000095353,0.933200000047691,3.8320999999045853,2.7998999998569616,3.898700000047711,0.8498999998570298,1.8170000000000073,0.816900000095302,1.899000000000001,0.948500000000081,0.9316000001431348,0.832799999952158,5.931399999856922,0.8506000001430039,0.7662999999522526,0.8162000000477292,0.9164000000953365,5.143400000095198]",,,0.0,150.0,150.0,198.0,1.0,nieuw,vnieuw,question_vocal.png,im_mouth.png,,,,,,
,,,538741,1,21,2023-09-29_12h32.28.399,flesh_expressibility_dutch,2022.2.4,Win32,60.70908208,,,,18.0,1.0,Nederlands,,,,,,Engels,2.0,Duits,1.0,,0.0,,0.0,,0.0,,0.0,,0.0,,0.0,NL,3.0,2.0,2.0,1.0,,sensorypref1,sensorypref2,1280.0,720.0,,,,,,,,,,,,,,,,,,,,,,,,,,,,,,,,,,,22.0,1128.0457,54.0,"[5.7980999999045935,1.8645999999046694,3.9487000000476655,8.612600000143004,6.114499999999964,0.8995999999046376,1.098900000095398,6.414500000000032,6.898099999904673,6.430899999856933,0.9487000000477224,1.132799999952283,1.066000000000031,0.83299999999997,1.833200000047782,0.9997000000475964,2.3490000000000464,4.748900000095318,1.1489000000954093,30.42379999995228,1.0994000000953292,0.8333999998569652,0.7998999998569616,3.697899999856986,0.8659000000953938,4.21449999999993,1.616299999952389,2.4658999998569016,2.6323999998569434,1.6828000001906958,1.0831000001430766,3.4322000000477146,1.0824000000953902,2.2153999998569134,10.512399999856939,11.59610000014311,7.848400000095353,0.9331000001430994,3.8319999999999936,2.7998999998569616,3.898599999904718,0.8497999999523245,1.8168000001907103,0.816799999952309,1.8989000000952956,0.948500000000081,0.9315000000000282,0.8326999998091651,5.931299999952216,0.8506000001430039,0.7660999999045544,0.8162000000477292,0.9162999999523436,5.14330000019072]","[5.7980999999045935,1.8645999999046694,3.9487000000476655,8.612600000143004,6.114499999999964,0.8997000000476874,1.098900000095398,6.414500000000032,6.898099999904673,6.430999999999983,0.9487000000477224,1.1329999999999814,1.0661000001430239,0.83299999999997,1.833200000047782,0.9997999999523017,2.3491000001430393,4.749000000000024,1.1489000000954093,30.423900000095387,1.0994000000953292,0.8333999998569652,0.7998999998569616,3.697999999999979,0.8659999999999854,4.21449999999993,1.6163999998569807,2.4658999998569016,2.6323999998569434,1.682900000095401,1.0831000001430766,3.4322000000477146,1.0824999999999818,2.2153999998569134,10.512500000000045,11.596200000047702,7.848400000095353,0.933200000047691,3.8320999999045853,2.7998999998569616,3.898700000047711,0.8498999998570298,1.8170000000000073,0.816900000095302,1.899000000000001,0.948500000000081,0.9316000001431348,0.832799999952158,5.931399999856922,0.8506000001430039,0.7662999999522526,0.8162000000477292,0.9164000000953365,5.143400000095198]",,,0.0,151.0,151.0,6.0,1.0,zuur,vzuur,question_vocal.png,im_mouth.png,,,,,,
,,,538741,1,21,2023-09-29_12h32.28.399,flesh_expressibility_dutch,2022.2.4,Win32,60.70908208,,,,18.0,1.0,Nederlands,,,,,,Engels,2.0,Duits,1.0,,0.0,,0.0,,0.0,,0.0,,0.0,,0.0,NL,3.0,2.0,2.0,1.0,,sensorypref1,sensorypref2,1280.0,720.0,,,,,,,,,,,,,,,,,,,,,,,,,,,,,,,,,,,22.0,1129.0623,54.0,"[5.7980999999045935,1.8645999999046694,3.9487000000476655,8.612600000143004,6.114499999999964,0.8995999999046376,1.098900000095398,6.414500000000032,6.898099999904673,6.430899999856933,0.9487000000477224,1.132799999952283,1.066000000000031,0.83299999999997,1.833200000047782,0.9997000000475964,2.3490000000000464,4.748900000095318,1.1489000000954093,30.42379999995228,1.0994000000953292,0.8333999998569652,0.7998999998569616,3.697899999856986,0.8659000000953938,4.21449999999993,1.616299999952389,2.4658999998569016,2.6323999998569434,1.6828000001906958,1.0831000001430766,3.4322000000477146,1.0824000000953902,2.2153999998569134,10.512399999856939,11.59610000014311,7.848400000095353,0.9331000001430994,3.8319999999999936,2.7998999998569616,3.898599999904718,0.8497999999523245,1.8168000001907103,0.816799999952309,1.8989000000952956,0.948500000000081,0.9315000000000282,0.8326999998091651,5.931299999952216,0.8506000001430039,0.7660999999045544,0.8162000000477292,0.9162999999523436,5.14330000019072]","[5.7980999999045935,1.8645999999046694,3.9487000000476655,8.612600000143004,6.114499999999964,0.8997000000476874,1.098900000095398,6.414500000000032,6.898099999904673,6.430999999999983,0.9487000000477224,1.1329999999999814,1.0661000001430239,0.83299999999997,1.833200000047782,0.9997999999523017,2.3491000001430393,4.749000000000024,1.1489000000954093,30.423900000095387,1.0994000000953292,0.8333999998569652,0.7998999998569616,3.697999999999979,0.8659999999999854,4.21449999999993,1.6163999998569807,2.4658999998569016,2.6323999998569434,1.682900000095401,1.0831000001430766,3.4322000000477146,1.0824999999999818,2.2153999998569134,10.512500000000045,11.596200000047702,7.848400000095353,0.933200000047691,3.8320999999045853,2.7998999998569616,3.898700000047711,0.8498999998570298,1.8170000000000073,0.816900000095302,1.899000000000001,0.948500000000081,0.9316000001431348,0.832799999952158,5.931399999856922,0.8506000001430039,0.7662999999522526,0.8162000000477292,0.9164000000953365,5.143400000095198]",,,0.0,152.0,152.0,111.0,1.0,rug,vrug,question_vocal.png,im_mouth.png,,,,,,
,,,538741,1,21,2023-09-29_12h32.28.399,flesh_expressibility_dutch,2022.2.4,Win32,60.70908208,,,,18.0,1.0,Nederlands,,,,,,Engels,2.0,Duits,1.0,,0.0,,0.0,,0.0,,0.0,,0.0,,0.0,NL,3.0,2.0,2.0,1.0,,sensorypref1,sensorypref2,1280.0,720.0,,,,,,,,,,,,,,,,,,,,,,,,,,,,,,,,,,,22.0,1130.0619,54.0,"[5.7980999999045935,1.8645999999046694,3.9487000000476655,8.612600000143004,6.114499999999964,0.8995999999046376,1.098900000095398,6.414500000000032,6.898099999904673,6.430899999856933,0.9487000000477224,1.132799999952283,1.066000000000031,0.83299999999997,1.833200000047782,0.9997000000475964,2.3490000000000464,4.748900000095318,1.1489000000954093,30.42379999995228,1.0994000000953292,0.8333999998569652,0.7998999998569616,3.697899999856986,0.8659000000953938,4.21449999999993,1.616299999952389,2.4658999998569016,2.6323999998569434,1.6828000001906958,1.0831000001430766,3.4322000000477146,1.0824000000953902,2.2153999998569134,10.512399999856939,11.59610000014311,7.848400000095353,0.9331000001430994,3.8319999999999936,2.7998999998569616,3.898599999904718,0.8497999999523245,1.8168000001907103,0.816799999952309,1.8989000000952956,0.948500000000081,0.9315000000000282,0.8326999998091651,5.931299999952216,0.8506000001430039,0.7660999999045544,0.8162000000477292,0.9162999999523436,5.14330000019072]","[5.7980999999045935,1.8645999999046694,3.9487000000476655,8.612600000143004,6.114499999999964,0.8997000000476874,1.098900000095398,6.414500000000032,6.898099999904673,6.430999999999983,0.9487000000477224,1.1329999999999814,1.0661000001430239,0.83299999999997,1.833200000047782,0.9997999999523017,2.3491000001430393,4.749000000000024,1.1489000000954093,30.423900000095387,1.0994000000953292,0.8333999998569652,0.7998999998569616,3.697999999999979,0.8659999999999854,4.21449999999993,1.6163999998569807,2.4658999998569016,2.6323999998569434,1.682900000095401,1.0831000001430766,3.4322000000477146,1.0824999999999818,2.2153999998569134,10.512500000000045,11.596200000047702,7.848400000095353,0.933200000047691,3.8320999999045853,2.7998999998569616,3.898700000047711,0.8498999998570298,1.8170000000000073,0.816900000095302,1.899000000000001,0.948500000000081,0.9316000001431348,0.832799999952158,5.931399999856922,0.8506000001430039,0.7662999999522526,0.8162000000477292,0.9164000000953365,5.143400000095198]",,,0.0,153.0,153.0,136.0,1.0,komen,vkomen,question_vocal.png,im_mouth.png,,,,,,
,,,538741,1,21,2023-09-29_12h32.28.399,flesh_expressibility_dutch,2022.2.4,Win32,60.70908208,,,,18.0,1.0,Nederlands,,,,,,Engels,2.0,Duits,1.0,,0.0,,0.0,,0.0,,0.0,,0.0,,0.0,NL,3.0,2.0,2.0,1.0,,sensorypref1,sensorypref2,1280.0,720.0,,,,,,,,,,,,,,,,,,,,,,,,,,,,,,,,,,,22.0,1131.0781,54.0,"[5.7980999999045935,1.8645999999046694,3.9487000000476655,8.612600000143004,6.114499999999964,0.8995999999046376,1.098900000095398,6.414500000000032,6.898099999904673,6.430899999856933,0.9487000000477224,1.132799999952283,1.066000000000031,0.83299999999997,1.833200000047782,0.9997000000475964,2.3490000000000464,4.748900000095318,1.1489000000954093,30.42379999995228,1.0994000000953292,0.8333999998569652,0.7998999998569616,3.697899999856986,0.8659000000953938,4.21449999999993,1.616299999952389,2.4658999998569016,2.6323999998569434,1.6828000001906958,1.0831000001430766,3.4322000000477146,1.0824000000953902,2.2153999998569134,10.512399999856939,11.59610000014311,7.848400000095353,0.9331000001430994,3.8319999999999936,2.7998999998569616,3.898599999904718,0.8497999999523245,1.8168000001907103,0.816799999952309,1.8989000000952956,0.948500000000081,0.9315000000000282,0.8326999998091651,5.931299999952216,0.8506000001430039,0.7660999999045544,0.8162000000477292,0.9162999999523436,5.14330000019072]","[5.7980999999045935,1.8645999999046694,3.9487000000476655,8.612600000143004,6.114499999999964,0.8997000000476874,1.098900000095398,6.414500000000032,6.898099999904673,6.430999999999983,0.9487000000477224,1.1329999999999814,1.0661000001430239,0.83299999999997,1.833200000047782,0.9997999999523017,2.3491000001430393,4.749000000000024,1.1489000000954093,30.423900000095387,1.0994000000953292,0.8333999998569652,0.7998999998569616,3.697999999999979,0.8659999999999854,4.21449999999993,1.6163999998569807,2.4658999998569016,2.6323999998569434,1.682900000095401,1.0831000001430766,3.4322000000477146,1.0824999999999818,2.2153999998569134,10.512500000000045,11.596200000047702,7.848400000095353,0.933200000047691,3.8320999999045853,2.7998999998569616,3.898700000047711,0.8498999998570298,1.8170000000000073,0.816900000095302,1.899000000000001,0.948500000000081,0.9316000001431348,0.832799999952158,5.931399999856922,0.8506000001430039,0.7662999999522526,0.8162000000477292,0.9164000000953365,5.143400000095198]",,,0.0,154.0,154.0,50.0,1.0,zwemmen,vzwemmen,question_vocal.png,im_mouth.png,,,,,,
,,,538741,1,21,2023-09-29_12h32.28.399,flesh_expressibility_dutch,2022.2.4,Win32,60.70908208,,,,18.0,1.0,Nederlands,,,,,,Engels,2.0,Duits,1.0,,0.0,,0.0,,0.0,,0.0,,0.0,,0.0,NL,3.0,2.0,2.0,1.0,,sensorypref1,sensorypref2,1280.0,720.0,,,,,,,,,,,,,,,,,,,,,,,,,,,,,,,,,,,22.0,1132.107,54.0,"[5.7980999999045935,1.8645999999046694,3.9487000000476655,8.612600000143004,6.114499999999964,0.8995999999046376,1.098900000095398,6.414500000000032,6.898099999904673,6.430899999856933,0.9487000000477224,1.132799999952283,1.066000000000031,0.83299999999997,1.833200000047782,0.9997000000475964,2.3490000000000464,4.748900000095318,1.1489000000954093,30.42379999995228,1.0994000000953292,0.8333999998569652,0.7998999998569616,3.697899999856986,0.8659000000953938,4.21449999999993,1.616299999952389,2.4658999998569016,2.6323999998569434,1.6828000001906958,1.0831000001430766,3.4322000000477146,1.0824000000953902,2.2153999998569134,10.512399999856939,11.59610000014311,7.848400000095353,0.9331000001430994,3.8319999999999936,2.7998999998569616,3.898599999904718,0.8497999999523245,1.8168000001907103,0.816799999952309,1.8989000000952956,0.948500000000081,0.9315000000000282,0.8326999998091651,5.931299999952216,0.8506000001430039,0.7660999999045544,0.8162000000477292,0.9162999999523436,5.14330000019072]","[5.7980999999045935,1.8645999999046694,3.9487000000476655,8.612600000143004,6.114499999999964,0.8997000000476874,1.098900000095398,6.414500000000032,6.898099999904673,6.430999999999983,0.9487000000477224,1.1329999999999814,1.0661000001430239,0.83299999999997,1.833200000047782,0.9997999999523017,2.3491000001430393,4.749000000000024,1.1489000000954093,30.423900000095387,1.0994000000953292,0.8333999998569652,0.7998999998569616,3.697999999999979,0.8659999999999854,4.21449999999993,1.6163999998569807,2.4658999998569016,2.6323999998569434,1.682900000095401,1.0831000001430766,3.4322000000477146,1.0824999999999818,2.2153999998569134,10.512500000000045,11.596200000047702,7.848400000095353,0.933200000047691,3.8320999999045853,2.7998999998569616,3.898700000047711,0.8498999998570298,1.8170000000000073,0.816900000095302,1.899000000000001,0.948500000000081,0.9316000001431348,0.832799999952158,5.931399999856922,0.8506000001430039,0.7662999999522526,0.8162000000477292,0.9164000000953365,5.143400000095198]",,,0.0,155.0,155.0,140.0,1.0,staan,vstaan,question_vocal.png,im_mouth.png,,,,,,
,,,538741,1,21,2023-09-29_12h32.28.399,flesh_expressibility_dutch,2022.2.4,Win32,60.70908208,,,,18.0,1.0,Nederlands,,,,,,Engels,2.0,Duits,1.0,,0.0,,0.0,,0.0,,0.0,,0.0,,0.0,NL,3.0,2.0,2.0,1.0,,sensorypref1,sensorypref2,1280.0,720.0,,,,,,,,,,,,,,,,,,,,,,,,,,,,,,,,,,,22.0,1133.138,54.0,"[5.7980999999045935,1.8645999999046694,3.9487000000476655,8.612600000143004,6.114499999999964,0.8995999999046376,1.098900000095398,6.414500000000032,6.898099999904673,6.430899999856933,0.9487000000477224,1.132799999952283,1.066000000000031,0.83299999999997,1.833200000047782,0.9997000000475964,2.3490000000000464,4.748900000095318,1.1489000000954093,30.42379999995228,1.0994000000953292,0.8333999998569652,0.7998999998569616,3.697899999856986,0.8659000000953938,4.21449999999993,1.616299999952389,2.4658999998569016,2.6323999998569434,1.6828000001906958,1.0831000001430766,3.4322000000477146,1.0824000000953902,2.2153999998569134,10.512399999856939,11.59610000014311,7.848400000095353,0.9331000001430994,3.8319999999999936,2.7998999998569616,3.898599999904718,0.8497999999523245,1.8168000001907103,0.816799999952309,1.8989000000952956,0.948500000000081,0.9315000000000282,0.8326999998091651,5.931299999952216,0.8506000001430039,0.7660999999045544,0.8162000000477292,0.9162999999523436,5.14330000019072]","[5.7980999999045935,1.8645999999046694,3.9487000000476655,8.612600000143004,6.114499999999964,0.8997000000476874,1.098900000095398,6.414500000000032,6.898099999904673,6.430999999999983,0.9487000000477224,1.1329999999999814,1.0661000001430239,0.83299999999997,1.833200000047782,0.9997999999523017,2.3491000001430393,4.749000000000024,1.1489000000954093,30.423900000095387,1.0994000000953292,0.8333999998569652,0.7998999998569616,3.697999999999979,0.8659999999999854,4.21449999999993,1.6163999998569807,2.4658999998569016,2.6323999998569434,1.682900000095401,1.0831000001430766,3.4322000000477146,1.0824999999999818,2.2153999998569134,10.512500000000045,11.596200000047702,7.848400000095353,0.933200000047691,3.8320999999045853,2.7998999998569616,3.898700000047711,0.8498999998570298,1.8170000000000073,0.816900000095302,1.899000000000001,0.948500000000081,0.9316000001431348,0.832799999952158,5.931399999856922,0.8506000001430039,0.7662999999522526,0.8162000000477292,0.9164000000953365,5.143400000095198]",,,0.0,156.0,156.0,28.0,1.0,man,vman,question_vocal.png,im_mouth.png,,,,,,
,,,538741,1,21,2023-09-29_12h32.28.399,flesh_expressibility_dutch,2022.2.4,Win32,60.70908208,,,,18.0,1.0,Nederlands,,,,,,Engels,2.0,Duits,1.0,,0.0,,0.0,,0.0,,0.0,,0.0,,0.0,NL,3.0,2.0,2.0,1.0,,sensorypref1,sensorypref2,1280.0,720.0,,,,,,,,,,,,,,,,,,,,,,,,,,,,,,,,,,,20.0,1134.1549,55.0,"[5.7980999999045935,1.8645999999046694,3.9487000000476655,8.612600000143004,6.114499999999964,0.8995999999046376,1.098900000095398,6.414500000000032,6.898099999904673,6.430899999856933,0.9487000000477224,1.132799999952283,1.066000000000031,0.83299999999997,1.833200000047782,0.9997000000475964,2.3490000000000464,4.748900000095318,1.1489000000954093,30.42379999995228,1.0994000000953292,0.8333999998569652,0.7998999998569616,3.697899999856986,0.8659000000953938,4.21449999999993,1.616299999952389,2.4658999998569016,2.6323999998569434,1.6828000001906958,1.0831000001430766,3.4322000000477146,1.0824000000953902,2.2153999998569134,10.512399999856939,11.59610000014311,7.848400000095353,0.9331000001430994,3.8319999999999936,2.7998999998569616,3.898599999904718,0.8497999999523245,1.8168000001907103,0.816799999952309,1.8989000000952956,0.948500000000081,0.9315000000000282,0.8326999998091651,5.931299999952216,0.8506000001430039,0.7660999999045544,0.8162000000477292,0.9162999999523436,5.14330000019072,1.0329000000954238]","[5.7980999999045935,1.8645999999046694,3.9487000000476655,8.612600000143004,6.114499999999964,0.8997000000476874,1.098900000095398,6.414500000000032,6.898099999904673,6.430999999999983,0.9487000000477224,1.1329999999999814,1.0661000001430239,0.83299999999997,1.833200000047782,0.9997999999523017,2.3491000001430393,4.749000000000024,1.1489000000954093,30.423900000095387,1.0994000000953292,0.8333999998569652,0.7998999998569616,3.697999999999979,0.8659999999999854,4.21449999999993,1.6163999998569807,2.4658999998569016,2.6323999998569434,1.682900000095401,1.0831000001430766,3.4322000000477146,1.0824999999999818,2.2153999998569134,10.512500000000045,11.596200000047702,7.848400000095353,0.933200000047691,3.8320999999045853,2.7998999998569616,3.898700000047711,0.8498999998570298,1.8170000000000073,0.816900000095302,1.899000000000001,0.948500000000081,0.9316000001431348,0.832799999952158,5.931399999856922,0.8506000001430039,0.7662999999522526,0.8162000000477292,0.9164000000953365,5.143400000095198,1.0329000000954238]",-0.992592536,3.8279,0.0,157.0,157.0,68.0,1.0,scherp,vscherp,question_vocal.png,im_mouth.png,,,,,,
,,,538741,1,21,2023-09-29_12h32.28.399,flesh_expressibility_dutch,2022.2.4,Win32,60.70908208,,,,18.0,1.0,Nederlands,,,,,,Engels,2.0,Duits,1.0,,0.0,,0.0,,0.0,,0.0,,0.0,,0.0,NL,3.0,2.0,2.0,1.0,,sensorypref1,sensorypref2,1280.0,720.0,,,,,,,,,,,,,,,,,,,,,,,,,,,,,,,,,,,22.0,1138.8149,55.0,"[5.7980999999045935,1.8645999999046694,3.9487000000476655,8.612600000143004,6.114499999999964,0.8995999999046376,1.098900000095398,6.414500000000032,6.898099999904673,6.430899999856933,0.9487000000477224,1.132799999952283,1.066000000000031,0.83299999999997,1.833200000047782,0.9997000000475964,2.3490000000000464,4.748900000095318,1.1489000000954093,30.42379999995228,1.0994000000953292,0.8333999998569652,0.7998999998569616,3.697899999856986,0.8659000000953938,4.21449999999993,1.616299999952389,2.4658999998569016,2.6323999998569434,1.6828000001906958,1.0831000001430766,3.4322000000477146,1.0824000000953902,2.2153999998569134,10.512399999856939,11.59610000014311,7.848400000095353,0.9331000001430994,3.8319999999999936,2.7998999998569616,3.898599999904718,0.8497999999523245,1.8168000001907103,0.816799999952309,1.8989000000952956,0.948500000000081,0.9315000000000282,0.8326999998091651,5.931299999952216,0.8506000001430039,0.7660999999045544,0.8162000000477292,0.9162999999523436,5.14330000019072,1.0329000000954238]","[5.7980999999045935,1.8645999999046694,3.9487000000476655,8.612600000143004,6.114499999999964,0.8997000000476874,1.098900000095398,6.414500000000032,6.898099999904673,6.430999999999983,0.9487000000477224,1.1329999999999814,1.0661000001430239,0.83299999999997,1.833200000047782,0.9997999999523017,2.3491000001430393,4.749000000000024,1.1489000000954093,30.423900000095387,1.0994000000953292,0.8333999998569652,0.7998999998569616,3.697999999999979,0.8659999999999854,4.21449999999993,1.6163999998569807,2.4658999998569016,2.6323999998569434,1.682900000095401,1.0831000001430766,3.4322000000477146,1.0824999999999818,2.2153999998569134,10.512500000000045,11.596200000047702,7.848400000095353,0.933200000047691,3.8320999999045853,2.7998999998569616,3.898700000047711,0.8498999998570298,1.8170000000000073,0.816900000095302,1.899000000000001,0.948500000000081,0.9316000001431348,0.832799999952158,5.931399999856922,0.8506000001430039,0.7662999999522526,0.8162000000477292,0.9164000000953365,5.143400000095198,1.0329000000954238]",,,0.0,158.0,158.0,24.0,1.0,levend,vlevend,question_vocal.png,im_mouth.png,,,,,,
,,,538741,1,21,2023-09-29_12h32.28.399,flesh_expressibility_dutch,2022.2.4,Win32,60.70908208,,,,18.0,1.0,Nederlands,,,,,,Engels,2.0,Duits,1.0,,0.0,,0.0,,0.0,,0.0,,0.0,,0.0,NL,3.0,2.0,2.0,1.0,,sensorypref1,sensorypref2,1280.0,720.0,,,,,,,,,,,,,,,,,,,,,,,,,,,,,,,,,,,21.0,1139.8466,56.0,"[5.7980999999045935,1.8645999999046694,3.9487000000476655,8.612600000143004,6.114499999999964,0.8995999999046376,1.098900000095398,6.414500000000032,6.898099999904673,6.430899999856933,0.9487000000477224,1.132799999952283,1.066000000000031,0.83299999999997,1.833200000047782,0.9997000000475964,2.3490000000000464,4.748900000095318,1.1489000000954093,30.42379999995228,1.0994000000953292,0.8333999998569652,0.7998999998569616,3.697899999856986,0.8659000000953938,4.21449999999993,1.616299999952389,2.4658999998569016,2.6323999998569434,1.6828000001906958,1.0831000001430766,3.4322000000477146,1.0824000000953902,2.2153999998569134,10.512399999856939,11.59610000014311,7.848400000095353,0.9331000001430994,3.8319999999999936,2.7998999998569616,3.898599999904718,0.8497999999523245,1.8168000001907103,0.816799999952309,1.8989000000952956,0.948500000000081,0.9315000000000282,0.8326999998091651,5.931299999952216,0.8506000001430039,0.7660999999045544,0.8162000000477292,0.9162999999523436,5.14330000019072,1.0329000000954238,12.762899999856927]","[5.7980999999045935,1.8645999999046694,3.9487000000476655,8.612600000143004,6.114499999999964,0.8997000000476874,1.098900000095398,6.414500000000032,6.898099999904673,6.430999999999983,0.9487000000477224,1.1329999999999814,1.0661000001430239,0.83299999999997,1.833200000047782,0.9997999999523017,2.3491000001430393,4.749000000000024,1.1489000000954093,30.423900000095387,1.0994000000953292,0.8333999998569652,0.7998999998569616,3.697999999999979,0.8659999999999854,4.21449999999993,1.6163999998569807,2.4658999998569016,2.6323999998569434,1.682900000095401,1.0831000001430766,3.4322000000477146,1.0824999999999818,2.2153999998569134,10.512500000000045,11.596200000047702,7.848400000095353,0.933200000047691,3.8320999999045853,2.7998999998569616,3.898700000047711,0.8498999998570298,1.8170000000000073,0.816900000095302,1.899000000000001,0.948500000000081,0.9316000001431348,0.832799999952158,5.931399999856922,0.8506000001430039,0.7662999999522526,0.8162000000477292,0.9164000000953365,5.143400000095198,1.0329000000954238,12.762899999856927]",-0.505555556,16.2326,0.0,159.0,159.0,177.0,1.0,kind,vkind,question_vocal.png,im_mouth.png,,,,,,
,,,538741,1,21,2023-09-29_12h32.28.399,flesh_expressibility_dutch,2022.2.4,Win32,60.70908208,,,,18.0,1.0,Nederlands,,,,,,Engels,2.0,Duits,1.0,,0.0,,0.0,,0.0,,0.0,,0.0,,0.0,NL,3.0,2.0,2.0,1.0,,sensorypref1,sensorypref2,1280.0,720.0,,,,,,,,,,,,,,,,,,,,,,,,,,,,,,,,,,,21.0,1157.6525,57.0,"[5.7980999999045935,1.8645999999046694,3.9487000000476655,8.612600000143004,6.114499999999964,0.8995999999046376,1.098900000095398,6.414500000000032,6.898099999904673,6.430899999856933,0.9487000000477224,1.132799999952283,1.066000000000031,0.83299999999997,1.833200000047782,0.9997000000475964,2.3490000000000464,4.748900000095318,1.1489000000954093,30.42379999995228,1.0994000000953292,0.8333999998569652,0.7998999998569616,3.697899999856986,0.8659000000953938,4.21449999999993,1.616299999952389,2.4658999998569016,2.6323999998569434,1.6828000001906958,1.0831000001430766,3.4322000000477146,1.0824000000953902,2.2153999998569134,10.512399999856939,11.59610000014311,7.848400000095353,0.9331000001430994,3.8319999999999936,2.7998999998569616,3.898599999904718,0.8497999999523245,1.8168000001907103,0.816799999952309,1.8989000000952956,0.948500000000081,0.9315000000000282,0.8326999998091651,5.931299999952216,0.8506000001430039,0.7660999999045544,0.8162000000477292,0.9162999999523436,5.14330000019072,1.0329000000954238,12.762899999856927,0.8651999998091924]","[5.7980999999045935,1.8645999999046694,3.9487000000476655,8.612600000143004,6.114499999999964,0.8997000000476874,1.098900000095398,6.414500000000032,6.898099999904673,6.430999999999983,0.9487000000477224,1.1329999999999814,1.0661000001430239,0.83299999999997,1.833200000047782,0.9997999999523017,2.3491000001430393,4.749000000000024,1.1489000000954093,30.423900000095387,1.0994000000953292,0.8333999998569652,0.7998999998569616,3.697999999999979,0.8659999999999854,4.21449999999993,1.6163999998569807,2.4658999998569016,2.6323999998569434,1.682900000095401,1.0831000001430766,3.4322000000477146,1.0824999999999818,2.2153999998569134,10.512500000000045,11.596200000047702,7.848400000095353,0.933200000047691,3.8320999999045853,2.7998999998569616,3.898700000047711,0.8498999998570298,1.8170000000000073,0.816900000095302,1.899000000000001,0.948500000000081,0.9316000001431348,0.832799999952158,5.931399999856922,0.8506000001430039,0.7662999999522526,0.8162000000477292,0.9164000000953365,5.143400000095198,1.0329000000954238,12.762899999856927,0.8652999999521853]",-0.998148092,3.6538,0.0,160.0,160.0,170.0,1.0,groot,vgroot,question_vocal.png,im_mouth.png,,,,,,
,,,538741,1,21,2023-09-29_12h32.28.399,flesh_expressibility_dutch,2022.2.4,Win32,60.70908208,,,,18.0,1.0,Nederlands,,,,,,Engels,2.0,Duits,1.0,,0.0,,0.0,,0.0,,0.0,,0.0,,0.0,NL,3.0,2.0,2.0,1.0,,sensorypref1,sensorypref2,1280.0,720.0,,,,,,,,,,,,,,,,,,,,,,,,,,,,,,,,,,,22.0,1162.16,57.0,"[5.7980999999045935,1.8645999999046694,3.9487000000476655,8.612600000143004,6.114499999999964,0.8995999999046376,1.098900000095398,6.414500000000032,6.898099999904673,6.430899999856933,0.9487000000477224,1.132799999952283,1.066000000000031,0.83299999999997,1.833200000047782,0.9997000000475964,2.3490000000000464,4.748900000095318,1.1489000000954093,30.42379999995228,1.0994000000953292,0.8333999998569652,0.7998999998569616,3.697899999856986,0.8659000000953938,4.21449999999993,1.616299999952389,2.4658999998569016,2.6323999998569434,1.6828000001906958,1.0831000001430766,3.4322000000477146,1.0824000000953902,2.2153999998569134,10.512399999856939,11.59610000014311,7.848400000095353,0.9331000001430994,3.8319999999999936,2.7998999998569616,3.898599999904718,0.8497999999523245,1.8168000001907103,0.816799999952309,1.8989000000952956,0.948500000000081,0.9315000000000282,0.8326999998091651,5.931299999952216,0.8506000001430039,0.7660999999045544,0.8162000000477292,0.9162999999523436,5.14330000019072,1.0329000000954238,12.762899999856927,0.8651999998091924]","[5.7980999999045935,1.8645999999046694,3.9487000000476655,8.612600000143004,6.114499999999964,0.8997000000476874,1.098900000095398,6.414500000000032,6.898099999904673,6.430999999999983,0.9487000000477224,1.1329999999999814,1.0661000001430239,0.83299999999997,1.833200000047782,0.9997999999523017,2.3491000001430393,4.749000000000024,1.1489000000954093,30.423900000095387,1.0994000000953292,0.8333999998569652,0.7998999998569616,3.697999999999979,0.8659999999999854,4.21449999999993,1.6163999998569807,2.4658999998569016,2.6323999998569434,1.682900000095401,1.0831000001430766,3.4322000000477146,1.0824999999999818,2.2153999998569134,10.512500000000045,11.596200000047702,7.848400000095353,0.933200000047691,3.8320999999045853,2.7998999998569616,3.898700000047711,0.8498999998570298,1.8170000000000073,0.816900000095302,1.899000000000001,0.948500000000081,0.9316000001431348,0.832799999952158,5.931399999856922,0.8506000001430039,0.7662999999522526,0.8162000000477292,0.9164000000953365,5.143400000095198,1.0329000000954238,12.762899999856927,0.8652999999521853]",,,0.0,161.0,161.0,158.0,1.0,hout,vhout,question_vocal.png,im_mouth.png,,,,,,
,,,538741,1,21,2023-09-29_12h32.28.399,flesh_expressibility_dutch,2022.2.4,Win32,60.70908208,,,,18.0,1.0,Nederlands,,,,,,Engels,2.0,Duits,1.0,,0.0,,0.0,,0.0,,0.0,,0.0,,0.0,NL,3.0,2.0,2.0,1.0,,sensorypref1,sensorypref2,1280.0,720.0,,,,,,,,,,,,,,,,,,,,,,,,,,,,,,,,,,,22.0,1163.1746,57.0,"[5.7980999999045935,1.8645999999046694,3.9487000000476655,8.612600000143004,6.114499999999964,0.8995999999046376,1.098900000095398,6.414500000000032,6.898099999904673,6.430899999856933,0.9487000000477224,1.132799999952283,1.066000000000031,0.83299999999997,1.833200000047782,0.9997000000475964,2.3490000000000464,4.748900000095318,1.1489000000954093,30.42379999995228,1.0994000000953292,0.8333999998569652,0.7998999998569616,3.697899999856986,0.8659000000953938,4.21449999999993,1.616299999952389,2.4658999998569016,2.6323999998569434,1.6828000001906958,1.0831000001430766,3.4322000000477146,1.0824000000953902,2.2153999998569134,10.512399999856939,11.59610000014311,7.848400000095353,0.9331000001430994,3.8319999999999936,2.7998999998569616,3.898599999904718,0.8497999999523245,1.8168000001907103,0.816799999952309,1.8989000000952956,0.948500000000081,0.9315000000000282,0.8326999998091651,5.931299999952216,0.8506000001430039,0.7660999999045544,0.8162000000477292,0.9162999999523436,5.14330000019072,1.0329000000954238,12.762899999856927,0.8651999998091924]","[5.7980999999045935,1.8645999999046694,3.9487000000476655,8.612600000143004,6.114499999999964,0.8997000000476874,1.098900000095398,6.414500000000032,6.898099999904673,6.430999999999983,0.9487000000477224,1.1329999999999814,1.0661000001430239,0.83299999999997,1.833200000047782,0.9997999999523017,2.3491000001430393,4.749000000000024,1.1489000000954093,30.423900000095387,1.0994000000953292,0.8333999998569652,0.7998999998569616,3.697999999999979,0.8659999999999854,4.21449999999993,1.6163999998569807,2.4658999998569016,2.6323999998569434,1.682900000095401,1.0831000001430766,3.4322000000477146,1.0824999999999818,2.2153999998569134,10.512500000000045,11.596200000047702,7.848400000095353,0.933200000047691,3.8320999999045853,2.7998999998569616,3.898700000047711,0.8498999998570298,1.8170000000000073,0.816900000095302,1.899000000000001,0.948500000000081,0.9316000001431348,0.832799999952158,5.931399999856922,0.8506000001430039,0.7662999999522526,0.8162000000477292,0.9164000000953365,5.143400000095198,1.0329000000954238,12.762899999856927,0.8652999999521853]",,,0.0,162.0,162.0,196.0,1.0,steen,vsteen,question_vocal.png,im_mouth.png,,,,,,
,,,538741,1,21,2023-09-29_12h32.28.399,flesh_expressibility_dutch,2022.2.4,Win32,60.70908208,,,,18.0,1.0,Nederlands,,,,,,Engels,2.0,Duits,1.0,,0.0,,0.0,,0.0,,0.0,,0.0,,0.0,NL,3.0,2.0,2.0,1.0,,sensorypref1,sensorypref2,1280.0,720.0,,,,,,,,,,,,,,,,,,,,,,,,,,,,,,,,,,,22.0,1164.2,57.0,"[5.7980999999045935,1.8645999999046694,3.9487000000476655,8.612600000143004,6.114499999999964,0.8995999999046376,1.098900000095398,6.414500000000032,6.898099999904673,6.430899999856933,0.9487000000477224,1.132799999952283,1.066000000000031,0.83299999999997,1.833200000047782,0.9997000000475964,2.3490000000000464,4.748900000095318,1.1489000000954093,30.42379999995228,1.0994000000953292,0.8333999998569652,0.7998999998569616,3.697899999856986,0.8659000000953938,4.21449999999993,1.616299999952389,2.4658999998569016,2.6323999998569434,1.6828000001906958,1.0831000001430766,3.4322000000477146,1.0824000000953902,2.2153999998569134,10.512399999856939,11.59610000014311,7.848400000095353,0.9331000001430994,3.8319999999999936,2.7998999998569616,3.898599999904718,0.8497999999523245,1.8168000001907103,0.816799999952309,1.8989000000952956,0.948500000000081,0.9315000000000282,0.8326999998091651,5.931299999952216,0.8506000001430039,0.7660999999045544,0.8162000000477292,0.9162999999523436,5.14330000019072,1.0329000000954238,12.762899999856927,0.8651999998091924]","[5.7980999999045935,1.8645999999046694,3.9487000000476655,8.612600000143004,6.114499999999964,0.8997000000476874,1.098900000095398,6.414500000000032,6.898099999904673,6.430999999999983,0.9487000000477224,1.1329999999999814,1.0661000001430239,0.83299999999997,1.833200000047782,0.9997999999523017,2.3491000001430393,4.749000000000024,1.1489000000954093,30.423900000095387,1.0994000000953292,0.8333999998569652,0.7998999998569616,3.697999999999979,0.8659999999999854,4.21449999999993,1.6163999998569807,2.4658999998569016,2.6323999998569434,1.682900000095401,1.0831000001430766,3.4322000000477146,1.0824999999999818,2.2153999998569134,10.512500000000045,11.596200000047702,7.848400000095353,0.933200000047691,3.8320999999045853,2.7998999998569616,3.898700000047711,0.8498999998570298,1.8170000000000073,0.816900000095302,1.899000000000001,0.948500000000081,0.9316000001431348,0.832799999952158,5.931399999856922,0.8506000001430039,0.7662999999522526,0.8162000000477292,0.9164000000953365,5.143400000095198,1.0329000000954238,12.762899999856927,0.8652999999521853]",,,0.0,163.0,163.0,120.0,1.0,been,vbeen,question_vocal.png,im_mouth.png,,,,,,
,,,538741,1,21,2023-09-29_12h32.28.399,flesh_expressibility_dutch,2022.2.4,Win32,60.70908208,,,,18.0,1.0,Nederlands,,,,,,Engels,2.0,Duits,1.0,,0.0,,0.0,,0.0,,0.0,,0.0,,0.0,NL,3.0,2.0,2.0,1.0,,sensorypref1,sensorypref2,1280.0,720.0,,,,,,,,,,,,,,,,,,,,,,,,,,,,,,,,,,,22.0,1165.2067,57.0,"[5.7980999999045935,1.8645999999046694,3.9487000000476655,8.612600000143004,6.114499999999964,0.8995999999046376,1.098900000095398,6.414500000000032,6.898099999904673,6.430899999856933,0.9487000000477224,1.132799999952283,1.066000000000031,0.83299999999997,1.833200000047782,0.9997000000475964,2.3490000000000464,4.748900000095318,1.1489000000954093,30.42379999995228,1.0994000000953292,0.8333999998569652,0.7998999998569616,3.697899999856986,0.8659000000953938,4.21449999999993,1.616299999952389,2.4658999998569016,2.6323999998569434,1.6828000001906958,1.0831000001430766,3.4322000000477146,1.0824000000953902,2.2153999998569134,10.512399999856939,11.59610000014311,7.848400000095353,0.9331000001430994,3.8319999999999936,2.7998999998569616,3.898599999904718,0.8497999999523245,1.8168000001907103,0.816799999952309,1.8989000000952956,0.948500000000081,0.9315000000000282,0.8326999998091651,5.931299999952216,0.8506000001430039,0.7660999999045544,0.8162000000477292,0.9162999999523436,5.14330000019072,1.0329000000954238,12.762899999856927,0.8651999998091924]","[5.7980999999045935,1.8645999999046694,3.9487000000476655,8.612600000143004,6.114499999999964,0.8997000000476874,1.098900000095398,6.414500000000032,6.898099999904673,6.430999999999983,0.9487000000477224,1.1329999999999814,1.0661000001430239,0.83299999999997,1.833200000047782,0.9997999999523017,2.3491000001430393,4.749000000000024,1.1489000000954093,30.423900000095387,1.0994000000953292,0.8333999998569652,0.7998999998569616,3.697999999999979,0.8659999999999854,4.21449999999993,1.6163999998569807,2.4658999998569016,2.6323999998569434,1.682900000095401,1.0831000001430766,3.4322000000477146,1.0824999999999818,2.2153999998569134,10.512500000000045,11.596200000047702,7.848400000095353,0.933200000047691,3.8320999999045853,2.7998999998569616,3.898700000047711,0.8498999998570298,1.8170000000000073,0.816900000095302,1.899000000000001,0.948500000000081,0.9316000001431348,0.832799999952158,5.931399999856922,0.8506000001430039,0.7662999999522526,0.8162000000477292,0.9164000000953365,5.143400000095198,1.0329000000954238,12.762899999856927,0.8652999999521853]",,,0.0,164.0,164.0,172.0,1.0,één,véén,question_vocal.png,im_mouth.png,,,,,,
,,,538741,1,21,2023-09-29_12h32.28.399,flesh_expressibility_dutch,2022.2.4,Win32,60.70908208,,,,18.0,1.0,Nederlands,,,,,,Engels,2.0,Duits,1.0,,0.0,,0.0,,0.0,,0.0,,0.0,,0.0,NL,3.0,2.0,2.0,1.0,,sensorypref1,sensorypref2,1280.0,720.0,,,,,,,,,,,,,,,,,,,,,,,,,,,,,,,,,,,22.0,1166.2319,57.0,"[5.7980999999045935,1.8645999999046694,3.9487000000476655,8.612600000143004,6.114499999999964,0.8995999999046376,1.098900000095398,6.414500000000032,6.898099999904673,6.430899999856933,0.9487000000477224,1.132799999952283,1.066000000000031,0.83299999999997,1.833200000047782,0.9997000000475964,2.3490000000000464,4.748900000095318,1.1489000000954093,30.42379999995228,1.0994000000953292,0.8333999998569652,0.7998999998569616,3.697899999856986,0.8659000000953938,4.21449999999993,1.616299999952389,2.4658999998569016,2.6323999998569434,1.6828000001906958,1.0831000001430766,3.4322000000477146,1.0824000000953902,2.2153999998569134,10.512399999856939,11.59610000014311,7.848400000095353,0.9331000001430994,3.8319999999999936,2.7998999998569616,3.898599999904718,0.8497999999523245,1.8168000001907103,0.816799999952309,1.8989000000952956,0.948500000000081,0.9315000000000282,0.8326999998091651,5.931299999952216,0.8506000001430039,0.7660999999045544,0.8162000000477292,0.9162999999523436,5.14330000019072,1.0329000000954238,12.762899999856927,0.8651999998091924]","[5.7980999999045935,1.8645999999046694,3.9487000000476655,8.612600000143004,6.114499999999964,0.8997000000476874,1.098900000095398,6.414500000000032,6.898099999904673,6.430999999999983,0.9487000000477224,1.1329999999999814,1.0661000001430239,0.83299999999997,1.833200000047782,0.9997999999523017,2.3491000001430393,4.749000000000024,1.1489000000954093,30.423900000095387,1.0994000000953292,0.8333999998569652,0.7998999998569616,3.697999999999979,0.8659999999999854,4.21449999999993,1.6163999998569807,2.4658999998569016,2.6323999998569434,1.682900000095401,1.0831000001430766,3.4322000000477146,1.0824999999999818,2.2153999998569134,10.512500000000045,11.596200000047702,7.848400000095353,0.933200000047691,3.8320999999045853,2.7998999998569616,3.898700000047711,0.8498999998570298,1.8170000000000073,0.816900000095302,1.899000000000001,0.948500000000081,0.9316000001431348,0.832799999952158,5.931399999856922,0.8506000001430039,0.7662999999522526,0.8162000000477292,0.9164000000953365,5.143400000095198,1.0329000000954238,12.762899999856927,0.8652999999521853]",,,0.0,165.0,165.0,97.0,1.0,doen,vdoen,question_vocal.png,im_mouth.png,,,,,,
,,,538741,1,21,2023-09-29_12h32.28.399,flesh_expressibility_dutch,2022.2.4,Win32,60.70908208,,,,18.0,1.0,Nederlands,,,,,,Engels,2.0,Duits,1.0,,0.0,,0.0,,0.0,,0.0,,0.0,,0.0,NL,3.0,2.0,2.0,1.0,,sensorypref1,sensorypref2,1280.0,720.0,,,,,,,,,,,,,,,,,,,,,,,,,,,,,,,,,,,22.0,1167.2086,57.0,"[5.7980999999045935,1.8645999999046694,3.9487000000476655,8.612600000143004,6.114499999999964,0.8995999999046376,1.098900000095398,6.414500000000032,6.898099999904673,6.430899999856933,0.9487000000477224,1.132799999952283,1.066000000000031,0.83299999999997,1.833200000047782,0.9997000000475964,2.3490000000000464,4.748900000095318,1.1489000000954093,30.42379999995228,1.0994000000953292,0.8333999998569652,0.7998999998569616,3.697899999856986,0.8659000000953938,4.21449999999993,1.616299999952389,2.4658999998569016,2.6323999998569434,1.6828000001906958,1.0831000001430766,3.4322000000477146,1.0824000000953902,2.2153999998569134,10.512399999856939,11.59610000014311,7.848400000095353,0.9331000001430994,3.8319999999999936,2.7998999998569616,3.898599999904718,0.8497999999523245,1.8168000001907103,0.816799999952309,1.8989000000952956,0.948500000000081,0.9315000000000282,0.8326999998091651,5.931299999952216,0.8506000001430039,0.7660999999045544,0.8162000000477292,0.9162999999523436,5.14330000019072,1.0329000000954238,12.762899999856927,0.8651999998091924]","[5.7980999999045935,1.8645999999046694,3.9487000000476655,8.612600000143004,6.114499999999964,0.8997000000476874,1.098900000095398,6.414500000000032,6.898099999904673,6.430999999999983,0.9487000000477224,1.1329999999999814,1.0661000001430239,0.83299999999997,1.833200000047782,0.9997999999523017,2.3491000001430393,4.749000000000024,1.1489000000954093,30.423900000095387,1.0994000000953292,0.8333999998569652,0.7998999998569616,3.697999999999979,0.8659999999999854,4.21449999999993,1.6163999998569807,2.4658999998569016,2.6323999998569434,1.682900000095401,1.0831000001430766,3.4322000000477146,1.0824999999999818,2.2153999998569134,10.512500000000045,11.596200000047702,7.848400000095353,0.933200000047691,3.8320999999045853,2.7998999998569616,3.898700000047711,0.8498999998570298,1.8170000000000073,0.816900000095302,1.899000000000001,0.948500000000081,0.9316000001431348,0.832799999952158,5.931399999856922,0.8506000001430039,0.7662999999522526,0.8162000000477292,0.9164000000953365,5.143400000095198,1.0329000000954238,12.762899999856927,0.8652999999521853]",,,0.0,166.0,166.0,129.0,1.0,goed,vgoed,question_vocal.png,im_mouth.png,,,,,,
,,,538741,1,21,2023-09-29_12h32.28.399,flesh_expressibility_dutch,2022.2.4,Win32,60.70908208,,,,18.0,1.0,Nederlands,,,,,,Engels,2.0,Duits,1.0,,0.0,,0.0,,0.0,,0.0,,0.0,,0.0,NL,3.0,2.0,2.0,1.0,,sensorypref1,sensorypref2,1280.0,720.0,,,,,,,,,,,,,,,,,,,,,,,,,,,,,,,,,,,20.0,1168.2271,58.0,"[5.7980999999045935,1.8645999999046694,3.9487000000476655,8.612600000143004,6.114499999999964,0.8995999999046376,1.098900000095398,6.414500000000032,6.898099999904673,6.430899999856933,0.9487000000477224,1.132799999952283,1.066000000000031,0.83299999999997,1.833200000047782,0.9997000000475964,2.3490000000000464,4.748900000095318,1.1489000000954093,30.42379999995228,1.0994000000953292,0.8333999998569652,0.7998999998569616,3.697899999856986,0.8659000000953938,4.21449999999993,1.616299999952389,2.4658999998569016,2.6323999998569434,1.6828000001906958,1.0831000001430766,3.4322000000477146,1.0824000000953902,2.2153999998569134,10.512399999856939,11.59610000014311,7.848400000095353,0.9331000001430994,3.8319999999999936,2.7998999998569616,3.898599999904718,0.8497999999523245,1.8168000001907103,0.816799999952309,1.8989000000952956,0.948500000000081,0.9315000000000282,0.8326999998091651,5.931299999952216,0.8506000001430039,0.7660999999045544,0.8162000000477292,0.9162999999523436,5.14330000019072,1.0329000000954238,12.762899999856927,0.8651999998091924,1.650900000095362]","[5.7980999999045935,1.8645999999046694,3.9487000000476655,8.612600000143004,6.114499999999964,0.8997000000476874,1.098900000095398,6.414500000000032,6.898099999904673,6.430999999999983,0.9487000000477224,1.1329999999999814,1.0661000001430239,0.83299999999997,1.833200000047782,0.9997999999523017,2.3491000001430393,4.749000000000024,1.1489000000954093,30.423900000095387,1.0994000000953292,0.8333999998569652,0.7998999998569616,3.697999999999979,0.8659999999999854,4.21449999999993,1.6163999998569807,2.4658999998569016,2.6323999998569434,1.682900000095401,1.0831000001430766,3.4322000000477146,1.0824999999999818,2.2153999998569134,10.512500000000045,11.596200000047702,7.848400000095353,0.933200000047691,3.8320999999045853,2.7998999998569616,3.898700000047711,0.8498999998570298,1.8170000000000073,0.816900000095302,1.899000000000001,0.948500000000081,0.9316000001431348,0.832799999952158,5.931399999856922,0.8506000001430039,0.7662999999522526,0.8162000000477292,0.9164000000953365,5.143400000095198,1.0329000000954238,12.762899999856927,0.8652999999521853,1.65099999999984]",-0.983333333,3.8296,0.0,167.0,167.0,104.0,1.0,luis,vluis,question_vocal.png,im_mouth.png,,,,,,
,,,538741,1,21,2023-09-29_12h32.28.399,flesh_expressibility_dutch,2022.2.4,Win32,60.70908208,,,,18.0,1.0,Nederlands,,,,,,Engels,2.0,Duits,1.0,,0.0,,0.0,,0.0,,0.0,,0.0,,0.0,NL,3.0,2.0,2.0,1.0,,sensorypref1,sensorypref2,1280.0,720.0,,,,,,,,,,,,,,,,,,,,,,,,,,,,,,,,,,,22.0,1173.5033,58.0,"[5.7980999999045935,1.8645999999046694,3.9487000000476655,8.612600000143004,6.114499999999964,0.8995999999046376,1.098900000095398,6.414500000000032,6.898099999904673,6.430899999856933,0.9487000000477224,1.132799999952283,1.066000000000031,0.83299999999997,1.833200000047782,0.9997000000475964,2.3490000000000464,4.748900000095318,1.1489000000954093,30.42379999995228,1.0994000000953292,0.8333999998569652,0.7998999998569616,3.697899999856986,0.8659000000953938,4.21449999999993,1.616299999952389,2.4658999998569016,2.6323999998569434,1.6828000001906958,1.0831000001430766,3.4322000000477146,1.0824000000953902,2.2153999998569134,10.512399999856939,11.59610000014311,7.848400000095353,0.9331000001430994,3.8319999999999936,2.7998999998569616,3.898599999904718,0.8497999999523245,1.8168000001907103,0.816799999952309,1.8989000000952956,0.948500000000081,0.9315000000000282,0.8326999998091651,5.931299999952216,0.8506000001430039,0.7660999999045544,0.8162000000477292,0.9162999999523436,5.14330000019072,1.0329000000954238,12.762899999856927,0.8651999998091924,1.650900000095362]","[5.7980999999045935,1.8645999999046694,3.9487000000476655,8.612600000143004,6.114499999999964,0.8997000000476874,1.098900000095398,6.414500000000032,6.898099999904673,6.430999999999983,0.9487000000477224,1.1329999999999814,1.0661000001430239,0.83299999999997,1.833200000047782,0.9997999999523017,2.3491000001430393,4.749000000000024,1.1489000000954093,30.423900000095387,1.0994000000953292,0.8333999998569652,0.7998999998569616,3.697999999999979,0.8659999999999854,4.21449999999993,1.6163999998569807,2.4658999998569016,2.6323999998569434,1.682900000095401,1.0831000001430766,3.4322000000477146,1.0824999999999818,2.2153999998569134,10.512500000000045,11.596200000047702,7.848400000095353,0.933200000047691,3.8320999999045853,2.7998999998569616,3.898700000047711,0.8498999998570298,1.8170000000000073,0.816900000095302,1.899000000000001,0.948500000000081,0.9316000001431348,0.832799999952158,5.931399999856922,0.8506000001430039,0.7662999999522526,0.8162000000477292,0.9164000000953365,5.143400000095198,1.0329000000954238,12.762899999856927,0.8652999999521853,1.65099999999984]",,,0.0,168.0,168.0,156.0,1.0,blad,vblad,question_vocal.png,im_mouth.png,,,,,,
,,,538741,1,21,2023-09-29_12h32.28.399,flesh_expressibility_dutch,2022.2.4,Win32,60.70908208,,,,18.0,1.0,Nederlands,,,,,,Engels,2.0,Duits,1.0,,0.0,,0.0,,0.0,,0.0,,0.0,,0.0,NL,3.0,2.0,2.0,1.0,,sensorypref1,sensorypref2,1280.0,720.0,,,,,,,,,,,,,,,,,,,,,,,,,,,,,,,,,,,22.0,1174.5126,58.0,"[5.7980999999045935,1.8645999999046694,3.9487000000476655,8.612600000143004,6.114499999999964,0.8995999999046376,1.098900000095398,6.414500000000032,6.898099999904673,6.430899999856933,0.9487000000477224,1.132799999952283,1.066000000000031,0.83299999999997,1.833200000047782,0.9997000000475964,2.3490000000000464,4.748900000095318,1.1489000000954093,30.42379999995228,1.0994000000953292,0.8333999998569652,0.7998999998569616,3.697899999856986,0.8659000000953938,4.21449999999993,1.616299999952389,2.4658999998569016,2.6323999998569434,1.6828000001906958,1.0831000001430766,3.4322000000477146,1.0824000000953902,2.2153999998569134,10.512399999856939,11.59610000014311,7.848400000095353,0.9331000001430994,3.8319999999999936,2.7998999998569616,3.898599999904718,0.8497999999523245,1.8168000001907103,0.816799999952309,1.8989000000952956,0.948500000000081,0.9315000000000282,0.8326999998091651,5.931299999952216,0.8506000001430039,0.7660999999045544,0.8162000000477292,0.9162999999523436,5.14330000019072,1.0329000000954238,12.762899999856927,0.8651999998091924,1.650900000095362]","[5.7980999999045935,1.8645999999046694,3.9487000000476655,8.612600000143004,6.114499999999964,0.8997000000476874,1.098900000095398,6.414500000000032,6.898099999904673,6.430999999999983,0.9487000000477224,1.1329999999999814,1.0661000001430239,0.83299999999997,1.833200000047782,0.9997999999523017,2.3491000001430393,4.749000000000024,1.1489000000954093,30.423900000095387,1.0994000000953292,0.8333999998569652,0.7998999998569616,3.697999999999979,0.8659999999999854,4.21449999999993,1.6163999998569807,2.4658999998569016,2.6323999998569434,1.682900000095401,1.0831000001430766,3.4322000000477146,1.0824999999999818,2.2153999998569134,10.512500000000045,11.596200000047702,7.848400000095353,0.933200000047691,3.8320999999045853,2.7998999998569616,3.898700000047711,0.8498999998570298,1.8170000000000073,0.816900000095302,1.899000000000001,0.948500000000081,0.9316000001431348,0.832799999952158,5.931399999856922,0.8506000001430039,0.7662999999522526,0.8162000000477292,0.9164000000953365,5.143400000095198,1.0329000000954238,12.762899999856927,0.8652999999521853,1.65099999999984]",,,0.0,169.0,169.0,65.0,1.0,jeuk,vjeuk,question_vocal.png,im_mouth.png,,,,,,
,,,538741,1,21,2023-09-29_12h32.28.399,flesh_expressibility_dutch,2022.2.4,Win32,60.70908208,,,,18.0,1.0,Nederlands,,,,,,Engels,2.0,Duits,1.0,,0.0,,0.0,,0.0,,0.0,,0.0,,0.0,NL,3.0,2.0,2.0,1.0,,sensorypref1,sensorypref2,1280.0,720.0,,,,,,,,,,,,,,,,,,,,,,,,,,,,,,,,,,,22.0,1175.5351,58.0,"[5.7980999999045935,1.8645999999046694,3.9487000000476655,8.612600000143004,6.114499999999964,0.8995999999046376,1.098900000095398,6.414500000000032,6.898099999904673,6.430899999856933,0.9487000000477224,1.132799999952283,1.066000000000031,0.83299999999997,1.833200000047782,0.9997000000475964,2.3490000000000464,4.748900000095318,1.1489000000954093,30.42379999995228,1.0994000000953292,0.8333999998569652,0.7998999998569616,3.697899999856986,0.8659000000953938,4.21449999999993,1.616299999952389,2.4658999998569016,2.6323999998569434,1.6828000001906958,1.0831000001430766,3.4322000000477146,1.0824000000953902,2.2153999998569134,10.512399999856939,11.59610000014311,7.848400000095353,0.9331000001430994,3.8319999999999936,2.7998999998569616,3.898599999904718,0.8497999999523245,1.8168000001907103,0.816799999952309,1.8989000000952956,0.948500000000081,0.9315000000000282,0.8326999998091651,5.931299999952216,0.8506000001430039,0.7660999999045544,0.8162000000477292,0.9162999999523436,5.14330000019072,1.0329000000954238,12.762899999856927,0.8651999998091924,1.650900000095362]","[5.7980999999045935,1.8645999999046694,3.9487000000476655,8.612600000143004,6.114499999999964,0.8997000000476874,1.098900000095398,6.414500000000032,6.898099999904673,6.430999999999983,0.9487000000477224,1.1329999999999814,1.0661000001430239,0.83299999999997,1.833200000047782,0.9997999999523017,2.3491000001430393,4.749000000000024,1.1489000000954093,30.423900000095387,1.0994000000953292,0.8333999998569652,0.7998999998569616,3.697999999999979,0.8659999999999854,4.21449999999993,1.6163999998569807,2.4658999998569016,2.6323999998569434,1.682900000095401,1.0831000001430766,3.4322000000477146,1.0824999999999818,2.2153999998569134,10.512500000000045,11.596200000047702,7.848400000095353,0.933200000047691,3.8320999999045853,2.7998999998569616,3.898700000047711,0.8498999998570298,1.8170000000000073,0.816900000095302,1.899000000000001,0.948500000000081,0.9316000001431348,0.832799999952158,5.931399999856922,0.8506000001430039,0.7662999999522526,0.8162000000477292,0.9164000000953365,5.143400000095198,1.0329000000954238,12.762899999856927,0.8652999999521853,1.65099999999984]",,,0.0,170.0,170.0,0.0,1.0,droog,vdroog,question_vocal.png,im_mouth.png,,,,,,
,,,538741,1,21,2023-09-29_12h32.28.399,flesh_expressibility_dutch,2022.2.4,Win32,60.70908208,,,,18.0,1.0,Nederlands,,,,,,Engels,2.0,Duits,1.0,,0.0,,0.0,,0.0,,0.0,,0.0,,0.0,NL,3.0,2.0,2.0,1.0,,sensorypref1,sensorypref2,1280.0,720.0,,,,,,,,,,,,,,,,,,,,,,,,,,,,,,,,,,,22.0,1176.5658,58.0,"[5.7980999999045935,1.8645999999046694,3.9487000000476655,8.612600000143004,6.114499999999964,0.8995999999046376,1.098900000095398,6.414500000000032,6.898099999904673,6.430899999856933,0.9487000000477224,1.132799999952283,1.066000000000031,0.83299999999997,1.833200000047782,0.9997000000475964,2.3490000000000464,4.748900000095318,1.1489000000954093,30.42379999995228,1.0994000000953292,0.8333999998569652,0.7998999998569616,3.697899999856986,0.8659000000953938,4.21449999999993,1.616299999952389,2.4658999998569016,2.6323999998569434,1.6828000001906958,1.0831000001430766,3.4322000000477146,1.0824000000953902,2.2153999998569134,10.512399999856939,11.59610000014311,7.848400000095353,0.9331000001430994,3.8319999999999936,2.7998999998569616,3.898599999904718,0.8497999999523245,1.8168000001907103,0.816799999952309,1.8989000000952956,0.948500000000081,0.9315000000000282,0.8326999998091651,5.931299999952216,0.8506000001430039,0.7660999999045544,0.8162000000477292,0.9162999999523436,5.14330000019072,1.0329000000954238,12.762899999856927,0.8651999998091924,1.650900000095362]","[5.7980999999045935,1.8645999999046694,3.9487000000476655,8.612600000143004,6.114499999999964,0.8997000000476874,1.098900000095398,6.414500000000032,6.898099999904673,6.430999999999983,0.9487000000477224,1.1329999999999814,1.0661000001430239,0.83299999999997,1.833200000047782,0.9997999999523017,2.3491000001430393,4.749000000000024,1.1489000000954093,30.423900000095387,1.0994000000953292,0.8333999998569652,0.7998999998569616,3.697999999999979,0.8659999999999854,4.21449999999993,1.6163999998569807,2.4658999998569016,2.6323999998569434,1.682900000095401,1.0831000001430766,3.4322000000477146,1.0824999999999818,2.2153999998569134,10.512500000000045,11.596200000047702,7.848400000095353,0.933200000047691,3.8320999999045853,2.7998999998569616,3.898700000047711,0.8498999998570298,1.8170000000000073,0.816900000095302,1.899000000000001,0.948500000000081,0.9316000001431348,0.832799999952158,5.931399999856922,0.8506000001430039,0.7662999999522526,0.8162000000477292,0.9164000000953365,5.143400000095198,1.0329000000954238,12.762899999856927,0.8652999999521853,1.65099999999984]",,,0.0,171.0,171.0,142.0,1.0,verbrijzelen,vverbrijzelen,question_vocal.png,im_mouth.png,,,,,,
,,,538741,1,21,2023-09-29_12h32.28.399,flesh_expressibility_dutch,2022.2.4,Win32,60.70908208,,,,18.0,1.0,Nederlands,,,,,,Engels,2.0,Duits,1.0,,0.0,,0.0,,0.0,,0.0,,0.0,,0.0,NL,3.0,2.0,2.0,1.0,,sensorypref1,sensorypref2,1280.0,720.0,,,,,,,,,,,,,,,,,,,,,,,,,,,,,,,,,,,22.0,1177.5587,58.0,"[5.7980999999045935,1.8645999999046694,3.9487000000476655,8.612600000143004,6.114499999999964,0.8995999999046376,1.098900000095398,6.414500000000032,6.898099999904673,6.430899999856933,0.9487000000477224,1.132799999952283,1.066000000000031,0.83299999999997,1.833200000047782,0.9997000000475964,2.3490000000000464,4.748900000095318,1.1489000000954093,30.42379999995228,1.0994000000953292,0.8333999998569652,0.7998999998569616,3.697899999856986,0.8659000000953938,4.21449999999993,1.616299999952389,2.4658999998569016,2.6323999998569434,1.6828000001906958,1.0831000001430766,3.4322000000477146,1.0824000000953902,2.2153999998569134,10.512399999856939,11.59610000014311,7.848400000095353,0.9331000001430994,3.8319999999999936,2.7998999998569616,3.898599999904718,0.8497999999523245,1.8168000001907103,0.816799999952309,1.8989000000952956,0.948500000000081,0.9315000000000282,0.8326999998091651,5.931299999952216,0.8506000001430039,0.7660999999045544,0.8162000000477292,0.9162999999523436,5.14330000019072,1.0329000000954238,12.762899999856927,0.8651999998091924,1.650900000095362]","[5.7980999999045935,1.8645999999046694,3.9487000000476655,8.612600000143004,6.114499999999964,0.8997000000476874,1.098900000095398,6.414500000000032,6.898099999904673,6.430999999999983,0.9487000000477224,1.1329999999999814,1.0661000001430239,0.83299999999997,1.833200000047782,0.9997999999523017,2.3491000001430393,4.749000000000024,1.1489000000954093,30.423900000095387,1.0994000000953292,0.8333999998569652,0.7998999998569616,3.697999999999979,0.8659999999999854,4.21449999999993,1.6163999998569807,2.4658999998569016,2.6323999998569434,1.682900000095401,1.0831000001430766,3.4322000000477146,1.0824999999999818,2.2153999998569134,10.512500000000045,11.596200000047702,7.848400000095353,0.933200000047691,3.8320999999045853,2.7998999998569616,3.898700000047711,0.8498999998570298,1.8170000000000073,0.816900000095302,1.899000000000001,0.948500000000081,0.9316000001431348,0.832799999952158,5.931399999856922,0.8506000001430039,0.7662999999522526,0.8162000000477292,0.9164000000953365,5.143400000095198,1.0329000000954238,12.762899999856927,0.8652999999521853,1.65099999999984]",,,0.0,172.0,172.0,80.0,1.0,vijand,vvijand,question_vocal.png,im_mouth.png,,,,,,
,,,538741,1,21,2023-09-29_12h32.28.399,flesh_expressibility_dutch,2022.2.4,Win32,60.70908208,,,,18.0,1.0,Nederlands,,,,,,Engels,2.0,Duits,1.0,,0.0,,0.0,,0.0,,0.0,,0.0,,0.0,NL,3.0,2.0,2.0,1.0,,sensorypref1,sensorypref2,1280.0,720.0,,,,,,,,,,,,,,,,,,,,,,,,,,,,,,,,,,,22.0,1178.5822,58.0,"[5.7980999999045935,1.8645999999046694,3.9487000000476655,8.612600000143004,6.114499999999964,0.8995999999046376,1.098900000095398,6.414500000000032,6.898099999904673,6.430899999856933,0.9487000000477224,1.132799999952283,1.066000000000031,0.83299999999997,1.833200000047782,0.9997000000475964,2.3490000000000464,4.748900000095318,1.1489000000954093,30.42379999995228,1.0994000000953292,0.8333999998569652,0.7998999998569616,3.697899999856986,0.8659000000953938,4.21449999999993,1.616299999952389,2.4658999998569016,2.6323999998569434,1.6828000001906958,1.0831000001430766,3.4322000000477146,1.0824000000953902,2.2153999998569134,10.512399999856939,11.59610000014311,7.848400000095353,0.9331000001430994,3.8319999999999936,2.7998999998569616,3.898599999904718,0.8497999999523245,1.8168000001907103,0.816799999952309,1.8989000000952956,0.948500000000081,0.9315000000000282,0.8326999998091651,5.931299999952216,0.8506000001430039,0.7660999999045544,0.8162000000477292,0.9162999999523436,5.14330000019072,1.0329000000954238,12.762899999856927,0.8651999998091924,1.650900000095362]","[5.7980999999045935,1.8645999999046694,3.9487000000476655,8.612600000143004,6.114499999999964,0.8997000000476874,1.098900000095398,6.414500000000032,6.898099999904673,6.430999999999983,0.9487000000477224,1.1329999999999814,1.0661000001430239,0.83299999999997,1.833200000047782,0.9997999999523017,2.3491000001430393,4.749000000000024,1.1489000000954093,30.423900000095387,1.0994000000953292,0.8333999998569652,0.7998999998569616,3.697999999999979,0.8659999999999854,4.21449999999993,1.6163999998569807,2.4658999998569016,2.6323999998569434,1.682900000095401,1.0831000001430766,3.4322000000477146,1.0824999999999818,2.2153999998569134,10.512500000000045,11.596200000047702,7.848400000095353,0.933200000047691,3.8320999999045853,2.7998999998569616,3.898700000047711,0.8498999998570298,1.8170000000000073,0.816900000095302,1.899000000000001,0.948500000000081,0.9316000001431348,0.832799999952158,5.931399999856922,0.8506000001430039,0.7662999999522526,0.8162000000477292,0.9164000000953365,5.143400000095198,1.0329000000954238,12.762899999856927,0.8652999999521853,1.65099999999984]",,,0.0,173.0,173.0,90.0,1.0,slapen,vslapen,question_vocal.png,im_mouth.png,,,,,,
,,,538741,1,21,2023-09-29_12h32.28.399,flesh_expressibility_dutch,2022.2.4,Win32,60.70908208,,,,18.0,1.0,Nederlands,,,,,,Engels,2.0,Duits,1.0,,0.0,,0.0,,0.0,,0.0,,0.0,,0.0,NL,3.0,2.0,2.0,1.0,,sensorypref1,sensorypref2,1280.0,720.0,,,,,,,,,,,,,,,,,,,,,,,,,,,,,,,,,,,22.0,1179.5949,58.0,"[5.7980999999045935,1.8645999999046694,3.9487000000476655,8.612600000143004,6.114499999999964,0.8995999999046376,1.098900000095398,6.414500000000032,6.898099999904673,6.430899999856933,0.9487000000477224,1.132799999952283,1.066000000000031,0.83299999999997,1.833200000047782,0.9997000000475964,2.3490000000000464,4.748900000095318,1.1489000000954093,30.42379999995228,1.0994000000953292,0.8333999998569652,0.7998999998569616,3.697899999856986,0.8659000000953938,4.21449999999993,1.616299999952389,2.4658999998569016,2.6323999998569434,1.6828000001906958,1.0831000001430766,3.4322000000477146,1.0824000000953902,2.2153999998569134,10.512399999856939,11.59610000014311,7.848400000095353,0.9331000001430994,3.8319999999999936,2.7998999998569616,3.898599999904718,0.8497999999523245,1.8168000001907103,0.816799999952309,1.8989000000952956,0.948500000000081,0.9315000000000282,0.8326999998091651,5.931299999952216,0.8506000001430039,0.7660999999045544,0.8162000000477292,0.9162999999523436,5.14330000019072,1.0329000000954238,12.762899999856927,0.8651999998091924,1.650900000095362]","[5.7980999999045935,1.8645999999046694,3.9487000000476655,8.612600000143004,6.114499999999964,0.8997000000476874,1.098900000095398,6.414500000000032,6.898099999904673,6.430999999999983,0.9487000000477224,1.1329999999999814,1.0661000001430239,0.83299999999997,1.833200000047782,0.9997999999523017,2.3491000001430393,4.749000000000024,1.1489000000954093,30.423900000095387,1.0994000000953292,0.8333999998569652,0.7998999998569616,3.697999999999979,0.8659999999999854,4.21449999999993,1.6163999998569807,2.4658999998569016,2.6323999998569434,1.682900000095401,1.0831000001430766,3.4322000000477146,1.0824999999999818,2.2153999998569134,10.512500000000045,11.596200000047702,7.848400000095353,0.933200000047691,3.8320999999045853,2.7998999998569616,3.898700000047711,0.8498999998570298,1.8170000000000073,0.816900000095302,1.899000000000001,0.948500000000081,0.9316000001431348,0.832799999952158,5.931399999856922,0.8506000001430039,0.7662999999522526,0.8162000000477292,0.9164000000953365,5.143400000095198,1.0329000000954238,12.762899999856927,0.8652999999521853,1.65099999999984]",,,0.0,174.0,174.0,124.0,1.0,nek,vnek,question_vocal.png,im_mouth.png,,,,,,
,,,538741,1,21,2023-09-29_12h32.28.399,flesh_expressibility_dutch,2022.2.4,Win32,60.70908208,,,,18.0,1.0,Nederlands,,,,,,Engels,2.0,Duits,1.0,,0.0,,0.0,,0.0,,0.0,,0.0,,0.0,NL,3.0,2.0,2.0,1.0,,sensorypref1,sensorypref2,1280.0,720.0,,,,,,,,,,,,,,,,,,,,,,,,,,,,,,,,,,,22.0,1180.6358,58.0,"[5.7980999999045935,1.8645999999046694,3.9487000000476655,8.612600000143004,6.114499999999964,0.8995999999046376,1.098900000095398,6.414500000000032,6.898099999904673,6.430899999856933,0.9487000000477224,1.132799999952283,1.066000000000031,0.83299999999997,1.833200000047782,0.9997000000475964,2.3490000000000464,4.748900000095318,1.1489000000954093,30.42379999995228,1.0994000000953292,0.8333999998569652,0.7998999998569616,3.697899999856986,0.8659000000953938,4.21449999999993,1.616299999952389,2.4658999998569016,2.6323999998569434,1.6828000001906958,1.0831000001430766,3.4322000000477146,1.0824000000953902,2.2153999998569134,10.512399999856939,11.59610000014311,7.848400000095353,0.9331000001430994,3.8319999999999936,2.7998999998569616,3.898599999904718,0.8497999999523245,1.8168000001907103,0.816799999952309,1.8989000000952956,0.948500000000081,0.9315000000000282,0.8326999998091651,5.931299999952216,0.8506000001430039,0.7660999999045544,0.8162000000477292,0.9162999999523436,5.14330000019072,1.0329000000954238,12.762899999856927,0.8651999998091924,1.650900000095362]","[5.7980999999045935,1.8645999999046694,3.9487000000476655,8.612600000143004,6.114499999999964,0.8997000000476874,1.098900000095398,6.414500000000032,6.898099999904673,6.430999999999983,0.9487000000477224,1.1329999999999814,1.0661000001430239,0.83299999999997,1.833200000047782,0.9997999999523017,2.3491000001430393,4.749000000000024,1.1489000000954093,30.423900000095387,1.0994000000953292,0.8333999998569652,0.7998999998569616,3.697999999999979,0.8659999999999854,4.21449999999993,1.6163999998569807,2.4658999998569016,2.6323999998569434,1.682900000095401,1.0831000001430766,3.4322000000477146,1.0824999999999818,2.2153999998569134,10.512500000000045,11.596200000047702,7.848400000095353,0.933200000047691,3.8320999999045853,2.7998999998569616,3.898700000047711,0.8498999998570298,1.8170000000000073,0.816900000095302,1.899000000000001,0.948500000000081,0.9316000001431348,0.832799999952158,5.931399999856922,0.8506000001430039,0.7662999999522526,0.8162000000477292,0.9164000000953365,5.143400000095198,1.0329000000954238,12.762899999856927,0.8652999999521853,1.65099999999984]",,,0.0,175.0,175.0,100.0,1.0,vogel,vvogel,question_vocal.png,im_mouth.png,,,,,,
,,,538741,1,21,2023-09-29_12h32.28.399,flesh_expressibility_dutch,2022.2.4,Win32,60.70908208,,,,18.0,1.0,Nederlands,,,,,,Engels,2.0,Duits,1.0,,0.0,,0.0,,0.0,,0.0,,0.0,,0.0,NL,3.0,2.0,2.0,1.0,,sensorypref1,sensorypref2,1280.0,720.0,,,,,,,,,,,,,,,,,,,,,,,,,,,,,,,,,,,22.0,1181.6556,58.0,"[5.7980999999045935,1.8645999999046694,3.9487000000476655,8.612600000143004,6.114499999999964,0.8995999999046376,1.098900000095398,6.414500000000032,6.898099999904673,6.430899999856933,0.9487000000477224,1.132799999952283,1.066000000000031,0.83299999999997,1.833200000047782,0.9997000000475964,2.3490000000000464,4.748900000095318,1.1489000000954093,30.42379999995228,1.0994000000953292,0.8333999998569652,0.7998999998569616,3.697899999856986,0.8659000000953938,4.21449999999993,1.616299999952389,2.4658999998569016,2.6323999998569434,1.6828000001906958,1.0831000001430766,3.4322000000477146,1.0824000000953902,2.2153999998569134,10.512399999856939,11.59610000014311,7.848400000095353,0.9331000001430994,3.8319999999999936,2.7998999998569616,3.898599999904718,0.8497999999523245,1.8168000001907103,0.816799999952309,1.8989000000952956,0.948500000000081,0.9315000000000282,0.8326999998091651,5.931299999952216,0.8506000001430039,0.7660999999045544,0.8162000000477292,0.9162999999523436,5.14330000019072,1.0329000000954238,12.762899999856927,0.8651999998091924,1.650900000095362]","[5.7980999999045935,1.8645999999046694,3.9487000000476655,8.612600000143004,6.114499999999964,0.8997000000476874,1.098900000095398,6.414500000000032,6.898099999904673,6.430999999999983,0.9487000000477224,1.1329999999999814,1.0661000001430239,0.83299999999997,1.833200000047782,0.9997999999523017,2.3491000001430393,4.749000000000024,1.1489000000954093,30.423900000095387,1.0994000000953292,0.8333999998569652,0.7998999998569616,3.697999999999979,0.8659999999999854,4.21449999999993,1.6163999998569807,2.4658999998569016,2.6323999998569434,1.682900000095401,1.0831000001430766,3.4322000000477146,1.0824999999999818,2.2153999998569134,10.512500000000045,11.596200000047702,7.848400000095353,0.933200000047691,3.8320999999045853,2.7998999998569616,3.898700000047711,0.8498999998570298,1.8170000000000073,0.816900000095302,1.899000000000001,0.948500000000081,0.9316000001431348,0.832799999952158,5.931399999856922,0.8506000001430039,0.7662999999522526,0.8162000000477292,0.9164000000953365,5.143400000095198,1.0329000000954238,12.762899999856927,0.8652999999521853,1.65099999999984]",,,0.0,176.0,176.0,106.0,1.0,hand,vhand,question_vocal.png,im_mouth.png,,,,,,
,,,538741,1,21,2023-09-29_12h32.28.399,flesh_expressibility_dutch,2022.2.4,Win32,60.70908208,,,,18.0,1.0,Nederlands,,,,,,Engels,2.0,Duits,1.0,,0.0,,0.0,,0.0,,0.0,,0.0,,0.0,NL,3.0,2.0,2.0,1.0,,sensorypref1,sensorypref2,1280.0,720.0,,,,,,,,,,,,,,,,,,,,,,,,,,,,,,,,,,,22.0,1182.6523,58.0,"[5.7980999999045935,1.8645999999046694,3.9487000000476655,8.612600000143004,6.114499999999964,0.8995999999046376,1.098900000095398,6.414500000000032,6.898099999904673,6.430899999856933,0.9487000000477224,1.132799999952283,1.066000000000031,0.83299999999997,1.833200000047782,0.9997000000475964,2.3490000000000464,4.748900000095318,1.1489000000954093,30.42379999995228,1.0994000000953292,0.8333999998569652,0.7998999998569616,3.697899999856986,0.8659000000953938,4.21449999999993,1.616299999952389,2.4658999998569016,2.6323999998569434,1.6828000001906958,1.0831000001430766,3.4322000000477146,1.0824000000953902,2.2153999998569134,10.512399999856939,11.59610000014311,7.848400000095353,0.9331000001430994,3.8319999999999936,2.7998999998569616,3.898599999904718,0.8497999999523245,1.8168000001907103,0.816799999952309,1.8989000000952956,0.948500000000081,0.9315000000000282,0.8326999998091651,5.931299999952216,0.8506000001430039,0.7660999999045544,0.8162000000477292,0.9162999999523436,5.14330000019072,1.0329000000954238,12.762899999856927,0.8651999998091924,1.650900000095362]","[5.7980999999045935,1.8645999999046694,3.9487000000476655,8.612600000143004,6.114499999999964,0.8997000000476874,1.098900000095398,6.414500000000032,6.898099999904673,6.430999999999983,0.9487000000477224,1.1329999999999814,1.0661000001430239,0.83299999999997,1.833200000047782,0.9997999999523017,2.3491000001430393,4.749000000000024,1.1489000000954093,30.423900000095387,1.0994000000953292,0.8333999998569652,0.7998999998569616,3.697999999999979,0.8659999999999854,4.21449999999993,1.6163999998569807,2.4658999998569016,2.6323999998569434,1.682900000095401,1.0831000001430766,3.4322000000477146,1.0824999999999818,2.2153999998569134,10.512500000000045,11.596200000047702,7.848400000095353,0.933200000047691,3.8320999999045853,2.7998999998569616,3.898700000047711,0.8498999998570298,1.8170000000000073,0.816900000095302,1.899000000000001,0.948500000000081,0.9316000001431348,0.832799999952158,5.931399999856922,0.8506000001430039,0.7662999999522526,0.8162000000477292,0.9164000000953365,5.143400000095198,1.0329000000954238,12.762899999856927,0.8652999999521853,1.65099999999984]",,,0.0,177.0,177.0,41.0,1.0,bliksem,vbliksem,question_vocal.png,im_mouth.png,,,,,,
,,,538741,1,21,2023-09-29_12h32.28.399,flesh_expressibility_dutch,2022.2.4,Win32,60.70908208,,,,18.0,1.0,Nederlands,,,,,,Engels,2.0,Duits,1.0,,0.0,,0.0,,0.0,,0.0,,0.0,,0.0,NL,3.0,2.0,2.0,1.0,,sensorypref1,sensorypref2,1280.0,720.0,,,,,,,,,,,,,,,,,,,,,,,,,,,,,,,,,,,20.0,1183.6689,59.0,"[5.7980999999045935,1.8645999999046694,3.9487000000476655,8.612600000143004,6.114499999999964,0.8995999999046376,1.098900000095398,6.414500000000032,6.898099999904673,6.430899999856933,0.9487000000477224,1.132799999952283,1.066000000000031,0.83299999999997,1.833200000047782,0.9997000000475964,2.3490000000000464,4.748900000095318,1.1489000000954093,30.42379999995228,1.0994000000953292,0.8333999998569652,0.7998999998569616,3.697899999856986,0.8659000000953938,4.21449999999993,1.616299999952389,2.4658999998569016,2.6323999998569434,1.6828000001906958,1.0831000001430766,3.4322000000477146,1.0824000000953902,2.2153999998569134,10.512399999856939,11.59610000014311,7.848400000095353,0.9331000001430994,3.8319999999999936,2.7998999998569616,3.898599999904718,0.8497999999523245,1.8168000001907103,0.816799999952309,1.8989000000952956,0.948500000000081,0.9315000000000282,0.8326999998091651,5.931299999952216,0.8506000001430039,0.7660999999045544,0.8162000000477292,0.9162999999523436,5.14330000019072,1.0329000000954238,12.762899999856927,0.8651999998091924,1.650900000095362,1.5652000000475255]","[5.7980999999045935,1.8645999999046694,3.9487000000476655,8.612600000143004,6.114499999999964,0.8997000000476874,1.098900000095398,6.414500000000032,6.898099999904673,6.430999999999983,0.9487000000477224,1.1329999999999814,1.0661000001430239,0.83299999999997,1.833200000047782,0.9997999999523017,2.3491000001430393,4.749000000000024,1.1489000000954093,30.423900000095387,1.0994000000953292,0.8333999998569652,0.7998999998569616,3.697999999999979,0.8659999999999854,4.21449999999993,1.6163999998569807,2.4658999998569016,2.6323999998569434,1.682900000095401,1.0831000001430766,3.4322000000477146,1.0824999999999818,2.2153999998569134,10.512500000000045,11.596200000047702,7.848400000095353,0.933200000047691,3.8320999999045853,2.7998999998569616,3.898700000047711,0.8498999998570298,1.8170000000000073,0.816900000095302,1.899000000000001,0.948500000000081,0.9316000001431348,0.832799999952158,5.931399999856922,0.8506000001430039,0.7662999999522526,0.8162000000477292,0.9164000000953365,5.143400000095198,1.0329000000954238,12.762899999856927,0.8652999999521853,1.65099999999984,1.5652000000475255]",-0.988888889,4.4125,0.0,178.0,178.0,165.0,1.0,hard,vhard,question_vocal.png,im_mouth.png,,,,,,
,,,538741,1,21,2023-09-29_12h32.28.399,flesh_expressibility_dutch,2022.2.4,Win32,60.70908208,,,,18.0,1.0,Nederlands,,,,,,Engels,2.0,Duits,1.0,,0.0,,0.0,,0.0,,0.0,,0.0,,0.0,NL,3.0,2.0,2.0,1.0,,sensorypref1,sensorypref2,1280.0,720.0,,,,,,,,,,,,,,,,,,,,,,,,,,,,,,,,,,,22.0,1189.4454,59.0,"[5.7980999999045935,1.8645999999046694,3.9487000000476655,8.612600000143004,6.114499999999964,0.8995999999046376,1.098900000095398,6.414500000000032,6.898099999904673,6.430899999856933,0.9487000000477224,1.132799999952283,1.066000000000031,0.83299999999997,1.833200000047782,0.9997000000475964,2.3490000000000464,4.748900000095318,1.1489000000954093,30.42379999995228,1.0994000000953292,0.8333999998569652,0.7998999998569616,3.697899999856986,0.8659000000953938,4.21449999999993,1.616299999952389,2.4658999998569016,2.6323999998569434,1.6828000001906958,1.0831000001430766,3.4322000000477146,1.0824000000953902,2.2153999998569134,10.512399999856939,11.59610000014311,7.848400000095353,0.9331000001430994,3.8319999999999936,2.7998999998569616,3.898599999904718,0.8497999999523245,1.8168000001907103,0.816799999952309,1.8989000000952956,0.948500000000081,0.9315000000000282,0.8326999998091651,5.931299999952216,0.8506000001430039,0.7660999999045544,0.8162000000477292,0.9162999999523436,5.14330000019072,1.0329000000954238,12.762899999856927,0.8651999998091924,1.650900000095362,1.5652000000475255]","[5.7980999999045935,1.8645999999046694,3.9487000000476655,8.612600000143004,6.114499999999964,0.8997000000476874,1.098900000095398,6.414500000000032,6.898099999904673,6.430999999999983,0.9487000000477224,1.1329999999999814,1.0661000001430239,0.83299999999997,1.833200000047782,0.9997999999523017,2.3491000001430393,4.749000000000024,1.1489000000954093,30.423900000095387,1.0994000000953292,0.8333999998569652,0.7998999998569616,3.697999999999979,0.8659999999999854,4.21449999999993,1.6163999998569807,2.4658999998569016,2.6323999998569434,1.682900000095401,1.0831000001430766,3.4322000000477146,1.0824999999999818,2.2153999998569134,10.512500000000045,11.596200000047702,7.848400000095353,0.933200000047691,3.8320999999045853,2.7998999998569616,3.898700000047711,0.8498999998570298,1.8170000000000073,0.816900000095302,1.899000000000001,0.948500000000081,0.9316000001431348,0.832799999952158,5.931399999856922,0.8506000001430039,0.7662999999522526,0.8162000000477292,0.9164000000953365,5.143400000095198,1.0329000000954238,12.762899999856927,0.8652999999521853,1.65099999999984,1.5652000000475255]",,,0.0,179.0,179.0,201.0,1.0,gisteren,vgisteren,question_vocal.png,im_mouth.png,,,,,,
,,,538741,1,21,2023-09-29_12h32.28.399,flesh_expressibility_dutch,2022.2.4,Win32,60.70908208,,,,18.0,1.0,Nederlands,,,,,,Engels,2.0,Duits,1.0,,0.0,,0.0,,0.0,,0.0,,0.0,,0.0,NL,3.0,2.0,2.0,1.0,,sensorypref1,sensorypref2,1280.0,720.0,,,,,,,,,,,,,,,,,,,,,,,,,,,,,,,,,,,22.0,1190.4745,59.0,"[5.7980999999045935,1.8645999999046694,3.9487000000476655,8.612600000143004,6.114499999999964,0.8995999999046376,1.098900000095398,6.414500000000032,6.898099999904673,6.430899999856933,0.9487000000477224,1.132799999952283,1.066000000000031,0.83299999999997,1.833200000047782,0.9997000000475964,2.3490000000000464,4.748900000095318,1.1489000000954093,30.42379999995228,1.0994000000953292,0.8333999998569652,0.7998999998569616,3.697899999856986,0.8659000000953938,4.21449999999993,1.616299999952389,2.4658999998569016,2.6323999998569434,1.6828000001906958,1.0831000001430766,3.4322000000477146,1.0824000000953902,2.2153999998569134,10.512399999856939,11.59610000014311,7.848400000095353,0.9331000001430994,3.8319999999999936,2.7998999998569616,3.898599999904718,0.8497999999523245,1.8168000001907103,0.816799999952309,1.8989000000952956,0.948500000000081,0.9315000000000282,0.8326999998091651,5.931299999952216,0.8506000001430039,0.7660999999045544,0.8162000000477292,0.9162999999523436,5.14330000019072,1.0329000000954238,12.762899999856927,0.8651999998091924,1.650900000095362,1.5652000000475255]","[5.7980999999045935,1.8645999999046694,3.9487000000476655,8.612600000143004,6.114499999999964,0.8997000000476874,1.098900000095398,6.414500000000032,6.898099999904673,6.430999999999983,0.9487000000477224,1.1329999999999814,1.0661000001430239,0.83299999999997,1.833200000047782,0.9997999999523017,2.3491000001430393,4.749000000000024,1.1489000000954093,30.423900000095387,1.0994000000953292,0.8333999998569652,0.7998999998569616,3.697999999999979,0.8659999999999854,4.21449999999993,1.6163999998569807,2.4658999998569016,2.6323999998569434,1.682900000095401,1.0831000001430766,3.4322000000477146,1.0824999999999818,2.2153999998569134,10.512500000000045,11.596200000047702,7.848400000095353,0.933200000047691,3.8320999999045853,2.7998999998569616,3.898700000047711,0.8498999998570298,1.8170000000000073,0.816900000095302,1.899000000000001,0.948500000000081,0.9316000001431348,0.832799999952158,5.931399999856922,0.8506000001430039,0.7662999999522526,0.8162000000477292,0.9164000000953365,5.143400000095198,1.0329000000954238,12.762899999856927,0.8652999999521853,1.65099999999984,1.5652000000475255]",,,0.0,180.0,180.0,12.0,1.0,ademen,vademen,question_vocal.png,im_mouth.png,,,,,,
,,,538741,1,21,2023-09-29_12h32.28.399,flesh_expressibility_dutch,2022.2.4,Win32,60.70908208,,,,18.0,1.0,Nederlands,,,,,,Engels,2.0,Duits,1.0,,0.0,,0.0,,0.0,,0.0,,0.0,,0.0,NL,3.0,2.0,2.0,1.0,,sensorypref1,sensorypref2,1280.0,720.0,,,,,,,,,,,,,,,,,,,,,,,,,,,,,,,,,,,22.0,1191.4664,59.0,"[5.7980999999045935,1.8645999999046694,3.9487000000476655,8.612600000143004,6.114499999999964,0.8995999999046376,1.098900000095398,6.414500000000032,6.898099999904673,6.430899999856933,0.9487000000477224,1.132799999952283,1.066000000000031,0.83299999999997,1.833200000047782,0.9997000000475964,2.3490000000000464,4.748900000095318,1.1489000000954093,30.42379999995228,1.0994000000953292,0.8333999998569652,0.7998999998569616,3.697899999856986,0.8659000000953938,4.21449999999993,1.616299999952389,2.4658999998569016,2.6323999998569434,1.6828000001906958,1.0831000001430766,3.4322000000477146,1.0824000000953902,2.2153999998569134,10.512399999856939,11.59610000014311,7.848400000095353,0.9331000001430994,3.8319999999999936,2.7998999998569616,3.898599999904718,0.8497999999523245,1.8168000001907103,0.816799999952309,1.8989000000952956,0.948500000000081,0.9315000000000282,0.8326999998091651,5.931299999952216,0.8506000001430039,0.7660999999045544,0.8162000000477292,0.9162999999523436,5.14330000019072,1.0329000000954238,12.762899999856927,0.8651999998091924,1.650900000095362,1.5652000000475255]","[5.7980999999045935,1.8645999999046694,3.9487000000476655,8.612600000143004,6.114499999999964,0.8997000000476874,1.098900000095398,6.414500000000032,6.898099999904673,6.430999999999983,0.9487000000477224,1.1329999999999814,1.0661000001430239,0.83299999999997,1.833200000047782,0.9997999999523017,2.3491000001430393,4.749000000000024,1.1489000000954093,30.423900000095387,1.0994000000953292,0.8333999998569652,0.7998999998569616,3.697999999999979,0.8659999999999854,4.21449999999993,1.6163999998569807,2.4658999998569016,2.6323999998569434,1.682900000095401,1.0831000001430766,3.4322000000477146,1.0824999999999818,2.2153999998569134,10.512500000000045,11.596200000047702,7.848400000095353,0.933200000047691,3.8320999999045853,2.7998999998569616,3.898700000047711,0.8498999998570298,1.8170000000000073,0.816900000095302,1.899000000000001,0.948500000000081,0.9316000001431348,0.832799999952158,5.931399999856922,0.8506000001430039,0.7662999999522526,0.8162000000477292,0.9164000000953365,5.143400000095198,1.0329000000954238,12.762899999856927,0.8652999999521853,1.65099999999984,1.5652000000475255]",,,0.0,181.0,181.0,154.0,1.0,zeggen,vzeggen,question_vocal.png,im_mouth.png,,,,,,
,,,538741,1,21,2023-09-29_12h32.28.399,flesh_expressibility_dutch,2022.2.4,Win32,60.70908208,,,,18.0,1.0,Nederlands,,,,,,Engels,2.0,Duits,1.0,,0.0,,0.0,,0.0,,0.0,,0.0,,0.0,NL,3.0,2.0,2.0,1.0,,sensorypref1,sensorypref2,1280.0,720.0,,,,,,,,,,,,,,,,,,,,,,,,,,,,,,,,,,,22.0,1192.5076,59.0,"[5.7980999999045935,1.8645999999046694,3.9487000000476655,8.612600000143004,6.114499999999964,0.8995999999046376,1.098900000095398,6.414500000000032,6.898099999904673,6.430899999856933,0.9487000000477224,1.132799999952283,1.066000000000031,0.83299999999997,1.833200000047782,0.9997000000475964,2.3490000000000464,4.748900000095318,1.1489000000954093,30.42379999995228,1.0994000000953292,0.8333999998569652,0.7998999998569616,3.697899999856986,0.8659000000953938,4.21449999999993,1.616299999952389,2.4658999998569016,2.6323999998569434,1.6828000001906958,1.0831000001430766,3.4322000000477146,1.0824000000953902,2.2153999998569134,10.512399999856939,11.59610000014311,7.848400000095353,0.9331000001430994,3.8319999999999936,2.7998999998569616,3.898599999904718,0.8497999999523245,1.8168000001907103,0.816799999952309,1.8989000000952956,0.948500000000081,0.9315000000000282,0.8326999998091651,5.931299999952216,0.8506000001430039,0.7660999999045544,0.8162000000477292,0.9162999999523436,5.14330000019072,1.0329000000954238,12.762899999856927,0.8651999998091924,1.650900000095362,1.5652000000475255]","[5.7980999999045935,1.8645999999046694,3.9487000000476655,8.612600000143004,6.114499999999964,0.8997000000476874,1.098900000095398,6.414500000000032,6.898099999904673,6.430999999999983,0.9487000000477224,1.1329999999999814,1.0661000001430239,0.83299999999997,1.833200000047782,0.9997999999523017,2.3491000001430393,4.749000000000024,1.1489000000954093,30.423900000095387,1.0994000000953292,0.8333999998569652,0.7998999998569616,3.697999999999979,0.8659999999999854,4.21449999999993,1.6163999998569807,2.4658999998569016,2.6323999998569434,1.682900000095401,1.0831000001430766,3.4322000000477146,1.0824999999999818,2.2153999998569134,10.512500000000045,11.596200000047702,7.848400000095353,0.933200000047691,3.8320999999045853,2.7998999998569616,3.898700000047711,0.8498999998570298,1.8170000000000073,0.816900000095302,1.899000000000001,0.948500000000081,0.9316000001431348,0.832799999952158,5.931399999856922,0.8506000001430039,0.7662999999522526,0.8162000000477292,0.9164000000953365,5.143400000095198,1.0329000000954238,12.762899999856927,0.8652999999521853,1.65099999999984,1.5652000000475255]",,,0.0,182.0,182.0,60.0,1.0,luidruchtig,vluidruchtig,question_vocal.png,im_mouth.png,,,,,,
,,,538741,1,21,2023-09-29_12h32.28.399,flesh_expressibility_dutch,2022.2.4,Win32,60.70908208,,,,18.0,1.0,Nederlands,,,,,,Engels,2.0,Duits,1.0,,0.0,,0.0,,0.0,,0.0,,0.0,,0.0,NL,3.0,2.0,2.0,1.0,,sensorypref1,sensorypref2,1280.0,720.0,,,,,,,,,,,,,,,,,,,,,,,,,,,,,,,,,,,22.0,1193.5591,59.0,"[5.7980999999045935,1.8645999999046694,3.9487000000476655,8.612600000143004,6.114499999999964,0.8995999999046376,1.098900000095398,6.414500000000032,6.898099999904673,6.430899999856933,0.9487000000477224,1.132799999952283,1.066000000000031,0.83299999999997,1.833200000047782,0.9997000000475964,2.3490000000000464,4.748900000095318,1.1489000000954093,30.42379999995228,1.0994000000953292,0.8333999998569652,0.7998999998569616,3.697899999856986,0.8659000000953938,4.21449999999993,1.616299999952389,2.4658999998569016,2.6323999998569434,1.6828000001906958,1.0831000001430766,3.4322000000477146,1.0824000000953902,2.2153999998569134,10.512399999856939,11.59610000014311,7.848400000095353,0.9331000001430994,3.8319999999999936,2.7998999998569616,3.898599999904718,0.8497999999523245,1.8168000001907103,0.816799999952309,1.8989000000952956,0.948500000000081,0.9315000000000282,0.8326999998091651,5.931299999952216,0.8506000001430039,0.7660999999045544,0.8162000000477292,0.9162999999523436,5.14330000019072,1.0329000000954238,12.762899999856927,0.8651999998091924,1.650900000095362,1.5652000000475255]","[5.7980999999045935,1.8645999999046694,3.9487000000476655,8.612600000143004,6.114499999999964,0.8997000000476874,1.098900000095398,6.414500000000032,6.898099999904673,6.430999999999983,0.9487000000477224,1.1329999999999814,1.0661000001430239,0.83299999999997,1.833200000047782,0.9997999999523017,2.3491000001430393,4.749000000000024,1.1489000000954093,30.423900000095387,1.0994000000953292,0.8333999998569652,0.7998999998569616,3.697999999999979,0.8659999999999854,4.21449999999993,1.6163999998569807,2.4658999998569016,2.6323999998569434,1.682900000095401,1.0831000001430766,3.4322000000477146,1.0824999999999818,2.2153999998569134,10.512500000000045,11.596200000047702,7.848400000095353,0.933200000047691,3.8320999999045853,2.7998999998569616,3.898700000047711,0.8498999998570298,1.8170000000000073,0.816900000095302,1.899000000000001,0.948500000000081,0.9316000001431348,0.832799999952158,5.931399999856922,0.8506000001430039,0.7662999999522526,0.8162000000477292,0.9164000000953365,5.143400000095198,1.0329000000954238,12.762899999856927,0.8652999999521853,1.65099999999984,1.5652000000475255]",,,0.0,183.0,183.0,49.0,1.0,springen,vspringen,question_vocal.png,im_mouth.png,,,,,,
,,,538741,1,21,2023-09-29_12h32.28.399,flesh_expressibility_dutch,2022.2.4,Win32,60.70908208,,,,18.0,1.0,Nederlands,,,,,,Engels,2.0,Duits,1.0,,0.0,,0.0,,0.0,,0.0,,0.0,,0.0,NL,3.0,2.0,2.0,1.0,,sensorypref1,sensorypref2,1280.0,720.0,,,,,,,,,,,,,,,,,,,,,,,,,,,,,,,,,,,22.0,1194.5457,59.0,"[5.7980999999045935,1.8645999999046694,3.9487000000476655,8.612600000143004,6.114499999999964,0.8995999999046376,1.098900000095398,6.414500000000032,6.898099999904673,6.430899999856933,0.9487000000477224,1.132799999952283,1.066000000000031,0.83299999999997,1.833200000047782,0.9997000000475964,2.3490000000000464,4.748900000095318,1.1489000000954093,30.42379999995228,1.0994000000953292,0.8333999998569652,0.7998999998569616,3.697899999856986,0.8659000000953938,4.21449999999993,1.616299999952389,2.4658999998569016,2.6323999998569434,1.6828000001906958,1.0831000001430766,3.4322000000477146,1.0824000000953902,2.2153999998569134,10.512399999856939,11.59610000014311,7.848400000095353,0.9331000001430994,3.8319999999999936,2.7998999998569616,3.898599999904718,0.8497999999523245,1.8168000001907103,0.816799999952309,1.8989000000952956,0.948500000000081,0.9315000000000282,0.8326999998091651,5.931299999952216,0.8506000001430039,0.7660999999045544,0.8162000000477292,0.9162999999523436,5.14330000019072,1.0329000000954238,12.762899999856927,0.8651999998091924,1.650900000095362,1.5652000000475255]","[5.7980999999045935,1.8645999999046694,3.9487000000476655,8.612600000143004,6.114499999999964,0.8997000000476874,1.098900000095398,6.414500000000032,6.898099999904673,6.430999999999983,0.9487000000477224,1.1329999999999814,1.0661000001430239,0.83299999999997,1.833200000047782,0.9997999999523017,2.3491000001430393,4.749000000000024,1.1489000000954093,30.423900000095387,1.0994000000953292,0.8333999998569652,0.7998999998569616,3.697999999999979,0.8659999999999854,4.21449999999993,1.6163999998569807,2.4658999998569016,2.6323999998569434,1.682900000095401,1.0831000001430766,3.4322000000477146,1.0824999999999818,2.2153999998569134,10.512500000000045,11.596200000047702,7.848400000095353,0.933200000047691,3.8320999999045853,2.7998999998569616,3.898700000047711,0.8498999998570298,1.8170000000000073,0.816900000095302,1.899000000000001,0.948500000000081,0.9316000001431348,0.832799999952158,5.931399999856922,0.8506000001430039,0.7662999999522526,0.8162000000477292,0.9164000000953365,5.143400000095198,1.0329000000954238,12.762899999856927,0.8652999999521853,1.65099999999984,1.5652000000475255]",,,0.0,184.0,184.0,121.0,1.0,voet,vvoet,question_vocal.png,im_mouth.png,,,,,,
,,,538741,1,21,2023-09-29_12h32.28.399,flesh_expressibility_dutch,2022.2.4,Win32,60.70908208,,,,18.0,1.0,Nederlands,,,,,,Engels,2.0,Duits,1.0,,0.0,,0.0,,0.0,,0.0,,0.0,,0.0,NL,3.0,2.0,2.0,1.0,,sensorypref1,sensorypref2,1280.0,720.0,,,,,,,,,,,,,,,,,,,,,,,,,,,,,,,,,,,22.0,1195.5651,59.0,"[5.7980999999045935,1.8645999999046694,3.9487000000476655,8.612600000143004,6.114499999999964,0.8995999999046376,1.098900000095398,6.414500000000032,6.898099999904673,6.430899999856933,0.9487000000477224,1.132799999952283,1.066000000000031,0.83299999999997,1.833200000047782,0.9997000000475964,2.3490000000000464,4.748900000095318,1.1489000000954093,30.42379999995228,1.0994000000953292,0.8333999998569652,0.7998999998569616,3.697899999856986,0.8659000000953938,4.21449999999993,1.616299999952389,2.4658999998569016,2.6323999998569434,1.6828000001906958,1.0831000001430766,3.4322000000477146,1.0824000000953902,2.2153999998569134,10.512399999856939,11.59610000014311,7.848400000095353,0.9331000001430994,3.8319999999999936,2.7998999998569616,3.898599999904718,0.8497999999523245,1.8168000001907103,0.816799999952309,1.8989000000952956,0.948500000000081,0.9315000000000282,0.8326999998091651,5.931299999952216,0.8506000001430039,0.7660999999045544,0.8162000000477292,0.9162999999523436,5.14330000019072,1.0329000000954238,12.762899999856927,0.8651999998091924,1.650900000095362,1.5652000000475255]","[5.7980999999045935,1.8645999999046694,3.9487000000476655,8.612600000143004,6.114499999999964,0.8997000000476874,1.098900000095398,6.414500000000032,6.898099999904673,6.430999999999983,0.9487000000477224,1.1329999999999814,1.0661000001430239,0.83299999999997,1.833200000047782,0.9997999999523017,2.3491000001430393,4.749000000000024,1.1489000000954093,30.423900000095387,1.0994000000953292,0.8333999998569652,0.7998999998569616,3.697999999999979,0.8659999999999854,4.21449999999993,1.6163999998569807,2.4658999998569016,2.6323999998569434,1.682900000095401,1.0831000001430766,3.4322000000477146,1.0824999999999818,2.2153999998569134,10.512500000000045,11.596200000047702,7.848400000095353,0.933200000047691,3.8320999999045853,2.7998999998569616,3.898700000047711,0.8498999998570298,1.8170000000000073,0.816900000095302,1.899000000000001,0.948500000000081,0.9316000001431348,0.832799999952158,5.931399999856922,0.8506000001430039,0.7662999999522526,0.8162000000477292,0.9164000000953365,5.143400000095198,1.0329000000954238,12.762899999856927,0.8652999999521853,1.65099999999984,1.5652000000475255]",,,0.0,185.0,185.0,73.0,1.0,ruiken,vruiken,question_vocal.png,im_mouth.png,,,,,,
,,,538741,1,21,2023-09-29_12h32.28.399,flesh_expressibility_dutch,2022.2.4,Win32,60.70908208,,,,18.0,1.0,Nederlands,,,,,,Engels,2.0,Duits,1.0,,0.0,,0.0,,0.0,,0.0,,0.0,,0.0,NL,3.0,2.0,2.0,1.0,,sensorypref1,sensorypref2,1280.0,720.0,,,,,,,,,,,,,,,,,,,,,,,,,,,,,,,,,,,22.0,1196.5956,59.0,"[5.7980999999045935,1.8645999999046694,3.9487000000476655,8.612600000143004,6.114499999999964,0.8995999999046376,1.098900000095398,6.414500000000032,6.898099999904673,6.430899999856933,0.9487000000477224,1.132799999952283,1.066000000000031,0.83299999999997,1.833200000047782,0.9997000000475964,2.3490000000000464,4.748900000095318,1.1489000000954093,30.42379999995228,1.0994000000953292,0.8333999998569652,0.7998999998569616,3.697899999856986,0.8659000000953938,4.21449999999993,1.616299999952389,2.4658999998569016,2.6323999998569434,1.6828000001906958,1.0831000001430766,3.4322000000477146,1.0824000000953902,2.2153999998569134,10.512399999856939,11.59610000014311,7.848400000095353,0.9331000001430994,3.8319999999999936,2.7998999998569616,3.898599999904718,0.8497999999523245,1.8168000001907103,0.816799999952309,1.8989000000952956,0.948500000000081,0.9315000000000282,0.8326999998091651,5.931299999952216,0.8506000001430039,0.7660999999045544,0.8162000000477292,0.9162999999523436,5.14330000019072,1.0329000000954238,12.762899999856927,0.8651999998091924,1.650900000095362,1.5652000000475255]","[5.7980999999045935,1.8645999999046694,3.9487000000476655,8.612600000143004,6.114499999999964,0.8997000000476874,1.098900000095398,6.414500000000032,6.898099999904673,6.430999999999983,0.9487000000477224,1.1329999999999814,1.0661000001430239,0.83299999999997,1.833200000047782,0.9997999999523017,2.3491000001430393,4.749000000000024,1.1489000000954093,30.423900000095387,1.0994000000953292,0.8333999998569652,0.7998999998569616,3.697999999999979,0.8659999999999854,4.21449999999993,1.6163999998569807,2.4658999998569016,2.6323999998569434,1.682900000095401,1.0831000001430766,3.4322000000477146,1.0824999999999818,2.2153999998569134,10.512500000000045,11.596200000047702,7.848400000095353,0.933200000047691,3.8320999999045853,2.7998999998569616,3.898700000047711,0.8498999998570298,1.8170000000000073,0.816900000095302,1.899000000000001,0.948500000000081,0.9316000001431348,0.832799999952158,5.931399999856922,0.8506000001430039,0.7662999999522526,0.8162000000477292,0.9164000000953365,5.143400000095198,1.0329000000954238,12.762899999856927,0.8652999999521853,1.65099999999984,1.5652000000475255]",,,0.0,186.0,186.0,164.0,1.0,zoet,vzoet,question_vocal.png,im_mouth.png,,,,,,
,,,538741,1,21,2023-09-29_12h32.28.399,flesh_expressibility_dutch,2022.2.4,Win32,60.70908208,,,,18.0,1.0,Nederlands,,,,,,Engels,2.0,Duits,1.0,,0.0,,0.0,,0.0,,0.0,,0.0,,0.0,NL,3.0,2.0,2.0,1.0,,sensorypref1,sensorypref2,1280.0,720.0,,,,,,,,,,,,,,,,,,,,,,,,,,,,,,,,,,,22.0,1197.6463,59.0,"[5.7980999999045935,1.8645999999046694,3.9487000000476655,8.612600000143004,6.114499999999964,0.8995999999046376,1.098900000095398,6.414500000000032,6.898099999904673,6.430899999856933,0.9487000000477224,1.132799999952283,1.066000000000031,0.83299999999997,1.833200000047782,0.9997000000475964,2.3490000000000464,4.748900000095318,1.1489000000954093,30.42379999995228,1.0994000000953292,0.8333999998569652,0.7998999998569616,3.697899999856986,0.8659000000953938,4.21449999999993,1.616299999952389,2.4658999998569016,2.6323999998569434,1.6828000001906958,1.0831000001430766,3.4322000000477146,1.0824000000953902,2.2153999998569134,10.512399999856939,11.59610000014311,7.848400000095353,0.9331000001430994,3.8319999999999936,2.7998999998569616,3.898599999904718,0.8497999999523245,1.8168000001907103,0.816799999952309,1.8989000000952956,0.948500000000081,0.9315000000000282,0.8326999998091651,5.931299999952216,0.8506000001430039,0.7660999999045544,0.8162000000477292,0.9162999999523436,5.14330000019072,1.0329000000954238,12.762899999856927,0.8651999998091924,1.650900000095362,1.5652000000475255]","[5.7980999999045935,1.8645999999046694,3.9487000000476655,8.612600000143004,6.114499999999964,0.8997000000476874,1.098900000095398,6.414500000000032,6.898099999904673,6.430999999999983,0.9487000000477224,1.1329999999999814,1.0661000001430239,0.83299999999997,1.833200000047782,0.9997999999523017,2.3491000001430393,4.749000000000024,1.1489000000954093,30.423900000095387,1.0994000000953292,0.8333999998569652,0.7998999998569616,3.697999999999979,0.8659999999999854,4.21449999999993,1.6163999998569807,2.4658999998569016,2.6323999998569434,1.682900000095401,1.0831000001430766,3.4322000000477146,1.0824999999999818,2.2153999998569134,10.512500000000045,11.596200000047702,7.848400000095353,0.933200000047691,3.8320999999045853,2.7998999998569616,3.898700000047711,0.8498999998570298,1.8170000000000073,0.816900000095302,1.899000000000001,0.948500000000081,0.9316000001431348,0.832799999952158,5.931399999856922,0.8506000001430039,0.7662999999522526,0.8162000000477292,0.9164000000953365,5.143400000095198,1.0329000000954238,12.762899999856927,0.8652999999521853,1.65099999999984,1.5652000000475255]",,,0.0,187.0,187.0,143.0,1.0,vermalen,vvermalen,question_vocal.png,im_mouth.png,,,,,,
,,,538741,1,21,2023-09-29_12h32.28.399,flesh_expressibility_dutch,2022.2.4,Win32,60.70908208,,,,18.0,1.0,Nederlands,,,,,,Engels,2.0,Duits,1.0,,0.0,,0.0,,0.0,,0.0,,0.0,,0.0,NL,3.0,2.0,2.0,1.0,,sensorypref1,sensorypref2,1280.0,720.0,,,,,,,,,,,,,,,,,,,,,,,,,,,,,,,,,,,20.0,1198.6081,60.0,"[5.7980999999045935,1.8645999999046694,3.9487000000476655,8.612600000143004,6.114499999999964,0.8995999999046376,1.098900000095398,6.414500000000032,6.898099999904673,6.430899999856933,0.9487000000477224,1.132799999952283,1.066000000000031,0.83299999999997,1.833200000047782,0.9997000000475964,2.3490000000000464,4.748900000095318,1.1489000000954093,30.42379999995228,1.0994000000953292,0.8333999998569652,0.7998999998569616,3.697899999856986,0.8659000000953938,4.21449999999993,1.616299999952389,2.4658999998569016,2.6323999998569434,1.6828000001906958,1.0831000001430766,3.4322000000477146,1.0824000000953902,2.2153999998569134,10.512399999856939,11.59610000014311,7.848400000095353,0.9331000001430994,3.8319999999999936,2.7998999998569616,3.898599999904718,0.8497999999523245,1.8168000001907103,0.816799999952309,1.8989000000952956,0.948500000000081,0.9315000000000282,0.8326999998091651,5.931299999952216,0.8506000001430039,0.7660999999045544,0.8162000000477292,0.9162999999523436,5.14330000019072,1.0329000000954238,12.762899999856927,0.8651999998091924,1.650900000095362,1.5652000000475255,1.1042999999524454]","[5.7980999999045935,1.8645999999046694,3.9487000000476655,8.612600000143004,6.114499999999964,0.8997000000476874,1.098900000095398,6.414500000000032,6.898099999904673,6.430999999999983,0.9487000000477224,1.1329999999999814,1.0661000001430239,0.83299999999997,1.833200000047782,0.9997999999523017,2.3491000001430393,4.749000000000024,1.1489000000954093,30.423900000095387,1.0994000000953292,0.8333999998569652,0.7998999998569616,3.697999999999979,0.8659999999999854,4.21449999999993,1.6163999998569807,2.4658999998569016,2.6323999998569434,1.682900000095401,1.0831000001430766,3.4322000000477146,1.0824999999999818,2.2153999998569134,10.512500000000045,11.596200000047702,7.848400000095353,0.933200000047691,3.8320999999045853,2.7998999998569616,3.898700000047711,0.8498999998570298,1.8170000000000073,0.816900000095302,1.899000000000001,0.948500000000081,0.9316000001431348,0.832799999952158,5.931399999856922,0.8506000001430039,0.7662999999522526,0.8162000000477292,0.9164000000953365,5.143400000095198,1.0329000000954238,12.762899999856927,0.8652999999521853,1.65099999999984,1.5652000000475255,1.1044000000954384]",-0.987036981,5.2643,0.0,188.0,188.0,117.0,1.0,haar,vhaar,question_vocal.png,im_mouth.png,,,,,,
,,,538741,1,21,2023-09-29_12h32.28.399,flesh_expressibility_dutch,2022.2.4,Win32,60.70908208,,,,18.0,1.0,Nederlands,,,,,,Engels,2.0,Duits,1.0,,0.0,,0.0,,0.0,,0.0,,0.0,,0.0,NL,3.0,2.0,2.0,1.0,,sensorypref1,sensorypref2,1280.0,720.0,,,,,,,,,,,,,,,,,,,,,,,,,,,,,,,,,,,,,,,,,,,,,,,,,,,,,,,,
,,,538741,1,21,2023-09-29_12h32.28.399,flesh_expressibility_dutch,2022.2.4,Win32,60.70908208,,,,18.0,1.0,Nederlands,,,,,,Engels,2.0,Duits,1.0,,0.0,,0.0,,0.0,,0.0,,0.0,,0.0,NL,3.0,2.0,2.0,1.0,,sensorypref1,sensorypref2,1280.0,720.0,,,,,,,,,,,,,,,,,,,,,,,,,,,,,,,,,,,,,,,,,,,,,,,,,,,1.0,,,,,
,,,538741,1,21,2023-09-29_12h32.28.399,flesh_expressibility_dutch,2022.2.4,Win32,60.70908208,,,,18.0,1.0,Nederlands,,,,,,Engels,2.0,Duits,1.0,,0.0,,0.0,,0.0,,0.0,,0.0,,0.0,NL,3.0,2.0,2.0,1.0,,sensorypref1,sensorypref2,1280.0,720.0,,,,,,,,,,,,,,,,,,,,,,,,,,,,,,,,,,,,,,,,,,,,,,,,,,,1.0,,,,,
,,,538741,1,21,2023-09-29_12h32.28.399,flesh_expressibility_dutch,2022.2.4,Win32,60.70908208,,,,18.0,1.0,Nederlands,,,,,,Engels,2.0,Duits,1.0,,0.0,,0.0,,0.0,,0.0,,0.0,,0.0,NL,3.0,2.0,2.0,1.0,,sensorypref1,sensorypref2,1280.0,720.0,,,,,,,,,,,,,,,,,,,,,,,,,,,,,,,,,,,,,,,,,,,,,,,,,,,1.0,,,1.0,[1238.285600000143],[1238.2857000000477]
