welcome_weiter.numClicks,welcome_weiter.timesOn,welcome_weiter.timesOff,exp_ID,session,presentation limit,date,expName,psychopyVersion,OS,frameRate,introduction_weiter.numClicks,introduction_weiter.timesOn,introduction_weiter.timesOff,age,gender,natlang1,natlang2,natlang3,natlang4,natlang5,natlang6,lang1,proficiency1,lang2,proficiency2,lang3,proficiency3,lang4,proficiency4,lang5,proficiency5,lang6,proficiency6,lang7,proficiency7,lang8,proficiency8,country,education,dyslexia,mobility,currentloc,radio-for-required-checkboxes,sensorypref1,sensorypref2,xRes,yRes,sensorypref[],sensorypref3,sensorypref4,practice_weiter.numClicks,practice_weiter.timesOn,practice_weiter.timesOff,pr_message_weiter.numClicks,pr_message_weiter.timesOn,pr_message_weiter.timesOff,pr_remember_weiter.numClicks,pr_remember_weiter.timesOn,pr_remember_weiter.timesOff,button_weiter.numClicks,button_weiter.timesOn,button_weiter.timesOff,pr_expressibility.response,pr_expressibility.rt,practice_trials.thisRepN,practice_trials.thisTrialN,practice_trials.thisN,practice_trials.thisIndex,practice_trials.ran,pr_word,pr_question,pr_image,start_weiter.numClicks,start_weiter.timesOn,start_weiter.timesOff,message_weiter.numClicks,message_weiter.timesOn,message_weiter.timesOff,trial_remember_weiter.numClicks,trial_remember_weiter.timesOn,trial_remember_weiter.timesOff,Count,Shelf time,trial_button_weiter.numClicks,trial_button_weiter.timesOn,trial_button_weiter.timesOff,expressibility.response,expressibility.rt,trials.thisRepN,trials.thisTrialN,trials.thisN,trials.thisIndex,trials.ran,word,fordict,question,trial_img,problem,problem_text,end_experiment.numClicks,end_experiment.timesOn,end_experiment.timesOff
1.0,[6.530300000000047],[6.530300000000047],582962,1,3,2023-05-31_09h20.58.768,flesh_expressibility_dutch,2022.2.4,Win32,60.5877007,,,,,,,,,,,,,,,,,,,,,,,,,,,,,,,,,,,,,,,,,,,,,,,,,,,,,,,,,,,,,,,,,,,,,,,,,,,,,,,,,,,,,,,,,,,,
,,,582962,1,3,2023-05-31_09h20.58.768,flesh_expressibility_dutch,2022.2.4,Win32,60.5877007,,,,,,,,,,,,,,,,,,,,,,,,,,,,,,,,,,,,,,,,,,,,,,,,,,,,,,,,,,,,,,,,,,,,,,,,,,,,,,,,,,,,,,,,,,,,
,,,582962,1,3,2023-05-31_09h20.58.768,flesh_expressibility_dutch,2022.2.4,Win32,60.5877007,1.0,[27.728700000000185],[27.728700000000185],,,,,,,,,,,,,,,,,,,,,,,,,,,,,,,,,,,,,,,,,,,,,,,,,,,,,,,,,,,,,,,,,,,,,,,,,,,,,,,,,,,,,,,,,
,,,582962,1,3,2023-05-31_09h20.58.768,flesh_expressibility_dutch,2022.2.4,Win32,60.5877007,,,,,,,,,,,,,,,,,,,,,,,,,,,,,,,,,,,,,,,,,,,,,,,,,,,,,,,,,,,,,,,,,,,,,,,,,,,,,,,,,,,,,,,,,,,,
,,,582962,1,3,2023-05-31_09h20.58.768,flesh_expressibility_dutch,2022.2.4,Win32,60.5877007,,,,25.0,1.0,Nederlands,,,,,,Engels,3.0,Spaans,2.0,,0.0,,0.0,,0.0,,0.0,,0.0,,0.0,NL,7.0,2.0,2.0,2.0,on,sensorypref1,sensorypref2,1920.0,1080.0,,,,,,,,,,,,,,,,,,,,,,,,,,,,,,,,,,,,,,,,,,,,,,,,,,,,,,,
,,,582962,1,3,2023-05-31_09h20.58.768,flesh_expressibility_dutch,2022.2.4,Win32,60.5877007,,,,25.0,1.0,Nederlands,,,,,,Engels,3.0,Spaans,2.0,,0.0,,0.0,,0.0,,0.0,,0.0,,0.0,NL,7.0,2.0,2.0,2.0,,sensorypref1,sensorypref2,1920.0,1080.0,,,,1.0,[101.1415],[101.14169999999994],,,,,,,,,,,,,,,,,,,,,,,,,,,,,,,,,,,,,,,,,,,,,,,,,
,,,582962,1,3,2023-05-31_09h20.58.768,flesh_expressibility_dutch,2022.2.4,Win32,60.5877007,,,,25.0,1.0,Nederlands,,,,,,Engels,3.0,Spaans,2.0,,0.0,,0.0,,0.0,,0.0,,0.0,,0.0,NL,7.0,2.0,2.0,2.0,,sensorypref1,sensorypref2,1920.0,1080.0,,,,,,,,,,,,,,,,,,,,,,,,,,,,,,,,,,,,,,,,,,,,,,,,,,,,,,,
,,,582962,1,3,2023-05-31_09h20.58.768,flesh_expressibility_dutch,2022.2.4,Win32,60.5877007,,,,25.0,1.0,Nederlands,,,,,,Engels,3.0,Spaans,2.0,,0.0,,0.0,,0.0,,0.0,,0.0,,0.0,NL,7.0,2.0,2.0,2.0,,sensorypref1,sensorypref2,1920.0,1080.0,,,,,,,1.0,[112.85719999999996],[112.85719999999996],1.0,[144.1232000000002],[144.12330000000006],1.0,[7.8007999999998106],[7.8007999999998106],0.498148148,24.4043,0.0,0.0,0.0,1.0,1.0,auto,question_gesture.png,im_hand.png,,,,,,,,,,,,,,,,,,,,,,,,,,,,,,
,,,582962,1,3,2023-05-31_09h20.58.768,flesh_expressibility_dutch,2022.2.4,Win32,60.5877007,,,,25.0,1.0,Nederlands,,,,,,Engels,3.0,Spaans,2.0,,0.0,,0.0,,0.0,,0.0,,0.0,,0.0,NL,7.0,2.0,2.0,2.0,,sensorypref1,sensorypref2,1920.0,1080.0,,,,,,,,,,,,,2.0,"[7.8007999999998106,4.249500000000012]","[7.8007999999998106,4.249500000000012]",0.303703704,10.0934,0.0,1.0,1.0,0.0,1.0,baby,question_gesture.png,im_hand.png,,,,,,,,,,,,,,,,,,,,,,,,,,,,,,
,,,582962,1,3,2023-05-31_09h20.58.768,flesh_expressibility_dutch,2022.2.4,Win32,60.5877007,,,,25.0,1.0,Nederlands,,,,,,Engels,3.0,Spaans,2.0,,0.0,,0.0,,0.0,,0.0,,0.0,,0.0,NL,7.0,2.0,2.0,2.0,,sensorypref1,sensorypref2,1920.0,1080.0,,,,,,,2.0,"[112.85719999999996,199.85700000000003]","[112.85719999999996,199.85700000000003]",2.0,"[144.1232000000002,217.7735]","[144.12330000000006,217.7736000000001]",3.0,"[7.8007999999998106,4.249500000000012,0.5999000000001331]","[7.8007999999998106,4.249500000000012,0.5999999999999943]",-0.096296296,18.6661,0.0,0.0,0.0,1.0,1.0,moe,question_vocal.png,im_mouth.png,,,,,,,,,,,,,,,,,,,,,,,,,,,,,,
,,,582962,1,3,2023-05-31_09h20.58.768,flesh_expressibility_dutch,2022.2.4,Win32,60.5877007,,,,25.0,1.0,Nederlands,,,,,,Engels,3.0,Spaans,2.0,,0.0,,0.0,,0.0,,0.0,,0.0,,0.0,NL,7.0,2.0,2.0,2.0,,sensorypref1,sensorypref2,1920.0,1080.0,,,,,,,,,,,,,4.0,"[7.8007999999998106,4.249500000000012,0.5999000000001331,1.2665000000000077]","[7.8007999999998106,4.249500000000012,0.5999999999999943,1.2665000000000077]",0.105555556,17.8808,0.0,1.0,1.0,0.0,1.0,liefde,question_vocal.png,im_mouth.png,,,,,,,,,,,,,,,,,,,,,,,,,,,,,,
,,,582962,1,3,2023-05-31_09h20.58.768,flesh_expressibility_dutch,2022.2.4,Win32,60.5877007,,,,25.0,1.0,Nederlands,,,,,,Engels,3.0,Spaans,2.0,,0.0,,0.0,,0.0,,0.0,,0.0,,0.0,NL,7.0,2.0,2.0,2.0,,sensorypref1,sensorypref2,1920.0,1080.0,,,,,,,3.0,"[112.85719999999996,199.85700000000003,276.9748999999999]","[112.85719999999996,199.85700000000003,276.97499999999997]",3.0,"[144.1232000000002,217.7735,282.1727000000002]","[144.12330000000006,217.7736000000001,282.1727000000002]",5.0,"[7.8007999999998106,4.249500000000012,0.5999000000001331,1.2665000000000077,0.7166999999999462]","[7.8007999999998106,4.249500000000012,0.5999999999999943,1.2665000000000077,0.7166999999999462]",0.703703704,5.7954,0.0,0.0,0.0,1.0,1.0,leeuw,question_multimodal.png,im_combination.png,,,,,,,,,,,,,,,,,,,,,,,,,,,,,,
,,,582962,1,3,2023-05-31_09h20.58.768,flesh_expressibility_dutch,2022.2.4,Win32,60.5877007,,,,25.0,1.0,Nederlands,,,,,,Engels,3.0,Spaans,2.0,,0.0,,0.0,,0.0,,0.0,,0.0,,0.0,NL,7.0,2.0,2.0,2.0,,sensorypref1,sensorypref2,1920.0,1080.0,,,,,,,,,,,,,6.0,"[7.8007999999998106,4.249500000000012,0.5999000000001331,1.2665000000000077,0.7166999999999462,1.5499999999999545]","[7.8007999999998106,4.249500000000012,0.5999999999999943,1.2665000000000077,0.7166999999999462,1.5500999999998157]",0.707407407,7.5852,0.0,1.0,1.0,0.0,1.0,koken,question_multimodal.png,im_combination.png,,,,,,,,,,,,,,,,,,,,,,,,,,,,,,
,,,582962,1,3,2023-05-31_09h20.58.768,flesh_expressibility_dutch,2022.2.4,Win32,60.5877007,,,,25.0,1.0,Nederlands,,,,,,Engels,3.0,Spaans,2.0,,0.0,,0.0,,0.0,,0.0,,0.0,,0.0,NL,7.0,2.0,2.0,2.0,,sensorypref1,sensorypref2,1920.0,1080.0,,,,,,,,,,,,,,,,,,,,,,,,,,1.0,[313.4543],[313.4543],,,,,,,,,,,,,,,,,,,,,,,,,,,
,,,582962,1,3,2023-05-31_09h20.58.768,flesh_expressibility_dutch,2022.2.4,Win32,60.5877007,,,,25.0,1.0,Nederlands,,,,,,Engels,3.0,Spaans,2.0,,0.0,,0.0,,0.0,,0.0,,0.0,,0.0,NL,7.0,2.0,2.0,2.0,,sensorypref1,sensorypref2,1920.0,1080.0,,,,,,,,,,,,,,,,,,,,,,,,,,,,,,,,,,,,,,,,,,,,,,,,,,,,,,,
,,,582962,1,3,2023-05-31_09h20.58.768,flesh_expressibility_dutch,2022.2.4,Win32,60.5877007,,,,25.0,1.0,Nederlands,,,,,,Engels,3.0,Spaans,2.0,,0.0,,0.0,,0.0,,0.0,,0.0,,0.0,NL,7.0,2.0,2.0,2.0,,sensorypref1,sensorypref2,1920.0,1080.0,,,,,,,,,,,,,,,,,,,,,,,,,,,,,1.0,[327.09810000000004],[327.0981999999999],1.0,[329.3962000000002],[329.3962000000002],4.0,330.9871,0.0,[],[],,,0.0,0.0,0.0,136.0,1.0,komen,mkomen,question_multimodal.png,im_combination.png,,,,,
,,,582962,1,3,2023-05-31_09h20.58.768,flesh_expressibility_dutch,2022.2.4,Win32,60.5877007,,,,25.0,1.0,Nederlands,,,,,,Engels,3.0,Spaans,2.0,,0.0,,0.0,,0.0,,0.0,,0.0,,0.0,NL,7.0,2.0,2.0,2.0,,sensorypref1,sensorypref2,1920.0,1080.0,,,,,,,,,,,,,,,,,,,,,,,,,,,,,,,,,,,3.0,332.0471,1.0,[0.5834000000001538],[0.5834000000001538],-0.883333333,9.301,0.0,1.0,1.0,126.0,1.0,dij,mdij,question_multimodal.png,im_combination.png,,,,,
,,,582962,1,3,2023-05-31_09h20.58.768,flesh_expressibility_dutch,2022.2.4,Win32,60.5877007,,,,25.0,1.0,Nederlands,,,,,,Engels,3.0,Spaans,2.0,,0.0,,0.0,,0.0,,0.0,,0.0,,0.0,NL,7.0,2.0,2.0,2.0,,sensorypref1,sensorypref2,1920.0,1080.0,,,,,,,,,,,,,,,,,,,,,,,,,,,,,,,,,,,2.0,341.8327,2.0,"[0.5834000000001538,1.5501000000001]","[0.5834000000001538,1.5501999999999612]",0.087037037,5.1182,0.0,2.0,2.0,177.0,1.0,kind,mkind,question_multimodal.png,im_combination.png,,,,,
,,,582962,1,3,2023-05-31_09h20.58.768,flesh_expressibility_dutch,2022.2.4,Win32,60.5877007,,,,25.0,1.0,Nederlands,,,,,,Engels,3.0,Spaans,2.0,,0.0,,0.0,,0.0,,0.0,,0.0,,0.0,NL,7.0,2.0,2.0,2.0,,sensorypref1,sensorypref2,1920.0,1080.0,,,,,,,,,,,,,,,,,,,,,,,,,,,,,,,,,,,3.0,348.4045,3.0,"[0.5834000000001538,1.5501000000001,0.9166999999999916]","[0.5834000000001538,1.5501999999999612,0.9166999999999916]",-0.712962963,9.1937,0.0,3.0,3.0,97.0,1.0,doen,mdoen,question_multimodal.png,im_combination.png,,,,,
,,,582962,1,3,2023-05-31_09h20.58.768,flesh_expressibility_dutch,2022.2.4,Win32,60.5877007,,,,25.0,1.0,Nederlands,,,,,,Engels,3.0,Spaans,2.0,,0.0,,0.0,,0.0,,0.0,,0.0,,0.0,NL,7.0,2.0,2.0,2.0,,sensorypref1,sensorypref2,1920.0,1080.0,,,,,,,,,,,,,,,,,,,,,,,,,,,,,,,,,,,4.0,358.4785,3.0,"[0.5834000000001538,1.5501000000001,0.9166999999999916]","[0.5834000000001538,1.5501999999999612,0.9166999999999916]",,,0.0,4.0,4.0,63.0,1.0,hartig,mhartig,question_multimodal.png,im_combination.png,,,,,
,,,582962,1,3,2023-05-31_09h20.58.768,flesh_expressibility_dutch,2022.2.4,Win32,60.5877007,,,,25.0,1.0,Nederlands,,,,,,Engels,3.0,Spaans,2.0,,0.0,,0.0,,0.0,,0.0,,0.0,,0.0,NL,7.0,2.0,2.0,2.0,,sensorypref1,sensorypref2,1920.0,1080.0,,,,,,,,,,,,,,,,,,,,,,,,,,,,,,,,,,,1.0,358.962,4.0,"[0.5834000000001538,1.5501000000001,0.9166999999999916,0.6167000000002076]","[0.5834000000001538,1.5501999999999612,0.9166999999999916,0.6167000000002076]",0.083333333,10.9841,0.0,5.0,5.0,42.0,1.0,berg,mberg,question_multimodal.png,im_combination.png,,,,,
,,,582962,1,3,2023-05-31_09h20.58.768,flesh_expressibility_dutch,2022.2.4,Win32,60.5877007,,,,25.0,1.0,Nederlands,,,,,,Engels,3.0,Spaans,2.0,,0.0,,0.0,,0.0,,0.0,,0.0,,0.0,NL,7.0,2.0,2.0,2.0,,sensorypref1,sensorypref2,1920.0,1080.0,,,,,,,,,,,,,,,,,,,,,,,,,,,,,,,,,,,3.0,370.8887,5.0,"[0.5834000000001538,1.5501000000001,0.9166999999999916,0.6167000000002076,0.5493999999998778]","[0.5834000000001538,1.5501999999999612,0.9166999999999916,0.6167000000002076,0.5494999999999663]",0.501851852,5.629,0.0,6.0,6.0,96.0,1.0,verbranden,mverbranden,question_multimodal.png,im_combination.png,,,,,
,,,582962,1,3,2023-05-31_09h20.58.768,flesh_expressibility_dutch,2022.2.4,Win32,60.5877007,,,,25.0,1.0,Nederlands,,,,,,Engels,3.0,Spaans,2.0,,0.0,,0.0,,0.0,,0.0,,0.0,,0.0,NL,7.0,2.0,2.0,2.0,,sensorypref1,sensorypref2,1920.0,1080.0,,,,,,,,,,,,,,,,,,,,,,,,,,,,,,,,,,,4.0,377.0697,5.0,"[0.5834000000001538,1.5501000000001,0.9166999999999916,0.6167000000002076,0.5493999999998778]","[0.5834000000001538,1.5501999999999612,0.9166999999999916,0.6167000000002076,0.5494999999999663]",,,0.0,7.0,7.0,14.0,1.0,licht,mlicht,question_multimodal.png,im_combination.png,,,,,
,,,582962,1,3,2023-05-31_09h20.58.768,flesh_expressibility_dutch,2022.2.4,Win32,60.5877007,,,,25.0,1.0,Nederlands,,,,,,Engels,3.0,Spaans,2.0,,0.0,,0.0,,0.0,,0.0,,0.0,,0.0,NL,7.0,2.0,2.0,2.0,,sensorypref1,sensorypref2,1920.0,1080.0,,,,,,,,,,,,,,,,,,,,,,,,,,,,,,,,,,,2.0,378.0832,6.0,"[0.5834000000001538,1.5501000000001,0.9166999999999916,0.6167000000002076,0.5493999999998778,2.6999000000001274]","[0.5834000000001538,1.5501999999999612,0.9166999999999916,0.6167000000002076,0.5494999999999663,2.6999000000001274]",-0.096296296,14.1504,0.0,8.0,8.0,6.0,1.0,zuur,mzuur,question_multimodal.png,im_combination.png,,,,,
,,,582962,1,3,2023-05-31_09h20.58.768,flesh_expressibility_dutch,2022.2.4,Win32,60.5877007,,,,25.0,1.0,Nederlands,,,,,,Engels,3.0,Spaans,2.0,,0.0,,0.0,,0.0,,0.0,,0.0,,0.0,NL,7.0,2.0,2.0,2.0,,sensorypref1,sensorypref2,1920.0,1080.0,,,,,,,,,,,,,,,,,,,,,,,,,,,,,,,,,,,3.0,392.5177,7.0,"[0.5834000000001538,1.5501000000001,0.9166999999999916,0.6167000000002076,0.5493999999998778,2.6999000000001274,0.6497000000001663]","[0.5834000000001538,1.5501999999999612,0.9166999999999916,0.6167000000002076,0.5494999999999663,2.6999000000001274,0.6498000000000275]",0.498148148,9.8596,0.0,9.0,9.0,190.0,1.0,ei,mei,question_multimodal.png,im_combination.png,,,,,
,,,582962,1,3,2023-05-31_09h20.58.768,flesh_expressibility_dutch,2022.2.4,Win32,60.5877007,,,,25.0,1.0,Nederlands,,,,,,Engels,3.0,Spaans,2.0,,0.0,,0.0,,0.0,,0.0,,0.0,,0.0,NL,7.0,2.0,2.0,2.0,,sensorypref1,sensorypref2,1920.0,1080.0,,,,,,,,,,,,,,,,,,,,,,,,,,,,,,,,,,,2.0,403.0347,8.0,"[0.5834000000001538,1.5501000000001,0.9166999999999916,0.6167000000002076,0.5493999999998778,2.6999000000001274,0.6497000000001663,1.3165999999998803]","[0.5834000000001538,1.5501999999999612,0.9166999999999916,0.6167000000002076,0.5494999999999663,2.6999000000001274,0.6498000000000275,1.3165999999998803]",0.912962963,8.7339,0.0,10.0,10.0,36.0,1.0,slecht,mslecht,question_multimodal.png,im_combination.png,,,,,
,,,582962,1,3,2023-05-31_09h20.58.768,flesh_expressibility_dutch,2022.2.4,Win32,60.5877007,,,,25.0,1.0,Nederlands,,,,,,Engels,3.0,Spaans,2.0,,0.0,,0.0,,0.0,,0.0,,0.0,,0.0,NL,7.0,2.0,2.0,2.0,,sensorypref1,sensorypref2,1920.0,1080.0,,,,,,,,,,,,,,,,,,,,,,,,,,,,,,,,,,,3.0,413.0887,9.0,"[0.5834000000001538,1.5501000000001,0.9166999999999916,0.6167000000002076,0.5493999999998778,2.6999000000001274,0.6497000000001663,1.3165999999998803,0.5998000000000161]","[0.5834000000001538,1.5501999999999612,0.9166999999999916,0.6167000000002076,0.5494999999999663,2.6999000000001274,0.6498000000000275,1.3165999999998803,0.5998999999998773]",0.862962963,6.0522,0.0,11.0,11.0,129.0,1.0,goed,mgoed,question_multimodal.png,im_combination.png,,,,,
,,,582962,1,3,2023-05-31_09h20.58.768,flesh_expressibility_dutch,2022.2.4,Win32,60.5877007,,,,25.0,1.0,Nederlands,,,,,,Engels,3.0,Spaans,2.0,,0.0,,0.0,,0.0,,0.0,,0.0,,0.0,NL,7.0,2.0,2.0,2.0,,sensorypref1,sensorypref2,1920.0,1080.0,,,,,,,,,,,,,,,,,,,,,,,,,,,,,,,,,,,3.0,419.7255,10.0,"[0.5834000000001538,1.5501000000001,0.9166999999999916,0.6167000000002076,0.5493999999998778,2.6999000000001274,0.6497000000001663,1.3165999999998803,0.5998000000000161,2.066299999999785]","[0.5834000000001538,1.5501999999999612,0.9166999999999916,0.6167000000002076,0.5494999999999663,2.6999000000001274,0.6498000000000275,1.3165999999998803,0.5998999999998773,2.066299999999785]",0.503703704,7.8735,0.0,12.0,12.0,64.0,1.0,smaak,msmaak,question_multimodal.png,im_combination.png,,,,,
,,,582962,1,3,2023-05-31_09h20.58.768,flesh_expressibility_dutch,2022.2.4,Win32,60.5877007,,,,25.0,1.0,Nederlands,,,,,,Engels,3.0,Spaans,2.0,,0.0,,0.0,,0.0,,0.0,,0.0,,0.0,NL,7.0,2.0,2.0,2.0,,sensorypref1,sensorypref2,1920.0,1080.0,,,,,,,,,,,,,,,,,,,,,,,,,,,,,,,,,,,3.0,428.0951,11.0,"[0.5834000000001538,1.5501000000001,0.9166999999999916,0.6167000000002076,0.5493999999998778,2.6999000000001274,0.6497000000001663,1.3165999999998803,0.5998000000000161,2.066299999999785,2.650000000000034]","[0.5834000000001538,1.5501999999999612,0.9166999999999916,0.6167000000002076,0.5494999999999663,2.6999000000001274,0.6498000000000275,1.3165999999998803,0.5998999999998773,2.066299999999785,2.650000000000034]",-0.696296296,11.685,0.0,13.0,13.0,5.0,1.0,honing,mhoning,question_multimodal.png,im_combination.png,,,,,
,,,582962,1,3,2023-05-31_09h20.58.768,flesh_expressibility_dutch,2022.2.4,Win32,60.5877007,,,,25.0,1.0,Nederlands,,,,,,Engels,3.0,Spaans,2.0,,0.0,,0.0,,0.0,,0.0,,0.0,,0.0,NL,7.0,2.0,2.0,2.0,,sensorypref1,sensorypref2,1920.0,1080.0,,,,,,,,,,,,,,,,,,,,,,,,,,,,,,,,,,,3.0,442.4078,12.0,"[0.5834000000001538,1.5501000000001,0.9166999999999916,0.6167000000002076,0.5493999999998778,2.6999000000001274,0.6497000000001663,1.3165999999998803,0.5998000000000161,2.066299999999785,2.650000000000034,0.7998000000000616]","[0.5834000000001538,1.5501999999999612,0.9166999999999916,0.6167000000002076,0.5494999999999663,2.6999000000001274,0.6498000000000275,1.3165999999998803,0.5998999999998773,2.066299999999785,2.650000000000034,0.7998000000000616]",0.901851852,5.5589,0.0,14.0,14.0,87.0,1.0,vechten,mvechten,question_multimodal.png,im_combination.png,,,,,
,,,582962,1,3,2023-05-31_09h20.58.768,flesh_expressibility_dutch,2022.2.4,Win32,60.5877007,,,,25.0,1.0,Nederlands,,,,,,Engels,3.0,Spaans,2.0,,0.0,,0.0,,0.0,,0.0,,0.0,,0.0,NL,7.0,2.0,2.0,2.0,,sensorypref1,sensorypref2,1920.0,1080.0,,,,,,,,,,,,,,,,,,,,,,,,,,,,,,,,,,,4.0,448.8128,12.0,"[0.5834000000001538,1.5501000000001,0.9166999999999916,0.6167000000002076,0.5493999999998778,2.6999000000001274,0.6497000000001663,1.3165999999998803,0.5998000000000161,2.066299999999785,2.650000000000034,0.7998000000000616]","[0.5834000000001538,1.5501999999999612,0.9166999999999916,0.6167000000002076,0.5494999999999663,2.6999000000001274,0.6498000000000275,1.3165999999998803,0.5998999999998773,2.066299999999785,2.650000000000034,0.7998000000000616]",,,0.0,15.0,15.0,11.0,1.0,voelen,mvoelen,question_multimodal.png,im_combination.png,,,,,
,,,582962,1,3,2023-05-31_09h20.58.768,flesh_expressibility_dutch,2022.2.4,Win32,60.5877007,,,,25.0,1.0,Nederlands,,,,,,Engels,3.0,Spaans,2.0,,0.0,,0.0,,0.0,,0.0,,0.0,,0.0,NL,7.0,2.0,2.0,2.0,,sensorypref1,sensorypref2,1920.0,1080.0,,,,,,,,,,,,,,,,,,,,,,,,,,,,,,,,,,,2.0,449.8008,13.0,"[0.5834000000001538,1.5501000000001,0.9166999999999916,0.6167000000002076,0.5493999999998778,2.6999000000001274,0.6497000000001663,1.3165999999998803,0.5998000000000161,2.066299999999785,2.650000000000034,0.7998000000000616,0.8000000000000114]","[0.5834000000001538,1.5501999999999612,0.9166999999999916,0.6167000000002076,0.5494999999999663,2.6999000000001274,0.6498000000000275,1.3165999999998803,0.5998999999998773,2.066299999999785,2.650000000000034,0.7998000000000616,0.8000000000000114]",0.507407407,10.664,0.0,16.0,16.0,75.0,1.0,rond,mrond,question_multimodal.png,im_combination.png,,,,,
,,,582962,1,3,2023-05-31_09h20.58.768,flesh_expressibility_dutch,2022.2.4,Win32,60.5877007,,,,25.0,1.0,Nederlands,,,,,,Engels,3.0,Spaans,2.0,,0.0,,0.0,,0.0,,0.0,,0.0,,0.0,NL,7.0,2.0,2.0,2.0,,sensorypref1,sensorypref2,1920.0,1080.0,,,,,,,,,,,,,,,,,,,,,,,,,,,,,,,,,,,2.0,461.073,14.0,"[0.5834000000001538,1.5501000000001,0.9166999999999916,0.6167000000002076,0.5493999999998778,2.6999000000001274,0.6497000000001663,1.3165999999998803,0.5998000000000161,2.066299999999785,2.650000000000034,0.7998000000000616,0.8000000000000114,0.5168000000000461]","[0.5834000000001538,1.5501999999999612,0.9166999999999916,0.6167000000002076,0.5494999999999663,2.6999000000001274,0.6498000000000275,1.3165999999998803,0.5998999999998773,2.066299999999785,2.650000000000034,0.7998000000000616,0.8000000000000114,0.5168000000000461]",0.9,3.5892,0.0,17.0,17.0,23.0,1.0,slang,mslang,question_multimodal.png,im_combination.png,,,,,
,,,582962,1,3,2023-05-31_09h20.58.768,flesh_expressibility_dutch,2022.2.4,Win32,60.5877007,,,,25.0,1.0,Nederlands,,,,,,Engels,3.0,Spaans,2.0,,0.0,,0.0,,0.0,,0.0,,0.0,,0.0,NL,7.0,2.0,2.0,2.0,,sensorypref1,sensorypref2,1920.0,1080.0,,,,,,,,,,,,,,,,,,,,,,,,,,,,,,,,,,,3.0,465.2499,15.0,"[0.5834000000001538,1.5501000000001,0.9166999999999916,0.6167000000002076,0.5493999999998778,2.6999000000001274,0.6497000000001663,1.3165999999998803,0.5998000000000161,2.066299999999785,2.650000000000034,0.7998000000000616,0.8000000000000114,0.5168000000000461,0.6334000000001652]","[0.5834000000001538,1.5501999999999612,0.9166999999999916,0.6167000000002076,0.5494999999999663,2.6999000000001274,0.6498000000000275,1.3165999999998803,0.5998999999998773,2.066299999999785,2.650000000000034,0.7998000000000616,0.8000000000000114,0.5168000000000461,0.6334000000001652]",-0.094444444,5.1042,0.0,18.0,18.0,20.0,1.0,verleden,mverleden,question_multimodal.png,im_combination.png,,,,,
,,,582962,1,3,2023-05-31_09h20.58.768,flesh_expressibility_dutch,2022.2.4,Win32,60.5877007,,,,25.0,1.0,Nederlands,,,,,,Engels,3.0,Spaans,2.0,,0.0,,0.0,,0.0,,0.0,,0.0,,0.0,NL,7.0,2.0,2.0,2.0,,sensorypref1,sensorypref2,1920.0,1080.0,,,,,,,,,,,,,,,,,,,,,,,,,,,,,,,,,,,2.0,470.9443,16.0,"[0.5834000000001538,1.5501000000001,0.9166999999999916,0.6167000000002076,0.5493999999998778,2.6999000000001274,0.6497000000001663,1.3165999999998803,0.5998000000000161,2.066299999999785,2.650000000000034,0.7998000000000616,0.8000000000000114,0.5168000000000461,0.6334000000001652,0.8324999999999818]","[0.5834000000001538,1.5501999999999612,0.9166999999999916,0.6167000000002076,0.5494999999999663,2.6999000000001274,0.6498000000000275,1.3165999999998803,0.5998999999998773,2.066299999999785,2.650000000000034,0.7998000000000616,0.8000000000000114,0.5168000000000461,0.6334000000001652,0.8324999999999818]",-0.688888889,9.0745,0.0,19.0,19.0,163.0,1.0,zout,mzout,question_multimodal.png,im_combination.png,,,,,
,,,582962,1,3,2023-05-31_09h20.58.768,flesh_expressibility_dutch,2022.2.4,Win32,60.5877007,,,,25.0,1.0,Nederlands,,,,,,Engels,3.0,Spaans,2.0,,0.0,,0.0,,0.0,,0.0,,0.0,,0.0,NL,7.0,2.0,2.0,2.0,,sensorypref1,sensorypref2,1920.0,1080.0,,,,,,,,,,,,,,,,,,,,,,,,,,,,,,,,,,,3.0,480.8471,17.0,"[0.5834000000001538,1.5501000000001,0.9166999999999916,0.6167000000002076,0.5493999999998778,2.6999000000001274,0.6497000000001663,1.3165999999998803,0.5998000000000161,2.066299999999785,2.650000000000034,0.7998000000000616,0.8000000000000114,0.5168000000000461,0.6334000000001652,0.8324999999999818,0.5667000000001963]","[0.5834000000001538,1.5501999999999612,0.9166999999999916,0.6167000000002076,0.5494999999999663,2.6999000000001274,0.6498000000000275,1.3165999999998803,0.5998999999998773,2.066299999999785,2.650000000000034,0.7998000000000616,0.8000000000000114,0.5168000000000461,0.6334000000001652,0.8324999999999818,0.5668000000000575]",0.312962963,4.3582,0.0,20.0,20.0,195.0,1.0,roken,mroken,question_multimodal.png,im_combination.png,,,,,
,,,582962,1,3,2023-05-31_09h20.58.768,flesh_expressibility_dutch,2022.2.4,Win32,60.5877007,,,,25.0,1.0,Nederlands,,,,,,Engels,3.0,Spaans,2.0,,0.0,,0.0,,0.0,,0.0,,0.0,,0.0,NL,7.0,2.0,2.0,2.0,,sensorypref1,sensorypref2,1920.0,1080.0,,,,,,,,,,,,,,,,,,,,,,,,,,,,,,,,,,,2.0,485.7892,18.0,"[0.5834000000001538,1.5501000000001,0.9166999999999916,0.6167000000002076,0.5493999999998778,2.6999000000001274,0.6497000000001663,1.3165999999998803,0.5998000000000161,2.066299999999785,2.650000000000034,0.7998000000000616,0.8000000000000114,0.5168000000000461,0.6334000000001652,0.8324999999999818,0.5667000000001963,2.750599999999963]","[0.5834000000001538,1.5501999999999612,0.9166999999999916,0.6167000000002076,0.5494999999999663,2.6999000000001274,0.6498000000000275,1.3165999999998803,0.5998999999998773,2.066299999999785,2.650000000000034,0.7998000000000616,0.8000000000000114,0.5168000000000461,0.6334000000001652,0.8324999999999818,0.5668000000000575,2.750599999999963]",-0.698148148,16.0249,0.0,21.0,21.0,121.0,1.0,voet,mvoet,question_multimodal.png,im_combination.png,,,,,
,,,582962,1,3,2023-05-31_09h20.58.768,flesh_expressibility_dutch,2022.2.4,Win32,60.5877007,,,,25.0,1.0,Nederlands,,,,,,Engels,3.0,Spaans,2.0,,0.0,,0.0,,0.0,,0.0,,0.0,,0.0,NL,7.0,2.0,2.0,2.0,,sensorypref1,sensorypref2,1920.0,1080.0,,,,,,,,,,,,,,,,,,,,,,,,,,,,,,,,,,,2.0,502.8949,19.0,"[0.5834000000001538,1.5501000000001,0.9166999999999916,0.6167000000002076,0.5493999999998778,2.6999000000001274,0.6497000000001663,1.3165999999998803,0.5998000000000161,2.066299999999785,2.650000000000034,0.7998000000000616,0.8000000000000114,0.5168000000000461,0.6334000000001652,0.8324999999999818,0.5667000000001963,2.750599999999963,1.6662999999999784]","[0.5834000000001538,1.5501999999999612,0.9166999999999916,0.6167000000002076,0.5494999999999663,2.6999000000001274,0.6498000000000275,1.3165999999998803,0.5998999999998773,2.066299999999785,2.650000000000034,0.7998000000000616,0.8000000000000114,0.5168000000000461,0.6334000000001652,0.8324999999999818,0.5668000000000575,2.750599999999963,1.6662999999999784]",0.292592593,9.2597,0.0,22.0,22.0,169.0,1.0,zien,mzien,question_multimodal.png,im_combination.png,,,,,
,,,582962,1,3,2023-05-31_09h20.58.768,flesh_expressibility_dutch,2022.2.4,Win32,60.5877007,,,,25.0,1.0,Nederlands,,,,,,Engels,3.0,Spaans,2.0,,0.0,,0.0,,0.0,,0.0,,0.0,,0.0,NL,7.0,2.0,2.0,2.0,,sensorypref1,sensorypref2,1920.0,1080.0,,,,,,,,,,,,,,,,,,,,,,,,,,,,,,,,,,,2.0,512.6204,20.0,"[0.5834000000001538,1.5501000000001,0.9166999999999916,0.6167000000002076,0.5493999999998778,2.6999000000001274,0.6497000000001663,1.3165999999998803,0.5998000000000161,2.066299999999785,2.650000000000034,0.7998000000000616,0.8000000000000114,0.5168000000000461,0.6334000000001652,0.8324999999999818,0.5667000000001963,2.750599999999963,1.6662999999999784,5.733399999999847]","[0.5834000000001538,1.5501999999999612,0.9166999999999916,0.6167000000002076,0.5494999999999663,2.6999000000001274,0.6498000000000275,1.3165999999998803,0.5998999999998773,2.066299999999785,2.650000000000034,0.7998000000000616,0.8000000000000114,0.5168000000000461,0.6334000000001652,0.8324999999999818,0.5668000000000575,2.750599999999963,1.6662999999999784,5.733499999999935]",0.488888889,8.2868,0.0,23.0,23.0,44.0,1.0,lucht,mlucht,question_multimodal.png,im_combination.png,,,,,
,,,582962,1,3,2023-05-31_09h20.58.768,flesh_expressibility_dutch,2022.2.4,Win32,60.5877007,,,,25.0,1.0,Nederlands,,,,,,Engels,3.0,Spaans,2.0,,0.0,,0.0,,0.0,,0.0,,0.0,,0.0,NL,7.0,2.0,2.0,2.0,,sensorypref1,sensorypref2,1920.0,1080.0,,,,,,,,,,,,,,,,,,,,,,,,,,,,,2.0,"[327.09810000000004,529.5141000000001]","[327.0981999999999,529.5141000000001]",2.0,"[329.3962000000002,546.3464]","[329.3962000000002,546.3464999999999]",4.0,547.7213,20.0,"[0.5834000000001538,1.5501000000001,0.9166999999999916,0.6167000000002076,0.5493999999998778,2.6999000000001274,0.6497000000001663,1.3165999999998803,0.5998000000000161,2.066299999999785,2.650000000000034,0.7998000000000616,0.8000000000000114,0.5168000000000461,0.6334000000001652,0.8324999999999818,0.5667000000001963,2.750599999999963,1.6662999999999784,5.733399999999847]","[0.5834000000001538,1.5501999999999612,0.9166999999999916,0.6167000000002076,0.5494999999999663,2.6999000000001274,0.6498000000000275,1.3165999999998803,0.5998999999998773,2.066299999999785,2.650000000000034,0.7998000000000616,0.8000000000000114,0.5168000000000461,0.6334000000001652,0.8324999999999818,0.5668000000000575,2.750599999999963,1.6662999999999784,5.733499999999935]",,,0.0,0.0,0.0,201.0,1.0,gisteren,vgisteren,question_vocal.png,im_mouth.png,,,,,
,,,582962,1,3,2023-05-31_09h20.58.768,flesh_expressibility_dutch,2022.2.4,Win32,60.5877007,,,,25.0,1.0,Nederlands,,,,,,Engels,3.0,Spaans,2.0,,0.0,,0.0,,0.0,,0.0,,0.0,,0.0,NL,7.0,2.0,2.0,2.0,,sensorypref1,sensorypref2,1920.0,1080.0,,,,,,,,,,,,,,,,,,,,,,,,,,,,,,,,,,,2.0,548.8019,21.0,"[0.5834000000001538,1.5501000000001,0.9166999999999916,0.6167000000002076,0.5493999999998778,2.6999000000001274,0.6497000000001663,1.3165999999998803,0.5998000000000161,2.066299999999785,2.650000000000034,0.7998000000000616,0.8000000000000114,0.5168000000000461,0.6334000000001652,0.8324999999999818,0.5667000000001963,2.750599999999963,1.6662999999999784,5.733399999999847,1.1334000000001652]","[0.5834000000001538,1.5501999999999612,0.9166999999999916,0.6167000000002076,0.5494999999999663,2.6999000000001274,0.6498000000000275,1.3165999999998803,0.5998999999998773,2.066299999999785,2.650000000000034,0.7998000000000616,0.8000000000000114,0.5168000000000461,0.6334000000001652,0.8324999999999818,0.5668000000000575,2.750599999999963,1.6662999999999784,5.733499999999935,1.1334000000001652]",-0.490740741,9.8338,0.0,1.0,1.0,89.0,1.0,jagen,vjagen,question_vocal.png,im_mouth.png,,,,,
,,,582962,1,3,2023-05-31_09h20.58.768,flesh_expressibility_dutch,2022.2.4,Win32,60.5877007,,,,25.0,1.0,Nederlands,,,,,,Engels,3.0,Spaans,2.0,,0.0,,0.0,,0.0,,0.0,,0.0,,0.0,NL,7.0,2.0,2.0,2.0,,sensorypref1,sensorypref2,1920.0,1080.0,,,,,,,,,,,,,,,,,,,,,,,,,,,,,,,,,,,3.0,559.4845,22.0,"[0.5834000000001538,1.5501000000001,0.9166999999999916,0.6167000000002076,0.5493999999998778,2.6999000000001274,0.6497000000001663,1.3165999999998803,0.5998000000000161,2.066299999999785,2.650000000000034,0.7998000000000616,0.8000000000000114,0.5168000000000461,0.6334000000001652,0.8324999999999818,0.5667000000001963,2.750599999999963,1.6662999999999784,5.733399999999847,1.1334000000001652,6.233400000000188]","[0.5834000000001538,1.5501999999999612,0.9166999999999916,0.6167000000002076,0.5494999999999663,2.6999000000001274,0.6498000000000275,1.3165999999998803,0.5998999999998773,2.066299999999785,2.650000000000034,0.7998000000000616,0.8000000000000114,0.5168000000000461,0.6334000000001652,0.8324999999999818,0.5668000000000575,2.750599999999963,1.6662999999999784,5.733499999999935,1.1334000000001652,6.233400000000188]",-0.290740741,16.2767,0.0,2.0,2.0,33.0,1.0,dromen,vdromen,question_vocal.png,im_mouth.png,,,,,
,,,582962,1,3,2023-05-31_09h20.58.768,flesh_expressibility_dutch,2022.2.4,Win32,60.5877007,,,,25.0,1.0,Nederlands,,,,,,Engels,3.0,Spaans,2.0,,0.0,,0.0,,0.0,,0.0,,0.0,,0.0,NL,7.0,2.0,2.0,2.0,,sensorypref1,sensorypref2,1920.0,1080.0,,,,,,,,,,,,,,,,,,,,,,,,,,,,,,,,,,,4.0,582.006,22.0,"[0.5834000000001538,1.5501000000001,0.9166999999999916,0.6167000000002076,0.5493999999998778,2.6999000000001274,0.6497000000001663,1.3165999999998803,0.5998000000000161,2.066299999999785,2.650000000000034,0.7998000000000616,0.8000000000000114,0.5168000000000461,0.6334000000001652,0.8324999999999818,0.5667000000001963,2.750599999999963,1.6662999999999784,5.733399999999847,1.1334000000001652,6.233400000000188]","[0.5834000000001538,1.5501999999999612,0.9166999999999916,0.6167000000002076,0.5494999999999663,2.6999000000001274,0.6498000000000275,1.3165999999998803,0.5998999999998773,2.066299999999785,2.650000000000034,0.7998000000000616,0.8000000000000114,0.5168000000000461,0.6334000000001652,0.8324999999999818,0.5668000000000575,2.750599999999963,1.6662999999999784,5.733499999999935,1.1334000000001652,6.233400000000188]",,,0.0,3.0,3.0,93.0,1.0,kleding,vkleding,question_vocal.png,im_mouth.png,,,,,
,,,582962,1,3,2023-05-31_09h20.58.768,flesh_expressibility_dutch,2022.2.4,Win32,60.5877007,,,,25.0,1.0,Nederlands,,,,,,Engels,3.0,Spaans,2.0,,0.0,,0.0,,0.0,,0.0,,0.0,,0.0,NL,7.0,2.0,2.0,2.0,,sensorypref1,sensorypref2,1920.0,1080.0,,,,,,,,,,,,,,,,,,,,,,,,,,,,,,,,,,,1.0,582.4841,23.0,"[0.5834000000001538,1.5501000000001,0.9166999999999916,0.6167000000002076,0.5493999999998778,2.6999000000001274,0.6497000000001663,1.3165999999998803,0.5998000000000161,2.066299999999785,2.650000000000034,0.7998000000000616,0.8000000000000114,0.5168000000000461,0.6334000000001652,0.8324999999999818,0.5667000000001963,2.750599999999963,1.6662999999999784,5.733399999999847,1.1334000000001652,6.233400000000188,31.68349999999998]","[0.5834000000001538,1.5501999999999612,0.9166999999999916,0.6167000000002076,0.5494999999999663,2.6999000000001274,0.6498000000000275,1.3165999999998803,0.5998999999998773,2.066299999999785,2.650000000000034,0.7998000000000616,0.8000000000000114,0.5168000000000461,0.6334000000001652,0.8324999999999818,0.5668000000000575,2.750599999999963,1.6662999999999784,5.733499999999935,1.1334000000001652,6.233400000000188,31.68349999999998]",-0.5,35.1895,0.0,4.0,4.0,105.0,1.0,arm,varm,question_vocal.png,im_mouth.png,,,,,
,,,582962,1,3,2023-05-31_09h20.58.768,flesh_expressibility_dutch,2022.2.4,Win32,60.5877007,,,,25.0,1.0,Nederlands,,,,,,Engels,3.0,Spaans,2.0,,0.0,,0.0,,0.0,,0.0,,0.0,,0.0,NL,7.0,2.0,2.0,2.0,,sensorypref1,sensorypref2,1920.0,1080.0,,,,,,,,,,,,,,,,,,,,,,,,,,,,,,,,,,,4.0,619.9888,23.0,"[0.5834000000001538,1.5501000000001,0.9166999999999916,0.6167000000002076,0.5493999999998778,2.6999000000001274,0.6497000000001663,1.3165999999998803,0.5998000000000161,2.066299999999785,2.650000000000034,0.7998000000000616,0.8000000000000114,0.5168000000000461,0.6334000000001652,0.8324999999999818,0.5667000000001963,2.750599999999963,1.6662999999999784,5.733399999999847,1.1334000000001652,6.233400000000188,31.68349999999998]","[0.5834000000001538,1.5501999999999612,0.9166999999999916,0.6167000000002076,0.5494999999999663,2.6999000000001274,0.6498000000000275,1.3165999999998803,0.5998999999998773,2.066299999999785,2.650000000000034,0.7998000000000616,0.8000000000000114,0.5168000000000461,0.6334000000001652,0.8324999999999818,0.5668000000000575,2.750599999999963,1.6662999999999784,5.733499999999935,1.1334000000001652,6.233400000000188,31.68349999999998]",,,0.0,5.0,5.0,40.0,1.0,bang,vbang,question_vocal.png,im_mouth.png,,,,,
,,,582962,1,3,2023-05-31_09h20.58.768,flesh_expressibility_dutch,2022.2.4,Win32,60.5877007,,,,25.0,1.0,Nederlands,,,,,,Engels,3.0,Spaans,2.0,,0.0,,0.0,,0.0,,0.0,,0.0,,0.0,NL,7.0,2.0,2.0,2.0,,sensorypref1,sensorypref2,1920.0,1080.0,,,,,,,,,,,,,,,,,,,,,,,,,,,,,,,,,,,2.0,620.9698,24.0,"[0.5834000000001538,1.5501000000001,0.9166999999999916,0.6167000000002076,0.5493999999998778,2.6999000000001274,0.6497000000001663,1.3165999999998803,0.5998000000000161,2.066299999999785,2.650000000000034,0.7998000000000616,0.8000000000000114,0.5168000000000461,0.6334000000001652,0.8324999999999818,0.5667000000001963,2.750599999999963,1.6662999999999784,5.733399999999847,1.1334000000001652,6.233400000000188,31.68349999999998,1.150199999999927]","[0.5834000000001538,1.5501999999999612,0.9166999999999916,0.6167000000002076,0.5494999999999663,2.6999000000001274,0.6498000000000275,1.3165999999998803,0.5998999999998773,2.066299999999785,2.650000000000034,0.7998000000000616,0.8000000000000114,0.5168000000000461,0.6334000000001652,0.8324999999999818,0.5668000000000575,2.750599999999963,1.6662999999999784,5.733499999999935,1.1334000000001652,6.233400000000188,31.68349999999998,1.150199999999927]",-0.494444444,5.254,0.0,6.0,6.0,83.0,1.0,uit,vuit,question_vocal.png,im_mouth.png,,,,,
,,,582962,1,3,2023-05-31_09h20.58.768,flesh_expressibility_dutch,2022.2.4,Win32,60.5877007,,,,25.0,1.0,Nederlands,,,,,,Engels,3.0,Spaans,2.0,,0.0,,0.0,,0.0,,0.0,,0.0,,0.0,NL,7.0,2.0,2.0,2.0,,sensorypref1,sensorypref2,1920.0,1080.0,,,,,,,,,,,,,,,,,,,,,,,,,,,,,,,,,,,3.0,627.1822,25.0,"[0.5834000000001538,1.5501000000001,0.9166999999999916,0.6167000000002076,0.5493999999998778,2.6999000000001274,0.6497000000001663,1.3165999999998803,0.5998000000000161,2.066299999999785,2.650000000000034,0.7998000000000616,0.8000000000000114,0.5168000000000461,0.6334000000001652,0.8324999999999818,0.5667000000001963,2.750599999999963,1.6662999999999784,5.733399999999847,1.1334000000001652,6.233400000000188,31.68349999999998,1.150199999999927,4]","[0.5834000000001538,1.5501999999999612,0.9166999999999916,0.6167000000002076,0.5494999999999663,2.6999000000001274,0.6498000000000275,1.3165999999998803,0.5998999999998773,2.066299999999785,2.650000000000034,0.7998000000000616,0.8000000000000114,0.5168000000000461,0.6334000000001652,0.8324999999999818,0.5668000000000575,2.750599999999963,1.6662999999999784,5.733499999999935,1.1334000000001652,6.233400000000188,31.68349999999998,1.150199999999927,4.000100000000089]",-1.0,6.1606,0.0,7.0,7.0,180.0,1.0,het,vhet,question_vocal.png,im_mouth.png,,,,,
,,,582962,1,3,2023-05-31_09h20.58.768,flesh_expressibility_dutch,2022.2.4,Win32,60.5877007,,,,25.0,1.0,Nederlands,,,,,,Engels,3.0,Spaans,2.0,,0.0,,0.0,,0.0,,0.0,,0.0,,0.0,NL,7.0,2.0,2.0,2.0,,sensorypref1,sensorypref2,1920.0,1080.0,,,,,,,,,,,,,,,,,,,,,,,,,,,,,,,,,,,2.0,634.0116,26.0,"[0.5834000000001538,1.5501000000001,0.9166999999999916,0.6167000000002076,0.5493999999998778,2.6999000000001274,0.6497000000001663,1.3165999999998803,0.5998000000000161,2.066299999999785,2.650000000000034,0.7998000000000616,0.8000000000000114,0.5168000000000461,0.6334000000001652,0.8324999999999818,0.5667000000001963,2.750599999999963,1.6662999999999784,5.733399999999847,1.1334000000001652,6.233400000000188,31.68349999999998,1.150199999999927,4,0.599999999999909]","[0.5834000000001538,1.5501999999999612,0.9166999999999916,0.6167000000002076,0.5494999999999663,2.6999000000001274,0.6498000000000275,1.3165999999998803,0.5998999999998773,2.066299999999785,2.650000000000034,0.7998000000000616,0.8000000000000114,0.5168000000000461,0.6334000000001652,0.8324999999999818,0.5668000000000575,2.750599999999963,1.6662999999999784,5.733499999999935,1.1334000000001652,6.233400000000188,31.68349999999998,1.150199999999927,4.000100000000089,0.6001000000001113]",-0.694444444,10.7518,0.0,8.0,8.0,24.0,1.0,levend,vlevend,question_vocal.png,im_mouth.png,,,,,
,,,582962,1,3,2023-05-31_09h20.58.768,flesh_expressibility_dutch,2022.2.4,Win32,60.5877007,,,,25.0,1.0,Nederlands,,,,,,Engels,3.0,Spaans,2.0,,0.0,,0.0,,0.0,,0.0,,0.0,,0.0,NL,7.0,2.0,2.0,2.0,,sensorypref1,sensorypref2,1920.0,1080.0,,,,,,,,,,,,,,,,,,,,,,,,,,,,,,,,,,,4.0,645.3404,26.0,"[0.5834000000001538,1.5501000000001,0.9166999999999916,0.6167000000002076,0.5493999999998778,2.6999000000001274,0.6497000000001663,1.3165999999998803,0.5998000000000161,2.066299999999785,2.650000000000034,0.7998000000000616,0.8000000000000114,0.5168000000000461,0.6334000000001652,0.8324999999999818,0.5667000000001963,2.750599999999963,1.6662999999999784,5.733399999999847,1.1334000000001652,6.233400000000188,31.68349999999998,1.150199999999927,4,0.599999999999909]","[0.5834000000001538,1.5501999999999612,0.9166999999999916,0.6167000000002076,0.5494999999999663,2.6999000000001274,0.6498000000000275,1.3165999999998803,0.5998999999998773,2.066299999999785,2.650000000000034,0.7998000000000616,0.8000000000000114,0.5168000000000461,0.6334000000001652,0.8324999999999818,0.5668000000000575,2.750599999999963,1.6662999999999784,5.733499999999935,1.1334000000001652,6.233400000000188,31.68349999999998,1.150199999999927,4.000100000000089,0.6001000000001113]",,,0.0,9.0,9.0,182.0,1.0,naam,vnaam,question_vocal.png,im_mouth.png,,,,,
,,,582962,1,3,2023-05-31_09h20.58.768,flesh_expressibility_dutch,2022.2.4,Win32,60.5877007,,,,25.0,1.0,Nederlands,,,,,,Engels,3.0,Spaans,2.0,,0.0,,0.0,,0.0,,0.0,,0.0,,0.0,NL,7.0,2.0,2.0,2.0,,sensorypref1,sensorypref2,1920.0,1080.0,,,,,,,,,,,,,,,,,,,,,,,,,,,,,,,,,,,2.0,646.3453,27.0,"[0.5834000000001538,1.5501000000001,0.9166999999999916,0.6167000000002076,0.5493999999998778,2.6999000000001274,0.6497000000001663,1.3165999999998803,0.5998000000000161,2.066299999999785,2.650000000000034,0.7998000000000616,0.8000000000000114,0.5168000000000461,0.6334000000001652,0.8324999999999818,0.5667000000001963,2.750599999999963,1.6662999999999784,5.733399999999847,1.1334000000001652,6.233400000000188,31.68349999999998,1.150199999999927,4,0.599999999999909,0.6332000000002154]","[0.5834000000001538,1.5501999999999612,0.9166999999999916,0.6167000000002076,0.5494999999999663,2.6999000000001274,0.6498000000000275,1.3165999999998803,0.5998999999998773,2.066299999999785,2.650000000000034,0.7998000000000616,0.8000000000000114,0.5168000000000461,0.6334000000001652,0.8324999999999818,0.5668000000000575,2.750599999999963,1.6662999999999784,5.733499999999935,1.1334000000001652,6.233400000000188,31.68349999999998,1.150199999999927,4.000100000000089,0.6001000000001113,0.6332000000002154]",-0.518518519,12.1341,0.0,10.0,10.0,174.0,1.0,staart,vstaart,question_vocal.png,im_mouth.png,,,,,
,,,582962,1,3,2023-05-31_09h20.58.768,flesh_expressibility_dutch,2022.2.4,Win32,60.5877007,,,,25.0,1.0,Nederlands,,,,,,Engels,3.0,Spaans,2.0,,0.0,,0.0,,0.0,,0.0,,0.0,,0.0,NL,7.0,2.0,2.0,2.0,,sensorypref1,sensorypref2,1920.0,1080.0,,,,,,,,,,,,,,,,,,,,,,,,,,,,,,,,,,,2.0,659.7465,28.0,"[0.5834000000001538,1.5501000000001,0.9166999999999916,0.6167000000002076,0.5493999999998778,2.6999000000001274,0.6497000000001663,1.3165999999998803,0.5998000000000161,2.066299999999785,2.650000000000034,0.7998000000000616,0.8000000000000114,0.5168000000000461,0.6334000000001652,0.8324999999999818,0.5667000000001963,2.750599999999963,1.6662999999999784,5.733399999999847,1.1334000000001652,6.233400000000188,31.68349999999998,1.150199999999927,4,0.599999999999909,0.6332000000002154,0.6006000000000995]","[0.5834000000001538,1.5501999999999612,0.9166999999999916,0.6167000000002076,0.5494999999999663,2.6999000000001274,0.6498000000000275,1.3165999999998803,0.5998999999998773,2.066299999999785,2.650000000000034,0.7998000000000616,0.8000000000000114,0.5168000000000461,0.6334000000001652,0.8324999999999818,0.5668000000000575,2.750599999999963,1.6662999999999784,5.733499999999935,1.1334000000001652,6.233400000000188,31.68349999999998,1.150199999999927,4.000100000000089,0.6001000000001113,0.6332000000002154,0.6006000000000995]",-0.907407407,8.5556,0.0,11.0,11.0,61.0,1.0,laag,vlaag,question_vocal.png,im_mouth.png,,,,,
,,,582962,1,3,2023-05-31_09h20.58.768,flesh_expressibility_dutch,2022.2.4,Win32,60.5877007,,,,25.0,1.0,Nederlands,,,,,,Engels,3.0,Spaans,2.0,,0.0,,0.0,,0.0,,0.0,,0.0,,0.0,NL,7.0,2.0,2.0,2.0,,sensorypref1,sensorypref2,1920.0,1080.0,,,,,,,,,,,,,,,,,,,,,,,,,,,,,,,,,,,3.0,668.0656,29.0,"[0.5834000000001538,1.5501000000001,0.9166999999999916,0.6167000000002076,0.5493999999998778,2.6999000000001274,0.6497000000001663,1.3165999999998803,0.5998000000000161,2.066299999999785,2.650000000000034,0.7998000000000616,0.8000000000000114,0.5168000000000461,0.6334000000001652,0.8324999999999818,0.5667000000001963,2.750599999999963,1.6662999999999784,5.733399999999847,1.1334000000001652,6.233400000000188,31.68349999999998,1.150199999999927,4,0.599999999999909,0.6332000000002154,0.6006000000000995,2.300000000000068]","[0.5834000000001538,1.5501999999999612,0.9166999999999916,0.6167000000002076,0.5494999999999663,2.6999000000001274,0.6498000000000275,1.3165999999998803,0.5998999999998773,2.066299999999785,2.650000000000034,0.7998000000000616,0.8000000000000114,0.5168000000000461,0.6334000000001652,0.8324999999999818,0.5668000000000575,2.750599999999963,1.6662999999999784,5.733499999999935,1.1334000000001652,6.233400000000188,31.68349999999998,1.150199999999927,4.000100000000089,0.6001000000001113,0.6332000000002154,0.6006000000000995,2.300000000000068]",-0.914814815,8.0529,0.0,12.0,12.0,116.0,1.0,oog,voog,question_vocal.png,im_mouth.png,,,,,
,,,582962,1,3,2023-05-31_09h20.58.768,flesh_expressibility_dutch,2022.2.4,Win32,60.5877007,,,,25.0,1.0,Nederlands,,,,,,Engels,3.0,Spaans,2.0,,0.0,,0.0,,0.0,,0.0,,0.0,,0.0,NL,7.0,2.0,2.0,2.0,,sensorypref1,sensorypref2,1920.0,1080.0,,,,,,,,,,,,,,,,,,,,,,,,,,,,,,,,,,,2.0,678.4281,30.0,"[0.5834000000001538,1.5501000000001,0.9166999999999916,0.6167000000002076,0.5493999999998778,2.6999000000001274,0.6497000000001663,1.3165999999998803,0.5998000000000161,2.066299999999785,2.650000000000034,0.7998000000000616,0.8000000000000114,0.5168000000000461,0.6334000000001652,0.8324999999999818,0.5667000000001963,2.750599999999963,1.6662999999999784,5.733399999999847,1.1334000000001652,6.233400000000188,31.68349999999998,1.150199999999927,4,0.599999999999909,0.6332000000002154,0.6006000000000995,2.300000000000068,0.8330999999998312]","[0.5834000000001538,1.5501999999999612,0.9166999999999916,0.6167000000002076,0.5494999999999663,2.6999000000001274,0.6498000000000275,1.3165999999998803,0.5998999999998773,2.066299999999785,2.650000000000034,0.7998000000000616,0.8000000000000114,0.5168000000000461,0.6334000000001652,0.8324999999999818,0.5668000000000575,2.750599999999963,1.6662999999999784,5.733499999999935,1.1334000000001652,6.233400000000188,31.68349999999998,1.150199999999927,4.000100000000089,0.6001000000001113,0.6332000000002154,0.6006000000000995,2.300000000000068,0.8330999999998312]",0.087037037,8.9535,0.0,13.0,13.0,73.0,1.0,ruiken,vruiken,question_vocal.png,im_mouth.png,,,,,
,,,582962,1,3,2023-05-31_09h20.58.768,flesh_expressibility_dutch,2022.2.4,Win32,60.5877007,,,,25.0,1.0,Nederlands,,,,,,Engels,3.0,Spaans,2.0,,0.0,,0.0,,0.0,,0.0,,0.0,,0.0,NL,7.0,2.0,2.0,2.0,,sensorypref1,sensorypref2,1920.0,1080.0,,,,,,,,,,,,,,,,,,,,,,,,,,,,,,,,,,,3.0,688.2418,31.0,"[0.5834000000001538,1.5501000000001,0.9166999999999916,0.6167000000002076,0.5493999999998778,2.6999000000001274,0.6497000000001663,1.3165999999998803,0.5998000000000161,2.066299999999785,2.650000000000034,0.7998000000000616,0.8000000000000114,0.5168000000000461,0.6334000000001652,0.8324999999999818,0.5667000000001963,2.750599999999963,1.6662999999999784,5.733399999999847,1.1334000000001652,6.233400000000188,31.68349999999998,1.150199999999927,4,0.599999999999909,0.6332000000002154,0.6006000000000995,2.300000000000068,0.8330999999998312,1.0667000000000826]","[0.5834000000001538,1.5501999999999612,0.9166999999999916,0.6167000000002076,0.5494999999999663,2.6999000000001274,0.6498000000000275,1.3165999999998803,0.5998999999998773,2.066299999999785,2.650000000000034,0.7998000000000616,0.8000000000000114,0.5168000000000461,0.6334000000001652,0.8324999999999818,0.5668000000000575,2.750599999999963,1.6662999999999784,5.733499999999935,1.1334000000001652,6.233400000000188,31.68349999999998,1.150199999999927,4.000100000000089,0.6001000000001113,0.6332000000002154,0.6006000000000995,2.300000000000068,0.8330999999998312,1.0667999999999438]",-0.307407407,15.2469,0.0,14.0,14.0,173.0,1.0,klein,vklein,question_vocal.png,im_mouth.png,,,,,
,,,582962,1,3,2023-05-31_09h20.58.768,flesh_expressibility_dutch,2022.2.4,Win32,60.5877007,,,,25.0,1.0,Nederlands,,,,,,Engels,3.0,Spaans,2.0,,0.0,,0.0,,0.0,,0.0,,0.0,,0.0,NL,7.0,2.0,2.0,2.0,,sensorypref1,sensorypref2,1920.0,1080.0,,,,,,,,,,,,,,,,,,,,,,,,,,,,,,,,,,,2.0,704.1769,32.0,"[0.5834000000001538,1.5501000000001,0.9166999999999916,0.6167000000002076,0.5493999999998778,2.6999000000001274,0.6497000000001663,1.3165999999998803,0.5998000000000161,2.066299999999785,2.650000000000034,0.7998000000000616,0.8000000000000114,0.5168000000000461,0.6334000000001652,0.8324999999999818,0.5667000000001963,2.750599999999963,1.6662999999999784,5.733399999999847,1.1334000000001652,6.233400000000188,31.68349999999998,1.150199999999927,4,0.599999999999909,0.6332000000002154,0.6006000000000995,2.300000000000068,0.8330999999998312,1.0667000000000826,3.8170000000000073]","[0.5834000000001538,1.5501999999999612,0.9166999999999916,0.6167000000002076,0.5494999999999663,2.6999000000001274,0.6498000000000275,1.3165999999998803,0.5998999999998773,2.066299999999785,2.650000000000034,0.7998000000000616,0.8000000000000114,0.5168000000000461,0.6334000000001652,0.8324999999999818,0.5668000000000575,2.750599999999963,1.6662999999999784,5.733499999999935,1.1334000000001652,6.233400000000188,31.68349999999998,1.150199999999927,4.000100000000089,0.6001000000001113,0.6332000000002154,0.6006000000000995,2.300000000000068,0.8330999999998312,1.0667999999999438,3.8170000000000073]",-0.888888889,6.154,0.0,15.0,15.0,132.0,1.0,grond,vgrond,question_vocal.png,im_mouth.png,,,,,
,,,582962,1,3,2023-05-31_09h20.58.768,flesh_expressibility_dutch,2022.2.4,Win32,60.5877007,,,,25.0,1.0,Nederlands,,,,,,Engels,3.0,Spaans,2.0,,0.0,,0.0,,0.0,,0.0,,0.0,,0.0,NL,7.0,2.0,2.0,2.0,,sensorypref1,sensorypref2,1920.0,1080.0,,,,,,,,,,,,,,,,,,,,,,,,,,,,,,,,,,,3.0,711.3852,33.0,"[0.5834000000001538,1.5501000000001,0.9166999999999916,0.6167000000002076,0.5493999999998778,2.6999000000001274,0.6497000000001663,1.3165999999998803,0.5998000000000161,2.066299999999785,2.650000000000034,0.7998000000000616,0.8000000000000114,0.5168000000000461,0.6334000000001652,0.8324999999999818,0.5667000000001963,2.750599999999963,1.6662999999999784,5.733399999999847,1.1334000000001652,6.233400000000188,31.68349999999998,1.150199999999927,4,0.599999999999909,0.6332000000002154,0.6006000000000995,2.300000000000068,0.8330999999998312,1.0667000000000826,3.8170000000000073,6.383799999999837]","[0.5834000000001538,1.5501999999999612,0.9166999999999916,0.6167000000002076,0.5494999999999663,2.6999000000001274,0.6498000000000275,1.3165999999998803,0.5998999999998773,2.066299999999785,2.650000000000034,0.7998000000000616,0.8000000000000114,0.5168000000000461,0.6334000000001652,0.8324999999999818,0.5668000000000575,2.750599999999963,1.6662999999999784,5.733499999999935,1.1334000000001652,6.233400000000188,31.68349999999998,1.150199999999927,4.000100000000089,0.6001000000001113,0.6332000000002154,0.6006000000000995,2.300000000000068,0.8330999999998312,1.0667999999999438,3.8170000000000073,6.383799999999837]",-0.733333333,9.0294,0.0,16.0,16.0,104.0,1.0,luis,vluis,question_vocal.png,im_mouth.png,,,,,
,,,582962,1,3,2023-05-31_09h20.58.768,flesh_expressibility_dutch,2022.2.4,Win32,60.5877007,,,,25.0,1.0,Nederlands,,,,,,Engels,3.0,Spaans,2.0,,0.0,,0.0,,0.0,,0.0,,0.0,,0.0,NL,7.0,2.0,2.0,2.0,,sensorypref1,sensorypref2,1920.0,1080.0,,,,,,,,,,,,,,,,,,,,,,,,,,,,,,,,,,,4.0,721.0924,33.0,"[0.5834000000001538,1.5501000000001,0.9166999999999916,0.6167000000002076,0.5493999999998778,2.6999000000001274,0.6497000000001663,1.3165999999998803,0.5998000000000161,2.066299999999785,2.650000000000034,0.7998000000000616,0.8000000000000114,0.5168000000000461,0.6334000000001652,0.8324999999999818,0.5667000000001963,2.750599999999963,1.6662999999999784,5.733399999999847,1.1334000000001652,6.233400000000188,31.68349999999998,1.150199999999927,4,0.599999999999909,0.6332000000002154,0.6006000000000995,2.300000000000068,0.8330999999998312,1.0667000000000826,3.8170000000000073,6.383799999999837]","[0.5834000000001538,1.5501999999999612,0.9166999999999916,0.6167000000002076,0.5494999999999663,2.6999000000001274,0.6498000000000275,1.3165999999998803,0.5998999999998773,2.066299999999785,2.650000000000034,0.7998000000000616,0.8000000000000114,0.5168000000000461,0.6334000000001652,0.8324999999999818,0.5668000000000575,2.750599999999963,1.6662999999999784,5.733499999999935,1.1334000000001652,6.233400000000188,31.68349999999998,1.150199999999927,4.000100000000089,0.6001000000001113,0.6332000000002154,0.6006000000000995,2.300000000000068,0.8330999999998312,1.0667999999999438,3.8170000000000073,6.383799999999837]",,,0.0,17.0,17.0,187.0,1.0,dit,vdit,question_vocal.png,im_mouth.png,,,,,
,,,582962,1,3,2023-05-31_09h20.58.768,flesh_expressibility_dutch,2022.2.4,Win32,60.5877007,,,,25.0,1.0,Nederlands,,,,,,Engels,3.0,Spaans,2.0,,0.0,,0.0,,0.0,,0.0,,0.0,,0.0,NL,7.0,2.0,2.0,2.0,,sensorypref1,sensorypref2,1920.0,1080.0,,,,,,,,,,,,,,,,,,,,,,,,,,,,,,,,,,,1.0,721.5331,34.0,"[0.5834000000001538,1.5501000000001,0.9166999999999916,0.6167000000002076,0.5493999999998778,2.6999000000001274,0.6497000000001663,1.3165999999998803,0.5998000000000161,2.066299999999785,2.650000000000034,0.7998000000000616,0.8000000000000114,0.5168000000000461,0.6334000000001652,0.8324999999999818,0.5667000000001963,2.750599999999963,1.6662999999999784,5.733399999999847,1.1334000000001652,6.233400000000188,31.68349999999998,1.150199999999927,4,0.599999999999909,0.6332000000002154,0.6006000000000995,2.300000000000068,0.8330999999998312,1.0667000000000826,3.8170000000000073,6.383799999999837,0.4674000000002252]","[0.5834000000001538,1.5501999999999612,0.9166999999999916,0.6167000000002076,0.5494999999999663,2.6999000000001274,0.6498000000000275,1.3165999999998803,0.5998999999998773,2.066299999999785,2.650000000000034,0.7998000000000616,0.8000000000000114,0.5168000000000461,0.6334000000001652,0.8324999999999818,0.5668000000000575,2.750599999999963,1.6662999999999784,5.733499999999935,1.1334000000001652,6.233400000000188,31.68349999999998,1.150199999999927,4.000100000000089,0.6001000000001113,0.6332000000002154,0.6006000000000995,2.300000000000068,0.8330999999998312,1.0667999999999438,3.8170000000000073,6.383799999999837,0.4674000000002252]",-0.644444444,10.9641,0.0,18.0,18.0,202.0,1.0,vlinder,vvlinder,question_vocal.png,im_mouth.png,,,,,
,,,582962,1,3,2023-05-31_09h20.58.768,flesh_expressibility_dutch,2022.2.4,Win32,60.5877007,,,,25.0,1.0,Nederlands,,,,,,Engels,3.0,Spaans,2.0,,0.0,,0.0,,0.0,,0.0,,0.0,,0.0,NL,7.0,2.0,2.0,2.0,,sensorypref1,sensorypref2,1920.0,1080.0,,,,,,,,,,,,,,,,,,,,,,,,,,,,,,,,,,,2.0,733.3281,35.0,"[0.5834000000001538,1.5501000000001,0.9166999999999916,0.6167000000002076,0.5493999999998778,2.6999000000001274,0.6497000000001663,1.3165999999998803,0.5998000000000161,2.066299999999785,2.650000000000034,0.7998000000000616,0.8000000000000114,0.5168000000000461,0.6334000000001652,0.8324999999999818,0.5667000000001963,2.750599999999963,1.6662999999999784,5.733399999999847,1.1334000000001652,6.233400000000188,31.68349999999998,1.150199999999927,4,0.599999999999909,0.6332000000002154,0.6006000000000995,2.300000000000068,0.8330999999998312,1.0667000000000826,3.8170000000000073,6.383799999999837,0.4674000000002252,3.700300000000084]","[0.5834000000001538,1.5501999999999612,0.9166999999999916,0.6167000000002076,0.5494999999999663,2.6999000000001274,0.6498000000000275,1.3165999999998803,0.5998999999998773,2.066299999999785,2.650000000000034,0.7998000000000616,0.8000000000000114,0.5168000000000461,0.6334000000001652,0.8324999999999818,0.5668000000000575,2.750599999999963,1.6662999999999784,5.733499999999935,1.1334000000001652,6.233400000000188,31.68349999999998,1.150199999999927,4.000100000000089,0.6001000000001113,0.6332000000002154,0.6006000000000995,2.300000000000068,0.8330999999998312,1.0667999999999438,3.8170000000000073,6.383799999999837,0.4674000000002252,3.700300000000084]",-0.959259259,2.2908,0.0,19.0,19.0,160.0,1.0,wie,vwie,question_vocal.png,im_mouth.png,,,,,
,,,582962,1,3,2023-05-31_09h20.58.768,flesh_expressibility_dutch,2022.2.4,Win32,60.5877007,,,,25.0,1.0,Nederlands,,,,,,Engels,3.0,Spaans,2.0,,0.0,,0.0,,0.0,,0.0,,0.0,,0.0,NL,7.0,2.0,2.0,2.0,,sensorypref1,sensorypref2,1920.0,1080.0,,,,,,,,,,,,,,,,,,,,,,,,,,,,,,,,,,,3.0,739.3364,36.0,"[0.5834000000001538,1.5501000000001,0.9166999999999916,0.6167000000002076,0.5493999999998778,2.6999000000001274,0.6497000000001663,1.3165999999998803,0.5998000000000161,2.066299999999785,2.650000000000034,0.7998000000000616,0.8000000000000114,0.5168000000000461,0.6334000000001652,0.8324999999999818,0.5667000000001963,2.750599999999963,1.6662999999999784,5.733399999999847,1.1334000000001652,6.233400000000188,31.68349999999998,1.150199999999927,4,0.599999999999909,0.6332000000002154,0.6006000000000995,2.300000000000068,0.8330999999998312,1.0667000000000826,3.8170000000000073,6.383799999999837,0.4674000000002252,3.700300000000084,0.6828000000000429]","[0.5834000000001538,1.5501999999999612,0.9166999999999916,0.6167000000002076,0.5494999999999663,2.6999000000001274,0.6498000000000275,1.3165999999998803,0.5998999999998773,2.066299999999785,2.650000000000034,0.7998000000000616,0.8000000000000114,0.5168000000000461,0.6334000000001652,0.8324999999999818,0.5668000000000575,2.750599999999963,1.6662999999999784,5.733499999999935,1.1334000000001652,6.233400000000188,31.68349999999998,1.150199999999927,4.000100000000089,0.6001000000001113,0.6332000000002154,0.6006000000000995,2.300000000000068,0.8330999999998312,1.0667999999999438,3.8170000000000073,6.383799999999837,0.4674000000002252,3.700300000000084,0.6829000000001315]",-1.0,3.1262,0.0,20.0,20.0,6.0,1.0,zuur,vzuur,question_vocal.png,im_mouth.png,,,,,
,,,582962,1,3,2023-05-31_09h20.58.768,flesh_expressibility_dutch,2022.2.4,Win32,60.5877007,,,,25.0,1.0,Nederlands,,,,,,Engels,3.0,Spaans,2.0,,0.0,,0.0,,0.0,,0.0,,0.0,,0.0,NL,7.0,2.0,2.0,2.0,,sensorypref1,sensorypref2,1920.0,1080.0,,,,,,,,,,,,,,,,,,,,,,,,,,,,,,,,,,,3.0,743.132,37.0,"[0.5834000000001538,1.5501000000001,0.9166999999999916,0.6167000000002076,0.5493999999998778,2.6999000000001274,0.6497000000001663,1.3165999999998803,0.5998000000000161,2.066299999999785,2.650000000000034,0.7998000000000616,0.8000000000000114,0.5168000000000461,0.6334000000001652,0.8324999999999818,0.5667000000001963,2.750599999999963,1.6662999999999784,5.733399999999847,1.1334000000001652,6.233400000000188,31.68349999999998,1.150199999999927,4,0.599999999999909,0.6332000000002154,0.6006000000000995,2.300000000000068,0.8330999999998312,1.0667000000000826,3.8170000000000073,6.383799999999837,0.4674000000002252,3.700300000000084,0.6828000000000429,0.6491000000000895]","[0.5834000000001538,1.5501999999999612,0.9166999999999916,0.6167000000002076,0.5494999999999663,2.6999000000001274,0.6498000000000275,1.3165999999998803,0.5998999999998773,2.066299999999785,2.650000000000034,0.7998000000000616,0.8000000000000114,0.5168000000000461,0.6334000000001652,0.8324999999999818,0.5668000000000575,2.750599999999963,1.6662999999999784,5.733499999999935,1.1334000000001652,6.233400000000188,31.68349999999998,1.150199999999927,4.000100000000089,0.6001000000001113,0.6332000000002154,0.6006000000000995,2.300000000000068,0.8330999999998312,1.0667999999999438,3.8170000000000073,6.383799999999837,0.4674000000002252,3.700300000000084,0.6829000000001315,0.6491000000000895]",-0.662962963,8.0907,0.0,21.0,21.0,178.0,1.0,hij,vhij,question_vocal.png,im_mouth.png,,,,,
,,,582962,1,3,2023-05-31_09h20.58.768,flesh_expressibility_dutch,2022.2.4,Win32,60.5877007,,,,25.0,1.0,Nederlands,,,,,,Engels,3.0,Spaans,2.0,,0.0,,0.0,,0.0,,0.0,,0.0,,0.0,NL,7.0,2.0,2.0,2.0,,sensorypref1,sensorypref2,1920.0,1080.0,,,,,,,,,,,,,,,,,,,,,,,,,,,,,,,,,,,2.0,751.9467,38.0,"[0.5834000000001538,1.5501000000001,0.9166999999999916,0.6167000000002076,0.5493999999998778,2.6999000000001274,0.6497000000001663,1.3165999999998803,0.5998000000000161,2.066299999999785,2.650000000000034,0.7998000000000616,0.8000000000000114,0.5168000000000461,0.6334000000001652,0.8324999999999818,0.5667000000001963,2.750599999999963,1.6662999999999784,5.733399999999847,1.1334000000001652,6.233400000000188,31.68349999999998,1.150199999999927,4,0.599999999999909,0.6332000000002154,0.6006000000000995,2.300000000000068,0.8330999999998312,1.0667000000000826,3.8170000000000073,6.383799999999837,0.4674000000002252,3.700300000000084,0.6828000000000429,0.6491000000000895,1.4496000000001459]","[0.5834000000001538,1.5501999999999612,0.9166999999999916,0.6167000000002076,0.5494999999999663,2.6999000000001274,0.6498000000000275,1.3165999999998803,0.5998999999998773,2.066299999999785,2.650000000000034,0.7998000000000616,0.8000000000000114,0.5168000000000461,0.6334000000001652,0.8324999999999818,0.5668000000000575,2.750599999999963,1.6662999999999784,5.733499999999935,1.1334000000001652,6.233400000000188,31.68349999999998,1.150199999999927,4.000100000000089,0.6001000000001113,0.6332000000002154,0.6006000000000995,2.300000000000068,0.8330999999998312,1.0667999999999438,3.8170000000000073,6.383799999999837,0.4674000000002252,3.700300000000084,0.6829000000001315,0.6491000000000895,1.4496000000001459]",-0.581481481,18.0685,0.0,22.0,22.0,107.0,1.0,mond,vmond,question_vocal.png,im_mouth.png,,,,,
,,,582962,1,3,2023-05-31_09h20.58.768,flesh_expressibility_dutch,2022.2.4,Win32,60.5877007,,,,25.0,1.0,Nederlands,,,,,,Engels,3.0,Spaans,2.0,,0.0,,0.0,,0.0,,0.0,,0.0,,0.0,NL,7.0,2.0,2.0,2.0,,sensorypref1,sensorypref2,1920.0,1080.0,,,,,,,,,,,,,,,,,,,,,,,,,,,,,,,,,,,4.0,770.6797,38.0,"[0.5834000000001538,1.5501000000001,0.9166999999999916,0.6167000000002076,0.5493999999998778,2.6999000000001274,0.6497000000001663,1.3165999999998803,0.5998000000000161,2.066299999999785,2.650000000000034,0.7998000000000616,0.8000000000000114,0.5168000000000461,0.6334000000001652,0.8324999999999818,0.5667000000001963,2.750599999999963,1.6662999999999784,5.733399999999847,1.1334000000001652,6.233400000000188,31.68349999999998,1.150199999999927,4,0.599999999999909,0.6332000000002154,0.6006000000000995,2.300000000000068,0.8330999999998312,1.0667000000000826,3.8170000000000073,6.383799999999837,0.4674000000002252,3.700300000000084,0.6828000000000429,0.6491000000000895,1.4496000000001459]","[0.5834000000001538,1.5501999999999612,0.9166999999999916,0.6167000000002076,0.5494999999999663,2.6999000000001274,0.6498000000000275,1.3165999999998803,0.5998999999998773,2.066299999999785,2.650000000000034,0.7998000000000616,0.8000000000000114,0.5168000000000461,0.6334000000001652,0.8324999999999818,0.5668000000000575,2.750599999999963,1.6662999999999784,5.733499999999935,1.1334000000001652,6.233400000000188,31.68349999999998,1.150199999999927,4.000100000000089,0.6001000000001113,0.6332000000002154,0.6006000000000995,2.300000000000068,0.8330999999998312,1.0667999999999438,3.8170000000000073,6.383799999999837,0.4674000000002252,3.700300000000084,0.6829000000001315,0.6491000000000895,1.4496000000001459]",,,0.0,23.0,23.0,106.0,1.0,hand,vhand,question_vocal.png,im_mouth.png,,,,,
,,,582962,1,3,2023-05-31_09h20.58.768,flesh_expressibility_dutch,2022.2.4,Win32,60.5877007,,,,25.0,1.0,Nederlands,,,,,,Engels,3.0,Spaans,2.0,,0.0,,0.0,,0.0,,0.0,,0.0,,0.0,NL,7.0,2.0,2.0,2.0,,sensorypref1,sensorypref2,1920.0,1080.0,,,,,,,,,,,,,,,,,,,,,,,,,,,,,,,,,,,4.0,771.6902,38.0,"[0.5834000000001538,1.5501000000001,0.9166999999999916,0.6167000000002076,0.5493999999998778,2.6999000000001274,0.6497000000001663,1.3165999999998803,0.5998000000000161,2.066299999999785,2.650000000000034,0.7998000000000616,0.8000000000000114,0.5168000000000461,0.6334000000001652,0.8324999999999818,0.5667000000001963,2.750599999999963,1.6662999999999784,5.733399999999847,1.1334000000001652,6.233400000000188,31.68349999999998,1.150199999999927,4,0.599999999999909,0.6332000000002154,0.6006000000000995,2.300000000000068,0.8330999999998312,1.0667000000000826,3.8170000000000073,6.383799999999837,0.4674000000002252,3.700300000000084,0.6828000000000429,0.6491000000000895,1.4496000000001459]","[0.5834000000001538,1.5501999999999612,0.9166999999999916,0.6167000000002076,0.5494999999999663,2.6999000000001274,0.6498000000000275,1.3165999999998803,0.5998999999998773,2.066299999999785,2.650000000000034,0.7998000000000616,0.8000000000000114,0.5168000000000461,0.6334000000001652,0.8324999999999818,0.5668000000000575,2.750599999999963,1.6662999999999784,5.733499999999935,1.1334000000001652,6.233400000000188,31.68349999999998,1.150199999999927,4.000100000000089,0.6001000000001113,0.6332000000002154,0.6006000000000995,2.300000000000068,0.8330999999998312,1.0667999999999438,3.8170000000000073,6.383799999999837,0.4674000000002252,3.700300000000084,0.6829000000001315,0.6491000000000895,1.4496000000001459]",,,0.0,24.0,24.0,198.0,1.0,nieuw,vnieuw,question_vocal.png,im_mouth.png,,,,,
,,,582962,1,3,2023-05-31_09h20.58.768,flesh_expressibility_dutch,2022.2.4,Win32,60.5877007,,,,25.0,1.0,Nederlands,,,,,,Engels,3.0,Spaans,2.0,,0.0,,0.0,,0.0,,0.0,,0.0,,0.0,NL,7.0,2.0,2.0,2.0,,sensorypref1,sensorypref2,1920.0,1080.0,,,,,,,,,,,,,,,,,,,,,,,,,,,,,,,,,,,3.0,772.6914,39.0,"[0.5834000000001538,1.5501000000001,0.9166999999999916,0.6167000000002076,0.5493999999998778,2.6999000000001274,0.6497000000001663,1.3165999999998803,0.5998000000000161,2.066299999999785,2.650000000000034,0.7998000000000616,0.8000000000000114,0.5168000000000461,0.6334000000001652,0.8324999999999818,0.5667000000001963,2.750599999999963,1.6662999999999784,5.733399999999847,1.1334000000001652,6.233400000000188,31.68349999999998,1.150199999999927,4,0.599999999999909,0.6332000000002154,0.6006000000000995,2.300000000000068,0.8330999999998312,1.0667000000000826,3.8170000000000073,6.383799999999837,0.4674000000002252,3.700300000000084,0.6828000000000429,0.6491000000000895,1.4496000000001459,0.5834999999999582]","[0.5834000000001538,1.5501999999999612,0.9166999999999916,0.6167000000002076,0.5494999999999663,2.6999000000001274,0.6498000000000275,1.3165999999998803,0.5998999999998773,2.066299999999785,2.650000000000034,0.7998000000000616,0.8000000000000114,0.5168000000000461,0.6334000000001652,0.8324999999999818,0.5668000000000575,2.750599999999963,1.6662999999999784,5.733499999999935,1.1334000000001652,6.233400000000188,31.68349999999998,1.150199999999927,4.000100000000089,0.6001000000001113,0.6332000000002154,0.6006000000000995,2.300000000000068,0.8330999999998312,1.0667999999999438,3.8170000000000073,6.383799999999837,0.4674000000002252,3.700300000000084,0.6829000000001315,0.6491000000000895,1.4496000000001459,0.5834999999999582]",-0.694444444,17.2083,0.0,25.0,25.0,112.0,1.0,bloed,vbloed,question_vocal.png,im_mouth.png,,,,,
,,,582962,1,3,2023-05-31_09h20.58.768,flesh_expressibility_dutch,2022.2.4,Win32,60.5877007,,,,25.0,1.0,Nederlands,,,,,,Engels,3.0,Spaans,2.0,,0.0,,0.0,,0.0,,0.0,,0.0,,0.0,NL,7.0,2.0,2.0,2.0,,sensorypref1,sensorypref2,1920.0,1080.0,,,,,,,,,,,,,,,,,,,,,,,,,,,,,,,,,,,3.0,790.2542,40.0,"[0.5834000000001538,1.5501000000001,0.9166999999999916,0.6167000000002076,0.5493999999998778,2.6999000000001274,0.6497000000001663,1.3165999999998803,0.5998000000000161,2.066299999999785,2.650000000000034,0.7998000000000616,0.8000000000000114,0.5168000000000461,0.6334000000001652,0.8324999999999818,0.5667000000001963,2.750599999999963,1.6662999999999784,5.733399999999847,1.1334000000001652,6.233400000000188,31.68349999999998,1.150199999999927,4,0.599999999999909,0.6332000000002154,0.6006000000000995,2.300000000000068,0.8330999999998312,1.0667000000000826,3.8170000000000073,6.383799999999837,0.4674000000002252,3.700300000000084,0.6828000000000429,0.6491000000000895,1.4496000000001459,0.5834999999999582,0.7164000000001352]","[0.5834000000001538,1.5501999999999612,0.9166999999999916,0.6167000000002076,0.5494999999999663,2.6999000000001274,0.6498000000000275,1.3165999999998803,0.5998999999998773,2.066299999999785,2.650000000000034,0.7998000000000616,0.8000000000000114,0.5168000000000461,0.6334000000001652,0.8324999999999818,0.5668000000000575,2.750599999999963,1.6662999999999784,5.733499999999935,1.1334000000001652,6.233400000000188,31.68349999999998,1.150199999999927,4.000100000000089,0.6001000000001113,0.6332000000002154,0.6006000000000995,2.300000000000068,0.8330999999998312,1.0667999999999438,3.8170000000000073,6.383799999999837,0.4674000000002252,3.700300000000084,0.6829000000001315,0.6491000000000895,1.4496000000001459,0.5834999999999582,0.7164000000001352]",-0.07037037,10.941,0.0,26.0,26.0,109.0,1.0,tong,vtong,question_vocal.png,im_mouth.png,,,,,
,,,582962,1,3,2023-05-31_09h20.58.768,flesh_expressibility_dutch,2022.2.4,Win32,60.5877007,,,,25.0,1.0,Nederlands,,,,,,Engels,3.0,Spaans,2.0,,0.0,,0.0,,0.0,,0.0,,0.0,,0.0,NL,7.0,2.0,2.0,2.0,,sensorypref1,sensorypref2,1920.0,1080.0,,,,,,,,,,,,,,,,,,,,,,,,,,,,,3.0,"[327.09810000000004,529.5141000000001,805.1306999999999]","[327.0981999999999,529.5141000000001,805.1306999999999]",3.0,"[329.3962000000002,546.3464,806.8127999999999]","[329.3962000000002,546.3464999999999,806.8127999999999]",2.0,808.306,41.0,"[0.5834000000001538,1.5501000000001,0.9166999999999916,0.6167000000002076,0.5493999999998778,2.6999000000001274,0.6497000000001663,1.3165999999998803,0.5998000000000161,2.066299999999785,2.650000000000034,0.7998000000000616,0.8000000000000114,0.5168000000000461,0.6334000000001652,0.8324999999999818,0.5667000000001963,2.750599999999963,1.6662999999999784,5.733399999999847,1.1334000000001652,6.233400000000188,31.68349999999998,1.150199999999927,4,0.599999999999909,0.6332000000002154,0.6006000000000995,2.300000000000068,0.8330999999998312,1.0667000000000826,3.8170000000000073,6.383799999999837,0.4674000000002252,3.700300000000084,0.6828000000000429,0.6491000000000895,1.4496000000001459,0.5834999999999582,0.7164000000001352,4.616599999999835]","[0.5834000000001538,1.5501999999999612,0.9166999999999916,0.6167000000002076,0.5494999999999663,2.6999000000001274,0.6498000000000275,1.3165999999998803,0.5998999999998773,2.066299999999785,2.650000000000034,0.7998000000000616,0.8000000000000114,0.5168000000000461,0.6334000000001652,0.8324999999999818,0.5668000000000575,2.750599999999963,1.6662999999999784,5.733499999999935,1.1334000000001652,6.233400000000188,31.68349999999998,1.150199999999927,4.000100000000089,0.6001000000001113,0.6332000000002154,0.6006000000000995,2.300000000000068,0.8330999999998312,1.0667999999999438,3.8170000000000073,6.383799999999837,0.4674000000002252,3.700300000000084,0.6829000000001315,0.6491000000000895,1.4496000000001459,0.5834999999999582,0.7164000000001352,4.616599999999835]",0.911111111,6.2952,0.0,0.0,0.0,130.0,1.0,regen,gregen,question_gesture.png,im_hand.png,,,,,
,,,582962,1,3,2023-05-31_09h20.58.768,flesh_expressibility_dutch,2022.2.4,Win32,60.5877007,,,,25.0,1.0,Nederlands,,,,,,Engels,3.0,Spaans,2.0,,0.0,,0.0,,0.0,,0.0,,0.0,,0.0,NL,7.0,2.0,2.0,2.0,,sensorypref1,sensorypref2,1920.0,1080.0,,,,,,,,,,,,,,,,,,,,,,,,,,,,,,,,,,,3.0,817.0885,42.0,"[0.5834000000001538,1.5501000000001,0.9166999999999916,0.6167000000002076,0.5493999999998778,2.6999000000001274,0.6497000000001663,1.3165999999998803,0.5998000000000161,2.066299999999785,2.650000000000034,0.7998000000000616,0.8000000000000114,0.5168000000000461,0.6334000000001652,0.8324999999999818,0.5667000000001963,2.750599999999963,1.6662999999999784,5.733399999999847,1.1334000000001652,6.233400000000188,31.68349999999998,1.150199999999927,4,0.599999999999909,0.6332000000002154,0.6006000000000995,2.300000000000068,0.8330999999998312,1.0667000000000826,3.8170000000000073,6.383799999999837,0.4674000000002252,3.700300000000084,0.6828000000000429,0.6491000000000895,1.4496000000001459,0.5834999999999582,0.7164000000001352,4.616599999999835,0.716600000000085]","[0.5834000000001538,1.5501999999999612,0.9166999999999916,0.6167000000002076,0.5494999999999663,2.6999000000001274,0.6498000000000275,1.3165999999998803,0.5998999999998773,2.066299999999785,2.650000000000034,0.7998000000000616,0.8000000000000114,0.5168000000000461,0.6334000000001652,0.8324999999999818,0.5668000000000575,2.750599999999963,1.6662999999999784,5.733499999999935,1.1334000000001652,6.233400000000188,31.68349999999998,1.150199999999927,4.000100000000089,0.6001000000001113,0.6332000000002154,0.6006000000000995,2.300000000000068,0.8330999999998312,1.0667999999999438,3.8170000000000073,6.383799999999837,0.4674000000002252,3.700300000000084,0.6829000000001315,0.6491000000000895,1.4496000000001459,0.5834999999999582,0.7164000000001352,4.616599999999835,0.7166999999999462]",0.692592593,11.8535,0.0,1.0,1.0,96.0,1.0,verbranden,gverbranden,question_gesture.png,im_hand.png,,,,,
,,,582962,1,3,2023-05-31_09h20.58.768,flesh_expressibility_dutch,2022.2.4,Win32,60.5877007,,,,25.0,1.0,Nederlands,,,,,,Engels,3.0,Spaans,2.0,,0.0,,0.0,,0.0,,0.0,,0.0,,0.0,NL,7.0,2.0,2.0,2.0,,sensorypref1,sensorypref2,1920.0,1080.0,,,,,,,,,,,,,,,,,,,,,,,,,,,,,,,,,,,2.0,829.5088,43.0,"[0.5834000000001538,1.5501000000001,0.9166999999999916,0.6167000000002076,0.5493999999998778,2.6999000000001274,0.6497000000001663,1.3165999999998803,0.5998000000000161,2.066299999999785,2.650000000000034,0.7998000000000616,0.8000000000000114,0.5168000000000461,0.6334000000001652,0.8324999999999818,0.5667000000001963,2.750599999999963,1.6662999999999784,5.733399999999847,1.1334000000001652,6.233400000000188,31.68349999999998,1.150199999999927,4,0.599999999999909,0.6332000000002154,0.6006000000000995,2.300000000000068,0.8330999999998312,1.0667000000000826,3.8170000000000073,6.383799999999837,0.4674000000002252,3.700300000000084,0.6828000000000429,0.6491000000000895,1.4496000000001459,0.5834999999999582,0.7164000000001352,4.616599999999835,0.716600000000085,1.500699999999938]","[0.5834000000001538,1.5501999999999612,0.9166999999999916,0.6167000000002076,0.5494999999999663,2.6999000000001274,0.6498000000000275,1.3165999999998803,0.5998999999998773,2.066299999999785,2.650000000000034,0.7998000000000616,0.8000000000000114,0.5168000000000461,0.6334000000001652,0.8324999999999818,0.5668000000000575,2.750599999999963,1.6662999999999784,5.733499999999935,1.1334000000001652,6.233400000000188,31.68349999999998,1.150199999999927,4.000100000000089,0.6001000000001113,0.6332000000002154,0.6006000000000995,2.300000000000068,0.8330999999998312,1.0667999999999438,3.8170000000000073,6.383799999999837,0.4674000000002252,3.700300000000084,0.6829000000001315,0.6491000000000895,1.4496000000001459,0.5834999999999582,0.7164000000001352,4.616599999999835,0.7166999999999462,1.500699999999938]",0.351851852,7.1581,0.0,2.0,2.0,158.0,1.0,hout,ghout,question_gesture.png,im_hand.png,,,,,
,,,582962,1,3,2023-05-31_09h20.58.768,flesh_expressibility_dutch,2022.2.4,Win32,60.5877007,,,,25.0,1.0,Nederlands,,,,,,Engels,3.0,Spaans,2.0,,0.0,,0.0,,0.0,,0.0,,0.0,,0.0,NL,7.0,2.0,2.0,2.0,,sensorypref1,sensorypref2,1920.0,1080.0,,,,,,,,,,,,,,,,,,,,,,,,,,,,,,,,,,,2.0,837.2188,44.0,"[0.5834000000001538,1.5501000000001,0.9166999999999916,0.6167000000002076,0.5493999999998778,2.6999000000001274,0.6497000000001663,1.3165999999998803,0.5998000000000161,2.066299999999785,2.650000000000034,0.7998000000000616,0.8000000000000114,0.5168000000000461,0.6334000000001652,0.8324999999999818,0.5667000000001963,2.750599999999963,1.6662999999999784,5.733399999999847,1.1334000000001652,6.233400000000188,31.68349999999998,1.150199999999927,4,0.599999999999909,0.6332000000002154,0.6006000000000995,2.300000000000068,0.8330999999998312,1.0667000000000826,3.8170000000000073,6.383799999999837,0.4674000000002252,3.700300000000084,0.6828000000000429,0.6491000000000895,1.4496000000001459,0.5834999999999582,0.7164000000001352,4.616599999999835,0.716600000000085,1.500699999999938,0.6335999999998876]","[0.5834000000001538,1.5501999999999612,0.9166999999999916,0.6167000000002076,0.5494999999999663,2.6999000000001274,0.6498000000000275,1.3165999999998803,0.5998999999998773,2.066299999999785,2.650000000000034,0.7998000000000616,0.8000000000000114,0.5168000000000461,0.6334000000001652,0.8324999999999818,0.5668000000000575,2.750599999999963,1.6662999999999784,5.733499999999935,1.1334000000001652,6.233400000000188,31.68349999999998,1.150199999999927,4.000100000000089,0.6001000000001113,0.6332000000002154,0.6006000000000995,2.300000000000068,0.8330999999998312,1.0667999999999438,3.8170000000000073,6.383799999999837,0.4674000000002252,3.700300000000084,0.6829000000001315,0.6491000000000895,1.4496000000001459,0.5834999999999582,0.7164000000001352,4.616599999999835,0.7166999999999462,1.500699999999938,0.6336999999999762]",0.483333333,9.3962,0.0,3.0,3.0,57.0,1.0,fruit,gfruit,question_gesture.png,im_hand.png,,,,,
,,,582962,1,3,2023-05-31_09h20.58.768,flesh_expressibility_dutch,2022.2.4,Win32,60.5877007,,,,25.0,1.0,Nederlands,,,,,,Engels,3.0,Spaans,2.0,,0.0,,0.0,,0.0,,0.0,,0.0,,0.0,NL,7.0,2.0,2.0,2.0,,sensorypref1,sensorypref2,1920.0,1080.0,,,,,,,,,,,,,,,,,,,,,,,,,,,,,,,,,,,2.0,847.1065,45.0,"[0.5834000000001538,1.5501000000001,0.9166999999999916,0.6167000000002076,0.5493999999998778,2.6999000000001274,0.6497000000001663,1.3165999999998803,0.5998000000000161,2.066299999999785,2.650000000000034,0.7998000000000616,0.8000000000000114,0.5168000000000461,0.6334000000001652,0.8324999999999818,0.5667000000001963,2.750599999999963,1.6662999999999784,5.733399999999847,1.1334000000001652,6.233400000000188,31.68349999999998,1.150199999999927,4,0.599999999999909,0.6332000000002154,0.6006000000000995,2.300000000000068,0.8330999999998312,1.0667000000000826,3.8170000000000073,6.383799999999837,0.4674000000002252,3.700300000000084,0.6828000000000429,0.6491000000000895,1.4496000000001459,0.5834999999999582,0.7164000000001352,4.616599999999835,0.716600000000085,1.500699999999938,0.6335999999998876,0.6828000000000429]","[0.5834000000001538,1.5501999999999612,0.9166999999999916,0.6167000000002076,0.5494999999999663,2.6999000000001274,0.6498000000000275,1.3165999999998803,0.5998999999998773,2.066299999999785,2.650000000000034,0.7998000000000616,0.8000000000000114,0.5168000000000461,0.6334000000001652,0.8324999999999818,0.5668000000000575,2.750599999999963,1.6662999999999784,5.733499999999935,1.1334000000001652,6.233400000000188,31.68349999999998,1.150199999999927,4.000100000000089,0.6001000000001113,0.6332000000002154,0.6006000000000995,2.300000000000068,0.8330999999998312,1.0667999999999438,3.8170000000000073,6.383799999999837,0.4674000000002252,3.700300000000084,0.6829000000001315,0.6491000000000895,1.4496000000001459,0.5834999999999582,0.7164000000001352,4.616599999999835,0.7166999999999462,1.500699999999938,0.6336999999999762,0.6828999999999041]",0.731481481,7.7708,0.0,4.0,4.0,34.0,1.0,vergeten,gvergeten,question_gesture.png,im_hand.png,,,,,
,,,582962,1,3,2023-05-31_09h20.58.768,flesh_expressibility_dutch,2022.2.4,Win32,60.5877007,,,,25.0,1.0,Nederlands,,,,,,Engels,3.0,Spaans,2.0,,0.0,,0.0,,0.0,,0.0,,0.0,,0.0,NL,7.0,2.0,2.0,2.0,,sensorypref1,sensorypref2,1920.0,1080.0,,,,,,,,,,,,,,,,,,,,,,,,,,,,,,,,,,,4.0,855.5779,45.0,"[0.5834000000001538,1.5501000000001,0.9166999999999916,0.6167000000002076,0.5493999999998778,2.6999000000001274,0.6497000000001663,1.3165999999998803,0.5998000000000161,2.066299999999785,2.650000000000034,0.7998000000000616,0.8000000000000114,0.5168000000000461,0.6334000000001652,0.8324999999999818,0.5667000000001963,2.750599999999963,1.6662999999999784,5.733399999999847,1.1334000000001652,6.233400000000188,31.68349999999998,1.150199999999927,4,0.599999999999909,0.6332000000002154,0.6006000000000995,2.300000000000068,0.8330999999998312,1.0667000000000826,3.8170000000000073,6.383799999999837,0.4674000000002252,3.700300000000084,0.6828000000000429,0.6491000000000895,1.4496000000001459,0.5834999999999582,0.7164000000001352,4.616599999999835,0.716600000000085,1.500699999999938,0.6335999999998876,0.6828000000000429]","[0.5834000000001538,1.5501999999999612,0.9166999999999916,0.6167000000002076,0.5494999999999663,2.6999000000001274,0.6498000000000275,1.3165999999998803,0.5998999999998773,2.066299999999785,2.650000000000034,0.7998000000000616,0.8000000000000114,0.5168000000000461,0.6334000000001652,0.8324999999999818,0.5668000000000575,2.750599999999963,1.6662999999999784,5.733499999999935,1.1334000000001652,6.233400000000188,31.68349999999998,1.150199999999927,4.000100000000089,0.6001000000001113,0.6332000000002154,0.6006000000000995,2.300000000000068,0.8330999999998312,1.0667999999999438,3.8170000000000073,6.383799999999837,0.4674000000002252,3.700300000000084,0.6829000000001315,0.6491000000000895,1.4496000000001459,0.5834999999999582,0.7164000000001352,4.616599999999835,0.7166999999999462,1.500699999999938,0.6336999999999762,0.6828999999999041]",,,0.0,5.0,5.0,85.0,1.0,boven,gboven,question_gesture.png,im_hand.png,,,,,
,,,582962,1,3,2023-05-31_09h20.58.768,flesh_expressibility_dutch,2022.2.4,Win32,60.5877007,,,,25.0,1.0,Nederlands,,,,,,Engels,3.0,Spaans,2.0,,0.0,,0.0,,0.0,,0.0,,0.0,,0.0,NL,7.0,2.0,2.0,2.0,,sensorypref1,sensorypref2,1920.0,1080.0,,,,,,,,,,,,,,,,,,,,,,,,,,,,,,,,,,,1.0,856.0467,46.0,"[0.5834000000001538,1.5501000000001,0.9166999999999916,0.6167000000002076,0.5493999999998778,2.6999000000001274,0.6497000000001663,1.3165999999998803,0.5998000000000161,2.066299999999785,2.650000000000034,0.7998000000000616,0.8000000000000114,0.5168000000000461,0.6334000000001652,0.8324999999999818,0.5667000000001963,2.750599999999963,1.6662999999999784,5.733399999999847,1.1334000000001652,6.233400000000188,31.68349999999998,1.150199999999927,4,0.599999999999909,0.6332000000002154,0.6006000000000995,2.300000000000068,0.8330999999998312,1.0667000000000826,3.8170000000000073,6.383799999999837,0.4674000000002252,3.700300000000084,0.6828000000000429,0.6491000000000895,1.4496000000001459,0.5834999999999582,0.7164000000001352,4.616599999999835,0.716600000000085,1.500699999999938,0.6335999999998876,0.6828000000000429,2.1666000000000167]","[0.5834000000001538,1.5501999999999612,0.9166999999999916,0.6167000000002076,0.5494999999999663,2.6999000000001274,0.6498000000000275,1.3165999999998803,0.5998999999998773,2.066299999999785,2.650000000000034,0.7998000000000616,0.8000000000000114,0.5168000000000461,0.6334000000001652,0.8324999999999818,0.5668000000000575,2.750599999999963,1.6662999999999784,5.733499999999935,1.1334000000001652,6.233400000000188,31.68349999999998,1.150199999999927,4.000100000000089,0.6001000000001113,0.6332000000002154,0.6006000000000995,2.300000000000068,0.8330999999998312,1.0667999999999438,3.8170000000000073,6.383799999999837,0.4674000000002252,3.700300000000084,0.6829000000001315,0.6491000000000895,1.4496000000001459,0.5834999999999582,0.7164000000001352,4.616599999999835,0.7166999999999462,1.500699999999938,0.6336999999999762,0.6828999999999041,2.166699999999878]",0.183333333,17.0172,0.0,6.0,6.0,72.0,1.0,verrot,gverrot,question_gesture.png,im_hand.png,,,,,
,,,582962,1,3,2023-05-31_09h20.58.768,flesh_expressibility_dutch,2022.2.4,Win32,60.5877007,,,,25.0,1.0,Nederlands,,,,,,Engels,3.0,Spaans,2.0,,0.0,,0.0,,0.0,,0.0,,0.0,,0.0,NL,7.0,2.0,2.0,2.0,,sensorypref1,sensorypref2,1920.0,1080.0,,,,,,,,,,,,,,,,,,,,,,,,,,,,,,,,,,,4.0,873.9187,46.0,"[0.5834000000001538,1.5501000000001,0.9166999999999916,0.6167000000002076,0.5493999999998778,2.6999000000001274,0.6497000000001663,1.3165999999998803,0.5998000000000161,2.066299999999785,2.650000000000034,0.7998000000000616,0.8000000000000114,0.5168000000000461,0.6334000000001652,0.8324999999999818,0.5667000000001963,2.750599999999963,1.6662999999999784,5.733399999999847,1.1334000000001652,6.233400000000188,31.68349999999998,1.150199999999927,4,0.599999999999909,0.6332000000002154,0.6006000000000995,2.300000000000068,0.8330999999998312,1.0667000000000826,3.8170000000000073,6.383799999999837,0.4674000000002252,3.700300000000084,0.6828000000000429,0.6491000000000895,1.4496000000001459,0.5834999999999582,0.7164000000001352,4.616599999999835,0.716600000000085,1.500699999999938,0.6335999999998876,0.6828000000000429,2.1666000000000167]","[0.5834000000001538,1.5501999999999612,0.9166999999999916,0.6167000000002076,0.5494999999999663,2.6999000000001274,0.6498000000000275,1.3165999999998803,0.5998999999998773,2.066299999999785,2.650000000000034,0.7998000000000616,0.8000000000000114,0.5168000000000461,0.6334000000001652,0.8324999999999818,0.5668000000000575,2.750599999999963,1.6662999999999784,5.733499999999935,1.1334000000001652,6.233400000000188,31.68349999999998,1.150199999999927,4.000100000000089,0.6001000000001113,0.6332000000002154,0.6006000000000995,2.300000000000068,0.8330999999998312,1.0667999999999438,3.8170000000000073,6.383799999999837,0.4674000000002252,3.700300000000084,0.6829000000001315,0.6491000000000895,1.4496000000001459,0.5834999999999582,0.7164000000001352,4.616599999999835,0.7166999999999462,1.500699999999938,0.6336999999999762,0.6828999999999041,2.166699999999878]",,,0.0,7.0,7.0,146.0,1.0,nemen,gnemen,question_gesture.png,im_hand.png,,,,,
,,,582962,1,3,2023-05-31_09h20.58.768,flesh_expressibility_dutch,2022.2.4,Win32,60.5877007,,,,25.0,1.0,Nederlands,,,,,,Engels,3.0,Spaans,2.0,,0.0,,0.0,,0.0,,0.0,,0.0,,0.0,NL,7.0,2.0,2.0,2.0,,sensorypref1,sensorypref2,1920.0,1080.0,,,,,,,,,,,,,,,,,,,,,,,,,,,,,,,,,,,2.0,874.9873,47.0,"[0.5834000000001538,1.5501000000001,0.9166999999999916,0.6167000000002076,0.5493999999998778,2.6999000000001274,0.6497000000001663,1.3165999999998803,0.5998000000000161,2.066299999999785,2.650000000000034,0.7998000000000616,0.8000000000000114,0.5168000000000461,0.6334000000001652,0.8324999999999818,0.5667000000001963,2.750599999999963,1.6662999999999784,5.733399999999847,1.1334000000001652,6.233400000000188,31.68349999999998,1.150199999999927,4,0.599999999999909,0.6332000000002154,0.6006000000000995,2.300000000000068,0.8330999999998312,1.0667000000000826,3.8170000000000073,6.383799999999837,0.4674000000002252,3.700300000000084,0.6828000000000429,0.6491000000000895,1.4496000000001459,0.5834999999999582,0.7164000000001352,4.616599999999835,0.716600000000085,1.500699999999938,0.6335999999998876,0.6828000000000429,2.1666000000000167,3.483400000000074]","[0.5834000000001538,1.5501999999999612,0.9166999999999916,0.6167000000002076,0.5494999999999663,2.6999000000001274,0.6498000000000275,1.3165999999998803,0.5998999999998773,2.066299999999785,2.650000000000034,0.7998000000000616,0.8000000000000114,0.5168000000000461,0.6334000000001652,0.8324999999999818,0.5668000000000575,2.750599999999963,1.6662999999999784,5.733499999999935,1.1334000000001652,6.233400000000188,31.68349999999998,1.150199999999927,4.000100000000089,0.6001000000001113,0.6332000000002154,0.6006000000000995,2.300000000000068,0.8330999999998312,1.0667999999999438,3.8170000000000073,6.383799999999837,0.4674000000002252,3.700300000000084,0.6829000000001315,0.6491000000000895,1.4496000000001459,0.5834999999999582,0.7164000000001352,4.616599999999835,0.7166999999999462,1.500699999999938,0.6336999999999762,0.6828999999999041,2.166699999999878,3.483400000000074]",-0.5,8.2842,0.0,8.0,8.0,179.0,1.0,zij,gzij,question_gesture.png,im_hand.png,,,,,
,,,582962,1,3,2023-05-31_09h20.58.768,flesh_expressibility_dutch,2022.2.4,Win32,60.5877007,,,,25.0,1.0,Nederlands,,,,,,Engels,3.0,Spaans,2.0,,0.0,,0.0,,0.0,,0.0,,0.0,,0.0,NL,7.0,2.0,2.0,2.0,,sensorypref1,sensorypref2,1920.0,1080.0,,,,,,,,,,,,,,,,,,,,,,,,,,,,,,,,,,,4.0,886.4831,47.0,"[0.5834000000001538,1.5501000000001,0.9166999999999916,0.6167000000002076,0.5493999999998778,2.6999000000001274,0.6497000000001663,1.3165999999998803,0.5998000000000161,2.066299999999785,2.650000000000034,0.7998000000000616,0.8000000000000114,0.5168000000000461,0.6334000000001652,0.8324999999999818,0.5667000000001963,2.750599999999963,1.6662999999999784,5.733399999999847,1.1334000000001652,6.233400000000188,31.68349999999998,1.150199999999927,4,0.599999999999909,0.6332000000002154,0.6006000000000995,2.300000000000068,0.8330999999998312,1.0667000000000826,3.8170000000000073,6.383799999999837,0.4674000000002252,3.700300000000084,0.6828000000000429,0.6491000000000895,1.4496000000001459,0.5834999999999582,0.7164000000001352,4.616599999999835,0.716600000000085,1.500699999999938,0.6335999999998876,0.6828000000000429,2.1666000000000167,3.483400000000074]","[0.5834000000001538,1.5501999999999612,0.9166999999999916,0.6167000000002076,0.5494999999999663,2.6999000000001274,0.6498000000000275,1.3165999999998803,0.5998999999998773,2.066299999999785,2.650000000000034,0.7998000000000616,0.8000000000000114,0.5168000000000461,0.6334000000001652,0.8324999999999818,0.5668000000000575,2.750599999999963,1.6662999999999784,5.733499999999935,1.1334000000001652,6.233400000000188,31.68349999999998,1.150199999999927,4.000100000000089,0.6001000000001113,0.6332000000002154,0.6006000000000995,2.300000000000068,0.8330999999998312,1.0667999999999438,3.8170000000000073,6.383799999999837,0.4674000000002252,3.700300000000084,0.6829000000001315,0.6491000000000895,1.4496000000001459,0.5834999999999582,0.7164000000001352,4.616599999999835,0.7166999999999462,1.500699999999938,0.6336999999999762,0.6828999999999041,2.166699999999878,3.483400000000074]",,,0.0,9.0,9.0,35.0,1.0,boos,gboos,question_gesture.png,im_hand.png,,,,,
,,,582962,1,3,2023-05-31_09h20.58.768,flesh_expressibility_dutch,2022.2.4,Win32,60.5877007,,,,25.0,1.0,Nederlands,,,,,,Engels,3.0,Spaans,2.0,,0.0,,0.0,,0.0,,0.0,,0.0,,0.0,NL,7.0,2.0,2.0,2.0,,sensorypref1,sensorypref2,1920.0,1080.0,,,,,,,,,,,,,,,,,,,,,,,,,,,,,,,,,,,3.0,887.8357,48.0,"[0.5834000000001538,1.5501000000001,0.9166999999999916,0.6167000000002076,0.5493999999998778,2.6999000000001274,0.6497000000001663,1.3165999999998803,0.5998000000000161,2.066299999999785,2.650000000000034,0.7998000000000616,0.8000000000000114,0.5168000000000461,0.6334000000001652,0.8324999999999818,0.5667000000001963,2.750599999999963,1.6662999999999784,5.733399999999847,1.1334000000001652,6.233400000000188,31.68349999999998,1.150199999999927,4,0.599999999999909,0.6332000000002154,0.6006000000000995,2.300000000000068,0.8330999999998312,1.0667000000000826,3.8170000000000073,6.383799999999837,0.4674000000002252,3.700300000000084,0.6828000000000429,0.6491000000000895,1.4496000000001459,0.5834999999999582,0.7164000000001352,4.616599999999835,0.716600000000085,1.500699999999938,0.6335999999998876,0.6828000000000429,2.1666000000000167,3.483400000000074,0.5334000000001424]","[0.5834000000001538,1.5501999999999612,0.9166999999999916,0.6167000000002076,0.5494999999999663,2.6999000000001274,0.6498000000000275,1.3165999999998803,0.5998999999998773,2.066299999999785,2.650000000000034,0.7998000000000616,0.8000000000000114,0.5168000000000461,0.6334000000001652,0.8324999999999818,0.5668000000000575,2.750599999999963,1.6662999999999784,5.733499999999935,1.1334000000001652,6.233400000000188,31.68349999999998,1.150199999999927,4.000100000000089,0.6001000000001113,0.6332000000002154,0.6006000000000995,2.300000000000068,0.8330999999998312,1.0667999999999438,3.8170000000000073,6.383799999999837,0.4674000000002252,3.700300000000084,0.6829000000001315,0.6491000000000895,1.4496000000001459,0.5834999999999582,0.7164000000001352,4.616599999999835,0.7166999999999462,1.500699999999938,0.6336999999999762,0.6828999999999041,2.166699999999878,3.483400000000074,0.5334000000001424]",-0.061111111,5.117,0.0,10.0,10.0,6.0,1.0,zuur,gzuur,question_gesture.png,im_hand.png,,,,,
,,,582962,1,3,2023-05-31_09h20.58.768,flesh_expressibility_dutch,2022.2.4,Win32,60.5877007,,,,25.0,1.0,Nederlands,,,,,,Engels,3.0,Spaans,2.0,,0.0,,0.0,,0.0,,0.0,,0.0,,0.0,NL,7.0,2.0,2.0,2.0,,sensorypref1,sensorypref2,1920.0,1080.0,,,,,,,,,,,,,,,,,,,,,,,,,,,,,,,,,,,2.0,892.92,49.0,"[0.5834000000001538,1.5501000000001,0.9166999999999916,0.6167000000002076,0.5493999999998778,2.6999000000001274,0.6497000000001663,1.3165999999998803,0.5998000000000161,2.066299999999785,2.650000000000034,0.7998000000000616,0.8000000000000114,0.5168000000000461,0.6334000000001652,0.8324999999999818,0.5667000000001963,2.750599999999963,1.6662999999999784,5.733399999999847,1.1334000000001652,6.233400000000188,31.68349999999998,1.150199999999927,4,0.599999999999909,0.6332000000002154,0.6006000000000995,2.300000000000068,0.8330999999998312,1.0667000000000826,3.8170000000000073,6.383799999999837,0.4674000000002252,3.700300000000084,0.6828000000000429,0.6491000000000895,1.4496000000001459,0.5834999999999582,0.7164000000001352,4.616599999999835,0.716600000000085,1.500699999999938,0.6335999999998876,0.6828000000000429,2.1666000000000167,3.483400000000074,0.5334000000001424,0.7839000000001306]","[0.5834000000001538,1.5501999999999612,0.9166999999999916,0.6167000000002076,0.5494999999999663,2.6999000000001274,0.6498000000000275,1.3165999999998803,0.5998999999998773,2.066299999999785,2.650000000000034,0.7998000000000616,0.8000000000000114,0.5168000000000461,0.6334000000001652,0.8324999999999818,0.5668000000000575,2.750599999999963,1.6662999999999784,5.733499999999935,1.1334000000001652,6.233400000000188,31.68349999999998,1.150199999999927,4.000100000000089,0.6001000000001113,0.6332000000002154,0.6006000000000995,2.300000000000068,0.8330999999998312,1.0667999999999438,3.8170000000000073,6.383799999999837,0.4674000000002252,3.700300000000084,0.6829000000001315,0.6491000000000895,1.4496000000001459,0.5834999999999582,0.7164000000001352,4.616599999999835,0.7166999999999462,1.500699999999938,0.6336999999999762,0.6828999999999041,2.166699999999878,3.483400000000074,0.5334000000001424,0.7839999999999918]",0.877777778,7.5061,0.0,11.0,11.0,51.0,1.0,lopen,glopen,question_gesture.png,im_hand.png,,,,,
,,,582962,1,3,2023-05-31_09h20.58.768,flesh_expressibility_dutch,2022.2.4,Win32,60.5877007,,,,25.0,1.0,Nederlands,,,,,,Engels,3.0,Spaans,2.0,,0.0,,0.0,,0.0,,0.0,,0.0,,0.0,NL,7.0,2.0,2.0,2.0,,sensorypref1,sensorypref2,1920.0,1080.0,,,,,,,,,,,,,,,,,,,,,,,,,,,,,,,,,,,2.0,901.2416,50.0,"[0.5834000000001538,1.5501000000001,0.9166999999999916,0.6167000000002076,0.5493999999998778,2.6999000000001274,0.6497000000001663,1.3165999999998803,0.5998000000000161,2.066299999999785,2.650000000000034,0.7998000000000616,0.8000000000000114,0.5168000000000461,0.6334000000001652,0.8324999999999818,0.5667000000001963,2.750599999999963,1.6662999999999784,5.733399999999847,1.1334000000001652,6.233400000000188,31.68349999999998,1.150199999999927,4,0.599999999999909,0.6332000000002154,0.6006000000000995,2.300000000000068,0.8330999999998312,1.0667000000000826,3.8170000000000073,6.383799999999837,0.4674000000002252,3.700300000000084,0.6828000000000429,0.6491000000000895,1.4496000000001459,0.5834999999999582,0.7164000000001352,4.616599999999835,0.716600000000085,1.500699999999938,0.6335999999998876,0.6828000000000429,2.1666000000000167,3.483400000000074,0.5334000000001424,0.7839000000001306,0.5500000000000682]","[0.5834000000001538,1.5501999999999612,0.9166999999999916,0.6167000000002076,0.5494999999999663,2.6999000000001274,0.6498000000000275,1.3165999999998803,0.5998999999998773,2.066299999999785,2.650000000000034,0.7998000000000616,0.8000000000000114,0.5168000000000461,0.6334000000001652,0.8324999999999818,0.5668000000000575,2.750599999999963,1.6662999999999784,5.733499999999935,1.1334000000001652,6.233400000000188,31.68349999999998,1.150199999999927,4.000100000000089,0.6001000000001113,0.6332000000002154,0.6006000000000995,2.300000000000068,0.8330999999998312,1.0667999999999438,3.8170000000000073,6.383799999999837,0.4674000000002252,3.700300000000084,0.6829000000001315,0.6491000000000895,1.4496000000001459,0.5834999999999582,0.7164000000001352,4.616599999999835,0.7166999999999462,1.500699999999938,0.6336999999999762,0.6828999999999041,2.166699999999878,3.483400000000074,0.5334000000001424,0.7839999999999918,0.5500000000000682]",-0.488888889,3.9989,0.0,12.0,12.0,178.0,1.0,hij,ghij,question_gesture.png,im_hand.png,,,,,
,,,582962,1,3,2023-05-31_09h20.58.768,flesh_expressibility_dutch,2022.2.4,Win32,60.5877007,,,,25.0,1.0,Nederlands,,,,,,Engels,3.0,Spaans,2.0,,0.0,,0.0,,0.0,,0.0,,0.0,,0.0,NL,7.0,2.0,2.0,2.0,,sensorypref1,sensorypref2,1920.0,1080.0,,,,,,,,,,,,,,,,,,,,,,,,,,,,,,,,,,,2.0,905.7718,51.0,"[0.5834000000001538,1.5501000000001,0.9166999999999916,0.6167000000002076,0.5493999999998778,2.6999000000001274,0.6497000000001663,1.3165999999998803,0.5998000000000161,2.066299999999785,2.650000000000034,0.7998000000000616,0.8000000000000114,0.5168000000000461,0.6334000000001652,0.8324999999999818,0.5667000000001963,2.750599999999963,1.6662999999999784,5.733399999999847,1.1334000000001652,6.233400000000188,31.68349999999998,1.150199999999927,4,0.599999999999909,0.6332000000002154,0.6006000000000995,2.300000000000068,0.8330999999998312,1.0667000000000826,3.8170000000000073,6.383799999999837,0.4674000000002252,3.700300000000084,0.6828000000000429,0.6491000000000895,1.4496000000001459,0.5834999999999582,0.7164000000001352,4.616599999999835,0.716600000000085,1.500699999999938,0.6335999999998876,0.6828000000000429,2.1666000000000167,3.483400000000074,0.5334000000001424,0.7839000000001306,0.5500000000000682,2.1171999999996842]","[0.5834000000001538,1.5501999999999612,0.9166999999999916,0.6167000000002076,0.5494999999999663,2.6999000000001274,0.6498000000000275,1.3165999999998803,0.5998999999998773,2.066299999999785,2.650000000000034,0.7998000000000616,0.8000000000000114,0.5168000000000461,0.6334000000001652,0.8324999999999818,0.5668000000000575,2.750599999999963,1.6662999999999784,5.733499999999935,1.1334000000001652,6.233400000000188,31.68349999999998,1.150199999999927,4.000100000000089,0.6001000000001113,0.6332000000002154,0.6006000000000995,2.300000000000068,0.8330999999998312,1.0667999999999438,3.8170000000000073,6.383799999999837,0.4674000000002252,3.700300000000084,0.6829000000001315,0.6491000000000895,1.4496000000001459,0.5834999999999582,0.7164000000001352,4.616599999999835,0.7166999999999462,1.500699999999938,0.6336999999999762,0.6828999999999041,2.166699999999878,3.483400000000074,0.5334000000001424,0.7839999999999918,0.5500000000000682,2.1171999999996842]",0.494444444,5.8012,0.0,13.0,13.0,190.0,1.0,ei,gei,question_gesture.png,im_hand.png,,,,,
,,,582962,1,3,2023-05-31_09h20.58.768,flesh_expressibility_dutch,2022.2.4,Win32,60.5877007,,,,25.0,1.0,Nederlands,,,,,,Engels,3.0,Spaans,2.0,,0.0,,0.0,,0.0,,0.0,,0.0,,0.0,NL,7.0,2.0,2.0,2.0,,sensorypref1,sensorypref2,1920.0,1080.0,,,,,,,,,,,,,,,,,,,,,,,,,,,,,,,,,,,2.0,912.1059,52.0,"[0.5834000000001538,1.5501000000001,0.9166999999999916,0.6167000000002076,0.5493999999998778,2.6999000000001274,0.6497000000001663,1.3165999999998803,0.5998000000000161,2.066299999999785,2.650000000000034,0.7998000000000616,0.8000000000000114,0.5168000000000461,0.6334000000001652,0.8324999999999818,0.5667000000001963,2.750599999999963,1.6662999999999784,5.733399999999847,1.1334000000001652,6.233400000000188,31.68349999999998,1.150199999999927,4,0.599999999999909,0.6332000000002154,0.6006000000000995,2.300000000000068,0.8330999999998312,1.0667000000000826,3.8170000000000073,6.383799999999837,0.4674000000002252,3.700300000000084,0.6828000000000429,0.6491000000000895,1.4496000000001459,0.5834999999999582,0.7164000000001352,4.616599999999835,0.716600000000085,1.500699999999938,0.6335999999998876,0.6828000000000429,2.1666000000000167,3.483400000000074,0.5334000000001424,0.7839000000001306,0.5500000000000682,2.1171999999996842,0.8166999999997415]","[0.5834000000001538,1.5501999999999612,0.9166999999999916,0.6167000000002076,0.5494999999999663,2.6999000000001274,0.6498000000000275,1.3165999999998803,0.5998999999998773,2.066299999999785,2.650000000000034,0.7998000000000616,0.8000000000000114,0.5168000000000461,0.6334000000001652,0.8324999999999818,0.5668000000000575,2.750599999999963,1.6662999999999784,5.733499999999935,1.1334000000001652,6.233400000000188,31.68349999999998,1.150199999999927,4.000100000000089,0.6001000000001113,0.6332000000002154,0.6006000000000995,2.300000000000068,0.8330999999998312,1.0667999999999438,3.8170000000000073,6.383799999999837,0.4674000000002252,3.700300000000084,0.6829000000001315,0.6491000000000895,1.4496000000001459,0.5834999999999582,0.7164000000001352,4.616599999999835,0.7166999999999462,1.500699999999938,0.6336999999999762,0.6828999999999041,2.166699999999878,3.483400000000074,0.5334000000001424,0.7839999999999918,0.5500000000000682,2.1171999999996842,0.8166999999997415]",0.264814815,4.1068,0.0,14.0,14.0,201.0,1.0,gisteren,ggisteren,question_gesture.png,im_hand.png,,,,,
,,,582962,1,3,2023-05-31_09h20.58.768,flesh_expressibility_dutch,2022.2.4,Win32,60.5877007,,,,25.0,1.0,Nederlands,,,,,,Engels,3.0,Spaans,2.0,,0.0,,0.0,,0.0,,0.0,,0.0,,0.0,NL,7.0,2.0,2.0,2.0,,sensorypref1,sensorypref2,1920.0,1080.0,,,,,,,,,,,,,,,,,,,,,,,,,,,,,,,,,,,2.0,917.0738,53.0,"[0.5834000000001538,1.5501000000001,0.9166999999999916,0.6167000000002076,0.5493999999998778,2.6999000000001274,0.6497000000001663,1.3165999999998803,0.5998000000000161,2.066299999999785,2.650000000000034,0.7998000000000616,0.8000000000000114,0.5168000000000461,0.6334000000001652,0.8324999999999818,0.5667000000001963,2.750599999999963,1.6662999999999784,5.733399999999847,1.1334000000001652,6.233400000000188,31.68349999999998,1.150199999999927,4,0.599999999999909,0.6332000000002154,0.6006000000000995,2.300000000000068,0.8330999999998312,1.0667000000000826,3.8170000000000073,6.383799999999837,0.4674000000002252,3.700300000000084,0.6828000000000429,0.6491000000000895,1.4496000000001459,0.5834999999999582,0.7164000000001352,4.616599999999835,0.716600000000085,1.500699999999938,0.6335999999998876,0.6828000000000429,2.1666000000000167,3.483400000000074,0.5334000000001424,0.7839000000001306,0.5500000000000682,2.1171999999996842,0.8166999999997415,0.8339999999999463]","[0.5834000000001538,1.5501999999999612,0.9166999999999916,0.6167000000002076,0.5494999999999663,2.6999000000001274,0.6498000000000275,1.3165999999998803,0.5998999999998773,2.066299999999785,2.650000000000034,0.7998000000000616,0.8000000000000114,0.5168000000000461,0.6334000000001652,0.8324999999999818,0.5668000000000575,2.750599999999963,1.6662999999999784,5.733499999999935,1.1334000000001652,6.233400000000188,31.68349999999998,1.150199999999927,4.000100000000089,0.6001000000001113,0.6332000000002154,0.6006000000000995,2.300000000000068,0.8330999999998312,1.0667999999999438,3.8170000000000073,6.383799999999837,0.4674000000002252,3.700300000000084,0.6829000000001315,0.6491000000000895,1.4496000000001459,0.5834999999999582,0.7164000000001352,4.616599999999835,0.7166999999999462,1.500699999999938,0.6336999999999762,0.6828999999999041,2.166699999999878,3.483400000000074,0.5334000000001424,0.7839999999999918,0.5500000000000682,2.1171999999996842,0.8166999999997415,0.8340999999995802]",0.727777778,3.5414,0.0,15.0,15.0,174.0,1.0,staart,gstaart,question_gesture.png,im_hand.png,,,,,
,,,582962,1,3,2023-05-31_09h20.58.768,flesh_expressibility_dutch,2022.2.4,Win32,60.5877007,,,,25.0,1.0,Nederlands,,,,,,Engels,3.0,Spaans,2.0,,0.0,,0.0,,0.0,,0.0,,0.0,,0.0,NL,7.0,2.0,2.0,2.0,,sensorypref1,sensorypref2,1920.0,1080.0,,,,,,,,,,,,,,,,,,,,,,,,,,,,,,,,,,,3.0,921.4379,54.0,"[0.5834000000001538,1.5501000000001,0.9166999999999916,0.6167000000002076,0.5493999999998778,2.6999000000001274,0.6497000000001663,1.3165999999998803,0.5998000000000161,2.066299999999785,2.650000000000034,0.7998000000000616,0.8000000000000114,0.5168000000000461,0.6334000000001652,0.8324999999999818,0.5667000000001963,2.750599999999963,1.6662999999999784,5.733399999999847,1.1334000000001652,6.233400000000188,31.68349999999998,1.150199999999927,4,0.599999999999909,0.6332000000002154,0.6006000000000995,2.300000000000068,0.8330999999998312,1.0667000000000826,3.8170000000000073,6.383799999999837,0.4674000000002252,3.700300000000084,0.6828000000000429,0.6491000000000895,1.4496000000001459,0.5834999999999582,0.7164000000001352,4.616599999999835,0.716600000000085,1.500699999999938,0.6335999999998876,0.6828000000000429,2.1666000000000167,3.483400000000074,0.5334000000001424,0.7839000000001306,0.5500000000000682,2.1171999999996842,0.8166999999997415,0.8339999999999463,0.4834999999999354]","[0.5834000000001538,1.5501999999999612,0.9166999999999916,0.6167000000002076,0.5494999999999663,2.6999000000001274,0.6498000000000275,1.3165999999998803,0.5998999999998773,2.066299999999785,2.650000000000034,0.7998000000000616,0.8000000000000114,0.5168000000000461,0.6334000000001652,0.8324999999999818,0.5668000000000575,2.750599999999963,1.6662999999999784,5.733499999999935,1.1334000000001652,6.233400000000188,31.68349999999998,1.150199999999927,4.000100000000089,0.6001000000001113,0.6332000000002154,0.6006000000000995,2.300000000000068,0.8330999999998312,1.0667999999999438,3.8170000000000073,6.383799999999837,0.4674000000002252,3.700300000000084,0.6829000000001315,0.6491000000000895,1.4496000000001459,0.5834999999999582,0.7164000000001352,4.616599999999835,0.7166999999999462,1.500699999999938,0.6336999999999762,0.6828999999999041,2.166699999999878,3.483400000000074,0.5334000000001424,0.7839999999999918,0.5500000000000682,2.1171999999996842,0.8166999999997415,0.8340999999995802,0.4834999999999354]",0.727777778,4.7102,0.0,16.0,16.0,40.0,1.0,bang,gbang,question_gesture.png,im_hand.png,,,,,
,,,582962,1,3,2023-05-31_09h20.58.768,flesh_expressibility_dutch,2022.2.4,Win32,60.5877007,,,,25.0,1.0,Nederlands,,,,,,Engels,3.0,Spaans,2.0,,0.0,,0.0,,0.0,,0.0,,0.0,,0.0,NL,7.0,2.0,2.0,2.0,,sensorypref1,sensorypref2,1920.0,1080.0,,,,,,,,,,,,,,,,,,,,,,,,,,,,,,,,,,,1.0,926.122,55.0,"[0.5834000000001538,1.5501000000001,0.9166999999999916,0.6167000000002076,0.5493999999998778,2.6999000000001274,0.6497000000001663,1.3165999999998803,0.5998000000000161,2.066299999999785,2.650000000000034,0.7998000000000616,0.8000000000000114,0.5168000000000461,0.6334000000001652,0.8324999999999818,0.5667000000001963,2.750599999999963,1.6662999999999784,5.733399999999847,1.1334000000001652,6.233400000000188,31.68349999999998,1.150199999999927,4,0.599999999999909,0.6332000000002154,0.6006000000000995,2.300000000000068,0.8330999999998312,1.0667000000000826,3.8170000000000073,6.383799999999837,0.4674000000002252,3.700300000000084,0.6828000000000429,0.6491000000000895,1.4496000000001459,0.5834999999999582,0.7164000000001352,4.616599999999835,0.716600000000085,1.500699999999938,0.6335999999998876,0.6828000000000429,2.1666000000000167,3.483400000000074,0.5334000000001424,0.7839000000001306,0.5500000000000682,2.1171999999996842,0.8166999999997415,0.8339999999999463,0.4834999999999354,0.5163999999998623]","[0.5834000000001538,1.5501999999999612,0.9166999999999916,0.6167000000002076,0.5494999999999663,2.6999000000001274,0.6498000000000275,1.3165999999998803,0.5998999999998773,2.066299999999785,2.650000000000034,0.7998000000000616,0.8000000000000114,0.5168000000000461,0.6334000000001652,0.8324999999999818,0.5668000000000575,2.750599999999963,1.6662999999999784,5.733499999999935,1.1334000000001652,6.233400000000188,31.68349999999998,1.150199999999927,4.000100000000089,0.6001000000001113,0.6332000000002154,0.6006000000000995,2.300000000000068,0.8330999999998312,1.0667999999999438,3.8170000000000073,6.383799999999837,0.4674000000002252,3.700300000000084,0.6829000000001315,0.6491000000000895,1.4496000000001459,0.5834999999999582,0.7164000000001352,4.616599999999835,0.7166999999999462,1.500699999999938,0.6336999999999762,0.6828999999999041,2.166699999999878,3.483400000000074,0.5334000000001424,0.7839999999999918,0.5500000000000682,2.1171999999996842,0.8166999999997415,0.8340999999995802,0.4834999999999354,0.5163999999998623]",0.868518519,2.9743,0.0,17.0,17.0,144.0,1.0,geven,ggeven,question_gesture.png,im_hand.png,,,,,
,,,582962,1,3,2023-05-31_09h20.58.768,flesh_expressibility_dutch,2022.2.4,Win32,60.5877007,,,,25.0,1.0,Nederlands,,,,,,Engels,3.0,Spaans,2.0,,0.0,,0.0,,0.0,,0.0,,0.0,,0.0,NL,7.0,2.0,2.0,2.0,,sensorypref1,sensorypref2,1920.0,1080.0,,,,,,,,,,,,,,,,,,,,,,,,,,,,,,,,,,,2.0,930.125,56.0,"[0.5834000000001538,1.5501000000001,0.9166999999999916,0.6167000000002076,0.5493999999998778,2.6999000000001274,0.6497000000001663,1.3165999999998803,0.5998000000000161,2.066299999999785,2.650000000000034,0.7998000000000616,0.8000000000000114,0.5168000000000461,0.6334000000001652,0.8324999999999818,0.5667000000001963,2.750599999999963,1.6662999999999784,5.733399999999847,1.1334000000001652,6.233400000000188,31.68349999999998,1.150199999999927,4,0.599999999999909,0.6332000000002154,0.6006000000000995,2.300000000000068,0.8330999999998312,1.0667000000000826,3.8170000000000073,6.383799999999837,0.4674000000002252,3.700300000000084,0.6828000000000429,0.6491000000000895,1.4496000000001459,0.5834999999999582,0.7164000000001352,4.616599999999835,0.716600000000085,1.500699999999938,0.6335999999998876,0.6828000000000429,2.1666000000000167,3.483400000000074,0.5334000000001424,0.7839000000001306,0.5500000000000682,2.1171999999996842,0.8166999999997415,0.8339999999999463,0.4834999999999354,0.5163999999998623,0.8996999999998252]","[0.5834000000001538,1.5501999999999612,0.9166999999999916,0.6167000000002076,0.5494999999999663,2.6999000000001274,0.6498000000000275,1.3165999999998803,0.5998999999998773,2.066299999999785,2.650000000000034,0.7998000000000616,0.8000000000000114,0.5168000000000461,0.6334000000001652,0.8324999999999818,0.5668000000000575,2.750599999999963,1.6662999999999784,5.733499999999935,1.1334000000001652,6.233400000000188,31.68349999999998,1.150199999999927,4.000100000000089,0.6001000000001113,0.6332000000002154,0.6006000000000995,2.300000000000068,0.8330999999998312,1.0667999999999438,3.8170000000000073,6.383799999999837,0.4674000000002252,3.700300000000084,0.6829000000001315,0.6491000000000895,1.4496000000001459,0.5834999999999582,0.7164000000001352,4.616599999999835,0.7166999999999462,1.500699999999938,0.6336999999999762,0.6828999999999041,2.166699999999878,3.483400000000074,0.5334000000001424,0.7839999999999918,0.5500000000000682,2.1171999999996842,0.8166999999997415,0.8340999999995802,0.4834999999999354,0.5163999999998623,0.8996999999998252]",0.355555556,4.0184,0.0,18.0,18.0,69.0,1.0,glad,gglad,question_gesture.png,im_hand.png,,,,,
,,,582962,1,3,2023-05-31_09h20.58.768,flesh_expressibility_dutch,2022.2.4,Win32,60.5877007,,,,25.0,1.0,Nederlands,,,,,,Engels,3.0,Spaans,2.0,,0.0,,0.0,,0.0,,0.0,,0.0,,0.0,NL,7.0,2.0,2.0,2.0,,sensorypref1,sensorypref2,1920.0,1080.0,,,,,,,,,,,,,,,,,,,,,,,,,,,,,,,,,,,3.0,935.0312,57.0,"[0.5834000000001538,1.5501000000001,0.9166999999999916,0.6167000000002076,0.5493999999998778,2.6999000000001274,0.6497000000001663,1.3165999999998803,0.5998000000000161,2.066299999999785,2.650000000000034,0.7998000000000616,0.8000000000000114,0.5168000000000461,0.6334000000001652,0.8324999999999818,0.5667000000001963,2.750599999999963,1.6662999999999784,5.733399999999847,1.1334000000001652,6.233400000000188,31.68349999999998,1.150199999999927,4,0.599999999999909,0.6332000000002154,0.6006000000000995,2.300000000000068,0.8330999999998312,1.0667000000000826,3.8170000000000073,6.383799999999837,0.4674000000002252,3.700300000000084,0.6828000000000429,0.6491000000000895,1.4496000000001459,0.5834999999999582,0.7164000000001352,4.616599999999835,0.716600000000085,1.500699999999938,0.6335999999998876,0.6828000000000429,2.1666000000000167,3.483400000000074,0.5334000000001424,0.7839000000001306,0.5500000000000682,2.1171999999996842,0.8166999999997415,0.8339999999999463,0.4834999999999354,0.5163999999998623,0.8996999999998252,1.2666999999996733]","[0.5834000000001538,1.5501999999999612,0.9166999999999916,0.6167000000002076,0.5494999999999663,2.6999000000001274,0.6498000000000275,1.3165999999998803,0.5998999999998773,2.066299999999785,2.650000000000034,0.7998000000000616,0.8000000000000114,0.5168000000000461,0.6334000000001652,0.8324999999999818,0.5668000000000575,2.750599999999963,1.6662999999999784,5.733499999999935,1.1334000000001652,6.233400000000188,31.68349999999998,1.150199999999927,4.000100000000089,0.6001000000001113,0.6332000000002154,0.6006000000000995,2.300000000000068,0.8330999999998312,1.0667999999999438,3.8170000000000073,6.383799999999837,0.4674000000002252,3.700300000000084,0.6829000000001315,0.6491000000000895,1.4496000000001459,0.5834999999999582,0.7164000000001352,4.616599999999835,0.7166999999999462,1.500699999999938,0.6336999999999762,0.6828999999999041,2.166699999999878,3.483400000000074,0.5334000000001424,0.7839999999999918,0.5500000000000682,2.1171999999996842,0.8166999999997415,0.8340999999995802,0.4834999999999354,0.5163999999998623,0.8996999999998252,1.2666999999996733]",0.787037037,3.2291,0.0,19.0,19.0,118.0,1.0,hoorn,ghoorn,question_gesture.png,im_hand.png,,,,,
,,,582962,1,3,2023-05-31_09h20.58.768,flesh_expressibility_dutch,2022.2.4,Win32,60.5877007,,,,25.0,1.0,Nederlands,,,,,,Engels,3.0,Spaans,2.0,,0.0,,0.0,,0.0,,0.0,,0.0,,0.0,NL,7.0,2.0,2.0,2.0,,sensorypref1,sensorypref2,1920.0,1080.0,,,,,,,,,,,,,,,,,,,,,,,,,,,,,,,,,,,4.0,938.9063,57.0,"[0.5834000000001538,1.5501000000001,0.9166999999999916,0.6167000000002076,0.5493999999998778,2.6999000000001274,0.6497000000001663,1.3165999999998803,0.5998000000000161,2.066299999999785,2.650000000000034,0.7998000000000616,0.8000000000000114,0.5168000000000461,0.6334000000001652,0.8324999999999818,0.5667000000001963,2.750599999999963,1.6662999999999784,5.733399999999847,1.1334000000001652,6.233400000000188,31.68349999999998,1.150199999999927,4,0.599999999999909,0.6332000000002154,0.6006000000000995,2.300000000000068,0.8330999999998312,1.0667000000000826,3.8170000000000073,6.383799999999837,0.4674000000002252,3.700300000000084,0.6828000000000429,0.6491000000000895,1.4496000000001459,0.5834999999999582,0.7164000000001352,4.616599999999835,0.716600000000085,1.500699999999938,0.6335999999998876,0.6828000000000429,2.1666000000000167,3.483400000000074,0.5334000000001424,0.7839000000001306,0.5500000000000682,2.1171999999996842,0.8166999999997415,0.8339999999999463,0.4834999999999354,0.5163999999998623,0.8996999999998252,1.2666999999996733]","[0.5834000000001538,1.5501999999999612,0.9166999999999916,0.6167000000002076,0.5494999999999663,2.6999000000001274,0.6498000000000275,1.3165999999998803,0.5998999999998773,2.066299999999785,2.650000000000034,0.7998000000000616,0.8000000000000114,0.5168000000000461,0.6334000000001652,0.8324999999999818,0.5668000000000575,2.750599999999963,1.6662999999999784,5.733499999999935,1.1334000000001652,6.233400000000188,31.68349999999998,1.150199999999927,4.000100000000089,0.6001000000001113,0.6332000000002154,0.6006000000000995,2.300000000000068,0.8330999999998312,1.0667999999999438,3.8170000000000073,6.383799999999837,0.4674000000002252,3.700300000000084,0.6829000000001315,0.6491000000000895,1.4496000000001459,0.5834999999999582,0.7164000000001352,4.616599999999835,0.7166999999999462,1.500699999999938,0.6336999999999762,0.6828999999999041,2.166699999999878,3.483400000000074,0.5334000000001424,0.7839999999999918,0.5500000000000682,2.1171999999996842,0.8166999999997415,0.8340999999995802,0.4834999999999354,0.5163999999998623,0.8996999999998252,1.2666999999996733]",,,0.0,20.0,20.0,94.0,1.0,nu,gnu,question_gesture.png,im_hand.png,,,,,
,,,582962,1,3,2023-05-31_09h20.58.768,flesh_expressibility_dutch,2022.2.4,Win32,60.5877007,,,,25.0,1.0,Nederlands,,,,,,Engels,3.0,Spaans,2.0,,0.0,,0.0,,0.0,,0.0,,0.0,,0.0,NL,7.0,2.0,2.0,2.0,,sensorypref1,sensorypref2,1920.0,1080.0,,,,,,,,,,,,,,,,,,,,,,,,,,,,,,,,,,,1.0,939.4402,58.0,"[0.5834000000001538,1.5501000000001,0.9166999999999916,0.6167000000002076,0.5493999999998778,2.6999000000001274,0.6497000000001663,1.3165999999998803,0.5998000000000161,2.066299999999785,2.650000000000034,0.7998000000000616,0.8000000000000114,0.5168000000000461,0.6334000000001652,0.8324999999999818,0.5667000000001963,2.750599999999963,1.6662999999999784,5.733399999999847,1.1334000000001652,6.233400000000188,31.68349999999998,1.150199999999927,4,0.599999999999909,0.6332000000002154,0.6006000000000995,2.300000000000068,0.8330999999998312,1.0667000000000826,3.8170000000000073,6.383799999999837,0.4674000000002252,3.700300000000084,0.6828000000000429,0.6491000000000895,1.4496000000001459,0.5834999999999582,0.7164000000001352,4.616599999999835,0.716600000000085,1.500699999999938,0.6335999999998876,0.6828000000000429,2.1666000000000167,3.483400000000074,0.5334000000001424,0.7839000000001306,0.5500000000000682,2.1171999999996842,0.8166999999997415,0.8339999999999463,0.4834999999999354,0.5163999999998623,0.8996999999998252,1.2666999999996733,0.8000999999995884]","[0.5834000000001538,1.5501999999999612,0.9166999999999916,0.6167000000002076,0.5494999999999663,2.6999000000001274,0.6498000000000275,1.3165999999998803,0.5998999999998773,2.066299999999785,2.650000000000034,0.7998000000000616,0.8000000000000114,0.5168000000000461,0.6334000000001652,0.8324999999999818,0.5668000000000575,2.750599999999963,1.6662999999999784,5.733499999999935,1.1334000000001652,6.233400000000188,31.68349999999998,1.150199999999927,4.000100000000089,0.6001000000001113,0.6332000000002154,0.6006000000000995,2.300000000000068,0.8330999999998312,1.0667999999999438,3.8170000000000073,6.383799999999837,0.4674000000002252,3.700300000000084,0.6829000000001315,0.6491000000000895,1.4496000000001459,0.5834999999999582,0.7164000000001352,4.616599999999835,0.7166999999999462,1.500699999999938,0.6336999999999762,0.6828999999999041,2.166699999999878,3.483400000000074,0.5334000000001424,0.7839999999999918,0.5500000000000682,2.1171999999996842,0.8166999999997415,0.8340999999995802,0.4834999999999354,0.5163999999998623,0.8996999999998252,1.2666999999996733,0.8000999999995884]",0.027777778,8.1046,0.0,21.0,21.0,67.0,1.0,ruw,gruw,question_gesture.png,im_hand.png,,,,,
,,,582962,1,3,2023-05-31_09h20.58.768,flesh_expressibility_dutch,2022.2.4,Win32,60.5877007,,,,25.0,1.0,Nederlands,,,,,,Engels,3.0,Spaans,2.0,,0.0,,0.0,,0.0,,0.0,,0.0,,0.0,NL,7.0,2.0,2.0,2.0,,sensorypref1,sensorypref2,1920.0,1080.0,,,,,,,,,,,,,,,,,,,,,,,,,,,,,,,,,,,3.0,948.6036,59.0,"[0.5834000000001538,1.5501000000001,0.9166999999999916,0.6167000000002076,0.5493999999998778,2.6999000000001274,0.6497000000001663,1.3165999999998803,0.5998000000000161,2.066299999999785,2.650000000000034,0.7998000000000616,0.8000000000000114,0.5168000000000461,0.6334000000001652,0.8324999999999818,0.5667000000001963,2.750599999999963,1.6662999999999784,5.733399999999847,1.1334000000001652,6.233400000000188,31.68349999999998,1.150199999999927,4,0.599999999999909,0.6332000000002154,0.6006000000000995,2.300000000000068,0.8330999999998312,1.0667000000000826,3.8170000000000073,6.383799999999837,0.4674000000002252,3.700300000000084,0.6828000000000429,0.6491000000000895,1.4496000000001459,0.5834999999999582,0.7164000000001352,4.616599999999835,0.716600000000085,1.500699999999938,0.6335999999998876,0.6828000000000429,2.1666000000000167,3.483400000000074,0.5334000000001424,0.7839000000001306,0.5500000000000682,2.1171999999996842,0.8166999999997415,0.8339999999999463,0.4834999999999354,0.5163999999998623,0.8996999999998252,1.2666999999996733,0.8000999999995884,0.6164999999999736]","[0.5834000000001538,1.5501999999999612,0.9166999999999916,0.6167000000002076,0.5494999999999663,2.6999000000001274,0.6498000000000275,1.3165999999998803,0.5998999999998773,2.066299999999785,2.650000000000034,0.7998000000000616,0.8000000000000114,0.5168000000000461,0.6334000000001652,0.8324999999999818,0.5668000000000575,2.750599999999963,1.6662999999999784,5.733499999999935,1.1334000000001652,6.233400000000188,31.68349999999998,1.150199999999927,4.000100000000089,0.6001000000001113,0.6332000000002154,0.6006000000000995,2.300000000000068,0.8330999999998312,1.0667999999999438,3.8170000000000073,6.383799999999837,0.4674000000002252,3.700300000000084,0.6829000000001315,0.6491000000000895,1.4496000000001459,0.5834999999999582,0.7164000000001352,4.616599999999835,0.7166999999999462,1.500699999999938,0.6336999999999762,0.6828999999999041,2.166699999999878,3.483400000000074,0.5334000000001424,0.7839999999999918,0.5500000000000682,2.1171999999996842,0.8166999999997415,0.8340999999995802,0.4834999999999354,0.5163999999998623,0.8996999999998252,1.2666999999996733,0.8000999999995884,0.6164999999999736]",-0.287037037,8.3588,0.0,22.0,22.0,116.0,1.0,oog,goog,question_gesture.png,im_hand.png,,,,,
,,,582962,1,3,2023-05-31_09h20.58.768,flesh_expressibility_dutch,2022.2.4,Win32,60.5877007,,,,25.0,1.0,Nederlands,,,,,,Engels,3.0,Spaans,2.0,,0.0,,0.0,,0.0,,0.0,,0.0,,0.0,NL,7.0,2.0,2.0,2.0,,sensorypref1,sensorypref2,1920.0,1080.0,,,,,,,,,,,,,,,,,,,,,,,,,,,,,,,,,,,2.0,957.5756,60.0,"[0.5834000000001538,1.5501000000001,0.9166999999999916,0.6167000000002076,0.5493999999998778,2.6999000000001274,0.6497000000001663,1.3165999999998803,0.5998000000000161,2.066299999999785,2.650000000000034,0.7998000000000616,0.8000000000000114,0.5168000000000461,0.6334000000001652,0.8324999999999818,0.5667000000001963,2.750599999999963,1.6662999999999784,5.733399999999847,1.1334000000001652,6.233400000000188,31.68349999999998,1.150199999999927,4,0.599999999999909,0.6332000000002154,0.6006000000000995,2.300000000000068,0.8330999999998312,1.0667000000000826,3.8170000000000073,6.383799999999837,0.4674000000002252,3.700300000000084,0.6828000000000429,0.6491000000000895,1.4496000000001459,0.5834999999999582,0.7164000000001352,4.616599999999835,0.716600000000085,1.500699999999938,0.6335999999998876,0.6828000000000429,2.1666000000000167,3.483400000000074,0.5334000000001424,0.7839000000001306,0.5500000000000682,2.1171999999996842,0.8166999999997415,0.8339999999999463,0.4834999999999354,0.5163999999998623,0.8996999999998252,1.2666999999996733,0.8000999999995884,0.6164999999999736,2.0167999999998756]","[0.5834000000001538,1.5501999999999612,0.9166999999999916,0.6167000000002076,0.5494999999999663,2.6999000000001274,0.6498000000000275,1.3165999999998803,0.5998999999998773,2.066299999999785,2.650000000000034,0.7998000000000616,0.8000000000000114,0.5168000000000461,0.6334000000001652,0.8324999999999818,0.5668000000000575,2.750599999999963,1.6662999999999784,5.733499999999935,1.1334000000001652,6.233400000000188,31.68349999999998,1.150199999999927,4.000100000000089,0.6001000000001113,0.6332000000002154,0.6006000000000995,2.300000000000068,0.8330999999998312,1.0667999999999438,3.8170000000000073,6.383799999999837,0.4674000000002252,3.700300000000084,0.6829000000001315,0.6491000000000895,1.4496000000001459,0.5834999999999582,0.7164000000001352,4.616599999999835,0.7166999999999462,1.500699999999938,0.6336999999999762,0.6828999999999041,2.166699999999878,3.483400000000074,0.5334000000001424,0.7839999999999918,0.5500000000000682,2.1171999999996842,0.8166999999997415,0.8340999999995802,0.4834999999999354,0.5163999999998623,0.8996999999998252,1.2666999999996733,0.8000999999995884,0.6164999999999736,2.0167999999998756]",0.659259259,8.7756,0.0,23.0,23.0,101.0,1.0,hond,ghond,question_gesture.png,im_hand.png,,,,,
,,,582962,1,3,2023-05-31_09h20.58.768,flesh_expressibility_dutch,2022.2.4,Win32,60.5877007,,,,25.0,1.0,Nederlands,,,,,,Engels,3.0,Spaans,2.0,,0.0,,0.0,,0.0,,0.0,,0.0,,0.0,NL,7.0,2.0,2.0,2.0,,sensorypref1,sensorypref2,1920.0,1080.0,,,,,,,,,,,,,,,,,,,,,,,,,,,,,,,,,,,,,,,,,,,,,,,,,,,,,,,
,,,582962,1,3,2023-05-31_09h20.58.768,flesh_expressibility_dutch,2022.2.4,Win32,60.5877007,,,,25.0,1.0,Nederlands,,,,,,Engels,3.0,Spaans,2.0,,0.0,,0.0,,0.0,,0.0,,0.0,,0.0,NL,7.0,2.0,2.0,2.0,,sensorypref1,sensorypref2,1920.0,1080.0,,,,,,,,,,,,,,,,,,,,,,,,,,,,,,,,,,,,,,,,,,,,,,,,,,,1.0,,,,
,,,582962,1,3,2023-05-31_09h20.58.768,flesh_expressibility_dutch,2022.2.4,Win32,60.5877007,,,,25.0,1.0,Nederlands,,,,,,Engels,3.0,Spaans,2.0,,0.0,,0.0,,0.0,,0.0,,0.0,,0.0,NL,7.0,2.0,2.0,2.0,,sensorypref1,sensorypref2,1920.0,1080.0,,,,,,,,,,,,,,,,,,,,,,,,,,,,,,,,,,,,,,,,,,,,,,,,,,,1.0,,,,
,,,582962,1,3,2023-05-31_09h20.58.768,flesh_expressibility_dutch,2022.2.4,Win32,60.5877007,,,,25.0,1.0,Nederlands,,,,,,Engels,3.0,Spaans,2.0,,0.0,,0.0,,0.0,,0.0,,0.0,,0.0,NL,7.0,2.0,2.0,2.0,,sensorypref1,sensorypref2,1920.0,1080.0,,,,,,,,,,,,,,,,,,,,,,,,,,,,,,,,,,,,,,,,,,,,,,,,,,,1.0,,1.0,[979.8537000000001],[979.8538000000002]
