welcome_weiter.numClicks,welcome_weiter.timesOn,welcome_weiter.timesOff,exp_ID,session,presentation limit,date,expName,psychopyVersion,OS,frameRate,introduction_weiter.numClicks,introduction_weiter.timesOn,introduction_weiter.timesOff,age,gender,natlang1,natlang2,natlang3,natlang4,natlang5,natlang6,lang1,proficiency1,lang2,proficiency2,lang3,proficiency3,lang4,proficiency4,lang5,proficiency5,lang6,proficiency6,lang7,proficiency7,lang8,proficiency8,country,education,dyslexia,mobility,currentloc,radio-for-required-checkboxes,sensorypref1,sensorypref2,xRes,yRes,sensorypref[],sensorypref3,sensorypref4,practice_weiter.numClicks,practice_weiter.timesOn,practice_weiter.timesOff,pr_message_weiter.numClicks,pr_message_weiter.timesOn,pr_message_weiter.timesOff,pr_remember_weiter.numClicks,pr_remember_weiter.timesOn,pr_remember_weiter.timesOff,button_weiter.numClicks,button_weiter.timesOn,button_weiter.timesOff,pr_expressibility.response,pr_expressibility.rt,practice_trials.thisRepN,practice_trials.thisTrialN,practice_trials.thisN,practice_trials.thisIndex,practice_trials.ran,pr_word,pr_question,pr_image,start_weiter.numClicks,start_weiter.timesOn,start_weiter.timesOff,message_weiter.numClicks,message_weiter.timesOn,message_weiter.timesOff,trial_remember_weiter.numClicks,trial_remember_weiter.timesOn,trial_remember_weiter.timesOff,Count,Shelf time,trial_button_weiter.numClicks,trial_button_weiter.timesOn,trial_button_weiter.timesOff,expressibility.response,expressibility.rt,trials.thisRepN,trials.thisTrialN,trials.thisN,trials.thisIndex,trials.ran,word,fordict,question,trial_img,problem,problem_text,comment_text,end_experiment.numClicks,end_experiment.timesOn,end_experiment.timesOff
1.0,[4.886799999952316],[4.8885000000000005],584698,1,21,2023-09-20_15h29.38.769,flesh_expressibility_dutch,2022.2.4,Win32,60.17571308,,,,,,,,,,,,,,,,,,,,,,,,,,,,,,,,,,,,,,,,,,,,,,,,,,,,,,,,,,,,,,,,,,,,,,,,,,,,,,,,,,,,,,,,,,,,,
,,,584698,1,21,2023-09-20_15h29.38.769,flesh_expressibility_dutch,2022.2.4,Win32,60.17571308,,,,,,,,,,,,,,,,,,,,,,,,,,,,,,,,,,,,,,,,,,,,,,,,,,,,,,,,,,,,,,,,,,,,,,,,,,,,,,,,,,,,,,,,,,,,,
,,,584698,1,21,2023-09-20_15h29.38.769,flesh_expressibility_dutch,2022.2.4,Win32,60.17571308,1.0,[15.374199999928473],[15.374299999952315],,,,,,,,,,,,,,,,,,,,,,,,,,,,,,,,,,,,,,,,,,,,,,,,,,,,,,,,,,,,,,,,,,,,,,,,,,,,,,,,,,,,,,,,,,
,,,584698,1,21,2023-09-20_15h29.38.769,flesh_expressibility_dutch,2022.2.4,Win32,60.17571308,,,,,,,,,,,,,,,,,,,,,,,,,,,,,,,,,,,,,,,,,,,,,,,,,,,,,,,,,,,,,,,,,,,,,,,,,,,,,,,,,,,,,,,,,,,,,
,,,584698,1,21,2023-09-20_15h29.38.769,flesh_expressibility_dutch,2022.2.4,Win32,60.17571308,,,,18.0,2.0,Nederlands,,,,,,Engels,3.0,Duits,2.0,Frans,1.0,Noors,1.0,,0.0,,0.0,,0.0,,0.0,NL,6.0,2.0,2.0,5.0,on,sensorypref1,sensorypref2,1280.0,720.0,,,,,,,,,,,,,,,,,,,,,,,,,,,,,,,,,,,,,,,,,,,,,,,,,,,,,,,,
,,,584698,1,21,2023-09-20_15h29.38.769,flesh_expressibility_dutch,2022.2.4,Win32,60.17571308,,,,18.0,2.0,Nederlands,,,,,,Engels,3.0,Duits,2.0,Frans,1.0,Noors,1.0,,0.0,,0.0,,0.0,,0.0,NL,6.0,2.0,2.0,5.0,,sensorypref1,sensorypref2,1280.0,720.0,,,,1.0,[133.17239999997616],[133.1725],,,,,,,,,,,,,,,,,,,,,,,,,,,,,,,,,,,,,,,,,,,,,,,,,,
,,,584698,1,21,2023-09-20_15h29.38.769,flesh_expressibility_dutch,2022.2.4,Win32,60.17571308,,,,18.0,2.0,Nederlands,,,,,,Engels,3.0,Duits,2.0,Frans,1.0,Noors,1.0,,0.0,,0.0,,0.0,,0.0,NL,6.0,2.0,2.0,5.0,,sensorypref1,sensorypref2,1280.0,720.0,,,,,,,,,,,,,,,,,,,,,,,,,,,,,,,,,,,,,,,,,,,,,,,,,,,,,,,,
,,,584698,1,21,2023-09-20_15h29.38.769,flesh_expressibility_dutch,2022.2.4,Win32,60.17571308,,,,18.0,2.0,Nederlands,,,,,,Engels,3.0,Duits,2.0,Frans,1.0,Noors,1.0,,0.0,,0.0,,0.0,,0.0,NL,6.0,2.0,2.0,5.0,,sensorypref1,sensorypref2,1280.0,720.0,,,,,,,1.0,[140.3785],[140.37860000002382],1.0,[146.49189999997614],[146.492],1.0,[7.502399999976149],[7.502399999976149],0.248148261,23.6343,0.0,0.0,0.0,0.0,1.0,liefde,question_vocal.png,im_mouth.png,,,,,,,,,,,,,,,,,,,,,,,,,,,,,,,
,,,584698,1,21,2023-09-20_15h29.38.769,flesh_expressibility_dutch,2022.2.4,Win32,60.17571308,,,,18.0,2.0,Nederlands,,,,,,Engels,3.0,Duits,2.0,Frans,1.0,Noors,1.0,,0.0,,0.0,,0.0,,0.0,NL,6.0,2.0,2.0,5.0,,sensorypref1,sensorypref2,1280.0,720.0,,,,,,,,,,,,,2.0,"[7.502399999976149,1.1170000000000186]","[7.502399999976149,1.1171000000238394]",0.690740797,5.7445,0.0,1.0,1.0,1.0,1.0,moe,question_vocal.png,im_mouth.png,,,,,,,,,,,,,,,,,,,,,,,,,,,,,,,
,,,584698,1,21,2023-09-20_15h29.38.769,flesh_expressibility_dutch,2022.2.4,Win32,60.17571308,,,,18.0,2.0,Nederlands,,,,,,Engels,3.0,Duits,2.0,Frans,1.0,Noors,1.0,,0.0,,0.0,,0.0,,0.0,NL,6.0,2.0,2.0,5.0,,sensorypref1,sensorypref2,1280.0,720.0,,,,,,,2.0,"[140.3785,190.77749999999997]","[140.37860000002382,190.77749999999997]",2.0,"[146.49189999997614,196.99880000007153]","[146.492,196.99880000007153]",3.0,"[7.502399999976149,1.1170000000000186,5.235600000023851]","[7.502399999976149,1.1171000000238394,5.235700000047672]",0.159259372,8.6779,0.0,0.0,0.0,1.0,1.0,leeuw,question_multimodal.png,im_combination.png,,,,,,,,,,,,,,,,,,,,,,,,,,,,,,,
,,,584698,1,21,2023-09-20_15h29.38.769,flesh_expressibility_dutch,2022.2.4,Win32,60.17571308,,,,18.0,2.0,Nederlands,,,,,,Engels,3.0,Duits,2.0,Frans,1.0,Noors,1.0,,0.0,,0.0,,0.0,,0.0,NL,6.0,2.0,2.0,5.0,,sensorypref1,sensorypref2,1280.0,720.0,,,,,,,,,,,,,4.0,"[7.502399999976149,1.1170000000000186,5.235600000023851,3.7180000000000177]","[7.502399999976149,1.1171000000238394,5.235700000047672,3.718100000023867]",0.640740797,5.8437,0.0,1.0,1.0,0.0,1.0,koken,question_multimodal.png,im_combination.png,,,,,,,,,,,,,,,,,,,,,,,,,,,,,,,
,,,584698,1,21,2023-09-20_15h29.38.769,flesh_expressibility_dutch,2022.2.4,Win32,60.17571308,,,,18.0,2.0,Nederlands,,,,,,Engels,3.0,Duits,2.0,Frans,1.0,Noors,1.0,,0.0,,0.0,,0.0,,0.0,NL,6.0,2.0,2.0,5.0,,sensorypref1,sensorypref2,1280.0,720.0,,,,,,,3.0,"[140.3785,190.77749999999997,227.96720000004768]","[140.37860000002382,190.77749999999997,227.9672999999523]",3.0,"[146.49189999997614,196.99880000007153,230.8935]","[146.492,196.99880000007153,230.89360000002384]",5.0,"[7.502399999976149,1.1170000000000186,5.235600000023851,3.7180000000000177,2.25410000002384]","[7.502399999976149,1.1171000000238394,5.235700000047672,3.718100000023867,2.25410000002384]",0.857407464,4.9709,0.0,0.0,0.0,1.0,1.0,auto,question_gesture.png,im_hand.png,,,,,,,,,,,,,,,,,,,,,,,,,,,,,,,
,,,584698,1,21,2023-09-20_15h29.38.769,flesh_expressibility_dutch,2022.2.4,Win32,60.17571308,,,,18.0,2.0,Nederlands,,,,,,Engels,3.0,Duits,2.0,Frans,1.0,Noors,1.0,,0.0,,0.0,,0.0,,0.0,NL,6.0,2.0,2.0,5.0,,sensorypref1,sensorypref2,1280.0,720.0,,,,,,,,,,,,,6.0,"[7.502399999976149,1.1170000000000186,5.235600000023851,3.7180000000000177,2.25410000002384,0.9348000000715047]","[7.502399999976149,1.1171000000238394,5.235700000047672,3.718100000023867,2.25410000002384,0.9348000000715047]",0.403703817,7.1448,0.0,1.0,1.0,0.0,1.0,baby,question_gesture.png,im_hand.png,,,,,,,,,,,,,,,,,,,,,,,,,,,,,,,
,,,584698,1,21,2023-09-20_15h29.38.769,flesh_expressibility_dutch,2022.2.4,Win32,60.17571308,,,,18.0,2.0,Nederlands,,,,,,Engels,3.0,Duits,2.0,Frans,1.0,Noors,1.0,,0.0,,0.0,,0.0,,0.0,NL,6.0,2.0,2.0,5.0,,sensorypref1,sensorypref2,1280.0,720.0,,,,,,,,,,,,,,,,,,,,,,,,,,1.0,[255.19600000000003],[255.19610000002382],,,,,,,,,,,,,,,,,,,,,,,,,,,,
,,,584698,1,21,2023-09-20_15h29.38.769,flesh_expressibility_dutch,2022.2.4,Win32,60.17571308,,,,18.0,2.0,Nederlands,,,,,,Engels,3.0,Duits,2.0,Frans,1.0,Noors,1.0,,0.0,,0.0,,0.0,,0.0,NL,6.0,2.0,2.0,5.0,,sensorypref1,sensorypref2,1280.0,720.0,,,,,,,,,,,,,,,,,,,,,,,,,,,,,,,,,,,,,,,,,,,,,,,,,,,,,,,,
,,,584698,1,21,2023-09-20_15h29.38.769,flesh_expressibility_dutch,2022.2.4,Win32,60.17571308,,,,18.0,2.0,Nederlands,,,,,,Engels,3.0,Duits,2.0,Frans,1.0,Noors,1.0,,0.0,,0.0,,0.0,,0.0,NL,6.0,2.0,2.0,5.0,,sensorypref1,sensorypref2,1280.0,720.0,,,,,,,,,,,,,,,,,,,,,,,,,,,,,1.0,[267.27389999997615],[267.274],1.0,[270.31539999997614],[270.3155],21.0,271.8178,1.0,[1.4678999999761686],[1.4678999999761686],0.3,8.8325,0.0,0.0,0.0,55.0,1.0,langzaam,mlangzaam,question_multimodal.png,im_combination.png,,,,,,
,,,584698,1,21,2023-09-20_15h29.38.769,flesh_expressibility_dutch,2022.2.4,Win32,60.17571308,,,,18.0,2.0,Nederlands,,,,,,Engels,3.0,Duits,2.0,Frans,1.0,Noors,1.0,,0.0,,0.0,,0.0,,0.0,NL,6.0,2.0,2.0,5.0,,sensorypref1,sensorypref2,1280.0,720.0,,,,,,,,,,,,,,,,,,,,,,,,,,,,,,,,,,,15.0,282.0089,2.0,"[1.4678999999761686,2.249899999976151]","[1.4678999999761686,2.250100000023849]",-0.644444444,6.9455,0.0,1.0,1.0,97.0,1.0,doen,mdoen,question_multimodal.png,im_combination.png,,,,,,
,,,584698,1,21,2023-09-20_15h29.38.769,flesh_expressibility_dutch,2022.2.4,Win32,60.17571308,,,,18.0,2.0,Nederlands,,,,,,Engels,3.0,Duits,2.0,Frans,1.0,Noors,1.0,,0.0,,0.0,,0.0,,0.0,NL,6.0,2.0,2.0,5.0,,sensorypref1,sensorypref2,1280.0,720.0,,,,,,,,,,,,,,,,,,,,,,,,,,,,,,,,,,,22.0,289.8923,2.0,"[1.4678999999761686,2.249899999976151]","[1.4678999999761686,2.250100000023849]",,,0.0,2.0,2.0,17.0,1.0,verschillend,mverschillend,question_multimodal.png,im_combination.png,,,,,,
,,,584698,1,21,2023-09-20_15h29.38.769,flesh_expressibility_dutch,2022.2.4,Win32,60.17571308,,,,18.0,2.0,Nederlands,,,,,,Engels,3.0,Duits,2.0,Frans,1.0,Noors,1.0,,0.0,,0.0,,0.0,,0.0,NL,6.0,2.0,2.0,5.0,,sensorypref1,sensorypref2,1280.0,720.0,,,,,,,,,,,,,,,,,,,,,,,,,,,,,,,,,,,17.0,290.8832,3.0,"[1.4678999999761686,2.249899999976151,3.71780000007152]","[1.4678999999761686,2.250100000023849,3.7178999999761118]",-0.551851824,6.8912,0.0,3.0,3.0,142.0,1.0,verbrijzelen,mverbrijzelen,question_multimodal.png,im_combination.png,,,,,,
,,,584698,1,21,2023-09-20_15h29.38.769,flesh_expressibility_dutch,2022.2.4,Win32,60.17571308,,,,18.0,2.0,Nederlands,,,,,,Engels,3.0,Duits,2.0,Frans,1.0,Noors,1.0,,0.0,,0.0,,0.0,,0.0,NL,6.0,2.0,2.0,5.0,,sensorypref1,sensorypref2,1280.0,720.0,,,,,,,,,,,,,,,,,,,,,,,,,,,,,,,,,,,18.0,300.1021,4.0,"[1.4678999999761686,2.249899999976151,3.71780000007152,0.8003000000715588]","[1.4678999999761686,2.250100000023849,3.7178999999761118,0.8003000000715588]",0.701851908,6.4301,0.0,4.0,4.0,33.0,1.0,dromen,mdromen,question_multimodal.png,im_combination.png,,,,,,
,,,584698,1,21,2023-09-20_15h29.38.769,flesh_expressibility_dutch,2022.2.4,Win32,60.17571308,,,,18.0,2.0,Nederlands,,,,,,Engels,3.0,Duits,2.0,Frans,1.0,Noors,1.0,,0.0,,0.0,,0.0,,0.0,NL,6.0,2.0,2.0,5.0,,sensorypref1,sensorypref2,1280.0,720.0,,,,,,,,,,,,,,,,,,,,,,,,,,,,,,,,,,,17.0,307.3014,5.0,"[1.4678999999761686,2.249899999976151,3.71780000007152,0.8003000000715588,0.8378999999761731]","[1.4678999999761686,2.250100000023849,3.7178999999761118,0.8003000000715588,0.8378999999761731]",0.364814928,7.4764,0.0,5.0,5.0,3.0,1.0,stil,mstil,question_multimodal.png,im_combination.png,,,,,,
,,,584698,1,21,2023-09-20_15h29.38.769,flesh_expressibility_dutch,2022.2.4,Win32,60.17571308,,,,18.0,2.0,Nederlands,,,,,,Engels,3.0,Duits,2.0,Frans,1.0,Noors,1.0,,0.0,,0.0,,0.0,,0.0,NL,6.0,2.0,2.0,5.0,,sensorypref1,sensorypref2,1280.0,720.0,,,,,,,,,,,,,,,,,,,,,,,,,,,,,,,,,,,20.0,315.6218,6.0,"[1.4678999999761686,2.249899999976151,3.71780000007152,0.8003000000715588,0.8378999999761731,1.0020000000000095]","[1.4678999999761686,2.250100000023849,3.7178999999761118,0.8003000000715588,0.8378999999761731,1.0020000000000095]",0.761111111,5.3108,0.0,6.0,6.0,84.0,1.0,kort,mkort,question_multimodal.png,im_combination.png,,,,,,
,,,584698,1,21,2023-09-20_15h29.38.769,flesh_expressibility_dutch,2022.2.4,Win32,60.17571308,,,,18.0,2.0,Nederlands,,,,,,Engels,3.0,Duits,2.0,Frans,1.0,Noors,1.0,,0.0,,0.0,,0.0,,0.0,NL,6.0,2.0,2.0,5.0,,sensorypref1,sensorypref2,1280.0,720.0,,,,,,,,,,,,,,,,,,,,,,,,,,,,,,,,,,,22.0,322.1026,6.0,"[1.4678999999761686,2.249899999976151,3.71780000007152,0.8003000000715588,0.8378999999761731,1.0020000000000095]","[1.4678999999761686,2.250100000023849,3.7178999999761118,0.8003000000715588,0.8378999999761731,1.0020000000000095]",,,0.0,7.0,7.0,186.0,1.0,lang,mlang,question_multimodal.png,im_combination.png,,,,,,
,,,584698,1,21,2023-09-20_15h29.38.769,flesh_expressibility_dutch,2022.2.4,Win32,60.17571308,,,,18.0,2.0,Nederlands,,,,,,Engels,3.0,Duits,2.0,Frans,1.0,Noors,1.0,,0.0,,0.0,,0.0,,0.0,NL,6.0,2.0,2.0,5.0,,sensorypref1,sensorypref2,1280.0,720.0,,,,,,,,,,,,,,,,,,,,,,,,,,,,,,,,,,,10.0,322.9881,7.0,"[1.4678999999761686,2.249899999976151,3.71780000007152,0.8003000000715588,0.8378999999761731,1.0020000000000095,7.10089999997615]","[1.4678999999761686,2.250100000023849,3.7178999999761118,0.8003000000715588,0.8378999999761731,1.0020000000000095,7.10089999997615]",-0.483333333,10.8455,0.0,8.0,8.0,197.0,1.0,rots,mrots,question_multimodal.png,im_combination.png,,,,,,
,,,584698,1,21,2023-09-20_15h29.38.769,flesh_expressibility_dutch,2022.2.4,Win32,60.17571308,,,,18.0,2.0,Nederlands,,,,,,Engels,3.0,Duits,2.0,Frans,1.0,Noors,1.0,,0.0,,0.0,,0.0,,0.0,NL,6.0,2.0,2.0,5.0,,sensorypref1,sensorypref2,1280.0,720.0,,,,,,,,,,,,,,,,,,,,,,,,,,,,,,,,,,,19.0,334.5356,8.0,"[1.4678999999761686,2.249899999976151,3.71780000007152,0.8003000000715588,0.8378999999761731,1.0020000000000095,7.10089999997615,1.7663999999761586]","[1.4678999999761686,2.250100000023849,3.7178999999761118,0.8003000000715588,0.8378999999761731,1.0020000000000095,7.10089999997615,1.7663999999761586]",0.266666667,6.4635,0.0,9.0,9.0,94.0,1.0,nu,mnu,question_multimodal.png,im_combination.png,,,,,,
,,,584698,1,21,2023-09-20_15h29.38.769,flesh_expressibility_dutch,2022.2.4,Win32,60.17571308,,,,18.0,2.0,Nederlands,,,,,,Engels,3.0,Duits,2.0,Frans,1.0,Noors,1.0,,0.0,,0.0,,0.0,,0.0,NL,6.0,2.0,2.0,5.0,,sensorypref1,sensorypref2,1280.0,720.0,,,,,,,,,,,,,,,,,,,,,,,,,,,,,,,,,,,11.0,342.5927,9.0,"[1.4678999999761686,2.249899999976151,3.71780000007152,0.8003000000715588,0.8378999999761731,1.0020000000000095,7.10089999997615,1.7663999999761586,1.6173999999761577]","[1.4678999999761686,2.250100000023849,3.7178999999761118,0.8003000000715588,0.8378999999761731,1.0020000000000095,7.10089999997615,1.7663999999761586,1.6175000000000068]",0.570370483,4.8994,0.0,10.0,10.0,89.0,1.0,jagen,mjagen,question_multimodal.png,im_combination.png,,,,,,
,,,584698,1,21,2023-09-20_15h29.38.769,flesh_expressibility_dutch,2022.2.4,Win32,60.17571308,,,,18.0,2.0,Nederlands,,,,,,Engels,3.0,Duits,2.0,Frans,1.0,Noors,1.0,,0.0,,0.0,,0.0,,0.0,NL,6.0,2.0,2.0,5.0,,sensorypref1,sensorypref2,1280.0,720.0,,,,,,,,,,,,,,,,,,,,,,,,,,,,,,,,,,,22.0,349.253,9.0,"[1.4678999999761686,2.249899999976151,3.71780000007152,0.8003000000715588,0.8378999999761731,1.0020000000000095,7.10089999997615,1.7663999999761586,1.6173999999761577]","[1.4678999999761686,2.250100000023849,3.7178999999761118,0.8003000000715588,0.8378999999761731,1.0020000000000095,7.10089999997615,1.7663999999761586,1.6175000000000068]",,,0.0,11.0,11.0,66.0,1.0,"bot (kenmerk, niet lichaam)","mbot (kenmerk, niet lichaam)",question_multimodal.png,im_combination.png,,,,,,
,,,584698,1,21,2023-09-20_15h29.38.769,flesh_expressibility_dutch,2022.2.4,Win32,60.17571308,,,,18.0,2.0,Nederlands,,,,,,Engels,3.0,Duits,2.0,Frans,1.0,Noors,1.0,,0.0,,0.0,,0.0,,0.0,NL,6.0,2.0,2.0,5.0,,sensorypref1,sensorypref2,1280.0,720.0,,,,,,,,,,,,,,,,,,,,,,,,,,,,,,,,,,,14.0,350.3022,10.0,"[1.4678999999761686,2.249899999976151,3.71780000007152,0.8003000000715588,0.8378999999761731,1.0020000000000095,7.10089999997615,1.7663999999761586,1.6173999999761577,4.404200000047638]","[1.4678999999761686,2.250100000023849,3.7178999999761118,0.8003000000715588,0.8378999999761731,1.0020000000000095,7.10089999997615,1.7663999999761586,1.6175000000000068,4.404299999952286]",0.692592706,11.0582,0.0,12.0,12.0,4.0,1.0,fluisteren,mfluisteren,question_multimodal.png,im_combination.png,,,,,,
,,,584698,1,21,2023-09-20_15h29.38.769,flesh_expressibility_dutch,2022.2.4,Win32,60.17571308,,,,18.0,2.0,Nederlands,,,,,,Engels,3.0,Duits,2.0,Frans,1.0,Noors,1.0,,0.0,,0.0,,0.0,,0.0,NL,6.0,2.0,2.0,5.0,,sensorypref1,sensorypref2,1280.0,720.0,,,,,,,,,,,,,,,,,,,,,,,,,,,,,,,,,,,18.0,362.0665,11.0,"[1.4678999999761686,2.249899999976151,3.71780000007152,0.8003000000715588,0.8378999999761731,1.0020000000000095,7.10089999997615,1.7663999999761586,1.6173999999761577,4.404200000047638,0.7692999999522954]","[1.4678999999761686,2.250100000023849,3.7178999999761118,0.8003000000715588,0.8378999999761731,1.0020000000000095,7.10089999997615,1.7663999999761586,1.6175000000000068,4.404299999952286,0.7692999999522954]",-0.046296183,8.813,0.0,13.0,13.0,21.0,1.0,heden,mheden,question_multimodal.png,im_combination.png,,,,,,
,,,584698,1,21,2023-09-20_15h29.38.769,flesh_expressibility_dutch,2022.2.4,Win32,60.17571308,,,,18.0,2.0,Nederlands,,,,,,Engels,3.0,Duits,2.0,Frans,1.0,Noors,1.0,,0.0,,0.0,,0.0,,0.0,NL,6.0,2.0,2.0,5.0,,sensorypref1,sensorypref2,1280.0,720.0,,,,,,,,,,,,,,,,,,,,,,,,,,,,,,,,,,,22.0,372.0689,11.0,"[1.4678999999761686,2.249899999976151,3.71780000007152,0.8003000000715588,0.8378999999761731,1.0020000000000095,7.10089999997615,1.7663999999761586,1.6173999999761577,4.404200000047638,0.7692999999522954]","[1.4678999999761686,2.250100000023849,3.7178999999761118,0.8003000000715588,0.8378999999761731,1.0020000000000095,7.10089999997615,1.7663999999761586,1.6175000000000068,4.404299999952286,0.7692999999522954]",,,0.0,14.0,14.0,95.0,1.0,niet,mniet,question_multimodal.png,im_combination.png,,,,,,
,,,584698,1,21,2023-09-20_15h29.38.769,flesh_expressibility_dutch,2022.2.4,Win32,60.17571308,,,,18.0,2.0,Nederlands,,,,,,Engels,3.0,Duits,2.0,Frans,1.0,Noors,1.0,,0.0,,0.0,,0.0,,0.0,NL,6.0,2.0,2.0,5.0,,sensorypref1,sensorypref2,1280.0,720.0,,,,,,,,,,,,,,,,,,,,,,,,,,,,,,,,,,,22.0,373.0324,11.0,"[1.4678999999761686,2.249899999976151,3.71780000007152,0.8003000000715588,0.8378999999761731,1.0020000000000095,7.10089999997615,1.7663999999761586,1.6173999999761577,4.404200000047638,0.7692999999522954]","[1.4678999999761686,2.250100000023849,3.7178999999761118,0.8003000000715588,0.8378999999761731,1.0020000000000095,7.10089999997615,1.7663999999761586,1.6175000000000068,4.404299999952286,0.7692999999522954]",,,0.0,15.0,15.0,15.0,1.0,geel,mgeel,question_multimodal.png,im_combination.png,,,,,,
,,,584698,1,21,2023-09-20_15h29.38.769,flesh_expressibility_dutch,2022.2.4,Win32,60.17571308,,,,18.0,2.0,Nederlands,,,,,,Engels,3.0,Duits,2.0,Frans,1.0,Noors,1.0,,0.0,,0.0,,0.0,,0.0,NL,6.0,2.0,2.0,5.0,,sensorypref1,sensorypref2,1280.0,720.0,,,,,,,,,,,,,,,,,,,,,,,,,,,,,,,,,,,11.0,373.8779,12.0,"[1.4678999999761686,2.249899999976151,3.71780000007152,0.8003000000715588,0.8378999999761731,1.0020000000000095,7.10089999997615,1.7663999999761586,1.6173999999761577,4.404200000047638,0.7692999999522954,1.8165999999046107]","[1.4678999999761686,2.250100000023849,3.7178999999761118,0.8003000000715588,0.8378999999761731,1.0020000000000095,7.10089999997615,1.7663999999761586,1.6175000000000068,4.404299999952286,0.7692999999522954,1.8166999999284599]",0.907407464,5.6928,0.0,16.0,16.0,148.0,1.0,bijten,mbijten,question_multimodal.png,im_combination.png,,,,,,
,,,584698,1,21,2023-09-20_15h29.38.769,flesh_expressibility_dutch,2022.2.4,Win32,60.17571308,,,,18.0,2.0,Nederlands,,,,,,Engels,3.0,Duits,2.0,Frans,1.0,Noors,1.0,,0.0,,0.0,,0.0,,0.0,NL,6.0,2.0,2.0,5.0,,sensorypref1,sensorypref2,1280.0,720.0,,,,,,,,,,,,,,,,,,,,,,,,,,,,,,,,,,,14.0,381.3581,13.0,"[1.4678999999761686,2.249899999976151,3.71780000007152,0.8003000000715588,0.8378999999761731,1.0020000000000095,7.10089999997615,1.7663999999761586,1.6173999999761577,4.404200000047638,0.7692999999522954,1.8165999999046107,1.3371000000238382]","[1.4678999999761686,2.250100000023849,3.7178999999761118,0.8003000000715588,0.8378999999761731,1.0020000000000095,7.10089999997615,1.7663999999761586,1.6175000000000068,4.404299999952286,0.7692999999522954,1.8166999999284599,1.3373000000715365]",0.090740797,5.5616,0.0,17.0,17.0,177.0,1.0,kind,mkind,question_multimodal.png,im_combination.png,,,,,,
,,,584698,1,21,2023-09-20_15h29.38.769,flesh_expressibility_dutch,2022.2.4,Win32,60.17571308,,,,18.0,2.0,Nederlands,,,,,,Engels,3.0,Duits,2.0,Frans,1.0,Noors,1.0,,0.0,,0.0,,0.0,,0.0,NL,6.0,2.0,2.0,5.0,,sensorypref1,sensorypref2,1280.0,720.0,,,,,,,,,,,,,,,,,,,,,,,,,,,,,,,,,,,14.0,388.5762,14.0,"[1.4678999999761686,2.249899999976151,3.71780000007152,0.8003000000715588,0.8378999999761731,1.0020000000000095,7.10089999997615,1.7663999999761586,1.6173999999761577,4.404200000047638,0.7692999999522954,1.8165999999046107,1.3371000000238382,5.984699999928523]","[1.4678999999761686,2.250100000023849,3.7178999999761118,0.8003000000715588,0.8378999999761731,1.0020000000000095,7.10089999997615,1.7663999999761586,1.6175000000000068,4.404299999952286,0.7692999999522954,1.8166999999284599,1.3373000000715365,5.984699999928523]",0.064814928,11.8811,0.0,18.0,18.0,194.0,1.0,touw,mtouw,question_multimodal.png,im_combination.png,,,,,,
,,,584698,1,21,2023-09-20_15h29.38.769,flesh_expressibility_dutch,2022.2.4,Win32,60.17571308,,,,18.0,2.0,Nederlands,,,,,,Engels,3.0,Duits,2.0,Frans,1.0,Noors,1.0,,0.0,,0.0,,0.0,,0.0,NL,6.0,2.0,2.0,5.0,,sensorypref1,sensorypref2,1280.0,720.0,,,,,,,,,,,,,,,,,,,,,,,,,,,,,,,,,,,22.0,401.084,14.0,"[1.4678999999761686,2.249899999976151,3.71780000007152,0.8003000000715588,0.8378999999761731,1.0020000000000095,7.10089999997615,1.7663999999761586,1.6173999999761577,4.404200000047638,0.7692999999522954,1.8165999999046107,1.3371000000238382,5.984699999928523]","[1.4678999999761686,2.250100000023849,3.7178999999761118,0.8003000000715588,0.8378999999761731,1.0020000000000095,7.10089999997615,1.7663999999761586,1.6175000000000068,4.404299999952286,0.7692999999522954,1.8166999999284599,1.3373000000715365,5.984699999928523]",,,0.0,19.0,19.0,124.0,1.0,nek,mnek,question_multimodal.png,im_combination.png,,,,,,
,,,584698,1,21,2023-09-20_15h29.38.769,flesh_expressibility_dutch,2022.2.4,Win32,60.17571308,,,,18.0,2.0,Nederlands,,,,,,Engels,3.0,Duits,2.0,Frans,1.0,Noors,1.0,,0.0,,0.0,,0.0,,0.0,NL,6.0,2.0,2.0,5.0,,sensorypref1,sensorypref2,1280.0,720.0,,,,,,,,,,,,,,,,,,,,,,,,,,,,,,,,,,,20.0,402.7805,15.0,"[1.4678999999761686,2.249899999976151,3.71780000007152,0.8003000000715588,0.8378999999761731,1.0020000000000095,7.10089999997615,1.7663999999761586,1.6173999999761577,4.404200000047638,0.7692999999522954,1.8165999999046107,1.3371000000238382,5.984699999928523,3.219500000000039]","[1.4678999999761686,2.250100000023849,3.7178999999761118,0.8003000000715588,0.8378999999761731,1.0020000000000095,7.10089999997615,1.7663999999761586,1.6175000000000068,4.404299999952286,0.7692999999522954,1.8166999999284599,1.3373000000715365,5.984699999928523,3.2195999999046307]",-0.392592536,11.3228,0.0,20.0,20.0,165.0,1.0,hard,mhard,question_multimodal.png,im_combination.png,,,,,,
,,,584698,1,21,2023-09-20_15h29.38.769,flesh_expressibility_dutch,2022.2.4,Win32,60.17571308,,,,18.0,2.0,Nederlands,,,,,,Engels,3.0,Duits,2.0,Frans,1.0,Noors,1.0,,0.0,,0.0,,0.0,,0.0,NL,6.0,2.0,2.0,5.0,,sensorypref1,sensorypref2,1280.0,720.0,,,,,,,,,,,,,,,,,,,,,,,,,,,,,,,,,,,16.0,413.9794,16.0,"[1.4678999999761686,2.249899999976151,3.71780000007152,0.8003000000715588,0.8378999999761731,1.0020000000000095,7.10089999997615,1.7663999999761586,1.6173999999761577,4.404200000047638,0.7692999999522954,1.8165999999046107,1.3371000000238382,5.984699999928523,3.219500000000039,1.0194999999999936]","[1.4678999999761686,2.250100000023849,3.7178999999761118,0.8003000000715588,0.8378999999761731,1.0020000000000095,7.10089999997615,1.7663999999761586,1.6175000000000068,4.404299999952286,0.7692999999522954,1.8166999999284599,1.3373000000715365,5.984699999928523,3.2195999999046307,1.0196000000238428]",-0.009259203,25.3085,0.0,21.0,21.0,125.0,1.0,huid,mhuid,question_multimodal.png,im_combination.png,,,,,,
,,,584698,1,21,2023-09-20_15h29.38.769,flesh_expressibility_dutch,2022.2.4,Win32,60.17571308,,,,18.0,2.0,Nederlands,,,,,,Engels,3.0,Duits,2.0,Frans,1.0,Noors,1.0,,0.0,,0.0,,0.0,,0.0,NL,6.0,2.0,2.0,5.0,,sensorypref1,sensorypref2,1280.0,720.0,,,,,,,,,,,,,,,,,,,,,,,,,,,,,,,,,,,19.0,440.3335,17.0,"[1.4678999999761686,2.249899999976151,3.71780000007152,0.8003000000715588,0.8378999999761731,1.0020000000000095,7.10089999997615,1.7663999999761586,1.6173999999761577,4.404200000047638,0.7692999999522954,1.8165999999046107,1.3371000000238382,5.984699999928523,3.219500000000039,1.0194999999999936,1.4691000000238432]","[1.4678999999761686,2.250100000023849,3.7178999999761118,0.8003000000715588,0.8378999999761731,1.0020000000000095,7.10089999997615,1.7663999999761586,1.6175000000000068,4.404299999952286,0.7692999999522954,1.8166999999284599,1.3373000000715365,5.984699999928523,3.2195999999046307,1.0196000000238428,1.46939999997619]",0.914814928,5.1087,0.0,22.0,22.0,35.0,1.0,boos,mboos,question_multimodal.png,im_combination.png,,,,,,
,,,584698,1,21,2023-09-20_15h29.38.769,flesh_expressibility_dutch,2022.2.4,Win32,60.17571308,,,,18.0,2.0,Nederlands,,,,,,Engels,3.0,Duits,2.0,Frans,1.0,Noors,1.0,,0.0,,0.0,,0.0,,0.0,NL,6.0,2.0,2.0,5.0,,sensorypref1,sensorypref2,1280.0,720.0,,,,,,,,,,,,,,,,,,,,,,,,,,,,,,,,,,,12.0,447.2098,18.0,"[1.4678999999761686,2.249899999976151,3.71780000007152,0.8003000000715588,0.8378999999761731,1.0020000000000095,7.10089999997615,1.7663999999761586,1.6173999999761577,4.404200000047638,0.7692999999522954,1.8165999999046107,1.3371000000238382,5.984699999928523,3.219500000000039,1.0194999999999936,1.4691000000238432,0.8480000000000132]","[1.4678999999761686,2.250100000023849,3.7178999999761118,0.8003000000715588,0.8378999999761731,1.0020000000000095,7.10089999997615,1.7663999999761586,1.6175000000000068,4.404299999952286,0.7692999999522954,1.8166999999284599,1.3373000000715365,5.984699999928523,3.2195999999046307,1.0196000000238428,1.46939999997619,0.8481000000238623]",-0.218518405,4.6993,0.0,23.0,23.0,160.0,1.0,wie,mwie,question_multimodal.png,im_combination.png,,,,,,
,,,584698,1,21,2023-09-20_15h29.38.769,flesh_expressibility_dutch,2022.2.4,Win32,60.17571308,,,,18.0,2.0,Nederlands,,,,,,Engels,3.0,Duits,2.0,Frans,1.0,Noors,1.0,,0.0,,0.0,,0.0,,0.0,NL,6.0,2.0,2.0,5.0,,sensorypref1,sensorypref2,1280.0,720.0,,,,,,,,,,,,,,,,,,,,,,,,,,,,,,,,,,,17.0,452.4007,19.0,"[1.4678999999761686,2.249899999976151,3.71780000007152,0.8003000000715588,0.8378999999761731,1.0020000000000095,7.10089999997615,1.7663999999761586,1.6173999999761577,4.404200000047638,0.7692999999522954,1.8165999999046107,1.3371000000238382,5.984699999928523,3.219500000000039,1.0194999999999936,1.4691000000238432,0.8480000000000132,0.900799999952369]","[1.4678999999761686,2.250100000023849,3.7178999999761118,0.8003000000715588,0.8378999999761731,1.0020000000000095,7.10089999997615,1.7663999999761586,1.6175000000000068,4.404299999952286,0.7692999999522954,1.8166999999284599,1.3373000000715365,5.984699999928523,3.2195999999046307,1.0196000000238428,1.46939999997619,0.8481000000238623,0.900799999952369]",0.251851908,4.5933,0.0,24.0,24.0,144.0,1.0,geven,mgeven,question_multimodal.png,im_combination.png,,,,,,
,,,584698,1,21,2023-09-20_15h29.38.769,flesh_expressibility_dutch,2022.2.4,Win32,60.17571308,,,,18.0,2.0,Nederlands,,,,,,Engels,3.0,Duits,2.0,Frans,1.0,Noors,1.0,,0.0,,0.0,,0.0,,0.0,NL,6.0,2.0,2.0,5.0,,sensorypref1,sensorypref2,1280.0,720.0,,,,,,,,,,,,,,,,,,,,,,,,,,,,,,,,,,,14.0,457.9017,20.0,"[1.4678999999761686,2.249899999976151,3.71780000007152,0.8003000000715588,0.8378999999761731,1.0020000000000095,7.10089999997615,1.7663999999761586,1.6173999999761577,4.404200000047638,0.7692999999522954,1.8165999999046107,1.3371000000238382,5.984699999928523,3.219500000000039,1.0194999999999936,1.4691000000238432,0.8480000000000132,0.900799999952369,0.6335000000000264]","[1.4678999999761686,2.250100000023849,3.7178999999761118,0.8003000000715588,0.8378999999761731,1.0020000000000095,7.10089999997615,1.7663999999761586,1.6175000000000068,4.404299999952286,0.7692999999522954,1.8166999999284599,1.3373000000715365,5.984699999928523,3.2195999999046307,1.0196000000238428,1.46939999997619,0.8481000000238623,0.900799999952369,0.6335999999046749]",-0.229629517,9.4974,0.0,25.0,25.0,13.0,1.0,geurig,mgeurig,question_multimodal.png,im_combination.png,,,,,,
,,,584698,1,21,2023-09-20_15h29.38.769,flesh_expressibility_dutch,2022.2.4,Win32,60.17571308,,,,18.0,2.0,Nederlands,,,,,,Engels,3.0,Duits,2.0,Frans,1.0,Noors,1.0,,0.0,,0.0,,0.0,,0.0,NL,6.0,2.0,2.0,5.0,,sensorypref1,sensorypref2,1280.0,720.0,,,,,,,,,,,,,,,,,,,,,,,,,,,,,2.0,"[267.27389999997615,474.8766000000238]","[267.274,474.87670000004766]",2.0,"[270.31539999997614,477.27049999999997]","[270.3155,477.2706000000238]",15.0,478.6015,21.0,"[1.4678999999761686,2.249899999976151,3.71780000007152,0.8003000000715588,0.8378999999761731,1.0020000000000095,7.10089999997615,1.7663999999761586,1.6173999999761577,4.404200000047638,0.7692999999522954,1.8165999999046107,1.3371000000238382,5.984699999928523,3.219500000000039,1.0194999999999936,1.4691000000238432,0.8480000000000132,0.900799999952369,0.6335000000000264,0.9192000000477378]","[1.4678999999761686,2.250100000023849,3.7178999999761118,0.8003000000715588,0.8378999999761731,1.0020000000000095,7.10089999997615,1.7663999999761586,1.6175000000000068,4.404299999952286,0.7692999999522954,1.8166999999284599,1.3373000000715365,5.984699999928523,3.2195999999046307,1.0196000000238428,1.46939999997619,0.8481000000238623,0.900799999952369,0.6335999999046749,0.9192999999523295]",0.096296353,10.0946,0.0,0.0,0.0,133.0,1.0,ster,gster,question_gesture.png,im_hand.png,,,,,,
,,,584698,1,21,2023-09-20_15h29.38.769,flesh_expressibility_dutch,2022.2.4,Win32,60.17571308,,,,18.0,2.0,Nederlands,,,,,,Engels,3.0,Duits,2.0,Frans,1.0,Noors,1.0,,0.0,,0.0,,0.0,,0.0,NL,6.0,2.0,2.0,5.0,,sensorypref1,sensorypref2,1280.0,720.0,,,,,,,,,,,,,,,,,,,,,,,,,,,,,,,,,,,14.0,489.68,22.0,"[1.4678999999761686,2.249899999976151,3.71780000007152,0.8003000000715588,0.8378999999761731,1.0020000000000095,7.10089999997615,1.7663999999761586,1.6173999999761577,4.404200000047638,0.7692999999522954,1.8165999999046107,1.3371000000238382,5.984699999928523,3.219500000000039,1.0194999999999936,1.4691000000238432,0.8480000000000132,0.900799999952369,0.6335000000000264,0.9192000000477378,1.9842000000476787]","[1.4678999999761686,2.250100000023849,3.7178999999761118,0.8003000000715588,0.8378999999761731,1.0020000000000095,7.10089999997615,1.7663999999761586,1.6175000000000068,4.404299999952286,0.7692999999522954,1.8166999999284599,1.3373000000715365,5.984699999928523,3.2195999999046307,1.0196000000238428,1.46939999997619,0.8481000000238623,0.900799999952369,0.6335999999046749,0.9192999999523295,1.9842000000476787]",0.55,5.0135,0.0,1.0,1.0,140.0,1.0,staan,gstaan,question_gesture.png,im_hand.png,,,,,,
,,,584698,1,21,2023-09-20_15h29.38.769,flesh_expressibility_dutch,2022.2.4,Win32,60.17571308,,,,18.0,2.0,Nederlands,,,,,,Engels,3.0,Duits,2.0,Frans,1.0,Noors,1.0,,0.0,,0.0,,0.0,,0.0,NL,6.0,2.0,2.0,5.0,,sensorypref1,sensorypref2,1280.0,720.0,,,,,,,,,,,,,,,,,,,,,,,,,,,,,,,,,,,14.0,495.4124,23.0,"[1.4678999999761686,2.249899999976151,3.71780000007152,0.8003000000715588,0.8378999999761731,1.0020000000000095,7.10089999997615,1.7663999999761586,1.6173999999761577,4.404200000047638,0.7692999999522954,1.8165999999046107,1.3371000000238382,5.984699999928523,3.219500000000039,1.0194999999999936,1.4691000000238432,0.8480000000000132,0.900799999952369,0.6335000000000264,0.9192000000477378,1.9842000000476787,5.2693999999761445]","[1.4678999999761686,2.250100000023849,3.7178999999761118,0.8003000000715588,0.8378999999761731,1.0020000000000095,7.10089999997615,1.7663999999761586,1.6175000000000068,4.404299999952286,0.7692999999522954,1.8166999999284599,1.3373000000715365,5.984699999928523,3.2195999999046307,1.0196000000238428,1.46939999997619,0.8481000000238623,0.900799999952369,0.6335999999046749,0.9192999999523295,1.9842000000476787,5.269499999999994]",0.23703715,17.6599,0.0,2.0,2.0,135.0,1.0,wind,gwind,question_gesture.png,im_hand.png,,,,,,
,,,584698,1,21,2023-09-20_15h29.38.769,flesh_expressibility_dutch,2022.2.4,Win32,60.17571308,,,,18.0,2.0,Nederlands,,,,,,Engels,3.0,Duits,2.0,Frans,1.0,Noors,1.0,,0.0,,0.0,,0.0,,0.0,NL,6.0,2.0,2.0,5.0,,sensorypref1,sensorypref2,1280.0,720.0,,,,,,,,,,,,,,,,,,,,,,,,,,,,,,,,,,,10.0,513.8008,24.0,"[1.4678999999761686,2.249899999976151,3.71780000007152,0.8003000000715588,0.8378999999761731,1.0020000000000095,7.10089999997615,1.7663999999761586,1.6173999999761577,4.404200000047638,0.7692999999522954,1.8165999999046107,1.3371000000238382,5.984699999928523,3.219500000000039,1.0194999999999936,1.4691000000238432,0.8480000000000132,0.900799999952369,0.6335000000000264,0.9192000000477378,1.9842000000476787,5.2693999999761445,0.7339000000954456]","[1.4678999999761686,2.250100000023849,3.7178999999761118,0.8003000000715588,0.8378999999761731,1.0020000000000095,7.10089999997615,1.7663999999761586,1.6175000000000068,4.404299999952286,0.7692999999522954,1.8166999999284599,1.3373000000715365,5.984699999928523,3.2195999999046307,1.0196000000238428,1.46939999997619,0.8481000000238623,0.900799999952369,0.6335999999046749,0.9192999999523295,1.9842000000476787,5.269499999999994,0.7339000000954456]",0.188888889,5.3783,0.0,3.0,3.0,31.0,1.0,zwak,gzwak,question_gesture.png,im_hand.png,,,,,,
,,,584698,1,21,2023-09-20_15h29.38.769,flesh_expressibility_dutch,2022.2.4,Win32,60.17571308,,,,18.0,2.0,Nederlands,,,,,,Engels,3.0,Duits,2.0,Frans,1.0,Noors,1.0,,0.0,,0.0,,0.0,,0.0,NL,6.0,2.0,2.0,5.0,,sensorypref1,sensorypref2,1280.0,720.0,,,,,,,,,,,,,,,,,,,,,,,,,,,,,,,,,,,11.0,519.7809,25.0,"[1.4678999999761686,2.249899999976151,3.71780000007152,0.8003000000715588,0.8378999999761731,1.0020000000000095,7.10089999997615,1.7663999999761586,1.6173999999761577,4.404200000047638,0.7692999999522954,1.8165999999046107,1.3371000000238382,5.984699999928523,3.219500000000039,1.0194999999999936,1.4691000000238432,0.8480000000000132,0.900799999952369,0.6335000000000264,0.9192000000477378,1.9842000000476787,5.2693999999761445,0.7339000000954456,1.0348000000715274]","[1.4678999999761686,2.250100000023849,3.7178999999761118,0.8003000000715588,0.8378999999761731,1.0020000000000095,7.10089999997615,1.7663999999761586,1.6175000000000068,4.404299999952286,0.7692999999522954,1.8166999999284599,1.3373000000715365,5.984699999928523,3.2195999999046307,1.0196000000238428,1.46939999997619,0.8481000000238623,0.900799999952369,0.6335999999046749,0.9192999999523295,1.9842000000476787,5.269499999999994,0.7339000000954456,1.0348000000715274]",0.698148261,3.5117,0.0,4.0,4.0,173.0,1.0,klein,gklein,question_gesture.png,im_hand.png,,,,,,
,,,584698,1,21,2023-09-20_15h29.38.769,flesh_expressibility_dutch,2022.2.4,Win32,60.17571308,,,,18.0,2.0,Nederlands,,,,,,Engels,3.0,Duits,2.0,Frans,1.0,Noors,1.0,,0.0,,0.0,,0.0,,0.0,NL,6.0,2.0,2.0,5.0,,sensorypref1,sensorypref2,1280.0,720.0,,,,,,,,,,,,,,,,,,,,,,,,,,,,,,,,,,,21.0,524.3387,26.0,"[1.4678999999761686,2.249899999976151,3.71780000007152,0.8003000000715588,0.8378999999761731,1.0020000000000095,7.10089999997615,1.7663999999761586,1.6173999999761577,4.404200000047638,0.7692999999522954,1.8165999999046107,1.3371000000238382,5.984699999928523,3.219500000000039,1.0194999999999936,1.4691000000238432,0.8480000000000132,0.900799999952369,0.6335000000000264,0.9192000000477378,1.9842000000476787,5.2693999999761445,0.7339000000954456,1.0348000000715274,0.8672999999523654]","[1.4678999999761686,2.250100000023849,3.7178999999761118,0.8003000000715588,0.8378999999761731,1.0020000000000095,7.10089999997615,1.7663999999761586,1.6175000000000068,4.404299999952286,0.7692999999522954,1.8166999999284599,1.3373000000715365,5.984699999928523,3.2195999999046307,1.0196000000238428,1.46939999997619,0.8481000000238623,0.900799999952369,0.6335999999046749,0.9192999999523295,1.9842000000476787,5.269499999999994,0.7339000000954456,1.0348000000715274,0.8673999999761008]",-0.088888889,7.8603,0.0,5.0,5.0,74.0,1.0,hoekig,ghoekig,question_gesture.png,im_hand.png,,,,,,
,,,584698,1,21,2023-09-20_15h29.38.769,flesh_expressibility_dutch,2022.2.4,Win32,60.17571308,,,,18.0,2.0,Nederlands,,,,,,Engels,3.0,Duits,2.0,Frans,1.0,Noors,1.0,,0.0,,0.0,,0.0,,0.0,NL,6.0,2.0,2.0,5.0,,sensorypref1,sensorypref2,1280.0,720.0,,,,,,,,,,,,,,,,,,,,,,,,,,,,,,,,,,,22.0,533.0917,26.0,"[1.4678999999761686,2.249899999976151,3.71780000007152,0.8003000000715588,0.8378999999761731,1.0020000000000095,7.10089999997615,1.7663999999761586,1.6173999999761577,4.404200000047638,0.7692999999522954,1.8165999999046107,1.3371000000238382,5.984699999928523,3.219500000000039,1.0194999999999936,1.4691000000238432,0.8480000000000132,0.900799999952369,0.6335000000000264,0.9192000000477378,1.9842000000476787,5.2693999999761445,0.7339000000954456,1.0348000000715274,0.8672999999523654]","[1.4678999999761686,2.250100000023849,3.7178999999761118,0.8003000000715588,0.8378999999761731,1.0020000000000095,7.10089999997615,1.7663999999761586,1.6175000000000068,4.404299999952286,0.7692999999522954,1.8166999999284599,1.3373000000715365,5.984699999928523,3.2195999999046307,1.0196000000238428,1.46939999997619,0.8481000000238623,0.900799999952369,0.6335999999046749,0.9192999999523295,1.9842000000476787,5.269499999999994,0.7339000000954456,1.0348000000715274,0.8673999999761008]",,,0.0,6.0,6.0,46.0,1.0,nat,gnat,question_gesture.png,im_hand.png,,,,,,
,,,584698,1,21,2023-09-20_15h29.38.769,flesh_expressibility_dutch,2022.2.4,Win32,60.17571308,,,,18.0,2.0,Nederlands,,,,,,Engels,3.0,Duits,2.0,Frans,1.0,Noors,1.0,,0.0,,0.0,,0.0,,0.0,NL,6.0,2.0,2.0,5.0,,sensorypref1,sensorypref2,1280.0,720.0,,,,,,,,,,,,,,,,,,,,,,,,,,,,,,,,,,,12.0,534.1408,27.0,"[1.4678999999761686,2.249899999976151,3.71780000007152,0.8003000000715588,0.8378999999761731,1.0020000000000095,7.10089999997615,1.7663999999761586,1.6173999999761577,4.404200000047638,0.7692999999522954,1.8165999999046107,1.3371000000238382,5.984699999928523,3.219500000000039,1.0194999999999936,1.4691000000238432,0.8480000000000132,0.900799999952369,0.6335000000000264,0.9192000000477378,1.9842000000476787,5.2693999999761445,0.7339000000954456,1.0348000000715274,0.8672999999523654,0.7837999999522935]","[1.4678999999761686,2.250100000023849,3.7178999999761118,0.8003000000715588,0.8378999999761731,1.0020000000000095,7.10089999997615,1.7663999999761586,1.6175000000000068,4.404299999952286,0.7692999999522954,1.8166999999284599,1.3373000000715365,5.984699999928523,3.2195999999046307,1.0196000000238428,1.46939999997619,0.8481000000238623,0.900799999952369,0.6335999999046749,0.9192999999523295,1.9842000000476787,5.269499999999994,0.7339000000954456,1.0348000000715274,0.8673999999761008,0.7837999999522935]",-0.26296285,12.9212,0.0,7.0,7.0,195.0,1.0,rook,grook,question_gesture.png,im_hand.png,,,,,,
,,,584698,1,21,2023-09-20_15h29.38.769,flesh_expressibility_dutch,2022.2.4,Win32,60.17571308,,,,18.0,2.0,Nederlands,,,,,,Engels,3.0,Duits,2.0,Frans,1.0,Noors,1.0,,0.0,,0.0,,0.0,,0.0,NL,6.0,2.0,2.0,5.0,,sensorypref1,sensorypref2,1280.0,720.0,,,,,,,,,,,,,,,,,,,,,,,,,,,,,,,,,,,19.0,547.6403,28.0,"[1.4678999999761686,2.249899999976151,3.71780000007152,0.8003000000715588,0.8378999999761731,1.0020000000000095,7.10089999997615,1.7663999999761586,1.6173999999761577,4.404200000047638,0.7692999999522954,1.8165999999046107,1.3371000000238382,5.984699999928523,3.219500000000039,1.0194999999999936,1.4691000000238432,0.8480000000000132,0.900799999952369,0.6335000000000264,0.9192000000477378,1.9842000000476787,5.2693999999761445,0.7339000000954456,1.0348000000715274,0.8672999999523654,0.7837999999522935,1.298899999976129]","[1.4678999999761686,2.250100000023849,3.7178999999761118,0.8003000000715588,0.8378999999761731,1.0020000000000095,7.10089999997615,1.7663999999761586,1.6175000000000068,4.404299999952286,0.7692999999522954,1.8166999999284599,1.3373000000715365,5.984699999928523,3.2195999999046307,1.0196000000238428,1.46939999997619,0.8481000000238623,0.900799999952369,0.6335999999046749,0.9192999999523295,1.9842000000476787,5.269499999999994,0.7339000000954456,1.0348000000715274,0.8673999999761008,0.7837999999522935,1.298899999976129]",-0.372222222,6.7634,0.0,8.0,8.0,156.0,1.0,blad,gblad,question_gesture.png,im_hand.png,,,,,,
,,,584698,1,21,2023-09-20_15h29.38.769,flesh_expressibility_dutch,2022.2.4,Win32,60.17571308,,,,18.0,2.0,Nederlands,,,,,,Engels,3.0,Duits,2.0,Frans,1.0,Noors,1.0,,0.0,,0.0,,0.0,,0.0,NL,6.0,2.0,2.0,5.0,,sensorypref1,sensorypref2,1280.0,720.0,,,,,,,,,,,,,,,,,,,,,,,,,,,,,,,,,,,16.0,555.7716,29.0,"[1.4678999999761686,2.249899999976151,3.71780000007152,0.8003000000715588,0.8378999999761731,1.0020000000000095,7.10089999997615,1.7663999999761586,1.6173999999761577,4.404200000047638,0.7692999999522954,1.8165999999046107,1.3371000000238382,5.984699999928523,3.219500000000039,1.0194999999999936,1.4691000000238432,0.8480000000000132,0.900799999952369,0.6335000000000264,0.9192000000477378,1.9842000000476787,5.2693999999761445,0.7339000000954456,1.0348000000715274,0.8672999999523654,0.7837999999522935,1.298899999976129,0.8842999999523045]","[1.4678999999761686,2.250100000023849,3.7178999999761118,0.8003000000715588,0.8378999999761731,1.0020000000000095,7.10089999997615,1.7663999999761586,1.6175000000000068,4.404299999952286,0.7692999999522954,1.8166999999284599,1.3373000000715365,5.984699999928523,3.2195999999046307,1.0196000000238428,1.46939999997619,0.8481000000238623,0.900799999952369,0.6335999999046749,0.9192999999523295,1.9842000000476787,5.269499999999994,0.7339000000954456,1.0348000000715274,0.8673999999761008,0.7837999999522935,1.298899999976129,0.8846000000238519]",0.494444444,3.6982,0.0,9.0,9.0,82.0,1.0,beneden,gbeneden,question_gesture.png,im_hand.png,,,,,,
,,,584698,1,21,2023-09-20_15h29.38.769,flesh_expressibility_dutch,2022.2.4,Win32,60.17571308,,,,18.0,2.0,Nederlands,,,,,,Engels,3.0,Duits,2.0,Frans,1.0,Noors,1.0,,0.0,,0.0,,0.0,,0.0,NL,6.0,2.0,2.0,5.0,,sensorypref1,sensorypref2,1280.0,720.0,,,,,,,,,,,,,,,,,,,,,,,,,,,,,,,,,,,16.0,560.2343,30.0,"[1.4678999999761686,2.249899999976151,3.71780000007152,0.8003000000715588,0.8378999999761731,1.0020000000000095,7.10089999997615,1.7663999999761586,1.6173999999761577,4.404200000047638,0.7692999999522954,1.8165999999046107,1.3371000000238382,5.984699999928523,3.219500000000039,1.0194999999999936,1.4691000000238432,0.8480000000000132,0.900799999952369,0.6335000000000264,0.9192000000477378,1.9842000000476787,5.2693999999761445,0.7339000000954456,1.0348000000715274,0.8672999999523654,0.7837999999522935,1.298899999976129,0.8842999999523045,1.0006000000238373]","[1.4678999999761686,2.250100000023849,3.7178999999761118,0.8003000000715588,0.8378999999761731,1.0020000000000095,7.10089999997615,1.7663999999761586,1.6175000000000068,4.404299999952286,0.7692999999522954,1.8166999999284599,1.3373000000715365,5.984699999928523,3.2195999999046307,1.0196000000238428,1.46939999997619,0.8481000000238623,0.900799999952369,0.6335999999046749,0.9192999999523295,1.9842000000476787,5.269499999999994,0.7339000000954456,1.0348000000715274,0.8673999999761008,0.7837999999522935,1.298899999976129,0.8846000000238519,1.0006000000238373]",0.929629686,4.0121,0.0,10.0,10.0,48.0,1.0,vliegen,gvliegen,question_gesture.png,im_hand.png,,,,,,
,,,584698,1,21,2023-09-20_15h29.38.769,flesh_expressibility_dutch,2022.2.4,Win32,60.17571308,,,,18.0,2.0,Nederlands,,,,,,Engels,3.0,Duits,2.0,Frans,1.0,Noors,1.0,,0.0,,0.0,,0.0,,0.0,NL,6.0,2.0,2.0,5.0,,sensorypref1,sensorypref2,1280.0,720.0,,,,,,,,,,,,,,,,,,,,,,,,,,,,,,,,,,,22.0,565.2989,30.0,"[1.4678999999761686,2.249899999976151,3.71780000007152,0.8003000000715588,0.8378999999761731,1.0020000000000095,7.10089999997615,1.7663999999761586,1.6173999999761577,4.404200000047638,0.7692999999522954,1.8165999999046107,1.3371000000238382,5.984699999928523,3.219500000000039,1.0194999999999936,1.4691000000238432,0.8480000000000132,0.900799999952369,0.6335000000000264,0.9192000000477378,1.9842000000476787,5.2693999999761445,0.7339000000954456,1.0348000000715274,0.8672999999523654,0.7837999999522935,1.298899999976129,0.8842999999523045,1.0006000000238373]","[1.4678999999761686,2.250100000023849,3.7178999999761118,0.8003000000715588,0.8378999999761731,1.0020000000000095,7.10089999997615,1.7663999999761586,1.6175000000000068,4.404299999952286,0.7692999999522954,1.8166999999284599,1.3373000000715365,5.984699999928523,3.2195999999046307,1.0196000000238428,1.46939999997619,0.8481000000238623,0.900799999952369,0.6335999999046749,0.9192999999523295,1.9842000000476787,5.269499999999994,0.7339000000954456,1.0348000000715274,0.8673999999761008,0.7837999999522935,1.298899999976129,0.8846000000238519,1.0006000000238373]",,,0.0,11.0,11.0,107.0,1.0,mond,gmond,question_gesture.png,im_hand.png,,,,,,
,,,584698,1,21,2023-09-20_15h29.38.769,flesh_expressibility_dutch,2022.2.4,Win32,60.17571308,,,,18.0,2.0,Nederlands,,,,,,Engels,3.0,Duits,2.0,Frans,1.0,Noors,1.0,,0.0,,0.0,,0.0,,0.0,NL,6.0,2.0,2.0,5.0,,sensorypref1,sensorypref2,1280.0,720.0,,,,,,,,,,,,,,,,,,,,,,,,,,,,,,,,,,,13.0,566.2509,31.0,"[1.4678999999761686,2.249899999976151,3.71780000007152,0.8003000000715588,0.8378999999761731,1.0020000000000095,7.10089999997615,1.7663999999761586,1.6173999999761577,4.404200000047638,0.7692999999522954,1.8165999999046107,1.3371000000238382,5.984699999928523,3.219500000000039,1.0194999999999936,1.4691000000238432,0.8480000000000132,0.900799999952369,0.6335000000000264,0.9192000000477378,1.9842000000476787,5.2693999999761445,0.7339000000954456,1.0348000000715274,0.8672999999523654,0.7837999999522935,1.298899999976129,0.8842999999523045,1.0006000000238373,1.6687999999522845]","[1.4678999999761686,2.250100000023849,3.7178999999761118,0.8003000000715588,0.8378999999761731,1.0020000000000095,7.10089999997615,1.7663999999761586,1.6175000000000068,4.404299999952286,0.7692999999522954,1.8166999999284599,1.3373000000715365,5.984699999928523,3.2195999999046307,1.0196000000238428,1.46939999997619,0.8481000000238623,0.900799999952369,0.6335999999046749,0.9192999999523295,1.9842000000476787,5.269499999999994,0.7339000000954456,1.0348000000715274,0.8673999999761008,0.7837999999522935,1.298899999976129,0.8846000000238519,1.0006000000238373,1.6687999999522845]",-0.670370314,6.5999,0.0,12.0,12.0,178.0,1.0,hij,ghij,question_gesture.png,im_hand.png,,,,,,
,,,584698,1,21,2023-09-20_15h29.38.769,flesh_expressibility_dutch,2022.2.4,Win32,60.17571308,,,,18.0,2.0,Nederlands,,,,,,Engels,3.0,Duits,2.0,Frans,1.0,Noors,1.0,,0.0,,0.0,,0.0,,0.0,NL,6.0,2.0,2.0,5.0,,sensorypref1,sensorypref2,1280.0,720.0,,,,,,,,,,,,,,,,,,,,,,,,,,,,,,,,,,,22.0,574.445,31.0,"[1.4678999999761686,2.249899999976151,3.71780000007152,0.8003000000715588,0.8378999999761731,1.0020000000000095,7.10089999997615,1.7663999999761586,1.6173999999761577,4.404200000047638,0.7692999999522954,1.8165999999046107,1.3371000000238382,5.984699999928523,3.219500000000039,1.0194999999999936,1.4691000000238432,0.8480000000000132,0.900799999952369,0.6335000000000264,0.9192000000477378,1.9842000000476787,5.2693999999761445,0.7339000000954456,1.0348000000715274,0.8672999999523654,0.7837999999522935,1.298899999976129,0.8842999999523045,1.0006000000238373,1.6687999999522845]","[1.4678999999761686,2.250100000023849,3.7178999999761118,0.8003000000715588,0.8378999999761731,1.0020000000000095,7.10089999997615,1.7663999999761586,1.6175000000000068,4.404299999952286,0.7692999999522954,1.8166999999284599,1.3373000000715365,5.984699999928523,3.2195999999046307,1.0196000000238428,1.46939999997619,0.8481000000238623,0.900799999952369,0.6335999999046749,0.9192999999523295,1.9842000000476787,5.269499999999994,0.7339000000954456,1.0348000000715274,0.8673999999761008,0.7837999999522935,1.298899999976129,0.8846000000238519,1.0006000000238373,1.6687999999522845]",,,0.0,13.0,13.0,76.0,1.0,blauw,gblauw,question_gesture.png,im_hand.png,,,,,,
,,,584698,1,21,2023-09-20_15h29.38.769,flesh_expressibility_dutch,2022.2.4,Win32,60.17571308,,,,18.0,2.0,Nederlands,,,,,,Engels,3.0,Duits,2.0,Frans,1.0,Noors,1.0,,0.0,,0.0,,0.0,,0.0,NL,6.0,2.0,2.0,5.0,,sensorypref1,sensorypref2,1280.0,720.0,,,,,,,,,,,,,,,,,,,,,,,,,,,,,,,,,,,22.0,575.4823,31.0,"[1.4678999999761686,2.249899999976151,3.71780000007152,0.8003000000715588,0.8378999999761731,1.0020000000000095,7.10089999997615,1.7663999999761586,1.6173999999761577,4.404200000047638,0.7692999999522954,1.8165999999046107,1.3371000000238382,5.984699999928523,3.219500000000039,1.0194999999999936,1.4691000000238432,0.8480000000000132,0.900799999952369,0.6335000000000264,0.9192000000477378,1.9842000000476787,5.2693999999761445,0.7339000000954456,1.0348000000715274,0.8672999999523654,0.7837999999522935,1.298899999976129,0.8842999999523045,1.0006000000238373,1.6687999999522845]","[1.4678999999761686,2.250100000023849,3.7178999999761118,0.8003000000715588,0.8378999999761731,1.0020000000000095,7.10089999997615,1.7663999999761586,1.6175000000000068,4.404299999952286,0.7692999999522954,1.8166999999284599,1.3373000000715365,5.984699999928523,3.2195999999046307,1.0196000000238428,1.46939999997619,0.8481000000238623,0.900799999952369,0.6335999999046749,0.9192999999523295,1.9842000000476787,5.269499999999994,0.7339000000954456,1.0348000000715274,0.8673999999761008,0.7837999999522935,1.298899999976129,0.8846000000238519,1.0006000000238373,1.6687999999522845]",,,0.0,14.0,14.0,27.0,1.0,gezond,ggezond,question_gesture.png,im_hand.png,,,,,,
,,,584698,1,21,2023-09-20_15h29.38.769,flesh_expressibility_dutch,2022.2.4,Win32,60.17571308,,,,18.0,2.0,Nederlands,,,,,,Engels,3.0,Duits,2.0,Frans,1.0,Noors,1.0,,0.0,,0.0,,0.0,,0.0,NL,6.0,2.0,2.0,5.0,,sensorypref1,sensorypref2,1280.0,720.0,,,,,,,,,,,,,,,,,,,,,,,,,,,,,,,,,,,22.0,576.4401,31.0,"[1.4678999999761686,2.249899999976151,3.71780000007152,0.8003000000715588,0.8378999999761731,1.0020000000000095,7.10089999997615,1.7663999999761586,1.6173999999761577,4.404200000047638,0.7692999999522954,1.8165999999046107,1.3371000000238382,5.984699999928523,3.219500000000039,1.0194999999999936,1.4691000000238432,0.8480000000000132,0.900799999952369,0.6335000000000264,0.9192000000477378,1.9842000000476787,5.2693999999761445,0.7339000000954456,1.0348000000715274,0.8672999999523654,0.7837999999522935,1.298899999976129,0.8842999999523045,1.0006000000238373,1.6687999999522845]","[1.4678999999761686,2.250100000023849,3.7178999999761118,0.8003000000715588,0.8378999999761731,1.0020000000000095,7.10089999997615,1.7663999999761586,1.6175000000000068,4.404299999952286,0.7692999999522954,1.8166999999284599,1.3373000000715365,5.984699999928523,3.2195999999046307,1.0196000000238428,1.46939999997619,0.8481000000238623,0.900799999952369,0.6335999999046749,0.9192999999523295,1.9842000000476787,5.269499999999994,0.7339000000954456,1.0348000000715274,0.8673999999761008,0.7837999999522935,1.298899999976129,0.8846000000238519,1.0006000000238373,1.6687999999522845]",,,0.0,15.0,15.0,199.0,1.0,nacht,gnacht,question_gesture.png,im_hand.png,,,,,,
,,,584698,1,21,2023-09-20_15h29.38.769,flesh_expressibility_dutch,2022.2.4,Win32,60.17571308,,,,18.0,2.0,Nederlands,,,,,,Engels,3.0,Duits,2.0,Frans,1.0,Noors,1.0,,0.0,,0.0,,0.0,,0.0,NL,6.0,2.0,2.0,5.0,,sensorypref1,sensorypref2,1280.0,720.0,,,,,,,,,,,,,,,,,,,,,,,,,,,,,,,,,,,19.0,577.493,32.0,"[1.4678999999761686,2.249899999976151,3.71780000007152,0.8003000000715588,0.8378999999761731,1.0020000000000095,7.10089999997615,1.7663999999761586,1.6173999999761577,4.404200000047638,0.7692999999522954,1.8165999999046107,1.3371000000238382,5.984699999928523,3.219500000000039,1.0194999999999936,1.4691000000238432,0.8480000000000132,0.900799999952369,0.6335000000000264,0.9192000000477378,1.9842000000476787,5.2693999999761445,0.7339000000954456,1.0348000000715274,0.8672999999523654,0.7837999999522935,1.298899999976129,0.8842999999523045,1.0006000000238373,1.6687999999522845,6.35030000007157]","[1.4678999999761686,2.250100000023849,3.7178999999761118,0.8003000000715588,0.8378999999761731,1.0020000000000095,7.10089999997615,1.7663999999761586,1.6175000000000068,4.404299999952286,0.7692999999522954,1.8166999999284599,1.3373000000715365,5.984699999928523,3.2195999999046307,1.0196000000238428,1.46939999997619,0.8481000000238623,0.900799999952369,0.6335999999046749,0.9192999999523295,1.9842000000476787,5.269499999999994,0.7339000000954456,1.0348000000715274,0.8673999999761008,0.7837999999522935,1.298899999976129,0.8846000000238519,1.0006000000238373,1.6687999999522845,6.350399999976162]",-0.907407379,6.8141,0.0,16.0,16.0,97.0,1.0,doen,gdoen,question_gesture.png,im_hand.png,,,,,,
,,,584698,1,21,2023-09-20_15h29.38.769,flesh_expressibility_dutch,2022.2.4,Win32,60.17571308,,,,18.0,2.0,Nederlands,,,,,,Engels,3.0,Duits,2.0,Frans,1.0,Noors,1.0,,0.0,,0.0,,0.0,,0.0,NL,6.0,2.0,2.0,5.0,,sensorypref1,sensorypref2,1280.0,720.0,,,,,,,,,,,,,,,,,,,,,,,,,,,,,,,,,,,16.0,588.4822,33.0,"[1.4678999999761686,2.249899999976151,3.71780000007152,0.8003000000715588,0.8378999999761731,1.0020000000000095,7.10089999997615,1.7663999999761586,1.6173999999761577,4.404200000047638,0.7692999999522954,1.8165999999046107,1.3371000000238382,5.984699999928523,3.219500000000039,1.0194999999999936,1.4691000000238432,0.8480000000000132,0.900799999952369,0.6335000000000264,0.9192000000477378,1.9842000000476787,5.2693999999761445,0.7339000000954456,1.0348000000715274,0.8672999999523654,0.7837999999522935,1.298899999976129,0.8842999999523045,1.0006000000238373,1.6687999999522845,6.35030000007157,0.8840999999047199]","[1.4678999999761686,2.250100000023849,3.7178999999761118,0.8003000000715588,0.8378999999761731,1.0020000000000095,7.10089999997615,1.7663999999761586,1.6175000000000068,4.404299999952286,0.7692999999522954,1.8166999999284599,1.3373000000715365,5.984699999928523,3.2195999999046307,1.0196000000238428,1.46939999997619,0.8481000000238623,0.900799999952369,0.6335999999046749,0.9192999999523295,1.9842000000476787,5.269499999999994,0.7339000000954456,1.0348000000715274,0.8673999999761008,0.7837999999522935,1.298899999976129,0.8846000000238519,1.0006000000238373,1.6687999999522845,6.350399999976162,0.8840999999047199]",-0.525925869,5.7279,0.0,17.0,17.0,63.0,1.0,hartig,ghartig,question_gesture.png,im_hand.png,,,,,,
,,,584698,1,21,2023-09-20_15h29.38.769,flesh_expressibility_dutch,2022.2.4,Win32,60.17571308,,,,18.0,2.0,Nederlands,,,,,,Engels,3.0,Duits,2.0,Frans,1.0,Noors,1.0,,0.0,,0.0,,0.0,,0.0,NL,6.0,2.0,2.0,5.0,,sensorypref1,sensorypref2,1280.0,720.0,,,,,,,,,,,,,,,,,,,,,,,,,,,,,,,,,,,15.0,595.0925,34.0,"[1.4678999999761686,2.249899999976151,3.71780000007152,0.8003000000715588,0.8378999999761731,1.0020000000000095,7.10089999997615,1.7663999999761586,1.6173999999761577,4.404200000047638,0.7692999999522954,1.8165999999046107,1.3371000000238382,5.984699999928523,3.219500000000039,1.0194999999999936,1.4691000000238432,0.8480000000000132,0.900799999952369,0.6335000000000264,0.9192000000477378,1.9842000000476787,5.2693999999761445,0.7339000000954456,1.0348000000715274,0.8672999999523654,0.7837999999522935,1.298899999976129,0.8842999999523045,1.0006000000238373,1.6687999999522845,6.35030000007157,0.8840999999047199,1.1338000000715738]","[1.4678999999761686,2.250100000023849,3.7178999999761118,0.8003000000715588,0.8378999999761731,1.0020000000000095,7.10089999997615,1.7663999999761586,1.6175000000000068,4.404299999952286,0.7692999999522954,1.8166999999284599,1.3373000000715365,5.984699999928523,3.2195999999046307,1.0196000000238428,1.46939999997619,0.8481000000238623,0.900799999952369,0.6335999999046749,0.9192999999523295,1.9842000000476787,5.269499999999994,0.7339000000954456,1.0348000000715274,0.8673999999761008,0.7837999999522935,1.298899999976129,0.8846000000238519,1.0006000000238373,1.6687999999522845,6.350399999976162,0.8840999999047199,1.1338999999761654]",-0.370370314,3.8312,0.0,18.0,18.0,189.0,1.0,as,gas,question_gesture.png,im_hand.png,,,,,,
,,,584698,1,21,2023-09-20_15h29.38.769,flesh_expressibility_dutch,2022.2.4,Win32,60.17571308,,,,18.0,2.0,Nederlands,,,,,,Engels,3.0,Duits,2.0,Frans,1.0,Noors,1.0,,0.0,,0.0,,0.0,,0.0,NL,6.0,2.0,2.0,5.0,,sensorypref1,sensorypref2,1280.0,720.0,,,,,,,,,,,,,,,,,,,,,,,,,,,,,,,,,,,13.0,600.0793,35.0,"[1.4678999999761686,2.249899999976151,3.71780000007152,0.8003000000715588,0.8378999999761731,1.0020000000000095,7.10089999997615,1.7663999999761586,1.6173999999761577,4.404200000047638,0.7692999999522954,1.8165999999046107,1.3371000000238382,5.984699999928523,3.219500000000039,1.0194999999999936,1.4691000000238432,0.8480000000000132,0.900799999952369,0.6335000000000264,0.9192000000477378,1.9842000000476787,5.2693999999761445,0.7339000000954456,1.0348000000715274,0.8672999999523654,0.7837999999522935,1.298899999976129,0.8842999999523045,1.0006000000238373,1.6687999999522845,6.35030000007157,0.8840999999047199,1.1338000000715738,2.1847000000476555]","[1.4678999999761686,2.250100000023849,3.7178999999761118,0.8003000000715588,0.8378999999761731,1.0020000000000095,7.10089999997615,1.7663999999761586,1.6175000000000068,4.404299999952286,0.7692999999522954,1.8166999999284599,1.3373000000715365,5.984699999928523,3.2195999999046307,1.0196000000238428,1.46939999997619,0.8481000000238623,0.900799999952369,0.6335999999046749,0.9192999999523295,1.9842000000476787,5.269499999999994,0.7339000000954456,1.0348000000715274,0.8673999999761008,0.7837999999522935,1.298899999976129,0.8846000000238519,1.0006000000238373,1.6687999999522845,6.350399999976162,0.8840999999047199,1.1338999999761654,2.1847000000476555]",0.53703715,2.8953,0.0,19.0,19.0,188.0,1.0,verstoppen,gverstoppen,question_gesture.png,im_hand.png,,,,,,
,,,584698,1,21,2023-09-20_15h29.38.769,flesh_expressibility_dutch,2022.2.4,Win32,60.17571308,,,,18.0,2.0,Nederlands,,,,,,Engels,3.0,Duits,2.0,Frans,1.0,Noors,1.0,,0.0,,0.0,,0.0,,0.0,NL,6.0,2.0,2.0,5.0,,sensorypref1,sensorypref2,1280.0,720.0,,,,,,,,,,,,,,,,,,,,,,,,,,,,,,,,,,,21.0,605.1705,36.0,"[1.4678999999761686,2.249899999976151,3.71780000007152,0.8003000000715588,0.8378999999761731,1.0020000000000095,7.10089999997615,1.7663999999761586,1.6173999999761577,4.404200000047638,0.7692999999522954,1.8165999999046107,1.3371000000238382,5.984699999928523,3.219500000000039,1.0194999999999936,1.4691000000238432,0.8480000000000132,0.900799999952369,0.6335000000000264,0.9192000000477378,1.9842000000476787,5.2693999999761445,0.7339000000954456,1.0348000000715274,0.8672999999523654,0.7837999999522935,1.298899999976129,0.8842999999523045,1.0006000000238373,1.6687999999522845,6.35030000007157,0.8840999999047199,1.1338000000715738,2.1847000000476555,0.6906000000237782]","[1.4678999999761686,2.250100000023849,3.7178999999761118,0.8003000000715588,0.8378999999761731,1.0020000000000095,7.10089999997615,1.7663999999761586,1.6175000000000068,4.404299999952286,0.7692999999522954,1.8166999999284599,1.3373000000715365,5.984699999928523,3.2195999999046307,1.0196000000238428,1.46939999997619,0.8481000000238623,0.900799999952369,0.6335999999046749,0.9192999999523295,1.9842000000476787,5.269499999999994,0.7339000000954456,1.0348000000715274,0.8673999999761008,0.7837999999522935,1.298899999976129,0.8846000000238519,1.0006000000238373,1.6687999999522845,6.350399999976162,0.8840999999047199,1.1338999999761654,2.1847000000476555,0.6906000000237782]",-0.325925869,4.1949,0.0,20.0,20.0,164.0,1.0,zoet,gzoet,question_gesture.png,im_hand.png,,,,,,
,,,584698,1,21,2023-09-20_15h29.38.769,flesh_expressibility_dutch,2022.2.4,Win32,60.17571308,,,,18.0,2.0,Nederlands,,,,,,Engels,3.0,Duits,2.0,Frans,1.0,Noors,1.0,,0.0,,0.0,,0.0,,0.0,NL,6.0,2.0,2.0,5.0,,sensorypref1,sensorypref2,1280.0,720.0,,,,,,,,,,,,,,,,,,,,,,,,,,,,,,,,,,,15.0,610.0408,37.0,"[1.4678999999761686,2.249899999976151,3.71780000007152,0.8003000000715588,0.8378999999761731,1.0020000000000095,7.10089999997615,1.7663999999761586,1.6173999999761577,4.404200000047638,0.7692999999522954,1.8165999999046107,1.3371000000238382,5.984699999928523,3.219500000000039,1.0194999999999936,1.4691000000238432,0.8480000000000132,0.900799999952369,0.6335000000000264,0.9192000000477378,1.9842000000476787,5.2693999999761445,0.7339000000954456,1.0348000000715274,0.8672999999523654,0.7837999999522935,1.298899999976129,0.8842999999523045,1.0006000000238373,1.6687999999522845,6.35030000007157,0.8840999999047199,1.1338000000715738,2.1847000000476555,0.6906000000237782,4.187999999999988]","[1.4678999999761686,2.250100000023849,3.7178999999761118,0.8003000000715588,0.8378999999761731,1.0020000000000095,7.10089999997615,1.7663999999761586,1.6175000000000068,4.404299999952286,0.7692999999522954,1.8166999999284599,1.3373000000715365,5.984699999928523,3.2195999999046307,1.0196000000238428,1.46939999997619,0.8481000000238623,0.900799999952369,0.6335999999046749,0.9192999999523295,1.9842000000476787,5.269499999999994,0.7339000000954456,1.0348000000715274,0.8673999999761008,0.7837999999522935,1.298899999976129,0.8846000000238519,1.0006000000238373,1.6687999999522845,6.350399999976162,0.8840999999047199,1.1338999999761654,2.1847000000476555,0.6906000000237782,4.188100000023837]",0.261111111,7.9208,0.0,21.0,21.0,103.0,1.0,vlieg,gvlieg,question_gesture.png,im_hand.png,,,,,,
,,,584698,1,21,2023-09-20_15h29.38.769,flesh_expressibility_dutch,2022.2.4,Win32,60.17571308,,,,18.0,2.0,Nederlands,,,,,,Engels,3.0,Duits,2.0,Frans,1.0,Noors,1.0,,0.0,,0.0,,0.0,,0.0,NL,6.0,2.0,2.0,5.0,,sensorypref1,sensorypref2,1280.0,720.0,,,,,,,,,,,,,,,,,,,,,,,,,,,,,,,,,,,20.0,618.9451,38.0,"[1.4678999999761686,2.249899999976151,3.71780000007152,0.8003000000715588,0.8378999999761731,1.0020000000000095,7.10089999997615,1.7663999999761586,1.6173999999761577,4.404200000047638,0.7692999999522954,1.8165999999046107,1.3371000000238382,5.984699999928523,3.219500000000039,1.0194999999999936,1.4691000000238432,0.8480000000000132,0.900799999952369,0.6335000000000264,0.9192000000477378,1.9842000000476787,5.2693999999761445,0.7339000000954456,1.0348000000715274,0.8672999999523654,0.7837999999522935,1.298899999976129,0.8842999999523045,1.0006000000238373,1.6687999999522845,6.35030000007157,0.8840999999047199,1.1338000000715738,2.1847000000476555,0.6906000000237782,4.187999999999988,2.5349000000953765]","[1.4678999999761686,2.250100000023849,3.7178999999761118,0.8003000000715588,0.8378999999761731,1.0020000000000095,7.10089999997615,1.7663999999761586,1.6175000000000068,4.404299999952286,0.7692999999522954,1.8166999999284599,1.3373000000715365,5.984699999928523,3.2195999999046307,1.0196000000238428,1.46939999997619,0.8481000000238623,0.900799999952369,0.6335999999046749,0.9192999999523295,1.9842000000476787,5.269499999999994,0.7339000000954456,1.0348000000715274,0.8673999999761008,0.7837999999522935,1.298899999976129,0.8846000000238519,1.0006000000238373,1.6687999999522845,6.350399999976162,0.8840999999047199,1.1338999999761654,2.1847000000476555,0.6906000000237782,4.188100000023837,2.5349000000953765]",-0.505555556,7.9074,0.0,22.0,22.0,146.0,1.0,nemen,gnemen,question_gesture.png,im_hand.png,,,,,,
,,,584698,1,21,2023-09-20_15h29.38.769,flesh_expressibility_dutch,2022.2.4,Win32,60.17571308,,,,18.0,2.0,Nederlands,,,,,,Engels,3.0,Duits,2.0,Frans,1.0,Noors,1.0,,0.0,,0.0,,0.0,,0.0,NL,6.0,2.0,2.0,5.0,,sensorypref1,sensorypref2,1280.0,720.0,,,,,,,,,,,,,,,,,,,,,,,,,,,,,,,,,,,22.0,627.6472,38.0,"[1.4678999999761686,2.249899999976151,3.71780000007152,0.8003000000715588,0.8378999999761731,1.0020000000000095,7.10089999997615,1.7663999999761586,1.6173999999761577,4.404200000047638,0.7692999999522954,1.8165999999046107,1.3371000000238382,5.984699999928523,3.219500000000039,1.0194999999999936,1.4691000000238432,0.8480000000000132,0.900799999952369,0.6335000000000264,0.9192000000477378,1.9842000000476787,5.2693999999761445,0.7339000000954456,1.0348000000715274,0.8672999999523654,0.7837999999522935,1.298899999976129,0.8842999999523045,1.0006000000238373,1.6687999999522845,6.35030000007157,0.8840999999047199,1.1338000000715738,2.1847000000476555,0.6906000000237782,4.187999999999988,2.5349000000953765]","[1.4678999999761686,2.250100000023849,3.7178999999761118,0.8003000000715588,0.8378999999761731,1.0020000000000095,7.10089999997615,1.7663999999761586,1.6175000000000068,4.404299999952286,0.7692999999522954,1.8166999999284599,1.3373000000715365,5.984699999928523,3.2195999999046307,1.0196000000238428,1.46939999997619,0.8481000000238623,0.900799999952369,0.6335999999046749,0.9192999999523295,1.9842000000476787,5.269499999999994,0.7339000000954456,1.0348000000715274,0.8673999999761008,0.7837999999522935,1.298899999976129,0.8846000000238519,1.0006000000238373,1.6687999999522845,6.350399999976162,0.8840999999047199,1.1338999999761654,2.1847000000476555,0.6906000000237782,4.188100000023837,2.5349000000953765]",,,0.0,23.0,23.0,124.0,1.0,nek,gnek,question_gesture.png,im_hand.png,,,,,,
,,,584698,1,21,2023-09-20_15h29.38.769,flesh_expressibility_dutch,2022.2.4,Win32,60.17571308,,,,18.0,2.0,Nederlands,,,,,,Engels,3.0,Duits,2.0,Frans,1.0,Noors,1.0,,0.0,,0.0,,0.0,,0.0,NL,6.0,2.0,2.0,5.0,,sensorypref1,sensorypref2,1280.0,720.0,,,,,,,,,,,,,,,,,,,,,,,,,,,,,,,,,,,13.0,628.6469,39.0,"[1.4678999999761686,2.249899999976151,3.71780000007152,0.8003000000715588,0.8378999999761731,1.0020000000000095,7.10089999997615,1.7663999999761586,1.6173999999761577,4.404200000047638,0.7692999999522954,1.8165999999046107,1.3371000000238382,5.984699999928523,3.219500000000039,1.0194999999999936,1.4691000000238432,0.8480000000000132,0.900799999952369,0.6335000000000264,0.9192000000477378,1.9842000000476787,5.2693999999761445,0.7339000000954456,1.0348000000715274,0.8672999999523654,0.7837999999522935,1.298899999976129,0.8842999999523045,1.0006000000238373,1.6687999999522845,6.35030000007157,0.8840999999047199,1.1338000000715738,2.1847000000476555,0.6906000000237782,4.187999999999988,2.5349000000953765,1.3028999999762618]","[1.4678999999761686,2.250100000023849,3.7178999999761118,0.8003000000715588,0.8378999999761731,1.0020000000000095,7.10089999997615,1.7663999999761586,1.6175000000000068,4.404299999952286,0.7692999999522954,1.8166999999284599,1.3373000000715365,5.984699999928523,3.2195999999046307,1.0196000000238428,1.46939999997619,0.8481000000238623,0.900799999952369,0.6335999999046749,0.9192999999523295,1.9842000000476787,5.269499999999994,0.7339000000954456,1.0348000000715274,0.8673999999761008,0.7837999999522935,1.298899999976129,0.8846000000238519,1.0006000000238373,1.6687999999522845,6.350399999976162,0.8840999999047199,1.1338999999761654,2.1847000000476555,0.6906000000237782,4.188100000023837,2.5349000000953765,1.3029999999999973]",0.488888889,4.998,0.0,24.0,24.0,161.0,1.0,horen,ghoren,question_gesture.png,im_hand.png,,,,,,
,,,584698,1,21,2023-09-20_15h29.38.769,flesh_expressibility_dutch,2022.2.4,Win32,60.17571308,,,,18.0,2.0,Nederlands,,,,,,Engels,3.0,Duits,2.0,Frans,1.0,Noors,1.0,,0.0,,0.0,,0.0,,0.0,NL,6.0,2.0,2.0,5.0,,sensorypref1,sensorypref2,1280.0,720.0,,,,,,,,,,,,,,,,,,,,,,,,,,,,,,,,,,,15.0,634.7146,40.0,"[1.4678999999761686,2.249899999976151,3.71780000007152,0.8003000000715588,0.8378999999761731,1.0020000000000095,7.10089999997615,1.7663999999761586,1.6173999999761577,4.404200000047638,0.7692999999522954,1.8165999999046107,1.3371000000238382,5.984699999928523,3.219500000000039,1.0194999999999936,1.4691000000238432,0.8480000000000132,0.900799999952369,0.6335000000000264,0.9192000000477378,1.9842000000476787,5.2693999999761445,0.7339000000954456,1.0348000000715274,0.8672999999523654,0.7837999999522935,1.298899999976129,0.8842999999523045,1.0006000000238373,1.6687999999522845,6.35030000007157,0.8840999999047199,1.1338000000715738,2.1847000000476555,0.6906000000237782,4.187999999999988,2.5349000000953765,1.3028999999762618,8.249399999976163]","[1.4678999999761686,2.250100000023849,3.7178999999761118,0.8003000000715588,0.8378999999761731,1.0020000000000095,7.10089999997615,1.7663999999761586,1.6175000000000068,4.404299999952286,0.7692999999522954,1.8166999999284599,1.3373000000715365,5.984699999928523,3.2195999999046307,1.0196000000238428,1.46939999997619,0.8481000000238623,0.900799999952369,0.6335999999046749,0.9192999999523295,1.9842000000476787,5.269499999999994,0.7339000000954456,1.0348000000715274,0.8673999999761008,0.7837999999522935,1.298899999976129,0.8846000000238519,1.0006000000238373,1.6687999999522845,6.350399999976162,0.8840999999047199,1.1338999999761654,2.1847000000476555,0.6906000000237782,4.188100000023837,2.5349000000953765,1.3029999999999973,8.249500000000012]",-0.581481425,15.4591,0.0,25.0,25.0,132.0,1.0,aarde,gaarde,question_gesture.png,im_hand.png,,,,,,
,,,584698,1,21,2023-09-20_15h29.38.769,flesh_expressibility_dutch,2022.2.4,Win32,60.17571308,,,,18.0,2.0,Nederlands,,,,,,Engels,3.0,Duits,2.0,Frans,1.0,Noors,1.0,,0.0,,0.0,,0.0,,0.0,NL,6.0,2.0,2.0,5.0,,sensorypref1,sensorypref2,1280.0,720.0,,,,,,,,,,,,,,,,,,,,,,,,,,,,,3.0,"[267.27389999997615,474.8766000000238,655.0072999999524]","[267.274,474.87670000004766,655.0073999999762]",3.0,"[270.31539999997614,477.27049999999997,657.3302999999523]","[270.3155,477.2706000000238,657.3303999999762]",15.0,658.7029,41.0,"[1.4678999999761686,2.249899999976151,3.71780000007152,0.8003000000715588,0.8378999999761731,1.0020000000000095,7.10089999997615,1.7663999999761586,1.6173999999761577,4.404200000047638,0.7692999999522954,1.8165999999046107,1.3371000000238382,5.984699999928523,3.219500000000039,1.0194999999999936,1.4691000000238432,0.8480000000000132,0.900799999952369,0.6335000000000264,0.9192000000477378,1.9842000000476787,5.2693999999761445,0.7339000000954456,1.0348000000715274,0.8672999999523654,0.7837999999522935,1.298899999976129,0.8842999999523045,1.0006000000238373,1.6687999999522845,6.35030000007157,0.8840999999047199,1.1338000000715738,2.1847000000476555,0.6906000000237782,4.187999999999988,2.5349000000953765,1.3028999999762618,8.249399999976163,0.8670000000000755]","[1.4678999999761686,2.250100000023849,3.7178999999761118,0.8003000000715588,0.8378999999761731,1.0020000000000095,7.10089999997615,1.7663999999761586,1.6175000000000068,4.404299999952286,0.7692999999522954,1.8166999999284599,1.3373000000715365,5.984699999928523,3.2195999999046307,1.0196000000238428,1.46939999997619,0.8481000000238623,0.900799999952369,0.6335999999046749,0.9192999999523295,1.9842000000476787,5.269499999999994,0.7339000000954456,1.0348000000715274,0.8673999999761008,0.7837999999522935,1.298899999976129,0.8846000000238519,1.0006000000238373,1.6687999999522845,6.350399999976162,0.8840999999047199,1.1338999999761654,2.1847000000476555,0.6906000000237782,4.188100000023837,2.5349000000953765,1.3029999999999973,8.249500000000012,0.8671000000239246]",-0.781481425,5.6565,0.0,0.0,0.0,140.0,1.0,staan,vstaan,question_vocal.png,im_mouth.png,,,,,,
,,,584698,1,21,2023-09-20_15h29.38.769,flesh_expressibility_dutch,2022.2.4,Win32,60.17571308,,,,18.0,2.0,Nederlands,,,,,,Engels,3.0,Duits,2.0,Frans,1.0,Noors,1.0,,0.0,,0.0,,0.0,,0.0,NL,6.0,2.0,2.0,5.0,,sensorypref1,sensorypref2,1280.0,720.0,,,,,,,,,,,,,,,,,,,,,,,,,,,,,,,,,,,17.0,665.2177,42.0,"[1.4678999999761686,2.249899999976151,3.71780000007152,0.8003000000715588,0.8378999999761731,1.0020000000000095,7.10089999997615,1.7663999999761586,1.6173999999761577,4.404200000047638,0.7692999999522954,1.8165999999046107,1.3371000000238382,5.984699999928523,3.219500000000039,1.0194999999999936,1.4691000000238432,0.8480000000000132,0.900799999952369,0.6335000000000264,0.9192000000477378,1.9842000000476787,5.2693999999761445,0.7339000000954456,1.0348000000715274,0.8672999999523654,0.7837999999522935,1.298899999976129,0.8842999999523045,1.0006000000238373,1.6687999999522845,6.35030000007157,0.8840999999047199,1.1338000000715738,2.1847000000476555,0.6906000000237782,4.187999999999988,2.5349000000953765,1.3028999999762618,8.249399999976163,0.8670000000000755,0.8525000000000773]","[1.4678999999761686,2.250100000023849,3.7178999999761118,0.8003000000715588,0.8378999999761731,1.0020000000000095,7.10089999997615,1.7663999999761586,1.6175000000000068,4.404299999952286,0.7692999999522954,1.8166999999284599,1.3373000000715365,5.984699999928523,3.2195999999046307,1.0196000000238428,1.46939999997619,0.8481000000238623,0.900799999952369,0.6335999999046749,0.9192999999523295,1.9842000000476787,5.269499999999994,0.7339000000954456,1.0348000000715274,0.8673999999761008,0.7837999999522935,1.298899999976129,0.8846000000238519,1.0006000000238373,1.6687999999522845,6.350399999976162,0.8840999999047199,1.1338999999761654,2.1847000000476555,0.6906000000237782,4.188100000023837,2.5349000000953765,1.3029999999999973,8.249500000000012,0.8671000000239246,0.8525000000000773]",0.712963019,3.0446,0.0,1.0,1.0,4.0,1.0,fluisteren,vfluisteren,question_vocal.png,im_mouth.png,,,,,,
,,,584698,1,21,2023-09-20_15h29.38.769,flesh_expressibility_dutch,2022.2.4,Win32,60.17571308,,,,18.0,2.0,Nederlands,,,,,,Engels,3.0,Duits,2.0,Frans,1.0,Noors,1.0,,0.0,,0.0,,0.0,,0.0,NL,6.0,2.0,2.0,5.0,,sensorypref1,sensorypref2,1280.0,720.0,,,,,,,,,,,,,,,,,,,,,,,,,,,,,,,,,,,13.0,669.1157,43.0,"[1.4678999999761686,2.249899999976151,3.71780000007152,0.8003000000715588,0.8378999999761731,1.0020000000000095,7.10089999997615,1.7663999999761586,1.6173999999761577,4.404200000047638,0.7692999999522954,1.8165999999046107,1.3371000000238382,5.984699999928523,3.219500000000039,1.0194999999999936,1.4691000000238432,0.8480000000000132,0.900799999952369,0.6335000000000264,0.9192000000477378,1.9842000000476787,5.2693999999761445,0.7339000000954456,1.0348000000715274,0.8672999999523654,0.7837999999522935,1.298899999976129,0.8842999999523045,1.0006000000238373,1.6687999999522845,6.35030000007157,0.8840999999047199,1.1338000000715738,2.1847000000476555,0.6906000000237782,4.187999999999988,2.5349000000953765,1.3028999999762618,8.249399999976163,0.8670000000000755,0.8525000000000773,3.901499999999942]","[1.4678999999761686,2.250100000023849,3.7178999999761118,0.8003000000715588,0.8378999999761731,1.0020000000000095,7.10089999997615,1.7663999999761586,1.6175000000000068,4.404299999952286,0.7692999999522954,1.8166999999284599,1.3373000000715365,5.984699999928523,3.2195999999046307,1.0196000000238428,1.46939999997619,0.8481000000238623,0.900799999952369,0.6335999999046749,0.9192999999523295,1.9842000000476787,5.269499999999994,0.7339000000954456,1.0348000000715274,0.8673999999761008,0.7837999999522935,1.298899999976129,0.8846000000238519,1.0006000000238373,1.6687999999522845,6.350399999976162,0.8840999999047199,1.1338999999761654,2.1847000000476555,0.6906000000237782,4.188100000023837,2.5349000000953765,1.3029999999999973,8.249500000000012,0.8671000000239246,0.8525000000000773,3.901499999999942]",-0.935185157,4.6622,0.0,2.0,2.0,77.0,1.0,groen,vgroen,question_vocal.png,im_mouth.png,,,,,,
,,,584698,1,21,2023-09-20_15h29.38.769,flesh_expressibility_dutch,2022.2.4,Win32,60.17571308,,,,18.0,2.0,Nederlands,,,,,,Engels,3.0,Duits,2.0,Frans,1.0,Noors,1.0,,0.0,,0.0,,0.0,,0.0,NL,6.0,2.0,2.0,5.0,,sensorypref1,sensorypref2,1280.0,720.0,,,,,,,,,,,,,,,,,,,,,,,,,,,,,,,,,,,19.0,676.5134,44.0,"[1.4678999999761686,2.249899999976151,3.71780000007152,0.8003000000715588,0.8378999999761731,1.0020000000000095,7.10089999997615,1.7663999999761586,1.6173999999761577,4.404200000047638,0.7692999999522954,1.8165999999046107,1.3371000000238382,5.984699999928523,3.219500000000039,1.0194999999999936,1.4691000000238432,0.8480000000000132,0.900799999952369,0.6335000000000264,0.9192000000477378,1.9842000000476787,5.2693999999761445,0.7339000000954456,1.0348000000715274,0.8672999999523654,0.7837999999522935,1.298899999976129,0.8842999999523045,1.0006000000238373,1.6687999999522845,6.35030000007157,0.8840999999047199,1.1338000000715738,2.1847000000476555,0.6906000000237782,4.187999999999988,2.5349000000953765,1.3028999999762618,8.249399999976163,0.8670000000000755,0.8525000000000773,3.901499999999942,0.8346000000238973]","[1.4678999999761686,2.250100000023849,3.7178999999761118,0.8003000000715588,0.8378999999761731,1.0020000000000095,7.10089999997615,1.7663999999761586,1.6175000000000068,4.404299999952286,0.7692999999522954,1.8166999999284599,1.3373000000715365,5.984699999928523,3.2195999999046307,1.0196000000238428,1.46939999997619,0.8481000000238623,0.900799999952369,0.6335999999046749,0.9192999999523295,1.9842000000476787,5.269499999999994,0.7339000000954456,1.0348000000715274,0.8673999999761008,0.7837999999522935,1.298899999976129,0.8846000000238519,1.0006000000238373,1.6687999999522845,6.350399999976162,0.8840999999047199,1.1338999999761654,2.1847000000476555,0.6906000000237782,4.188100000023837,2.5349000000953765,1.3029999999999973,8.249500000000012,0.8671000000239246,0.8525000000000773,3.901499999999942,0.8346000000238973]",0.846296353,4.244,0.0,3.0,3.0,152.0,1.0,eten,veten,question_vocal.png,im_mouth.png,,,,,,
,,,584698,1,21,2023-09-20_15h29.38.769,flesh_expressibility_dutch,2022.2.4,Win32,60.17571308,,,,18.0,2.0,Nederlands,,,,,,Engels,3.0,Duits,2.0,Frans,1.0,Noors,1.0,,0.0,,0.0,,0.0,,0.0,NL,6.0,2.0,2.0,5.0,,sensorypref1,sensorypref2,1280.0,720.0,,,,,,,,,,,,,,,,,,,,,,,,,,,,,,,,,,,21.0,681.4087,45.0,"[1.4678999999761686,2.249899999976151,3.71780000007152,0.8003000000715588,0.8378999999761731,1.0020000000000095,7.10089999997615,1.7663999999761586,1.6173999999761577,4.404200000047638,0.7692999999522954,1.8165999999046107,1.3371000000238382,5.984699999928523,3.219500000000039,1.0194999999999936,1.4691000000238432,0.8480000000000132,0.900799999952369,0.6335000000000264,0.9192000000477378,1.9842000000476787,5.2693999999761445,0.7339000000954456,1.0348000000715274,0.8672999999523654,0.7837999999522935,1.298899999976129,0.8842999999523045,1.0006000000238373,1.6687999999522845,6.35030000007157,0.8840999999047199,1.1338000000715738,2.1847000000476555,0.6906000000237782,4.187999999999988,2.5349000000953765,1.3028999999762618,8.249399999976163,0.8670000000000755,0.8525000000000773,3.901499999999942,0.8346000000238973,0.6532000000476046]","[1.4678999999761686,2.250100000023849,3.7178999999761118,0.8003000000715588,0.8378999999761731,1.0020000000000095,7.10089999997615,1.7663999999761586,1.6175000000000068,4.404299999952286,0.7692999999522954,1.8166999999284599,1.3373000000715365,5.984699999928523,3.2195999999046307,1.0196000000238428,1.46939999997619,0.8481000000238623,0.900799999952369,0.6335999999046749,0.9192999999523295,1.9842000000476787,5.269499999999994,0.7339000000954456,1.0348000000715274,0.8673999999761008,0.7837999999522935,1.298899999976129,0.8846000000238519,1.0006000000238373,1.6687999999522845,6.350399999976162,0.8840999999047199,1.1338999999761654,2.1847000000476555,0.6906000000237782,4.188100000023837,2.5349000000953765,1.3029999999999973,8.249500000000012,0.8671000000239246,0.8525000000000773,3.901499999999942,0.8346000000238973,0.6532999999523099]",-0.298148092,9.7449,0.0,4.0,4.0,182.0,1.0,naam,vnaam,question_vocal.png,im_mouth.png,,,,,,
,,,584698,1,21,2023-09-20_15h29.38.769,flesh_expressibility_dutch,2022.2.4,Win32,60.17571308,,,,18.0,2.0,Nederlands,,,,,,Engels,3.0,Duits,2.0,Frans,1.0,Noors,1.0,,0.0,,0.0,,0.0,,0.0,NL,6.0,2.0,2.0,5.0,,sensorypref1,sensorypref2,1280.0,720.0,,,,,,,,,,,,,,,,,,,,,,,,,,,,,,,,,,,12.0,691.7804,46.0,"[1.4678999999761686,2.249899999976151,3.71780000007152,0.8003000000715588,0.8378999999761731,1.0020000000000095,7.10089999997615,1.7663999999761586,1.6173999999761577,4.404200000047638,0.7692999999522954,1.8165999999046107,1.3371000000238382,5.984699999928523,3.219500000000039,1.0194999999999936,1.4691000000238432,0.8480000000000132,0.900799999952369,0.6335000000000264,0.9192000000477378,1.9842000000476787,5.2693999999761445,0.7339000000954456,1.0348000000715274,0.8672999999523654,0.7837999999522935,1.298899999976129,0.8842999999523045,1.0006000000238373,1.6687999999522845,6.35030000007157,0.8840999999047199,1.1338000000715738,2.1847000000476555,0.6906000000237782,4.187999999999988,2.5349000000953765,1.3028999999762618,8.249399999976163,0.8670000000000755,0.8525000000000773,3.901499999999942,0.8346000000238973,0.6532000000476046,0.7847000000476783]","[1.4678999999761686,2.250100000023849,3.7178999999761118,0.8003000000715588,0.8378999999761731,1.0020000000000095,7.10089999997615,1.7663999999761586,1.6175000000000068,4.404299999952286,0.7692999999522954,1.8166999999284599,1.3373000000715365,5.984699999928523,3.2195999999046307,1.0196000000238428,1.46939999997619,0.8481000000238623,0.900799999952369,0.6335999999046749,0.9192999999523295,1.9842000000476787,5.269499999999994,0.7339000000954456,1.0348000000715274,0.8673999999761008,0.7837999999522935,1.298899999976129,0.8846000000238519,1.0006000000238373,1.6687999999522845,6.350399999976162,0.8840999999047199,1.1338999999761654,2.1847000000476555,0.6906000000237782,4.188100000023837,2.5349000000953765,1.3029999999999973,8.249500000000012,0.8671000000239246,0.8525000000000773,3.901499999999942,0.8346000000238973,0.6532999999523099,0.7849000000953765]",-0.948148092,7.2615,0.0,5.0,5.0,70.0,1.0,aanraken,vaanraken,question_vocal.png,im_mouth.png,,,,,,
,,,584698,1,21,2023-09-20_15h29.38.769,flesh_expressibility_dutch,2022.2.4,Win32,60.17571308,,,,18.0,2.0,Nederlands,,,,,,Engels,3.0,Duits,2.0,Frans,1.0,Noors,1.0,,0.0,,0.0,,0.0,,0.0,NL,6.0,2.0,2.0,5.0,,sensorypref1,sensorypref2,1280.0,720.0,,,,,,,,,,,,,,,,,,,,,,,,,,,,,,,,,,,22.0,699.7988,46.0,"[1.4678999999761686,2.249899999976151,3.71780000007152,0.8003000000715588,0.8378999999761731,1.0020000000000095,7.10089999997615,1.7663999999761586,1.6173999999761577,4.404200000047638,0.7692999999522954,1.8165999999046107,1.3371000000238382,5.984699999928523,3.219500000000039,1.0194999999999936,1.4691000000238432,0.8480000000000132,0.900799999952369,0.6335000000000264,0.9192000000477378,1.9842000000476787,5.2693999999761445,0.7339000000954456,1.0348000000715274,0.8672999999523654,0.7837999999522935,1.298899999976129,0.8842999999523045,1.0006000000238373,1.6687999999522845,6.35030000007157,0.8840999999047199,1.1338000000715738,2.1847000000476555,0.6906000000237782,4.187999999999988,2.5349000000953765,1.3028999999762618,8.249399999976163,0.8670000000000755,0.8525000000000773,3.901499999999942,0.8346000000238973,0.6532000000476046,0.7847000000476783]","[1.4678999999761686,2.250100000023849,3.7178999999761118,0.8003000000715588,0.8378999999761731,1.0020000000000095,7.10089999997615,1.7663999999761586,1.6175000000000068,4.404299999952286,0.7692999999522954,1.8166999999284599,1.3373000000715365,5.984699999928523,3.2195999999046307,1.0196000000238428,1.46939999997619,0.8481000000238623,0.900799999952369,0.6335999999046749,0.9192999999523295,1.9842000000476787,5.269499999999994,0.7339000000954456,1.0348000000715274,0.8673999999761008,0.7837999999522935,1.298899999976129,0.8846000000238519,1.0006000000238373,1.6687999999522845,6.350399999976162,0.8840999999047199,1.1338999999761654,2.1847000000476555,0.6906000000237782,4.188100000023837,2.5349000000953765,1.3029999999999973,8.249500000000012,0.8671000000239246,0.8525000000000773,3.901499999999942,0.8346000000238973,0.6532999999523099,0.7849000000953765]",,,0.0,6.0,6.0,96.0,1.0,verbranden,vverbranden,question_vocal.png,im_mouth.png,,,,,,
,,,584698,1,21,2023-09-20_15h29.38.769,flesh_expressibility_dutch,2022.2.4,Win32,60.17571308,,,,18.0,2.0,Nederlands,,,,,,Engels,3.0,Duits,2.0,Frans,1.0,Noors,1.0,,0.0,,0.0,,0.0,,0.0,NL,6.0,2.0,2.0,5.0,,sensorypref1,sensorypref2,1280.0,720.0,,,,,,,,,,,,,,,,,,,,,,,,,,,,,,,,,,,17.0,700.8233,47.0,"[1.4678999999761686,2.249899999976151,3.71780000007152,0.8003000000715588,0.8378999999761731,1.0020000000000095,7.10089999997615,1.7663999999761586,1.6173999999761577,4.404200000047638,0.7692999999522954,1.8165999999046107,1.3371000000238382,5.984699999928523,3.219500000000039,1.0194999999999936,1.4691000000238432,0.8480000000000132,0.900799999952369,0.6335000000000264,0.9192000000477378,1.9842000000476787,5.2693999999761445,0.7339000000954456,1.0348000000715274,0.8672999999523654,0.7837999999522935,1.298899999976129,0.8842999999523045,1.0006000000238373,1.6687999999522845,6.35030000007157,0.8840999999047199,1.1338000000715738,2.1847000000476555,0.6906000000237782,4.187999999999988,2.5349000000953765,1.3028999999762618,8.249399999976163,0.8670000000000755,0.8525000000000773,3.901499999999942,0.8346000000238973,0.6532000000476046,0.7847000000476783,6.319099999904665]","[1.4678999999761686,2.250100000023849,3.7178999999761118,0.8003000000715588,0.8378999999761731,1.0020000000000095,7.10089999997615,1.7663999999761586,1.6175000000000068,4.404299999952286,0.7692999999522954,1.8166999999284599,1.3373000000715365,5.984699999928523,3.2195999999046307,1.0196000000238428,1.46939999997619,0.8481000000238623,0.900799999952369,0.6335999999046749,0.9192999999523295,1.9842000000476787,5.269499999999994,0.7339000000954456,1.0348000000715274,0.8673999999761008,0.7837999999522935,1.298899999976129,0.8846000000238519,1.0006000000238373,1.6687999999522845,6.350399999976162,0.8840999999047199,1.1338999999761654,2.1847000000476555,0.6906000000237782,4.188100000023837,2.5349000000953765,1.3029999999999973,8.249500000000012,0.8671000000239246,0.8525000000000773,3.901499999999942,0.8346000000238973,0.6532999999523099,0.7849000000953765,6.319199999928514]",-0.944444444,8.7673,0.0,7.0,7.0,16.0,1.0,alles,valles,question_vocal.png,im_mouth.png,,,,,,
,,,584698,1,21,2023-09-20_15h29.38.769,flesh_expressibility_dutch,2022.2.4,Win32,60.17571308,,,,18.0,2.0,Nederlands,,,,,,Engels,3.0,Duits,2.0,Frans,1.0,Noors,1.0,,0.0,,0.0,,0.0,,0.0,NL,6.0,2.0,2.0,5.0,,sensorypref1,sensorypref2,1280.0,720.0,,,,,,,,,,,,,,,,,,,,,,,,,,,,,,,,,,,20.0,715.6964,48.0,"[1.4678999999761686,2.249899999976151,3.71780000007152,0.8003000000715588,0.8378999999761731,1.0020000000000095,7.10089999997615,1.7663999999761586,1.6173999999761577,4.404200000047638,0.7692999999522954,1.8165999999046107,1.3371000000238382,5.984699999928523,3.219500000000039,1.0194999999999936,1.4691000000238432,0.8480000000000132,0.900799999952369,0.6335000000000264,0.9192000000477378,1.9842000000476787,5.2693999999761445,0.7339000000954456,1.0348000000715274,0.8672999999523654,0.7837999999522935,1.298899999976129,0.8842999999523045,1.0006000000238373,1.6687999999522845,6.35030000007157,0.8840999999047199,1.1338000000715738,2.1847000000476555,0.6906000000237782,4.187999999999988,2.5349000000953765,1.3028999999762618,8.249399999976163,0.8670000000000755,0.8525000000000773,3.901499999999942,0.8346000000238973,0.6532000000476046,0.7847000000476783,6.319099999904665,2.383999999999901]","[1.4678999999761686,2.250100000023849,3.7178999999761118,0.8003000000715588,0.8378999999761731,1.0020000000000095,7.10089999997615,1.7663999999761586,1.6175000000000068,4.404299999952286,0.7692999999522954,1.8166999999284599,1.3373000000715365,5.984699999928523,3.2195999999046307,1.0196000000238428,1.46939999997619,0.8481000000238623,0.900799999952369,0.6335999999046749,0.9192999999523295,1.9842000000476787,5.269499999999994,0.7339000000954456,1.0348000000715274,0.8673999999761008,0.7837999999522935,1.298899999976129,0.8846000000238519,1.0006000000238373,1.6687999999522845,6.350399999976162,0.8840999999047199,1.1338999999761654,2.1847000000476555,0.6906000000237782,4.188100000023837,2.5349000000953765,1.3029999999999973,8.249500000000012,0.8671000000239246,0.8525000000000773,3.901499999999942,0.8346000000238973,0.6532999999523099,0.7849000000953765,6.319199999928514,2.383999999999901]",0.207407464,5.9277,0.0,8.0,8.0,48.0,1.0,vliegen,vvliegen,question_vocal.png,im_mouth.png,,,,,,
,,,584698,1,21,2023-09-20_15h29.38.769,flesh_expressibility_dutch,2022.2.4,Win32,60.17571308,,,,18.0,2.0,Nederlands,,,,,,Engels,3.0,Duits,2.0,Frans,1.0,Noors,1.0,,0.0,,0.0,,0.0,,0.0,NL,6.0,2.0,2.0,5.0,,sensorypref1,sensorypref2,1280.0,720.0,,,,,,,,,,,,,,,,,,,,,,,,,,,,,,,,,,,10.0,724.0042,49.0,"[1.4678999999761686,2.249899999976151,3.71780000007152,0.8003000000715588,0.8378999999761731,1.0020000000000095,7.10089999997615,1.7663999999761586,1.6173999999761577,4.404200000047638,0.7692999999522954,1.8165999999046107,1.3371000000238382,5.984699999928523,3.219500000000039,1.0194999999999936,1.4691000000238432,0.8480000000000132,0.900799999952369,0.6335000000000264,0.9192000000477378,1.9842000000476787,5.2693999999761445,0.7339000000954456,1.0348000000715274,0.8672999999523654,0.7837999999522935,1.298899999976129,0.8842999999523045,1.0006000000238373,1.6687999999522845,6.35030000007157,0.8840999999047199,1.1338000000715738,2.1847000000476555,0.6906000000237782,4.187999999999988,2.5349000000953765,1.3028999999762618,8.249399999976163,0.8670000000000755,0.8525000000000773,3.901499999999942,0.8346000000238973,0.6532000000476046,0.7847000000476783,6.319099999904665,2.383999999999901,5.3527999999522535]","[1.4678999999761686,2.250100000023849,3.7178999999761118,0.8003000000715588,0.8378999999761731,1.0020000000000095,7.10089999997615,1.7663999999761586,1.6175000000000068,4.404299999952286,0.7692999999522954,1.8166999999284599,1.3373000000715365,5.984699999928523,3.2195999999046307,1.0196000000238428,1.46939999997619,0.8481000000238623,0.900799999952369,0.6335999999046749,0.9192999999523295,1.9842000000476787,5.269499999999994,0.7339000000954456,1.0348000000715274,0.8673999999761008,0.7837999999522935,1.298899999976129,0.8846000000238519,1.0006000000238373,1.6687999999522845,6.350399999976162,0.8840999999047199,1.1338999999761654,2.1847000000476555,0.6906000000237782,4.188100000023837,2.5349000000953765,1.3029999999999973,8.249500000000012,0.8671000000239246,0.8525000000000773,3.901499999999942,0.8346000000238973,0.6532999999523099,0.7849000000953765,6.319199999928514,2.383999999999901,5.352899999976103]",-0.205555556,9.1111,0.0,9.0,9.0,170.0,1.0,groot,vgroot,question_vocal.png,im_mouth.png,,,,,,
,,,584698,1,21,2023-09-20_15h29.38.769,flesh_expressibility_dutch,2022.2.4,Win32,60.17571308,,,,18.0,2.0,Nederlands,,,,,,Engels,3.0,Duits,2.0,Frans,1.0,Noors,1.0,,0.0,,0.0,,0.0,,0.0,NL,6.0,2.0,2.0,5.0,,sensorypref1,sensorypref2,1280.0,720.0,,,,,,,,,,,,,,,,,,,,,,,,,,,,,,,,,,,11.0,735.0854,50.0,"[1.4678999999761686,2.249899999976151,3.71780000007152,0.8003000000715588,0.8378999999761731,1.0020000000000095,7.10089999997615,1.7663999999761586,1.6173999999761577,4.404200000047638,0.7692999999522954,1.8165999999046107,1.3371000000238382,5.984699999928523,3.219500000000039,1.0194999999999936,1.4691000000238432,0.8480000000000132,0.900799999952369,0.6335000000000264,0.9192000000477378,1.9842000000476787,5.2693999999761445,0.7339000000954456,1.0348000000715274,0.8672999999523654,0.7837999999522935,1.298899999976129,0.8842999999523045,1.0006000000238373,1.6687999999522845,6.35030000007157,0.8840999999047199,1.1338000000715738,2.1847000000476555,0.6906000000237782,4.187999999999988,2.5349000000953765,1.3028999999762618,8.249399999976163,0.8670000000000755,0.8525000000000773,3.901499999999942,0.8346000000238973,0.6532000000476046,0.7847000000476783,6.319099999904665,2.383999999999901,5.3527999999522535,2.958699999928399]","[1.4678999999761686,2.250100000023849,3.7178999999761118,0.8003000000715588,0.8378999999761731,1.0020000000000095,7.10089999997615,1.7663999999761586,1.6175000000000068,4.404299999952286,0.7692999999522954,1.8166999999284599,1.3373000000715365,5.984699999928523,3.2195999999046307,1.0196000000238428,1.46939999997619,0.8481000000238623,0.900799999952369,0.6335999999046749,0.9192999999523295,1.9842000000476787,5.269499999999994,0.7339000000954456,1.0348000000715274,0.8673999999761008,0.7837999999522935,1.298899999976129,0.8846000000238519,1.0006000000238373,1.6687999999522845,6.350399999976162,0.8840999999047199,1.1338999999761654,2.1847000000476555,0.6906000000237782,4.188100000023837,2.5349000000953765,1.3029999999999973,8.249500000000012,0.8671000000239246,0.8525000000000773,3.901499999999942,0.8346000000238973,0.6532999999523099,0.7849000000953765,6.319199999928514,2.383999999999901,5.352899999976103,2.958699999928399]",0.509259372,5.8614,0.0,10.0,10.0,151.0,1.0,drinken,vdrinken,question_vocal.png,im_mouth.png,,,,,,
,,,584698,1,21,2023-09-20_15h29.38.769,flesh_expressibility_dutch,2022.2.4,Win32,60.17571308,,,,18.0,2.0,Nederlands,,,,,,Engels,3.0,Duits,2.0,Frans,1.0,Noors,1.0,,0.0,,0.0,,0.0,,0.0,NL,6.0,2.0,2.0,5.0,,sensorypref1,sensorypref2,1280.0,720.0,,,,,,,,,,,,,,,,,,,,,,,,,,,,,,,,,,,19.0,741.8114,51.0,"[1.4678999999761686,2.249899999976151,3.71780000007152,0.8003000000715588,0.8378999999761731,1.0020000000000095,7.10089999997615,1.7663999999761586,1.6173999999761577,4.404200000047638,0.7692999999522954,1.8165999999046107,1.3371000000238382,5.984699999928523,3.219500000000039,1.0194999999999936,1.4691000000238432,0.8480000000000132,0.900799999952369,0.6335000000000264,0.9192000000477378,1.9842000000476787,5.2693999999761445,0.7339000000954456,1.0348000000715274,0.8672999999523654,0.7837999999522935,1.298899999976129,0.8842999999523045,1.0006000000238373,1.6687999999522845,6.35030000007157,0.8840999999047199,1.1338000000715738,2.1847000000476555,0.6906000000237782,4.187999999999988,2.5349000000953765,1.3028999999762618,8.249399999976163,0.8670000000000755,0.8525000000000773,3.901499999999942,0.8346000000238973,0.6532000000476046,0.7847000000476783,6.319099999904665,2.383999999999901,5.3527999999522535,2.958699999928399,0.6683999999762591]","[1.4678999999761686,2.250100000023849,3.7178999999761118,0.8003000000715588,0.8378999999761731,1.0020000000000095,7.10089999997615,1.7663999999761586,1.6175000000000068,4.404299999952286,0.7692999999522954,1.8166999999284599,1.3373000000715365,5.984699999928523,3.2195999999046307,1.0196000000238428,1.46939999997619,0.8481000000238623,0.900799999952369,0.6335999999046749,0.9192999999523295,1.9842000000476787,5.269499999999994,0.7339000000954456,1.0348000000715274,0.8673999999761008,0.7837999999522935,1.298899999976129,0.8846000000238519,1.0006000000238373,1.6687999999522845,6.350399999976162,0.8840999999047199,1.1338999999761654,2.1847000000476555,0.6906000000237782,4.188100000023837,2.5349000000953765,1.3029999999999973,8.249500000000012,0.8671000000239246,0.8525000000000773,3.901499999999942,0.8346000000238973,0.6532999999523099,0.7849000000953765,6.319199999928514,2.383999999999901,5.352899999976103,2.958699999928399,0.6683999999762591]",0.761111111,4.8952,0.0,11.0,11.0,62.0,1.0,piepen,vpiepen,question_vocal.png,im_mouth.png,,,,,,
,,,584698,1,21,2023-09-20_15h29.38.769,flesh_expressibility_dutch,2022.2.4,Win32,60.17571308,,,,18.0,2.0,Nederlands,,,,,,Engels,3.0,Duits,2.0,Frans,1.0,Noors,1.0,,0.0,,0.0,,0.0,,0.0,NL,6.0,2.0,2.0,5.0,,sensorypref1,sensorypref2,1280.0,720.0,,,,,,,,,,,,,,,,,,,,,,,,,,,,,,,,,,,16.0,747.3421,52.0,"[1.4678999999761686,2.249899999976151,3.71780000007152,0.8003000000715588,0.8378999999761731,1.0020000000000095,7.10089999997615,1.7663999999761586,1.6173999999761577,4.404200000047638,0.7692999999522954,1.8165999999046107,1.3371000000238382,5.984699999928523,3.219500000000039,1.0194999999999936,1.4691000000238432,0.8480000000000132,0.900799999952369,0.6335000000000264,0.9192000000477378,1.9842000000476787,5.2693999999761445,0.7339000000954456,1.0348000000715274,0.8672999999523654,0.7837999999522935,1.298899999976129,0.8842999999523045,1.0006000000238373,1.6687999999522845,6.35030000007157,0.8840999999047199,1.1338000000715738,2.1847000000476555,0.6906000000237782,4.187999999999988,2.5349000000953765,1.3028999999762618,8.249399999976163,0.8670000000000755,0.8525000000000773,3.901499999999942,0.8346000000238973,0.6532000000476046,0.7847000000476783,6.319099999904665,2.383999999999901,5.3527999999522535,2.958699999928399,0.6683999999762591,0.7414999999999736]","[1.4678999999761686,2.250100000023849,3.7178999999761118,0.8003000000715588,0.8378999999761731,1.0020000000000095,7.10089999997615,1.7663999999761586,1.6175000000000068,4.404299999952286,0.7692999999522954,1.8166999999284599,1.3373000000715365,5.984699999928523,3.2195999999046307,1.0196000000238428,1.46939999997619,0.8481000000238623,0.900799999952369,0.6335999999046749,0.9192999999523295,1.9842000000476787,5.269499999999994,0.7339000000954456,1.0348000000715274,0.8673999999761008,0.7837999999522935,1.298899999976129,0.8846000000238519,1.0006000000238373,1.6687999999522845,6.350399999976162,0.8840999999047199,1.1338999999761654,2.1847000000476555,0.6906000000237782,4.188100000023837,2.5349000000953765,1.3029999999999973,8.249500000000012,0.8671000000239246,0.8525000000000773,3.901499999999942,0.8346000000238973,0.6532999999523099,0.7849000000953765,6.319199999928514,2.383999999999901,5.352899999976103,2.958699999928399,0.6683999999762591,0.7416000000238228]",-0.688888889,6.6145,0.0,12.0,12.0,164.0,1.0,zoet,vzoet,question_vocal.png,im_mouth.png,,,,,,
,,,584698,1,21,2023-09-20_15h29.38.769,flesh_expressibility_dutch,2022.2.4,Win32,60.17571308,,,,18.0,2.0,Nederlands,,,,,,Engels,3.0,Duits,2.0,Frans,1.0,Noors,1.0,,0.0,,0.0,,0.0,,0.0,NL,6.0,2.0,2.0,5.0,,sensorypref1,sensorypref2,1280.0,720.0,,,,,,,,,,,,,,,,,,,,,,,,,,,,,,,,,,,16.0,754.7294,53.0,"[1.4678999999761686,2.249899999976151,3.71780000007152,0.8003000000715588,0.8378999999761731,1.0020000000000095,7.10089999997615,1.7663999999761586,1.6173999999761577,4.404200000047638,0.7692999999522954,1.8165999999046107,1.3371000000238382,5.984699999928523,3.219500000000039,1.0194999999999936,1.4691000000238432,0.8480000000000132,0.900799999952369,0.6335000000000264,0.9192000000477378,1.9842000000476787,5.2693999999761445,0.7339000000954456,1.0348000000715274,0.8672999999523654,0.7837999999522935,1.298899999976129,0.8842999999523045,1.0006000000238373,1.6687999999522845,6.35030000007157,0.8840999999047199,1.1338000000715738,2.1847000000476555,0.6906000000237782,4.187999999999988,2.5349000000953765,1.3028999999762618,8.249399999976163,0.8670000000000755,0.8525000000000773,3.901499999999942,0.8346000000238973,0.6532000000476046,0.7847000000476783,6.319099999904665,2.383999999999901,5.3527999999522535,2.958699999928399,0.6683999999762591,0.7414999999999736,50.548299999952405]","[1.4678999999761686,2.250100000023849,3.7178999999761118,0.8003000000715588,0.8378999999761731,1.0020000000000095,7.10089999997615,1.7663999999761586,1.6175000000000068,4.404299999952286,0.7692999999522954,1.8166999999284599,1.3373000000715365,5.984699999928523,3.2195999999046307,1.0196000000238428,1.46939999997619,0.8481000000238623,0.900799999952369,0.6335999999046749,0.9192999999523295,1.9842000000476787,5.269499999999994,0.7339000000954456,1.0348000000715274,0.8673999999761008,0.7837999999522935,1.298899999976129,0.8846000000238519,1.0006000000238373,1.6687999999522845,6.350399999976162,0.8840999999047199,1.1338999999761654,2.1847000000476555,0.6906000000237782,4.188100000023837,2.5349000000953765,1.3029999999999973,8.249500000000012,0.8671000000239246,0.8525000000000773,3.901499999999942,0.8346000000238973,0.6532999999523099,0.7849000000953765,6.319199999928514,2.383999999999901,5.352899999976103,2.958699999928399,0.6683999999762591,0.7416000000238228,50.548399999976255]",-0.85,5.4875,0.0,13.0,13.0,108.0,1.0,neus,vneus,question_vocal.png,im_mouth.png,,,,,,
,,,584698,1,21,2023-09-20_15h29.38.769,flesh_expressibility_dutch,2022.2.4,Win32,60.17571308,,,,18.0,2.0,Nederlands,,,,,,Engels,3.0,Duits,2.0,Frans,1.0,Noors,1.0,,0.0,,0.0,,0.0,,0.0,NL,6.0,2.0,2.0,5.0,,sensorypref1,sensorypref2,1280.0,720.0,,,,,,,,,,,,,,,,,,,,,,,,,,,,,,,,,,,20.0,810.686,54.0,"[1.4678999999761686,2.249899999976151,3.71780000007152,0.8003000000715588,0.8378999999761731,1.0020000000000095,7.10089999997615,1.7663999999761586,1.6173999999761577,4.404200000047638,0.7692999999522954,1.8165999999046107,1.3371000000238382,5.984699999928523,3.219500000000039,1.0194999999999936,1.4691000000238432,0.8480000000000132,0.900799999952369,0.6335000000000264,0.9192000000477378,1.9842000000476787,5.2693999999761445,0.7339000000954456,1.0348000000715274,0.8672999999523654,0.7837999999522935,1.298899999976129,0.8842999999523045,1.0006000000238373,1.6687999999522845,6.35030000007157,0.8840999999047199,1.1338000000715738,2.1847000000476555,0.6906000000237782,4.187999999999988,2.5349000000953765,1.3028999999762618,8.249399999976163,0.8670000000000755,0.8525000000000773,3.901499999999942,0.8346000000238973,0.6532000000476046,0.7847000000476783,6.319099999904665,2.383999999999901,5.3527999999522535,2.958699999928399,0.6683999999762591,0.7414999999999736,50.548299999952405,1.4851000000238628]","[1.4678999999761686,2.250100000023849,3.7178999999761118,0.8003000000715588,0.8378999999761731,1.0020000000000095,7.10089999997615,1.7663999999761586,1.6175000000000068,4.404299999952286,0.7692999999522954,1.8166999999284599,1.3373000000715365,5.984699999928523,3.2195999999046307,1.0196000000238428,1.46939999997619,0.8481000000238623,0.900799999952369,0.6335999999046749,0.9192999999523295,1.9842000000476787,5.269499999999994,0.7339000000954456,1.0348000000715274,0.8673999999761008,0.7837999999522935,1.298899999976129,0.8846000000238519,1.0006000000238373,1.6687999999522845,6.350399999976162,0.8840999999047199,1.1338999999761654,2.1847000000476555,0.6906000000237782,4.188100000023837,2.5349000000953765,1.3029999999999973,8.249500000000012,0.8671000000239246,0.8525000000000773,3.901499999999942,0.8346000000238973,0.6532999999523099,0.7849000000953765,6.319199999928514,2.383999999999901,5.352899999976103,2.958699999928399,0.6683999999762591,0.7416000000238228,50.548399999976255,1.4851000000238628]",-0.933333333,3.8265,0.0,14.0,14.0,15.0,1.0,geel,vgeel,question_vocal.png,im_mouth.png,,,,,,
,,,584698,1,21,2023-09-20_15h29.38.769,flesh_expressibility_dutch,2022.2.4,Win32,60.17571308,,,,18.0,2.0,Nederlands,,,,,,Engels,3.0,Duits,2.0,Frans,1.0,Noors,1.0,,0.0,,0.0,,0.0,,0.0,NL,6.0,2.0,2.0,5.0,,sensorypref1,sensorypref2,1280.0,720.0,,,,,,,,,,,,,,,,,,,,,,,,,,,,,,,,,,,17.0,816.111,55.0,"[1.4678999999761686,2.249899999976151,3.71780000007152,0.8003000000715588,0.8378999999761731,1.0020000000000095,7.10089999997615,1.7663999999761586,1.6173999999761577,4.404200000047638,0.7692999999522954,1.8165999999046107,1.3371000000238382,5.984699999928523,3.219500000000039,1.0194999999999936,1.4691000000238432,0.8480000000000132,0.900799999952369,0.6335000000000264,0.9192000000477378,1.9842000000476787,5.2693999999761445,0.7339000000954456,1.0348000000715274,0.8672999999523654,0.7837999999522935,1.298899999976129,0.8842999999523045,1.0006000000238373,1.6687999999522845,6.35030000007157,0.8840999999047199,1.1338000000715738,2.1847000000476555,0.6906000000237782,4.187999999999988,2.5349000000953765,1.3028999999762618,8.249399999976163,0.8670000000000755,0.8525000000000773,3.901499999999942,0.8346000000238973,0.6532000000476046,0.7847000000476783,6.319099999904665,2.383999999999901,5.3527999999522535,2.958699999928399,0.6683999999762591,0.7414999999999736,50.548299999952405,1.4851000000238628,3.0178999999760663]","[1.4678999999761686,2.250100000023849,3.7178999999761118,0.8003000000715588,0.8378999999761731,1.0020000000000095,7.10089999997615,1.7663999999761586,1.6175000000000068,4.404299999952286,0.7692999999522954,1.8166999999284599,1.3373000000715365,5.984699999928523,3.2195999999046307,1.0196000000238428,1.46939999997619,0.8481000000238623,0.900799999952369,0.6335999999046749,0.9192999999523295,1.9842000000476787,5.269499999999994,0.7339000000954456,1.0348000000715274,0.8673999999761008,0.7837999999522935,1.298899999976129,0.8846000000238519,1.0006000000238373,1.6687999999522845,6.350399999976162,0.8840999999047199,1.1338999999761654,2.1847000000476555,0.6906000000237782,4.188100000023837,2.5349000000953765,1.3029999999999973,8.249500000000012,0.8671000000239246,0.8525000000000773,3.901499999999942,0.8346000000238973,0.6532999999523099,0.7849000000953765,6.319199999928514,2.383999999999901,5.352899999976103,2.958699999928399,0.6683999999762591,0.7416000000238228,50.548399999976255,1.4851000000238628,3.0178999999760663]",-0.612962935,8.2465,0.0,15.0,15.0,46.0,1.0,nat,vnat,question_vocal.png,im_mouth.png,,,,,,
,,,584698,1,21,2023-09-20_15h29.38.769,flesh_expressibility_dutch,2022.2.4,Win32,60.17571308,,,,18.0,2.0,Nederlands,,,,,,Engels,3.0,Duits,2.0,Frans,1.0,Noors,1.0,,0.0,,0.0,,0.0,,0.0,NL,6.0,2.0,2.0,5.0,,sensorypref1,sensorypref2,1280.0,720.0,,,,,,,,,,,,,,,,,,,,,,,,,,,,,,,,,,,14.0,825.0585,56.0,"[1.4678999999761686,2.249899999976151,3.71780000007152,0.8003000000715588,0.8378999999761731,1.0020000000000095,7.10089999997615,1.7663999999761586,1.6173999999761577,4.404200000047638,0.7692999999522954,1.8165999999046107,1.3371000000238382,5.984699999928523,3.219500000000039,1.0194999999999936,1.4691000000238432,0.8480000000000132,0.900799999952369,0.6335000000000264,0.9192000000477378,1.9842000000476787,5.2693999999761445,0.7339000000954456,1.0348000000715274,0.8672999999523654,0.7837999999522935,1.298899999976129,0.8842999999523045,1.0006000000238373,1.6687999999522845,6.35030000007157,0.8840999999047199,1.1338000000715738,2.1847000000476555,0.6906000000237782,4.187999999999988,2.5349000000953765,1.3028999999762618,8.249399999976163,0.8670000000000755,0.8525000000000773,3.901499999999942,0.8346000000238973,0.6532000000476046,0.7847000000476783,6.319099999904665,2.383999999999901,5.3527999999522535,2.958699999928399,0.6683999999762591,0.7414999999999736,50.548299999952405,1.4851000000238628,3.0178999999760663,3.0503000000716156]","[1.4678999999761686,2.250100000023849,3.7178999999761118,0.8003000000715588,0.8378999999761731,1.0020000000000095,7.10089999997615,1.7663999999761586,1.6175000000000068,4.404299999952286,0.7692999999522954,1.8166999999284599,1.3373000000715365,5.984699999928523,3.2195999999046307,1.0196000000238428,1.46939999997619,0.8481000000238623,0.900799999952369,0.6335999999046749,0.9192999999523295,1.9842000000476787,5.269499999999994,0.7339000000954456,1.0348000000715274,0.8673999999761008,0.7837999999522935,1.298899999976129,0.8846000000238519,1.0006000000238373,1.6687999999522845,6.350399999976162,0.8840999999047199,1.1338999999761654,2.1847000000476555,0.6906000000237782,4.188100000023837,2.5349000000953765,1.3029999999999973,8.249500000000012,0.8671000000239246,0.8525000000000773,3.901499999999942,0.8346000000238973,0.6532999999523099,0.7849000000953765,6.319199999928514,2.383999999999901,5.352899999976103,2.958699999928399,0.6683999999762591,0.7416000000238228,50.548399999976255,1.4851000000238628,3.0178999999760663,3.0503000000716156]",0.583333333,3.362,0.0,16.0,16.0,39.0,1.0,verdrietig,vverdrietig,question_vocal.png,im_mouth.png,,,,,,
,,,584698,1,21,2023-09-20_15h29.38.769,flesh_expressibility_dutch,2022.2.4,Win32,60.17571308,,,,18.0,2.0,Nederlands,,,,,,Engels,3.0,Duits,2.0,Frans,1.0,Noors,1.0,,0.0,,0.0,,0.0,,0.0,NL,6.0,2.0,2.0,5.0,,sensorypref1,sensorypref2,1280.0,720.0,,,,,,,,,,,,,,,,,,,,,,,,,,,,,,,,,,,22.0,831.7264,56.0,"[1.4678999999761686,2.249899999976151,3.71780000007152,0.8003000000715588,0.8378999999761731,1.0020000000000095,7.10089999997615,1.7663999999761586,1.6173999999761577,4.404200000047638,0.7692999999522954,1.8165999999046107,1.3371000000238382,5.984699999928523,3.219500000000039,1.0194999999999936,1.4691000000238432,0.8480000000000132,0.900799999952369,0.6335000000000264,0.9192000000477378,1.9842000000476787,5.2693999999761445,0.7339000000954456,1.0348000000715274,0.8672999999523654,0.7837999999522935,1.298899999976129,0.8842999999523045,1.0006000000238373,1.6687999999522845,6.35030000007157,0.8840999999047199,1.1338000000715738,2.1847000000476555,0.6906000000237782,4.187999999999988,2.5349000000953765,1.3028999999762618,8.249399999976163,0.8670000000000755,0.8525000000000773,3.901499999999942,0.8346000000238973,0.6532000000476046,0.7847000000476783,6.319099999904665,2.383999999999901,5.3527999999522535,2.958699999928399,0.6683999999762591,0.7414999999999736,50.548299999952405,1.4851000000238628,3.0178999999760663,3.0503000000716156]","[1.4678999999761686,2.250100000023849,3.7178999999761118,0.8003000000715588,0.8378999999761731,1.0020000000000095,7.10089999997615,1.7663999999761586,1.6175000000000068,4.404299999952286,0.7692999999522954,1.8166999999284599,1.3373000000715365,5.984699999928523,3.2195999999046307,1.0196000000238428,1.46939999997619,0.8481000000238623,0.900799999952369,0.6335999999046749,0.9192999999523295,1.9842000000476787,5.269499999999994,0.7339000000954456,1.0348000000715274,0.8673999999761008,0.7837999999522935,1.298899999976129,0.8846000000238519,1.0006000000238373,1.6687999999522845,6.350399999976162,0.8840999999047199,1.1338999999761654,2.1847000000476555,0.6906000000237782,4.188100000023837,2.5349000000953765,1.3029999999999973,8.249500000000012,0.8671000000239246,0.8525000000000773,3.901499999999942,0.8346000000238973,0.6532999999523099,0.7849000000953765,6.319199999928514,2.383999999999901,5.352899999976103,2.958699999928399,0.6683999999762591,0.7416000000238228,50.548399999976255,1.4851000000238628,3.0178999999760663,3.0503000000716156]",,,0.0,17.0,17.0,192.0,1.0,vlees,vvlees,question_vocal.png,im_mouth.png,,,,,,
,,,584698,1,21,2023-09-20_15h29.38.769,flesh_expressibility_dutch,2022.2.4,Win32,60.17571308,,,,18.0,2.0,Nederlands,,,,,,Engels,3.0,Duits,2.0,Frans,1.0,Noors,1.0,,0.0,,0.0,,0.0,,0.0,NL,6.0,2.0,2.0,5.0,,sensorypref1,sensorypref2,1280.0,720.0,,,,,,,,,,,,,,,,,,,,,,,,,,,,,,,,,,,9.0,832.5189,57.0,"[1.4678999999761686,2.249899999976151,3.71780000007152,0.8003000000715588,0.8378999999761731,1.0020000000000095,7.10089999997615,1.7663999999761586,1.6173999999761577,4.404200000047638,0.7692999999522954,1.8165999999046107,1.3371000000238382,5.984699999928523,3.219500000000039,1.0194999999999936,1.4691000000238432,0.8480000000000132,0.900799999952369,0.6335000000000264,0.9192000000477378,1.9842000000476787,5.2693999999761445,0.7339000000954456,1.0348000000715274,0.8672999999523654,0.7837999999522935,1.298899999976129,0.8842999999523045,1.0006000000238373,1.6687999999522845,6.35030000007157,0.8840999999047199,1.1338000000715738,2.1847000000476555,0.6906000000237782,4.187999999999988,2.5349000000953765,1.3028999999762618,8.249399999976163,0.8670000000000755,0.8525000000000773,3.901499999999942,0.8346000000238973,0.6532000000476046,0.7847000000476783,6.319099999904665,2.383999999999901,5.3527999999522535,2.958699999928399,0.6683999999762591,0.7414999999999736,50.548299999952405,1.4851000000238628,3.0178999999760663,3.0503000000716156,2.616400000095382]","[1.4678999999761686,2.250100000023849,3.7178999999761118,0.8003000000715588,0.8378999999761731,1.0020000000000095,7.10089999997615,1.7663999999761586,1.6175000000000068,4.404299999952286,0.7692999999522954,1.8166999999284599,1.3373000000715365,5.984699999928523,3.2195999999046307,1.0196000000238428,1.46939999997619,0.8481000000238623,0.900799999952369,0.6335999999046749,0.9192999999523295,1.9842000000476787,5.269499999999994,0.7339000000954456,1.0348000000715274,0.8673999999761008,0.7837999999522935,1.298899999976129,0.8846000000238519,1.0006000000238373,1.6687999999522845,6.350399999976162,0.8840999999047199,1.1338999999761654,2.1847000000476555,0.6906000000237782,4.188100000023837,2.5349000000953765,1.3029999999999973,8.249500000000012,0.8671000000239246,0.8525000000000773,3.901499999999942,0.8346000000238973,0.6532999999523099,0.7849000000953765,6.319199999928514,2.383999999999901,5.352899999976103,2.958699999928399,0.6683999999762591,0.7416000000238228,50.548399999976255,1.4851000000238628,3.0178999999760663,3.0503000000716156,2.616400000095382]",-0.366666667,3.6084,0.0,18.0,18.0,68.0,1.0,scherp,vscherp,question_vocal.png,im_mouth.png,,,,,,
,,,584698,1,21,2023-09-20_15h29.38.769,flesh_expressibility_dutch,2022.2.4,Win32,60.17571308,,,,18.0,2.0,Nederlands,,,,,,Engels,3.0,Duits,2.0,Frans,1.0,Noors,1.0,,0.0,,0.0,,0.0,,0.0,NL,6.0,2.0,2.0,5.0,,sensorypref1,sensorypref2,1280.0,720.0,,,,,,,,,,,,,,,,,,,,,,,,,,,,,,,,,,,11.0,838.7397,58.0,"[1.4678999999761686,2.249899999976151,3.71780000007152,0.8003000000715588,0.8378999999761731,1.0020000000000095,7.10089999997615,1.7663999999761586,1.6173999999761577,4.404200000047638,0.7692999999522954,1.8165999999046107,1.3371000000238382,5.984699999928523,3.219500000000039,1.0194999999999936,1.4691000000238432,0.8480000000000132,0.900799999952369,0.6335000000000264,0.9192000000477378,1.9842000000476787,5.2693999999761445,0.7339000000954456,1.0348000000715274,0.8672999999523654,0.7837999999522935,1.298899999976129,0.8842999999523045,1.0006000000238373,1.6687999999522845,6.35030000007157,0.8840999999047199,1.1338000000715738,2.1847000000476555,0.6906000000237782,4.187999999999988,2.5349000000953765,1.3028999999762618,8.249399999976163,0.8670000000000755,0.8525000000000773,3.901499999999942,0.8346000000238973,0.6532000000476046,0.7847000000476783,6.319099999904665,2.383999999999901,5.3527999999522535,2.958699999928399,0.6683999999762591,0.7414999999999736,50.548299999952405,1.4851000000238628,3.0178999999760663,3.0503000000716156,2.616400000095382,0.7314000000952774]","[1.4678999999761686,2.250100000023849,3.7178999999761118,0.8003000000715588,0.8378999999761731,1.0020000000000095,7.10089999997615,1.7663999999761586,1.6175000000000068,4.404299999952286,0.7692999999522954,1.8166999999284599,1.3373000000715365,5.984699999928523,3.2195999999046307,1.0196000000238428,1.46939999997619,0.8481000000238623,0.900799999952369,0.6335999999046749,0.9192999999523295,1.9842000000476787,5.269499999999994,0.7339000000954456,1.0348000000715274,0.8673999999761008,0.7837999999522935,1.298899999976129,0.8846000000238519,1.0006000000238373,1.6687999999522845,6.350399999976162,0.8840999999047199,1.1338999999761654,2.1847000000476555,0.6906000000237782,4.188100000023837,2.5349000000953765,1.3029999999999973,8.249500000000012,0.8671000000239246,0.8525000000000773,3.901499999999942,0.8346000000238973,0.6532999999523099,0.7849000000953765,6.319199999928514,2.383999999999901,5.352899999976103,2.958699999928399,0.6683999999762591,0.7416000000238228,50.548399999976255,1.4851000000238628,3.0178999999760663,3.0503000000716156,2.616400000095382,0.7314999999999827]",-0.574074046,4.9142,0.0,19.0,19.0,165.0,1.0,hard,vhard,question_vocal.png,im_mouth.png,,,,,,
,,,584698,1,21,2023-09-20_15h29.38.769,flesh_expressibility_dutch,2022.2.4,Win32,60.17571308,,,,18.0,2.0,Nederlands,,,,,,Engels,3.0,Duits,2.0,Frans,1.0,Noors,1.0,,0.0,,0.0,,0.0,,0.0,NL,6.0,2.0,2.0,5.0,,sensorypref1,sensorypref2,1280.0,720.0,,,,,,,,,,,,,,,,,,,,,,,,,,,,,,,,,,,16.0,844.3984,59.0,"[1.4678999999761686,2.249899999976151,3.71780000007152,0.8003000000715588,0.8378999999761731,1.0020000000000095,7.10089999997615,1.7663999999761586,1.6173999999761577,4.404200000047638,0.7692999999522954,1.8165999999046107,1.3371000000238382,5.984699999928523,3.219500000000039,1.0194999999999936,1.4691000000238432,0.8480000000000132,0.900799999952369,0.6335000000000264,0.9192000000477378,1.9842000000476787,5.2693999999761445,0.7339000000954456,1.0348000000715274,0.8672999999523654,0.7837999999522935,1.298899999976129,0.8842999999523045,1.0006000000238373,1.6687999999522845,6.35030000007157,0.8840999999047199,1.1338000000715738,2.1847000000476555,0.6906000000237782,4.187999999999988,2.5349000000953765,1.3028999999762618,8.249399999976163,0.8670000000000755,0.8525000000000773,3.901499999999942,0.8346000000238973,0.6532000000476046,0.7847000000476783,6.319099999904665,2.383999999999901,5.3527999999522535,2.958699999928399,0.6683999999762591,0.7414999999999736,50.548299999952405,1.4851000000238628,3.0178999999760663,3.0503000000716156,2.616400000095382,0.7314000000952774,1.7168999999761354]","[1.4678999999761686,2.250100000023849,3.7178999999761118,0.8003000000715588,0.8378999999761731,1.0020000000000095,7.10089999997615,1.7663999999761586,1.6175000000000068,4.404299999952286,0.7692999999522954,1.8166999999284599,1.3373000000715365,5.984699999928523,3.2195999999046307,1.0196000000238428,1.46939999997619,0.8481000000238623,0.900799999952369,0.6335999999046749,0.9192999999523295,1.9842000000476787,5.269499999999994,0.7339000000954456,1.0348000000715274,0.8673999999761008,0.7837999999522935,1.298899999976129,0.8846000000238519,1.0006000000238373,1.6687999999522845,6.350399999976162,0.8840999999047199,1.1338999999761654,2.1847000000476555,0.6906000000237782,4.188100000023837,2.5349000000953765,1.3029999999999973,8.249500000000012,0.8671000000239246,0.8525000000000773,3.901499999999942,0.8346000000238973,0.6532999999523099,0.7849000000953765,6.319199999928514,2.383999999999901,5.352899999976103,2.958699999928399,0.6683999999762591,0.7416000000238228,50.548399999976255,1.4851000000238628,3.0178999999760663,3.0503000000716156,2.616400000095382,0.7314999999999827,1.7169999999999845]",-0.937036981,5.9272,0.0,20.0,20.0,105.0,1.0,arm (lichaam),varm (lichaam),question_vocal.png,im_mouth.png,,,,,,
,,,584698,1,21,2023-09-20_15h29.38.769,flesh_expressibility_dutch,2022.2.4,Win32,60.17571308,,,,18.0,2.0,Nederlands,,,,,,Engels,3.0,Duits,2.0,Frans,1.0,Noors,1.0,,0.0,,0.0,,0.0,,0.0,NL,6.0,2.0,2.0,5.0,,sensorypref1,sensorypref2,1280.0,720.0,,,,,,,,,,,,,,,,,,,,,,,,,,,,,,,,,,,19.0,852.3231,60.0,"[1.4678999999761686,2.249899999976151,3.71780000007152,0.8003000000715588,0.8378999999761731,1.0020000000000095,7.10089999997615,1.7663999999761586,1.6173999999761577,4.404200000047638,0.7692999999522954,1.8165999999046107,1.3371000000238382,5.984699999928523,3.219500000000039,1.0194999999999936,1.4691000000238432,0.8480000000000132,0.900799999952369,0.6335000000000264,0.9192000000477378,1.9842000000476787,5.2693999999761445,0.7339000000954456,1.0348000000715274,0.8672999999523654,0.7837999999522935,1.298899999976129,0.8842999999523045,1.0006000000238373,1.6687999999522845,6.35030000007157,0.8840999999047199,1.1338000000715738,2.1847000000476555,0.6906000000237782,4.187999999999988,2.5349000000953765,1.3028999999762618,8.249399999976163,0.8670000000000755,0.8525000000000773,3.901499999999942,0.8346000000238973,0.6532000000476046,0.7847000000476783,6.319099999904665,2.383999999999901,5.3527999999522535,2.958699999928399,0.6683999999762591,0.7414999999999736,50.548299999952405,1.4851000000238628,3.0178999999760663,3.0503000000716156,2.616400000095382,0.7314000000952774,1.7168999999761354,0.6684999999999945]","[1.4678999999761686,2.250100000023849,3.7178999999761118,0.8003000000715588,0.8378999999761731,1.0020000000000095,7.10089999997615,1.7663999999761586,1.6175000000000068,4.404299999952286,0.7692999999522954,1.8166999999284599,1.3373000000715365,5.984699999928523,3.2195999999046307,1.0196000000238428,1.46939999997619,0.8481000000238623,0.900799999952369,0.6335999999046749,0.9192999999523295,1.9842000000476787,5.269499999999994,0.7339000000954456,1.0348000000715274,0.8673999999761008,0.7837999999522935,1.298899999976129,0.8846000000238519,1.0006000000238373,1.6687999999522845,6.350399999976162,0.8840999999047199,1.1338999999761654,2.1847000000476555,0.6906000000237782,4.188100000023837,2.5349000000953765,1.3029999999999973,8.249500000000012,0.8671000000239246,0.8525000000000773,3.901499999999942,0.8346000000238973,0.6532999999523099,0.7849000000953765,6.319199999928514,2.383999999999901,5.352899999976103,2.958699999928399,0.6683999999762591,0.7416000000238228,50.548399999976255,1.4851000000238628,3.0178999999760663,3.0503000000716156,2.616400000095382,0.7314999999999827,1.7169999999999845,0.6686000000238437]",0.888888889,3.3945,0.0,21.0,21.0,35.0,1.0,boos,vboos,question_vocal.png,im_mouth.png,,,,,,
,,,584698,1,21,2023-09-20_15h29.38.769,flesh_expressibility_dutch,2022.2.4,Win32,60.17571308,,,,18.0,2.0,Nederlands,,,,,,Engels,3.0,Duits,2.0,Frans,1.0,Noors,1.0,,0.0,,0.0,,0.0,,0.0,NL,6.0,2.0,2.0,5.0,,sensorypref1,sensorypref2,1280.0,720.0,,,,,,,,,,,,,,,,,,,,,,,,,,,,,,,,,,,,,,,,,,,,,,,,,,,,,,,,
,,,584698,1,21,2023-09-20_15h29.38.769,flesh_expressibility_dutch,2022.2.4,Win32,60.17571308,,,,18.0,2.0,Nederlands,,,,,,Engels,3.0,Duits,2.0,Frans,1.0,Noors,1.0,,0.0,,0.0,,0.0,,0.0,NL,6.0,2.0,2.0,5.0,,sensorypref1,sensorypref2,1280.0,720.0,,,,,,,,,,,,,,,,,,,,,,,,,,,,,,,,,,,,,,,,,,,,,,,,,,,1.0,,,,,
,,,584698,1,21,2023-09-20_15h29.38.769,flesh_expressibility_dutch,2022.2.4,Win32,60.17571308,,,,18.0,2.0,Nederlands,,,,,,Engels,3.0,Duits,2.0,Frans,1.0,Noors,1.0,,0.0,,0.0,,0.0,,0.0,NL,6.0,2.0,2.0,5.0,,sensorypref1,sensorypref2,1280.0,720.0,,,,,,,,,,,,,,,,,,,,,,,,,,,,,,,,,,,,,,,,,,,,,,,,,,,1.0,,,,,
,,,584698,1,21,2023-09-20_15h29.38.769,flesh_expressibility_dutch,2022.2.4,Win32,60.17571308,,,,18.0,2.0,Nederlands,,,,,,Engels,3.0,Duits,2.0,Frans,1.0,Noors,1.0,,0.0,,0.0,,0.0,,0.0,NL,6.0,2.0,2.0,5.0,,sensorypref1,sensorypref2,1280.0,720.0,,,,,,,,,,,,,,,,,,,,,,,,,,,,,,,,,,,,,,,,,,,,,,,,,,,1.0,,,1.0,[866.8329000000954],[866.833]
