welcome_weiter.numClicks,welcome_weiter.timesOn,welcome_weiter.timesOff,exp_ID,session,presentation limit,date,expName,psychopyVersion,OS,frameRate,introduction_weiter.numClicks,introduction_weiter.timesOn,introduction_weiter.timesOff,age,gender,natlang1,natlang2,natlang3,natlang4,natlang5,natlang6,lang1,proficiency1,lang2,proficiency2,lang3,proficiency3,lang4,proficiency4,lang5,proficiency5,lang6,proficiency6,lang7,proficiency7,lang8,proficiency8,country,education,dyslexia,mobility,currentloc,radio-for-required-checkboxes,sensorypref2,xRes,yRes,sensorypref[],sensorypref1,sensorypref3,sensorypref4,practice_weiter.numClicks,practice_weiter.timesOn,practice_weiter.timesOff,pr_message_weiter.numClicks,pr_message_weiter.timesOn,pr_message_weiter.timesOff,pr_remember_weiter.numClicks,pr_remember_weiter.timesOn,pr_remember_weiter.timesOff,button_weiter.numClicks,button_weiter.timesOn,button_weiter.timesOff,pr_expressibility.response,pr_expressibility.rt,practice_trials.thisRepN,practice_trials.thisTrialN,practice_trials.thisN,practice_trials.thisIndex,practice_trials.ran,pr_word,pr_question,pr_image,start_weiter.numClicks,start_weiter.timesOn,start_weiter.timesOff,message_weiter.numClicks,message_weiter.timesOn,message_weiter.timesOff,trial_remember_weiter.numClicks,trial_remember_weiter.timesOn,trial_remember_weiter.timesOff,Count,Shelf time,trial_button_weiter.numClicks,trial_button_weiter.timesOn,trial_button_weiter.timesOff,expressibility.response,expressibility.rt,trials.thisRepN,trials.thisTrialN,trials.thisN,trials.thisIndex,trials.ran,word,fordict,question,trial_img,problem,problem_text,comment_text,end_experiment.numClicks,end_experiment.timesOn,end_experiment.timesOff
1.0,[3.5915999999996266],[3.5918000000007453],649358,1,21,2023-09-18_14h57.12.232,flesh_expressibility_dutch,2022.2.4,Win32,60.04563468,,,,,,,,,,,,,,,,,,,,,,,,,,,,,,,,,,,,,,,,,,,,,,,,,,,,,,,,,,,,,,,,,,,,,,,,,,,,,,,,,,,,,,,,,,,,,
,,,649358,1,21,2023-09-18_14h57.12.232,flesh_expressibility_dutch,2022.2.4,Win32,60.04563468,,,,,,,,,,,,,,,,,,,,,,,,,,,,,,,,,,,,,,,,,,,,,,,,,,,,,,,,,,,,,,,,,,,,,,,,,,,,,,,,,,,,,,,,,,,,,
,,,649358,1,21,2023-09-18_14h57.12.232,flesh_expressibility_dutch,2022.2.4,Win32,60.04563468,1.0,[14.98690000000037],[14.98690000000037],,,,,,,,,,,,,,,,,,,,,,,,,,,,,,,,,,,,,,,,,,,,,,,,,,,,,,,,,,,,,,,,,,,,,,,,,,,,,,,,,,,,,,,,,,
,,,649358,1,21,2023-09-18_14h57.12.232,flesh_expressibility_dutch,2022.2.4,Win32,60.04563468,,,,,,,,,,,,,,,,,,,,,,,,,,,,,,,,,,,,,,,,,,,,,,,,,,,,,,,,,,,,,,,,,,,,,,,,,,,,,,,,,,,,,,,,,,,,,
,,,649358,1,21,2023-09-18_14h57.12.232,flesh_expressibility_dutch,2022.2.4,Win32,60.04563468,,,,18.0,1.0,Nederlands,,,,,,Engels,2.0,,0.0,,0.0,,0.0,,0.0,,0.0,,0.0,,0.0,NL,2.0,2.0,2.0,5.0,on,sensorypref2,1536.0,864.0,,,,,,,,,,,,,,,,,,,,,,,,,,,,,,,,,,,,,,,,,,,,,,,,,,,,,,,,,
,,,649358,1,21,2023-09-18_14h57.12.232,flesh_expressibility_dutch,2022.2.4,Win32,60.04563468,,,,18.0,1.0,Nederlands,,,,,,Engels,2.0,,0.0,,0.0,,0.0,,0.0,,0.0,,0.0,,0.0,NL,2.0,2.0,2.0,5.0,,sensorypref2,1536.0,864.0,,,,,1.0,[75.69509999999963],[75.69520000000111],,,,,,,,,,,,,,,,,,,,,,,,,,,,,,,,,,,,,,,,,,,,,,,,,,
,,,649358,1,21,2023-09-18_14h57.12.232,flesh_expressibility_dutch,2022.2.4,Win32,60.04563468,,,,18.0,1.0,Nederlands,,,,,,Engels,2.0,,0.0,,0.0,,0.0,,0.0,,0.0,,0.0,,0.0,NL,2.0,2.0,2.0,5.0,,sensorypref2,1536.0,864.0,,,,,,,,,,,,,,,,,,,,,,,,,,,,,,,,,,,,,,,,,,,,,,,,,,,,,,,,,
,,,649358,1,21,2023-09-18_14h57.12.232,flesh_expressibility_dutch,2022.2.4,Win32,60.04563468,,,,18.0,1.0,Nederlands,,,,,,Engels,2.0,,0.0,,0.0,,0.0,,0.0,,0.0,,0.0,,0.0,NL,2.0,2.0,2.0,5.0,,sensorypref2,1536.0,864.0,,,,,,,,1.0,[82.80390000000037],[82.804],1.0,[91.76679999999888],[91.7668999999985],1.0,[1.0590999999996313],[1.0590999999996313],0.45185188,9.4365,0.0,0.0,0.0,1.0,1.0,moe,question_vocal.png,im_mouth.png,,,,,,,,,,,,,,,,,,,,,,,,,,,,,,,
,,,649358,1,21,2023-09-18_14h57.12.232,flesh_expressibility_dutch,2022.2.4,Win32,60.04563468,,,,18.0,1.0,Nederlands,,,,,,Engels,2.0,,0.0,,0.0,,0.0,,0.0,,0.0,,0.0,,0.0,NL,2.0,2.0,2.0,5.0,,sensorypref2,1536.0,864.0,,,,,,,,,,,,,,2.0,"[1.0590999999996313,1.4009999999999962]","[1.0590999999996313,1.4009999999999962]",0.503703788,3.5908,0.0,1.0,1.0,0.0,1.0,liefde,question_vocal.png,im_mouth.png,,,,,,,,,,,,,,,,,,,,,,,,,,,,,,,
,,,649358,1,21,2023-09-18_14h57.12.232,flesh_expressibility_dutch,2022.2.4,Win32,60.04563468,,,,18.0,1.0,Nederlands,,,,,,Engels,2.0,,0.0,,0.0,,0.0,,0.0,,0.0,,0.0,,0.0,NL,2.0,2.0,2.0,5.0,,sensorypref2,1536.0,864.0,,,,,,,,2.0,"[82.80390000000037,116.32499999999999]","[82.804,116.32509999999962]",2.0,"[91.76679999999888,122.9367999999989]","[91.7668999999985,122.9367999999989]",3.0,"[1.0590999999996313,1.4009999999999962,0.6605000000000132]","[1.0590999999996313,1.4009999999999962,0.660599999999647]",0.692592762,1.7852,0.0,0.0,0.0,0.0,1.0,koken,question_multimodal.png,im_combination.png,,,,,,,,,,,,,,,,,,,,,,,,,,,,,,,
,,,649358,1,21,2023-09-18_14h57.12.232,flesh_expressibility_dutch,2022.2.4,Win32,60.04563468,,,,18.0,1.0,Nederlands,,,,,,Engels,2.0,,0.0,,0.0,,0.0,,0.0,,0.0,,0.0,,0.0,NL,2.0,2.0,2.0,5.0,,sensorypref2,1536.0,864.0,,,,,,,,,,,,,,4.0,"[1.0590999999996313,1.4009999999999962,0.6605000000000132,1.0803000000007614]","[1.0590999999996313,1.4009999999999962,0.660599999999647,1.0803000000007614]",0.672222279,3.5383,0.0,1.0,1.0,1.0,1.0,leeuw,question_multimodal.png,im_combination.png,,,,,,,,,,,,,,,,,,,,,,,,,,,,,,,
,,,649358,1,21,2023-09-18_14h57.12.232,flesh_expressibility_dutch,2022.2.4,Win32,60.04563468,,,,18.0,1.0,Nederlands,,,,,,Engels,2.0,,0.0,,0.0,,0.0,,0.0,,0.0,,0.0,,0.0,NL,2.0,2.0,2.0,5.0,,sensorypref2,1536.0,864.0,,,,,,,,3.0,"[82.80390000000037,116.32499999999999,137.24280000000073]","[82.804,116.32509999999962,137.24290000000036]",3.0,"[91.76679999999888,122.9367999999989,138.39709999999963]","[91.7668999999985,122.9367999999989,138.39709999999963]",5.0,"[1.0590999999996313,1.4009999999999962,0.6605000000000132,1.0803000000007614,0.5822999999988951]","[1.0590999999996313,1.4009999999999962,0.660599999999647,1.0803000000007614,0.582399999998529]",0.292592649,3.7178,0.0,0.0,0.0,1.0,1.0,auto,question_gesture.png,im_hand.png,,,,,,,,,,,,,,,,,,,,,,,,,,,,,,,
,,,649358,1,21,2023-09-18_14h57.12.232,flesh_expressibility_dutch,2022.2.4,Win32,60.04563468,,,,18.0,1.0,Nederlands,,,,,,Engels,2.0,,0.0,,0.0,,0.0,,0.0,,0.0,,0.0,,0.0,NL,2.0,2.0,2.0,5.0,,sensorypref2,1536.0,864.0,,,,,,,,,,,,,,6.0,"[1.0590999999996313,1.4009999999999962,0.6605000000000132,1.0803000000007614,0.5822999999988951,0.6009999999999991]","[1.0590999999996313,1.4009999999999962,0.660599999999647,1.0803000000007614,0.582399999998529,0.6009999999999991]",0.353703675,2.0183,0.0,1.0,1.0,0.0,1.0,baby,question_gesture.png,im_hand.png,,,,,,,,,,,,,,,,,,,,,,,,,,,,,,,
,,,649358,1,21,2023-09-18_14h57.12.232,flesh_expressibility_dutch,2022.2.4,Win32,60.04563468,,,,18.0,1.0,Nederlands,,,,,,Engels,2.0,,0.0,,0.0,,0.0,,0.0,,0.0,,0.0,,0.0,NL,2.0,2.0,2.0,5.0,,sensorypref2,1536.0,864.0,,,,,,,,,,,,,,,,,,,,,,,,,,,1.0,[156.33170000000115],[156.33170000000115],,,,,,,,,,,,,,,,,,,,,,,,,,,,
,,,649358,1,21,2023-09-18_14h57.12.232,flesh_expressibility_dutch,2022.2.4,Win32,60.04563468,,,,18.0,1.0,Nederlands,,,,,,Engels,2.0,,0.0,,0.0,,0.0,,0.0,,0.0,,0.0,,0.0,NL,2.0,2.0,2.0,5.0,,sensorypref2,1536.0,864.0,,,,,,,,,,,,,,,,,,,,,,,,,,,,,,,,,,,,,,,,,,,,,,,,,,,,,,,,,
,,,649358,1,21,2023-09-18_14h57.12.232,flesh_expressibility_dutch,2022.2.4,Win32,60.04563468,,,,18.0,1.0,Nederlands,,,,,,Engels,2.0,,0.0,,0.0,,0.0,,0.0,,0.0,,0.0,,0.0,NL,2.0,2.0,2.0,5.0,,sensorypref2,1536.0,864.0,,,,,,,,,,,,,,,,,,,,,,,,,,,,,,1.0,[164.542],[164.54209999999964],1.0,[166.73919999999927],[166.73930000000075],11.0,168.1961,1.0,[0.999400000000378],[0.999400000000378],-0.527777778,5.1355,0.0,0.0,0.0,61.0,1.0,laag (ruimtelijk),vlaag (ruimtelijk),question_vocal.png,im_mouth.png,,,,,,
,,,649358,1,21,2023-09-18_14h57.12.232,flesh_expressibility_dutch,2022.2.4,Win32,60.04563468,,,,18.0,1.0,Nederlands,,,,,,Engels,2.0,,0.0,,0.0,,0.0,,0.0,,0.0,,0.0,,0.0,NL,2.0,2.0,2.0,5.0,,sensorypref2,1536.0,864.0,,,,,,,,,,,,,,,,,,,,,,,,,,,,,,,,,,,,17.0,174.2777,2.0,"[0.999400000000378,0.6001999999992336]","[0.999400000000378,0.6004999999999825]",-0.54814812,5.1213,0.0,1.0,1.0,154.0,1.0,zeggen,vzeggen,question_vocal.png,im_mouth.png,,,,,,
,,,649358,1,21,2023-09-18_14h57.12.232,flesh_expressibility_dutch,2022.2.4,Win32,60.04563468,,,,18.0,1.0,Nederlands,,,,,,Engels,2.0,,0.0,,0.0,,0.0,,0.0,,0.0,,0.0,,0.0,NL,2.0,2.0,2.0,5.0,,sensorypref2,1536.0,864.0,,,,,,,,,,,,,,,,,,,,,,,,,,,,,,,,,,,,15.0,180.0738,3.0,"[0.999400000000378,0.6001999999992336,0.7813999999985128]","[0.999400000000378,0.6004999999999825,0.7813999999985128]",-0.192592621,5.3929,0.0,2.0,2.0,178.0,1.0,hij,vhij,question_vocal.png,im_mouth.png,,,,,,
,,,649358,1,21,2023-09-18_14h57.12.232,flesh_expressibility_dutch,2022.2.4,Win32,60.04563468,,,,18.0,1.0,Nederlands,,,,,,Engels,2.0,,0.0,,0.0,,0.0,,0.0,,0.0,,0.0,,0.0,NL,2.0,2.0,2.0,5.0,,sensorypref2,1536.0,864.0,,,,,,,,,,,,,,,,,,,,,,,,,,,,,,,,,,,,12.0,186.2234,4.0,"[0.999400000000378,0.6001999999992336,0.7813999999985128,2.1189999999999998]","[0.999400000000378,0.6004999999999825,0.7813999999985128,2.1190999999996336]",-0.359259288,6.9594,0.0,3.0,3.0,184.0,1.0,ver,vver,question_vocal.png,im_mouth.png,,,,,,
,,,649358,1,21,2023-09-18_14h57.12.232,flesh_expressibility_dutch,2022.2.4,Win32,60.04563468,,,,18.0,1.0,Nederlands,,,,,,Engels,2.0,,0.0,,0.0,,0.0,,0.0,,0.0,,0.0,,0.0,NL,2.0,2.0,2.0,5.0,,sensorypref2,1536.0,864.0,,,,,,,,,,,,,,,,,,,,,,,,,,,,,,,,,,,,8.0,193.699,5.0,"[0.999400000000378,0.6001999999992336,0.7813999999985128,2.1189999999999998,1.4830999999996095]","[0.999400000000378,0.6004999999999825,0.7813999999985128,2.1190999999996336,1.4830999999996095]",-0.57222225,3.2471,0.0,4.0,4.0,165.0,1.0,hard,vhard,question_vocal.png,im_mouth.png,,,,,,
,,,649358,1,21,2023-09-18_14h57.12.232,flesh_expressibility_dutch,2022.2.4,Win32,60.04563468,,,,18.0,1.0,Nederlands,,,,,,Engels,2.0,,0.0,,0.0,,0.0,,0.0,,0.0,,0.0,,0.0,NL,2.0,2.0,2.0,5.0,,sensorypref2,1536.0,864.0,,,,,,,,,,,,,,,,,,,,,,,,,,,,,,,,,,,,18.0,198.515,6.0,"[0.999400000000378,0.6001999999992336,0.7813999999985128,2.1189999999999998,1.4830999999996095,0.8524000000003866]","[0.999400000000378,0.6004999999999825,0.7813999999985128,2.1190999999996336,1.4830999999996095,0.8524000000003866]",-0.624074088,3.2202,0.0,5.0,5.0,202.0,1.0,vlinder,vvlinder,question_vocal.png,im_mouth.png,,,,,,
,,,649358,1,21,2023-09-18_14h57.12.232,flesh_expressibility_dutch,2022.2.4,Win32,60.04563468,,,,18.0,1.0,Nederlands,,,,,,Engels,2.0,,0.0,,0.0,,0.0,,0.0,,0.0,,0.0,,0.0,NL,2.0,2.0,2.0,5.0,,sensorypref2,1536.0,864.0,,,,,,,,,,,,,,,,,,,,,,,,,,,,,,,,,,,,15.0,202.6054,7.0,"[0.999400000000378,0.6001999999992336,0.7813999999985128,2.1189999999999998,1.4830999999996095,0.8524000000003866,1.1824000000003707]","[0.999400000000378,0.6004999999999825,0.7813999999985128,2.1190999999996336,1.4830999999996095,0.8524000000003866,1.1825000000000045]",-0.64444443,6.7313,0.0,6.0,6.0,113.0,1.0,bot (lichaam),vbot (lichaam),question_vocal.png,im_mouth.png,,,,,,
,,,649358,1,21,2023-09-18_14h57.12.232,flesh_expressibility_dutch,2022.2.4,Win32,60.04563468,,,,18.0,1.0,Nederlands,,,,,,Engels,2.0,,0.0,,0.0,,0.0,,0.0,,0.0,,0.0,,0.0,NL,2.0,2.0,2.0,5.0,,sensorypref2,1536.0,864.0,,,,,,,,,,,,,,,,,,,,,,,,,,,,,,,,,,,,14.0,210.4894,8.0,"[0.999400000000378,0.6001999999992336,0.7813999999985128,2.1189999999999998,1.4830999999996095,0.8524000000003866,1.1824000000003707,0.6506000000014751]","[0.999400000000378,0.6004999999999825,0.7813999999985128,2.1190999999996336,1.4830999999996095,0.8524000000003866,1.1825000000000045,0.650700000001109]",0.090740769,3.3586,0.0,7.0,7.0,8.0,1.0,likken,vlikken,question_vocal.png,im_mouth.png,,,,,,
,,,649358,1,21,2023-09-18_14h57.12.232,flesh_expressibility_dutch,2022.2.4,Win32,60.04563468,,,,18.0,1.0,Nederlands,,,,,,Engels,2.0,,0.0,,0.0,,0.0,,0.0,,0.0,,0.0,,0.0,NL,2.0,2.0,2.0,5.0,,sensorypref2,1536.0,864.0,,,,,,,,,,,,,,,,,,,,,,,,,,,,,,,,,,,,14.0,214.482,9.0,"[0.999400000000378,0.6001999999992336,0.7813999999985128,2.1189999999999998,1.4830999999996095,0.8524000000003866,1.1824000000003707,0.6506000000014751,2.415699999999248]","[0.999400000000378,0.6004999999999825,0.7813999999985128,2.1190999999996336,1.4830999999996095,0.8524000000003866,1.1825000000000045,0.650700000001109,2.415699999999248]",0.042592649,5.9572,0.0,8.0,8.0,160.0,1.0,wie,vwie,question_vocal.png,im_mouth.png,,,,,,
,,,649358,1,21,2023-09-18_14h57.12.232,flesh_expressibility_dutch,2022.2.4,Win32,60.04563468,,,,18.0,1.0,Nederlands,,,,,,Engels,2.0,,0.0,,0.0,,0.0,,0.0,,0.0,,0.0,,0.0,NL,2.0,2.0,2.0,5.0,,sensorypref2,1536.0,864.0,,,,,,,,,,,,,,,,,,,,,,,,,,,,,,,,,,,,19.0,221.6493,10.0,"[0.999400000000378,0.6001999999992336,0.7813999999985128,2.1189999999999998,1.4830999999996095,0.8524000000003866,1.1824000000003707,0.6506000000014751,2.415699999999248,0.6504000000003884]","[0.999400000000378,0.6004999999999825,0.7813999999985128,2.1190999999996336,1.4830999999996095,0.8524000000003866,1.1825000000000045,0.650700000001109,2.415699999999248,0.6504999999999939]",0.318518603,4.1201,0.0,9.0,9.0,100.0,1.0,vogel,vvogel,question_vocal.png,im_mouth.png,,,,,,
,,,649358,1,21,2023-09-18_14h57.12.232,flesh_expressibility_dutch,2022.2.4,Win32,60.04563468,,,,18.0,1.0,Nederlands,,,,,,Engels,2.0,,0.0,,0.0,,0.0,,0.0,,0.0,,0.0,,0.0,NL,2.0,2.0,2.0,5.0,,sensorypref2,1536.0,864.0,,,,,,,,,,,,,,,,,,,,,,,,,,,,,,,,,,,,7.0,226.3479,11.0,"[0.999400000000378,0.6001999999992336,0.7813999999985128,2.1189999999999998,1.4830999999996095,0.8524000000003866,1.1824000000003707,0.6506000000014751,2.415699999999248,0.6504000000003884,1.4491000000014935]","[0.999400000000378,0.6004999999999825,0.7813999999985128,2.1190999999996336,1.4830999999996095,0.8524000000003866,1.1825000000000045,0.650700000001109,2.415699999999248,0.6504999999999939,1.4491000000014935]",-0.462962963,4.7702,0.0,10.0,10.0,5.0,1.0,honing,vhoning,question_vocal.png,im_mouth.png,,,,,,
,,,649358,1,21,2023-09-18_14h57.12.232,flesh_expressibility_dutch,2022.2.4,Win32,60.04563468,,,,18.0,1.0,Nederlands,,,,,,Engels,2.0,,0.0,,0.0,,0.0,,0.0,,0.0,,0.0,,0.0,NL,2.0,2.0,2.0,5.0,,sensorypref2,1536.0,864.0,,,,,,,,,,,,,,,,,,,,,,,,,,,,,,,,,,,,18.0,232.5895,12.0,"[0.999400000000378,0.6001999999992336,0.7813999999985128,2.1189999999999998,1.4830999999996095,0.8524000000003866,1.1824000000003707,0.6506000000014751,2.415699999999248,0.6504000000003884,1.4491000000014935,1.4471999999992704]","[0.999400000000378,0.6004999999999825,0.7813999999985128,2.1190999999996336,1.4830999999996095,0.8524000000003866,1.1825000000000045,0.650700000001109,2.415699999999248,0.6504999999999939,1.4491000000014935,1.4472999999988758]",0.055555556,3.2246,0.0,11.0,11.0,94.0,1.0,nu,vnu,question_vocal.png,im_mouth.png,,,,,,
,,,649358,1,21,2023-09-18_14h57.12.232,flesh_expressibility_dutch,2022.2.4,Win32,60.04563468,,,,18.0,1.0,Nederlands,,,,,,Engels,2.0,,0.0,,0.0,,0.0,,0.0,,0.0,,0.0,,0.0,NL,2.0,2.0,2.0,5.0,,sensorypref2,1536.0,864.0,,,,,,,,,,,,,,,,,,,,,,,,,,,,,,,,,,,,14.0,236.6031,13.0,"[0.999400000000378,0.6001999999992336,0.7813999999985128,2.1189999999999998,1.4830999999996095,0.8524000000003866,1.1824000000003707,0.6506000000014751,2.415699999999248,0.6504000000003884,1.4491000000014935,1.4471999999992704,0.7179999999999893]","[0.999400000000378,0.6004999999999825,0.7813999999985128,2.1190999999996336,1.4830999999996095,0.8524000000003866,1.1825000000000045,0.650700000001109,2.415699999999248,0.6504999999999939,1.4491000000014935,1.4472999999988758,0.7179999999999893]",-0.698148162,2.5699,0.0,12.0,12.0,88.0,1.0,verzamelen,vverzamelen,question_vocal.png,im_mouth.png,,,,,,
,,,649358,1,21,2023-09-18_14h57.12.232,flesh_expressibility_dutch,2022.2.4,Win32,60.04563468,,,,18.0,1.0,Nederlands,,,,,,Engels,2.0,,0.0,,0.0,,0.0,,0.0,,0.0,,0.0,,0.0,NL,2.0,2.0,2.0,5.0,,sensorypref2,1536.0,864.0,,,,,,,,,,,,,,,,,,,,,,,,,,,,,,,,,,,,16.0,239.877,14.0,"[0.999400000000378,0.6001999999992336,0.7813999999985128,2.1189999999999998,1.4830999999996095,0.8524000000003866,1.1824000000003707,0.6506000000014751,2.415699999999248,0.6504000000003884,1.4491000000014935,1.4471999999992704,0.7179999999999893,0.515500000000003]","[0.999400000000378,0.6004999999999825,0.7813999999985128,2.1190999999996336,1.4830999999996095,0.8524000000003866,1.1825000000000045,0.650700000001109,2.415699999999248,0.6504999999999939,1.4491000000014935,1.4472999999988758,0.7179999999999893,0.515700000001118]",-0.553703732,4.4072,0.0,13.0,13.0,99.0,1.0,mier,vmier,question_vocal.png,im_mouth.png,,,,,,
,,,649358,1,21,2023-09-18_14h57.12.232,flesh_expressibility_dutch,2022.2.4,Win32,60.04563468,,,,18.0,1.0,Nederlands,,,,,,Engels,2.0,,0.0,,0.0,,0.0,,0.0,,0.0,,0.0,,0.0,NL,2.0,2.0,2.0,5.0,,sensorypref2,1536.0,864.0,,,,,,,,,,,,,,,,,,,,,,,,,,,,,,,,,,,,14.0,244.7551,15.0,"[0.999400000000378,0.6001999999992336,0.7813999999985128,2.1189999999999998,1.4830999999996095,0.8524000000003866,1.1824000000003707,0.6506000000014751,2.415699999999248,0.6504000000003884,1.4491000000014935,1.4471999999992704,0.7179999999999893,0.515500000000003,0.68519999999927]","[0.999400000000378,0.6004999999999825,0.7813999999985128,2.1190999999996336,1.4830999999996095,0.8524000000003866,1.1825000000000045,0.650700000001109,2.415699999999248,0.6504999999999939,1.4491000000014935,1.4472999999988758,0.7179999999999893,0.515700000001118,0.6853999999985376]",0.296296296,4.7757,0.0,14.0,14.0,129.0,1.0,goed,vgoed,question_vocal.png,im_mouth.png,,,,,,
,,,649358,1,21,2023-09-18_14h57.12.232,flesh_expressibility_dutch,2022.2.4,Win32,60.04563468,,,,18.0,1.0,Nederlands,,,,,,Engels,2.0,,0.0,,0.0,,0.0,,0.0,,0.0,,0.0,,0.0,NL,2.0,2.0,2.0,5.0,,sensorypref2,1536.0,864.0,,,,,,,,,,,,,,,,,,,,,,,,,,,,,,,,,,,,14.0,250.3104,16.0,"[0.999400000000378,0.6001999999992336,0.7813999999985128,2.1189999999999998,1.4830999999996095,0.8524000000003866,1.1824000000003707,0.6506000000014751,2.415699999999248,0.6504000000003884,1.4491000000014935,1.4471999999992704,0.7179999999999893,0.515500000000003,0.68519999999927,0.5510999999996216]","[0.999400000000378,0.6004999999999825,0.7813999999985128,2.1190999999996336,1.4830999999996095,0.8524000000003866,1.1825000000000045,0.650700000001109,2.415699999999248,0.6504999999999939,1.4491000000014935,1.4472999999988758,0.7179999999999893,0.515700000001118,0.6853999999985376,0.5510999999996216]",0.444444444,4.1438,0.0,15.0,15.0,4.0,1.0,fluisteren,vfluisteren,question_vocal.png,im_mouth.png,,,,,,
,,,649358,1,21,2023-09-18_14h57.12.232,flesh_expressibility_dutch,2022.2.4,Win32,60.04563468,,,,18.0,1.0,Nederlands,,,,,,Engels,2.0,,0.0,,0.0,,0.0,,0.0,,0.0,,0.0,,0.0,NL,2.0,2.0,2.0,5.0,,sensorypref2,1536.0,864.0,,,,,,,,,,,,,,,,,,,,,,,,,,,,,,,,,,,,14.0,254.9328,17.0,"[0.999400000000378,0.6001999999992336,0.7813999999985128,2.1189999999999998,1.4830999999996095,0.8524000000003866,1.1824000000003707,0.6506000000014751,2.415699999999248,0.6504000000003884,1.4491000000014935,1.4471999999992704,0.7179999999999893,0.515500000000003,0.68519999999927,0.5510999999996216,0.41609999999963065]","[0.999400000000378,0.6004999999999825,0.7813999999985128,2.1190999999996336,1.4830999999996095,0.8524000000003866,1.1825000000000045,0.650700000001109,2.415699999999248,0.6504999999999939,1.4491000000014935,1.4472999999988758,0.7179999999999893,0.515700000001118,0.6853999999985376,0.5510999999996216,0.4161999999992645]",0.038888861,3.5607,0.0,16.0,16.0,183.0,1.0,jij,vjij,question_vocal.png,im_mouth.png,,,,,,
,,,649358,1,21,2023-09-18_14h57.12.232,flesh_expressibility_dutch,2022.2.4,Win32,60.04563468,,,,18.0,1.0,Nederlands,,,,,,Engels,2.0,,0.0,,0.0,,0.0,,0.0,,0.0,,0.0,,0.0,NL,2.0,2.0,2.0,5.0,,sensorypref2,1536.0,864.0,,,,,,,,,,,,,,,,,,,,,,,,,,,,,,,,,,,,8.0,259.0255,18.0,"[0.999400000000378,0.6001999999992336,0.7813999999985128,2.1189999999999998,1.4830999999996095,0.8524000000003866,1.1824000000003707,0.6506000000014751,2.415699999999248,0.6504000000003884,1.4491000000014935,1.4471999999992704,0.7179999999999893,0.515500000000003,0.68519999999927,0.5510999999996216,0.41609999999963065,0.6815999999996052]","[0.999400000000378,0.6004999999999825,0.7813999999985128,2.1190999999996336,1.4830999999996095,0.8524000000003866,1.1825000000000045,0.650700000001109,2.415699999999248,0.6504999999999939,1.4491000000014935,1.4472999999988758,0.7179999999999893,0.515700000001118,0.6853999999985376,0.5510999999996216,0.4161999999992645,0.681699999999239]",-0.479629658,3.1707,0.0,17.0,17.0,18.0,1.0,toekomst,vtoekomst,question_vocal.png,im_mouth.png,,,,,,
,,,649358,1,21,2023-09-18_14h57.12.232,flesh_expressibility_dutch,2022.2.4,Win32,60.04563468,,,,18.0,1.0,Nederlands,,,,,,Engels,2.0,,0.0,,0.0,,0.0,,0.0,,0.0,,0.0,,0.0,NL,2.0,2.0,2.0,5.0,,sensorypref2,1536.0,864.0,,,,,,,,,,,,,,,,,,,,,,,,,,,,,,,,,,,,17.0,262.9187,19.0,"[0.999400000000378,0.6001999999992336,0.7813999999985128,2.1189999999999998,1.4830999999996095,0.8524000000003866,1.1824000000003707,0.6506000000014751,2.415699999999248,0.6504000000003884,1.4491000000014935,1.4471999999992704,0.7179999999999893,0.515500000000003,0.68519999999927,0.5510999999996216,0.41609999999963065,0.6815999999996052,0.7177000000011162]","[0.999400000000378,0.6004999999999825,0.7813999999985128,2.1190999999996336,1.4830999999996095,0.8524000000003866,1.1825000000000045,0.650700000001109,2.415699999999248,0.6504999999999939,1.4491000000014935,1.4472999999988758,0.7179999999999893,0.515700000001118,0.6853999999985376,0.5510999999996216,0.4161999999992645,0.681699999999239,0.7177000000011162]",0.12962963,4.9903,0.0,18.0,18.0,64.0,1.0,smaak,vsmaak,question_vocal.png,im_mouth.png,,,,,,
,,,649358,1,21,2023-09-18_14h57.12.232,flesh_expressibility_dutch,2022.2.4,Win32,60.04563468,,,,18.0,1.0,Nederlands,,,,,,Engels,2.0,,0.0,,0.0,,0.0,,0.0,,0.0,,0.0,,0.0,NL,2.0,2.0,2.0,5.0,,sensorypref2,1536.0,864.0,,,,,,,,,,,,,,,,,,,,,,,,,,,,,,,,,,,,16.0,268.55,20.0,"[0.999400000000378,0.6001999999992336,0.7813999999985128,2.1189999999999998,1.4830999999996095,0.8524000000003866,1.1824000000003707,0.6506000000014751,2.415699999999248,0.6504000000003884,1.4491000000014935,1.4471999999992704,0.7179999999999893,0.515500000000003,0.68519999999927,0.5510999999996216,0.41609999999963065,0.6815999999996052,0.7177000000011162,0.5337000000011471]","[0.999400000000378,0.6004999999999825,0.7813999999985128,2.1190999999996336,1.4830999999996095,0.8524000000003866,1.1825000000000045,0.650700000001109,2.415699999999248,0.6504999999999939,1.4491000000014935,1.4472999999988758,0.7179999999999893,0.515700000001118,0.6853999999985376,0.5510999999996216,0.4161999999992645,0.681699999999239,0.7177000000011162,0.5337000000011471]",-0.555555556,2.5228,0.0,19.0,19.0,96.0,1.0,verbranden,vverbranden,question_vocal.png,im_mouth.png,,,,,,
,,,649358,1,21,2023-09-18_14h57.12.232,flesh_expressibility_dutch,2022.2.4,Win32,60.04563468,,,,18.0,1.0,Nederlands,,,,,,Engels,2.0,,0.0,,0.0,,0.0,,0.0,,0.0,,0.0,,0.0,NL,2.0,2.0,2.0,5.0,,sensorypref2,1536.0,864.0,,,,,,,,,,,,,,,,,,,,,,,,,,,,,,2.0,"[164.542,272.4224000000004]","[164.54209999999964,272.4225]",2.0,"[166.73919999999927,279.73449999999997]","[166.73930000000075,279.7345999999996]",10.0,281.1449,21.0,"[0.999400000000378,0.6001999999992336,0.7813999999985128,2.1189999999999998,1.4830999999996095,0.8524000000003866,1.1824000000003707,0.6506000000014751,2.415699999999248,0.6504000000003884,1.4491000000014935,1.4471999999992704,0.7179999999999893,0.515500000000003,0.68519999999927,0.5510999999996216,0.41609999999963065,0.6815999999996052,0.7177000000011162,0.5337000000011471,0.5994000000004007]","[0.999400000000378,0.6004999999999825,0.7813999999985128,2.1190999999996336,1.4830999999996095,0.8524000000003866,1.1825000000000045,0.650700000001109,2.415699999999248,0.6504999999999939,1.4491000000014935,1.4472999999988758,0.7179999999999893,0.515700000001118,0.6853999999985376,0.5510999999996216,0.4161999999992645,0.681699999999239,0.7177000000011162,0.5337000000011471,0.5995000000000346]",0.3648149,10.3608,0.0,0.0,0.0,58.0,1.0,wanneer,gwanneer,question_gesture.png,im_hand.png,,,,,,
,,,649358,1,21,2023-09-18_14h57.12.232,flesh_expressibility_dutch,2022.2.4,Win32,60.04563468,,,,18.0,1.0,Nederlands,,,,,,Engels,2.0,,0.0,,0.0,,0.0,,0.0,,0.0,,0.0,,0.0,NL,2.0,2.0,2.0,5.0,,sensorypref2,1536.0,864.0,,,,,,,,,,,,,,,,,,,,,,,,,,,,,,,,,,,,11.0,292.2055,22.0,"[0.999400000000378,0.6001999999992336,0.7813999999985128,2.1189999999999998,1.4830999999996095,0.8524000000003866,1.1824000000003707,0.6506000000014751,2.415699999999248,0.6504000000003884,1.4491000000014935,1.4471999999992704,0.7179999999999893,0.515500000000003,0.68519999999927,0.5510999999996216,0.41609999999963065,0.6815999999996052,0.7177000000011162,0.5337000000011471,0.5994000000004007,0.6005000000000109]","[0.999400000000378,0.6004999999999825,0.7813999999985128,2.1190999999996336,1.4830999999996095,0.8524000000003866,1.1825000000000045,0.650700000001109,2.415699999999248,0.6504999999999939,1.4491000000014935,1.4472999999988758,0.7179999999999893,0.515700000001118,0.6853999999985376,0.5510999999996216,0.4161999999992645,0.681699999999239,0.7177000000011162,0.5337000000011471,0.5995000000000346,0.6005000000000109]",0.492592564,4.788,0.0,1.0,1.0,188.0,1.0,verstoppen,gverstoppen,question_gesture.png,im_hand.png,,,,,,
,,,649358,1,21,2023-09-18_14h57.12.232,flesh_expressibility_dutch,2022.2.4,Win32,60.04563468,,,,18.0,1.0,Nederlands,,,,,,Engels,2.0,,0.0,,0.0,,0.0,,0.0,,0.0,,0.0,,0.0,NL,2.0,2.0,2.0,5.0,,sensorypref2,1536.0,864.0,,,,,,,,,,,,,,,,,,,,,,,,,,,,,,,,,,,,13.0,297.5308,23.0,"[0.999400000000378,0.6001999999992336,0.7813999999985128,2.1189999999999998,1.4830999999996095,0.8524000000003866,1.1824000000003707,0.6506000000014751,2.415699999999248,0.6504000000003884,1.4491000000014935,1.4471999999992704,0.7179999999999893,0.515500000000003,0.68519999999927,0.5510999999996216,0.41609999999963065,0.6815999999996052,0.7177000000011162,0.5337000000011471,0.5994000000004007,0.6005000000000109,1.6832000000011362]","[0.999400000000378,0.6004999999999825,0.7813999999985128,2.1190999999996336,1.4830999999996095,0.8524000000003866,1.1825000000000045,0.650700000001109,2.415699999999248,0.6504999999999939,1.4491000000014935,1.4472999999988758,0.7179999999999893,0.515700000001118,0.6853999999985376,0.5510999999996216,0.4161999999992645,0.681699999999239,0.7177000000011162,0.5337000000011471,0.5995000000000346,0.6005000000000109,1.683400000000404]",0.050000085,6.7029,0.0,2.0,2.0,147.0,1.0,knopen,gknopen,question_gesture.png,im_hand.png,,,,,,
,,,649358,1,21,2023-09-18_14h57.12.232,flesh_expressibility_dutch,2022.2.4,Win32,60.04563468,,,,18.0,1.0,Nederlands,,,,,,Engels,2.0,,0.0,,0.0,,0.0,,0.0,,0.0,,0.0,,0.0,NL,2.0,2.0,2.0,5.0,,sensorypref2,1536.0,864.0,,,,,,,,,,,,,,,,,,,,,,,,,,,,,,,,,,,,8.0,304.9017,24.0,"[0.999400000000378,0.6001999999992336,0.7813999999985128,2.1189999999999998,1.4830999999996095,0.8524000000003866,1.1824000000003707,0.6506000000014751,2.415699999999248,0.6504000000003884,1.4491000000014935,1.4471999999992704,0.7179999999999893,0.515500000000003,0.68519999999927,0.5510999999996216,0.41609999999963065,0.6815999999996052,0.7177000000011162,0.5337000000011471,0.5994000000004007,0.6005000000000109,1.6832000000011362,0.8996999999992568]","[0.999400000000378,0.6004999999999825,0.7813999999985128,2.1190999999996336,1.4830999999996095,0.8524000000003866,1.1825000000000045,0.650700000001109,2.415699999999248,0.6504999999999939,1.4491000000014935,1.4472999999988758,0.7179999999999893,0.515700000001118,0.6853999999985376,0.5510999999996216,0.4161999999992645,0.681699999999239,0.7177000000011162,0.5337000000011471,0.5995000000000346,0.6005000000000109,1.683400000000404,0.8997999999988906]",-0.409259231,3.652,0.0,3.0,3.0,190.0,1.0,ei,gei,question_gesture.png,im_hand.png,,,,,,
,,,649358,1,21,2023-09-18_14h57.12.232,flesh_expressibility_dutch,2022.2.4,Win32,60.04563468,,,,18.0,1.0,Nederlands,,,,,,Engels,2.0,,0.0,,0.0,,0.0,,0.0,,0.0,,0.0,,0.0,NL,2.0,2.0,2.0,5.0,,sensorypref2,1536.0,864.0,,,,,,,,,,,,,,,,,,,,,,,,,,,,,,,,,,,,18.0,309.4156,25.0,"[0.999400000000378,0.6001999999992336,0.7813999999985128,2.1189999999999998,1.4830999999996095,0.8524000000003866,1.1824000000003707,0.6506000000014751,2.415699999999248,0.6504000000003884,1.4491000000014935,1.4471999999992704,0.7179999999999893,0.515500000000003,0.68519999999927,0.5510999999996216,0.41609999999963065,0.6815999999996052,0.7177000000011162,0.5337000000011471,0.5994000000004007,0.6005000000000109,1.6832000000011362,0.8996999999992568,0.5149000000003525]","[0.999400000000378,0.6004999999999825,0.7813999999985128,2.1190999999996336,1.4830999999996095,0.8524000000003866,1.1825000000000045,0.650700000001109,2.415699999999248,0.6504999999999939,1.4491000000014935,1.4472999999988758,0.7179999999999893,0.515700000001118,0.6853999999985376,0.5510999999996216,0.4161999999992645,0.681699999999239,0.7177000000011162,0.5337000000011471,0.5995000000000346,0.6005000000000109,1.683400000000404,0.8997999999988906,0.5149000000003525]",-0.3851851,8.5218,0.0,4.0,4.0,10.0,1.0,strak,gstrak,question_gesture.png,im_hand.png,,,,,,
,,,649358,1,21,2023-09-18_14h57.12.232,flesh_expressibility_dutch,2022.2.4,Win32,60.04563468,,,,18.0,1.0,Nederlands,,,,,,Engels,2.0,,0.0,,0.0,,0.0,,0.0,,0.0,,0.0,,0.0,NL,2.0,2.0,2.0,5.0,,sensorypref2,1536.0,864.0,,,,,,,,,,,,,,,,,,,,,,,,,,,,,,,,,,,,19.0,318.4214,26.0,"[0.999400000000378,0.6001999999992336,0.7813999999985128,2.1189999999999998,1.4830999999996095,0.8524000000003866,1.1824000000003707,0.6506000000014751,2.415699999999248,0.6504000000003884,1.4491000000014935,1.4471999999992704,0.7179999999999893,0.515500000000003,0.68519999999927,0.5510999999996216,0.41609999999963065,0.6815999999996052,0.7177000000011162,0.5337000000011471,0.5994000000004007,0.6005000000000109,1.6832000000011362,0.8996999999992568,0.5149000000003525,2.981900000000394]","[0.999400000000378,0.6004999999999825,0.7813999999985128,2.1190999999996336,1.4830999999996095,0.8524000000003866,1.1825000000000045,0.650700000001109,2.415699999999248,0.6504999999999939,1.4491000000014935,1.4472999999988758,0.7179999999999893,0.515700000001118,0.6853999999985376,0.5510999999996216,0.4161999999992645,0.681699999999239,0.7177000000011162,0.5337000000011471,0.5995000000000346,0.6005000000000109,1.683400000000404,0.8997999999988906,0.5149000000003525,2.9821000000014806]",-0.527777778,5.9887,0.0,5.0,5.0,164.0,1.0,zoet,gzoet,question_gesture.png,im_hand.png,,,,,,
,,,649358,1,21,2023-09-18_14h57.12.232,flesh_expressibility_dutch,2022.2.4,Win32,60.04563468,,,,18.0,1.0,Nederlands,,,,,,Engels,2.0,,0.0,,0.0,,0.0,,0.0,,0.0,,0.0,,0.0,NL,2.0,2.0,2.0,5.0,,sensorypref2,1536.0,864.0,,,,,,,,,,,,,,,,,,,,,,,,,,,,,,,,,,,,13.0,325.1779,27.0,"[0.999400000000378,0.6001999999992336,0.7813999999985128,2.1189999999999998,1.4830999999996095,0.8524000000003866,1.1824000000003707,0.6506000000014751,2.415699999999248,0.6504000000003884,1.4491000000014935,1.4471999999992704,0.7179999999999893,0.515500000000003,0.68519999999927,0.5510999999996216,0.41609999999963065,0.6815999999996052,0.7177000000011162,0.5337000000011471,0.5994000000004007,0.6005000000000109,1.6832000000011362,0.8996999999992568,0.5149000000003525,2.981900000000394,0.568400000000338]","[0.999400000000378,0.6004999999999825,0.7813999999985128,2.1190999999996336,1.4830999999996095,0.8524000000003866,1.1825000000000045,0.650700000001109,2.415699999999248,0.6504999999999939,1.4491000000014935,1.4472999999988758,0.7179999999999893,0.515700000001118,0.6853999999985376,0.5510999999996216,0.4161999999992645,0.681699999999239,0.7177000000011162,0.5337000000011471,0.5995000000000346,0.6005000000000109,1.683400000000404,0.8997999999988906,0.5149000000003525,2.9821000000014806,0.568400000000338]",-0.54814812,2.8842,0.0,6.0,6.0,17.0,1.0,verschillend,gverschillend,question_gesture.png,im_hand.png,,,,,,
,,,649358,1,21,2023-09-18_14h57.12.232,flesh_expressibility_dutch,2022.2.4,Win32,60.04563468,,,,18.0,1.0,Nederlands,,,,,,Engels,2.0,,0.0,,0.0,,0.0,,0.0,,0.0,,0.0,,0.0,NL,2.0,2.0,2.0,5.0,,sensorypref2,1536.0,864.0,,,,,,,,,,,,,,,,,,,,,,,,,,,,,,,,,,,,12.0,328.6587,28.0,"[0.999400000000378,0.6001999999992336,0.7813999999985128,2.1189999999999998,1.4830999999996095,0.8524000000003866,1.1824000000003707,0.6506000000014751,2.415699999999248,0.6504000000003884,1.4491000000014935,1.4471999999992704,0.7179999999999893,0.515500000000003,0.68519999999927,0.5510999999996216,0.41609999999963065,0.6815999999996052,0.7177000000011162,0.5337000000011471,0.5994000000004007,0.6005000000000109,1.6832000000011362,0.8996999999992568,0.5149000000003525,2.981900000000394,0.568400000000338,0.41669999999925267]","[0.999400000000378,0.6004999999999825,0.7813999999985128,2.1190999999996336,1.4830999999996095,0.8524000000003866,1.1825000000000045,0.650700000001109,2.415699999999248,0.6504999999999939,1.4491000000014935,1.4472999999988758,0.7179999999999893,0.515700000001118,0.6853999999985376,0.5510999999996216,0.4161999999992645,0.681699999999239,0.7177000000011162,0.5337000000011471,0.5995000000000346,0.6005000000000109,1.683400000000404,0.8997999999988906,0.5149000000003525,2.9821000000014806,0.568400000000338,0.41669999999925267]",-0.07222225,3.8156,0.0,7.0,7.0,135.0,1.0,wind,gwind,question_gesture.png,im_hand.png,,,,,,
,,,649358,1,21,2023-09-18_14h57.12.232,flesh_expressibility_dutch,2022.2.4,Win32,60.04563468,,,,18.0,1.0,Nederlands,,,,,,Engels,2.0,,0.0,,0.0,,0.0,,0.0,,0.0,,0.0,,0.0,NL,2.0,2.0,2.0,5.0,,sensorypref2,1536.0,864.0,,,,,,,,,,,,,,,,,,,,,,,,,,,,,,,,,,,,12.0,332.8571,29.0,"[0.999400000000378,0.6001999999992336,0.7813999999985128,2.1189999999999998,1.4830999999996095,0.8524000000003866,1.1824000000003707,0.6506000000014751,2.415699999999248,0.6504000000003884,1.4491000000014935,1.4471999999992704,0.7179999999999893,0.515500000000003,0.68519999999927,0.5510999999996216,0.41609999999963065,0.6815999999996052,0.7177000000011162,0.5337000000011471,0.5994000000004007,0.6005000000000109,1.6832000000011362,0.8996999999992568,0.5149000000003525,2.981900000000394,0.568400000000338,0.41669999999925267,0.4666000000014492]","[0.999400000000378,0.6004999999999825,0.7813999999985128,2.1190999999996336,1.4830999999996095,0.8524000000003866,1.1825000000000045,0.650700000001109,2.415699999999248,0.6504999999999939,1.4491000000014935,1.4472999999988758,0.7179999999999893,0.515700000001118,0.6853999999985376,0.5510999999996216,0.4161999999992645,0.681699999999239,0.7177000000011162,0.5337000000011471,0.5995000000000346,0.6005000000000109,1.683400000000404,0.8997999999988906,0.5149000000003525,2.9821000000014806,0.568400000000338,0.41669999999925267,0.4666000000014492]",0.522222307,2.1863,0.0,8.0,8.0,136.0,1.0,komen,gkomen,question_gesture.png,im_hand.png,,,,,,
,,,649358,1,21,2023-09-18_14h57.12.232,flesh_expressibility_dutch,2022.2.4,Win32,60.04563468,,,,18.0,1.0,Nederlands,,,,,,Engels,2.0,,0.0,,0.0,,0.0,,0.0,,0.0,,0.0,,0.0,NL,2.0,2.0,2.0,5.0,,sensorypref2,1536.0,864.0,,,,,,,,,,,,,,,,,,,,,,,,,,,,,,,,,,,,16.0,335.5216,30.0,"[0.999400000000378,0.6001999999992336,0.7813999999985128,2.1189999999999998,1.4830999999996095,0.8524000000003866,1.1824000000003707,0.6506000000014751,2.415699999999248,0.6504000000003884,1.4491000000014935,1.4471999999992704,0.7179999999999893,0.515500000000003,0.68519999999927,0.5510999999996216,0.41609999999963065,0.6815999999996052,0.7177000000011162,0.5337000000011471,0.5994000000004007,0.6005000000000109,1.6832000000011362,0.8996999999992568,0.5149000000003525,2.981900000000394,0.568400000000338,0.41669999999925267,0.4666000000014492,1.183999999999969]","[0.999400000000378,0.6004999999999825,0.7813999999985128,2.1190999999996336,1.4830999999996095,0.8524000000003866,1.1825000000000045,0.650700000001109,2.415699999999248,0.6504999999999939,1.4491000000014935,1.4472999999988758,0.7179999999999893,0.515700000001118,0.6853999999985376,0.5510999999996216,0.4161999999992645,0.681699999999239,0.7177000000011162,0.5337000000011471,0.5995000000000346,0.6005000000000109,1.683400000000404,0.8997999999988906,0.5149000000003525,2.9821000000014806,0.568400000000338,0.41669999999925267,0.4666000000014492,1.1841000000014787]",-0.255555471,6.0546,0.0,9.0,9.0,66.0,1.0,"bot (kenmerk, niet lichaam)","gbot (kenmerk, niet lichaam)",question_gesture.png,im_hand.png,,,,,,
,,,649358,1,21,2023-09-18_14h57.12.232,flesh_expressibility_dutch,2022.2.4,Win32,60.04563468,,,,18.0,1.0,Nederlands,,,,,,Engels,2.0,,0.0,,0.0,,0.0,,0.0,,0.0,,0.0,,0.0,NL,2.0,2.0,2.0,5.0,,sensorypref2,1536.0,864.0,,,,,,,,,,,,,,,,,,,,,,,,,,,,,,,,,,,,16.0,341.9723,31.0,"[0.999400000000378,0.6001999999992336,0.7813999999985128,2.1189999999999998,1.4830999999996095,0.8524000000003866,1.1824000000003707,0.6506000000014751,2.415699999999248,0.6504000000003884,1.4491000000014935,1.4471999999992704,0.7179999999999893,0.515500000000003,0.68519999999927,0.5510999999996216,0.41609999999963065,0.6815999999996052,0.7177000000011162,0.5337000000011471,0.5994000000004007,0.6005000000000109,1.6832000000011362,0.8996999999992568,0.5149000000003525,2.981900000000394,0.568400000000338,0.41669999999925267,0.4666000000014492,1.183999999999969,0.7484000000022206]","[0.999400000000378,0.6004999999999825,0.7813999999985128,2.1190999999996336,1.4830999999996095,0.8524000000003866,1.1825000000000045,0.650700000001109,2.415699999999248,0.6504999999999939,1.4491000000014935,1.4472999999988758,0.7179999999999893,0.515700000001118,0.6853999999985376,0.5510999999996216,0.4161999999992645,0.681699999999239,0.7177000000011162,0.5337000000011471,0.5995000000000346,0.6005000000000109,1.683400000000404,0.8997999999988906,0.5149000000003525,2.9821000000014806,0.568400000000338,0.41669999999925267,0.4666000000014492,1.1841000000014787,0.7484999999999786]",0.279629601,4.1384,0.0,10.0,10.0,127.0,1.0,vleugel,gvleugel,question_gesture.png,im_hand.png,,,,,,
,,,649358,1,21,2023-09-18_14h57.12.232,flesh_expressibility_dutch,2022.2.4,Win32,60.04563468,,,,18.0,1.0,Nederlands,,,,,,Engels,2.0,,0.0,,0.0,,0.0,,0.0,,0.0,,0.0,,0.0,NL,2.0,2.0,2.0,5.0,,sensorypref2,1536.0,864.0,,,,,,,,,,,,,,,,,,,,,,,,,,,,,,,,,,,,17.0,346.8711,32.0,"[0.999400000000378,0.6001999999992336,0.7813999999985128,2.1189999999999998,1.4830999999996095,0.8524000000003866,1.1824000000003707,0.6506000000014751,2.415699999999248,0.6504000000003884,1.4491000000014935,1.4471999999992704,0.7179999999999893,0.515500000000003,0.68519999999927,0.5510999999996216,0.41609999999963065,0.6815999999996052,0.7177000000011162,0.5337000000011471,0.5994000000004007,0.6005000000000109,1.6832000000011362,0.8996999999992568,0.5149000000003525,2.981900000000394,0.568400000000338,0.41669999999925267,0.4666000000014492,1.183999999999969,0.7484000000022206,1.5494000000022652]","[0.999400000000378,0.6004999999999825,0.7813999999985128,2.1190999999996336,1.4830999999996095,0.8524000000003866,1.1825000000000045,0.650700000001109,2.415699999999248,0.6504999999999939,1.4491000000014935,1.4472999999988758,0.7179999999999893,0.515700000001118,0.6853999999985376,0.5510999999996216,0.4161999999992645,0.681699999999239,0.7177000000011162,0.5337000000011471,0.5995000000000346,0.6005000000000109,1.683400000000404,0.8997999999988906,0.5149000000003525,2.9821000000014806,0.568400000000338,0.41669999999925267,0.4666000000014492,1.1841000000014787,0.7484999999999786,1.5494000000022652]",-0.04814812,5.7426,0.0,11.0,11.0,115.0,1.0,oor,goor,question_gesture.png,im_hand.png,,,,,,
,,,649358,1,21,2023-09-18_14h57.12.232,flesh_expressibility_dutch,2022.2.4,Win32,60.04563468,,,,18.0,1.0,Nederlands,,,,,,Engels,2.0,,0.0,,0.0,,0.0,,0.0,,0.0,,0.0,,0.0,NL,2.0,2.0,2.0,5.0,,sensorypref2,1536.0,864.0,,,,,,,,,,,,,,,,,,,,,,,,,,,,,,,,,,,,16.0,353.6465,33.0,"[0.999400000000378,0.6001999999992336,0.7813999999985128,2.1189999999999998,1.4830999999996095,0.8524000000003866,1.1824000000003707,0.6506000000014751,2.415699999999248,0.6504000000003884,1.4491000000014935,1.4471999999992704,0.7179999999999893,0.515500000000003,0.68519999999927,0.5510999999996216,0.41609999999963065,0.6815999999996052,0.7177000000011162,0.5337000000011471,0.5994000000004007,0.6005000000000109,1.6832000000011362,0.8996999999992568,0.5149000000003525,2.981900000000394,0.568400000000338,0.41669999999925267,0.4666000000014492,1.183999999999969,0.7484000000022206,1.5494000000022652,1.1336000000014792]","[0.999400000000378,0.6004999999999825,0.7813999999985128,2.1190999999996336,1.4830999999996095,0.8524000000003866,1.1825000000000045,0.650700000001109,2.415699999999248,0.6504999999999939,1.4491000000014935,1.4472999999988758,0.7179999999999893,0.515700000001118,0.6853999999985376,0.5510999999996216,0.4161999999992645,0.681699999999239,0.7177000000011162,0.5337000000011471,0.5995000000000346,0.6005000000000109,1.683400000000404,0.8997999999988906,0.5149000000003525,2.9821000000014806,0.568400000000338,0.41669999999925267,0.4666000000014492,1.1841000000014787,0.7484999999999786,1.5494000000022652,1.1336000000014792]",-0.496296212,2.9521,0.0,12.0,12.0,13.0,1.0,geurig,ggeurig,question_gesture.png,im_hand.png,,,,,,
,,,649358,1,21,2023-09-18_14h57.12.232,flesh_expressibility_dutch,2022.2.4,Win32,60.04563468,,,,18.0,1.0,Nederlands,,,,,,Engels,2.0,,0.0,,0.0,,0.0,,0.0,,0.0,,0.0,,0.0,NL,2.0,2.0,2.0,5.0,,sensorypref2,1536.0,864.0,,,,,,,,,,,,,,,,,,,,,,,,,,,,,,,,,,,,8.0,357.7417,34.0,"[0.999400000000378,0.6001999999992336,0.7813999999985128,2.1189999999999998,1.4830999999996095,0.8524000000003866,1.1824000000003707,0.6506000000014751,2.415699999999248,0.6504000000003884,1.4491000000014935,1.4471999999992704,0.7179999999999893,0.515500000000003,0.68519999999927,0.5510999999996216,0.41609999999963065,0.6815999999996052,0.7177000000011162,0.5337000000011471,0.5994000000004007,0.6005000000000109,1.6832000000011362,0.8996999999992568,0.5149000000003525,2.981900000000394,0.568400000000338,0.41669999999925267,0.4666000000014492,1.183999999999969,0.7484000000022206,1.5494000000022652,1.1336000000014792,0.5335000000000036]","[0.999400000000378,0.6004999999999825,0.7813999999985128,2.1190999999996336,1.4830999999996095,0.8524000000003866,1.1825000000000045,0.650700000001109,2.415699999999248,0.6504999999999939,1.4491000000014935,1.4472999999988758,0.7179999999999893,0.515700000001118,0.6853999999985376,0.5510999999996216,0.4161999999992645,0.681699999999239,0.7177000000011162,0.5337000000011471,0.5995000000000346,0.6005000000000109,1.683400000000404,0.8997999999988906,0.5149000000003525,2.9821000000014806,0.568400000000338,0.41669999999925267,0.4666000000014492,1.1841000000014787,0.7484999999999786,1.5494000000022652,1.1336000000014792,0.5338000000007241]",0.233333305,6.2556,0.0,13.0,13.0,35.0,1.0,boos,gboos,question_gesture.png,im_hand.png,,,,,,
,,,649358,1,21,2023-09-18_14h57.12.232,flesh_expressibility_dutch,2022.2.4,Win32,60.04563468,,,,18.0,1.0,Nederlands,,,,,,Engels,2.0,,0.0,,0.0,,0.0,,0.0,,0.0,,0.0,,0.0,NL,2.0,2.0,2.0,5.0,,sensorypref2,1536.0,864.0,,,,,,,,,,,,,,,,,,,,,,,,,,,,,,,,,,,,13.0,364.502,35.0,"[0.999400000000378,0.6001999999992336,0.7813999999985128,2.1189999999999998,1.4830999999996095,0.8524000000003866,1.1824000000003707,0.6506000000014751,2.415699999999248,0.6504000000003884,1.4491000000014935,1.4471999999992704,0.7179999999999893,0.515500000000003,0.68519999999927,0.5510999999996216,0.41609999999963065,0.6815999999996052,0.7177000000011162,0.5337000000011471,0.5994000000004007,0.6005000000000109,1.6832000000011362,0.8996999999992568,0.5149000000003525,2.981900000000394,0.568400000000338,0.41669999999925267,0.4666000000014492,1.183999999999969,0.7484000000022206,1.5494000000022652,1.1336000000014792,0.5335000000000036,0.5906999999992308]","[0.999400000000378,0.6004999999999825,0.7813999999985128,2.1190999999996336,1.4830999999996095,0.8524000000003866,1.1825000000000045,0.650700000001109,2.415699999999248,0.6504999999999939,1.4491000000014935,1.4472999999988758,0.7179999999999893,0.515700000001118,0.6853999999985376,0.5510999999996216,0.4161999999992645,0.681699999999239,0.7177000000011162,0.5337000000011471,0.5995000000000346,0.6005000000000109,1.683400000000404,0.8997999999988906,0.5149000000003525,2.9821000000014806,0.568400000000338,0.41669999999925267,0.4666000000014492,1.1841000000014787,0.7484999999999786,1.5494000000022652,1.1336000000014792,0.5338000000007241,0.5908000000007405]",-0.390740712,7.7871,0.0,14.0,14.0,42.0,1.0,berg,gberg,question_gesture.png,im_hand.png,,,,,,
,,,649358,1,21,2023-09-18_14h57.12.232,flesh_expressibility_dutch,2022.2.4,Win32,60.04563468,,,,18.0,1.0,Nederlands,,,,,,Engels,2.0,,0.0,,0.0,,0.0,,0.0,,0.0,,0.0,,0.0,NL,2.0,2.0,2.0,5.0,,sensorypref2,1536.0,864.0,,,,,,,,,,,,,,,,,,,,,,,,,,,,,,,,,,,,12.0,372.8974,36.0,"[0.999400000000378,0.6001999999992336,0.7813999999985128,2.1189999999999998,1.4830999999996095,0.8524000000003866,1.1824000000003707,0.6506000000014751,2.415699999999248,0.6504000000003884,1.4491000000014935,1.4471999999992704,0.7179999999999893,0.515500000000003,0.68519999999927,0.5510999999996216,0.41609999999963065,0.6815999999996052,0.7177000000011162,0.5337000000011471,0.5994000000004007,0.6005000000000109,1.6832000000011362,0.8996999999992568,0.5149000000003525,2.981900000000394,0.568400000000338,0.41669999999925267,0.4666000000014492,1.183999999999969,0.7484000000022206,1.5494000000022652,1.1336000000014792,0.5335000000000036,0.5906999999992308,0.501199999999244]","[0.999400000000378,0.6004999999999825,0.7813999999985128,2.1190999999996336,1.4830999999996095,0.8524000000003866,1.1825000000000045,0.650700000001109,2.415699999999248,0.6504999999999939,1.4491000000014935,1.4472999999988758,0.7179999999999893,0.515700000001118,0.6853999999985376,0.5510999999996216,0.4161999999992645,0.681699999999239,0.7177000000011162,0.5337000000011471,0.5995000000000346,0.6005000000000109,1.683400000000404,0.8997999999988906,0.5149000000003525,2.9821000000014806,0.568400000000338,0.41669999999925267,0.4666000000014492,1.1841000000014787,0.7484999999999786,1.5494000000022652,1.1336000000014792,0.5338000000007241,0.5908000000007405,0.501199999999244]",0.553703732,2.8689,0.0,15.0,15.0,100.0,1.0,vogel,gvogel,question_gesture.png,im_hand.png,,,,,,
,,,649358,1,21,2023-09-18_14h57.12.232,flesh_expressibility_dutch,2022.2.4,Win32,60.04563468,,,,18.0,1.0,Nederlands,,,,,,Engels,2.0,,0.0,,0.0,,0.0,,0.0,,0.0,,0.0,,0.0,NL,2.0,2.0,2.0,5.0,,sensorypref2,1536.0,864.0,,,,,,,,,,,,,,,,,,,,,,,,,,,,,,,,,,,,18.0,376.2765,37.0,"[0.999400000000378,0.6001999999992336,0.7813999999985128,2.1189999999999998,1.4830999999996095,0.8524000000003866,1.1824000000003707,0.6506000000014751,2.415699999999248,0.6504000000003884,1.4491000000014935,1.4471999999992704,0.7179999999999893,0.515500000000003,0.68519999999927,0.5510999999996216,0.41609999999963065,0.6815999999996052,0.7177000000011162,0.5337000000011471,0.5994000000004007,0.6005000000000109,1.6832000000011362,0.8996999999992568,0.5149000000003525,2.981900000000394,0.568400000000338,0.41669999999925267,0.4666000000014492,1.183999999999969,0.7484000000022206,1.5494000000022652,1.1336000000014792,0.5335000000000036,0.5906999999992308,0.501199999999244,1.7498000000007323]","[0.999400000000378,0.6004999999999825,0.7813999999985128,2.1190999999996336,1.4830999999996095,0.8524000000003866,1.1825000000000045,0.650700000001109,2.415699999999248,0.6504999999999939,1.4491000000014935,1.4472999999988758,0.7179999999999893,0.515700000001118,0.6853999999985376,0.5510999999996216,0.4161999999992645,0.681699999999239,0.7177000000011162,0.5337000000011471,0.5995000000000346,0.6005000000000109,1.683400000000404,0.8997999999988906,0.5149000000003525,2.9821000000014806,0.568400000000338,0.41669999999925267,0.4666000000014492,1.1841000000014787,0.7484999999999786,1.5494000000022652,1.1336000000014792,0.5338000000007241,0.5908000000007405,0.501199999999244,1.7498999999984903]",0.340740769,2.7877,0.0,16.0,16.0,170.0,1.0,groot,ggroot,question_gesture.png,im_hand.png,,,,,,
,,,649358,1,21,2023-09-18_14h57.12.232,flesh_expressibility_dutch,2022.2.4,Win32,60.04563468,,,,18.0,1.0,Nederlands,,,,,,Engels,2.0,,0.0,,0.0,,0.0,,0.0,,0.0,,0.0,,0.0,NL,2.0,2.0,2.0,5.0,,sensorypref2,1536.0,864.0,,,,,,,,,,,,,,,,,,,,,,,,,,,,,,,,,,,,17.0,380.7821,38.0,"[0.999400000000378,0.6001999999992336,0.7813999999985128,2.1189999999999998,1.4830999999996095,0.8524000000003866,1.1824000000003707,0.6506000000014751,2.415699999999248,0.6504000000003884,1.4491000000014935,1.4471999999992704,0.7179999999999893,0.515500000000003,0.68519999999927,0.5510999999996216,0.41609999999963065,0.6815999999996052,0.7177000000011162,0.5337000000011471,0.5994000000004007,0.6005000000000109,1.6832000000011362,0.8996999999992568,0.5149000000003525,2.981900000000394,0.568400000000338,0.41669999999925267,0.4666000000014492,1.183999999999969,0.7484000000022206,1.5494000000022652,1.1336000000014792,0.5335000000000036,0.5906999999992308,0.501199999999244,1.7498000000007323,0.8503000000007432]","[0.999400000000378,0.6004999999999825,0.7813999999985128,2.1190999999996336,1.4830999999996095,0.8524000000003866,1.1825000000000045,0.650700000001109,2.415699999999248,0.6504999999999939,1.4491000000014935,1.4472999999988758,0.7179999999999893,0.515700000001118,0.6853999999985376,0.5510999999996216,0.4161999999992645,0.681699999999239,0.7177000000011162,0.5337000000011471,0.5995000000000346,0.6005000000000109,1.683400000000404,0.8997999999988906,0.5149000000003525,2.9821000000014806,0.568400000000338,0.41669999999925267,0.4666000000014492,1.1841000000014787,0.7484999999999786,1.5494000000022652,1.1336000000014792,0.5338000000007241,0.5908000000007405,0.501199999999244,1.7498999999984903,0.8503999999985581]",0.674074244,2.3861,0.0,17.0,17.0,152.0,1.0,eten,geten,question_gesture.png,im_hand.png,,,,,,
,,,649358,1,21,2023-09-18_14h57.12.232,flesh_expressibility_dutch,2022.2.4,Win32,60.04563468,,,,18.0,1.0,Nederlands,,,,,,Engels,2.0,,0.0,,0.0,,0.0,,0.0,,0.0,,0.0,,0.0,NL,2.0,2.0,2.0,5.0,,sensorypref2,1536.0,864.0,,,,,,,,,,,,,,,,,,,,,,,,,,,,,,,,,,,,15.0,384.0586,39.0,"[0.999400000000378,0.6001999999992336,0.7813999999985128,2.1189999999999998,1.4830999999996095,0.8524000000003866,1.1824000000003707,0.6506000000014751,2.415699999999248,0.6504000000003884,1.4491000000014935,1.4471999999992704,0.7179999999999893,0.515500000000003,0.68519999999927,0.5510999999996216,0.41609999999963065,0.6815999999996052,0.7177000000011162,0.5337000000011471,0.5994000000004007,0.6005000000000109,1.6832000000011362,0.8996999999992568,0.5149000000003525,2.981900000000394,0.568400000000338,0.41669999999925267,0.4666000000014492,1.183999999999969,0.7484000000022206,1.5494000000022652,1.1336000000014792,0.5335000000000036,0.5906999999992308,0.501199999999244,1.7498000000007323,0.8503000000007432,0.4743999999985249]","[0.999400000000378,0.6004999999999825,0.7813999999985128,2.1190999999996336,1.4830999999996095,0.8524000000003866,1.1825000000000045,0.650700000001109,2.415699999999248,0.6504999999999939,1.4491000000014935,1.4472999999988758,0.7179999999999893,0.515700000001118,0.6853999999985376,0.5510999999996216,0.4161999999992645,0.681699999999239,0.7177000000011162,0.5337000000011471,0.5995000000000346,0.6005000000000109,1.683400000000404,0.8997999999988906,0.5149000000003525,2.9821000000014806,0.568400000000338,0.41669999999925267,0.4666000000014492,1.1841000000014787,0.7484999999999786,1.5494000000022652,1.1336000000014792,0.5338000000007241,0.5908000000007405,0.501199999999244,1.7498999999984903,0.8503999999985581,0.4746999999992454]",0.685185185,2.4655,0.0,18.0,18.0,38.0,1.0,blij,gblij,question_gesture.png,im_hand.png,,,,,,
,,,649358,1,21,2023-09-18_14h57.12.232,flesh_expressibility_dutch,2022.2.4,Win32,60.04563468,,,,18.0,1.0,Nederlands,,,,,,Engels,2.0,,0.0,,0.0,,0.0,,0.0,,0.0,,0.0,,0.0,NL,2.0,2.0,2.0,5.0,,sensorypref2,1536.0,864.0,,,,,,,,,,,,,,,,,,,,,,,,,,,,,,,,,,,,18.0,387.0278,40.0,"[0.999400000000378,0.6001999999992336,0.7813999999985128,2.1189999999999998,1.4830999999996095,0.8524000000003866,1.1824000000003707,0.6506000000014751,2.415699999999248,0.6504000000003884,1.4491000000014935,1.4471999999992704,0.7179999999999893,0.515500000000003,0.68519999999927,0.5510999999996216,0.41609999999963065,0.6815999999996052,0.7177000000011162,0.5337000000011471,0.5994000000004007,0.6005000000000109,1.6832000000011362,0.8996999999992568,0.5149000000003525,2.981900000000394,0.568400000000338,0.41669999999925267,0.4666000000014492,1.183999999999969,0.7484000000022206,1.5494000000022652,1.1336000000014792,0.5335000000000036,0.5906999999992308,0.501199999999244,1.7498000000007323,0.8503000000007432,0.4743999999985249,0.5512000000029502]","[0.999400000000378,0.6004999999999825,0.7813999999985128,2.1190999999996336,1.4830999999996095,0.8524000000003866,1.1825000000000045,0.650700000001109,2.415699999999248,0.6504999999999939,1.4491000000014935,1.4472999999988758,0.7179999999999893,0.515700000001118,0.6853999999985376,0.5510999999996216,0.4161999999992645,0.681699999999239,0.7177000000011162,0.5337000000011471,0.5995000000000346,0.6005000000000109,1.683400000000404,0.8997999999988906,0.5149000000003525,2.9821000000014806,0.568400000000338,0.41669999999925267,0.4666000000014492,1.1841000000014787,0.7484999999999786,1.5494000000022652,1.1336000000014792,0.5338000000007241,0.5908000000007405,0.501199999999244,1.7498999999984903,0.8503999999985581,0.4746999999992454,0.5513000000007082]",0.474074046,8.0772,0.0,19.0,19.0,107.0,1.0,mond,gmond,question_gesture.png,im_hand.png,,,,,,
,,,649358,1,21,2023-09-18_14h57.12.232,flesh_expressibility_dutch,2022.2.4,Win32,60.04563468,,,,18.0,1.0,Nederlands,,,,,,Engels,2.0,,0.0,,0.0,,0.0,,0.0,,0.0,,0.0,,0.0,NL,2.0,2.0,2.0,5.0,,sensorypref2,1536.0,864.0,,,,,,,,,,,,,,,,,,,,,,,,,,,,,,3.0,"[164.542,272.4224000000004,401.4772999999989]","[164.54209999999964,272.4225,401.4774000000004]",3.0,"[166.73919999999927,279.73449999999997,408.98239999999845]","[166.73930000000075,279.7345999999996,408.98239999999845]",21.0,410.4798,41.0,"[0.999400000000378,0.6001999999992336,0.7813999999985128,2.1189999999999998,1.4830999999996095,0.8524000000003866,1.1824000000003707,0.6506000000014751,2.415699999999248,0.6504000000003884,1.4491000000014935,1.4471999999992704,0.7179999999999893,0.515500000000003,0.68519999999927,0.5510999999996216,0.41609999999963065,0.6815999999996052,0.7177000000011162,0.5337000000011471,0.5994000000004007,0.6005000000000109,1.6832000000011362,0.8996999999992568,0.5149000000003525,2.981900000000394,0.568400000000338,0.41669999999925267,0.4666000000014492,1.183999999999969,0.7484000000022206,1.5494000000022652,1.1336000000014792,0.5335000000000036,0.5906999999992308,0.501199999999244,1.7498000000007323,0.8503000000007432,0.4743999999985249,0.5512000000029502,0.5271999999992545]","[0.999400000000378,0.6004999999999825,0.7813999999985128,2.1190999999996336,1.4830999999996095,0.8524000000003866,1.1825000000000045,0.650700000001109,2.415699999999248,0.6504999999999939,1.4491000000014935,1.4472999999988758,0.7179999999999893,0.515700000001118,0.6853999999985376,0.5510999999996216,0.4161999999992645,0.681699999999239,0.7177000000011162,0.5337000000011471,0.5995000000000346,0.6005000000000109,1.683400000000404,0.8997999999988906,0.5149000000003525,2.9821000000014806,0.568400000000338,0.41669999999925267,0.4666000000014492,1.1841000000014787,0.7484999999999786,1.5494000000022652,1.1336000000014792,0.5338000000007241,0.5908000000007405,0.501199999999244,1.7498999999984903,0.8503999999985581,0.4746999999992454,0.5513000000007082,0.5272999999970125]",0.685185185,3.5859,0.0,0.0,0.0,181.0,1.0,ik,mik,question_multimodal.png,im_combination.png,,,,,,
,,,649358,1,21,2023-09-18_14h57.12.232,flesh_expressibility_dutch,2022.2.4,Win32,60.04563468,,,,18.0,1.0,Nederlands,,,,,,Engels,2.0,,0.0,,0.0,,0.0,,0.0,,0.0,,0.0,,0.0,NL,2.0,2.0,2.0,5.0,,sensorypref2,1536.0,864.0,,,,,,,,,,,,,,,,,,,,,,,,,,,,,,,,,,,,18.0,414.5764,42.0,"[0.999400000000378,0.6001999999992336,0.7813999999985128,2.1189999999999998,1.4830999999996095,0.8524000000003866,1.1824000000003707,0.6506000000014751,2.415699999999248,0.6504000000003884,1.4491000000014935,1.4471999999992704,0.7179999999999893,0.515500000000003,0.68519999999927,0.5510999999996216,0.41609999999963065,0.6815999999996052,0.7177000000011162,0.5337000000011471,0.5994000000004007,0.6005000000000109,1.6832000000011362,0.8996999999992568,0.5149000000003525,2.981900000000394,0.568400000000338,0.41669999999925267,0.4666000000014492,1.183999999999969,0.7484000000022206,1.5494000000022652,1.1336000000014792,0.5335000000000036,0.5906999999992308,0.501199999999244,1.7498000000007323,0.8503000000007432,0.4743999999985249,0.5512000000029502,0.5271999999992545,0.41690000000221517]","[0.999400000000378,0.6004999999999825,0.7813999999985128,2.1190999999996336,1.4830999999996095,0.8524000000003866,1.1825000000000045,0.650700000001109,2.415699999999248,0.6504999999999939,1.4491000000014935,1.4472999999988758,0.7179999999999893,0.515700000001118,0.6853999999985376,0.5510999999996216,0.4161999999992645,0.681699999999239,0.7177000000011162,0.5337000000011471,0.5995000000000346,0.6005000000000109,1.683400000000404,0.8997999999988906,0.5149000000003525,2.9821000000014806,0.568400000000338,0.41669999999925267,0.4666000000014492,1.1841000000014787,0.7484999999999786,1.5494000000022652,1.1336000000014792,0.5338000000007241,0.5908000000007405,0.501199999999244,1.7498999999984903,0.8503999999985581,0.4746999999992454,0.5513000000007082,0.5272999999970125,0.41699999999997317]",-0.12037037,5.0651,0.0,1.0,1.0,66.0,1.0,"bot (kenmerk, niet lichaam)","mbot (kenmerk, niet lichaam)",question_multimodal.png,im_combination.png,,,,,,
,,,649358,1,21,2023-09-18_14h57.12.232,flesh_expressibility_dutch,2022.2.4,Win32,60.04563468,,,,18.0,1.0,Nederlands,,,,,,Engels,2.0,,0.0,,0.0,,0.0,,0.0,,0.0,,0.0,,0.0,NL,2.0,2.0,2.0,5.0,,sensorypref2,1536.0,864.0,,,,,,,,,,,,,,,,,,,,,,,,,,,,,,,,,,,,18.0,420.0021,43.0,"[0.999400000000378,0.6001999999992336,0.7813999999985128,2.1189999999999998,1.4830999999996095,0.8524000000003866,1.1824000000003707,0.6506000000014751,2.415699999999248,0.6504000000003884,1.4491000000014935,1.4471999999992704,0.7179999999999893,0.515500000000003,0.68519999999927,0.5510999999996216,0.41609999999963065,0.6815999999996052,0.7177000000011162,0.5337000000011471,0.5994000000004007,0.6005000000000109,1.6832000000011362,0.8996999999992568,0.5149000000003525,2.981900000000394,0.568400000000338,0.41669999999925267,0.4666000000014492,1.183999999999969,0.7484000000022206,1.5494000000022652,1.1336000000014792,0.5335000000000036,0.5906999999992308,0.501199999999244,1.7498000000007323,0.8503000000007432,0.4743999999985249,0.5512000000029502,0.5271999999992545,0.41690000000221517,1.350500000000011]","[0.999400000000378,0.6004999999999825,0.7813999999985128,2.1190999999996336,1.4830999999996095,0.8524000000003866,1.1825000000000045,0.650700000001109,2.415699999999248,0.6504999999999939,1.4491000000014935,1.4472999999988758,0.7179999999999893,0.515700000001118,0.6853999999985376,0.5510999999996216,0.4161999999992645,0.681699999999239,0.7177000000011162,0.5337000000011471,0.5995000000000346,0.6005000000000109,1.683400000000404,0.8997999999988906,0.5149000000003525,2.9821000000014806,0.568400000000338,0.41669999999925267,0.4666000000014492,1.1841000000014787,0.7484999999999786,1.5494000000022652,1.1336000000014792,0.5338000000007241,0.5908000000007405,0.501199999999244,1.7498999999984903,0.8503999999985581,0.4746999999992454,0.5513000000007082,0.5272999999970125,0.41699999999997317,1.3506000000014637]",0.520370342,2.5378,0.0,2.0,2.0,130.0,1.0,regen,mregen,question_multimodal.png,im_combination.png,,,,,,
,,,649358,1,21,2023-09-18_14h57.12.232,flesh_expressibility_dutch,2022.2.4,Win32,60.04563468,,,,18.0,1.0,Nederlands,,,,,,Engels,2.0,,0.0,,0.0,,0.0,,0.0,,0.0,,0.0,,0.0,NL,2.0,2.0,2.0,5.0,,sensorypref2,1536.0,864.0,,,,,,,,,,,,,,,,,,,,,,,,,,,,,,,,,,,,13.0,423.8935,44.0,"[0.999400000000378,0.6001999999992336,0.7813999999985128,2.1189999999999998,1.4830999999996095,0.8524000000003866,1.1824000000003707,0.6506000000014751,2.415699999999248,0.6504000000003884,1.4491000000014935,1.4471999999992704,0.7179999999999893,0.515500000000003,0.68519999999927,0.5510999999996216,0.41609999999963065,0.6815999999996052,0.7177000000011162,0.5337000000011471,0.5994000000004007,0.6005000000000109,1.6832000000011362,0.8996999999992568,0.5149000000003525,2.981900000000394,0.568400000000338,0.41669999999925267,0.4666000000014492,1.183999999999969,0.7484000000022206,1.5494000000022652,1.1336000000014792,0.5335000000000036,0.5906999999992308,0.501199999999244,1.7498000000007323,0.8503000000007432,0.4743999999985249,0.5512000000029502,0.5271999999992545,0.41690000000221517,1.350500000000011,0.9663000000007855]","[0.999400000000378,0.6004999999999825,0.7813999999985128,2.1190999999996336,1.4830999999996095,0.8524000000003866,1.1825000000000045,0.650700000001109,2.415699999999248,0.6504999999999939,1.4491000000014935,1.4472999999988758,0.7179999999999893,0.515700000001118,0.6853999999985376,0.5510999999996216,0.4161999999992645,0.681699999999239,0.7177000000011162,0.5337000000011471,0.5995000000000346,0.6005000000000109,1.683400000000404,0.8997999999988906,0.5149000000003525,2.9821000000014806,0.568400000000338,0.41669999999925267,0.4666000000014492,1.1841000000014787,0.7484999999999786,1.5494000000022652,1.1336000000014792,0.5338000000007241,0.5908000000007405,0.501199999999244,1.7498999999984903,0.8503999999985581,0.4746999999992454,0.5513000000007082,0.5272999999970125,0.41699999999997317,1.3506000000014637,0.9663000000007855]",0.301851908,5.1391,0.0,3.0,3.0,194.0,1.0,touw,mtouw,question_multimodal.png,im_combination.png,,,,,,
,,,649358,1,21,2023-09-18_14h57.12.232,flesh_expressibility_dutch,2022.2.4,Win32,60.04563468,,,,18.0,1.0,Nederlands,,,,,,Engels,2.0,,0.0,,0.0,,0.0,,0.0,,0.0,,0.0,,0.0,NL,2.0,2.0,2.0,5.0,,sensorypref2,1536.0,864.0,,,,,,,,,,,,,,,,,,,,,,,,,,,,,,,,,,,,9.0,429.5251,45.0,"[0.999400000000378,0.6001999999992336,0.7813999999985128,2.1189999999999998,1.4830999999996095,0.8524000000003866,1.1824000000003707,0.6506000000014751,2.415699999999248,0.6504000000003884,1.4491000000014935,1.4471999999992704,0.7179999999999893,0.515500000000003,0.68519999999927,0.5510999999996216,0.41609999999963065,0.6815999999996052,0.7177000000011162,0.5337000000011471,0.5994000000004007,0.6005000000000109,1.6832000000011362,0.8996999999992568,0.5149000000003525,2.981900000000394,0.568400000000338,0.41669999999925267,0.4666000000014492,1.183999999999969,0.7484000000022206,1.5494000000022652,1.1336000000014792,0.5335000000000036,0.5906999999992308,0.501199999999244,1.7498000000007323,0.8503000000007432,0.4743999999985249,0.5512000000029502,0.5271999999992545,0.41690000000221517,1.350500000000011,0.9663000000007855,5.083300000000747]","[0.999400000000378,0.6004999999999825,0.7813999999985128,2.1190999999996336,1.4830999999996095,0.8524000000003866,1.1825000000000045,0.650700000001109,2.415699999999248,0.6504999999999939,1.4491000000014935,1.4472999999988758,0.7179999999999893,0.515700000001118,0.6853999999985376,0.5510999999996216,0.4161999999992645,0.681699999999239,0.7177000000011162,0.5337000000011471,0.5995000000000346,0.6005000000000109,1.683400000000404,0.8997999999988906,0.5149000000003525,2.9821000000014806,0.568400000000338,0.41669999999925267,0.4666000000014492,1.1841000000014787,0.7484999999999786,1.5494000000022652,1.1336000000014792,0.5338000000007241,0.5908000000007405,0.501199999999244,1.7498999999984903,0.8503999999985581,0.4746999999992454,0.5513000000007082,0.5272999999970125,0.41699999999997317,1.3506000000014637,0.9663000000007855,5.083300000000747]",0.579629686,4.0237,0.0,4.0,4.0,113.0,1.0,bot (lichaam),mbot (lichaam),question_multimodal.png,im_combination.png,,,,,,
,,,649358,1,21,2023-09-18_14h57.12.232,flesh_expressibility_dutch,2022.2.4,Win32,60.04563468,,,,18.0,1.0,Nederlands,,,,,,Engels,2.0,,0.0,,0.0,,0.0,,0.0,,0.0,,0.0,,0.0,NL,2.0,2.0,2.0,5.0,,sensorypref2,1536.0,864.0,,,,,,,,,,,,,,,,,,,,,,,,,,,,,,,,,,,,22.0,438.7399,45.0,"[0.999400000000378,0.6001999999992336,0.7813999999985128,2.1189999999999998,1.4830999999996095,0.8524000000003866,1.1824000000003707,0.6506000000014751,2.415699999999248,0.6504000000003884,1.4491000000014935,1.4471999999992704,0.7179999999999893,0.515500000000003,0.68519999999927,0.5510999999996216,0.41609999999963065,0.6815999999996052,0.7177000000011162,0.5337000000011471,0.5994000000004007,0.6005000000000109,1.6832000000011362,0.8996999999992568,0.5149000000003525,2.981900000000394,0.568400000000338,0.41669999999925267,0.4666000000014492,1.183999999999969,0.7484000000022206,1.5494000000022652,1.1336000000014792,0.5335000000000036,0.5906999999992308,0.501199999999244,1.7498000000007323,0.8503000000007432,0.4743999999985249,0.5512000000029502,0.5271999999992545,0.41690000000221517,1.350500000000011,0.9663000000007855,5.083300000000747]","[0.999400000000378,0.6004999999999825,0.7813999999985128,2.1190999999996336,1.4830999999996095,0.8524000000003866,1.1825000000000045,0.650700000001109,2.415699999999248,0.6504999999999939,1.4491000000014935,1.4472999999988758,0.7179999999999893,0.515700000001118,0.6853999999985376,0.5510999999996216,0.4161999999992645,0.681699999999239,0.7177000000011162,0.5337000000011471,0.5995000000000346,0.6005000000000109,1.683400000000404,0.8997999999988906,0.5149000000003525,2.9821000000014806,0.568400000000338,0.41669999999925267,0.4666000000014492,1.1841000000014787,0.7484999999999786,1.5494000000022652,1.1336000000014792,0.5338000000007241,0.5908000000007405,0.501199999999244,1.7498999999984903,0.8503999999985581,0.4746999999992454,0.5513000000007082,0.5272999999970125,0.41699999999997317,1.3506000000014637,0.9663000000007855,5.083300000000747]",,,0.0,5.0,5.0,147.0,1.0,knopen,mknopen,question_multimodal.png,im_combination.png,,,,,,
,,,649358,1,21,2023-09-18_14h57.12.232,flesh_expressibility_dutch,2022.2.4,Win32,60.04563468,,,,18.0,1.0,Nederlands,,,,,,Engels,2.0,,0.0,,0.0,,0.0,,0.0,,0.0,,0.0,,0.0,NL,2.0,2.0,2.0,5.0,,sensorypref2,1536.0,864.0,,,,,,,,,,,,,,,,,,,,,,,,,,,,,,,,,,,,12.0,439.7636,46.0,"[0.999400000000378,0.6001999999992336,0.7813999999985128,2.1189999999999998,1.4830999999996095,0.8524000000003866,1.1824000000003707,0.6506000000014751,2.415699999999248,0.6504000000003884,1.4491000000014935,1.4471999999992704,0.7179999999999893,0.515500000000003,0.68519999999927,0.5510999999996216,0.41609999999963065,0.6815999999996052,0.7177000000011162,0.5337000000011471,0.5994000000004007,0.6005000000000109,1.6832000000011362,0.8996999999992568,0.5149000000003525,2.981900000000394,0.568400000000338,0.41669999999925267,0.4666000000014492,1.183999999999969,0.7484000000022206,1.5494000000022652,1.1336000000014792,0.5335000000000036,0.5906999999992308,0.501199999999244,1.7498000000007323,0.8503000000007432,0.4743999999985249,0.5512000000029502,0.5271999999992545,0.41690000000221517,1.350500000000011,0.9663000000007855,5.083300000000747,6.165199999999288]","[0.999400000000378,0.6004999999999825,0.7813999999985128,2.1190999999996336,1.4830999999996095,0.8524000000003866,1.1825000000000045,0.650700000001109,2.415699999999248,0.6504999999999939,1.4491000000014935,1.4472999999988758,0.7179999999999893,0.515700000001118,0.6853999999985376,0.5510999999996216,0.4161999999992645,0.681699999999239,0.7177000000011162,0.5337000000011471,0.5995000000000346,0.6005000000000109,1.683400000000404,0.8997999999988906,0.5149000000003525,2.9821000000014806,0.568400000000338,0.41669999999925267,0.4666000000014492,1.1841000000014787,0.7484999999999786,1.5494000000022652,1.1336000000014792,0.5338000000007241,0.5908000000007405,0.501199999999244,1.7498999999984903,0.8503999999985581,0.4746999999992454,0.5513000000007082,0.5272999999970125,0.41699999999997317,1.3506000000014637,0.9663000000007855,5.083300000000747,6.165300000000798]",-0.185185185,19.3543,0.0,6.0,6.0,190.0,1.0,ei,mei,question_multimodal.png,im_combination.png,,,,,,
,,,649358,1,21,2023-09-18_14h57.12.232,flesh_expressibility_dutch,2022.2.4,Win32,60.04563468,,,,18.0,1.0,Nederlands,,,,,,Engels,2.0,,0.0,,0.0,,0.0,,0.0,,0.0,,0.0,,0.0,NL,2.0,2.0,2.0,5.0,,sensorypref2,1536.0,864.0,,,,,,,,,,,,,,,,,,,,,,,,,,,,,,,,,,,,15.0,459.8369,47.0,"[0.999400000000378,0.6001999999992336,0.7813999999985128,2.1189999999999998,1.4830999999996095,0.8524000000003866,1.1824000000003707,0.6506000000014751,2.415699999999248,0.6504000000003884,1.4491000000014935,1.4471999999992704,0.7179999999999893,0.515500000000003,0.68519999999927,0.5510999999996216,0.41609999999963065,0.6815999999996052,0.7177000000011162,0.5337000000011471,0.5994000000004007,0.6005000000000109,1.6832000000011362,0.8996999999992568,0.5149000000003525,2.981900000000394,0.568400000000338,0.41669999999925267,0.4666000000014492,1.183999999999969,0.7484000000022206,1.5494000000022652,1.1336000000014792,0.5335000000000036,0.5906999999992308,0.501199999999244,1.7498000000007323,0.8503000000007432,0.4743999999985249,0.5512000000029502,0.5271999999992545,0.41690000000221517,1.350500000000011,0.9663000000007855,5.083300000000747,6.165199999999288,1.281400000002236]","[0.999400000000378,0.6004999999999825,0.7813999999985128,2.1190999999996336,1.4830999999996095,0.8524000000003866,1.1825000000000045,0.650700000001109,2.415699999999248,0.6504999999999939,1.4491000000014935,1.4472999999988758,0.7179999999999893,0.515700000001118,0.6853999999985376,0.5510999999996216,0.4161999999992645,0.681699999999239,0.7177000000011162,0.5337000000011471,0.5995000000000346,0.6005000000000109,1.683400000000404,0.8997999999988906,0.5149000000003525,2.9821000000014806,0.568400000000338,0.41669999999925267,0.4666000000014492,1.1841000000014787,0.7484999999999786,1.5494000000022652,1.1336000000014792,0.5338000000007241,0.5908000000007405,0.501199999999244,1.7498999999984903,0.8503999999985581,0.4746999999992454,0.5513000000007082,0.5272999999970125,0.41699999999997317,1.3506000000014637,0.9663000000007855,5.083300000000747,6.165300000000798,1.281499999999994]",0.309259344,4.2395,0.0,7.0,7.0,45.0,1.0,onweer,monweer,question_multimodal.png,im_combination.png,,,,,,
,,,649358,1,21,2023-09-18_14h57.12.232,flesh_expressibility_dutch,2022.2.4,Win32,60.04563468,,,,18.0,1.0,Nederlands,,,,,,Engels,2.0,,0.0,,0.0,,0.0,,0.0,,0.0,,0.0,,0.0,NL,2.0,2.0,2.0,5.0,,sensorypref2,1536.0,864.0,,,,,,,,,,,,,,,,,,,,,,,,,,,,,,,,,,,,14.0,465.2648,48.0,"[0.999400000000378,0.6001999999992336,0.7813999999985128,2.1189999999999998,1.4830999999996095,0.8524000000003866,1.1824000000003707,0.6506000000014751,2.415699999999248,0.6504000000003884,1.4491000000014935,1.4471999999992704,0.7179999999999893,0.515500000000003,0.68519999999927,0.5510999999996216,0.41609999999963065,0.6815999999996052,0.7177000000011162,0.5337000000011471,0.5994000000004007,0.6005000000000109,1.6832000000011362,0.8996999999992568,0.5149000000003525,2.981900000000394,0.568400000000338,0.41669999999925267,0.4666000000014492,1.183999999999969,0.7484000000022206,1.5494000000022652,1.1336000000014792,0.5335000000000036,0.5906999999992308,0.501199999999244,1.7498000000007323,0.8503000000007432,0.4743999999985249,0.5512000000029502,0.5271999999992545,0.41690000000221517,1.350500000000011,0.9663000000007855,5.083300000000747,6.165199999999288,1.281400000002236,0.6001000000015324]","[0.999400000000378,0.6004999999999825,0.7813999999985128,2.1190999999996336,1.4830999999996095,0.8524000000003866,1.1825000000000045,0.650700000001109,2.415699999999248,0.6504999999999939,1.4491000000014935,1.4472999999988758,0.7179999999999893,0.515700000001118,0.6853999999985376,0.5510999999996216,0.4161999999992645,0.681699999999239,0.7177000000011162,0.5337000000011471,0.5995000000000346,0.6005000000000109,1.683400000000404,0.8997999999988906,0.5149000000003525,2.9821000000014806,0.568400000000338,0.41669999999925267,0.4666000000014492,1.1841000000014787,0.7484999999999786,1.5494000000022652,1.1336000000014792,0.5338000000007241,0.5908000000007405,0.501199999999244,1.7498999999984903,0.8503999999985581,0.4746999999992454,0.5513000000007082,0.5272999999970125,0.41699999999997317,1.3506000000014637,0.9663000000007855,5.083300000000747,6.165300000000798,1.281499999999994,0.6001000000015324]",-0.314814815,2.6889,0.0,8.0,8.0,133.0,1.0,ster,mster,question_multimodal.png,im_combination.png,,,,,,
,,,649358,1,21,2023-09-18_14h57.12.232,flesh_expressibility_dutch,2022.2.4,Win32,60.04563468,,,,18.0,1.0,Nederlands,,,,,,Engels,2.0,,0.0,,0.0,,0.0,,0.0,,0.0,,0.0,,0.0,NL,2.0,2.0,2.0,5.0,,sensorypref2,1536.0,864.0,,,,,,,,,,,,,,,,,,,,,,,,,,,,,,,,,,,,11.0,468.6414,49.0,"[0.999400000000378,0.6001999999992336,0.7813999999985128,2.1189999999999998,1.4830999999996095,0.8524000000003866,1.1824000000003707,0.6506000000014751,2.415699999999248,0.6504000000003884,1.4491000000014935,1.4471999999992704,0.7179999999999893,0.515500000000003,0.68519999999927,0.5510999999996216,0.41609999999963065,0.6815999999996052,0.7177000000011162,0.5337000000011471,0.5994000000004007,0.6005000000000109,1.6832000000011362,0.8996999999992568,0.5149000000003525,2.981900000000394,0.568400000000338,0.41669999999925267,0.4666000000014492,1.183999999999969,0.7484000000022206,1.5494000000022652,1.1336000000014792,0.5335000000000036,0.5906999999992308,0.501199999999244,1.7498000000007323,0.8503000000007432,0.4743999999985249,0.5512000000029502,0.5271999999992545,0.41690000000221517,1.350500000000011,0.9663000000007855,5.083300000000747,6.165199999999288,1.281400000002236,0.6001000000015324,0.6329999999999814]","[0.999400000000378,0.6004999999999825,0.7813999999985128,2.1190999999996336,1.4830999999996095,0.8524000000003866,1.1825000000000045,0.650700000001109,2.415699999999248,0.6504999999999939,1.4491000000014935,1.4472999999988758,0.7179999999999893,0.515700000001118,0.6853999999985376,0.5510999999996216,0.4161999999992645,0.681699999999239,0.7177000000011162,0.5337000000011471,0.5995000000000346,0.6005000000000109,1.683400000000404,0.8997999999988906,0.5149000000003525,2.9821000000014806,0.568400000000338,0.41669999999925267,0.4666000000014492,1.1841000000014787,0.7484999999999786,1.5494000000022652,1.1336000000014792,0.5338000000007241,0.5908000000007405,0.501199999999244,1.7498999999984903,0.8503999999985581,0.4746999999992454,0.5513000000007082,0.5272999999970125,0.41699999999997317,1.3506000000014637,0.9663000000007855,5.083300000000747,6.165300000000798,1.281499999999994,0.6001000000015324,0.6329999999999814]",0.535185213,3.1062,0.0,9.0,9.0,40.0,1.0,bang,mbang,question_multimodal.png,im_combination.png,,,,,,
,,,649358,1,21,2023-09-18_14h57.12.232,flesh_expressibility_dutch,2022.2.4,Win32,60.04563468,,,,18.0,1.0,Nederlands,,,,,,Engels,2.0,,0.0,,0.0,,0.0,,0.0,,0.0,,0.0,,0.0,NL,2.0,2.0,2.0,5.0,,sensorypref2,1536.0,864.0,,,,,,,,,,,,,,,,,,,,,,,,,,,,,,,,,,,,14.0,472.4315,50.0,"[0.999400000000378,0.6001999999992336,0.7813999999985128,2.1189999999999998,1.4830999999996095,0.8524000000003866,1.1824000000003707,0.6506000000014751,2.415699999999248,0.6504000000003884,1.4491000000014935,1.4471999999992704,0.7179999999999893,0.515500000000003,0.68519999999927,0.5510999999996216,0.41609999999963065,0.6815999999996052,0.7177000000011162,0.5337000000011471,0.5994000000004007,0.6005000000000109,1.6832000000011362,0.8996999999992568,0.5149000000003525,2.981900000000394,0.568400000000338,0.41669999999925267,0.4666000000014492,1.183999999999969,0.7484000000022206,1.5494000000022652,1.1336000000014792,0.5335000000000036,0.5906999999992308,0.501199999999244,1.7498000000007323,0.8503000000007432,0.4743999999985249,0.5512000000029502,0.5271999999992545,0.41690000000221517,1.350500000000011,0.9663000000007855,5.083300000000747,6.165199999999288,1.281400000002236,0.6001000000015324,0.6329999999999814,0.9001000000014869]","[0.999400000000378,0.6004999999999825,0.7813999999985128,2.1190999999996336,1.4830999999996095,0.8524000000003866,1.1825000000000045,0.650700000001109,2.415699999999248,0.6504999999999939,1.4491000000014935,1.4472999999988758,0.7179999999999893,0.515700000001118,0.6853999999985376,0.5510999999996216,0.4161999999992645,0.681699999999239,0.7177000000011162,0.5337000000011471,0.5995000000000346,0.6005000000000109,1.683400000000404,0.8997999999988906,0.5149000000003525,2.9821000000014806,0.568400000000338,0.41669999999925267,0.4666000000014492,1.1841000000014787,0.7484999999999786,1.5494000000022652,1.1336000000014792,0.5338000000007241,0.5908000000007405,0.501199999999244,1.7498999999984903,0.8503999999985581,0.4746999999992454,0.5513000000007082,0.5272999999970125,0.41699999999997317,1.3506000000014637,0.9663000000007855,5.083300000000747,6.165300000000798,1.281499999999994,0.6001000000015324,0.6329999999999814,0.9001999999992449]",0.481481481,2.6878,0.0,10.0,10.0,10.0,1.0,strak,mstrak,question_multimodal.png,im_combination.png,,,,,,
,,,649358,1,21,2023-09-18_14h57.12.232,flesh_expressibility_dutch,2022.2.4,Win32,60.04563468,,,,18.0,1.0,Nederlands,,,,,,Engels,2.0,,0.0,,0.0,,0.0,,0.0,,0.0,,0.0,,0.0,NL,2.0,2.0,2.0,5.0,,sensorypref2,1536.0,864.0,,,,,,,,,,,,,,,,,,,,,,,,,,,,,,,,,,,,13.0,476.0132,51.0,"[0.999400000000378,0.6001999999992336,0.7813999999985128,2.1189999999999998,1.4830999999996095,0.8524000000003866,1.1824000000003707,0.6506000000014751,2.415699999999248,0.6504000000003884,1.4491000000014935,1.4471999999992704,0.7179999999999893,0.515500000000003,0.68519999999927,0.5510999999996216,0.41609999999963065,0.6815999999996052,0.7177000000011162,0.5337000000011471,0.5994000000004007,0.6005000000000109,1.6832000000011362,0.8996999999992568,0.5149000000003525,2.981900000000394,0.568400000000338,0.41669999999925267,0.4666000000014492,1.183999999999969,0.7484000000022206,1.5494000000022652,1.1336000000014792,0.5335000000000036,0.5906999999992308,0.501199999999244,1.7498000000007323,0.8503000000007432,0.4743999999985249,0.5512000000029502,0.5271999999992545,0.41690000000221517,1.350500000000011,0.9663000000007855,5.083300000000747,6.165199999999288,1.281400000002236,0.6001000000015324,0.6329999999999814,0.9001000000014869,0.4984999999999786]","[0.999400000000378,0.6004999999999825,0.7813999999985128,2.1190999999996336,1.4830999999996095,0.8524000000003866,1.1825000000000045,0.650700000001109,2.415699999999248,0.6504999999999939,1.4491000000014935,1.4472999999988758,0.7179999999999893,0.515700000001118,0.6853999999985376,0.5510999999996216,0.4161999999992645,0.681699999999239,0.7177000000011162,0.5337000000011471,0.5995000000000346,0.6005000000000109,1.683400000000404,0.8997999999988906,0.5149000000003525,2.9821000000014806,0.568400000000338,0.41669999999925267,0.4666000000014492,1.1841000000014787,0.7484999999999786,1.5494000000022652,1.1336000000014792,0.5338000000007241,0.5908000000007405,0.501199999999244,1.7498999999984903,0.8503999999985581,0.4746999999992454,0.5513000000007082,0.5272999999970125,0.41699999999997317,1.3506000000014637,0.9663000000007855,5.083300000000747,6.165300000000798,1.281499999999994,0.6001000000015324,0.6329999999999814,0.9001999999992449,0.4986000000014883]",0.546296296,2.6424,0.0,11.0,11.0,47.0,1.0,kruipen,mkruipen,question_multimodal.png,im_combination.png,,,,,,
,,,649358,1,21,2023-09-18_14h57.12.232,flesh_expressibility_dutch,2022.2.4,Win32,60.04563468,,,,18.0,1.0,Nederlands,,,,,,Engels,2.0,,0.0,,0.0,,0.0,,0.0,,0.0,,0.0,,0.0,NL,2.0,2.0,2.0,5.0,,sensorypref2,1536.0,864.0,,,,,,,,,,,,,,,,,,,,,,,,,,,,,,,,,,,,18.0,479.0848,52.0,"[0.999400000000378,0.6001999999992336,0.7813999999985128,2.1189999999999998,1.4830999999996095,0.8524000000003866,1.1824000000003707,0.6506000000014751,2.415699999999248,0.6504000000003884,1.4491000000014935,1.4471999999992704,0.7179999999999893,0.515500000000003,0.68519999999927,0.5510999999996216,0.41609999999963065,0.6815999999996052,0.7177000000011162,0.5337000000011471,0.5994000000004007,0.6005000000000109,1.6832000000011362,0.8996999999992568,0.5149000000003525,2.981900000000394,0.568400000000338,0.41669999999925267,0.4666000000014492,1.183999999999969,0.7484000000022206,1.5494000000022652,1.1336000000014792,0.5335000000000036,0.5906999999992308,0.501199999999244,1.7498000000007323,0.8503000000007432,0.4743999999985249,0.5512000000029502,0.5271999999992545,0.41690000000221517,1.350500000000011,0.9663000000007855,5.083300000000747,6.165199999999288,1.281400000002236,0.6001000000015324,0.6329999999999814,0.9001000000014869,0.4984999999999786,0.8150999999977557]","[0.999400000000378,0.6004999999999825,0.7813999999985128,2.1190999999996336,1.4830999999996095,0.8524000000003866,1.1825000000000045,0.650700000001109,2.415699999999248,0.6504999999999939,1.4491000000014935,1.4472999999988758,0.7179999999999893,0.515700000001118,0.6853999999985376,0.5510999999996216,0.4161999999992645,0.681699999999239,0.7177000000011162,0.5337000000011471,0.5995000000000346,0.6005000000000109,1.683400000000404,0.8997999999988906,0.5149000000003525,2.9821000000014806,0.568400000000338,0.41669999999925267,0.4666000000014492,1.1841000000014787,0.7484999999999786,1.5494000000022652,1.1336000000014792,0.5338000000007241,0.5908000000007405,0.501199999999244,1.7498999999984903,0.8503999999985581,0.4746999999992454,0.5513000000007082,0.5272999999970125,0.41699999999997317,1.3506000000014637,0.9663000000007855,5.083300000000747,6.165300000000798,1.281499999999994,0.6001000000015324,0.6329999999999814,0.9001999999992449,0.4986000000014883,0.8151999999992654]",-0.574074074,2.8637,0.0,12.0,12.0,5.0,1.0,honing,mhoning,question_multimodal.png,im_combination.png,,,,,,
,,,649358,1,21,2023-09-18_14h57.12.232,flesh_expressibility_dutch,2022.2.4,Win32,60.04563468,,,,18.0,1.0,Nederlands,,,,,,Engels,2.0,,0.0,,0.0,,0.0,,0.0,,0.0,,0.0,,0.0,NL,2.0,2.0,2.0,5.0,,sensorypref2,1536.0,864.0,,,,,,,,,,,,,,,,,,,,,,,,,,,,,,,,,,,,9.0,482.8743,53.0,"[0.999400000000378,0.6001999999992336,0.7813999999985128,2.1189999999999998,1.4830999999996095,0.8524000000003866,1.1824000000003707,0.6506000000014751,2.415699999999248,0.6504000000003884,1.4491000000014935,1.4471999999992704,0.7179999999999893,0.515500000000003,0.68519999999927,0.5510999999996216,0.41609999999963065,0.6815999999996052,0.7177000000011162,0.5337000000011471,0.5994000000004007,0.6005000000000109,1.6832000000011362,0.8996999999992568,0.5149000000003525,2.981900000000394,0.568400000000338,0.41669999999925267,0.4666000000014492,1.183999999999969,0.7484000000022206,1.5494000000022652,1.1336000000014792,0.5335000000000036,0.5906999999992308,0.501199999999244,1.7498000000007323,0.8503000000007432,0.4743999999985249,0.5512000000029502,0.5271999999992545,0.41690000000221517,1.350500000000011,0.9663000000007855,5.083300000000747,6.165199999999288,1.281400000002236,0.6001000000015324,0.6329999999999814,0.9001000000014869,0.4984999999999786,0.8150999999977557,0.699800000000721]","[0.999400000000378,0.6004999999999825,0.7813999999985128,2.1190999999996336,1.4830999999996095,0.8524000000003866,1.1825000000000045,0.650700000001109,2.415699999999248,0.6504999999999939,1.4491000000014935,1.4472999999988758,0.7179999999999893,0.515700000001118,0.6853999999985376,0.5510999999996216,0.4161999999992645,0.681699999999239,0.7177000000011162,0.5337000000011471,0.5995000000000346,0.6005000000000109,1.683400000000404,0.8997999999988906,0.5149000000003525,2.9821000000014806,0.568400000000338,0.41669999999925267,0.4666000000014492,1.1841000000014787,0.7484999999999786,1.5494000000022652,1.1336000000014792,0.5338000000007241,0.5908000000007405,0.501199999999244,1.7498999999984903,0.8503999999985581,0.4746999999992454,0.5513000000007082,0.5272999999970125,0.41699999999997317,1.3506000000014637,0.9663000000007855,5.083300000000747,6.165300000000798,1.281499999999994,0.6001000000015324,0.6329999999999814,0.9001999999992449,0.4986000000014883,0.8151999999992654,0.699800000000721]",0.561111168,2.569,0.0,13.0,13.0,160.0,1.0,wie,mwie,question_multimodal.png,im_combination.png,,,,,,
,,,649358,1,21,2023-09-18_14h57.12.232,flesh_expressibility_dutch,2022.2.4,Win32,60.04563468,,,,18.0,1.0,Nederlands,,,,,,Engels,2.0,,0.0,,0.0,,0.0,,0.0,,0.0,,0.0,,0.0,NL,2.0,2.0,2.0,5.0,,sensorypref2,1536.0,864.0,,,,,,,,,,,,,,,,,,,,,,,,,,,,,,,,,,,,15.0,486.1534,54.0,"[0.999400000000378,0.6001999999992336,0.7813999999985128,2.1189999999999998,1.4830999999996095,0.8524000000003866,1.1824000000003707,0.6506000000014751,2.415699999999248,0.6504000000003884,1.4491000000014935,1.4471999999992704,0.7179999999999893,0.515500000000003,0.68519999999927,0.5510999999996216,0.41609999999963065,0.6815999999996052,0.7177000000011162,0.5337000000011471,0.5994000000004007,0.6005000000000109,1.6832000000011362,0.8996999999992568,0.5149000000003525,2.981900000000394,0.568400000000338,0.41669999999925267,0.4666000000014492,1.183999999999969,0.7484000000022206,1.5494000000022652,1.1336000000014792,0.5335000000000036,0.5906999999992308,0.501199999999244,1.7498000000007323,0.8503000000007432,0.4743999999985249,0.5512000000029502,0.5271999999992545,0.41690000000221517,1.350500000000011,0.9663000000007855,5.083300000000747,6.165199999999288,1.281400000002236,0.6001000000015324,0.6329999999999814,0.9001000000014869,0.4984999999999786,0.8150999999977557,0.699800000000721,1.166499999999985]","[0.999400000000378,0.6004999999999825,0.7813999999985128,2.1190999999996336,1.4830999999996095,0.8524000000003866,1.1825000000000045,0.650700000001109,2.415699999999248,0.6504999999999939,1.4491000000014935,1.4472999999988758,0.7179999999999893,0.515700000001118,0.6853999999985376,0.5510999999996216,0.4161999999992645,0.681699999999239,0.7177000000011162,0.5337000000011471,0.5995000000000346,0.6005000000000109,1.683400000000404,0.8997999999988906,0.5149000000003525,2.9821000000014806,0.568400000000338,0.41669999999925267,0.4666000000014492,1.1841000000014787,0.7484999999999786,1.5494000000022652,1.1336000000014792,0.5338000000007241,0.5908000000007405,0.501199999999244,1.7498999999984903,0.8503999999985581,0.4746999999992454,0.5513000000007082,0.5272999999970125,0.41699999999997317,1.3506000000014637,0.9663000000007855,5.083300000000747,6.165300000000798,1.281499999999994,0.6001000000015324,0.6329999999999814,0.9001999999992449,0.4986000000014883,0.8151999999992654,0.699800000000721,1.166499999999985]",0.592592593,5.1207,0.0,14.0,14.0,193.0,1.0,huis,mhuis,question_multimodal.png,im_combination.png,,,,,,
,,,649358,1,21,2023-09-18_14h57.12.232,flesh_expressibility_dutch,2022.2.4,Win32,60.04563468,,,,18.0,1.0,Nederlands,,,,,,Engels,2.0,,0.0,,0.0,,0.0,,0.0,,0.0,,0.0,,0.0,NL,2.0,2.0,2.0,5.0,,sensorypref2,1536.0,864.0,,,,,,,,,,,,,,,,,,,,,,,,,,,,,,,,,,,,12.0,491.7866,55.0,"[0.999400000000378,0.6001999999992336,0.7813999999985128,2.1189999999999998,1.4830999999996095,0.8524000000003866,1.1824000000003707,0.6506000000014751,2.415699999999248,0.6504000000003884,1.4491000000014935,1.4471999999992704,0.7179999999999893,0.515500000000003,0.68519999999927,0.5510999999996216,0.41609999999963065,0.6815999999996052,0.7177000000011162,0.5337000000011471,0.5994000000004007,0.6005000000000109,1.6832000000011362,0.8996999999992568,0.5149000000003525,2.981900000000394,0.568400000000338,0.41669999999925267,0.4666000000014492,1.183999999999969,0.7484000000022206,1.5494000000022652,1.1336000000014792,0.5335000000000036,0.5906999999992308,0.501199999999244,1.7498000000007323,0.8503000000007432,0.4743999999985249,0.5512000000029502,0.5271999999992545,0.41690000000221517,1.350500000000011,0.9663000000007855,5.083300000000747,6.165199999999288,1.281400000002236,0.6001000000015324,0.6329999999999814,0.9001000000014869,0.4984999999999786,0.8150999999977557,0.699800000000721,1.166499999999985,0.5175999999977989]","[0.999400000000378,0.6004999999999825,0.7813999999985128,2.1190999999996336,1.4830999999996095,0.8524000000003866,1.1825000000000045,0.650700000001109,2.415699999999248,0.6504999999999939,1.4491000000014935,1.4472999999988758,0.7179999999999893,0.515700000001118,0.6853999999985376,0.5510999999996216,0.4161999999992645,0.681699999999239,0.7177000000011162,0.5337000000011471,0.5995000000000346,0.6005000000000109,1.683400000000404,0.8997999999988906,0.5149000000003525,2.9821000000014806,0.568400000000338,0.41669999999925267,0.4666000000014492,1.1841000000014787,0.7484999999999786,1.5494000000022652,1.1336000000014792,0.5338000000007241,0.5908000000007405,0.501199999999244,1.7498999999984903,0.8503999999985581,0.4746999999992454,0.5513000000007082,0.5272999999970125,0.41699999999997317,1.3506000000014637,0.9663000000007855,5.083300000000747,6.165300000000798,1.281499999999994,0.6001000000015324,0.6329999999999814,0.9001999999992449,0.4986000000014883,0.8151999999992654,0.699800000000721,1.166499999999985,0.5175999999977989]",0.064814815,7.4051,0.0,15.0,15.0,137.0,1.0,vallen,mvallen,question_multimodal.png,im_combination.png,,,,,,
,,,649358,1,21,2023-09-18_14h57.12.232,flesh_expressibility_dutch,2022.2.4,Win32,60.04563468,,,,18.0,1.0,Nederlands,,,,,,Engels,2.0,,0.0,,0.0,,0.0,,0.0,,0.0,,0.0,,0.0,NL,2.0,2.0,2.0,5.0,,sensorypref2,1536.0,864.0,,,,,,,,,,,,,,,,,,,,,,,,,,,,,,,,,,,,17.0,499.671,56.0,"[0.999400000000378,0.6001999999992336,0.7813999999985128,2.1189999999999998,1.4830999999996095,0.8524000000003866,1.1824000000003707,0.6506000000014751,2.415699999999248,0.6504000000003884,1.4491000000014935,1.4471999999992704,0.7179999999999893,0.515500000000003,0.68519999999927,0.5510999999996216,0.41609999999963065,0.6815999999996052,0.7177000000011162,0.5337000000011471,0.5994000000004007,0.6005000000000109,1.6832000000011362,0.8996999999992568,0.5149000000003525,2.981900000000394,0.568400000000338,0.41669999999925267,0.4666000000014492,1.183999999999969,0.7484000000022206,1.5494000000022652,1.1336000000014792,0.5335000000000036,0.5906999999992308,0.501199999999244,1.7498000000007323,0.8503000000007432,0.4743999999985249,0.5512000000029502,0.5271999999992545,0.41690000000221517,1.350500000000011,0.9663000000007855,5.083300000000747,6.165199999999288,1.281400000002236,0.6001000000015324,0.6329999999999814,0.9001000000014869,0.4984999999999786,0.8150999999977557,0.699800000000721,1.166499999999985,0.5175999999977989,1.2778999999984535]","[0.999400000000378,0.6004999999999825,0.7813999999985128,2.1190999999996336,1.4830999999996095,0.8524000000003866,1.1825000000000045,0.650700000001109,2.415699999999248,0.6504999999999939,1.4491000000014935,1.4472999999988758,0.7179999999999893,0.515700000001118,0.6853999999985376,0.5510999999996216,0.4161999999992645,0.681699999999239,0.7177000000011162,0.5337000000011471,0.5995000000000346,0.6005000000000109,1.683400000000404,0.8997999999988906,0.5149000000003525,2.9821000000014806,0.568400000000338,0.41669999999925267,0.4666000000014492,1.1841000000014787,0.7484999999999786,1.5494000000022652,1.1336000000014792,0.5338000000007241,0.5908000000007405,0.501199999999244,1.7498999999984903,0.8503999999985581,0.4746999999992454,0.5513000000007082,0.5272999999970125,0.41699999999997317,1.3506000000014637,0.9663000000007855,5.083300000000747,6.165300000000798,1.281499999999994,0.6001000000015324,0.6329999999999814,0.9001999999992449,0.4986000000014883,0.8151999999992654,0.699800000000721,1.166499999999985,0.5175999999977989,1.2779999999999063]",0.640740854,4.7093,0.0,16.0,16.0,90.0,1.0,slapen,mslapen,question_multimodal.png,im_combination.png,,,,,,
,,,649358,1,21,2023-09-18_14h57.12.232,flesh_expressibility_dutch,2022.2.4,Win32,60.04563468,,,,18.0,1.0,Nederlands,,,,,,Engels,2.0,,0.0,,0.0,,0.0,,0.0,,0.0,,0.0,,0.0,NL,2.0,2.0,2.0,5.0,,sensorypref2,1536.0,864.0,,,,,,,,,,,,,,,,,,,,,,,,,,,,,,,,,,,,7.0,505.9164,57.0,"[0.999400000000378,0.6001999999992336,0.7813999999985128,2.1189999999999998,1.4830999999996095,0.8524000000003866,1.1824000000003707,0.6506000000014751,2.415699999999248,0.6504000000003884,1.4491000000014935,1.4471999999992704,0.7179999999999893,0.515500000000003,0.68519999999927,0.5510999999996216,0.41609999999963065,0.6815999999996052,0.7177000000011162,0.5337000000011471,0.5994000000004007,0.6005000000000109,1.6832000000011362,0.8996999999992568,0.5149000000003525,2.981900000000394,0.568400000000338,0.41669999999925267,0.4666000000014492,1.183999999999969,0.7484000000022206,1.5494000000022652,1.1336000000014792,0.5335000000000036,0.5906999999992308,0.501199999999244,1.7498000000007323,0.8503000000007432,0.4743999999985249,0.5512000000029502,0.5271999999992545,0.41690000000221517,1.350500000000011,0.9663000000007855,5.083300000000747,6.165199999999288,1.281400000002236,0.6001000000015324,0.6329999999999814,0.9001000000014869,0.4984999999999786,0.8150999999977557,0.699800000000721,1.166499999999985,0.5175999999977989,1.2778999999984535,1.5496999999993477]","[0.999400000000378,0.6004999999999825,0.7813999999985128,2.1190999999996336,1.4830999999996095,0.8524000000003866,1.1825000000000045,0.650700000001109,2.415699999999248,0.6504999999999939,1.4491000000014935,1.4472999999988758,0.7179999999999893,0.515700000001118,0.6853999999985376,0.5510999999996216,0.4161999999992645,0.681699999999239,0.7177000000011162,0.5337000000011471,0.5995000000000346,0.6005000000000109,1.683400000000404,0.8997999999988906,0.5149000000003525,2.9821000000014806,0.568400000000338,0.41669999999925267,0.4666000000014492,1.1841000000014787,0.7484999999999786,1.5494000000022652,1.1336000000014792,0.5338000000007241,0.5908000000007405,0.501199999999244,1.7498999999984903,0.8503999999985581,0.4746999999992454,0.5513000000007082,0.5272999999970125,0.41699999999997317,1.3506000000014637,0.9663000000007855,5.083300000000747,6.165300000000798,1.281499999999994,0.6001000000015324,0.6329999999999814,0.9001999999992449,0.4986000000014883,0.8151999999992654,0.699800000000721,1.166499999999985,0.5175999999977989,1.2779999999999063,1.5498000000008005]",0.696296409,4.402,0.0,17.0,17.0,172.0,1.0,één,méén,question_multimodal.png,im_combination.png,,,,,,
,,,649358,1,21,2023-09-18_14h57.12.232,flesh_expressibility_dutch,2022.2.4,Win32,60.04563468,,,,18.0,1.0,Nederlands,,,,,,Engels,2.0,,0.0,,0.0,,0.0,,0.0,,0.0,,0.0,,0.0,NL,2.0,2.0,2.0,5.0,,sensorypref2,1536.0,864.0,,,,,,,,,,,,,,,,,,,,,,,,,,,,,,,,,,,,10.0,510.731,58.0,"[0.999400000000378,0.6001999999992336,0.7813999999985128,2.1189999999999998,1.4830999999996095,0.8524000000003866,1.1824000000003707,0.6506000000014751,2.415699999999248,0.6504000000003884,1.4491000000014935,1.4471999999992704,0.7179999999999893,0.515500000000003,0.68519999999927,0.5510999999996216,0.41609999999963065,0.6815999999996052,0.7177000000011162,0.5337000000011471,0.5994000000004007,0.6005000000000109,1.6832000000011362,0.8996999999992568,0.5149000000003525,2.981900000000394,0.568400000000338,0.41669999999925267,0.4666000000014492,1.183999999999969,0.7484000000022206,1.5494000000022652,1.1336000000014792,0.5335000000000036,0.5906999999992308,0.501199999999244,1.7498000000007323,0.8503000000007432,0.4743999999985249,0.5512000000029502,0.5271999999992545,0.41690000000221517,1.350500000000011,0.9663000000007855,5.083300000000747,6.165199999999288,1.281400000002236,0.6001000000015324,0.6329999999999814,0.9001000000014869,0.4984999999999786,0.8150999999977557,0.699800000000721,1.166499999999985,0.5175999999977989,1.2778999999984535,1.5496999999993477,0.5318000000006577]","[0.999400000000378,0.6004999999999825,0.7813999999985128,2.1190999999996336,1.4830999999996095,0.8524000000003866,1.1825000000000045,0.650700000001109,2.415699999999248,0.6504999999999939,1.4491000000014935,1.4472999999988758,0.7179999999999893,0.515700000001118,0.6853999999985376,0.5510999999996216,0.4161999999992645,0.681699999999239,0.7177000000011162,0.5337000000011471,0.5995000000000346,0.6005000000000109,1.683400000000404,0.8997999999988906,0.5149000000003525,2.9821000000014806,0.568400000000338,0.41669999999925267,0.4666000000014492,1.1841000000014787,0.7484999999999786,1.5494000000022652,1.1336000000014792,0.5338000000007241,0.5908000000007405,0.501199999999244,1.7498999999984903,0.8503999999985581,0.4746999999992454,0.5513000000007082,0.5272999999970125,0.41699999999997317,1.3506000000014637,0.9663000000007855,5.083300000000747,6.165300000000798,1.281499999999994,0.6001000000015324,0.6329999999999814,0.9001999999992449,0.4986000000014883,0.8151999999992654,0.699800000000721,1.166499999999985,0.5175999999977989,1.2779999999999063,1.5498000000008005,0.5318999999984726]",0.731481481,2.1823,0.0,18.0,18.0,148.0,1.0,bijten,mbijten,question_multimodal.png,im_combination.png,,,,,,
,,,649358,1,21,2023-09-18_14h57.12.232,flesh_expressibility_dutch,2022.2.4,Win32,60.04563468,,,,18.0,1.0,Nederlands,,,,,,Engels,2.0,,0.0,,0.0,,0.0,,0.0,,0.0,,0.0,,0.0,NL,2.0,2.0,2.0,5.0,,sensorypref2,1536.0,864.0,,,,,,,,,,,,,,,,,,,,,,,,,,,,,,,,,,,,13.0,513.5951,59.0,"[0.999400000000378,0.6001999999992336,0.7813999999985128,2.1189999999999998,1.4830999999996095,0.8524000000003866,1.1824000000003707,0.6506000000014751,2.415699999999248,0.6504000000003884,1.4491000000014935,1.4471999999992704,0.7179999999999893,0.515500000000003,0.68519999999927,0.5510999999996216,0.41609999999963065,0.6815999999996052,0.7177000000011162,0.5337000000011471,0.5994000000004007,0.6005000000000109,1.6832000000011362,0.8996999999992568,0.5149000000003525,2.981900000000394,0.568400000000338,0.41669999999925267,0.4666000000014492,1.183999999999969,0.7484000000022206,1.5494000000022652,1.1336000000014792,0.5335000000000036,0.5906999999992308,0.501199999999244,1.7498000000007323,0.8503000000007432,0.4743999999985249,0.5512000000029502,0.5271999999992545,0.41690000000221517,1.350500000000011,0.9663000000007855,5.083300000000747,6.165199999999288,1.281400000002236,0.6001000000015324,0.6329999999999814,0.9001000000014869,0.4984999999999786,0.8150999999977557,0.699800000000721,1.166499999999985,0.5175999999977989,1.2778999999984535,1.5496999999993477,0.5318000000006577,4.06680000000074]","[0.999400000000378,0.6004999999999825,0.7813999999985128,2.1190999999996336,1.4830999999996095,0.8524000000003866,1.1825000000000045,0.650700000001109,2.415699999999248,0.6504999999999939,1.4491000000014935,1.4472999999988758,0.7179999999999893,0.515700000001118,0.6853999999985376,0.5510999999996216,0.4161999999992645,0.681699999999239,0.7177000000011162,0.5337000000011471,0.5995000000000346,0.6005000000000109,1.683400000000404,0.8997999999988906,0.5149000000003525,2.9821000000014806,0.568400000000338,0.41669999999925267,0.4666000000014492,1.1841000000014787,0.7484999999999786,1.5494000000022652,1.1336000000014792,0.5338000000007241,0.5908000000007405,0.501199999999244,1.7498999999984903,0.8503999999985581,0.4746999999992454,0.5513000000007082,0.5272999999970125,0.41699999999997317,1.3506000000014637,0.9663000000007855,5.083300000000747,6.165300000000798,1.281499999999994,0.6001000000015324,0.6329999999999814,0.9001999999992449,0.4986000000014883,0.8151999999992654,0.699800000000721,1.166499999999985,0.5175999999977989,1.2779999999999063,1.5498000000008005,0.5318999999984726,4.0668999999985544]",0.48518527,2.6275,0.0,19.0,19.0,125.0,1.0,huid,mhuid,question_multimodal.png,im_combination.png,,,,,,
,,,649358,1,21,2023-09-18_14h57.12.232,flesh_expressibility_dutch,2022.2.4,Win32,60.04563468,,,,18.0,1.0,Nederlands,,,,,,Engels,2.0,,0.0,,0.0,,0.0,,0.0,,0.0,,0.0,,0.0,NL,2.0,2.0,2.0,5.0,,sensorypref2,1536.0,864.0,,,,,,,,,,,,,,,,,,,,,,,,,,,,,,,,,,,,17.0,520.2531,60.0,"[0.999400000000378,0.6001999999992336,0.7813999999985128,2.1189999999999998,1.4830999999996095,0.8524000000003866,1.1824000000003707,0.6506000000014751,2.415699999999248,0.6504000000003884,1.4491000000014935,1.4471999999992704,0.7179999999999893,0.515500000000003,0.68519999999927,0.5510999999996216,0.41609999999963065,0.6815999999996052,0.7177000000011162,0.5337000000011471,0.5994000000004007,0.6005000000000109,1.6832000000011362,0.8996999999992568,0.5149000000003525,2.981900000000394,0.568400000000338,0.41669999999925267,0.4666000000014492,1.183999999999969,0.7484000000022206,1.5494000000022652,1.1336000000014792,0.5335000000000036,0.5906999999992308,0.501199999999244,1.7498000000007323,0.8503000000007432,0.4743999999985249,0.5512000000029502,0.5271999999992545,0.41690000000221517,1.350500000000011,0.9663000000007855,5.083300000000747,6.165199999999288,1.281400000002236,0.6001000000015324,0.6329999999999814,0.9001000000014869,0.4984999999999786,0.8150999999977557,0.699800000000721,1.166499999999985,0.5175999999977989,1.2778999999984535,1.5496999999993477,0.5318000000006577,4.06680000000074,1.651199999999335]","[0.999400000000378,0.6004999999999825,0.7813999999985128,2.1190999999996336,1.4830999999996095,0.8524000000003866,1.1825000000000045,0.650700000001109,2.415699999999248,0.6504999999999939,1.4491000000014935,1.4472999999988758,0.7179999999999893,0.515700000001118,0.6853999999985376,0.5510999999996216,0.4161999999992645,0.681699999999239,0.7177000000011162,0.5337000000011471,0.5995000000000346,0.6005000000000109,1.683400000000404,0.8997999999988906,0.5149000000003525,2.9821000000014806,0.568400000000338,0.41669999999925267,0.4666000000014492,1.1841000000014787,0.7484999999999786,1.5494000000022652,1.1336000000014792,0.5338000000007241,0.5908000000007405,0.501199999999244,1.7498999999984903,0.8503999999985581,0.4746999999992454,0.5513000000007082,0.5272999999970125,0.41699999999997317,1.3506000000014637,0.9663000000007855,5.083300000000747,6.165300000000798,1.281499999999994,0.6001000000015324,0.6329999999999814,0.9001999999992449,0.4986000000014883,0.8151999999992654,0.699800000000721,1.166499999999985,0.5175999999977989,1.2779999999999063,1.5498000000008005,0.5318999999984726,4.0668999999985544,1.6514000000022406]",0.692592762,2.8888,0.0,20.0,20.0,36.0,1.0,slecht,mslecht,question_multimodal.png,im_combination.png,,,,,,
,,,649358,1,21,2023-09-18_14h57.12.232,flesh_expressibility_dutch,2022.2.4,Win32,60.04563468,,,,18.0,1.0,Nederlands,,,,,,Engels,2.0,,0.0,,0.0,,0.0,,0.0,,0.0,,0.0,,0.0,NL,2.0,2.0,2.0,5.0,,sensorypref2,1536.0,864.0,,,,,,,,,,,,,,,,,,,,,,,,,,,,,,,,,,,,,,,,,,,,,,,,,,,,,,,,,
,,,649358,1,21,2023-09-18_14h57.12.232,flesh_expressibility_dutch,2022.2.4,Win32,60.04563468,,,,18.0,1.0,Nederlands,,,,,,Engels,2.0,,0.0,,0.0,,0.0,,0.0,,0.0,,0.0,,0.0,NL,2.0,2.0,2.0,5.0,,sensorypref2,1536.0,864.0,,,,,,,,,,,,,,,,,,,,,,,,,,,,,,,,,,,,,,,,,,,,,,,,,,,,1.0,,,,,
,,,649358,1,21,2023-09-18_14h57.12.232,flesh_expressibility_dutch,2022.2.4,Win32,60.04563468,,,,18.0,1.0,Nederlands,,,,,,Engels,2.0,,0.0,,0.0,,0.0,,0.0,,0.0,,0.0,,0.0,NL,2.0,2.0,2.0,5.0,,sensorypref2,1536.0,864.0,,,,,,,,,,,,,,,,,,,,,,,,,,,,,,,,,,,,,,,,,,,,,,,,,,,,1.0,,,,,
,,,649358,1,21,2023-09-18_14h57.12.232,flesh_expressibility_dutch,2022.2.4,Win32,60.04563468,,,,18.0,1.0,Nederlands,,,,,,Engels,2.0,,0.0,,0.0,,0.0,,0.0,,0.0,,0.0,,0.0,NL,2.0,2.0,2.0,5.0,,sensorypref2,1536.0,864.0,,,,,,,,,,,,,,,,,,,,,,,,,,,,,,,,,,,,,,,,,,,,,,,,,,,,1.0,,,1.0,[532.6949999999999],[532.6950999999978]
