welcome_weiter.numClicks,welcome_weiter.timesOn,welcome_weiter.timesOff,exp_ID,session,presentation limit,date,expName,psychopyVersion,OS,frameRate,introduction_weiter.numClicks,introduction_weiter.timesOn,introduction_weiter.timesOff,age,gender,natlang1,natlang2,natlang3,natlang4,natlang5,natlang6,lang1,proficiency1,lang2,proficiency2,lang3,proficiency3,lang4,proficiency4,lang5,proficiency5,lang6,proficiency6,lang7,proficiency7,lang8,proficiency8,country,education,dyslexia,mobility,currentloc,radio-for-required-checkboxes,sensorypref2,xRes,yRes,sensorypref[],sensorypref1,sensorypref3,sensorypref4,practice_weiter.numClicks,practice_weiter.timesOn,practice_weiter.timesOff,pr_message_weiter.numClicks,pr_message_weiter.timesOn,pr_message_weiter.timesOff,pr_remember_weiter.numClicks,pr_remember_weiter.timesOn,pr_remember_weiter.timesOff,button_weiter.numClicks,button_weiter.timesOn,button_weiter.timesOff,pr_expressibility.response,pr_expressibility.rt,practice_trials.thisRepN,practice_trials.thisTrialN,practice_trials.thisN,practice_trials.thisIndex,practice_trials.ran,pr_word,pr_question,pr_image,start_weiter.numClicks,start_weiter.timesOn,start_weiter.timesOff,message_weiter.numClicks,message_weiter.timesOn,message_weiter.timesOff,trial_remember_weiter.numClicks,trial_remember_weiter.timesOn,trial_remember_weiter.timesOff,Count,Shelf time,trial_button_weiter.numClicks,trial_button_weiter.timesOn,trial_button_weiter.timesOff,expressibility.response,expressibility.rt,trials.thisRepN,trials.thisTrialN,trials.thisN,trials.thisIndex,trials.ran,word,fordict,question,trial_img,problem,problem_text,comment_text,end_experiment.numClicks,end_experiment.timesOn,end_experiment.timesOff
1.0,[1.4871000000238421],[1.4871000000238421],773077,1,21,2023-10-02_18h03.03.243,flesh_expressibility_dutch,2022.2.4,Win32,59.85515054,,,,,,,,,,,,,,,,,,,,,,,,,,,,,,,,,,,,,,,,,,,,,,,,,,,,,,,,,,,,,,,,,,,,,,,,,,,,,,,,,,,,,,,,,,,,,
,,,773077,1,21,2023-10-02_18h03.03.243,flesh_expressibility_dutch,2022.2.4,Win32,59.85515054,,,,,,,,,,,,,,,,,,,,,,,,,,,,,,,,,,,,,,,,,,,,,,,,,,,,,,,,,,,,,,,,,,,,,,,,,,,,,,,,,,,,,,,,,,,,,
,,,773077,1,21,2023-10-02_18h03.03.243,flesh_expressibility_dutch,2022.2.4,Win32,59.85515054,1.0,[10.044600000023841],[10.044600000023841],,,,,,,,,,,,,,,,,,,,,,,,,,,,,,,,,,,,,,,,,,,,,,,,,,,,,,,,,,,,,,,,,,,,,,,,,,,,,,,,,,,,,,,,,,
,,,773077,1,21,2023-10-02_18h03.03.243,flesh_expressibility_dutch,2022.2.4,Win32,59.85515054,,,,,,,,,,,,,,,,,,,,,,,,,,,,,,,,,,,,,,,,,,,,,,,,,,,,,,,,,,,,,,,,,,,,,,,,,,,,,,,,,,,,,,,,,,,,,
,,,773077,1,21,2023-10-02_18h03.03.243,flesh_expressibility_dutch,2022.2.4,Win32,59.85515054,,,,21.0,1.0,Nederlands,,,,,,Engels,0.0,,0.0,,0.0,,0.0,,0.0,,0.0,,0.0,,0.0,NL,7.0,2.0,2.0,1.0,on,sensorypref2,1280.0,720.0,,,,,,,,,,,,,,,,,,,,,,,,,,,,,,,,,,,,,,,,,,,,,,,,,,,,,,,,,
,,,773077,1,21,2023-10-02_18h03.03.243,flesh_expressibility_dutch,2022.2.4,Win32,59.85515054,,,,21.0,1.0,Nederlands,,,,,,Engels,0.0,,0.0,,0.0,,0.0,,0.0,,0.0,,0.0,,0.0,NL,7.0,2.0,2.0,1.0,,sensorypref2,1280.0,720.0,,,,,1.0,[47.12269999992847],[47.12269999992847],,,,,,,,,,,,,,,,,,,,,,,,,,,,,,,,,,,,,,,,,,,,,,,,,,
,,,773077,1,21,2023-10-02_18h03.03.243,flesh_expressibility_dutch,2022.2.4,Win32,59.85515054,,,,21.0,1.0,Nederlands,,,,,,Engels,0.0,,0.0,,0.0,,0.0,,0.0,,0.0,,0.0,,0.0,NL,7.0,2.0,2.0,1.0,,sensorypref2,1280.0,720.0,,,,,,,,,,,,,,,,,,,,,,,,,,,,,,,,,,,,,,,,,,,,,,,,,,,,,,,,,
,,,773077,1,21,2023-10-02_18h03.03.243,flesh_expressibility_dutch,2022.2.4,Win32,59.85515054,,,,21.0,1.0,Nederlands,,,,,,Engels,0.0,,0.0,,0.0,,0.0,,0.0,,0.0,,0.0,,0.0,NL,7.0,2.0,2.0,1.0,,sensorypref2,1280.0,720.0,,,,,,,,1.0,[56.39660000002384],[56.39669999992847],1.0,[60.708500000000015],[60.708599999904635],1.0,[1.2321000000238342],[1.2321000000238342],0.316666667,5.754,0.0,0.0,0.0,0.0,1.0,koken,question_multimodal.png,im_combination.png,,,,,,,,,,,,,,,,,,,,,,,,,,,,,,,
,,,773077,1,21,2023-10-02_18h03.03.243,flesh_expressibility_dutch,2022.2.4,Win32,59.85515054,,,,21.0,1.0,Nederlands,,,,,,Engels,0.0,,0.0,,0.0,,0.0,,0.0,,0.0,,0.0,,0.0,NL,7.0,2.0,2.0,1.0,,sensorypref2,1280.0,720.0,,,,,,,,,,,,,,2.0,"[1.2321000000238342,0.5997000000476902]","[1.2321000000238342,0.5997000000476902]",0.5,2.4263,0.0,1.0,1.0,1.0,1.0,leeuw,question_multimodal.png,im_combination.png,,,,,,,,,,,,,,,,,,,,,,,,,,,,,,,
,,,773077,1,21,2023-10-02_18h03.03.243,flesh_expressibility_dutch,2022.2.4,Win32,59.85515054,,,,21.0,1.0,Nederlands,,,,,,Engels,0.0,,0.0,,0.0,,0.0,,0.0,,0.0,,0.0,,0.0,NL,7.0,2.0,2.0,1.0,,sensorypref2,1280.0,720.0,,,,,,,,2.0,"[56.39660000002384,74.28169999992848]","[56.39669999992847,74.28179999995233]",2.0,"[60.708500000000015,75.57959999990464]","[60.708599999904635,75.57959999990464]",3.0,"[1.2321000000238342,0.5997000000476902,0.7172000000476828]","[1.2321000000238342,0.5997000000476902,0.7172000000476828]",0.559259372,3.1054,0.0,0.0,0.0,0.0,1.0,baby,question_gesture.png,im_hand.png,,,,,,,,,,,,,,,,,,,,,,,,,,,,,,,
,,,773077,1,21,2023-10-02_18h03.03.243,flesh_expressibility_dutch,2022.2.4,Win32,59.85515054,,,,21.0,1.0,Nederlands,,,,,,Engels,0.0,,0.0,,0.0,,0.0,,0.0,,0.0,,0.0,,0.0,NL,7.0,2.0,2.0,1.0,,sensorypref2,1280.0,720.0,,,,,,,,,,,,,,4.0,"[1.2321000000238342,0.5997000000476902,0.7172000000476828,0.8161999999284717]","[1.2321000000238342,0.5997000000476902,0.7172000000476828,0.8161999999284717]",0.668518575,4.145,0.0,1.0,1.0,1.0,1.0,auto,question_gesture.png,im_hand.png,,,,,,,,,,,,,,,,,,,,,,,,,,,,,,,
,,,773077,1,21,2023-10-02_18h03.03.243,flesh_expressibility_dutch,2022.2.4,Win32,59.85515054,,,,21.0,1.0,Nederlands,,,,,,Engels,0.0,,0.0,,0.0,,0.0,,0.0,,0.0,,0.0,,0.0,NL,7.0,2.0,2.0,1.0,,sensorypref2,1280.0,720.0,,,,,,,,3.0,"[56.39660000002384,74.28169999992848,87.79089999997616]","[56.39669999992847,74.28179999995233,87.79089999997616]",3.0,"[60.708500000000015,75.57959999990464,89.08869999992848]","[60.708599999904635,75.57959999990464,89.08869999992848]",5.0,"[1.2321000000238342,0.5997000000476902,0.7172000000476828,0.8161999999284717,2.5821000000238286]","[1.2321000000238342,0.5997000000476902,0.7172000000476828,0.8161999999284717,2.5822000000476777]",-0.027777778,4.5688,0.0,0.0,0.0,1.0,1.0,moe,question_vocal.png,im_mouth.png,,,,,,,,,,,,,,,,,,,,,,,,,,,,,,,
,,,773077,1,21,2023-10-02_18h03.03.243,flesh_expressibility_dutch,2022.2.4,Win32,59.85515054,,,,21.0,1.0,Nederlands,,,,,,Engels,0.0,,0.0,,0.0,,0.0,,0.0,,0.0,,0.0,,0.0,NL,7.0,2.0,2.0,1.0,,sensorypref2,1280.0,720.0,,,,,,,,,,,,,,6.0,"[1.2321000000238342,0.5997000000476902,0.7172000000476828,0.8161999999284717,2.5821000000238286,0.6008999999761642]","[1.2321000000238342,0.5997000000476902,0.7172000000476828,0.8161999999284717,2.5822000000476777,0.6008999999761642]",-0.292592536,3.7096,0.0,1.0,1.0,0.0,1.0,liefde,question_vocal.png,im_mouth.png,,,,,,,,,,,,,,,,,,,,,,,,,,,,,,,
,,,773077,1,21,2023-10-02_18h03.03.243,flesh_expressibility_dutch,2022.2.4,Win32,59.85515054,,,,21.0,1.0,Nederlands,,,,,,Engels,0.0,,0.0,,0.0,,0.0,,0.0,,0.0,,0.0,,0.0,NL,7.0,2.0,2.0,1.0,,sensorypref2,1280.0,720.0,,,,,,,,,,,,,,,,,,,,,,,,,,,1.0,[104.0265],[104.02660000002385],,,,,,,,,,,,,,,,,,,,,,,,,,,,
,,,773077,1,21,2023-10-02_18h03.03.243,flesh_expressibility_dutch,2022.2.4,Win32,59.85515054,,,,21.0,1.0,Nederlands,,,,,,Engels,0.0,,0.0,,0.0,,0.0,,0.0,,0.0,,0.0,,0.0,NL,7.0,2.0,2.0,1.0,,sensorypref2,1280.0,720.0,,,,,,,,,,,,,,,,,,,,,,,,,,,,,,,,,,,,,,,,,,,,,,,,,,,,,,,,,
,,,773077,1,21,2023-10-02_18h03.03.243,flesh_expressibility_dutch,2022.2.4,Win32,59.85515054,,,,21.0,1.0,Nederlands,,,,,,Engels,0.0,,0.0,,0.0,,0.0,,0.0,,0.0,,0.0,,0.0,NL,7.0,2.0,2.0,1.0,,sensorypref2,1280.0,720.0,,,,,,,,,,,,,,,,,,,,,,,,,,,,,,1.0,[109.14810000002385],[109.1482000000477],1.0,[110.49589999997616],[110.49600000000001],21.0,112.0384,1.0,[5.545599999904638],[5.545799999952322],0.627777778,4.8924,0.0,0.0,0.0,65.0,1.0,jeuk,vjeuk,question_vocal.png,im_mouth.png,,,,,,
,,,773077,1,21,2023-10-02_18h03.03.243,flesh_expressibility_dutch,2022.2.4,Win32,59.85515054,,,,21.0,1.0,Nederlands,,,,,,Engels,0.0,,0.0,,0.0,,0.0,,0.0,,0.0,,0.0,,0.0,NL,7.0,2.0,2.0,1.0,,sensorypref2,1280.0,720.0,,,,,,,,,,,,,,,,,,,,,,,,,,,,,,,,,,,,21.0,120.8433,2.0,"[5.545599999904638,0.5664000000953706]","[5.545799999952322,0.5664999999999907]",-0.027777778,3.1487,0.0,1.0,1.0,112.0,1.0,bloed,vbloed,question_vocal.png,im_mouth.png,,,,,,
,,,773077,1,21,2023-10-02_18h03.03.243,flesh_expressibility_dutch,2022.2.4,Win32,59.85515054,,,,21.0,1.0,Nederlands,,,,,,Engels,0.0,,0.0,,0.0,,0.0,,0.0,,0.0,,0.0,,0.0,NL,7.0,2.0,2.0,1.0,,sensorypref2,1280.0,720.0,,,,,,,,,,,,,,,,,,,,,,,,,,,,,,,,,,,,21.0,124.5267,3.0,"[5.545599999904638,0.5664000000953706,1.3157000000476842]","[5.545799999952322,0.5664999999999907,1.3158000000715333]",-0.21296285,3.0641,0.0,2.0,2.0,199.0,1.0,nacht,vnacht,question_vocal.png,im_mouth.png,,,,,,
,,,773077,1,21,2023-10-02_18h03.03.243,flesh_expressibility_dutch,2022.2.4,Win32,59.85515054,,,,21.0,1.0,Nederlands,,,,,,Engels,0.0,,0.0,,0.0,,0.0,,0.0,,0.0,,0.0,,0.0,NL,7.0,2.0,2.0,1.0,,sensorypref2,1280.0,720.0,,,,,,,,,,,,,,,,,,,,,,,,,,,,,,,,,,,,21.0,128.9319,4.0,"[5.545599999904638,0.5664000000953706,1.3157000000476842,0.5500000000000114]","[5.545799999952322,0.5664999999999907,1.3158000000715333,0.5500000000000114]",-0.020370314,2.9969,0.0,3.0,3.0,29.0,1.0,ziek,vziek,question_vocal.png,im_mouth.png,,,,,,
,,,773077,1,21,2023-10-02_18h03.03.243,flesh_expressibility_dutch,2022.2.4,Win32,59.85515054,,,,21.0,1.0,Nederlands,,,,,,Engels,0.0,,0.0,,0.0,,0.0,,0.0,,0.0,,0.0,,0.0,NL,7.0,2.0,2.0,1.0,,sensorypref2,1280.0,720.0,,,,,,,,,,,,,,,,,,,,,,,,,,,,,,,,,,,,21.0,132.4135,5.0,"[5.545599999904638,0.5664000000953706,1.3157000000476842,0.5500000000000114,0.5995000000000061]","[5.545799999952322,0.5664999999999907,1.3158000000715333,0.5500000000000114,0.5996000000238553]",0.394444444,3.0134,0.0,4.0,4.0,39.0,1.0,verdrietig,vverdrietig,question_vocal.png,im_mouth.png,,,,,,
,,,773077,1,21,2023-10-02_18h03.03.243,flesh_expressibility_dutch,2022.2.4,Win32,59.85515054,,,,21.0,1.0,Nederlands,,,,,,Engels,0.0,,0.0,,0.0,,0.0,,0.0,,0.0,,0.0,,0.0,NL,7.0,2.0,2.0,1.0,,sensorypref2,1280.0,720.0,,,,,,,,,,,,,,,,,,,,,,,,,,,,,,,,,,,,21.0,136.1008,6.0,"[5.545599999904638,0.5664000000953706,1.3157000000476842,0.5500000000000114,0.5995000000000061,0.7827999999523172]","[5.545799999952322,0.5664999999999907,1.3158000000715333,0.5500000000000114,0.5996000000238553,0.7828999999761663]",-0.742592536,3.6811,0.0,5.0,5.0,95.0,1.0,niet,vniet,question_vocal.png,im_mouth.png,,,,,,
,,,773077,1,21,2023-10-02_18h03.03.243,flesh_expressibility_dutch,2022.2.4,Win32,59.85515054,,,,21.0,1.0,Nederlands,,,,,,Engels,0.0,,0.0,,0.0,,0.0,,0.0,,0.0,,0.0,,0.0,NL,7.0,2.0,2.0,1.0,,sensorypref2,1280.0,720.0,,,,,,,,,,,,,,,,,,,,,,,,,,,,,,,,,,,,21.0,140.4244,7.0,"[5.545599999904638,0.5664000000953706,1.3157000000476842,0.5500000000000114,0.5995000000000061,0.7827999999523172,2.5810000000000173]","[5.545799999952322,0.5664999999999907,1.3158000000715333,0.5500000000000114,0.5996000000238553,0.7828999999761663,2.581100000023838]",0.18703715,5.6615,0.0,6.0,6.0,60.0,1.0,luidruchtig,vluidruchtig,question_vocal.png,im_mouth.png,,,,,,
,,,773077,1,21,2023-10-02_18h03.03.243,flesh_expressibility_dutch,2022.2.4,Win32,59.85515054,,,,21.0,1.0,Nederlands,,,,,,Engels,0.0,,0.0,,0.0,,0.0,,0.0,,0.0,,0.0,,0.0,NL,7.0,2.0,2.0,1.0,,sensorypref2,1280.0,720.0,,,,,,,,,,,,,,,,,,,,,,,,,,,,,,,,,,,,21.0,146.6446,8.0,"[5.545599999904638,0.5664000000953706,1.3157000000476842,0.5500000000000114,0.5995000000000061,0.7827999999523172,2.5810000000000173,0.7166000000238455]","[5.545799999952322,0.5664999999999907,1.3158000000715333,0.5500000000000114,0.5996000000238553,0.7828999999761663,2.581100000023838,0.7166000000238455]",0.346296353,3.1743,0.0,7.0,7.0,26.0,1.0,vrouw,vvrouw,question_vocal.png,im_mouth.png,,,,,,
,,,773077,1,21,2023-10-02_18h03.03.243,flesh_expressibility_dutch,2022.2.4,Win32,59.85515054,,,,21.0,1.0,Nederlands,,,,,,Engels,0.0,,0.0,,0.0,,0.0,,0.0,,0.0,,0.0,,0.0,NL,7.0,2.0,2.0,1.0,,sensorypref2,1280.0,720.0,,,,,,,,,,,,,,,,,,,,,,,,,,,,,,,,,,,,21.0,150.5388,9.0,"[5.545599999904638,0.5664000000953706,1.3157000000476842,0.5500000000000114,0.5995000000000061,0.7827999999523172,2.5810000000000173,0.7166000000238455,0.5828999999761493]","[5.545799999952322,0.5664999999999907,1.3158000000715333,0.5500000000000114,0.5996000000238553,0.7828999999761663,2.581100000023838,0.7166000000238455,0.5829999999999984]",0.461111111,2.5325,0.0,8.0,8.0,7.0,1.0,kauwen,vkauwen,question_vocal.png,im_mouth.png,,,,,,
,,,773077,1,21,2023-10-02_18h03.03.243,flesh_expressibility_dutch,2022.2.4,Win32,59.85515054,,,,21.0,1.0,Nederlands,,,,,,Engels,0.0,,0.0,,0.0,,0.0,,0.0,,0.0,,0.0,,0.0,NL,7.0,2.0,2.0,1.0,,sensorypref2,1280.0,720.0,,,,,,,,,,,,,,,,,,,,,,,,,,,,,,,,,,,,21.0,153.71,10.0,"[5.545599999904638,0.5664000000953706,1.3157000000476842,0.5500000000000114,0.5995000000000061,0.7827999999523172,2.5810000000000173,0.7166000000238455,0.5828999999761493,1.032600000023848]","[5.545799999952322,0.5664999999999907,1.3158000000715333,0.5500000000000114,0.5996000000238553,0.7828999999761663,2.581100000023838,0.7166000000238455,0.5829999999999984,1.0327000000476687]",-0.620370314,3.5806,0.0,9.0,9.0,79.0,1.0,veel,vveel,question_vocal.png,im_mouth.png,,,,,,
,,,773077,1,21,2023-10-02_18h03.03.243,flesh_expressibility_dutch,2022.2.4,Win32,59.85515054,,,,21.0,1.0,Nederlands,,,,,,Engels,0.0,,0.0,,0.0,,0.0,,0.0,,0.0,,0.0,,0.0,NL,7.0,2.0,2.0,1.0,,sensorypref2,1280.0,720.0,,,,,,,,,,,,,,,,,,,,,,,,,,,,,,,,,,,,21.0,158.3185,11.0,"[5.545599999904638,0.5664000000953706,1.3157000000476842,0.5500000000000114,0.5995000000000061,0.7827999999523172,2.5810000000000173,0.7166000000238455,0.5828999999761493,1.032600000023848,0.6996999999284697]","[5.545799999952322,0.5664999999999907,1.3158000000715333,0.5500000000000114,0.5996000000238553,0.7828999999761663,2.581100000023838,0.7166000000238455,0.5829999999999984,1.0327000000476687,0.6996999999284697]",-0.131481425,3.0414,0.0,10.0,10.0,32.0,1.0,vooraan,vvooraan,question_vocal.png,im_mouth.png,,,,,,
,,,773077,1,21,2023-10-02_18h03.03.243,flesh_expressibility_dutch,2022.2.4,Win32,59.85515054,,,,21.0,1.0,Nederlands,,,,,,Engels,0.0,,0.0,,0.0,,0.0,,0.0,,0.0,,0.0,,0.0,NL,7.0,2.0,2.0,1.0,,sensorypref2,1280.0,720.0,,,,,,,,,,,,,,,,,,,,,,,,,,,,,,,,,,,,21.0,162.1067,12.0,"[5.545599999904638,0.5664000000953706,1.3157000000476842,0.5500000000000114,0.5995000000000061,0.7827999999523172,2.5810000000000173,0.7166000000238455,0.5828999999761493,1.032600000023848,0.6996999999284697,0.5663999999761415]","[5.545799999952322,0.5664999999999907,1.3158000000715333,0.5500000000000114,0.5996000000238553,0.7828999999761663,2.581100000023838,0.7166000000238455,0.5829999999999984,1.0327000000476687,0.6996999999284697,0.5664999999999907]",0.296296353,2.6169,0.0,11.0,11.0,49.0,1.0,springen,vspringen,question_vocal.png,im_mouth.png,,,,,,
,,,773077,1,21,2023-10-02_18h03.03.243,flesh_expressibility_dutch,2022.2.4,Win32,59.85515054,,,,21.0,1.0,Nederlands,,,,,,Engels,0.0,,0.0,,0.0,,0.0,,0.0,,0.0,,0.0,,0.0,NL,7.0,2.0,2.0,1.0,,sensorypref2,1280.0,720.0,,,,,,,,,,,,,,,,,,,,,,,,,,,,,,,,,,,,21.0,165.2807,13.0,"[5.545599999904638,0.5664000000953706,1.3157000000476842,0.5500000000000114,0.5995000000000061,0.7827999999523172,2.5810000000000173,0.7166000000238455,0.5828999999761493,1.032600000023848,0.6996999999284697,0.5663999999761415,1.182899999976172]","[5.545799999952322,0.5664999999999907,1.3158000000715333,0.5500000000000114,0.5996000000238553,0.7828999999761663,2.581100000023838,0.7166000000238455,0.5829999999999984,1.0327000000476687,0.6996999999284697,0.5664999999999907,1.182899999976172]",0.090740797,3.1166,0.0,12.0,12.0,123.0,1.0,navel,vnavel,question_vocal.png,im_mouth.png,,,,,,
,,,773077,1,21,2023-10-02_18h03.03.243,flesh_expressibility_dutch,2022.2.4,Win32,59.85515054,,,,21.0,1.0,Nederlands,,,,,,Engels,0.0,,0.0,,0.0,,0.0,,0.0,,0.0,,0.0,,0.0,NL,7.0,2.0,2.0,1.0,,sensorypref2,1280.0,720.0,,,,,,,,,,,,,,,,,,,,,,,,,,,,,,,,,,,,21.0,168.858,14.0,"[5.545599999904638,0.5664000000953706,1.3157000000476842,0.5500000000000114,0.5995000000000061,0.7827999999523172,2.5810000000000173,0.7166000000238455,0.5828999999761493,1.032600000023848,0.6996999999284697,0.5663999999761415,1.182899999976172,0.5995000000000061]","[5.545799999952322,0.5664999999999907,1.3158000000715333,0.5500000000000114,0.5996000000238553,0.7828999999761663,2.581100000023838,0.7166000000238455,0.5829999999999984,1.0327000000476687,0.6996999999284697,0.5664999999999907,1.182899999976172,0.5995000000000061]",-0.392592536,3.0215,0.0,13.0,13.0,24.0,1.0,levend,vlevend,question_vocal.png,im_mouth.png,,,,,,
,,,773077,1,21,2023-10-02_18h03.03.243,flesh_expressibility_dutch,2022.2.4,Win32,59.85515054,,,,21.0,1.0,Nederlands,,,,,,Engels,0.0,,0.0,,0.0,,0.0,,0.0,,0.0,,0.0,,0.0,NL,7.0,2.0,2.0,1.0,,sensorypref2,1280.0,720.0,,,,,,,,,,,,,,,,,,,,,,,,,,,,,,,,,,,,21.0,172.552,15.0,"[5.545599999904638,0.5664000000953706,1.3157000000476842,0.5500000000000114,0.5995000000000061,0.7827999999523172,2.5810000000000173,0.7166000000238455,0.5828999999761493,1.032600000023848,0.6996999999284697,0.5663999999761415,1.182899999976172,0.5995000000000061,0.6496000000238382]","[5.545799999952322,0.5664999999999907,1.3158000000715333,0.5500000000000114,0.5996000000238553,0.7828999999761663,2.581100000023838,0.7166000000238455,0.5829999999999984,1.0327000000476687,0.6996999999284697,0.5664999999999907,1.182899999976172,0.5995000000000061,0.6498000000715365]",0.107407464,3.037,0.0,14.0,14.0,107.0,1.0,mond,vmond,question_vocal.png,im_mouth.png,,,,,,
,,,773077,1,21,2023-10-02_18h03.03.243,flesh_expressibility_dutch,2022.2.4,Win32,59.85515054,,,,21.0,1.0,Nederlands,,,,,,Engels,0.0,,0.0,,0.0,,0.0,,0.0,,0.0,,0.0,,0.0,NL,7.0,2.0,2.0,1.0,,sensorypref2,1280.0,720.0,,,,,,,,,,,,,,,,,,,,,,,,,,,,,,,,,,,,21.0,176.242,16.0,"[5.545599999904638,0.5664000000953706,1.3157000000476842,0.5500000000000114,0.5995000000000061,0.7827999999523172,2.5810000000000173,0.7166000000238455,0.5828999999761493,1.032600000023848,0.6996999999284697,0.5663999999761415,1.182899999976172,0.5995000000000061,0.6496000000238382,0.6163999999761529]","[5.545799999952322,0.5664999999999907,1.3158000000715333,0.5500000000000114,0.5996000000238553,0.7828999999761663,2.581100000023838,0.7166000000238455,0.5829999999999984,1.0327000000476687,0.6996999999284697,0.5664999999999907,1.182899999976172,0.5995000000000061,0.6498000000715365,0.6163999999761529]",-0.164814758,2.8987,0.0,15.0,15.0,70.0,1.0,aanraken,vaanraken,question_vocal.png,im_mouth.png,,,,,,
,,,773077,1,21,2023-10-02_18h03.03.243,flesh_expressibility_dutch,2022.2.4,Win32,59.85515054,,,,21.0,1.0,Nederlands,,,,,,Engels,0.0,,0.0,,0.0,,0.0,,0.0,,0.0,,0.0,,0.0,NL,7.0,2.0,2.0,1.0,,sensorypref2,1280.0,720.0,,,,,,,,,,,,,,,,,,,,,,,,,,,,,,,,,,,,21.0,179.8252,17.0,"[5.545599999904638,0.5664000000953706,1.3157000000476842,0.5500000000000114,0.5995000000000061,0.7827999999523172,2.5810000000000173,0.7166000000238455,0.5828999999761493,1.032600000023848,0.6996999999284697,0.5663999999761415,1.182899999976172,0.5995000000000061,0.6496000000238382,0.6163999999761529,1.515500000000003]","[5.545799999952322,0.5664999999999907,1.3158000000715333,0.5500000000000114,0.5996000000238553,0.7828999999761663,2.581100000023838,0.7166000000238455,0.5829999999999984,1.0327000000476687,0.6996999999284697,0.5664999999999907,1.182899999976172,0.5995000000000061,0.6498000000715365,0.6163999999761529,1.515500000000003]",0.453703817,3.0201,0.0,16.0,16.0,25.0,1.0,dood,vdood,question_vocal.png,im_mouth.png,,,,,,
,,,773077,1,21,2023-10-02_18h03.03.243,flesh_expressibility_dutch,2022.2.4,Win32,59.85515054,,,,21.0,1.0,Nederlands,,,,,,Engels,0.0,,0.0,,0.0,,0.0,,0.0,,0.0,,0.0,,0.0,NL,7.0,2.0,2.0,1.0,,sensorypref2,1280.0,720.0,,,,,,,,,,,,,,,,,,,,,,,,,,,,,,,,,,,,21.0,184.2253,18.0,"[5.545599999904638,0.5664000000953706,1.3157000000476842,0.5500000000000114,0.5995000000000061,0.7827999999523172,2.5810000000000173,0.7166000000238455,0.5828999999761493,1.032600000023848,0.6996999999284697,0.5663999999761415,1.182899999976172,0.5995000000000061,0.6496000000238382,0.6163999999761529,1.515500000000003,0.5829999999999984]","[5.545799999952322,0.5664999999999907,1.3158000000715333,0.5500000000000114,0.5996000000238553,0.7828999999761663,2.581100000023838,0.7166000000238455,0.5829999999999984,1.0327000000476687,0.6996999999284697,0.5664999999999907,1.182899999976172,0.5995000000000061,0.6498000000715365,0.6163999999761529,1.515500000000003,0.5829999999999984]",0.579629686,2.9114,0.0,17.0,17.0,103.0,1.0,vlieg,vvlieg,question_vocal.png,im_mouth.png,,,,,,
,,,773077,1,21,2023-10-02_18h03.03.243,flesh_expressibility_dutch,2022.2.4,Win32,59.85515054,,,,21.0,1.0,Nederlands,,,,,,Engels,0.0,,0.0,,0.0,,0.0,,0.0,,0.0,,0.0,,0.0,NL,7.0,2.0,2.0,1.0,,sensorypref2,1280.0,720.0,,,,,,,,,,,,,,,,,,,,,,,,,,,,,,,,,,,,21.0,187.7064,19.0,"[5.545599999904638,0.5664000000953706,1.3157000000476842,0.5500000000000114,0.5995000000000061,0.7827999999523172,2.5810000000000173,0.7166000000238455,0.5828999999761493,1.032600000023848,0.6996999999284697,0.5663999999761415,1.182899999976172,0.5995000000000061,0.6496000000238382,0.6163999999761529,1.515500000000003,0.5829999999999984,0.6996000000238496]","[5.545799999952322,0.5664999999999907,1.3158000000715333,0.5500000000000114,0.5996000000238553,0.7828999999761663,2.581100000023838,0.7166000000238455,0.5829999999999984,1.0327000000476687,0.6996999999284697,0.5664999999999907,1.182899999976172,0.5995000000000061,0.6498000000715365,0.6163999999761529,1.515500000000003,0.5829999999999984,0.6997000000476703]",-0.588888889,2.8718,0.0,18.0,18.0,184.0,1.0,ver,vver,question_vocal.png,im_mouth.png,,,,,,
,,,773077,1,21,2023-10-02_18h03.03.243,flesh_expressibility_dutch,2022.2.4,Win32,59.85515054,,,,21.0,1.0,Nederlands,,,,,,Engels,0.0,,0.0,,0.0,,0.0,,0.0,,0.0,,0.0,,0.0,NL,7.0,2.0,2.0,1.0,,sensorypref2,1280.0,720.0,,,,,,,,,,,,,,,,,,,,,,,,,,,,,,,,,,,,21.0,191.3964,20.0,"[5.545599999904638,0.5664000000953706,1.3157000000476842,0.5500000000000114,0.5995000000000061,0.7827999999523172,2.5810000000000173,0.7166000000238455,0.5828999999761493,1.032600000023848,0.6996999999284697,0.5663999999761415,1.182899999976172,0.5995000000000061,0.6496000000238382,0.6163999999761529,1.515500000000003,0.5829999999999984,0.6996000000238496,3.1976999999284885]","[5.545799999952322,0.5664999999999907,1.3158000000715333,0.5500000000000114,0.5996000000238553,0.7828999999761663,2.581100000023838,0.7166000000238455,0.5829999999999984,1.0327000000476687,0.6996999999284697,0.5664999999999907,1.182899999976172,0.5995000000000061,0.6498000000715365,0.6163999999761529,1.515500000000003,0.5829999999999984,0.6997000000476703,3.1977999999523092]",-0.896296268,4.8899,0.0,19.0,19.0,34.0,1.0,vergeten,vvergeten,question_vocal.png,im_mouth.png,,,,,,
,,,773077,1,21,2023-10-02_18h03.03.243,flesh_expressibility_dutch,2022.2.4,Win32,59.85515054,,,,21.0,1.0,Nederlands,,,,,,Engels,0.0,,0.0,,0.0,,0.0,,0.0,,0.0,,0.0,,0.0,NL,7.0,2.0,2.0,1.0,,sensorypref2,1280.0,720.0,,,,,,,,,,,,,,,,,,,,,,,,,,,,,,2.0,"[109.14810000002385,197.42520000004768]","[109.1482000000477,197.42530000007153]",2.0,"[110.49589999997616,200.28889999997617]","[110.49600000000001,200.28889999997617]",22.0,201.7379,20.0,"[5.545599999904638,0.5664000000953706,1.3157000000476842,0.5500000000000114,0.5995000000000061,0.7827999999523172,2.5810000000000173,0.7166000000238455,0.5828999999761493,1.032600000023848,0.6996999999284697,0.5663999999761415,1.182899999976172,0.5995000000000061,0.6496000000238382,0.6163999999761529,1.515500000000003,0.5829999999999984,0.6996000000238496,3.1976999999284885]","[5.545799999952322,0.5664999999999907,1.3158000000715333,0.5500000000000114,0.5996000000238553,0.7828999999761663,2.581100000023838,0.7166000000238455,0.5829999999999984,1.0327000000476687,0.6996999999284697,0.5664999999999907,1.182899999976172,0.5995000000000061,0.6498000000715365,0.6163999999761529,1.515500000000003,0.5829999999999984,0.6997000000476703,3.1977999999523092]",,,0.0,0.0,0.0,75.0,1.0,rond,grond,question_gesture.png,im_hand.png,,,,,,
,,,773077,1,21,2023-10-02_18h03.03.243,flesh_expressibility_dutch,2022.2.4,Win32,59.85515054,,,,21.0,1.0,Nederlands,,,,,,Engels,0.0,,0.0,,0.0,,0.0,,0.0,,0.0,,0.0,,0.0,NL,7.0,2.0,2.0,1.0,,sensorypref2,1280.0,720.0,,,,,,,,,,,,,,,,,,,,,,,,,,,,,,,,,,,,22.0,202.7635,20.0,"[5.545599999904638,0.5664000000953706,1.3157000000476842,0.5500000000000114,0.5995000000000061,0.7827999999523172,2.5810000000000173,0.7166000000238455,0.5828999999761493,1.032600000023848,0.6996999999284697,0.5663999999761415,1.182899999976172,0.5995000000000061,0.6496000000238382,0.6163999999761529,1.515500000000003,0.5829999999999984,0.6996000000238496,3.1976999999284885]","[5.545799999952322,0.5664999999999907,1.3158000000715333,0.5500000000000114,0.5996000000238553,0.7828999999761663,2.581100000023838,0.7166000000238455,0.5829999999999984,1.0327000000476687,0.6996999999284697,0.5664999999999907,1.182899999976172,0.5995000000000061,0.6498000000715365,0.6163999999761529,1.515500000000003,0.5829999999999984,0.6997000000476703,3.1977999999523092]",,,0.0,1.0,1.0,29.0,1.0,ziek,gziek,question_gesture.png,im_hand.png,,,,,,
,,,773077,1,21,2023-10-02_18h03.03.243,flesh_expressibility_dutch,2022.2.4,Win32,59.85515054,,,,21.0,1.0,Nederlands,,,,,,Engels,0.0,,0.0,,0.0,,0.0,,0.0,,0.0,,0.0,,0.0,NL,7.0,2.0,2.0,1.0,,sensorypref2,1280.0,720.0,,,,,,,,,,,,,,,,,,,,,,,,,,,,,,,,,,,,19.0,203.7858,21.0,"[5.545599999904638,0.5664000000953706,1.3157000000476842,0.5500000000000114,0.5995000000000061,0.7827999999523172,2.5810000000000173,0.7166000000238455,0.5828999999761493,1.032600000023848,0.6996999999284697,0.5663999999761415,1.182899999976172,0.5995000000000061,0.6496000000238382,0.6163999999761529,1.515500000000003,0.5829999999999984,0.6996000000238496,3.1976999999284885,2.2651000000238355]","[5.545799999952322,0.5664999999999907,1.3158000000715333,0.5500000000000114,0.5996000000238553,0.7828999999761663,2.581100000023838,0.7166000000238455,0.5829999999999984,1.0327000000476687,0.6996999999284697,0.5664999999999907,1.182899999976172,0.5995000000000061,0.6498000000715365,0.6163999999761529,1.515500000000003,0.5829999999999984,0.6997000000476703,3.1977999999523092,2.2651000000238355]",-0.831481425,4.1293,0.0,2.0,2.0,163.0,1.0,zout,gzout,question_gesture.png,im_hand.png,,,,,,
,,,773077,1,21,2023-10-02_18h03.03.243,flesh_expressibility_dutch,2022.2.4,Win32,59.85515054,,,,21.0,1.0,Nederlands,,,,,,Engels,0.0,,0.0,,0.0,,0.0,,0.0,,0.0,,0.0,,0.0,NL,7.0,2.0,2.0,1.0,,sensorypref2,1280.0,720.0,,,,,,,,,,,,,,,,,,,,,,,,,,,,,,,,,,,,17.0,208.5964,22.0,"[5.545599999904638,0.5664000000953706,1.3157000000476842,0.5500000000000114,0.5995000000000061,0.7827999999523172,2.5810000000000173,0.7166000000238455,0.5828999999761493,1.032600000023848,0.6996999999284697,0.5663999999761415,1.182899999976172,0.5995000000000061,0.6496000000238382,0.6163999999761529,1.515500000000003,0.5829999999999984,0.6996000000238496,3.1976999999284885,2.2651000000238355,1.4660999999046567]","[5.545799999952322,0.5664999999999907,1.3158000000715333,0.5500000000000114,0.5996000000238553,0.7828999999761663,2.581100000023838,0.7166000000238455,0.5829999999999984,1.0327000000476687,0.6996999999284697,0.5664999999999907,1.182899999976172,0.5995000000000061,0.6498000000715365,0.6163999999761529,1.515500000000003,0.5829999999999984,0.6997000000476703,3.1977999999523092,2.2651000000238355,1.4661999999284774]",0.233333333,9.0275,0.0,3.0,3.0,35.0,1.0,boos,gboos,question_gesture.png,im_hand.png,,,,,,
,,,773077,1,21,2023-10-02_18h03.03.243,flesh_expressibility_dutch,2022.2.4,Win32,59.85515054,,,,21.0,1.0,Nederlands,,,,,,Engels,0.0,,0.0,,0.0,,0.0,,0.0,,0.0,,0.0,,0.0,NL,7.0,2.0,2.0,1.0,,sensorypref2,1280.0,720.0,,,,,,,,,,,,,,,,,,,,,,,,,,,,,,,,,,,,20.0,219.1444,23.0,"[5.545599999904638,0.5664000000953706,1.3157000000476842,0.5500000000000114,0.5995000000000061,0.7827999999523172,2.5810000000000173,0.7166000000238455,0.5828999999761493,1.032600000023848,0.6996999999284697,0.5663999999761415,1.182899999976172,0.5995000000000061,0.6496000000238382,0.6163999999761529,1.515500000000003,0.5829999999999984,0.6996000000238496,3.1976999999284885,2.2651000000238355,1.4660999999046567,1.232500000000016]","[5.545799999952322,0.5664999999999907,1.3158000000715333,0.5500000000000114,0.5996000000238553,0.7828999999761663,2.581100000023838,0.7166000000238455,0.5829999999999984,1.0327000000476687,0.6996999999284697,0.5664999999999907,1.182899999976172,0.5995000000000061,0.6498000000715365,0.6163999999761529,1.515500000000003,0.5829999999999984,0.6997000000476703,3.1977999999523092,2.2651000000238355,1.4661999999284774,1.2326000000238366]",-0.65,5.5166,0.0,4.0,4.0,174.0,1.0,staart,gstaart,question_gesture.png,im_hand.png,,,,,,
,,,773077,1,21,2023-10-02_18h03.03.243,flesh_expressibility_dutch,2022.2.4,Win32,59.85515054,,,,21.0,1.0,Nederlands,,,,,,Engels,0.0,,0.0,,0.0,,0.0,,0.0,,0.0,,0.0,,0.0,NL,7.0,2.0,2.0,1.0,,sensorypref2,1280.0,720.0,,,,,,,,,,,,,,,,,,,,,,,,,,,,,,,,,,,,21.0,226.0046,24.0,"[5.545599999904638,0.5664000000953706,1.3157000000476842,0.5500000000000114,0.5995000000000061,0.7827999999523172,2.5810000000000173,0.7166000000238455,0.5828999999761493,1.032600000023848,0.6996999999284697,0.5663999999761415,1.182899999976172,0.5995000000000061,0.6496000000238382,0.6163999999761529,1.515500000000003,0.5829999999999984,0.6996000000238496,3.1976999999284885,2.2651000000238355,1.4660999999046567,1.232500000000016,0.5659999999999741]","[5.545799999952322,0.5664999999999907,1.3158000000715333,0.5500000000000114,0.5996000000238553,0.7828999999761663,2.581100000023838,0.7166000000238455,0.5829999999999984,1.0327000000476687,0.6996999999284697,0.5664999999999907,1.182899999976172,0.5995000000000061,0.6498000000715365,0.6163999999761529,1.515500000000003,0.5829999999999984,0.6997000000476703,3.1977999999523092,2.2651000000238355,1.4661999999284774,1.2326000000238366,0.5662000000476723]",0.190740797,3.0151,0.0,5.0,5.0,183.0,1.0,jij,gjij,question_gesture.png,im_hand.png,,,,,,
,,,773077,1,21,2023-10-02_18h03.03.243,flesh_expressibility_dutch,2022.2.4,Win32,59.85515054,,,,21.0,1.0,Nederlands,,,,,,Engels,0.0,,0.0,,0.0,,0.0,,0.0,,0.0,,0.0,,0.0,NL,7.0,2.0,2.0,1.0,,sensorypref2,1280.0,720.0,,,,,,,,,,,,,,,,,,,,,,,,,,,,,,,,,,,,22.0,229.4849,24.0,"[5.545599999904638,0.5664000000953706,1.3157000000476842,0.5500000000000114,0.5995000000000061,0.7827999999523172,2.5810000000000173,0.7166000000238455,0.5828999999761493,1.032600000023848,0.6996999999284697,0.5663999999761415,1.182899999976172,0.5995000000000061,0.6496000000238382,0.6163999999761529,1.515500000000003,0.5829999999999984,0.6996000000238496,3.1976999999284885,2.2651000000238355,1.4660999999046567,1.232500000000016,0.5659999999999741]","[5.545799999952322,0.5664999999999907,1.3158000000715333,0.5500000000000114,0.5996000000238553,0.7828999999761663,2.581100000023838,0.7166000000238455,0.5829999999999984,1.0327000000476687,0.6996999999284697,0.5664999999999907,1.182899999976172,0.5995000000000061,0.6498000000715365,0.6163999999761529,1.515500000000003,0.5829999999999984,0.6997000000476703,3.1977999999523092,2.2651000000238355,1.4661999999284774,1.2326000000238366,0.5662000000476723]",,,0.0,6.0,6.0,109.0,1.0,tong,gtong,question_gesture.png,im_hand.png,,,,,,
,,,773077,1,21,2023-10-02_18h03.03.243,flesh_expressibility_dutch,2022.2.4,Win32,59.85515054,,,,21.0,1.0,Nederlands,,,,,,Engels,0.0,,0.0,,0.0,,0.0,,0.0,,0.0,,0.0,,0.0,NL,7.0,2.0,2.0,1.0,,sensorypref2,1280.0,720.0,,,,,,,,,,,,,,,,,,,,,,,,,,,,,,,,,,,,22.0,230.5141,24.0,"[5.545599999904638,0.5664000000953706,1.3157000000476842,0.5500000000000114,0.5995000000000061,0.7827999999523172,2.5810000000000173,0.7166000000238455,0.5828999999761493,1.032600000023848,0.6996999999284697,0.5663999999761415,1.182899999976172,0.5995000000000061,0.6496000000238382,0.6163999999761529,1.515500000000003,0.5829999999999984,0.6996000000238496,3.1976999999284885,2.2651000000238355,1.4660999999046567,1.232500000000016,0.5659999999999741]","[5.545799999952322,0.5664999999999907,1.3158000000715333,0.5500000000000114,0.5996000000238553,0.7828999999761663,2.581100000023838,0.7166000000238455,0.5829999999999984,1.0327000000476687,0.6996999999284697,0.5664999999999907,1.182899999976172,0.5995000000000061,0.6498000000715365,0.6163999999761529,1.515500000000003,0.5829999999999984,0.6997000000476703,3.1977999999523092,2.2651000000238355,1.4661999999284774,1.2326000000238366,0.5662000000476723]",,,0.0,7.0,7.0,147.0,1.0,knopen,gknopen,question_gesture.png,im_hand.png,,,,,,
,,,773077,1,21,2023-10-02_18h03.03.243,flesh_expressibility_dutch,2022.2.4,Win32,59.85515054,,,,21.0,1.0,Nederlands,,,,,,Engels,0.0,,0.0,,0.0,,0.0,,0.0,,0.0,,0.0,,0.0,NL,7.0,2.0,2.0,1.0,,sensorypref2,1280.0,720.0,,,,,,,,,,,,,,,,,,,,,,,,,,,,,,,,,,,,22.0,231.5344,24.0,"[5.545599999904638,0.5664000000953706,1.3157000000476842,0.5500000000000114,0.5995000000000061,0.7827999999523172,2.5810000000000173,0.7166000000238455,0.5828999999761493,1.032600000023848,0.6996999999284697,0.5663999999761415,1.182899999976172,0.5995000000000061,0.6496000000238382,0.6163999999761529,1.515500000000003,0.5829999999999984,0.6996000000238496,3.1976999999284885,2.2651000000238355,1.4660999999046567,1.232500000000016,0.5659999999999741]","[5.545799999952322,0.5664999999999907,1.3158000000715333,0.5500000000000114,0.5996000000238553,0.7828999999761663,2.581100000023838,0.7166000000238455,0.5829999999999984,1.0327000000476687,0.6996999999284697,0.5664999999999907,1.182899999976172,0.5995000000000061,0.6498000000715365,0.6163999999761529,1.515500000000003,0.5829999999999984,0.6997000000476703,3.1977999999523092,2.2651000000238355,1.4661999999284774,1.2326000000238366,0.5662000000476723]",,,0.0,8.0,8.0,73.0,1.0,ruiken,gruiken,question_gesture.png,im_hand.png,,,,,,
,,,773077,1,21,2023-10-02_18h03.03.243,flesh_expressibility_dutch,2022.2.4,Win32,59.85515054,,,,21.0,1.0,Nederlands,,,,,,Engels,0.0,,0.0,,0.0,,0.0,,0.0,,0.0,,0.0,,0.0,NL,7.0,2.0,2.0,1.0,,sensorypref2,1280.0,720.0,,,,,,,,,,,,,,,,,,,,,,,,,,,,,,,,,,,,22.0,232.4557,24.0,"[5.545599999904638,0.5664000000953706,1.3157000000476842,0.5500000000000114,0.5995000000000061,0.7827999999523172,2.5810000000000173,0.7166000000238455,0.5828999999761493,1.032600000023848,0.6996999999284697,0.5663999999761415,1.182899999976172,0.5995000000000061,0.6496000000238382,0.6163999999761529,1.515500000000003,0.5829999999999984,0.6996000000238496,3.1976999999284885,2.2651000000238355,1.4660999999046567,1.232500000000016,0.5659999999999741]","[5.545799999952322,0.5664999999999907,1.3158000000715333,0.5500000000000114,0.5996000000238553,0.7828999999761663,2.581100000023838,0.7166000000238455,0.5829999999999984,1.0327000000476687,0.6996999999284697,0.5664999999999907,1.182899999976172,0.5995000000000061,0.6498000000715365,0.6163999999761529,1.515500000000003,0.5829999999999984,0.6997000000476703,3.1977999999523092,2.2651000000238355,1.4661999999284774,1.2326000000238366,0.5662000000476723]",,,0.0,9.0,9.0,130.0,1.0,regen,gregen,question_gesture.png,im_hand.png,,,,,,
,,,773077,1,21,2023-10-02_18h03.03.243,flesh_expressibility_dutch,2022.2.4,Win32,59.85515054,,,,21.0,1.0,Nederlands,,,,,,Engels,0.0,,0.0,,0.0,,0.0,,0.0,,0.0,,0.0,,0.0,NL,7.0,2.0,2.0,1.0,,sensorypref2,1280.0,720.0,,,,,,,,,,,,,,,,,,,,,,,,,,,,,,,,,,,,22.0,233.4786,24.0,"[5.545599999904638,0.5664000000953706,1.3157000000476842,0.5500000000000114,0.5995000000000061,0.7827999999523172,2.5810000000000173,0.7166000000238455,0.5828999999761493,1.032600000023848,0.6996999999284697,0.5663999999761415,1.182899999976172,0.5995000000000061,0.6496000000238382,0.6163999999761529,1.515500000000003,0.5829999999999984,0.6996000000238496,3.1976999999284885,2.2651000000238355,1.4660999999046567,1.232500000000016,0.5659999999999741]","[5.545799999952322,0.5664999999999907,1.3158000000715333,0.5500000000000114,0.5996000000238553,0.7828999999761663,2.581100000023838,0.7166000000238455,0.5829999999999984,1.0327000000476687,0.6996999999284697,0.5664999999999907,1.182899999976172,0.5995000000000061,0.6498000000715365,0.6163999999761529,1.515500000000003,0.5829999999999984,0.6997000000476703,3.1977999999523092,2.2651000000238355,1.4661999999284774,1.2326000000238366,0.5662000000476723]",,,0.0,10.0,10.0,86.0,1.0,badderen,gbadderen,question_gesture.png,im_hand.png,,,,,,
,,,773077,1,21,2023-10-02_18h03.03.243,flesh_expressibility_dutch,2022.2.4,Win32,59.85515054,,,,21.0,1.0,Nederlands,,,,,,Engels,0.0,,0.0,,0.0,,0.0,,0.0,,0.0,,0.0,,0.0,NL,7.0,2.0,2.0,1.0,,sensorypref2,1280.0,720.0,,,,,,,,,,,,,,,,,,,,,,,,,,,,,,,,,,,,22.0,234.5061,24.0,"[5.545599999904638,0.5664000000953706,1.3157000000476842,0.5500000000000114,0.5995000000000061,0.7827999999523172,2.5810000000000173,0.7166000000238455,0.5828999999761493,1.032600000023848,0.6996999999284697,0.5663999999761415,1.182899999976172,0.5995000000000061,0.6496000000238382,0.6163999999761529,1.515500000000003,0.5829999999999984,0.6996000000238496,3.1976999999284885,2.2651000000238355,1.4660999999046567,1.232500000000016,0.5659999999999741]","[5.545799999952322,0.5664999999999907,1.3158000000715333,0.5500000000000114,0.5996000000238553,0.7828999999761663,2.581100000023838,0.7166000000238455,0.5829999999999984,1.0327000000476687,0.6996999999284697,0.5664999999999907,1.182899999976172,0.5995000000000061,0.6498000000715365,0.6163999999761529,1.515500000000003,0.5829999999999984,0.6997000000476703,3.1977999999523092,2.2651000000238355,1.4661999999284774,1.2326000000238366,0.5662000000476723]",,,0.0,11.0,11.0,114.0,1.0,borst,gborst,question_gesture.png,im_hand.png,,,,,,
,,,773077,1,21,2023-10-02_18h03.03.243,flesh_expressibility_dutch,2022.2.4,Win32,59.85515054,,,,21.0,1.0,Nederlands,,,,,,Engels,0.0,,0.0,,0.0,,0.0,,0.0,,0.0,,0.0,,0.0,NL,7.0,2.0,2.0,1.0,,sensorypref2,1280.0,720.0,,,,,,,,,,,,,,,,,,,,,,,,,,,,,,,,,,,,22.0,235.5268,24.0,"[5.545599999904638,0.5664000000953706,1.3157000000476842,0.5500000000000114,0.5995000000000061,0.7827999999523172,2.5810000000000173,0.7166000000238455,0.5828999999761493,1.032600000023848,0.6996999999284697,0.5663999999761415,1.182899999976172,0.5995000000000061,0.6496000000238382,0.6163999999761529,1.515500000000003,0.5829999999999984,0.6996000000238496,3.1976999999284885,2.2651000000238355,1.4660999999046567,1.232500000000016,0.5659999999999741]","[5.545799999952322,0.5664999999999907,1.3158000000715333,0.5500000000000114,0.5996000000238553,0.7828999999761663,2.581100000023838,0.7166000000238455,0.5829999999999984,1.0327000000476687,0.6996999999284697,0.5664999999999907,1.182899999976172,0.5995000000000061,0.6498000000715365,0.6163999999761529,1.515500000000003,0.5829999999999984,0.6997000000476703,3.1977999999523092,2.2651000000238355,1.4661999999284774,1.2326000000238366,0.5662000000476723]",,,0.0,12.0,12.0,202.0,1.0,vlinder,gvlinder,question_gesture.png,im_hand.png,,,,,,
,,,773077,1,21,2023-10-02_18h03.03.243,flesh_expressibility_dutch,2022.2.4,Win32,59.85515054,,,,21.0,1.0,Nederlands,,,,,,Engels,0.0,,0.0,,0.0,,0.0,,0.0,,0.0,,0.0,,0.0,NL,7.0,2.0,2.0,1.0,,sensorypref2,1280.0,720.0,,,,,,,,,,,,,,,,,,,,,,,,,,,,,,,,,,,,22.0,236.4492,24.0,"[5.545599999904638,0.5664000000953706,1.3157000000476842,0.5500000000000114,0.5995000000000061,0.7827999999523172,2.5810000000000173,0.7166000000238455,0.5828999999761493,1.032600000023848,0.6996999999284697,0.5663999999761415,1.182899999976172,0.5995000000000061,0.6496000000238382,0.6163999999761529,1.515500000000003,0.5829999999999984,0.6996000000238496,3.1976999999284885,2.2651000000238355,1.4660999999046567,1.232500000000016,0.5659999999999741]","[5.545799999952322,0.5664999999999907,1.3158000000715333,0.5500000000000114,0.5996000000238553,0.7828999999761663,2.581100000023838,0.7166000000238455,0.5829999999999984,1.0327000000476687,0.6996999999284697,0.5664999999999907,1.182899999976172,0.5995000000000061,0.6498000000715365,0.6163999999761529,1.515500000000003,0.5829999999999984,0.6997000000476703,3.1977999999523092,2.2651000000238355,1.4661999999284774,1.2326000000238366,0.5662000000476723]",,,0.0,13.0,13.0,44.0,1.0,lucht,glucht,question_gesture.png,im_hand.png,,,,,,
,,,773077,1,21,2023-10-02_18h03.03.243,flesh_expressibility_dutch,2022.2.4,Win32,59.85515054,,,,21.0,1.0,Nederlands,,,,,,Engels,0.0,,0.0,,0.0,,0.0,,0.0,,0.0,,0.0,,0.0,NL,7.0,2.0,2.0,1.0,,sensorypref2,1280.0,720.0,,,,,,,,,,,,,,,,,,,,,,,,,,,,,,,,,,,,22.0,237.5739,24.0,"[5.545599999904638,0.5664000000953706,1.3157000000476842,0.5500000000000114,0.5995000000000061,0.7827999999523172,2.5810000000000173,0.7166000000238455,0.5828999999761493,1.032600000023848,0.6996999999284697,0.5663999999761415,1.182899999976172,0.5995000000000061,0.6496000000238382,0.6163999999761529,1.515500000000003,0.5829999999999984,0.6996000000238496,3.1976999999284885,2.2651000000238355,1.4660999999046567,1.232500000000016,0.5659999999999741]","[5.545799999952322,0.5664999999999907,1.3158000000715333,0.5500000000000114,0.5996000000238553,0.7828999999761663,2.581100000023838,0.7166000000238455,0.5829999999999984,1.0327000000476687,0.6996999999284697,0.5664999999999907,1.182899999976172,0.5995000000000061,0.6498000000715365,0.6163999999761529,1.515500000000003,0.5829999999999984,0.6997000000476703,3.1977999999523092,2.2651000000238355,1.4661999999284774,1.2326000000238366,0.5662000000476723]",,,0.0,14.0,14.0,49.0,1.0,springen,gspringen,question_gesture.png,im_hand.png,,,,,,
,,,773077,1,21,2023-10-02_18h03.03.243,flesh_expressibility_dutch,2022.2.4,Win32,59.85515054,,,,21.0,1.0,Nederlands,,,,,,Engels,0.0,,0.0,,0.0,,0.0,,0.0,,0.0,,0.0,,0.0,NL,7.0,2.0,2.0,1.0,,sensorypref2,1280.0,720.0,,,,,,,,,,,,,,,,,,,,,,,,,,,,,,,,,,,,22.0,238.4946,24.0,"[5.545599999904638,0.5664000000953706,1.3157000000476842,0.5500000000000114,0.5995000000000061,0.7827999999523172,2.5810000000000173,0.7166000000238455,0.5828999999761493,1.032600000023848,0.6996999999284697,0.5663999999761415,1.182899999976172,0.5995000000000061,0.6496000000238382,0.6163999999761529,1.515500000000003,0.5829999999999984,0.6996000000238496,3.1976999999284885,2.2651000000238355,1.4660999999046567,1.232500000000016,0.5659999999999741]","[5.545799999952322,0.5664999999999907,1.3158000000715333,0.5500000000000114,0.5996000000238553,0.7828999999761663,2.581100000023838,0.7166000000238455,0.5829999999999984,1.0327000000476687,0.6996999999284697,0.5664999999999907,1.182899999976172,0.5995000000000061,0.6498000000715365,0.6163999999761529,1.515500000000003,0.5829999999999984,0.6997000000476703,3.1977999999523092,2.2651000000238355,1.4661999999284774,1.2326000000238366,0.5662000000476723]",,,0.0,15.0,15.0,151.0,1.0,drinken,gdrinken,question_gesture.png,im_hand.png,,,,,,
,,,773077,1,21,2023-10-02_18h03.03.243,flesh_expressibility_dutch,2022.2.4,Win32,59.85515054,,,,21.0,1.0,Nederlands,,,,,,Engels,0.0,,0.0,,0.0,,0.0,,0.0,,0.0,,0.0,,0.0,NL,7.0,2.0,2.0,1.0,,sensorypref2,1280.0,720.0,,,,,,,,,,,,,,,,,,,,,,,,,,,,,,,,,,,,22.0,239.5183,24.0,"[5.545599999904638,0.5664000000953706,1.3157000000476842,0.5500000000000114,0.5995000000000061,0.7827999999523172,2.5810000000000173,0.7166000000238455,0.5828999999761493,1.032600000023848,0.6996999999284697,0.5663999999761415,1.182899999976172,0.5995000000000061,0.6496000000238382,0.6163999999761529,1.515500000000003,0.5829999999999984,0.6996000000238496,3.1976999999284885,2.2651000000238355,1.4660999999046567,1.232500000000016,0.5659999999999741]","[5.545799999952322,0.5664999999999907,1.3158000000715333,0.5500000000000114,0.5996000000238553,0.7828999999761663,2.581100000023838,0.7166000000238455,0.5829999999999984,1.0327000000476687,0.6996999999284697,0.5664999999999907,1.182899999976172,0.5995000000000061,0.6498000000715365,0.6163999999761529,1.515500000000003,0.5829999999999984,0.6997000000476703,3.1977999999523092,2.2651000000238355,1.4661999999284774,1.2326000000238366,0.5662000000476723]",,,0.0,16.0,16.0,2.0,1.0,luidruchtig,gluidruchtig,question_gesture.png,im_hand.png,,,,,,
,,,773077,1,21,2023-10-02_18h03.03.243,flesh_expressibility_dutch,2022.2.4,Win32,59.85515054,,,,21.0,1.0,Nederlands,,,,,,Engels,0.0,,0.0,,0.0,,0.0,,0.0,,0.0,,0.0,,0.0,NL,7.0,2.0,2.0,1.0,,sensorypref2,1280.0,720.0,,,,,,,,,,,,,,,,,,,,,,,,,,,,,,,,,,,,22.0,240.5527,24.0,"[5.545599999904638,0.5664000000953706,1.3157000000476842,0.5500000000000114,0.5995000000000061,0.7827999999523172,2.5810000000000173,0.7166000000238455,0.5828999999761493,1.032600000023848,0.6996999999284697,0.5663999999761415,1.182899999976172,0.5995000000000061,0.6496000000238382,0.6163999999761529,1.515500000000003,0.5829999999999984,0.6996000000238496,3.1976999999284885,2.2651000000238355,1.4660999999046567,1.232500000000016,0.5659999999999741]","[5.545799999952322,0.5664999999999907,1.3158000000715333,0.5500000000000114,0.5996000000238553,0.7828999999761663,2.581100000023838,0.7166000000238455,0.5829999999999984,1.0327000000476687,0.6996999999284697,0.5664999999999907,1.182899999976172,0.5995000000000061,0.6498000000715365,0.6163999999761529,1.515500000000003,0.5829999999999984,0.6997000000476703,3.1977999999523092,2.2651000000238355,1.4661999999284774,1.2326000000238366,0.5662000000476723]",,,0.0,17.0,17.0,95.0,1.0,niet,gniet,question_gesture.png,im_hand.png,,,,,,
,,,773077,1,21,2023-10-02_18h03.03.243,flesh_expressibility_dutch,2022.2.4,Win32,59.85515054,,,,21.0,1.0,Nederlands,,,,,,Engels,0.0,,0.0,,0.0,,0.0,,0.0,,0.0,,0.0,,0.0,NL,7.0,2.0,2.0,1.0,,sensorypref2,1280.0,720.0,,,,,,,,,,,,,,,,,,,,,,,,,,,,,,,,,,,,19.0,241.4704,25.0,"[5.545599999904638,0.5664000000953706,1.3157000000476842,0.5500000000000114,0.5995000000000061,0.7827999999523172,2.5810000000000173,0.7166000000238455,0.5828999999761493,1.032600000023848,0.6996999999284697,0.5663999999761415,1.182899999976172,0.5995000000000061,0.6496000000238382,0.6163999999761529,1.515500000000003,0.5829999999999984,0.6996000000238496,3.1976999999284885,2.2651000000238355,1.4660999999046567,1.232500000000016,0.5659999999999741,0.599700000047676]","[5.545799999952322,0.5664999999999907,1.3158000000715333,0.5500000000000114,0.5996000000238553,0.7828999999761663,2.581100000023838,0.7166000000238455,0.5829999999999984,1.0327000000476687,0.6996999999284697,0.5664999999999907,1.182899999976172,0.5995000000000061,0.6498000000715365,0.6163999999761529,1.515500000000003,0.5829999999999984,0.6997000000476703,3.1977999999523092,2.2651000000238355,1.4661999999284774,1.2326000000238366,0.5662000000476723,0.599700000047676]",0.040740797,3.4117,0.0,18.0,18.0,154.0,1.0,zeggen,gzeggen,question_gesture.png,im_hand.png,,,,,,
,,,773077,1,21,2023-10-02_18h03.03.243,flesh_expressibility_dutch,2022.2.4,Win32,59.85515054,,,,21.0,1.0,Nederlands,,,,,,Engels,0.0,,0.0,,0.0,,0.0,,0.0,,0.0,,0.0,,0.0,NL,7.0,2.0,2.0,1.0,,sensorypref2,1280.0,720.0,,,,,,,,,,,,,,,,,,,,,,,,,,,,,,,,,,,,22.0,245.5641,25.0,"[5.545599999904638,0.5664000000953706,1.3157000000476842,0.5500000000000114,0.5995000000000061,0.7827999999523172,2.5810000000000173,0.7166000000238455,0.5828999999761493,1.032600000023848,0.6996999999284697,0.5663999999761415,1.182899999976172,0.5995000000000061,0.6496000000238382,0.6163999999761529,1.515500000000003,0.5829999999999984,0.6996000000238496,3.1976999999284885,2.2651000000238355,1.4660999999046567,1.232500000000016,0.5659999999999741,0.599700000047676]","[5.545799999952322,0.5664999999999907,1.3158000000715333,0.5500000000000114,0.5996000000238553,0.7828999999761663,2.581100000023838,0.7166000000238455,0.5829999999999984,1.0327000000476687,0.6996999999284697,0.5664999999999907,1.182899999976172,0.5995000000000061,0.6498000000715365,0.6163999999761529,1.515500000000003,0.5829999999999984,0.6997000000476703,3.1977999999523092,2.2651000000238355,1.4661999999284774,1.2326000000238366,0.5662000000476723,0.599700000047676]",,,0.0,19.0,19.0,128.0,1.0,weten,gweten,question_gesture.png,im_hand.png,,,,,,
,,,773077,1,21,2023-10-02_18h03.03.243,flesh_expressibility_dutch,2022.2.4,Win32,59.85515054,,,,21.0,1.0,Nederlands,,,,,,Engels,0.0,,0.0,,0.0,,0.0,,0.0,,0.0,,0.0,,0.0,NL,7.0,2.0,2.0,1.0,,sensorypref2,1280.0,720.0,,,,,,,,,,,,,,,,,,,,,,,,,,,,,,,,,,,,22.0,246.3788,25.0,"[5.545599999904638,0.5664000000953706,1.3157000000476842,0.5500000000000114,0.5995000000000061,0.7827999999523172,2.5810000000000173,0.7166000000238455,0.5828999999761493,1.032600000023848,0.6996999999284697,0.5663999999761415,1.182899999976172,0.5995000000000061,0.6496000000238382,0.6163999999761529,1.515500000000003,0.5829999999999984,0.6996000000238496,3.1976999999284885,2.2651000000238355,1.4660999999046567,1.232500000000016,0.5659999999999741,0.599700000047676]","[5.545799999952322,0.5664999999999907,1.3158000000715333,0.5500000000000114,0.5996000000238553,0.7828999999761663,2.581100000023838,0.7166000000238455,0.5829999999999984,1.0327000000476687,0.6996999999284697,0.5664999999999907,1.182899999976172,0.5995000000000061,0.6498000000715365,0.6163999999761529,1.515500000000003,0.5829999999999984,0.6997000000476703,3.1977999999523092,2.2651000000238355,1.4661999999284774,1.2326000000238366,0.5662000000476723,0.599700000047676]",,,0.0,20.0,20.0,102.0,1.0,vis,gvis,question_gesture.png,im_hand.png,,,,,,
,,,773077,1,21,2023-10-02_18h03.03.243,flesh_expressibility_dutch,2022.2.4,Win32,59.85515054,,,,21.0,1.0,Nederlands,,,,,,Engels,0.0,,0.0,,0.0,,0.0,,0.0,,0.0,,0.0,,0.0,NL,7.0,2.0,2.0,1.0,,sensorypref2,1280.0,720.0,,,,,,,,,,,,,,,,,,,,,,,,,,,,,,,,,,,,21.0,247.4074,26.0,"[5.545599999904638,0.5664000000953706,1.3157000000476842,0.5500000000000114,0.5995000000000061,0.7827999999523172,2.5810000000000173,0.7166000000238455,0.5828999999761493,1.032600000023848,0.6996999999284697,0.5663999999761415,1.182899999976172,0.5995000000000061,0.6496000000238382,0.6163999999761529,1.515500000000003,0.5829999999999984,0.6996000000238496,3.1976999999284885,2.2651000000238355,1.4660999999046567,1.232500000000016,0.5659999999999741,0.599700000047676,0.6663999999761927]","[5.545799999952322,0.5664999999999907,1.3158000000715333,0.5500000000000114,0.5996000000238553,0.7828999999761663,2.581100000023838,0.7166000000238455,0.5829999999999984,1.0327000000476687,0.6996999999284697,0.5664999999999907,1.182899999976172,0.5995000000000061,0.6498000000715365,0.6163999999761529,1.515500000000003,0.5829999999999984,0.6997000000476703,3.1977999999523092,2.2651000000238355,1.4661999999284774,1.2326000000238366,0.5662000000476723,0.599700000047676,0.6663999999761927]",0.074074131,3.3368,0.0,21.0,21.0,126.0,1.0,dij,gdij,question_gesture.png,im_hand.png,,,,,,
,,,773077,1,21,2023-10-02_18h03.03.243,flesh_expressibility_dutch,2022.2.4,Win32,59.85515054,,,,21.0,1.0,Nederlands,,,,,,Engels,0.0,,0.0,,0.0,,0.0,,0.0,,0.0,,0.0,,0.0,NL,7.0,2.0,2.0,1.0,,sensorypref2,1280.0,720.0,,,,,,,,,,,,,,,,,,,,,,,,,,,,,,,,,,,,22.0,251.2984,26.0,"[5.545599999904638,0.5664000000953706,1.3157000000476842,0.5500000000000114,0.5995000000000061,0.7827999999523172,2.5810000000000173,0.7166000000238455,0.5828999999761493,1.032600000023848,0.6996999999284697,0.5663999999761415,1.182899999976172,0.5995000000000061,0.6496000000238382,0.6163999999761529,1.515500000000003,0.5829999999999984,0.6996000000238496,3.1976999999284885,2.2651000000238355,1.4660999999046567,1.232500000000016,0.5659999999999741,0.599700000047676,0.6663999999761927]","[5.545799999952322,0.5664999999999907,1.3158000000715333,0.5500000000000114,0.5996000000238553,0.7828999999761663,2.581100000023838,0.7166000000238455,0.5829999999999984,1.0327000000476687,0.6996999999284697,0.5664999999999907,1.182899999976172,0.5995000000000061,0.6498000000715365,0.6163999999761529,1.515500000000003,0.5829999999999984,0.6997000000476703,3.1977999999523092,2.2651000000238355,1.4661999999284774,1.2326000000238366,0.5662000000476723,0.599700000047676,0.6663999999761927]",,,0.0,22.0,22.0,198.0,1.0,nieuw,gnieuw,question_gesture.png,im_hand.png,,,,,,
,,,773077,1,21,2023-10-02_18h03.03.243,flesh_expressibility_dutch,2022.2.4,Win32,59.85515054,,,,21.0,1.0,Nederlands,,,,,,Engels,0.0,,0.0,,0.0,,0.0,,0.0,,0.0,,0.0,,0.0,NL,7.0,2.0,2.0,1.0,,sensorypref2,1280.0,720.0,,,,,,,,,,,,,,,,,,,,,,,,,,,,,,,,,,,,22.0,252.2192,26.0,"[5.545599999904638,0.5664000000953706,1.3157000000476842,0.5500000000000114,0.5995000000000061,0.7827999999523172,2.5810000000000173,0.7166000000238455,0.5828999999761493,1.032600000023848,0.6996999999284697,0.5663999999761415,1.182899999976172,0.5995000000000061,0.6496000000238382,0.6163999999761529,1.515500000000003,0.5829999999999984,0.6996000000238496,3.1976999999284885,2.2651000000238355,1.4660999999046567,1.232500000000016,0.5659999999999741,0.599700000047676,0.6663999999761927]","[5.545799999952322,0.5664999999999907,1.3158000000715333,0.5500000000000114,0.5996000000238553,0.7828999999761663,2.581100000023838,0.7166000000238455,0.5829999999999984,1.0327000000476687,0.6996999999284697,0.5664999999999907,1.182899999976172,0.5995000000000061,0.6498000000715365,0.6163999999761529,1.515500000000003,0.5829999999999984,0.6997000000476703,3.1977999999523092,2.2651000000238355,1.4661999999284774,1.2326000000238366,0.5662000000476723,0.599700000047676,0.6663999999761927]",,,0.0,23.0,23.0,103.0,1.0,vlieg,gvlieg,question_gesture.png,im_hand.png,,,,,,
,,,773077,1,21,2023-10-02_18h03.03.243,flesh_expressibility_dutch,2022.2.4,Win32,59.85515054,,,,21.0,1.0,Nederlands,,,,,,Engels,0.0,,0.0,,0.0,,0.0,,0.0,,0.0,,0.0,,0.0,NL,7.0,2.0,2.0,1.0,,sensorypref2,1280.0,720.0,,,,,,,,,,,,,,,,,,,,,,,,,,,,,,,,,,,,22.0,253.246,26.0,"[5.545599999904638,0.5664000000953706,1.3157000000476842,0.5500000000000114,0.5995000000000061,0.7827999999523172,2.5810000000000173,0.7166000000238455,0.5828999999761493,1.032600000023848,0.6996999999284697,0.5663999999761415,1.182899999976172,0.5995000000000061,0.6496000000238382,0.6163999999761529,1.515500000000003,0.5829999999999984,0.6996000000238496,3.1976999999284885,2.2651000000238355,1.4660999999046567,1.232500000000016,0.5659999999999741,0.599700000047676,0.6663999999761927]","[5.545799999952322,0.5664999999999907,1.3158000000715333,0.5500000000000114,0.5996000000238553,0.7828999999761663,2.581100000023838,0.7166000000238455,0.5829999999999984,1.0327000000476687,0.6996999999284697,0.5664999999999907,1.182899999976172,0.5995000000000061,0.6498000000715365,0.6163999999761529,1.515500000000003,0.5829999999999984,0.6997000000476703,3.1977999999523092,2.2651000000238355,1.4661999999284774,1.2326000000238366,0.5662000000476723,0.599700000047676,0.6663999999761927]",,,0.0,24.0,24.0,192.0,1.0,vlees,gvlees,question_gesture.png,im_hand.png,,,,,,
,,,773077,1,21,2023-10-02_18h03.03.243,flesh_expressibility_dutch,2022.2.4,Win32,59.85515054,,,,21.0,1.0,Nederlands,,,,,,Engels,0.0,,0.0,,0.0,,0.0,,0.0,,0.0,,0.0,,0.0,NL,7.0,2.0,2.0,1.0,,sensorypref2,1280.0,720.0,,,,,,,,,,,,,,,,,,,,,,,,,,,,,,,,,,,,22.0,254.2668,26.0,"[5.545599999904638,0.5664000000953706,1.3157000000476842,0.5500000000000114,0.5995000000000061,0.7827999999523172,2.5810000000000173,0.7166000000238455,0.5828999999761493,1.032600000023848,0.6996999999284697,0.5663999999761415,1.182899999976172,0.5995000000000061,0.6496000000238382,0.6163999999761529,1.515500000000003,0.5829999999999984,0.6996000000238496,3.1976999999284885,2.2651000000238355,1.4660999999046567,1.232500000000016,0.5659999999999741,0.599700000047676,0.6663999999761927]","[5.545799999952322,0.5664999999999907,1.3158000000715333,0.5500000000000114,0.5996000000238553,0.7828999999761663,2.581100000023838,0.7166000000238455,0.5829999999999984,1.0327000000476687,0.6996999999284697,0.5664999999999907,1.182899999976172,0.5995000000000061,0.6498000000715365,0.6163999999761529,1.515500000000003,0.5829999999999984,0.6997000000476703,3.1977999999523092,2.2651000000238355,1.4661999999284774,1.2326000000238366,0.5662000000476723,0.599700000047676,0.6663999999761927]",,,0.0,25.0,25.0,33.0,1.0,dromen,gdromen,question_gesture.png,im_hand.png,,,,,,
,,,773077,1,21,2023-10-02_18h03.03.243,flesh_expressibility_dutch,2022.2.4,Win32,59.85515054,,,,21.0,1.0,Nederlands,,,,,,Engels,0.0,,0.0,,0.0,,0.0,,0.0,,0.0,,0.0,,0.0,NL,7.0,2.0,2.0,1.0,,sensorypref2,1280.0,720.0,,,,,,,,,,,,,,,,,,,,,,,,,,,,,,,,,,,,20.0,255.2909,27.0,"[5.545599999904638,0.5664000000953706,1.3157000000476842,0.5500000000000114,0.5995000000000061,0.7827999999523172,2.5810000000000173,0.7166000000238455,0.5828999999761493,1.032600000023848,0.6996999999284697,0.5663999999761415,1.182899999976172,0.5995000000000061,0.6496000000238382,0.6163999999761529,1.515500000000003,0.5829999999999984,0.6996000000238496,3.1976999999284885,2.2651000000238355,1.4660999999046567,1.232500000000016,0.5659999999999741,0.599700000047676,0.6663999999761927,0.5323999999761782]","[5.545799999952322,0.5664999999999907,1.3158000000715333,0.5500000000000114,0.5996000000238553,0.7828999999761663,2.581100000023838,0.7166000000238455,0.5829999999999984,1.0327000000476687,0.6996999999284697,0.5664999999999907,1.182899999976172,0.5995000000000061,0.6498000000715365,0.6163999999761529,1.515500000000003,0.5829999999999984,0.6997000000476703,3.1977999999523092,2.2651000000238355,1.4661999999284774,1.2326000000238366,0.5662000000476723,0.599700000047676,0.6663999999761927,0.5325999999046189]",-0.409259203,4.4922,0.0,26.0,26.0,168.0,1.0,schaduw,gschaduw,question_gesture.png,im_hand.png,,,,,,
,,,773077,1,21,2023-10-02_18h03.03.243,flesh_expressibility_dutch,2022.2.4,Win32,59.85515054,,,,21.0,1.0,Nederlands,,,,,,Engels,0.0,,0.0,,0.0,,0.0,,0.0,,0.0,,0.0,,0.0,NL,7.0,2.0,2.0,1.0,,sensorypref2,1280.0,720.0,,,,,,,,,,,,,,,,,,,,,,,,,,,,,,,,,,,,22.0,260.103,27.0,"[5.545599999904638,0.5664000000953706,1.3157000000476842,0.5500000000000114,0.5995000000000061,0.7827999999523172,2.5810000000000173,0.7166000000238455,0.5828999999761493,1.032600000023848,0.6996999999284697,0.5663999999761415,1.182899999976172,0.5995000000000061,0.6496000000238382,0.6163999999761529,1.515500000000003,0.5829999999999984,0.6996000000238496,3.1976999999284885,2.2651000000238355,1.4660999999046567,1.232500000000016,0.5659999999999741,0.599700000047676,0.6663999999761927,0.5323999999761782]","[5.545799999952322,0.5664999999999907,1.3158000000715333,0.5500000000000114,0.5996000000238553,0.7828999999761663,2.581100000023838,0.7166000000238455,0.5829999999999984,1.0327000000476687,0.6996999999284697,0.5664999999999907,1.182899999976172,0.5995000000000061,0.6498000000715365,0.6163999999761529,1.515500000000003,0.5829999999999984,0.6997000000476703,3.1977999999523092,2.2651000000238355,1.4661999999284774,1.2326000000238366,0.5662000000476723,0.599700000047676,0.6663999999761927,0.5325999999046189]",,,0.0,27.0,27.0,132.0,1.0,aarde,gaarde,question_gesture.png,im_hand.png,,,,,,
,,,773077,1,21,2023-10-02_18h03.03.243,flesh_expressibility_dutch,2022.2.4,Win32,59.85515054,,,,21.0,1.0,Nederlands,,,,,,Engels,0.0,,0.0,,0.0,,0.0,,0.0,,0.0,,0.0,,0.0,NL,7.0,2.0,2.0,1.0,,sensorypref2,1280.0,720.0,,,,,,,,,,,,,,,,,,,,,,,,,,,,,,,,,,,,22.0,261.1255,27.0,"[5.545599999904638,0.5664000000953706,1.3157000000476842,0.5500000000000114,0.5995000000000061,0.7827999999523172,2.5810000000000173,0.7166000000238455,0.5828999999761493,1.032600000023848,0.6996999999284697,0.5663999999761415,1.182899999976172,0.5995000000000061,0.6496000000238382,0.6163999999761529,1.515500000000003,0.5829999999999984,0.6996000000238496,3.1976999999284885,2.2651000000238355,1.4660999999046567,1.232500000000016,0.5659999999999741,0.599700000047676,0.6663999999761927,0.5323999999761782]","[5.545799999952322,0.5664999999999907,1.3158000000715333,0.5500000000000114,0.5996000000238553,0.7828999999761663,2.581100000023838,0.7166000000238455,0.5829999999999984,1.0327000000476687,0.6996999999284697,0.5664999999999907,1.182899999976172,0.5995000000000061,0.6498000000715365,0.6163999999761529,1.515500000000003,0.5829999999999984,0.6997000000476703,3.1977999999523092,2.2651000000238355,1.4661999999284774,1.2326000000238366,0.5662000000476723,0.599700000047676,0.6663999999761927,0.5325999999046189]",,,0.0,28.0,28.0,167.0,1.0,rood,grood,question_gesture.png,im_hand.png,,,,,,
,,,773077,1,21,2023-10-02_18h03.03.243,flesh_expressibility_dutch,2022.2.4,Win32,59.85515054,,,,21.0,1.0,Nederlands,,,,,,Engels,0.0,,0.0,,0.0,,0.0,,0.0,,0.0,,0.0,,0.0,NL,7.0,2.0,2.0,1.0,,sensorypref2,1280.0,720.0,,,,,,,,,,,,,,,,,,,,,,,,,,,,,,,,,,,,22.0,262.2531,27.0,"[5.545599999904638,0.5664000000953706,1.3157000000476842,0.5500000000000114,0.5995000000000061,0.7827999999523172,2.5810000000000173,0.7166000000238455,0.5828999999761493,1.032600000023848,0.6996999999284697,0.5663999999761415,1.182899999976172,0.5995000000000061,0.6496000000238382,0.6163999999761529,1.515500000000003,0.5829999999999984,0.6996000000238496,3.1976999999284885,2.2651000000238355,1.4660999999046567,1.232500000000016,0.5659999999999741,0.599700000047676,0.6663999999761927,0.5323999999761782]","[5.545799999952322,0.5664999999999907,1.3158000000715333,0.5500000000000114,0.5996000000238553,0.7828999999761663,2.581100000023838,0.7166000000238455,0.5829999999999984,1.0327000000476687,0.6996999999284697,0.5664999999999907,1.182899999976172,0.5995000000000061,0.6498000000715365,0.6163999999761529,1.515500000000003,0.5829999999999984,0.6997000000476703,3.1977999999523092,2.2651000000238355,1.4661999999284774,1.2326000000238366,0.5662000000476723,0.599700000047676,0.6663999999761927,0.5325999999046189]",,,0.0,29.0,29.0,120.0,1.0,been,gbeen,question_gesture.png,im_hand.png,,,,,,
,,,773077,1,21,2023-10-02_18h03.03.243,flesh_expressibility_dutch,2022.2.4,Win32,59.85515054,,,,21.0,1.0,Nederlands,,,,,,Engels,0.0,,0.0,,0.0,,0.0,,0.0,,0.0,,0.0,,0.0,NL,7.0,2.0,2.0,1.0,,sensorypref2,1280.0,720.0,,,,,,,,,,,,,,,,,,,,,,,,,,,,,,,,,,,,22.0,263.3816,27.0,"[5.545599999904638,0.5664000000953706,1.3157000000476842,0.5500000000000114,0.5995000000000061,0.7827999999523172,2.5810000000000173,0.7166000000238455,0.5828999999761493,1.032600000023848,0.6996999999284697,0.5663999999761415,1.182899999976172,0.5995000000000061,0.6496000000238382,0.6163999999761529,1.515500000000003,0.5829999999999984,0.6996000000238496,3.1976999999284885,2.2651000000238355,1.4660999999046567,1.232500000000016,0.5659999999999741,0.599700000047676,0.6663999999761927,0.5323999999761782]","[5.545799999952322,0.5664999999999907,1.3158000000715333,0.5500000000000114,0.5996000000238553,0.7828999999761663,2.581100000023838,0.7166000000238455,0.5829999999999984,1.0327000000476687,0.6996999999284697,0.5664999999999907,1.182899999976172,0.5995000000000061,0.6498000000715365,0.6163999999761529,1.515500000000003,0.5829999999999984,0.6997000000476703,3.1977999999523092,2.2651000000238355,1.4661999999284774,1.2326000000238366,0.5662000000476723,0.599700000047676,0.6663999999761927,0.5325999999046189]",,,0.0,30.0,30.0,1.0,1.0,zoemen,gzoemen,question_gesture.png,im_hand.png,,,,,,
,,,773077,1,21,2023-10-02_18h03.03.243,flesh_expressibility_dutch,2022.2.4,Win32,59.85515054,,,,21.0,1.0,Nederlands,,,,,,Engels,0.0,,0.0,,0.0,,0.0,,0.0,,0.0,,0.0,,0.0,NL,7.0,2.0,2.0,1.0,,sensorypref2,1280.0,720.0,,,,,,,,,,,,,,,,,,,,,,,,,,,,,,,,,,,,22.0,264.3009,27.0,"[5.545599999904638,0.5664000000953706,1.3157000000476842,0.5500000000000114,0.5995000000000061,0.7827999999523172,2.5810000000000173,0.7166000000238455,0.5828999999761493,1.032600000023848,0.6996999999284697,0.5663999999761415,1.182899999976172,0.5995000000000061,0.6496000000238382,0.6163999999761529,1.515500000000003,0.5829999999999984,0.6996000000238496,3.1976999999284885,2.2651000000238355,1.4660999999046567,1.232500000000016,0.5659999999999741,0.599700000047676,0.6663999999761927,0.5323999999761782]","[5.545799999952322,0.5664999999999907,1.3158000000715333,0.5500000000000114,0.5996000000238553,0.7828999999761663,2.581100000023838,0.7166000000238455,0.5829999999999984,1.0327000000476687,0.6996999999284697,0.5664999999999907,1.182899999976172,0.5995000000000061,0.6498000000715365,0.6163999999761529,1.515500000000003,0.5829999999999984,0.6997000000476703,3.1977999999523092,2.2651000000238355,1.4661999999284774,1.2326000000238366,0.5662000000476723,0.599700000047676,0.6663999999761927,0.5325999999046189]",,,0.0,31.0,31.0,21.0,1.0,heden,gheden,question_gesture.png,im_hand.png,,,,,,
,,,773077,1,21,2023-10-02_18h03.03.243,flesh_expressibility_dutch,2022.2.4,Win32,59.85515054,,,,21.0,1.0,Nederlands,,,,,,Engels,0.0,,0.0,,0.0,,0.0,,0.0,,0.0,,0.0,,0.0,NL,7.0,2.0,2.0,1.0,,sensorypref2,1280.0,720.0,,,,,,,,,,,,,,,,,,,,,,,,,,,,,,,,,,,,22.0,265.3287,27.0,"[5.545599999904638,0.5664000000953706,1.3157000000476842,0.5500000000000114,0.5995000000000061,0.7827999999523172,2.5810000000000173,0.7166000000238455,0.5828999999761493,1.032600000023848,0.6996999999284697,0.5663999999761415,1.182899999976172,0.5995000000000061,0.6496000000238382,0.6163999999761529,1.515500000000003,0.5829999999999984,0.6996000000238496,3.1976999999284885,2.2651000000238355,1.4660999999046567,1.232500000000016,0.5659999999999741,0.599700000047676,0.6663999999761927,0.5323999999761782]","[5.545799999952322,0.5664999999999907,1.3158000000715333,0.5500000000000114,0.5996000000238553,0.7828999999761663,2.581100000023838,0.7166000000238455,0.5829999999999984,1.0327000000476687,0.6996999999284697,0.5664999999999907,1.182899999976172,0.5995000000000061,0.6498000000715365,0.6163999999761529,1.515500000000003,0.5829999999999984,0.6997000000476703,3.1977999999523092,2.2651000000238355,1.4661999999284774,1.2326000000238366,0.5662000000476723,0.599700000047676,0.6663999999761927,0.5325999999046189]",,,0.0,32.0,32.0,196.0,1.0,steen,gsteen,question_gesture.png,im_hand.png,,,,,,
,,,773077,1,21,2023-10-02_18h03.03.243,flesh_expressibility_dutch,2022.2.4,Win32,59.85515054,,,,21.0,1.0,Nederlands,,,,,,Engels,0.0,,0.0,,0.0,,0.0,,0.0,,0.0,,0.0,,0.0,NL,7.0,2.0,2.0,1.0,,sensorypref2,1280.0,720.0,,,,,,,,,,,,,,,,,,,,,,,,,,,,,,,,,,,,22.0,266.2475,27.0,"[5.545599999904638,0.5664000000953706,1.3157000000476842,0.5500000000000114,0.5995000000000061,0.7827999999523172,2.5810000000000173,0.7166000000238455,0.5828999999761493,1.032600000023848,0.6996999999284697,0.5663999999761415,1.182899999976172,0.5995000000000061,0.6496000000238382,0.6163999999761529,1.515500000000003,0.5829999999999984,0.6996000000238496,3.1976999999284885,2.2651000000238355,1.4660999999046567,1.232500000000016,0.5659999999999741,0.599700000047676,0.6663999999761927,0.5323999999761782]","[5.545799999952322,0.5664999999999907,1.3158000000715333,0.5500000000000114,0.5996000000238553,0.7828999999761663,2.581100000023838,0.7166000000238455,0.5829999999999984,1.0327000000476687,0.6996999999284697,0.5664999999999907,1.182899999976172,0.5995000000000061,0.6498000000715365,0.6163999999761529,1.515500000000003,0.5829999999999984,0.6997000000476703,3.1977999999523092,2.2651000000238355,1.4661999999284774,1.2326000000238366,0.5662000000476723,0.599700000047676,0.6663999999761927,0.5325999999046189]",,,0.0,33.0,33.0,36.0,1.0,slecht,gslecht,question_gesture.png,im_hand.png,,,,,,
,,,773077,1,21,2023-10-02_18h03.03.243,flesh_expressibility_dutch,2022.2.4,Win32,59.85515054,,,,21.0,1.0,Nederlands,,,,,,Engels,0.0,,0.0,,0.0,,0.0,,0.0,,0.0,,0.0,,0.0,NL,7.0,2.0,2.0,1.0,,sensorypref2,1280.0,720.0,,,,,,,,,,,,,,,,,,,,,,,,,,,,,,,,,,,,22.0,267.2733,27.0,"[5.545599999904638,0.5664000000953706,1.3157000000476842,0.5500000000000114,0.5995000000000061,0.7827999999523172,2.5810000000000173,0.7166000000238455,0.5828999999761493,1.032600000023848,0.6996999999284697,0.5663999999761415,1.182899999976172,0.5995000000000061,0.6496000000238382,0.6163999999761529,1.515500000000003,0.5829999999999984,0.6996000000238496,3.1976999999284885,2.2651000000238355,1.4660999999046567,1.232500000000016,0.5659999999999741,0.599700000047676,0.6663999999761927,0.5323999999761782]","[5.545799999952322,0.5664999999999907,1.3158000000715333,0.5500000000000114,0.5996000000238553,0.7828999999761663,2.581100000023838,0.7166000000238455,0.5829999999999984,1.0327000000476687,0.6996999999284697,0.5664999999999907,1.182899999976172,0.5995000000000061,0.6498000000715365,0.6163999999761529,1.515500000000003,0.5829999999999984,0.6997000000476703,3.1977999999523092,2.2651000000238355,1.4661999999284774,1.2326000000238366,0.5662000000476723,0.599700000047676,0.6663999999761927,0.5325999999046189]",,,0.0,34.0,34.0,156.0,1.0,blad,gblad,question_gesture.png,im_hand.png,,,,,,
,,,773077,1,21,2023-10-02_18h03.03.243,flesh_expressibility_dutch,2022.2.4,Win32,59.85515054,,,,21.0,1.0,Nederlands,,,,,,Engels,0.0,,0.0,,0.0,,0.0,,0.0,,0.0,,0.0,,0.0,NL,7.0,2.0,2.0,1.0,,sensorypref2,1280.0,720.0,,,,,,,,,,,,,,,,,,,,,,,,,,,,,,,,,,,,21.0,268.2997,28.0,"[5.545599999904638,0.5664000000953706,1.3157000000476842,0.5500000000000114,0.5995000000000061,0.7827999999523172,2.5810000000000173,0.7166000000238455,0.5828999999761493,1.032600000023848,0.6996999999284697,0.5663999999761415,1.182899999976172,0.5995000000000061,0.6496000000238382,0.6163999999761529,1.515500000000003,0.5829999999999984,0.6996000000238496,3.1976999999284885,2.2651000000238355,1.4660999999046567,1.232500000000016,0.5659999999999741,0.599700000047676,0.6663999999761927,0.5323999999761782,0.7995000000000232]","[5.545799999952322,0.5664999999999907,1.3158000000715333,0.5500000000000114,0.5996000000238553,0.7828999999761663,2.581100000023838,0.7166000000238455,0.5829999999999984,1.0327000000476687,0.6996999999284697,0.5664999999999907,1.182899999976172,0.5995000000000061,0.6498000000715365,0.6163999999761529,1.515500000000003,0.5829999999999984,0.6997000000476703,3.1977999999523092,2.2651000000238355,1.4661999999284774,1.2326000000238366,0.5662000000476723,0.599700000047676,0.6663999999761927,0.5325999999046189,0.7995000000000232]",0.083333333,3.3819,0.0,35.0,35.0,56.0,1.0,grommen,ggrommen,question_gesture.png,im_hand.png,,,,,,
,,,773077,1,21,2023-10-02_18h03.03.243,flesh_expressibility_dutch,2022.2.4,Win32,59.85515054,,,,21.0,1.0,Nederlands,,,,,,Engels,0.0,,0.0,,0.0,,0.0,,0.0,,0.0,,0.0,,0.0,NL,7.0,2.0,2.0,1.0,,sensorypref2,1280.0,720.0,,,,,,,,,,,,,,,,,,,,,,,,,,,,,,,,,,,,22.0,272.3912,28.0,"[5.545599999904638,0.5664000000953706,1.3157000000476842,0.5500000000000114,0.5995000000000061,0.7827999999523172,2.5810000000000173,0.7166000000238455,0.5828999999761493,1.032600000023848,0.6996999999284697,0.5663999999761415,1.182899999976172,0.5995000000000061,0.6496000000238382,0.6163999999761529,1.515500000000003,0.5829999999999984,0.6996000000238496,3.1976999999284885,2.2651000000238355,1.4660999999046567,1.232500000000016,0.5659999999999741,0.599700000047676,0.6663999999761927,0.5323999999761782,0.7995000000000232]","[5.545799999952322,0.5664999999999907,1.3158000000715333,0.5500000000000114,0.5996000000238553,0.7828999999761663,2.581100000023838,0.7166000000238455,0.5829999999999984,1.0327000000476687,0.6996999999284697,0.5664999999999907,1.182899999976172,0.5995000000000061,0.6498000000715365,0.6163999999761529,1.515500000000003,0.5829999999999984,0.6997000000476703,3.1977999999523092,2.2651000000238355,1.4661999999284774,1.2326000000238366,0.5662000000476723,0.599700000047676,0.6663999999761927,0.5325999999046189,0.7995000000000232]",,,0.0,36.0,36.0,104.0,1.0,luis,gluis,question_gesture.png,im_hand.png,,,,,,
,,,773077,1,21,2023-10-02_18h03.03.243,flesh_expressibility_dutch,2022.2.4,Win32,59.85515054,,,,21.0,1.0,Nederlands,,,,,,Engels,0.0,,0.0,,0.0,,0.0,,0.0,,0.0,,0.0,,0.0,NL,7.0,2.0,2.0,1.0,,sensorypref2,1280.0,720.0,,,,,,,,,,,,,,,,,,,,,,,,,,,,,,,,,,,,19.0,273.3139,29.0,"[5.545599999904638,0.5664000000953706,1.3157000000476842,0.5500000000000114,0.5995000000000061,0.7827999999523172,2.5810000000000173,0.7166000000238455,0.5828999999761493,1.032600000023848,0.6996999999284697,0.5663999999761415,1.182899999976172,0.5995000000000061,0.6496000000238382,0.6163999999761529,1.515500000000003,0.5829999999999984,0.6996000000238496,3.1976999999284885,2.2651000000238355,1.4660999999046567,1.232500000000016,0.5659999999999741,0.599700000047676,0.6663999999761927,0.5323999999761782,0.7995000000000232,0.5992000000476878]","[5.545799999952322,0.5664999999999907,1.3158000000715333,0.5500000000000114,0.5996000000238553,0.7828999999761663,2.581100000023838,0.7166000000238455,0.5829999999999984,1.0327000000476687,0.6996999999284697,0.5664999999999907,1.182899999976172,0.5995000000000061,0.6498000000715365,0.6163999999761529,1.515500000000003,0.5829999999999984,0.6997000000476703,3.1977999999523092,2.2651000000238355,1.4661999999284774,1.2326000000238366,0.5662000000476723,0.599700000047676,0.6663999999761927,0.5325999999046189,0.7995000000000232,0.5992000000476878]",-0.477777778,3.1659,0.0,37.0,37.0,6.0,1.0,zuur,gzuur,question_gesture.png,im_hand.png,,,,,,
,,,773077,1,21,2023-10-02_18h03.03.243,flesh_expressibility_dutch,2022.2.4,Win32,59.85515054,,,,21.0,1.0,Nederlands,,,,,,Engels,0.0,,0.0,,0.0,,0.0,,0.0,,0.0,,0.0,,0.0,NL,7.0,2.0,2.0,1.0,,sensorypref2,1280.0,720.0,,,,,,,,,,,,,,,,,,,,,,,,,,,,,,,,,,,,22.0,276.9993,29.0,"[5.545599999904638,0.5664000000953706,1.3157000000476842,0.5500000000000114,0.5995000000000061,0.7827999999523172,2.5810000000000173,0.7166000000238455,0.5828999999761493,1.032600000023848,0.6996999999284697,0.5663999999761415,1.182899999976172,0.5995000000000061,0.6496000000238382,0.6163999999761529,1.515500000000003,0.5829999999999984,0.6996000000238496,3.1976999999284885,2.2651000000238355,1.4660999999046567,1.232500000000016,0.5659999999999741,0.599700000047676,0.6663999999761927,0.5323999999761782,0.7995000000000232,0.5992000000476878]","[5.545799999952322,0.5664999999999907,1.3158000000715333,0.5500000000000114,0.5996000000238553,0.7828999999761663,2.581100000023838,0.7166000000238455,0.5829999999999984,1.0327000000476687,0.6996999999284697,0.5664999999999907,1.182899999976172,0.5995000000000061,0.6498000000715365,0.6163999999761529,1.515500000000003,0.5829999999999984,0.6997000000476703,3.1977999999523092,2.2651000000238355,1.4661999999284774,1.2326000000238366,0.5662000000476723,0.599700000047676,0.6663999999761927,0.5325999999046189,0.7995000000000232,0.5992000000476878]",,,0.0,38.0,38.0,129.0,1.0,goed,ggoed,question_gesture.png,im_hand.png,,,,,,
,,,773077,1,21,2023-10-02_18h03.03.243,flesh_expressibility_dutch,2022.2.4,Win32,59.85515054,,,,21.0,1.0,Nederlands,,,,,,Engels,0.0,,0.0,,0.0,,0.0,,0.0,,0.0,,0.0,,0.0,NL,7.0,2.0,2.0,1.0,,sensorypref2,1280.0,720.0,,,,,,,,,,,,,,,,,,,,,,,,,,,,,,,,,,,,22.0,277.974,29.0,"[5.545599999904638,0.5664000000953706,1.3157000000476842,0.5500000000000114,0.5995000000000061,0.7827999999523172,2.5810000000000173,0.7166000000238455,0.5828999999761493,1.032600000023848,0.6996999999284697,0.5663999999761415,1.182899999976172,0.5995000000000061,0.6496000000238382,0.6163999999761529,1.515500000000003,0.5829999999999984,0.6996000000238496,3.1976999999284885,2.2651000000238355,1.4660999999046567,1.232500000000016,0.5659999999999741,0.599700000047676,0.6663999999761927,0.5323999999761782,0.7995000000000232,0.5992000000476878]","[5.545799999952322,0.5664999999999907,1.3158000000715333,0.5500000000000114,0.5996000000238553,0.7828999999761663,2.581100000023838,0.7166000000238455,0.5829999999999984,1.0327000000476687,0.6996999999284697,0.5664999999999907,1.182899999976172,0.5995000000000061,0.6498000000715365,0.6163999999761529,1.515500000000003,0.5829999999999984,0.6997000000476703,3.1977999999523092,2.2651000000238355,1.4661999999284774,1.2326000000238366,0.5662000000476723,0.599700000047676,0.6663999999761927,0.5325999999046189,0.7995000000000232,0.5992000000476878]",,,0.0,39.0,39.0,100.0,1.0,vogel,gvogel,question_gesture.png,im_hand.png,,,,,,
,,,773077,1,21,2023-10-02_18h03.03.243,flesh_expressibility_dutch,2022.2.4,Win32,59.85515054,,,,21.0,1.0,Nederlands,,,,,,Engels,0.0,,0.0,,0.0,,0.0,,0.0,,0.0,,0.0,,0.0,NL,7.0,2.0,2.0,1.0,,sensorypref2,1280.0,720.0,,,,,,,,,,,,,,,,,,,,,,,,,,,,,,,,,,,,20.0,279.0171,30.0,"[5.545599999904638,0.5664000000953706,1.3157000000476842,0.5500000000000114,0.5995000000000061,0.7827999999523172,2.5810000000000173,0.7166000000238455,0.5828999999761493,1.032600000023848,0.6996999999284697,0.5663999999761415,1.182899999976172,0.5995000000000061,0.6496000000238382,0.6163999999761529,1.515500000000003,0.5829999999999984,0.6996000000238496,3.1976999999284885,2.2651000000238355,1.4660999999046567,1.232500000000016,0.5659999999999741,0.599700000047676,0.6663999999761927,0.5323999999761782,0.7995000000000232,0.5992000000476878,0.7825000000000273]","[5.545799999952322,0.5664999999999907,1.3158000000715333,0.5500000000000114,0.5996000000238553,0.7828999999761663,2.581100000023838,0.7166000000238455,0.5829999999999984,1.0327000000476687,0.6996999999284697,0.5664999999999907,1.182899999976172,0.5995000000000061,0.6498000000715365,0.6163999999761529,1.515500000000003,0.5829999999999984,0.6997000000476703,3.1977999999523092,2.2651000000238355,1.4661999999284774,1.2326000000238366,0.5662000000476723,0.599700000047676,0.6663999999761927,0.5325999999046189,0.7995000000000232,0.5992000000476878,0.7825000000000273]",-0.779629601,3.2258,0.0,40.0,40.0,0.0,1.0,droog,gdroog,question_gesture.png,im_hand.png,,,,,,
,,,773077,1,21,2023-10-02_18h03.03.243,flesh_expressibility_dutch,2022.2.4,Win32,59.85515054,,,,21.0,1.0,Nederlands,,,,,,Engels,0.0,,0.0,,0.0,,0.0,,0.0,,0.0,,0.0,,0.0,NL,7.0,2.0,2.0,1.0,,sensorypref2,1280.0,720.0,,,,,,,,,,,,,,,,,,,,,,,,,,,,,,,,,,,,22.0,282.7794,30.0,"[5.545599999904638,0.5664000000953706,1.3157000000476842,0.5500000000000114,0.5995000000000061,0.7827999999523172,2.5810000000000173,0.7166000000238455,0.5828999999761493,1.032600000023848,0.6996999999284697,0.5663999999761415,1.182899999976172,0.5995000000000061,0.6496000000238382,0.6163999999761529,1.515500000000003,0.5829999999999984,0.6996000000238496,3.1976999999284885,2.2651000000238355,1.4660999999046567,1.232500000000016,0.5659999999999741,0.599700000047676,0.6663999999761927,0.5323999999761782,0.7995000000000232,0.5992000000476878,0.7825000000000273]","[5.545799999952322,0.5664999999999907,1.3158000000715333,0.5500000000000114,0.5996000000238553,0.7828999999761663,2.581100000023838,0.7166000000238455,0.5829999999999984,1.0327000000476687,0.6996999999284697,0.5664999999999907,1.182899999976172,0.5995000000000061,0.6498000000715365,0.6163999999761529,1.515500000000003,0.5829999999999984,0.6997000000476703,3.1977999999523092,2.2651000000238355,1.4661999999284774,1.2326000000238366,0.5662000000476723,0.599700000047676,0.6663999999761927,0.5325999999046189,0.7995000000000232,0.5992000000476878,0.7825000000000273]",,,0.0,41.0,41.0,17.0,1.0,verschillend,gverschillend,question_gesture.png,im_hand.png,,,,,,
,,,773077,1,21,2023-10-02_18h03.03.243,flesh_expressibility_dutch,2022.2.4,Win32,59.85515054,,,,21.0,1.0,Nederlands,,,,,,Engels,0.0,,0.0,,0.0,,0.0,,0.0,,0.0,,0.0,,0.0,NL,7.0,2.0,2.0,1.0,,sensorypref2,1280.0,720.0,,,,,,,,,,,,,,,,,,,,,,,,,,,,,,,,,,,,22.0,283.7604,30.0,"[5.545599999904638,0.5664000000953706,1.3157000000476842,0.5500000000000114,0.5995000000000061,0.7827999999523172,2.5810000000000173,0.7166000000238455,0.5828999999761493,1.032600000023848,0.6996999999284697,0.5663999999761415,1.182899999976172,0.5995000000000061,0.6496000000238382,0.6163999999761529,1.515500000000003,0.5829999999999984,0.6996000000238496,3.1976999999284885,2.2651000000238355,1.4660999999046567,1.232500000000016,0.5659999999999741,0.599700000047676,0.6663999999761927,0.5323999999761782,0.7995000000000232,0.5992000000476878,0.7825000000000273]","[5.545799999952322,0.5664999999999907,1.3158000000715333,0.5500000000000114,0.5996000000238553,0.7828999999761663,2.581100000023838,0.7166000000238455,0.5829999999999984,1.0327000000476687,0.6996999999284697,0.5664999999999907,1.182899999976172,0.5995000000000061,0.6498000000715365,0.6163999999761529,1.515500000000003,0.5829999999999984,0.6997000000476703,3.1977999999523092,2.2651000000238355,1.4661999999284774,1.2326000000238366,0.5662000000476723,0.599700000047676,0.6663999999761927,0.5325999999046189,0.7995000000000232,0.5992000000476878,0.7825000000000273]",,,0.0,42.0,42.0,166.0,1.0,zwart,gzwart,question_gesture.png,im_hand.png,,,,,,
,,,773077,1,21,2023-10-02_18h03.03.243,flesh_expressibility_dutch,2022.2.4,Win32,59.85515054,,,,21.0,1.0,Nederlands,,,,,,Engels,0.0,,0.0,,0.0,,0.0,,0.0,,0.0,,0.0,,0.0,NL,7.0,2.0,2.0,1.0,,sensorypref2,1280.0,720.0,,,,,,,,,,,,,,,,,,,,,,,,,,,,,,,,,,,,22.0,284.8835,30.0,"[5.545599999904638,0.5664000000953706,1.3157000000476842,0.5500000000000114,0.5995000000000061,0.7827999999523172,2.5810000000000173,0.7166000000238455,0.5828999999761493,1.032600000023848,0.6996999999284697,0.5663999999761415,1.182899999976172,0.5995000000000061,0.6496000000238382,0.6163999999761529,1.515500000000003,0.5829999999999984,0.6996000000238496,3.1976999999284885,2.2651000000238355,1.4660999999046567,1.232500000000016,0.5659999999999741,0.599700000047676,0.6663999999761927,0.5323999999761782,0.7995000000000232,0.5992000000476878,0.7825000000000273]","[5.545799999952322,0.5664999999999907,1.3158000000715333,0.5500000000000114,0.5996000000238553,0.7828999999761663,2.581100000023838,0.7166000000238455,0.5829999999999984,1.0327000000476687,0.6996999999284697,0.5664999999999907,1.182899999976172,0.5995000000000061,0.6498000000715365,0.6163999999761529,1.515500000000003,0.5829999999999984,0.6997000000476703,3.1977999999523092,2.2651000000238355,1.4661999999284774,1.2326000000238366,0.5662000000476723,0.599700000047676,0.6663999999761927,0.5325999999046189,0.7995000000000232,0.5992000000476878,0.7825000000000273]",,,0.0,43.0,43.0,59.0,1.0,hoog,ghoog,question_gesture.png,im_hand.png,,,,,,
,,,773077,1,21,2023-10-02_18h03.03.243,flesh_expressibility_dutch,2022.2.4,Win32,59.85515054,,,,21.0,1.0,Nederlands,,,,,,Engels,0.0,,0.0,,0.0,,0.0,,0.0,,0.0,,0.0,,0.0,NL,7.0,2.0,2.0,1.0,,sensorypref2,1280.0,720.0,,,,,,,,,,,,,,,,,,,,,,,,,,,,,,,,,,,,22.0,285.9066,30.0,"[5.545599999904638,0.5664000000953706,1.3157000000476842,0.5500000000000114,0.5995000000000061,0.7827999999523172,2.5810000000000173,0.7166000000238455,0.5828999999761493,1.032600000023848,0.6996999999284697,0.5663999999761415,1.182899999976172,0.5995000000000061,0.6496000000238382,0.6163999999761529,1.515500000000003,0.5829999999999984,0.6996000000238496,3.1976999999284885,2.2651000000238355,1.4660999999046567,1.232500000000016,0.5659999999999741,0.599700000047676,0.6663999999761927,0.5323999999761782,0.7995000000000232,0.5992000000476878,0.7825000000000273]","[5.545799999952322,0.5664999999999907,1.3158000000715333,0.5500000000000114,0.5996000000238553,0.7828999999761663,2.581100000023838,0.7166000000238455,0.5829999999999984,1.0327000000476687,0.6996999999284697,0.5664999999999907,1.182899999976172,0.5995000000000061,0.6498000000715365,0.6163999999761529,1.515500000000003,0.5829999999999984,0.6997000000476703,3.1977999999523092,2.2651000000238355,1.4661999999284774,1.2326000000238366,0.5662000000476723,0.599700000047676,0.6663999999761927,0.5325999999046189,0.7995000000000232,0.5992000000476878,0.7825000000000273]",,,0.0,44.0,44.0,20.0,1.0,verleden,gverleden,question_gesture.png,im_hand.png,,,,,,
,,,773077,1,21,2023-10-02_18h03.03.243,flesh_expressibility_dutch,2022.2.4,Win32,59.85515054,,,,21.0,1.0,Nederlands,,,,,,Engels,0.0,,0.0,,0.0,,0.0,,0.0,,0.0,,0.0,,0.0,NL,7.0,2.0,2.0,1.0,,sensorypref2,1280.0,720.0,,,,,,,,,,,,,,,,,,,,,,,,,,,,,,,,,,,,22.0,286.763,30.0,"[5.545599999904638,0.5664000000953706,1.3157000000476842,0.5500000000000114,0.5995000000000061,0.7827999999523172,2.5810000000000173,0.7166000000238455,0.5828999999761493,1.032600000023848,0.6996999999284697,0.5663999999761415,1.182899999976172,0.5995000000000061,0.6496000000238382,0.6163999999761529,1.515500000000003,0.5829999999999984,0.6996000000238496,3.1976999999284885,2.2651000000238355,1.4660999999046567,1.232500000000016,0.5659999999999741,0.599700000047676,0.6663999999761927,0.5323999999761782,0.7995000000000232,0.5992000000476878,0.7825000000000273]","[5.545799999952322,0.5664999999999907,1.3158000000715333,0.5500000000000114,0.5996000000238553,0.7828999999761663,2.581100000023838,0.7166000000238455,0.5829999999999984,1.0327000000476687,0.6996999999284697,0.5664999999999907,1.182899999976172,0.5995000000000061,0.6498000000715365,0.6163999999761529,1.515500000000003,0.5829999999999984,0.6997000000476703,3.1977999999523092,2.2651000000238355,1.4661999999284774,1.2326000000238366,0.5662000000476723,0.599700000047676,0.6663999999761927,0.5325999999046189,0.7995000000000232,0.5992000000476878,0.7825000000000273]",,,0.0,45.0,45.0,148.0,1.0,bijten,gbijten,question_gesture.png,im_hand.png,,,,,,
,,,773077,1,21,2023-10-02_18h03.03.243,flesh_expressibility_dutch,2022.2.4,Win32,59.85515054,,,,21.0,1.0,Nederlands,,,,,,Engels,0.0,,0.0,,0.0,,0.0,,0.0,,0.0,,0.0,,0.0,NL,7.0,2.0,2.0,1.0,,sensorypref2,1280.0,720.0,,,,,,,,,,,,,,,,,,,,,,,,,,,,,,,,,,,,19.0,287.8519,31.0,"[5.545599999904638,0.5664000000953706,1.3157000000476842,0.5500000000000114,0.5995000000000061,0.7827999999523172,2.5810000000000173,0.7166000000238455,0.5828999999761493,1.032600000023848,0.6996999999284697,0.5663999999761415,1.182899999976172,0.5995000000000061,0.6496000000238382,0.6163999999761529,1.515500000000003,0.5829999999999984,0.6996000000238496,3.1976999999284885,2.2651000000238355,1.4660999999046567,1.232500000000016,0.5659999999999741,0.599700000047676,0.6663999999761927,0.5323999999761782,0.7995000000000232,0.5992000000476878,0.7825000000000273,1.5321000000238314]","[5.545799999952322,0.5664999999999907,1.3158000000715333,0.5500000000000114,0.5996000000238553,0.7828999999761663,2.581100000023838,0.7166000000238455,0.5829999999999984,1.0327000000476687,0.6996999999284697,0.5664999999999907,1.182899999976172,0.5995000000000061,0.6498000000715365,0.6163999999761529,1.515500000000003,0.5829999999999984,0.6997000000476703,3.1977999999523092,2.2651000000238355,1.4661999999284774,1.2326000000238366,0.5662000000476723,0.599700000047676,0.6663999999761927,0.5325999999046189,0.7995000000000232,0.5992000000476878,0.7825000000000273,1.5321000000238314]",0.220370483,4.47,0.0,46.0,46.0,57.0,1.0,fruit,gfruit,question_gesture.png,im_hand.png,,,,,,
,,,773077,1,21,2023-10-02_18h03.03.243,flesh_expressibility_dutch,2022.2.4,Win32,59.85515054,,,,21.0,1.0,Nederlands,,,,,,Engels,0.0,,0.0,,0.0,,0.0,,0.0,,0.0,,0.0,,0.0,NL,7.0,2.0,2.0,1.0,,sensorypref2,1280.0,720.0,,,,,,,,,,,,,,,,,,,,,,,,,,,,,,,,,,,,22.0,292.8768,31.0,"[5.545599999904638,0.5664000000953706,1.3157000000476842,0.5500000000000114,0.5995000000000061,0.7827999999523172,2.5810000000000173,0.7166000000238455,0.5828999999761493,1.032600000023848,0.6996999999284697,0.5663999999761415,1.182899999976172,0.5995000000000061,0.6496000000238382,0.6163999999761529,1.515500000000003,0.5829999999999984,0.6996000000238496,3.1976999999284885,2.2651000000238355,1.4660999999046567,1.232500000000016,0.5659999999999741,0.599700000047676,0.6663999999761927,0.5323999999761782,0.7995000000000232,0.5992000000476878,0.7825000000000273,1.5321000000238314]","[5.545799999952322,0.5664999999999907,1.3158000000715333,0.5500000000000114,0.5996000000238553,0.7828999999761663,2.581100000023838,0.7166000000238455,0.5829999999999984,1.0327000000476687,0.6996999999284697,0.5664999999999907,1.182899999976172,0.5995000000000061,0.6498000000715365,0.6163999999761529,1.515500000000003,0.5829999999999984,0.6997000000476703,3.1977999999523092,2.2651000000238355,1.4661999999284774,1.2326000000238366,0.5662000000476723,0.599700000047676,0.6663999999761927,0.5325999999046189,0.7995000000000232,0.5992000000476878,0.7825000000000273,1.5321000000238314]",,,0.0,47.0,47.0,158.0,1.0,hout,ghout,question_gesture.png,im_hand.png,,,,,,
,,,773077,1,21,2023-10-02_18h03.03.243,flesh_expressibility_dutch,2022.2.4,Win32,59.85515054,,,,21.0,1.0,Nederlands,,,,,,Engels,0.0,,0.0,,0.0,,0.0,,0.0,,0.0,,0.0,,0.0,NL,7.0,2.0,2.0,1.0,,sensorypref2,1280.0,720.0,,,,,,,,,,,,,,,,,,,,,,,,,,,,,,,,,,,,22.0,294.0004,31.0,"[5.545599999904638,0.5664000000953706,1.3157000000476842,0.5500000000000114,0.5995000000000061,0.7827999999523172,2.5810000000000173,0.7166000000238455,0.5828999999761493,1.032600000023848,0.6996999999284697,0.5663999999761415,1.182899999976172,0.5995000000000061,0.6496000000238382,0.6163999999761529,1.515500000000003,0.5829999999999984,0.6996000000238496,3.1976999999284885,2.2651000000238355,1.4660999999046567,1.232500000000016,0.5659999999999741,0.599700000047676,0.6663999999761927,0.5323999999761782,0.7995000000000232,0.5992000000476878,0.7825000000000273,1.5321000000238314]","[5.545799999952322,0.5664999999999907,1.3158000000715333,0.5500000000000114,0.5996000000238553,0.7828999999761663,2.581100000023838,0.7166000000238455,0.5829999999999984,1.0327000000476687,0.6996999999284697,0.5664999999999907,1.182899999976172,0.5995000000000061,0.6498000000715365,0.6163999999761529,1.515500000000003,0.5829999999999984,0.6997000000476703,3.1977999999523092,2.2651000000238355,1.4661999999284774,1.2326000000238366,0.5662000000476723,0.599700000047676,0.6663999999761927,0.5325999999046189,0.7995000000000232,0.5992000000476878,0.7825000000000273,1.5321000000238314]",,,0.0,48.0,48.0,203.0,1.0,kat,gkat,question_gesture.png,im_hand.png,,,,,,
,,,773077,1,21,2023-10-02_18h03.03.243,flesh_expressibility_dutch,2022.2.4,Win32,59.85515054,,,,21.0,1.0,Nederlands,,,,,,Engels,0.0,,0.0,,0.0,,0.0,,0.0,,0.0,,0.0,,0.0,NL,7.0,2.0,2.0,1.0,,sensorypref2,1280.0,720.0,,,,,,,,,,,,,,,,,,,,,,,,,,,,,,,,,,,,22.0,295.0251,31.0,"[5.545599999904638,0.5664000000953706,1.3157000000476842,0.5500000000000114,0.5995000000000061,0.7827999999523172,2.5810000000000173,0.7166000000238455,0.5828999999761493,1.032600000023848,0.6996999999284697,0.5663999999761415,1.182899999976172,0.5995000000000061,0.6496000000238382,0.6163999999761529,1.515500000000003,0.5829999999999984,0.6996000000238496,3.1976999999284885,2.2651000000238355,1.4660999999046567,1.232500000000016,0.5659999999999741,0.599700000047676,0.6663999999761927,0.5323999999761782,0.7995000000000232,0.5992000000476878,0.7825000000000273,1.5321000000238314]","[5.545799999952322,0.5664999999999907,1.3158000000715333,0.5500000000000114,0.5996000000238553,0.7828999999761663,2.581100000023838,0.7166000000238455,0.5829999999999984,1.0327000000476687,0.6996999999284697,0.5664999999999907,1.182899999976172,0.5995000000000061,0.6498000000715365,0.6163999999761529,1.515500000000003,0.5829999999999984,0.6997000000476703,3.1977999999523092,2.2651000000238355,1.4661999999284774,1.2326000000238366,0.5662000000476723,0.599700000047676,0.6663999999761927,0.5325999999046189,0.7995000000000232,0.5992000000476878,0.7825000000000273,1.5321000000238314]",,,0.0,49.0,49.0,182.0,1.0,naam,gnaam,question_gesture.png,im_hand.png,,,,,,
,,,773077,1,21,2023-10-02_18h03.03.243,flesh_expressibility_dutch,2022.2.4,Win32,59.85515054,,,,21.0,1.0,Nederlands,,,,,,Engels,0.0,,0.0,,0.0,,0.0,,0.0,,0.0,,0.0,,0.0,NL,7.0,2.0,2.0,1.0,,sensorypref2,1280.0,720.0,,,,,,,,,,,,,,,,,,,,,,,,,,,,,,,,,,,,22.0,295.9436,31.0,"[5.545599999904638,0.5664000000953706,1.3157000000476842,0.5500000000000114,0.5995000000000061,0.7827999999523172,2.5810000000000173,0.7166000000238455,0.5828999999761493,1.032600000023848,0.6996999999284697,0.5663999999761415,1.182899999976172,0.5995000000000061,0.6496000000238382,0.6163999999761529,1.515500000000003,0.5829999999999984,0.6996000000238496,3.1976999999284885,2.2651000000238355,1.4660999999046567,1.232500000000016,0.5659999999999741,0.599700000047676,0.6663999999761927,0.5323999999761782,0.7995000000000232,0.5992000000476878,0.7825000000000273,1.5321000000238314]","[5.545799999952322,0.5664999999999907,1.3158000000715333,0.5500000000000114,0.5996000000238553,0.7828999999761663,2.581100000023838,0.7166000000238455,0.5829999999999984,1.0327000000476687,0.6996999999284697,0.5664999999999907,1.182899999976172,0.5995000000000061,0.6498000000715365,0.6163999999761529,1.515500000000003,0.5829999999999984,0.6997000000476703,3.1977999999523092,2.2651000000238355,1.4661999999284774,1.2326000000238366,0.5662000000476723,0.599700000047676,0.6663999999761927,0.5325999999046189,0.7995000000000232,0.5992000000476878,0.7825000000000273,1.5321000000238314]",,,0.0,50.0,50.0,79.0,1.0,veel,gveel,question_gesture.png,im_hand.png,,,,,,
,,,773077,1,21,2023-10-02_18h03.03.243,flesh_expressibility_dutch,2022.2.4,Win32,59.85515054,,,,21.0,1.0,Nederlands,,,,,,Engels,0.0,,0.0,,0.0,,0.0,,0.0,,0.0,,0.0,,0.0,NL,7.0,2.0,2.0,1.0,,sensorypref2,1280.0,720.0,,,,,,,,,,,,,,,,,,,,,,,,,,,,,,,,,,,,22.0,296.9671,31.0,"[5.545599999904638,0.5664000000953706,1.3157000000476842,0.5500000000000114,0.5995000000000061,0.7827999999523172,2.5810000000000173,0.7166000000238455,0.5828999999761493,1.032600000023848,0.6996999999284697,0.5663999999761415,1.182899999976172,0.5995000000000061,0.6496000000238382,0.6163999999761529,1.515500000000003,0.5829999999999984,0.6996000000238496,3.1976999999284885,2.2651000000238355,1.4660999999046567,1.232500000000016,0.5659999999999741,0.599700000047676,0.6663999999761927,0.5323999999761782,0.7995000000000232,0.5992000000476878,0.7825000000000273,1.5321000000238314]","[5.545799999952322,0.5664999999999907,1.3158000000715333,0.5500000000000114,0.5996000000238553,0.7828999999761663,2.581100000023838,0.7166000000238455,0.5829999999999984,1.0327000000476687,0.6996999999284697,0.5664999999999907,1.182899999976172,0.5995000000000061,0.6498000000715365,0.6163999999761529,1.515500000000003,0.5829999999999984,0.6997000000476703,3.1977999999523092,2.2651000000238355,1.4661999999284774,1.2326000000238366,0.5662000000476723,0.599700000047676,0.6663999999761927,0.5325999999046189,0.7995000000000232,0.5992000000476878,0.7825000000000273,1.5321000000238314]",,,0.0,51.0,51.0,106.0,1.0,hand,ghand,question_gesture.png,im_hand.png,,,,,,
,,,773077,1,21,2023-10-02_18h03.03.243,flesh_expressibility_dutch,2022.2.4,Win32,59.85515054,,,,21.0,1.0,Nederlands,,,,,,Engels,0.0,,0.0,,0.0,,0.0,,0.0,,0.0,,0.0,,0.0,NL,7.0,2.0,2.0,1.0,,sensorypref2,1280.0,720.0,,,,,,,,,,,,,,,,,,,,,,,,,,,,,,,,,,,,22.0,297.9093,31.0,"[5.545599999904638,0.5664000000953706,1.3157000000476842,0.5500000000000114,0.5995000000000061,0.7827999999523172,2.5810000000000173,0.7166000000238455,0.5828999999761493,1.032600000023848,0.6996999999284697,0.5663999999761415,1.182899999976172,0.5995000000000061,0.6496000000238382,0.6163999999761529,1.515500000000003,0.5829999999999984,0.6996000000238496,3.1976999999284885,2.2651000000238355,1.4660999999046567,1.232500000000016,0.5659999999999741,0.599700000047676,0.6663999999761927,0.5323999999761782,0.7995000000000232,0.5992000000476878,0.7825000000000273,1.5321000000238314]","[5.545799999952322,0.5664999999999907,1.3158000000715333,0.5500000000000114,0.5996000000238553,0.7828999999761663,2.581100000023838,0.7166000000238455,0.5829999999999984,1.0327000000476687,0.6996999999284697,0.5664999999999907,1.182899999976172,0.5995000000000061,0.6498000000715365,0.6163999999761529,1.515500000000003,0.5829999999999984,0.6997000000476703,3.1977999999523092,2.2651000000238355,1.4661999999284774,1.2326000000238366,0.5662000000476723,0.599700000047676,0.6663999999761927,0.5325999999046189,0.7995000000000232,0.5992000000476878,0.7825000000000273,1.5321000000238314]",,,0.0,52.0,52.0,189.0,1.0,as,gas,question_gesture.png,im_hand.png,,,,,,
,,,773077,1,21,2023-10-02_18h03.03.243,flesh_expressibility_dutch,2022.2.4,Win32,59.85515054,,,,21.0,1.0,Nederlands,,,,,,Engels,0.0,,0.0,,0.0,,0.0,,0.0,,0.0,,0.0,,0.0,NL,7.0,2.0,2.0,1.0,,sensorypref2,1280.0,720.0,,,,,,,,,,,,,,,,,,,,,,,,,,,,,,,,,,,,22.0,298.9134,31.0,"[5.545599999904638,0.5664000000953706,1.3157000000476842,0.5500000000000114,0.5995000000000061,0.7827999999523172,2.5810000000000173,0.7166000000238455,0.5828999999761493,1.032600000023848,0.6996999999284697,0.5663999999761415,1.182899999976172,0.5995000000000061,0.6496000000238382,0.6163999999761529,1.515500000000003,0.5829999999999984,0.6996000000238496,3.1976999999284885,2.2651000000238355,1.4660999999046567,1.232500000000016,0.5659999999999741,0.599700000047676,0.6663999999761927,0.5323999999761782,0.7995000000000232,0.5992000000476878,0.7825000000000273,1.5321000000238314]","[5.545799999952322,0.5664999999999907,1.3158000000715333,0.5500000000000114,0.5996000000238553,0.7828999999761663,2.581100000023838,0.7166000000238455,0.5829999999999984,1.0327000000476687,0.6996999999284697,0.5664999999999907,1.182899999976172,0.5995000000000061,0.6498000000715365,0.6163999999761529,1.515500000000003,0.5829999999999984,0.6997000000476703,3.1977999999523092,2.2651000000238355,1.4661999999284774,1.2326000000238366,0.5662000000476723,0.599700000047676,0.6663999999761927,0.5325999999046189,0.7995000000000232,0.5992000000476878,0.7825000000000273,1.5321000000238314]",,,0.0,53.0,53.0,34.0,1.0,vergeten,gvergeten,question_gesture.png,im_hand.png,,,,,,
,,,773077,1,21,2023-10-02_18h03.03.243,flesh_expressibility_dutch,2022.2.4,Win32,59.85515054,,,,21.0,1.0,Nederlands,,,,,,Engels,0.0,,0.0,,0.0,,0.0,,0.0,,0.0,,0.0,,0.0,NL,7.0,2.0,2.0,1.0,,sensorypref2,1280.0,720.0,,,,,,,,,,,,,,,,,,,,,,,,,,,,,,,,,,,,22.0,299.9389,31.0,"[5.545599999904638,0.5664000000953706,1.3157000000476842,0.5500000000000114,0.5995000000000061,0.7827999999523172,2.5810000000000173,0.7166000000238455,0.5828999999761493,1.032600000023848,0.6996999999284697,0.5663999999761415,1.182899999976172,0.5995000000000061,0.6496000000238382,0.6163999999761529,1.515500000000003,0.5829999999999984,0.6996000000238496,3.1976999999284885,2.2651000000238355,1.4660999999046567,1.232500000000016,0.5659999999999741,0.599700000047676,0.6663999999761927,0.5323999999761782,0.7995000000000232,0.5992000000476878,0.7825000000000273,1.5321000000238314]","[5.545799999952322,0.5664999999999907,1.3158000000715333,0.5500000000000114,0.5996000000238553,0.7828999999761663,2.581100000023838,0.7166000000238455,0.5829999999999984,1.0327000000476687,0.6996999999284697,0.5664999999999907,1.182899999976172,0.5995000000000061,0.6498000000715365,0.6163999999761529,1.515500000000003,0.5829999999999984,0.6997000000476703,3.1977999999523092,2.2651000000238355,1.4661999999284774,1.2326000000238366,0.5662000000476723,0.599700000047676,0.6663999999761927,0.5325999999046189,0.7995000000000232,0.5992000000476878,0.7825000000000273,1.5321000000238314]",,,0.0,54.0,54.0,141.0,1.0,dragen,gdragen,question_gesture.png,im_hand.png,,,,,,
,,,773077,1,21,2023-10-02_18h03.03.243,flesh_expressibility_dutch,2022.2.4,Win32,59.85515054,,,,21.0,1.0,Nederlands,,,,,,Engels,0.0,,0.0,,0.0,,0.0,,0.0,,0.0,,0.0,,0.0,NL,7.0,2.0,2.0,1.0,,sensorypref2,1280.0,720.0,,,,,,,,,,,,,,,,,,,,,,,,,,,,,,,,,,,,17.0,300.9609,32.0,"[5.545599999904638,0.5664000000953706,1.3157000000476842,0.5500000000000114,0.5995000000000061,0.7827999999523172,2.5810000000000173,0.7166000000238455,0.5828999999761493,1.032600000023848,0.6996999999284697,0.5663999999761415,1.182899999976172,0.5995000000000061,0.6496000000238382,0.6163999999761529,1.515500000000003,0.5829999999999984,0.6996000000238496,3.1976999999284885,2.2651000000238355,1.4660999999046567,1.232500000000016,0.5659999999999741,0.599700000047676,0.6663999999761927,0.5323999999761782,0.7995000000000232,0.5992000000476878,0.7825000000000273,1.5321000000238314,0.6496000000238382]","[5.545799999952322,0.5664999999999907,1.3158000000715333,0.5500000000000114,0.5996000000238553,0.7828999999761663,2.581100000023838,0.7166000000238455,0.5829999999999984,1.0327000000476687,0.6996999999284697,0.5664999999999907,1.182899999976172,0.5995000000000061,0.6498000000715365,0.6163999999761529,1.515500000000003,0.5829999999999984,0.6997000000476703,3.1977999999523092,2.2651000000238355,1.4661999999284774,1.2326000000238366,0.5662000000476723,0.599700000047676,0.6663999999761927,0.5325999999046189,0.7995000000000232,0.5992000000476878,0.7825000000000273,1.5321000000238314,0.6496000000238382]",-0.385185157,3.471,0.0,55.0,55.0,194.0,1.0,touw,gtouw,question_gesture.png,im_hand.png,,,,,,
,,,773077,1,21,2023-10-02_18h03.03.243,flesh_expressibility_dutch,2022.2.4,Win32,59.85515054,,,,21.0,1.0,Nederlands,,,,,,Engels,0.0,,0.0,,0.0,,0.0,,0.0,,0.0,,0.0,,0.0,NL,7.0,2.0,2.0,1.0,,sensorypref2,1280.0,720.0,,,,,,,,,,,,,,,,,,,,,,,,,,,,,,,,,,,,22.0,304.8552,32.0,"[5.545599999904638,0.5664000000953706,1.3157000000476842,0.5500000000000114,0.5995000000000061,0.7827999999523172,2.5810000000000173,0.7166000000238455,0.5828999999761493,1.032600000023848,0.6996999999284697,0.5663999999761415,1.182899999976172,0.5995000000000061,0.6496000000238382,0.6163999999761529,1.515500000000003,0.5829999999999984,0.6996000000238496,3.1976999999284885,2.2651000000238355,1.4660999999046567,1.232500000000016,0.5659999999999741,0.599700000047676,0.6663999999761927,0.5323999999761782,0.7995000000000232,0.5992000000476878,0.7825000000000273,1.5321000000238314,0.6496000000238382]","[5.545799999952322,0.5664999999999907,1.3158000000715333,0.5500000000000114,0.5996000000238553,0.7828999999761663,2.581100000023838,0.7166000000238455,0.5829999999999984,1.0327000000476687,0.6996999999284697,0.5664999999999907,1.182899999976172,0.5995000000000061,0.6498000000715365,0.6163999999761529,1.515500000000003,0.5829999999999984,0.6997000000476703,3.1977999999523092,2.2651000000238355,1.4661999999284774,1.2326000000238366,0.5662000000476723,0.599700000047676,0.6663999999761927,0.5325999999046189,0.7995000000000232,0.5992000000476878,0.7825000000000273,1.5321000000238314,0.6496000000238382]",,,0.0,56.0,56.0,123.0,1.0,navel,gnavel,question_gesture.png,im_hand.png,,,,,,
,,,773077,1,21,2023-10-02_18h03.03.243,flesh_expressibility_dutch,2022.2.4,Win32,59.85515054,,,,21.0,1.0,Nederlands,,,,,,Engels,0.0,,0.0,,0.0,,0.0,,0.0,,0.0,,0.0,,0.0,NL,7.0,2.0,2.0,1.0,,sensorypref2,1280.0,720.0,,,,,,,,,,,,,,,,,,,,,,,,,,,,,,,,,,,,22.0,305.8756,32.0,"[5.545599999904638,0.5664000000953706,1.3157000000476842,0.5500000000000114,0.5995000000000061,0.7827999999523172,2.5810000000000173,0.7166000000238455,0.5828999999761493,1.032600000023848,0.6996999999284697,0.5663999999761415,1.182899999976172,0.5995000000000061,0.6496000000238382,0.6163999999761529,1.515500000000003,0.5829999999999984,0.6996000000238496,3.1976999999284885,2.2651000000238355,1.4660999999046567,1.232500000000016,0.5659999999999741,0.599700000047676,0.6663999999761927,0.5323999999761782,0.7995000000000232,0.5992000000476878,0.7825000000000273,1.5321000000238314,0.6496000000238382]","[5.545799999952322,0.5664999999999907,1.3158000000715333,0.5500000000000114,0.5996000000238553,0.7828999999761663,2.581100000023838,0.7166000000238455,0.5829999999999984,1.0327000000476687,0.6996999999284697,0.5664999999999907,1.182899999976172,0.5995000000000061,0.6498000000715365,0.6163999999761529,1.515500000000003,0.5829999999999984,0.6997000000476703,3.1977999999523092,2.2651000000238355,1.4661999999284774,1.2326000000238366,0.5662000000476723,0.599700000047676,0.6663999999761927,0.5325999999046189,0.7995000000000232,0.5992000000476878,0.7825000000000273,1.5321000000238314,0.6496000000238382]",,,0.0,57.0,57.0,67.0,1.0,ruw,gruw,question_gesture.png,im_hand.png,,,,,,
,,,773077,1,21,2023-10-02_18h03.03.243,flesh_expressibility_dutch,2022.2.4,Win32,59.85515054,,,,21.0,1.0,Nederlands,,,,,,Engels,0.0,,0.0,,0.0,,0.0,,0.0,,0.0,,0.0,,0.0,NL,7.0,2.0,2.0,1.0,,sensorypref2,1280.0,720.0,,,,,,,,,,,,,,,,,,,,,,,,,,,,,,,,,,,,22.0,306.8972,32.0,"[5.545599999904638,0.5664000000953706,1.3157000000476842,0.5500000000000114,0.5995000000000061,0.7827999999523172,2.5810000000000173,0.7166000000238455,0.5828999999761493,1.032600000023848,0.6996999999284697,0.5663999999761415,1.182899999976172,0.5995000000000061,0.6496000000238382,0.6163999999761529,1.515500000000003,0.5829999999999984,0.6996000000238496,3.1976999999284885,2.2651000000238355,1.4660999999046567,1.232500000000016,0.5659999999999741,0.599700000047676,0.6663999999761927,0.5323999999761782,0.7995000000000232,0.5992000000476878,0.7825000000000273,1.5321000000238314,0.6496000000238382]","[5.545799999952322,0.5664999999999907,1.3158000000715333,0.5500000000000114,0.5996000000238553,0.7828999999761663,2.581100000023838,0.7166000000238455,0.5829999999999984,1.0327000000476687,0.6996999999284697,0.5664999999999907,1.182899999976172,0.5995000000000061,0.6498000000715365,0.6163999999761529,1.515500000000003,0.5829999999999984,0.6997000000476703,3.1977999999523092,2.2651000000238355,1.4661999999284774,1.2326000000238366,0.5662000000476723,0.599700000047676,0.6663999999761927,0.5325999999046189,0.7995000000000232,0.5992000000476878,0.7825000000000273,1.5321000000238314,0.6496000000238382]",,,0.0,58.0,58.0,54.0,1.0,snel,gsnel,question_gesture.png,im_hand.png,,,,,,
,,,773077,1,21,2023-10-02_18h03.03.243,flesh_expressibility_dutch,2022.2.4,Win32,59.85515054,,,,21.0,1.0,Nederlands,,,,,,Engels,0.0,,0.0,,0.0,,0.0,,0.0,,0.0,,0.0,,0.0,NL,7.0,2.0,2.0,1.0,,sensorypref2,1280.0,720.0,,,,,,,,,,,,,,,,,,,,,,,,,,,,,,,,,,,,22.0,307.8396,32.0,"[5.545599999904638,0.5664000000953706,1.3157000000476842,0.5500000000000114,0.5995000000000061,0.7827999999523172,2.5810000000000173,0.7166000000238455,0.5828999999761493,1.032600000023848,0.6996999999284697,0.5663999999761415,1.182899999976172,0.5995000000000061,0.6496000000238382,0.6163999999761529,1.515500000000003,0.5829999999999984,0.6996000000238496,3.1976999999284885,2.2651000000238355,1.4660999999046567,1.232500000000016,0.5659999999999741,0.599700000047676,0.6663999999761927,0.5323999999761782,0.7995000000000232,0.5992000000476878,0.7825000000000273,1.5321000000238314,0.6496000000238382]","[5.545799999952322,0.5664999999999907,1.3158000000715333,0.5500000000000114,0.5996000000238553,0.7828999999761663,2.581100000023838,0.7166000000238455,0.5829999999999984,1.0327000000476687,0.6996999999284697,0.5664999999999907,1.182899999976172,0.5995000000000061,0.6498000000715365,0.6163999999761529,1.515500000000003,0.5829999999999984,0.6997000000476703,3.1977999999523092,2.2651000000238355,1.4661999999284774,1.2326000000238366,0.5662000000476723,0.599700000047676,0.6663999999761927,0.5325999999046189,0.7995000000000232,0.5992000000476878,0.7825000000000273,1.5321000000238314,0.6496000000238382]",,,0.0,59.0,59.0,46.0,1.0,nat,gnat,question_gesture.png,im_hand.png,,,,,,
,,,773077,1,21,2023-10-02_18h03.03.243,flesh_expressibility_dutch,2022.2.4,Win32,59.85515054,,,,21.0,1.0,Nederlands,,,,,,Engels,0.0,,0.0,,0.0,,0.0,,0.0,,0.0,,0.0,,0.0,NL,7.0,2.0,2.0,1.0,,sensorypref2,1280.0,720.0,,,,,,,,,,,,,,,,,,,,,,,,,,,,,,,,,,,,22.0,308.95,32.0,"[5.545599999904638,0.5664000000953706,1.3157000000476842,0.5500000000000114,0.5995000000000061,0.7827999999523172,2.5810000000000173,0.7166000000238455,0.5828999999761493,1.032600000023848,0.6996999999284697,0.5663999999761415,1.182899999976172,0.5995000000000061,0.6496000000238382,0.6163999999761529,1.515500000000003,0.5829999999999984,0.6996000000238496,3.1976999999284885,2.2651000000238355,1.4660999999046567,1.232500000000016,0.5659999999999741,0.599700000047676,0.6663999999761927,0.5323999999761782,0.7995000000000232,0.5992000000476878,0.7825000000000273,1.5321000000238314,0.6496000000238382]","[5.545799999952322,0.5664999999999907,1.3158000000715333,0.5500000000000114,0.5996000000238553,0.7828999999761663,2.581100000023838,0.7166000000238455,0.5829999999999984,1.0327000000476687,0.6996999999284697,0.5664999999999907,1.182899999976172,0.5995000000000061,0.6498000000715365,0.6163999999761529,1.515500000000003,0.5829999999999984,0.6997000000476703,3.1977999999523092,2.2651000000238355,1.4661999999284774,1.2326000000238366,0.5662000000476723,0.599700000047676,0.6663999999761927,0.5325999999046189,0.7995000000000232,0.5992000000476878,0.7825000000000273,1.5321000000238314,0.6496000000238382]",,,0.0,60.0,60.0,16.0,1.0,alles,galles,question_gesture.png,im_hand.png,,,,,,
,,,773077,1,21,2023-10-02_18h03.03.243,flesh_expressibility_dutch,2022.2.4,Win32,59.85515054,,,,21.0,1.0,Nederlands,,,,,,Engels,0.0,,0.0,,0.0,,0.0,,0.0,,0.0,,0.0,,0.0,NL,7.0,2.0,2.0,1.0,,sensorypref2,1280.0,720.0,,,,,,,,,,,,,,,,,,,,,,,,,,,,,,,,,,,,22.0,309.8688,32.0,"[5.545599999904638,0.5664000000953706,1.3157000000476842,0.5500000000000114,0.5995000000000061,0.7827999999523172,2.5810000000000173,0.7166000000238455,0.5828999999761493,1.032600000023848,0.6996999999284697,0.5663999999761415,1.182899999976172,0.5995000000000061,0.6496000000238382,0.6163999999761529,1.515500000000003,0.5829999999999984,0.6996000000238496,3.1976999999284885,2.2651000000238355,1.4660999999046567,1.232500000000016,0.5659999999999741,0.599700000047676,0.6663999999761927,0.5323999999761782,0.7995000000000232,0.5992000000476878,0.7825000000000273,1.5321000000238314,0.6496000000238382]","[5.545799999952322,0.5664999999999907,1.3158000000715333,0.5500000000000114,0.5996000000238553,0.7828999999761663,2.581100000023838,0.7166000000238455,0.5829999999999984,1.0327000000476687,0.6996999999284697,0.5664999999999907,1.182899999976172,0.5995000000000061,0.6498000000715365,0.6163999999761529,1.515500000000003,0.5829999999999984,0.6997000000476703,3.1977999999523092,2.2651000000238355,1.4661999999284774,1.2326000000238366,0.5662000000476723,0.599700000047676,0.6663999999761927,0.5325999999046189,0.7995000000000232,0.5992000000476878,0.7825000000000273,1.5321000000238314,0.6496000000238382]",,,0.0,61.0,61.0,45.0,1.0,onweer,gonweer,question_gesture.png,im_hand.png,,,,,,
,,,773077,1,21,2023-10-02_18h03.03.243,flesh_expressibility_dutch,2022.2.4,Win32,59.85515054,,,,21.0,1.0,Nederlands,,,,,,Engels,0.0,,0.0,,0.0,,0.0,,0.0,,0.0,,0.0,,0.0,NL,7.0,2.0,2.0,1.0,,sensorypref2,1280.0,720.0,,,,,,,,,,,,,,,,,,,,,,,,,,,,,,,,,,,,22.0,310.908,32.0,"[5.545599999904638,0.5664000000953706,1.3157000000476842,0.5500000000000114,0.5995000000000061,0.7827999999523172,2.5810000000000173,0.7166000000238455,0.5828999999761493,1.032600000023848,0.6996999999284697,0.5663999999761415,1.182899999976172,0.5995000000000061,0.6496000000238382,0.6163999999761529,1.515500000000003,0.5829999999999984,0.6996000000238496,3.1976999999284885,2.2651000000238355,1.4660999999046567,1.232500000000016,0.5659999999999741,0.599700000047676,0.6663999999761927,0.5323999999761782,0.7995000000000232,0.5992000000476878,0.7825000000000273,1.5321000000238314,0.6496000000238382]","[5.545799999952322,0.5664999999999907,1.3158000000715333,0.5500000000000114,0.5996000000238553,0.7828999999761663,2.581100000023838,0.7166000000238455,0.5829999999999984,1.0327000000476687,0.6996999999284697,0.5664999999999907,1.182899999976172,0.5995000000000061,0.6498000000715365,0.6163999999761529,1.515500000000003,0.5829999999999984,0.6997000000476703,3.1977999999523092,2.2651000000238355,1.4661999999284774,1.2326000000238366,0.5662000000476723,0.599700000047676,0.6663999999761927,0.5325999999046189,0.7995000000000232,0.5992000000476878,0.7825000000000273,1.5321000000238314,0.6496000000238382]",,,0.0,62.0,62.0,205.0,1.0,vork,gvork,question_gesture.png,im_hand.png,,,,,,
,,,773077,1,21,2023-10-02_18h03.03.243,flesh_expressibility_dutch,2022.2.4,Win32,59.85515054,,,,21.0,1.0,Nederlands,,,,,,Engels,0.0,,0.0,,0.0,,0.0,,0.0,,0.0,,0.0,,0.0,NL,7.0,2.0,2.0,1.0,,sensorypref2,1280.0,720.0,,,,,,,,,,,,,,,,,,,,,,,,,,,,,,,,,,,,22.0,311.9173,32.0,"[5.545599999904638,0.5664000000953706,1.3157000000476842,0.5500000000000114,0.5995000000000061,0.7827999999523172,2.5810000000000173,0.7166000000238455,0.5828999999761493,1.032600000023848,0.6996999999284697,0.5663999999761415,1.182899999976172,0.5995000000000061,0.6496000000238382,0.6163999999761529,1.515500000000003,0.5829999999999984,0.6996000000238496,3.1976999999284885,2.2651000000238355,1.4660999999046567,1.232500000000016,0.5659999999999741,0.599700000047676,0.6663999999761927,0.5323999999761782,0.7995000000000232,0.5992000000476878,0.7825000000000273,1.5321000000238314,0.6496000000238382]","[5.545799999952322,0.5664999999999907,1.3158000000715333,0.5500000000000114,0.5996000000238553,0.7828999999761663,2.581100000023838,0.7166000000238455,0.5829999999999984,1.0327000000476687,0.6996999999284697,0.5664999999999907,1.182899999976172,0.5995000000000061,0.6498000000715365,0.6163999999761529,1.515500000000003,0.5829999999999984,0.6997000000476703,3.1977999999523092,2.2651000000238355,1.4661999999284774,1.2326000000238366,0.5662000000476723,0.599700000047676,0.6663999999761927,0.5325999999046189,0.7995000000000232,0.5992000000476878,0.7825000000000273,1.5321000000238314,0.6496000000238382]",,,0.0,63.0,63.0,89.0,1.0,jagen,gjagen,question_gesture.png,im_hand.png,,,,,,
,,,773077,1,21,2023-10-02_18h03.03.243,flesh_expressibility_dutch,2022.2.4,Win32,59.85515054,,,,21.0,1.0,Nederlands,,,,,,Engels,0.0,,0.0,,0.0,,0.0,,0.0,,0.0,,0.0,,0.0,NL,7.0,2.0,2.0,1.0,,sensorypref2,1280.0,720.0,,,,,,,,,,,,,,,,,,,,,,,,,,,,,,,,,,,,19.0,312.9409,33.0,"[5.545599999904638,0.5664000000953706,1.3157000000476842,0.5500000000000114,0.5995000000000061,0.7827999999523172,2.5810000000000173,0.7166000000238455,0.5828999999761493,1.032600000023848,0.6996999999284697,0.5663999999761415,1.182899999976172,0.5995000000000061,0.6496000000238382,0.6163999999761529,1.515500000000003,0.5829999999999984,0.6996000000238496,3.1976999999284885,2.2651000000238355,1.4660999999046567,1.232500000000016,0.5659999999999741,0.599700000047676,0.6663999999761927,0.5323999999761782,0.7995000000000232,0.5992000000476878,0.7825000000000273,1.5321000000238314,0.6496000000238382,0.6998000000715479]","[5.545799999952322,0.5664999999999907,1.3158000000715333,0.5500000000000114,0.5996000000238553,0.7828999999761663,2.581100000023838,0.7166000000238455,0.5829999999999984,1.0327000000476687,0.6996999999284697,0.5664999999999907,1.182899999976172,0.5995000000000061,0.6498000000715365,0.6163999999761529,1.515500000000003,0.5829999999999984,0.6997000000476703,3.1977999999523092,2.2651000000238355,1.4661999999284774,1.2326000000238366,0.5662000000476723,0.599700000047676,0.6663999999761927,0.5325999999046189,0.7995000000000232,0.5992000000476878,0.7825000000000273,1.5321000000238314,0.6496000000238382,0.6998000000715479]",-0.674074046,3.0151,0.0,64.0,64.0,160.0,1.0,wie,gwie,question_gesture.png,im_hand.png,,,,,,
,,,773077,1,21,2023-10-02_18h03.03.243,flesh_expressibility_dutch,2022.2.4,Win32,59.85515054,,,,21.0,1.0,Nederlands,,,,,,Engels,0.0,,0.0,,0.0,,0.0,,0.0,,0.0,,0.0,,0.0,NL,7.0,2.0,2.0,1.0,,sensorypref2,1280.0,720.0,,,,,,,,,,,,,,,,,,,,,,,,,,,,,,,,,,,,22.0,316.4224,33.0,"[5.545599999904638,0.5664000000953706,1.3157000000476842,0.5500000000000114,0.5995000000000061,0.7827999999523172,2.5810000000000173,0.7166000000238455,0.5828999999761493,1.032600000023848,0.6996999999284697,0.5663999999761415,1.182899999976172,0.5995000000000061,0.6496000000238382,0.6163999999761529,1.515500000000003,0.5829999999999984,0.6996000000238496,3.1976999999284885,2.2651000000238355,1.4660999999046567,1.232500000000016,0.5659999999999741,0.599700000047676,0.6663999999761927,0.5323999999761782,0.7995000000000232,0.5992000000476878,0.7825000000000273,1.5321000000238314,0.6496000000238382,0.6998000000715479]","[5.545799999952322,0.5664999999999907,1.3158000000715333,0.5500000000000114,0.5996000000238553,0.7828999999761663,2.581100000023838,0.7166000000238455,0.5829999999999984,1.0327000000476687,0.6996999999284697,0.5664999999999907,1.182899999976172,0.5995000000000061,0.6498000000715365,0.6163999999761529,1.515500000000003,0.5829999999999984,0.6997000000476703,3.1977999999523092,2.2651000000238355,1.4661999999284774,1.2326000000238366,0.5662000000476723,0.599700000047676,0.6663999999761927,0.5325999999046189,0.7995000000000232,0.5992000000476878,0.7825000000000273,1.5321000000238314,0.6496000000238382,0.6998000000715479]",,,0.0,65.0,65.0,32.0,1.0,vooraan,gvooraan,question_gesture.png,im_hand.png,,,,,,
,,,773077,1,21,2023-10-02_18h03.03.243,flesh_expressibility_dutch,2022.2.4,Win32,59.85515054,,,,21.0,1.0,Nederlands,,,,,,Engels,0.0,,0.0,,0.0,,0.0,,0.0,,0.0,,0.0,,0.0,NL,7.0,2.0,2.0,1.0,,sensorypref2,1280.0,720.0,,,,,,,,,,,,,,,,,,,,,,,,,,,,,,,,,,,,22.0,317.5494,33.0,"[5.545599999904638,0.5664000000953706,1.3157000000476842,0.5500000000000114,0.5995000000000061,0.7827999999523172,2.5810000000000173,0.7166000000238455,0.5828999999761493,1.032600000023848,0.6996999999284697,0.5663999999761415,1.182899999976172,0.5995000000000061,0.6496000000238382,0.6163999999761529,1.515500000000003,0.5829999999999984,0.6996000000238496,3.1976999999284885,2.2651000000238355,1.4660999999046567,1.232500000000016,0.5659999999999741,0.599700000047676,0.6663999999761927,0.5323999999761782,0.7995000000000232,0.5992000000476878,0.7825000000000273,1.5321000000238314,0.6496000000238382,0.6998000000715479]","[5.545799999952322,0.5664999999999907,1.3158000000715333,0.5500000000000114,0.5996000000238553,0.7828999999761663,2.581100000023838,0.7166000000238455,0.5829999999999984,1.0327000000476687,0.6996999999284697,0.5664999999999907,1.182899999976172,0.5995000000000061,0.6498000000715365,0.6163999999761529,1.515500000000003,0.5829999999999984,0.6997000000476703,3.1977999999523092,2.2651000000238355,1.4661999999284774,1.2326000000238366,0.5662000000476723,0.599700000047676,0.6663999999761927,0.5325999999046189,0.7995000000000232,0.5992000000476878,0.7825000000000273,1.5321000000238314,0.6496000000238382,0.6998000000715479]",,,0.0,66.0,66.0,146.0,1.0,nemen,gnemen,question_gesture.png,im_hand.png,,,,,,
,,,773077,1,21,2023-10-02_18h03.03.243,flesh_expressibility_dutch,2022.2.4,Win32,59.85515054,,,,21.0,1.0,Nederlands,,,,,,Engels,0.0,,0.0,,0.0,,0.0,,0.0,,0.0,,0.0,,0.0,NL,7.0,2.0,2.0,1.0,,sensorypref2,1280.0,720.0,,,,,,,,,,,,,,,,,,,,,,,,,,,,,,,,,,,,22.0,318.4755,33.0,"[5.545599999904638,0.5664000000953706,1.3157000000476842,0.5500000000000114,0.5995000000000061,0.7827999999523172,2.5810000000000173,0.7166000000238455,0.5828999999761493,1.032600000023848,0.6996999999284697,0.5663999999761415,1.182899999976172,0.5995000000000061,0.6496000000238382,0.6163999999761529,1.515500000000003,0.5829999999999984,0.6996000000238496,3.1976999999284885,2.2651000000238355,1.4660999999046567,1.232500000000016,0.5659999999999741,0.599700000047676,0.6663999999761927,0.5323999999761782,0.7995000000000232,0.5992000000476878,0.7825000000000273,1.5321000000238314,0.6496000000238382,0.6998000000715479]","[5.545799999952322,0.5664999999999907,1.3158000000715333,0.5500000000000114,0.5996000000238553,0.7828999999761663,2.581100000023838,0.7166000000238455,0.5829999999999984,1.0327000000476687,0.6996999999284697,0.5664999999999907,1.182899999976172,0.5995000000000061,0.6498000000715365,0.6163999999761529,1.515500000000003,0.5829999999999984,0.6997000000476703,3.1977999999523092,2.2651000000238355,1.4661999999284774,1.2326000000238366,0.5662000000476723,0.599700000047676,0.6663999999761927,0.5325999999046189,0.7995000000000232,0.5992000000476878,0.7825000000000273,1.5321000000238314,0.6496000000238382,0.6998000000715479]",,,0.0,67.0,67.0,37.0,1.0,walgen,gwalgen,question_gesture.png,im_hand.png,,,,,,
,,,773077,1,21,2023-10-02_18h03.03.243,flesh_expressibility_dutch,2022.2.4,Win32,59.85515054,,,,21.0,1.0,Nederlands,,,,,,Engels,0.0,,0.0,,0.0,,0.0,,0.0,,0.0,,0.0,,0.0,NL,7.0,2.0,2.0,1.0,,sensorypref2,1280.0,720.0,,,,,,,,,,,,,,,,,,,,,,,,,,,,,,,,,,,,19.0,319.4945,34.0,"[5.545599999904638,0.5664000000953706,1.3157000000476842,0.5500000000000114,0.5995000000000061,0.7827999999523172,2.5810000000000173,0.7166000000238455,0.5828999999761493,1.032600000023848,0.6996999999284697,0.5663999999761415,1.182899999976172,0.5995000000000061,0.6496000000238382,0.6163999999761529,1.515500000000003,0.5829999999999984,0.6996000000238496,3.1976999999284885,2.2651000000238355,1.4660999999046567,1.232500000000016,0.5659999999999741,0.599700000047676,0.6663999999761927,0.5323999999761782,0.7995000000000232,0.5992000000476878,0.7825000000000273,1.5321000000238314,0.6496000000238382,0.6998000000715479,0.7327999999523058]","[5.545799999952322,0.5664999999999907,1.3158000000715333,0.5500000000000114,0.5996000000238553,0.7828999999761663,2.581100000023838,0.7166000000238455,0.5829999999999984,1.0327000000476687,0.6996999999284697,0.5664999999999907,1.182899999976172,0.5995000000000061,0.6498000000715365,0.6163999999761529,1.515500000000003,0.5829999999999984,0.6997000000476703,3.1977999999523092,2.2651000000238355,1.4661999999284774,1.2326000000238366,0.5662000000476723,0.599700000047676,0.6663999999761927,0.5325999999046189,0.7995000000000232,0.5992000000476878,0.7825000000000273,1.5321000000238314,0.6496000000238382,0.6998000000715479,0.732899999976155]",0.3,4.5153,0.0,68.0,68.0,139.0,1.0,rennen,grennen,question_gesture.png,im_hand.png,,,,,,
,,,773077,1,21,2023-10-02_18h03.03.243,flesh_expressibility_dutch,2022.2.4,Win32,59.85515054,,,,21.0,1.0,Nederlands,,,,,,Engels,0.0,,0.0,,0.0,,0.0,,0.0,,0.0,,0.0,,0.0,NL,7.0,2.0,2.0,1.0,,sensorypref2,1280.0,720.0,,,,,,,,,,,,,,,,,,,,,,,,,,,,,,,,,,,,20.0,324.6189,35.0,"[5.545599999904638,0.5664000000953706,1.3157000000476842,0.5500000000000114,0.5995000000000061,0.7827999999523172,2.5810000000000173,0.7166000000238455,0.5828999999761493,1.032600000023848,0.6996999999284697,0.5663999999761415,1.182899999976172,0.5995000000000061,0.6496000000238382,0.6163999999761529,1.515500000000003,0.5829999999999984,0.6996000000238496,3.1976999999284885,2.2651000000238355,1.4660999999046567,1.232500000000016,0.5659999999999741,0.599700000047676,0.6663999999761927,0.5323999999761782,0.7995000000000232,0.5992000000476878,0.7825000000000273,1.5321000000238314,0.6496000000238382,0.6998000000715479,0.7327999999523058,0.782299999952329]","[5.545799999952322,0.5664999999999907,1.3158000000715333,0.5500000000000114,0.5996000000238553,0.7828999999761663,2.581100000023838,0.7166000000238455,0.5829999999999984,1.0327000000476687,0.6996999999284697,0.5664999999999907,1.182899999976172,0.5995000000000061,0.6498000000715365,0.6163999999761529,1.515500000000003,0.5829999999999984,0.6997000000476703,3.1977999999523092,2.2651000000238355,1.4661999999284774,1.2326000000238366,0.5662000000476723,0.599700000047676,0.6663999999761927,0.5325999999046189,0.7995000000000232,0.5992000000476878,0.7825000000000273,1.5321000000238314,0.6496000000238382,0.6998000000715479,0.732899999976155,0.7823999999761782]",0.205555556,3.6761,0.0,69.0,69.0,7.0,1.0,kauwen,gkauwen,question_gesture.png,im_hand.png,,,,,,
,,,773077,1,21,2023-10-02_18h03.03.243,flesh_expressibility_dutch,2022.2.4,Win32,59.85515054,,,,21.0,1.0,Nederlands,,,,,,Engels,0.0,,0.0,,0.0,,0.0,,0.0,,0.0,,0.0,,0.0,NL,7.0,2.0,2.0,1.0,,sensorypref2,1280.0,720.0,,,,,,,,,,,,,,,,,,,,,,,,,,,,,,,,,,,,22.0,328.8168,35.0,"[5.545599999904638,0.5664000000953706,1.3157000000476842,0.5500000000000114,0.5995000000000061,0.7827999999523172,2.5810000000000173,0.7166000000238455,0.5828999999761493,1.032600000023848,0.6996999999284697,0.5663999999761415,1.182899999976172,0.5995000000000061,0.6496000000238382,0.6163999999761529,1.515500000000003,0.5829999999999984,0.6996000000238496,3.1976999999284885,2.2651000000238355,1.4660999999046567,1.232500000000016,0.5659999999999741,0.599700000047676,0.6663999999761927,0.5323999999761782,0.7995000000000232,0.5992000000476878,0.7825000000000273,1.5321000000238314,0.6496000000238382,0.6998000000715479,0.7327999999523058,0.782299999952329]","[5.545799999952322,0.5664999999999907,1.3158000000715333,0.5500000000000114,0.5996000000238553,0.7828999999761663,2.581100000023838,0.7166000000238455,0.5829999999999984,1.0327000000476687,0.6996999999284697,0.5664999999999907,1.182899999976172,0.5995000000000061,0.6498000000715365,0.6163999999761529,1.515500000000003,0.5829999999999984,0.6997000000476703,3.1977999999523092,2.2651000000238355,1.4661999999284774,1.2326000000238366,0.5662000000476723,0.599700000047676,0.6663999999761927,0.5325999999046189,0.7995000000000232,0.5992000000476878,0.7825000000000273,1.5321000000238314,0.6496000000238382,0.6998000000715479,0.732899999976155,0.7823999999761782]",,,0.0,70.0,70.0,116.0,1.0,oog,goog,question_gesture.png,im_hand.png,,,,,,
,,,773077,1,21,2023-10-02_18h03.03.243,flesh_expressibility_dutch,2022.2.4,Win32,59.85515054,,,,21.0,1.0,Nederlands,,,,,,Engels,0.0,,0.0,,0.0,,0.0,,0.0,,0.0,,0.0,,0.0,NL,7.0,2.0,2.0,1.0,,sensorypref2,1280.0,720.0,,,,,,,,,,,,,,,,,,,,,,,,,,,,,,,,,,,,18.0,329.9397,36.0,"[5.545599999904638,0.5664000000953706,1.3157000000476842,0.5500000000000114,0.5995000000000061,0.7827999999523172,2.5810000000000173,0.7166000000238455,0.5828999999761493,1.032600000023848,0.6996999999284697,0.5663999999761415,1.182899999976172,0.5995000000000061,0.6496000000238382,0.6163999999761529,1.515500000000003,0.5829999999999984,0.6996000000238496,3.1976999999284885,2.2651000000238355,1.4660999999046567,1.232500000000016,0.5659999999999741,0.599700000047676,0.6663999999761927,0.5323999999761782,0.7995000000000232,0.5992000000476878,0.7825000000000273,1.5321000000238314,0.6496000000238382,0.6998000000715479,0.7327999999523058,0.782299999952329,0.815899999976125]","[5.545799999952322,0.5664999999999907,1.3158000000715333,0.5500000000000114,0.5996000000238553,0.7828999999761663,2.581100000023838,0.7166000000238455,0.5829999999999984,1.0327000000476687,0.6996999999284697,0.5664999999999907,1.182899999976172,0.5995000000000061,0.6498000000715365,0.6163999999761529,1.515500000000003,0.5829999999999984,0.6997000000476703,3.1977999999523092,2.2651000000238355,1.4661999999284774,1.2326000000238366,0.5662000000476723,0.599700000047676,0.6663999999761927,0.5325999999046189,0.7995000000000232,0.5992000000476878,0.7825000000000273,1.5321000000238314,0.6496000000238382,0.6998000000715479,0.732899999976155,0.7823999999761782,0.8160999999046226]",-0.466666667,2.7167,0.0,71.0,71.0,84.0,1.0,kort,gkort,question_gesture.png,im_hand.png,,,,,,
,,,773077,1,21,2023-10-02_18h03.03.243,flesh_expressibility_dutch,2022.2.4,Win32,59.85515054,,,,21.0,1.0,Nederlands,,,,,,Engels,0.0,,0.0,,0.0,,0.0,,0.0,,0.0,,0.0,,0.0,NL,7.0,2.0,2.0,1.0,,sensorypref2,1280.0,720.0,,,,,,,,,,,,,,,,,,,,,,,,,,,,,,,,,,,,22.0,333.114,36.0,"[5.545599999904638,0.5664000000953706,1.3157000000476842,0.5500000000000114,0.5995000000000061,0.7827999999523172,2.5810000000000173,0.7166000000238455,0.5828999999761493,1.032600000023848,0.6996999999284697,0.5663999999761415,1.182899999976172,0.5995000000000061,0.6496000000238382,0.6163999999761529,1.515500000000003,0.5829999999999984,0.6996000000238496,3.1976999999284885,2.2651000000238355,1.4660999999046567,1.232500000000016,0.5659999999999741,0.599700000047676,0.6663999999761927,0.5323999999761782,0.7995000000000232,0.5992000000476878,0.7825000000000273,1.5321000000238314,0.6496000000238382,0.6998000000715479,0.7327999999523058,0.782299999952329,0.815899999976125]","[5.545799999952322,0.5664999999999907,1.3158000000715333,0.5500000000000114,0.5996000000238553,0.7828999999761663,2.581100000023838,0.7166000000238455,0.5829999999999984,1.0327000000476687,0.6996999999284697,0.5664999999999907,1.182899999976172,0.5995000000000061,0.6498000000715365,0.6163999999761529,1.515500000000003,0.5829999999999984,0.6997000000476703,3.1977999999523092,2.2651000000238355,1.4661999999284774,1.2326000000238366,0.5662000000476723,0.599700000047676,0.6663999999761927,0.5325999999046189,0.7995000000000232,0.5992000000476878,0.7825000000000273,1.5321000000238314,0.6496000000238382,0.6998000000715479,0.732899999976155,0.7823999999761782,0.8160999999046226]",,,0.0,72.0,72.0,159.0,1.0,wat,gwat,question_gesture.png,im_hand.png,,,,,,
,,,773077,1,21,2023-10-02_18h03.03.243,flesh_expressibility_dutch,2022.2.4,Win32,59.85515054,,,,21.0,1.0,Nederlands,,,,,,Engels,0.0,,0.0,,0.0,,0.0,,0.0,,0.0,,0.0,,0.0,NL,7.0,2.0,2.0,1.0,,sensorypref2,1280.0,720.0,,,,,,,,,,,,,,,,,,,,,,,,,,,,,,,,,,,,22.0,334.1521,36.0,"[5.545599999904638,0.5664000000953706,1.3157000000476842,0.5500000000000114,0.5995000000000061,0.7827999999523172,2.5810000000000173,0.7166000000238455,0.5828999999761493,1.032600000023848,0.6996999999284697,0.5663999999761415,1.182899999976172,0.5995000000000061,0.6496000000238382,0.6163999999761529,1.515500000000003,0.5829999999999984,0.6996000000238496,3.1976999999284885,2.2651000000238355,1.4660999999046567,1.232500000000016,0.5659999999999741,0.599700000047676,0.6663999999761927,0.5323999999761782,0.7995000000000232,0.5992000000476878,0.7825000000000273,1.5321000000238314,0.6496000000238382,0.6998000000715479,0.7327999999523058,0.782299999952329,0.815899999976125]","[5.545799999952322,0.5664999999999907,1.3158000000715333,0.5500000000000114,0.5996000000238553,0.7828999999761663,2.581100000023838,0.7166000000238455,0.5829999999999984,1.0327000000476687,0.6996999999284697,0.5664999999999907,1.182899999976172,0.5995000000000061,0.6498000000715365,0.6163999999761529,1.515500000000003,0.5829999999999984,0.6997000000476703,3.1977999999523092,2.2651000000238355,1.4661999999284774,1.2326000000238366,0.5662000000476723,0.599700000047676,0.6663999999761927,0.5325999999046189,0.7995000000000232,0.5992000000476878,0.7825000000000273,1.5321000000238314,0.6496000000238382,0.6998000000715479,0.732899999976155,0.7823999999761782,0.8160999999046226]",,,0.0,73.0,73.0,157.0,1.0,wortel,gwortel,question_gesture.png,im_hand.png,,,,,,
,,,773077,1,21,2023-10-02_18h03.03.243,flesh_expressibility_dutch,2022.2.4,Win32,59.85515054,,,,21.0,1.0,Nederlands,,,,,,Engels,0.0,,0.0,,0.0,,0.0,,0.0,,0.0,,0.0,,0.0,NL,7.0,2.0,2.0,1.0,,sensorypref2,1280.0,720.0,,,,,,,,,,,,,,,,,,,,,,,,,,,,,,,,,,,,22.0,335.2645,36.0,"[5.545599999904638,0.5664000000953706,1.3157000000476842,0.5500000000000114,0.5995000000000061,0.7827999999523172,2.5810000000000173,0.7166000000238455,0.5828999999761493,1.032600000023848,0.6996999999284697,0.5663999999761415,1.182899999976172,0.5995000000000061,0.6496000000238382,0.6163999999761529,1.515500000000003,0.5829999999999984,0.6996000000238496,3.1976999999284885,2.2651000000238355,1.4660999999046567,1.232500000000016,0.5659999999999741,0.599700000047676,0.6663999999761927,0.5323999999761782,0.7995000000000232,0.5992000000476878,0.7825000000000273,1.5321000000238314,0.6496000000238382,0.6998000000715479,0.7327999999523058,0.782299999952329,0.815899999976125]","[5.545799999952322,0.5664999999999907,1.3158000000715333,0.5500000000000114,0.5996000000238553,0.7828999999761663,2.581100000023838,0.7166000000238455,0.5829999999999984,1.0327000000476687,0.6996999999284697,0.5664999999999907,1.182899999976172,0.5995000000000061,0.6498000000715365,0.6163999999761529,1.515500000000003,0.5829999999999984,0.6997000000476703,3.1977999999523092,2.2651000000238355,1.4661999999284774,1.2326000000238366,0.5662000000476723,0.599700000047676,0.6663999999761927,0.5325999999046189,0.7995000000000232,0.5992000000476878,0.7825000000000273,1.5321000000238314,0.6496000000238382,0.6998000000715479,0.732899999976155,0.7823999999761782,0.8160999999046226]",,,0.0,74.0,74.0,206.0,1.0,lepel,glepel,question_gesture.png,im_hand.png,,,,,,
,,,773077,1,21,2023-10-02_18h03.03.243,flesh_expressibility_dutch,2022.2.4,Win32,59.85515054,,,,21.0,1.0,Nederlands,,,,,,Engels,0.0,,0.0,,0.0,,0.0,,0.0,,0.0,,0.0,,0.0,NL,7.0,2.0,2.0,1.0,,sensorypref2,1280.0,720.0,,,,,,,,,,,,,,,,,,,,,,,,,,,,,,,,,,,,22.0,336.1868,36.0,"[5.545599999904638,0.5664000000953706,1.3157000000476842,0.5500000000000114,0.5995000000000061,0.7827999999523172,2.5810000000000173,0.7166000000238455,0.5828999999761493,1.032600000023848,0.6996999999284697,0.5663999999761415,1.182899999976172,0.5995000000000061,0.6496000000238382,0.6163999999761529,1.515500000000003,0.5829999999999984,0.6996000000238496,3.1976999999284885,2.2651000000238355,1.4660999999046567,1.232500000000016,0.5659999999999741,0.599700000047676,0.6663999999761927,0.5323999999761782,0.7995000000000232,0.5992000000476878,0.7825000000000273,1.5321000000238314,0.6496000000238382,0.6998000000715479,0.7327999999523058,0.782299999952329,0.815899999976125]","[5.545799999952322,0.5664999999999907,1.3158000000715333,0.5500000000000114,0.5996000000238553,0.7828999999761663,2.581100000023838,0.7166000000238455,0.5829999999999984,1.0327000000476687,0.6996999999284697,0.5664999999999907,1.182899999976172,0.5995000000000061,0.6498000000715365,0.6163999999761529,1.515500000000003,0.5829999999999984,0.6997000000476703,3.1977999999523092,2.2651000000238355,1.4661999999284774,1.2326000000238366,0.5662000000476723,0.599700000047676,0.6663999999761927,0.5325999999046189,0.7995000000000232,0.5992000000476878,0.7825000000000273,1.5321000000238314,0.6496000000238382,0.6998000000715479,0.732899999976155,0.7823999999761782,0.8160999999046226]",,,0.0,75.0,75.0,50.0,1.0,zwemmen,gzwemmen,question_gesture.png,im_hand.png,,,,,,
,,,773077,1,21,2023-10-02_18h03.03.243,flesh_expressibility_dutch,2022.2.4,Win32,59.85515054,,,,21.0,1.0,Nederlands,,,,,,Engels,0.0,,0.0,,0.0,,0.0,,0.0,,0.0,,0.0,,0.0,NL,7.0,2.0,2.0,1.0,,sensorypref2,1280.0,720.0,,,,,,,,,,,,,,,,,,,,,,,,,,,,,,,,,,,,16.0,337.1958,37.0,"[5.545599999904638,0.5664000000953706,1.3157000000476842,0.5500000000000114,0.5995000000000061,0.7827999999523172,2.5810000000000173,0.7166000000238455,0.5828999999761493,1.032600000023848,0.6996999999284697,0.5663999999761415,1.182899999976172,0.5995000000000061,0.6496000000238382,0.6163999999761529,1.515500000000003,0.5829999999999984,0.6996000000238496,3.1976999999284885,2.2651000000238355,1.4660999999046567,1.232500000000016,0.5659999999999741,0.599700000047676,0.6663999999761927,0.5323999999761782,0.7995000000000232,0.5992000000476878,0.7825000000000273,1.5321000000238314,0.6496000000238382,0.6998000000715479,0.7327999999523058,0.782299999952329,0.815899999976125,0.5994000000953861]","[5.545799999952322,0.5664999999999907,1.3158000000715333,0.5500000000000114,0.5996000000238553,0.7828999999761663,2.581100000023838,0.7166000000238455,0.5829999999999984,1.0327000000476687,0.6996999999284697,0.5664999999999907,1.182899999976172,0.5995000000000061,0.6498000000715365,0.6163999999761529,1.515500000000003,0.5829999999999984,0.6997000000476703,3.1977999999523092,2.2651000000238355,1.4661999999284774,1.2326000000238366,0.5662000000476723,0.599700000047676,0.6663999999761927,0.5325999999046189,0.7995000000000232,0.5992000000476878,0.7825000000000273,1.5321000000238314,0.6496000000238382,0.6998000000715479,0.732899999976155,0.7823999999761782,0.8160999999046226,0.5996000000238269]",-0.261111111,3.4369,0.0,76.0,76.0,184.0,1.0,ver,gver,question_gesture.png,im_hand.png,,,,,,
,,,773077,1,21,2023-10-02_18h03.03.243,flesh_expressibility_dutch,2022.2.4,Win32,59.85515054,,,,21.0,1.0,Nederlands,,,,,,Engels,0.0,,0.0,,0.0,,0.0,,0.0,,0.0,,0.0,,0.0,NL,7.0,2.0,2.0,1.0,,sensorypref2,1280.0,720.0,,,,,,,,,,,,,,,,,,,,,,,,,,,,,,,,,,,,19.0,341.1073,38.0,"[5.545599999904638,0.5664000000953706,1.3157000000476842,0.5500000000000114,0.5995000000000061,0.7827999999523172,2.5810000000000173,0.7166000000238455,0.5828999999761493,1.032600000023848,0.6996999999284697,0.5663999999761415,1.182899999976172,0.5995000000000061,0.6496000000238382,0.6163999999761529,1.515500000000003,0.5829999999999984,0.6996000000238496,3.1976999999284885,2.2651000000238355,1.4660999999046567,1.232500000000016,0.5659999999999741,0.599700000047676,0.6663999999761927,0.5323999999761782,0.7995000000000232,0.5992000000476878,0.7825000000000273,1.5321000000238314,0.6496000000238382,0.6998000000715479,0.7327999999523058,0.782299999952329,0.815899999976125,0.5994000000953861,0.5161999999284603]","[5.545799999952322,0.5664999999999907,1.3158000000715333,0.5500000000000114,0.5996000000238553,0.7828999999761663,2.581100000023838,0.7166000000238455,0.5829999999999984,1.0327000000476687,0.6996999999284697,0.5664999999999907,1.182899999976172,0.5995000000000061,0.6498000000715365,0.6163999999761529,1.515500000000003,0.5829999999999984,0.6997000000476703,3.1977999999523092,2.2651000000238355,1.4661999999284774,1.2326000000238366,0.5662000000476723,0.599700000047676,0.6663999999761927,0.5325999999046189,0.7995000000000232,0.5992000000476878,0.7825000000000273,1.5321000000238314,0.6496000000238382,0.6998000000715479,0.732899999976155,0.7823999999761782,0.8160999999046226,0.5996000000238269,0.5162999999523095]",0.188888889,2.9579,0.0,77.0,77.0,195.0,1.0,rook,grook,question_gesture.png,im_hand.png,,,,,,
,,,773077,1,21,2023-10-02_18h03.03.243,flesh_expressibility_dutch,2022.2.4,Win32,59.85515054,,,,21.0,1.0,Nederlands,,,,,,Engels,0.0,,0.0,,0.0,,0.0,,0.0,,0.0,,0.0,,0.0,NL,7.0,2.0,2.0,1.0,,sensorypref2,1280.0,720.0,,,,,,,,,,,,,,,,,,,,,,,,,,,,,,,,,,,,22.0,344.583,38.0,"[5.545599999904638,0.5664000000953706,1.3157000000476842,0.5500000000000114,0.5995000000000061,0.7827999999523172,2.5810000000000173,0.7166000000238455,0.5828999999761493,1.032600000023848,0.6996999999284697,0.5663999999761415,1.182899999976172,0.5995000000000061,0.6496000000238382,0.6163999999761529,1.515500000000003,0.5829999999999984,0.6996000000238496,3.1976999999284885,2.2651000000238355,1.4660999999046567,1.232500000000016,0.5659999999999741,0.599700000047676,0.6663999999761927,0.5323999999761782,0.7995000000000232,0.5992000000476878,0.7825000000000273,1.5321000000238314,0.6496000000238382,0.6998000000715479,0.7327999999523058,0.782299999952329,0.815899999976125,0.5994000000953861,0.5161999999284603]","[5.545799999952322,0.5664999999999907,1.3158000000715333,0.5500000000000114,0.5996000000238553,0.7828999999761663,2.581100000023838,0.7166000000238455,0.5829999999999984,1.0327000000476687,0.6996999999284697,0.5664999999999907,1.182899999976172,0.5995000000000061,0.6498000000715365,0.6163999999761529,1.515500000000003,0.5829999999999984,0.6997000000476703,3.1977999999523092,2.2651000000238355,1.4661999999284774,1.2326000000238366,0.5662000000476723,0.599700000047676,0.6663999999761927,0.5325999999046189,0.7995000000000232,0.5992000000476878,0.7825000000000273,1.5321000000238314,0.6496000000238382,0.6998000000715479,0.732899999976155,0.7823999999761782,0.8160999999046226,0.5996000000238269,0.5162999999523095]",,,0.0,78.0,78.0,111.0,1.0,rug,grug,question_gesture.png,im_hand.png,,,,,,
,,,773077,1,21,2023-10-02_18h03.03.243,flesh_expressibility_dutch,2022.2.4,Win32,59.85515054,,,,21.0,1.0,Nederlands,,,,,,Engels,0.0,,0.0,,0.0,,0.0,,0.0,,0.0,,0.0,,0.0,NL,7.0,2.0,2.0,1.0,,sensorypref2,1280.0,720.0,,,,,,,,,,,,,,,,,,,,,,,,,,,,,,,,,,,,22.0,345.5039,38.0,"[5.545599999904638,0.5664000000953706,1.3157000000476842,0.5500000000000114,0.5995000000000061,0.7827999999523172,2.5810000000000173,0.7166000000238455,0.5828999999761493,1.032600000023848,0.6996999999284697,0.5663999999761415,1.182899999976172,0.5995000000000061,0.6496000000238382,0.6163999999761529,1.515500000000003,0.5829999999999984,0.6996000000238496,3.1976999999284885,2.2651000000238355,1.4660999999046567,1.232500000000016,0.5659999999999741,0.599700000047676,0.6663999999761927,0.5323999999761782,0.7995000000000232,0.5992000000476878,0.7825000000000273,1.5321000000238314,0.6496000000238382,0.6998000000715479,0.7327999999523058,0.782299999952329,0.815899999976125,0.5994000000953861,0.5161999999284603]","[5.545799999952322,0.5664999999999907,1.3158000000715333,0.5500000000000114,0.5996000000238553,0.7828999999761663,2.581100000023838,0.7166000000238455,0.5829999999999984,1.0327000000476687,0.6996999999284697,0.5664999999999907,1.182899999976172,0.5995000000000061,0.6498000000715365,0.6163999999761529,1.515500000000003,0.5829999999999984,0.6997000000476703,3.1977999999523092,2.2651000000238355,1.4661999999284774,1.2326000000238366,0.5662000000476723,0.599700000047676,0.6663999999761927,0.5325999999046189,0.7995000000000232,0.5992000000476878,0.7825000000000273,1.5321000000238314,0.6496000000238382,0.6998000000715479,0.732899999976155,0.7823999999761782,0.8160999999046226,0.5996000000238269,0.5162999999523095]",,,0.0,79.0,79.0,170.0,1.0,groot,ggroot,question_gesture.png,im_hand.png,,,,,,
,,,773077,1,21,2023-10-02_18h03.03.243,flesh_expressibility_dutch,2022.2.4,Win32,59.85515054,,,,21.0,1.0,Nederlands,,,,,,Engels,0.0,,0.0,,0.0,,0.0,,0.0,,0.0,,0.0,,0.0,NL,7.0,2.0,2.0,1.0,,sensorypref2,1280.0,720.0,,,,,,,,,,,,,,,,,,,,,,,,,,,,,,,,,,,,22.0,346.5283,38.0,"[5.545599999904638,0.5664000000953706,1.3157000000476842,0.5500000000000114,0.5995000000000061,0.7827999999523172,2.5810000000000173,0.7166000000238455,0.5828999999761493,1.032600000023848,0.6996999999284697,0.5663999999761415,1.182899999976172,0.5995000000000061,0.6496000000238382,0.6163999999761529,1.515500000000003,0.5829999999999984,0.6996000000238496,3.1976999999284885,2.2651000000238355,1.4660999999046567,1.232500000000016,0.5659999999999741,0.599700000047676,0.6663999999761927,0.5323999999761782,0.7995000000000232,0.5992000000476878,0.7825000000000273,1.5321000000238314,0.6496000000238382,0.6998000000715479,0.7327999999523058,0.782299999952329,0.815899999976125,0.5994000000953861,0.5161999999284603]","[5.545799999952322,0.5664999999999907,1.3158000000715333,0.5500000000000114,0.5996000000238553,0.7828999999761663,2.581100000023838,0.7166000000238455,0.5829999999999984,1.0327000000476687,0.6996999999284697,0.5664999999999907,1.182899999976172,0.5995000000000061,0.6498000000715365,0.6163999999761529,1.515500000000003,0.5829999999999984,0.6997000000476703,3.1977999999523092,2.2651000000238355,1.4661999999284774,1.2326000000238366,0.5662000000476723,0.599700000047676,0.6663999999761927,0.5325999999046189,0.7995000000000232,0.5992000000476878,0.7825000000000273,1.5321000000238314,0.6496000000238382,0.6998000000715479,0.732899999976155,0.7823999999761782,0.8160999999046226,0.5996000000238269,0.5162999999523095]",,,0.0,80.0,80.0,161.0,1.0,horen,ghoren,question_gesture.png,im_hand.png,,,,,,
,,,773077,1,21,2023-10-02_18h03.03.243,flesh_expressibility_dutch,2022.2.4,Win32,59.85515054,,,,21.0,1.0,Nederlands,,,,,,Engels,0.0,,0.0,,0.0,,0.0,,0.0,,0.0,,0.0,,0.0,NL,7.0,2.0,2.0,1.0,,sensorypref2,1280.0,720.0,,,,,,,,,,,,,,,,,,,,,,,,,,,,,,,,,,,,21.0,347.5503,39.0,"[5.545599999904638,0.5664000000953706,1.3157000000476842,0.5500000000000114,0.5995000000000061,0.7827999999523172,2.5810000000000173,0.7166000000238455,0.5828999999761493,1.032600000023848,0.6996999999284697,0.5663999999761415,1.182899999976172,0.5995000000000061,0.6496000000238382,0.6163999999761529,1.515500000000003,0.5829999999999984,0.6996000000238496,3.1976999999284885,2.2651000000238355,1.4660999999046567,1.232500000000016,0.5659999999999741,0.599700000047676,0.6663999999761927,0.5323999999761782,0.7995000000000232,0.5992000000476878,0.7825000000000273,1.5321000000238314,0.6496000000238382,0.6998000000715479,0.7327999999523058,0.782299999952329,0.815899999976125,0.5994000000953861,0.5161999999284603,2.1816000000238773]","[5.545799999952322,0.5664999999999907,1.3158000000715333,0.5500000000000114,0.5996000000238553,0.7828999999761663,2.581100000023838,0.7166000000238455,0.5829999999999984,1.0327000000476687,0.6996999999284697,0.5664999999999907,1.182899999976172,0.5995000000000061,0.6498000000715365,0.6163999999761529,1.515500000000003,0.5829999999999984,0.6997000000476703,3.1977999999523092,2.2651000000238355,1.4661999999284774,1.2326000000238366,0.5662000000476723,0.599700000047676,0.6663999999761927,0.5325999999046189,0.7995000000000232,0.5992000000476878,0.7825000000000273,1.5321000000238314,0.6496000000238382,0.6998000000715479,0.732899999976155,0.7823999999761782,0.8160999999046226,0.5996000000238269,0.5162999999523095,2.1817000000476696]",-0.240740628,4.1239,0.0,81.0,81.0,31.0,1.0,zwak,gzwak,question_gesture.png,im_hand.png,,,,,,
,,,773077,1,21,2023-10-02_18h03.03.243,flesh_expressibility_dutch,2022.2.4,Win32,59.85515054,,,,21.0,1.0,Nederlands,,,,,,Engels,0.0,,0.0,,0.0,,0.0,,0.0,,0.0,,0.0,,0.0,NL,7.0,2.0,2.0,1.0,,sensorypref2,1280.0,720.0,,,,,,,,,,,,,,,,,,,,,,,,,,,,,,,,,,,,22.0,352.2655,39.0,"[5.545599999904638,0.5664000000953706,1.3157000000476842,0.5500000000000114,0.5995000000000061,0.7827999999523172,2.5810000000000173,0.7166000000238455,0.5828999999761493,1.032600000023848,0.6996999999284697,0.5663999999761415,1.182899999976172,0.5995000000000061,0.6496000000238382,0.6163999999761529,1.515500000000003,0.5829999999999984,0.6996000000238496,3.1976999999284885,2.2651000000238355,1.4660999999046567,1.232500000000016,0.5659999999999741,0.599700000047676,0.6663999999761927,0.5323999999761782,0.7995000000000232,0.5992000000476878,0.7825000000000273,1.5321000000238314,0.6496000000238382,0.6998000000715479,0.7327999999523058,0.782299999952329,0.815899999976125,0.5994000000953861,0.5161999999284603,2.1816000000238773]","[5.545799999952322,0.5664999999999907,1.3158000000715333,0.5500000000000114,0.5996000000238553,0.7828999999761663,2.581100000023838,0.7166000000238455,0.5829999999999984,1.0327000000476687,0.6996999999284697,0.5664999999999907,1.182899999976172,0.5995000000000061,0.6498000000715365,0.6163999999761529,1.515500000000003,0.5829999999999984,0.6997000000476703,3.1977999999523092,2.2651000000238355,1.4661999999284774,1.2326000000238366,0.5662000000476723,0.599700000047676,0.6663999999761927,0.5325999999046189,0.7995000000000232,0.5992000000476878,0.7825000000000273,1.5321000000238314,0.6496000000238382,0.6998000000715479,0.732899999976155,0.7823999999761782,0.8160999999046226,0.5996000000238269,0.5162999999523095,2.1817000000476696]",,,0.0,82.0,82.0,82.0,1.0,beneden,gbeneden,question_gesture.png,im_hand.png,,,,,,
,,,773077,1,21,2023-10-02_18h03.03.243,flesh_expressibility_dutch,2022.2.4,Win32,59.85515054,,,,21.0,1.0,Nederlands,,,,,,Engels,0.0,,0.0,,0.0,,0.0,,0.0,,0.0,,0.0,,0.0,NL,7.0,2.0,2.0,1.0,,sensorypref2,1280.0,720.0,,,,,,,,,,,,,,,,,,,,,,,,,,,,,,,,,,,,22.0,353.184,39.0,"[5.545599999904638,0.5664000000953706,1.3157000000476842,0.5500000000000114,0.5995000000000061,0.7827999999523172,2.5810000000000173,0.7166000000238455,0.5828999999761493,1.032600000023848,0.6996999999284697,0.5663999999761415,1.182899999976172,0.5995000000000061,0.6496000000238382,0.6163999999761529,1.515500000000003,0.5829999999999984,0.6996000000238496,3.1976999999284885,2.2651000000238355,1.4660999999046567,1.232500000000016,0.5659999999999741,0.599700000047676,0.6663999999761927,0.5323999999761782,0.7995000000000232,0.5992000000476878,0.7825000000000273,1.5321000000238314,0.6496000000238382,0.6998000000715479,0.7327999999523058,0.782299999952329,0.815899999976125,0.5994000000953861,0.5161999999284603,2.1816000000238773]","[5.545799999952322,0.5664999999999907,1.3158000000715333,0.5500000000000114,0.5996000000238553,0.7828999999761663,2.581100000023838,0.7166000000238455,0.5829999999999984,1.0327000000476687,0.6996999999284697,0.5664999999999907,1.182899999976172,0.5995000000000061,0.6498000000715365,0.6163999999761529,1.515500000000003,0.5829999999999984,0.6997000000476703,3.1977999999523092,2.2651000000238355,1.4661999999284774,1.2326000000238366,0.5662000000476723,0.599700000047676,0.6663999999761927,0.5325999999046189,0.7995000000000232,0.5992000000476878,0.7825000000000273,1.5321000000238314,0.6496000000238382,0.6998000000715479,0.732899999976155,0.7823999999761782,0.8160999999046226,0.5996000000238269,0.5162999999523095,2.1817000000476696]",,,0.0,83.0,83.0,122.0,1.0,lever,glever,question_gesture.png,im_hand.png,,,,,,
,,,773077,1,21,2023-10-02_18h03.03.243,flesh_expressibility_dutch,2022.2.4,Win32,59.85515054,,,,21.0,1.0,Nederlands,,,,,,Engels,0.0,,0.0,,0.0,,0.0,,0.0,,0.0,,0.0,,0.0,NL,7.0,2.0,2.0,1.0,,sensorypref2,1280.0,720.0,,,,,,,,,,,,,,,,,,,,,,,,,,,,,,,,,,,,22.0,354.2094,39.0,"[5.545599999904638,0.5664000000953706,1.3157000000476842,0.5500000000000114,0.5995000000000061,0.7827999999523172,2.5810000000000173,0.7166000000238455,0.5828999999761493,1.032600000023848,0.6996999999284697,0.5663999999761415,1.182899999976172,0.5995000000000061,0.6496000000238382,0.6163999999761529,1.515500000000003,0.5829999999999984,0.6996000000238496,3.1976999999284885,2.2651000000238355,1.4660999999046567,1.232500000000016,0.5659999999999741,0.599700000047676,0.6663999999761927,0.5323999999761782,0.7995000000000232,0.5992000000476878,0.7825000000000273,1.5321000000238314,0.6496000000238382,0.6998000000715479,0.7327999999523058,0.782299999952329,0.815899999976125,0.5994000000953861,0.5161999999284603,2.1816000000238773]","[5.545799999952322,0.5664999999999907,1.3158000000715333,0.5500000000000114,0.5996000000238553,0.7828999999761663,2.581100000023838,0.7166000000238455,0.5829999999999984,1.0327000000476687,0.6996999999284697,0.5664999999999907,1.182899999976172,0.5995000000000061,0.6498000000715365,0.6163999999761529,1.515500000000003,0.5829999999999984,0.6997000000476703,3.1977999999523092,2.2651000000238355,1.4661999999284774,1.2326000000238366,0.5662000000476723,0.599700000047676,0.6663999999761927,0.5325999999046189,0.7995000000000232,0.5992000000476878,0.7825000000000273,1.5321000000238314,0.6496000000238382,0.6998000000715479,0.732899999976155,0.7823999999761782,0.8160999999046226,0.5996000000238269,0.5162999999523095,2.1817000000476696]",,,0.0,84.0,84.0,152.0,1.0,eten,geten,question_gesture.png,im_hand.png,,,,,,
,,,773077,1,21,2023-10-02_18h03.03.243,flesh_expressibility_dutch,2022.2.4,Win32,59.85515054,,,,21.0,1.0,Nederlands,,,,,,Engels,0.0,,0.0,,0.0,,0.0,,0.0,,0.0,,0.0,,0.0,NL,7.0,2.0,2.0,1.0,,sensorypref2,1280.0,720.0,,,,,,,,,,,,,,,,,,,,,,,,,,,,,,,,,,,,22.0,355.1529,39.0,"[5.545599999904638,0.5664000000953706,1.3157000000476842,0.5500000000000114,0.5995000000000061,0.7827999999523172,2.5810000000000173,0.7166000000238455,0.5828999999761493,1.032600000023848,0.6996999999284697,0.5663999999761415,1.182899999976172,0.5995000000000061,0.6496000000238382,0.6163999999761529,1.515500000000003,0.5829999999999984,0.6996000000238496,3.1976999999284885,2.2651000000238355,1.4660999999046567,1.232500000000016,0.5659999999999741,0.599700000047676,0.6663999999761927,0.5323999999761782,0.7995000000000232,0.5992000000476878,0.7825000000000273,1.5321000000238314,0.6496000000238382,0.6998000000715479,0.7327999999523058,0.782299999952329,0.815899999976125,0.5994000000953861,0.5161999999284603,2.1816000000238773]","[5.545799999952322,0.5664999999999907,1.3158000000715333,0.5500000000000114,0.5996000000238553,0.7828999999761663,2.581100000023838,0.7166000000238455,0.5829999999999984,1.0327000000476687,0.6996999999284697,0.5664999999999907,1.182899999976172,0.5995000000000061,0.6498000000715365,0.6163999999761529,1.515500000000003,0.5829999999999984,0.6997000000476703,3.1977999999523092,2.2651000000238355,1.4661999999284774,1.2326000000238366,0.5662000000476723,0.599700000047676,0.6663999999761927,0.5325999999046189,0.7995000000000232,0.5992000000476878,0.7825000000000273,1.5321000000238314,0.6496000000238382,0.6998000000715479,0.732899999976155,0.7823999999761782,0.8160999999046226,0.5996000000238269,0.5162999999523095,2.1817000000476696]",,,0.0,85.0,85.0,39.0,1.0,verdrietig,gverdrietig,question_gesture.png,im_hand.png,,,,,,
,,,773077,1,21,2023-10-02_18h03.03.243,flesh_expressibility_dutch,2022.2.4,Win32,59.85515054,,,,21.0,1.0,Nederlands,,,,,,Engels,0.0,,0.0,,0.0,,0.0,,0.0,,0.0,,0.0,,0.0,NL,7.0,2.0,2.0,1.0,,sensorypref2,1280.0,720.0,,,,,,,,,,,,,,,,,,,,,,,,,,,,,,,,,,,,20.0,356.2599,40.0,"[5.545599999904638,0.5664000000953706,1.3157000000476842,0.5500000000000114,0.5995000000000061,0.7827999999523172,2.5810000000000173,0.7166000000238455,0.5828999999761493,1.032600000023848,0.6996999999284697,0.5663999999761415,1.182899999976172,0.5995000000000061,0.6496000000238382,0.6163999999761529,1.515500000000003,0.5829999999999984,0.6996000000238496,3.1976999999284885,2.2651000000238355,1.4660999999046567,1.232500000000016,0.5659999999999741,0.599700000047676,0.6663999999761927,0.5323999999761782,0.7995000000000232,0.5992000000476878,0.7825000000000273,1.5321000000238314,0.6496000000238382,0.6998000000715479,0.7327999999523058,0.782299999952329,0.815899999976125,0.5994000000953861,0.5161999999284603,2.1816000000238773,0.7492000000477219]","[5.545799999952322,0.5664999999999907,1.3158000000715333,0.5500000000000114,0.5996000000238553,0.7828999999761663,2.581100000023838,0.7166000000238455,0.5829999999999984,1.0327000000476687,0.6996999999284697,0.5664999999999907,1.182899999976172,0.5995000000000061,0.6498000000715365,0.6163999999761529,1.515500000000003,0.5829999999999984,0.6997000000476703,3.1977999999523092,2.2651000000238355,1.4661999999284774,1.2326000000238366,0.5662000000476723,0.599700000047676,0.6663999999761927,0.5325999999046189,0.7995000000000232,0.5992000000476878,0.7825000000000273,1.5321000000238314,0.6496000000238382,0.6998000000715479,0.732899999976155,0.7823999999761782,0.8160999999046226,0.5996000000238269,0.5162999999523095,2.1817000000476696,0.7492000000477219]",0.222222222,4.3489,0.0,86.0,86.0,140.0,1.0,staan,gstaan,question_gesture.png,im_hand.png,,,,,,
,,,773077,1,21,2023-10-02_18h03.03.243,flesh_expressibility_dutch,2022.2.4,Win32,59.85515054,,,,21.0,1.0,Nederlands,,,,,,Engels,0.0,,0.0,,0.0,,0.0,,0.0,,0.0,,0.0,,0.0,NL,7.0,2.0,2.0,1.0,,sensorypref2,1280.0,720.0,,,,,,,,,,,,,,,,,,,,,,,,,,,,,,3.0,"[109.14810000002385,197.42520000004768,369.7996000000238]","[109.1482000000477,197.42530000007153,369.79970000004766]",3.0,"[110.49589999997616,200.28889999997617,371.0325]","[110.49600000000001,200.28889999997617,371.0325999999046]",22.0,372.5376,40.0,"[5.545599999904638,0.5664000000953706,1.3157000000476842,0.5500000000000114,0.5995000000000061,0.7827999999523172,2.5810000000000173,0.7166000000238455,0.5828999999761493,1.032600000023848,0.6996999999284697,0.5663999999761415,1.182899999976172,0.5995000000000061,0.6496000000238382,0.6163999999761529,1.515500000000003,0.5829999999999984,0.6996000000238496,3.1976999999284885,2.2651000000238355,1.4660999999046567,1.232500000000016,0.5659999999999741,0.599700000047676,0.6663999999761927,0.5323999999761782,0.7995000000000232,0.5992000000476878,0.7825000000000273,1.5321000000238314,0.6496000000238382,0.6998000000715479,0.7327999999523058,0.782299999952329,0.815899999976125,0.5994000000953861,0.5161999999284603,2.1816000000238773,0.7492000000477219]","[5.545799999952322,0.5664999999999907,1.3158000000715333,0.5500000000000114,0.5996000000238553,0.7828999999761663,2.581100000023838,0.7166000000238455,0.5829999999999984,1.0327000000476687,0.6996999999284697,0.5664999999999907,1.182899999976172,0.5995000000000061,0.6498000000715365,0.6163999999761529,1.515500000000003,0.5829999999999984,0.6997000000476703,3.1977999999523092,2.2651000000238355,1.4661999999284774,1.2326000000238366,0.5662000000476723,0.599700000047676,0.6663999999761927,0.5325999999046189,0.7995000000000232,0.5992000000476878,0.7825000000000273,1.5321000000238314,0.6496000000238382,0.6998000000715479,0.732899999976155,0.7823999999761782,0.8160999999046226,0.5996000000238269,0.5162999999523095,2.1817000000476696,0.7492000000477219]",,,0.0,0.0,0.0,148.0,1.0,bijten,mbijten,question_multimodal.png,im_combination.png,,,,,,
,,,773077,1,21,2023-10-02_18h03.03.243,flesh_expressibility_dutch,2022.2.4,Win32,59.85515054,,,,21.0,1.0,Nederlands,,,,,,Engels,0.0,,0.0,,0.0,,0.0,,0.0,,0.0,,0.0,,0.0,NL,7.0,2.0,2.0,1.0,,sensorypref2,1280.0,720.0,,,,,,,,,,,,,,,,,,,,,,,,,,,,,,,,,,,,18.0,373.4629,41.0,"[5.545599999904638,0.5664000000953706,1.3157000000476842,0.5500000000000114,0.5995000000000061,0.7827999999523172,2.5810000000000173,0.7166000000238455,0.5828999999761493,1.032600000023848,0.6996999999284697,0.5663999999761415,1.182899999976172,0.5995000000000061,0.6496000000238382,0.6163999999761529,1.515500000000003,0.5829999999999984,0.6996000000238496,3.1976999999284885,2.2651000000238355,1.4660999999046567,1.232500000000016,0.5659999999999741,0.599700000047676,0.6663999999761927,0.5323999999761782,0.7995000000000232,0.5992000000476878,0.7825000000000273,1.5321000000238314,0.6496000000238382,0.6998000000715479,0.7327999999523058,0.782299999952329,0.815899999976125,0.5994000000953861,0.5161999999284603,2.1816000000238773,0.7492000000477219,0.5994999999999777]","[5.545799999952322,0.5664999999999907,1.3158000000715333,0.5500000000000114,0.5996000000238553,0.7828999999761663,2.581100000023838,0.7166000000238455,0.5829999999999984,1.0327000000476687,0.6996999999284697,0.5664999999999907,1.182899999976172,0.5995000000000061,0.6498000000715365,0.6163999999761529,1.515500000000003,0.5829999999999984,0.6997000000476703,3.1977999999523092,2.2651000000238355,1.4661999999284774,1.2326000000238366,0.5662000000476723,0.599700000047676,0.6663999999761927,0.5325999999046189,0.7995000000000232,0.5992000000476878,0.7825000000000273,1.5321000000238314,0.6496000000238382,0.6998000000715479,0.732899999976155,0.7823999999761782,0.8160999999046226,0.5996000000238269,0.5162999999523095,2.1817000000476696,0.7492000000477219,0.5996000000238269]",0.388888889,4.4391,0.0,1.0,1.0,7.0,1.0,kauwen,mkauwen,question_multimodal.png,im_combination.png,,,,,,
,,,773077,1,21,2023-10-02_18h03.03.243,flesh_expressibility_dutch,2022.2.4,Win32,59.85515054,,,,21.0,1.0,Nederlands,,,,,,Engels,0.0,,0.0,,0.0,,0.0,,0.0,,0.0,,0.0,,0.0,NL,7.0,2.0,2.0,1.0,,sensorypref2,1280.0,720.0,,,,,,,,,,,,,,,,,,,,,,,,,,,,,,,,,,,,22.0,378.4792,41.0,"[5.545599999904638,0.5664000000953706,1.3157000000476842,0.5500000000000114,0.5995000000000061,0.7827999999523172,2.5810000000000173,0.7166000000238455,0.5828999999761493,1.032600000023848,0.6996999999284697,0.5663999999761415,1.182899999976172,0.5995000000000061,0.6496000000238382,0.6163999999761529,1.515500000000003,0.5829999999999984,0.6996000000238496,3.1976999999284885,2.2651000000238355,1.4660999999046567,1.232500000000016,0.5659999999999741,0.599700000047676,0.6663999999761927,0.5323999999761782,0.7995000000000232,0.5992000000476878,0.7825000000000273,1.5321000000238314,0.6496000000238382,0.6998000000715479,0.7327999999523058,0.782299999952329,0.815899999976125,0.5994000000953861,0.5161999999284603,2.1816000000238773,0.7492000000477219,0.5994999999999777]","[5.545799999952322,0.5664999999999907,1.3158000000715333,0.5500000000000114,0.5996000000238553,0.7828999999761663,2.581100000023838,0.7166000000238455,0.5829999999999984,1.0327000000476687,0.6996999999284697,0.5664999999999907,1.182899999976172,0.5995000000000061,0.6498000000715365,0.6163999999761529,1.515500000000003,0.5829999999999984,0.6997000000476703,3.1977999999523092,2.2651000000238355,1.4661999999284774,1.2326000000238366,0.5662000000476723,0.599700000047676,0.6663999999761927,0.5325999999046189,0.7995000000000232,0.5992000000476878,0.7825000000000273,1.5321000000238314,0.6496000000238382,0.6998000000715479,0.732899999976155,0.7823999999761782,0.8160999999046226,0.5996000000238269,0.5162999999523095,2.1817000000476696,0.7492000000477219,0.5996000000238269]",,,0.0,2.0,2.0,137.0,1.0,vallen,mvallen,question_multimodal.png,im_combination.png,,,,,,
,,,773077,1,21,2023-10-02_18h03.03.243,flesh_expressibility_dutch,2022.2.4,Win32,59.85515054,,,,21.0,1.0,Nederlands,,,,,,Engels,0.0,,0.0,,0.0,,0.0,,0.0,,0.0,,0.0,,0.0,NL,7.0,2.0,2.0,1.0,,sensorypref2,1280.0,720.0,,,,,,,,,,,,,,,,,,,,,,,,,,,,,,,,,,,,22.0,379.3982,41.0,"[5.545599999904638,0.5664000000953706,1.3157000000476842,0.5500000000000114,0.5995000000000061,0.7827999999523172,2.5810000000000173,0.7166000000238455,0.5828999999761493,1.032600000023848,0.6996999999284697,0.5663999999761415,1.182899999976172,0.5995000000000061,0.6496000000238382,0.6163999999761529,1.515500000000003,0.5829999999999984,0.6996000000238496,3.1976999999284885,2.2651000000238355,1.4660999999046567,1.232500000000016,0.5659999999999741,0.599700000047676,0.6663999999761927,0.5323999999761782,0.7995000000000232,0.5992000000476878,0.7825000000000273,1.5321000000238314,0.6496000000238382,0.6998000000715479,0.7327999999523058,0.782299999952329,0.815899999976125,0.5994000000953861,0.5161999999284603,2.1816000000238773,0.7492000000477219,0.5994999999999777]","[5.545799999952322,0.5664999999999907,1.3158000000715333,0.5500000000000114,0.5996000000238553,0.7828999999761663,2.581100000023838,0.7166000000238455,0.5829999999999984,1.0327000000476687,0.6996999999284697,0.5664999999999907,1.182899999976172,0.5995000000000061,0.6498000000715365,0.6163999999761529,1.515500000000003,0.5829999999999984,0.6997000000476703,3.1977999999523092,2.2651000000238355,1.4661999999284774,1.2326000000238366,0.5662000000476723,0.599700000047676,0.6663999999761927,0.5325999999046189,0.7995000000000232,0.5992000000476878,0.7825000000000273,1.5321000000238314,0.6496000000238382,0.6998000000715479,0.732899999976155,0.7823999999761782,0.8160999999046226,0.5996000000238269,0.5162999999523095,2.1817000000476696,0.7492000000477219,0.5996000000238269]",,,0.0,3.0,3.0,170.0,1.0,groot,mgroot,question_multimodal.png,im_combination.png,,,,,,
,,,773077,1,21,2023-10-02_18h03.03.243,flesh_expressibility_dutch,2022.2.4,Win32,59.85515054,,,,21.0,1.0,Nederlands,,,,,,Engels,0.0,,0.0,,0.0,,0.0,,0.0,,0.0,,0.0,,0.0,NL,7.0,2.0,2.0,1.0,,sensorypref2,1280.0,720.0,,,,,,,,,,,,,,,,,,,,,,,,,,,,,,,,,,,,22.0,380.4241,41.0,"[5.545599999904638,0.5664000000953706,1.3157000000476842,0.5500000000000114,0.5995000000000061,0.7827999999523172,2.5810000000000173,0.7166000000238455,0.5828999999761493,1.032600000023848,0.6996999999284697,0.5663999999761415,1.182899999976172,0.5995000000000061,0.6496000000238382,0.6163999999761529,1.515500000000003,0.5829999999999984,0.6996000000238496,3.1976999999284885,2.2651000000238355,1.4660999999046567,1.232500000000016,0.5659999999999741,0.599700000047676,0.6663999999761927,0.5323999999761782,0.7995000000000232,0.5992000000476878,0.7825000000000273,1.5321000000238314,0.6496000000238382,0.6998000000715479,0.7327999999523058,0.782299999952329,0.815899999976125,0.5994000000953861,0.5161999999284603,2.1816000000238773,0.7492000000477219,0.5994999999999777]","[5.545799999952322,0.5664999999999907,1.3158000000715333,0.5500000000000114,0.5996000000238553,0.7828999999761663,2.581100000023838,0.7166000000238455,0.5829999999999984,1.0327000000476687,0.6996999999284697,0.5664999999999907,1.182899999976172,0.5995000000000061,0.6498000000715365,0.6163999999761529,1.515500000000003,0.5829999999999984,0.6997000000476703,3.1977999999523092,2.2651000000238355,1.4661999999284774,1.2326000000238366,0.5662000000476723,0.599700000047676,0.6663999999761927,0.5325999999046189,0.7995000000000232,0.5992000000476878,0.7825000000000273,1.5321000000238314,0.6496000000238382,0.6998000000715479,0.732899999976155,0.7823999999761782,0.8160999999046226,0.5996000000238269,0.5162999999523095,2.1817000000476696,0.7492000000477219,0.5996000000238269]",,,0.0,4.0,4.0,188.0,1.0,verstoppen,mverstoppen,question_multimodal.png,im_combination.png,,,,,,
,,,773077,1,21,2023-10-02_18h03.03.243,flesh_expressibility_dutch,2022.2.4,Win32,59.85515054,,,,21.0,1.0,Nederlands,,,,,,Engels,0.0,,0.0,,0.0,,0.0,,0.0,,0.0,,0.0,,0.0,NL,7.0,2.0,2.0,1.0,,sensorypref2,1280.0,720.0,,,,,,,,,,,,,,,,,,,,,,,,,,,,,,,,,,,,22.0,381.4225,41.0,"[5.545599999904638,0.5664000000953706,1.3157000000476842,0.5500000000000114,0.5995000000000061,0.7827999999523172,2.5810000000000173,0.7166000000238455,0.5828999999761493,1.032600000023848,0.6996999999284697,0.5663999999761415,1.182899999976172,0.5995000000000061,0.6496000000238382,0.6163999999761529,1.515500000000003,0.5829999999999984,0.6996000000238496,3.1976999999284885,2.2651000000238355,1.4660999999046567,1.232500000000016,0.5659999999999741,0.599700000047676,0.6663999999761927,0.5323999999761782,0.7995000000000232,0.5992000000476878,0.7825000000000273,1.5321000000238314,0.6496000000238382,0.6998000000715479,0.7327999999523058,0.782299999952329,0.815899999976125,0.5994000000953861,0.5161999999284603,2.1816000000238773,0.7492000000477219,0.5994999999999777]","[5.545799999952322,0.5664999999999907,1.3158000000715333,0.5500000000000114,0.5996000000238553,0.7828999999761663,2.581100000023838,0.7166000000238455,0.5829999999999984,1.0327000000476687,0.6996999999284697,0.5664999999999907,1.182899999976172,0.5995000000000061,0.6498000000715365,0.6163999999761529,1.515500000000003,0.5829999999999984,0.6997000000476703,3.1977999999523092,2.2651000000238355,1.4661999999284774,1.2326000000238366,0.5662000000476723,0.599700000047676,0.6663999999761927,0.5325999999046189,0.7995000000000232,0.5992000000476878,0.7825000000000273,1.5321000000238314,0.6496000000238382,0.6998000000715479,0.732899999976155,0.7823999999761782,0.8160999999046226,0.5996000000238269,0.5162999999523095,2.1817000000476696,0.7492000000477219,0.5996000000238269]",,,0.0,5.0,5.0,174.0,1.0,staart,mstaart,question_multimodal.png,im_combination.png,,,,,,
,,,773077,1,21,2023-10-02_18h03.03.243,flesh_expressibility_dutch,2022.2.4,Win32,59.85515054,,,,21.0,1.0,Nederlands,,,,,,Engels,0.0,,0.0,,0.0,,0.0,,0.0,,0.0,,0.0,,0.0,NL,7.0,2.0,2.0,1.0,,sensorypref2,1280.0,720.0,,,,,,,,,,,,,,,,,,,,,,,,,,,,,,,,,,,,22.0,382.4854,41.0,"[5.545599999904638,0.5664000000953706,1.3157000000476842,0.5500000000000114,0.5995000000000061,0.7827999999523172,2.5810000000000173,0.7166000000238455,0.5828999999761493,1.032600000023848,0.6996999999284697,0.5663999999761415,1.182899999976172,0.5995000000000061,0.6496000000238382,0.6163999999761529,1.515500000000003,0.5829999999999984,0.6996000000238496,3.1976999999284885,2.2651000000238355,1.4660999999046567,1.232500000000016,0.5659999999999741,0.599700000047676,0.6663999999761927,0.5323999999761782,0.7995000000000232,0.5992000000476878,0.7825000000000273,1.5321000000238314,0.6496000000238382,0.6998000000715479,0.7327999999523058,0.782299999952329,0.815899999976125,0.5994000000953861,0.5161999999284603,2.1816000000238773,0.7492000000477219,0.5994999999999777]","[5.545799999952322,0.5664999999999907,1.3158000000715333,0.5500000000000114,0.5996000000238553,0.7828999999761663,2.581100000023838,0.7166000000238455,0.5829999999999984,1.0327000000476687,0.6996999999284697,0.5664999999999907,1.182899999976172,0.5995000000000061,0.6498000000715365,0.6163999999761529,1.515500000000003,0.5829999999999984,0.6997000000476703,3.1977999999523092,2.2651000000238355,1.4661999999284774,1.2326000000238366,0.5662000000476723,0.599700000047676,0.6663999999761927,0.5325999999046189,0.7995000000000232,0.5992000000476878,0.7825000000000273,1.5321000000238314,0.6496000000238382,0.6998000000715479,0.732899999976155,0.7823999999761782,0.8160999999046226,0.5996000000238269,0.5162999999523095,2.1817000000476696,0.7492000000477219,0.5996000000238269]",,,0.0,6.0,6.0,175.0,1.0,dik,mdik,question_multimodal.png,im_combination.png,,,,,,
,,,773077,1,21,2023-10-02_18h03.03.243,flesh_expressibility_dutch,2022.2.4,Win32,59.85515054,,,,21.0,1.0,Nederlands,,,,,,Engels,0.0,,0.0,,0.0,,0.0,,0.0,,0.0,,0.0,,0.0,NL,7.0,2.0,2.0,1.0,,sensorypref2,1280.0,720.0,,,,,,,,,,,,,,,,,,,,,,,,,,,,,,,,,,,,21.0,383.3951,42.0,"[5.545599999904638,0.5664000000953706,1.3157000000476842,0.5500000000000114,0.5995000000000061,0.7827999999523172,2.5810000000000173,0.7166000000238455,0.5828999999761493,1.032600000023848,0.6996999999284697,0.5663999999761415,1.182899999976172,0.5995000000000061,0.6496000000238382,0.6163999999761529,1.515500000000003,0.5829999999999984,0.6996000000238496,3.1976999999284885,2.2651000000238355,1.4660999999046567,1.232500000000016,0.5659999999999741,0.599700000047676,0.6663999999761927,0.5323999999761782,0.7995000000000232,0.5992000000476878,0.7825000000000273,1.5321000000238314,0.6496000000238382,0.6998000000715479,0.7327999999523058,0.782299999952329,0.815899999976125,0.5994000000953861,0.5161999999284603,2.1816000000238773,0.7492000000477219,0.5994999999999777,0.6494999999999891]","[5.545799999952322,0.5664999999999907,1.3158000000715333,0.5500000000000114,0.5996000000238553,0.7828999999761663,2.581100000023838,0.7166000000238455,0.5829999999999984,1.0327000000476687,0.6996999999284697,0.5664999999999907,1.182899999976172,0.5995000000000061,0.6498000000715365,0.6163999999761529,1.515500000000003,0.5829999999999984,0.6997000000476703,3.1977999999523092,2.2651000000238355,1.4661999999284774,1.2326000000238366,0.5662000000476723,0.599700000047676,0.6663999999761927,0.5325999999046189,0.7995000000000232,0.5992000000476878,0.7825000000000273,1.5321000000238314,0.6496000000238382,0.6998000000715479,0.732899999976155,0.7823999999761782,0.8160999999046226,0.5996000000238269,0.5162999999523095,2.1817000000476696,0.7492000000477219,0.5996000000238269,0.6497000000476874]",-0.742592536,2.8452,0.0,7.0,7.0,189.0,1.0,as,mas,question_multimodal.png,im_combination.png,,,,,,
,,,773077,1,21,2023-10-02_18h03.03.243,flesh_expressibility_dutch,2022.2.4,Win32,59.85515054,,,,21.0,1.0,Nederlands,,,,,,Engels,0.0,,0.0,,0.0,,0.0,,0.0,,0.0,,0.0,,0.0,NL,7.0,2.0,2.0,1.0,,sensorypref2,1280.0,720.0,,,,,,,,,,,,,,,,,,,,,,,,,,,,,,,,,,,,22.0,386.874,42.0,"[5.545599999904638,0.5664000000953706,1.3157000000476842,0.5500000000000114,0.5995000000000061,0.7827999999523172,2.5810000000000173,0.7166000000238455,0.5828999999761493,1.032600000023848,0.6996999999284697,0.5663999999761415,1.182899999976172,0.5995000000000061,0.6496000000238382,0.6163999999761529,1.515500000000003,0.5829999999999984,0.6996000000238496,3.1976999999284885,2.2651000000238355,1.4660999999046567,1.232500000000016,0.5659999999999741,0.599700000047676,0.6663999999761927,0.5323999999761782,0.7995000000000232,0.5992000000476878,0.7825000000000273,1.5321000000238314,0.6496000000238382,0.6998000000715479,0.7327999999523058,0.782299999952329,0.815899999976125,0.5994000000953861,0.5161999999284603,2.1816000000238773,0.7492000000477219,0.5994999999999777,0.6494999999999891]","[5.545799999952322,0.5664999999999907,1.3158000000715333,0.5500000000000114,0.5996000000238553,0.7828999999761663,2.581100000023838,0.7166000000238455,0.5829999999999984,1.0327000000476687,0.6996999999284697,0.5664999999999907,1.182899999976172,0.5995000000000061,0.6498000000715365,0.6163999999761529,1.515500000000003,0.5829999999999984,0.6997000000476703,3.1977999999523092,2.2651000000238355,1.4661999999284774,1.2326000000238366,0.5662000000476723,0.599700000047676,0.6663999999761927,0.5325999999046189,0.7995000000000232,0.5992000000476878,0.7825000000000273,1.5321000000238314,0.6496000000238382,0.6998000000715479,0.732899999976155,0.7823999999761782,0.8160999999046226,0.5996000000238269,0.5162999999523095,2.1817000000476696,0.7492000000477219,0.5996000000238269,0.6497000000476874]",,,0.0,8.0,8.0,84.0,1.0,kort,mkort,question_multimodal.png,im_combination.png,,,,,,
,,,773077,1,21,2023-10-02_18h03.03.243,flesh_expressibility_dutch,2022.2.4,Win32,59.85515054,,,,21.0,1.0,Nederlands,,,,,,Engels,0.0,,0.0,,0.0,,0.0,,0.0,,0.0,,0.0,,0.0,NL,7.0,2.0,2.0,1.0,,sensorypref2,1280.0,720.0,,,,,,,,,,,,,,,,,,,,,,,,,,,,,,,,,,,,18.0,387.7985,43.0,"[5.545599999904638,0.5664000000953706,1.3157000000476842,0.5500000000000114,0.5995000000000061,0.7827999999523172,2.5810000000000173,0.7166000000238455,0.5828999999761493,1.032600000023848,0.6996999999284697,0.5663999999761415,1.182899999976172,0.5995000000000061,0.6496000000238382,0.6163999999761529,1.515500000000003,0.5829999999999984,0.6996000000238496,3.1976999999284885,2.2651000000238355,1.4660999999046567,1.232500000000016,0.5659999999999741,0.599700000047676,0.6663999999761927,0.5323999999761782,0.7995000000000232,0.5992000000476878,0.7825000000000273,1.5321000000238314,0.6496000000238382,0.6998000000715479,0.7327999999523058,0.782299999952329,0.815899999976125,0.5994000000953861,0.5161999999284603,2.1816000000238773,0.7492000000477219,0.5994999999999777,0.6494999999999891,0.9825000000000159]","[5.545799999952322,0.5664999999999907,1.3158000000715333,0.5500000000000114,0.5996000000238553,0.7828999999761663,2.581100000023838,0.7166000000238455,0.5829999999999984,1.0327000000476687,0.6996999999284697,0.5664999999999907,1.182899999976172,0.5995000000000061,0.6498000000715365,0.6163999999761529,1.515500000000003,0.5829999999999984,0.6997000000476703,3.1977999999523092,2.2651000000238355,1.4661999999284774,1.2326000000238366,0.5662000000476723,0.599700000047676,0.6663999999761927,0.5325999999046189,0.7995000000000232,0.5992000000476878,0.7825000000000273,1.5321000000238314,0.6496000000238382,0.6998000000715479,0.732899999976155,0.7823999999761782,0.8160999999046226,0.5996000000238269,0.5162999999523095,2.1817000000476696,0.7492000000477219,0.5996000000238269,0.6497000000476874,0.9825000000000159]",-0.470370314,6.8233,0.0,9.0,9.0,182.0,1.0,naam,mnaam,question_multimodal.png,im_combination.png,,,,,,
,,,773077,1,21,2023-10-02_18h03.03.243,flesh_expressibility_dutch,2022.2.4,Win32,59.85515054,,,,21.0,1.0,Nederlands,,,,,,Engels,0.0,,0.0,,0.0,,0.0,,0.0,,0.0,,0.0,,0.0,NL,7.0,2.0,2.0,1.0,,sensorypref2,1280.0,720.0,,,,,,,,,,,,,,,,,,,,,,,,,,,,,,,,,,,,22.0,395.4731,43.0,"[5.545599999904638,0.5664000000953706,1.3157000000476842,0.5500000000000114,0.5995000000000061,0.7827999999523172,2.5810000000000173,0.7166000000238455,0.5828999999761493,1.032600000023848,0.6996999999284697,0.5663999999761415,1.182899999976172,0.5995000000000061,0.6496000000238382,0.6163999999761529,1.515500000000003,0.5829999999999984,0.6996000000238496,3.1976999999284885,2.2651000000238355,1.4660999999046567,1.232500000000016,0.5659999999999741,0.599700000047676,0.6663999999761927,0.5323999999761782,0.7995000000000232,0.5992000000476878,0.7825000000000273,1.5321000000238314,0.6496000000238382,0.6998000000715479,0.7327999999523058,0.782299999952329,0.815899999976125,0.5994000000953861,0.5161999999284603,2.1816000000238773,0.7492000000477219,0.5994999999999777,0.6494999999999891,0.9825000000000159]","[5.545799999952322,0.5664999999999907,1.3158000000715333,0.5500000000000114,0.5996000000238553,0.7828999999761663,2.581100000023838,0.7166000000238455,0.5829999999999984,1.0327000000476687,0.6996999999284697,0.5664999999999907,1.182899999976172,0.5995000000000061,0.6498000000715365,0.6163999999761529,1.515500000000003,0.5829999999999984,0.6997000000476703,3.1977999999523092,2.2651000000238355,1.4661999999284774,1.2326000000238366,0.5662000000476723,0.599700000047676,0.6663999999761927,0.5325999999046189,0.7995000000000232,0.5992000000476878,0.7825000000000273,1.5321000000238314,0.6496000000238382,0.6998000000715479,0.732899999976155,0.7823999999761782,0.8160999999046226,0.5996000000238269,0.5162999999523095,2.1817000000476696,0.7492000000477219,0.5996000000238269,0.6497000000476874,0.9825000000000159]",,,0.0,10.0,10.0,122.0,1.0,lever,mlever,question_multimodal.png,im_combination.png,,,,,,
,,,773077,1,21,2023-10-02_18h03.03.243,flesh_expressibility_dutch,2022.2.4,Win32,59.85515054,,,,21.0,1.0,Nederlands,,,,,,Engels,0.0,,0.0,,0.0,,0.0,,0.0,,0.0,,0.0,,0.0,NL,7.0,2.0,2.0,1.0,,sensorypref2,1280.0,720.0,,,,,,,,,,,,,,,,,,,,,,,,,,,,,,,,,,,,22.0,396.5001,43.0,"[5.545599999904638,0.5664000000953706,1.3157000000476842,0.5500000000000114,0.5995000000000061,0.7827999999523172,2.5810000000000173,0.7166000000238455,0.5828999999761493,1.032600000023848,0.6996999999284697,0.5663999999761415,1.182899999976172,0.5995000000000061,0.6496000000238382,0.6163999999761529,1.515500000000003,0.5829999999999984,0.6996000000238496,3.1976999999284885,2.2651000000238355,1.4660999999046567,1.232500000000016,0.5659999999999741,0.599700000047676,0.6663999999761927,0.5323999999761782,0.7995000000000232,0.5992000000476878,0.7825000000000273,1.5321000000238314,0.6496000000238382,0.6998000000715479,0.7327999999523058,0.782299999952329,0.815899999976125,0.5994000000953861,0.5161999999284603,2.1816000000238773,0.7492000000477219,0.5994999999999777,0.6494999999999891,0.9825000000000159]","[5.545799999952322,0.5664999999999907,1.3158000000715333,0.5500000000000114,0.5996000000238553,0.7828999999761663,2.581100000023838,0.7166000000238455,0.5829999999999984,1.0327000000476687,0.6996999999284697,0.5664999999999907,1.182899999976172,0.5995000000000061,0.6498000000715365,0.6163999999761529,1.515500000000003,0.5829999999999984,0.6997000000476703,3.1977999999523092,2.2651000000238355,1.4661999999284774,1.2326000000238366,0.5662000000476723,0.599700000047676,0.6663999999761927,0.5325999999046189,0.7995000000000232,0.5992000000476878,0.7825000000000273,1.5321000000238314,0.6496000000238382,0.6998000000715479,0.732899999976155,0.7823999999761782,0.8160999999046226,0.5996000000238269,0.5162999999523095,2.1817000000476696,0.7492000000477219,0.5996000000238269,0.6497000000476874,0.9825000000000159]",,,0.0,11.0,11.0,138.0,1.0,gaan,mgaan,question_multimodal.png,im_combination.png,,,,,,
,,,773077,1,21,2023-10-02_18h03.03.243,flesh_expressibility_dutch,2022.2.4,Win32,59.85515054,,,,21.0,1.0,Nederlands,,,,,,Engels,0.0,,0.0,,0.0,,0.0,,0.0,,0.0,,0.0,,0.0,NL,7.0,2.0,2.0,1.0,,sensorypref2,1280.0,720.0,,,,,,,,,,,,,,,,,,,,,,,,,,,,,,,,,,,,18.0,397.5286,44.0,"[5.545599999904638,0.5664000000953706,1.3157000000476842,0.5500000000000114,0.5995000000000061,0.7827999999523172,2.5810000000000173,0.7166000000238455,0.5828999999761493,1.032600000023848,0.6996999999284697,0.5663999999761415,1.182899999976172,0.5995000000000061,0.6496000000238382,0.6163999999761529,1.515500000000003,0.5829999999999984,0.6996000000238496,3.1976999999284885,2.2651000000238355,1.4660999999046567,1.232500000000016,0.5659999999999741,0.599700000047676,0.6663999999761927,0.5323999999761782,0.7995000000000232,0.5992000000476878,0.7825000000000273,1.5321000000238314,0.6496000000238382,0.6998000000715479,0.7327999999523058,0.782299999952329,0.815899999976125,0.5994000000953861,0.5161999999284603,2.1816000000238773,0.7492000000477219,0.5994999999999777,0.6494999999999891,0.9825000000000159,0.5830000000000268]","[5.545799999952322,0.5664999999999907,1.3158000000715333,0.5500000000000114,0.5996000000238553,0.7828999999761663,2.581100000023838,0.7166000000238455,0.5829999999999984,1.0327000000476687,0.6996999999284697,0.5664999999999907,1.182899999976172,0.5995000000000061,0.6498000000715365,0.6163999999761529,1.515500000000003,0.5829999999999984,0.6997000000476703,3.1977999999523092,2.2651000000238355,1.4661999999284774,1.2326000000238366,0.5662000000476723,0.599700000047676,0.6663999999761927,0.5325999999046189,0.7995000000000232,0.5992000000476878,0.7825000000000273,1.5321000000238314,0.6496000000238382,0.6998000000715479,0.732899999976155,0.7823999999761782,0.8160999999046226,0.5996000000238269,0.5162999999523095,2.1817000000476696,0.7492000000477219,0.5996000000238269,0.6497000000476874,0.9825000000000159,0.5832000000477251]",0.418518575,3.0473,0.0,12.0,12.0,82.0,1.0,beneden,mbeneden,question_multimodal.png,im_combination.png,,,,,,
,,,773077,1,21,2023-10-02_18h03.03.243,flesh_expressibility_dutch,2022.2.4,Win32,59.85515054,,,,21.0,1.0,Nederlands,,,,,,Engels,0.0,,0.0,,0.0,,0.0,,0.0,,0.0,,0.0,,0.0,NL,7.0,2.0,2.0,1.0,,sensorypref2,1280.0,720.0,,,,,,,,,,,,,,,,,,,,,,,,,,,,,,,,,,,,20.0,400.9909,45.0,"[5.545599999904638,0.5664000000953706,1.3157000000476842,0.5500000000000114,0.5995000000000061,0.7827999999523172,2.5810000000000173,0.7166000000238455,0.5828999999761493,1.032600000023848,0.6996999999284697,0.5663999999761415,1.182899999976172,0.5995000000000061,0.6496000000238382,0.6163999999761529,1.515500000000003,0.5829999999999984,0.6996000000238496,3.1976999999284885,2.2651000000238355,1.4660999999046567,1.232500000000016,0.5659999999999741,0.599700000047676,0.6663999999761927,0.5323999999761782,0.7995000000000232,0.5992000000476878,0.7825000000000273,1.5321000000238314,0.6496000000238382,0.6998000000715479,0.7327999999523058,0.782299999952329,0.815899999976125,0.5994000000953861,0.5161999999284603,2.1816000000238773,0.7492000000477219,0.5994999999999777,0.6494999999999891,0.9825000000000159,0.5830000000000268,0.7493000000715142]","[5.545799999952322,0.5664999999999907,1.3158000000715333,0.5500000000000114,0.5996000000238553,0.7828999999761663,2.581100000023838,0.7166000000238455,0.5829999999999984,1.0327000000476687,0.6996999999284697,0.5664999999999907,1.182899999976172,0.5995000000000061,0.6498000000715365,0.6163999999761529,1.515500000000003,0.5829999999999984,0.6997000000476703,3.1977999999523092,2.2651000000238355,1.4661999999284774,1.2326000000238366,0.5662000000476723,0.599700000047676,0.6663999999761927,0.5325999999046189,0.7995000000000232,0.5992000000476878,0.7825000000000273,1.5321000000238314,0.6496000000238382,0.6998000000715479,0.732899999976155,0.7823999999761782,0.8160999999046226,0.5996000000238269,0.5162999999523095,2.1817000000476696,0.7492000000477219,0.5996000000238269,0.6497000000476874,0.9825000000000159,0.5832000000477251,0.7493000000715142]",0.581481595,2.5268,0.0,13.0,13.0,123.0,1.0,navel,mnavel,question_multimodal.png,im_combination.png,,,,,,
,,,773077,1,21,2023-10-02_18h03.03.243,flesh_expressibility_dutch,2022.2.4,Win32,59.85515054,,,,21.0,1.0,Nederlands,,,,,,Engels,0.0,,0.0,,0.0,,0.0,,0.0,,0.0,,0.0,,0.0,NL,7.0,2.0,2.0,1.0,,sensorypref2,1280.0,720.0,,,,,,,,,,,,,,,,,,,,,,,,,,,,,,,,,,,,22.0,404.2825,45.0,"[5.545599999904638,0.5664000000953706,1.3157000000476842,0.5500000000000114,0.5995000000000061,0.7827999999523172,2.5810000000000173,0.7166000000238455,0.5828999999761493,1.032600000023848,0.6996999999284697,0.5663999999761415,1.182899999976172,0.5995000000000061,0.6496000000238382,0.6163999999761529,1.515500000000003,0.5829999999999984,0.6996000000238496,3.1976999999284885,2.2651000000238355,1.4660999999046567,1.232500000000016,0.5659999999999741,0.599700000047676,0.6663999999761927,0.5323999999761782,0.7995000000000232,0.5992000000476878,0.7825000000000273,1.5321000000238314,0.6496000000238382,0.6998000000715479,0.7327999999523058,0.782299999952329,0.815899999976125,0.5994000000953861,0.5161999999284603,2.1816000000238773,0.7492000000477219,0.5994999999999777,0.6494999999999891,0.9825000000000159,0.5830000000000268,0.7493000000715142]","[5.545799999952322,0.5664999999999907,1.3158000000715333,0.5500000000000114,0.5996000000238553,0.7828999999761663,2.581100000023838,0.7166000000238455,0.5829999999999984,1.0327000000476687,0.6996999999284697,0.5664999999999907,1.182899999976172,0.5995000000000061,0.6498000000715365,0.6163999999761529,1.515500000000003,0.5829999999999984,0.6997000000476703,3.1977999999523092,2.2651000000238355,1.4661999999284774,1.2326000000238366,0.5662000000476723,0.599700000047676,0.6663999999761927,0.5325999999046189,0.7995000000000232,0.5992000000476878,0.7825000000000273,1.5321000000238314,0.6496000000238382,0.6998000000715479,0.732899999976155,0.7823999999761782,0.8160999999046226,0.5996000000238269,0.5162999999523095,2.1817000000476696,0.7492000000477219,0.5996000000238269,0.6497000000476874,0.9825000000000159,0.5832000000477251,0.7493000000715142]",,,0.0,14.0,14.0,147.0,1.0,knopen,mknopen,question_multimodal.png,im_combination.png,,,,,,
,,,773077,1,21,2023-10-02_18h03.03.243,flesh_expressibility_dutch,2022.2.4,Win32,59.85515054,,,,21.0,1.0,Nederlands,,,,,,Engels,0.0,,0.0,,0.0,,0.0,,0.0,,0.0,,0.0,,0.0,NL,7.0,2.0,2.0,1.0,,sensorypref2,1280.0,720.0,,,,,,,,,,,,,,,,,,,,,,,,,,,,,,,,,,,,22.0,405.3082,45.0,"[5.545599999904638,0.5664000000953706,1.3157000000476842,0.5500000000000114,0.5995000000000061,0.7827999999523172,2.5810000000000173,0.7166000000238455,0.5828999999761493,1.032600000023848,0.6996999999284697,0.5663999999761415,1.182899999976172,0.5995000000000061,0.6496000000238382,0.6163999999761529,1.515500000000003,0.5829999999999984,0.6996000000238496,3.1976999999284885,2.2651000000238355,1.4660999999046567,1.232500000000016,0.5659999999999741,0.599700000047676,0.6663999999761927,0.5323999999761782,0.7995000000000232,0.5992000000476878,0.7825000000000273,1.5321000000238314,0.6496000000238382,0.6998000000715479,0.7327999999523058,0.782299999952329,0.815899999976125,0.5994000000953861,0.5161999999284603,2.1816000000238773,0.7492000000477219,0.5994999999999777,0.6494999999999891,0.9825000000000159,0.5830000000000268,0.7493000000715142]","[5.545799999952322,0.5664999999999907,1.3158000000715333,0.5500000000000114,0.5996000000238553,0.7828999999761663,2.581100000023838,0.7166000000238455,0.5829999999999984,1.0327000000476687,0.6996999999284697,0.5664999999999907,1.182899999976172,0.5995000000000061,0.6498000000715365,0.6163999999761529,1.515500000000003,0.5829999999999984,0.6997000000476703,3.1977999999523092,2.2651000000238355,1.4661999999284774,1.2326000000238366,0.5662000000476723,0.599700000047676,0.6663999999761927,0.5325999999046189,0.7995000000000232,0.5992000000476878,0.7825000000000273,1.5321000000238314,0.6496000000238382,0.6998000000715479,0.732899999976155,0.7823999999761782,0.8160999999046226,0.5996000000238269,0.5162999999523095,2.1817000000476696,0.7492000000477219,0.5996000000238269,0.6497000000476874,0.9825000000000159,0.5832000000477251,0.7493000000715142]",,,0.0,15.0,15.0,157.0,1.0,wortel,mwortel,question_multimodal.png,im_combination.png,,,,,,
,,,773077,1,21,2023-10-02_18h03.03.243,flesh_expressibility_dutch,2022.2.4,Win32,59.85515054,,,,21.0,1.0,Nederlands,,,,,,Engels,0.0,,0.0,,0.0,,0.0,,0.0,,0.0,,0.0,,0.0,NL,7.0,2.0,2.0,1.0,,sensorypref2,1280.0,720.0,,,,,,,,,,,,,,,,,,,,,,,,,,,,,,,,,,,,20.0,406.2266,46.0,"[5.545599999904638,0.5664000000953706,1.3157000000476842,0.5500000000000114,0.5995000000000061,0.7827999999523172,2.5810000000000173,0.7166000000238455,0.5828999999761493,1.032600000023848,0.6996999999284697,0.5663999999761415,1.182899999976172,0.5995000000000061,0.6496000000238382,0.6163999999761529,1.515500000000003,0.5829999999999984,0.6996000000238496,3.1976999999284885,2.2651000000238355,1.4660999999046567,1.232500000000016,0.5659999999999741,0.599700000047676,0.6663999999761927,0.5323999999761782,0.7995000000000232,0.5992000000476878,0.7825000000000273,1.5321000000238314,0.6496000000238382,0.6998000000715479,0.7327999999523058,0.782299999952329,0.815899999976125,0.5994000000953861,0.5161999999284603,2.1816000000238773,0.7492000000477219,0.5994999999999777,0.6494999999999891,0.9825000000000159,0.5830000000000268,0.7493000000715142,0.6330000000000382]","[5.545799999952322,0.5664999999999907,1.3158000000715333,0.5500000000000114,0.5996000000238553,0.7828999999761663,2.581100000023838,0.7166000000238455,0.5829999999999984,1.0327000000476687,0.6996999999284697,0.5664999999999907,1.182899999976172,0.5995000000000061,0.6498000000715365,0.6163999999761529,1.515500000000003,0.5829999999999984,0.6997000000476703,3.1977999999523092,2.2651000000238355,1.4661999999284774,1.2326000000238366,0.5662000000476723,0.599700000047676,0.6663999999761927,0.5325999999046189,0.7995000000000232,0.5992000000476878,0.7825000000000273,1.5321000000238314,0.6496000000238382,0.6998000000715479,0.732899999976155,0.7823999999761782,0.8160999999046226,0.5996000000238269,0.5162999999523095,2.1817000000476696,0.7492000000477219,0.5996000000238269,0.6497000000476874,0.9825000000000159,0.5832000000477251,0.7493000000715142,0.6330000000000382]",-0.548148092,3.3757,0.0,16.0,16.0,113.0,1.0,bot (lichaam),mbot (lichaam),question_multimodal.png,im_combination.png,,,,,,
,,,773077,1,21,2023-10-02_18h03.03.243,flesh_expressibility_dutch,2022.2.4,Win32,59.85515054,,,,21.0,1.0,Nederlands,,,,,,Engels,0.0,,0.0,,0.0,,0.0,,0.0,,0.0,,0.0,,0.0,NL,7.0,2.0,2.0,1.0,,sensorypref2,1280.0,720.0,,,,,,,,,,,,,,,,,,,,,,,,,,,,,,,,,,,,22.0,410.1311,46.0,"[5.545599999904638,0.5664000000953706,1.3157000000476842,0.5500000000000114,0.5995000000000061,0.7827999999523172,2.5810000000000173,0.7166000000238455,0.5828999999761493,1.032600000023848,0.6996999999284697,0.5663999999761415,1.182899999976172,0.5995000000000061,0.6496000000238382,0.6163999999761529,1.515500000000003,0.5829999999999984,0.6996000000238496,3.1976999999284885,2.2651000000238355,1.4660999999046567,1.232500000000016,0.5659999999999741,0.599700000047676,0.6663999999761927,0.5323999999761782,0.7995000000000232,0.5992000000476878,0.7825000000000273,1.5321000000238314,0.6496000000238382,0.6998000000715479,0.7327999999523058,0.782299999952329,0.815899999976125,0.5994000000953861,0.5161999999284603,2.1816000000238773,0.7492000000477219,0.5994999999999777,0.6494999999999891,0.9825000000000159,0.5830000000000268,0.7493000000715142,0.6330000000000382]","[5.545799999952322,0.5664999999999907,1.3158000000715333,0.5500000000000114,0.5996000000238553,0.7828999999761663,2.581100000023838,0.7166000000238455,0.5829999999999984,1.0327000000476687,0.6996999999284697,0.5664999999999907,1.182899999976172,0.5995000000000061,0.6498000000715365,0.6163999999761529,1.515500000000003,0.5829999999999984,0.6997000000476703,3.1977999999523092,2.2651000000238355,1.4661999999284774,1.2326000000238366,0.5662000000476723,0.599700000047676,0.6663999999761927,0.5325999999046189,0.7995000000000232,0.5992000000476878,0.7825000000000273,1.5321000000238314,0.6496000000238382,0.6998000000715479,0.732899999976155,0.7823999999761782,0.8160999999046226,0.5996000000238269,0.5162999999523095,2.1817000000476696,0.7492000000477219,0.5996000000238269,0.6497000000476874,0.9825000000000159,0.5832000000477251,0.7493000000715142,0.6330000000000382]",,,0.0,17.0,17.0,144.0,1.0,geven,mgeven,question_multimodal.png,im_combination.png,,,,,,
,,,773077,1,21,2023-10-02_18h03.03.243,flesh_expressibility_dutch,2022.2.4,Win32,59.85515054,,,,21.0,1.0,Nederlands,,,,,,Engels,0.0,,0.0,,0.0,,0.0,,0.0,,0.0,,0.0,,0.0,NL,7.0,2.0,2.0,1.0,,sensorypref2,1280.0,720.0,,,,,,,,,,,,,,,,,,,,,,,,,,,,,,,,,,,,22.0,411.1417,46.0,"[5.545599999904638,0.5664000000953706,1.3157000000476842,0.5500000000000114,0.5995000000000061,0.7827999999523172,2.5810000000000173,0.7166000000238455,0.5828999999761493,1.032600000023848,0.6996999999284697,0.5663999999761415,1.182899999976172,0.5995000000000061,0.6496000000238382,0.6163999999761529,1.515500000000003,0.5829999999999984,0.6996000000238496,3.1976999999284885,2.2651000000238355,1.4660999999046567,1.232500000000016,0.5659999999999741,0.599700000047676,0.6663999999761927,0.5323999999761782,0.7995000000000232,0.5992000000476878,0.7825000000000273,1.5321000000238314,0.6496000000238382,0.6998000000715479,0.7327999999523058,0.782299999952329,0.815899999976125,0.5994000000953861,0.5161999999284603,2.1816000000238773,0.7492000000477219,0.5994999999999777,0.6494999999999891,0.9825000000000159,0.5830000000000268,0.7493000000715142,0.6330000000000382]","[5.545799999952322,0.5664999999999907,1.3158000000715333,0.5500000000000114,0.5996000000238553,0.7828999999761663,2.581100000023838,0.7166000000238455,0.5829999999999984,1.0327000000476687,0.6996999999284697,0.5664999999999907,1.182899999976172,0.5995000000000061,0.6498000000715365,0.6163999999761529,1.515500000000003,0.5829999999999984,0.6997000000476703,3.1977999999523092,2.2651000000238355,1.4661999999284774,1.2326000000238366,0.5662000000476723,0.599700000047676,0.6663999999761927,0.5325999999046189,0.7995000000000232,0.5992000000476878,0.7825000000000273,1.5321000000238314,0.6496000000238382,0.6998000000715479,0.732899999976155,0.7823999999761782,0.8160999999046226,0.5996000000238269,0.5162999999523095,2.1817000000476696,0.7492000000477219,0.5996000000238269,0.6497000000476874,0.9825000000000159,0.5832000000477251,0.7493000000715142,0.6330000000000382]",,,0.0,18.0,18.0,36.0,1.0,slecht,mslecht,question_multimodal.png,im_combination.png,,,,,,
,,,773077,1,21,2023-10-02_18h03.03.243,flesh_expressibility_dutch,2022.2.4,Win32,59.85515054,,,,21.0,1.0,Nederlands,,,,,,Engels,0.0,,0.0,,0.0,,0.0,,0.0,,0.0,,0.0,,0.0,NL,7.0,2.0,2.0,1.0,,sensorypref2,1280.0,720.0,,,,,,,,,,,,,,,,,,,,,,,,,,,,,,,,,,,,22.0,412.1655,46.0,"[5.545599999904638,0.5664000000953706,1.3157000000476842,0.5500000000000114,0.5995000000000061,0.7827999999523172,2.5810000000000173,0.7166000000238455,0.5828999999761493,1.032600000023848,0.6996999999284697,0.5663999999761415,1.182899999976172,0.5995000000000061,0.6496000000238382,0.6163999999761529,1.515500000000003,0.5829999999999984,0.6996000000238496,3.1976999999284885,2.2651000000238355,1.4660999999046567,1.232500000000016,0.5659999999999741,0.599700000047676,0.6663999999761927,0.5323999999761782,0.7995000000000232,0.5992000000476878,0.7825000000000273,1.5321000000238314,0.6496000000238382,0.6998000000715479,0.7327999999523058,0.782299999952329,0.815899999976125,0.5994000000953861,0.5161999999284603,2.1816000000238773,0.7492000000477219,0.5994999999999777,0.6494999999999891,0.9825000000000159,0.5830000000000268,0.7493000000715142,0.6330000000000382]","[5.545799999952322,0.5664999999999907,1.3158000000715333,0.5500000000000114,0.5996000000238553,0.7828999999761663,2.581100000023838,0.7166000000238455,0.5829999999999984,1.0327000000476687,0.6996999999284697,0.5664999999999907,1.182899999976172,0.5995000000000061,0.6498000000715365,0.6163999999761529,1.515500000000003,0.5829999999999984,0.6997000000476703,3.1977999999523092,2.2651000000238355,1.4661999999284774,1.2326000000238366,0.5662000000476723,0.599700000047676,0.6663999999761927,0.5325999999046189,0.7995000000000232,0.5992000000476878,0.7825000000000273,1.5321000000238314,0.6496000000238382,0.6998000000715479,0.732899999976155,0.7823999999761782,0.8160999999046226,0.5996000000238269,0.5162999999523095,2.1817000000476696,0.7492000000477219,0.5996000000238269,0.6497000000476874,0.9825000000000159,0.5832000000477251,0.7493000000715142,0.6330000000000382]",,,0.0,19.0,19.0,131.0,1.0,zand,mzand,question_multimodal.png,im_combination.png,,,,,,
,,,773077,1,21,2023-10-02_18h03.03.243,flesh_expressibility_dutch,2022.2.4,Win32,59.85515054,,,,21.0,1.0,Nederlands,,,,,,Engels,0.0,,0.0,,0.0,,0.0,,0.0,,0.0,,0.0,,0.0,NL,7.0,2.0,2.0,1.0,,sensorypref2,1280.0,720.0,,,,,,,,,,,,,,,,,,,,,,,,,,,,,,,,,,,,22.0,413.195,46.0,"[5.545599999904638,0.5664000000953706,1.3157000000476842,0.5500000000000114,0.5995000000000061,0.7827999999523172,2.5810000000000173,0.7166000000238455,0.5828999999761493,1.032600000023848,0.6996999999284697,0.5663999999761415,1.182899999976172,0.5995000000000061,0.6496000000238382,0.6163999999761529,1.515500000000003,0.5829999999999984,0.6996000000238496,3.1976999999284885,2.2651000000238355,1.4660999999046567,1.232500000000016,0.5659999999999741,0.599700000047676,0.6663999999761927,0.5323999999761782,0.7995000000000232,0.5992000000476878,0.7825000000000273,1.5321000000238314,0.6496000000238382,0.6998000000715479,0.7327999999523058,0.782299999952329,0.815899999976125,0.5994000000953861,0.5161999999284603,2.1816000000238773,0.7492000000477219,0.5994999999999777,0.6494999999999891,0.9825000000000159,0.5830000000000268,0.7493000000715142,0.6330000000000382]","[5.545799999952322,0.5664999999999907,1.3158000000715333,0.5500000000000114,0.5996000000238553,0.7828999999761663,2.581100000023838,0.7166000000238455,0.5829999999999984,1.0327000000476687,0.6996999999284697,0.5664999999999907,1.182899999976172,0.5995000000000061,0.6498000000715365,0.6163999999761529,1.515500000000003,0.5829999999999984,0.6997000000476703,3.1977999999523092,2.2651000000238355,1.4661999999284774,1.2326000000238366,0.5662000000476723,0.599700000047676,0.6663999999761927,0.5325999999046189,0.7995000000000232,0.5992000000476878,0.7825000000000273,1.5321000000238314,0.6496000000238382,0.6998000000715479,0.732899999976155,0.7823999999761782,0.8160999999046226,0.5996000000238269,0.5162999999523095,2.1817000000476696,0.7492000000477219,0.5996000000238269,0.6497000000476874,0.9825000000000159,0.5832000000477251,0.7493000000715142,0.6330000000000382]",,,0.0,20.0,20.0,193.0,1.0,huis,mhuis,question_multimodal.png,im_combination.png,,,,,,
,,,773077,1,21,2023-10-02_18h03.03.243,flesh_expressibility_dutch,2022.2.4,Win32,59.85515054,,,,21.0,1.0,Nederlands,,,,,,Engels,0.0,,0.0,,0.0,,0.0,,0.0,,0.0,,0.0,,0.0,NL,7.0,2.0,2.0,1.0,,sensorypref2,1280.0,720.0,,,,,,,,,,,,,,,,,,,,,,,,,,,,,,,,,,,,20.0,414.2133,47.0,"[5.545599999904638,0.5664000000953706,1.3157000000476842,0.5500000000000114,0.5995000000000061,0.7827999999523172,2.5810000000000173,0.7166000000238455,0.5828999999761493,1.032600000023848,0.6996999999284697,0.5663999999761415,1.182899999976172,0.5995000000000061,0.6496000000238382,0.6163999999761529,1.515500000000003,0.5829999999999984,0.6996000000238496,3.1976999999284885,2.2651000000238355,1.4660999999046567,1.232500000000016,0.5659999999999741,0.599700000047676,0.6663999999761927,0.5323999999761782,0.7995000000000232,0.5992000000476878,0.7825000000000273,1.5321000000238314,0.6496000000238382,0.6998000000715479,0.7327999999523058,0.782299999952329,0.815899999976125,0.5994000000953861,0.5161999999284603,2.1816000000238773,0.7492000000477219,0.5994999999999777,0.6494999999999891,0.9825000000000159,0.5830000000000268,0.7493000000715142,0.6330000000000382,0.7659999999999627]","[5.545799999952322,0.5664999999999907,1.3158000000715333,0.5500000000000114,0.5996000000238553,0.7828999999761663,2.581100000023838,0.7166000000238455,0.5829999999999984,1.0327000000476687,0.6996999999284697,0.5664999999999907,1.182899999976172,0.5995000000000061,0.6498000000715365,0.6163999999761529,1.515500000000003,0.5829999999999984,0.6997000000476703,3.1977999999523092,2.2651000000238355,1.4661999999284774,1.2326000000238366,0.5662000000476723,0.599700000047676,0.6663999999761927,0.5325999999046189,0.7995000000000232,0.5992000000476878,0.7825000000000273,1.5321000000238314,0.6496000000238382,0.6998000000715479,0.732899999976155,0.7823999999761782,0.8160999999046226,0.5996000000238269,0.5162999999523095,2.1817000000476696,0.7492000000477219,0.5996000000238269,0.6497000000476874,0.9825000000000159,0.5832000000477251,0.7493000000715142,0.6330000000000382,0.7659999999999627]",-0.696296268,3.1427,0.0,21.0,21.0,198.0,1.0,nieuw,mnieuw,question_multimodal.png,im_combination.png,,,,,,
,,,773077,1,21,2023-10-02_18h03.03.243,flesh_expressibility_dutch,2022.2.4,Win32,59.85515054,,,,21.0,1.0,Nederlands,,,,,,Engels,0.0,,0.0,,0.0,,0.0,,0.0,,0.0,,0.0,,0.0,NL,7.0,2.0,2.0,1.0,,sensorypref2,1280.0,720.0,,,,,,,,,,,,,,,,,,,,,,,,,,,,,,,,,,,,22.0,418.0039,47.0,"[5.545599999904638,0.5664000000953706,1.3157000000476842,0.5500000000000114,0.5995000000000061,0.7827999999523172,2.5810000000000173,0.7166000000238455,0.5828999999761493,1.032600000023848,0.6996999999284697,0.5663999999761415,1.182899999976172,0.5995000000000061,0.6496000000238382,0.6163999999761529,1.515500000000003,0.5829999999999984,0.6996000000238496,3.1976999999284885,2.2651000000238355,1.4660999999046567,1.232500000000016,0.5659999999999741,0.599700000047676,0.6663999999761927,0.5323999999761782,0.7995000000000232,0.5992000000476878,0.7825000000000273,1.5321000000238314,0.6496000000238382,0.6998000000715479,0.7327999999523058,0.782299999952329,0.815899999976125,0.5994000000953861,0.5161999999284603,2.1816000000238773,0.7492000000477219,0.5994999999999777,0.6494999999999891,0.9825000000000159,0.5830000000000268,0.7493000000715142,0.6330000000000382,0.7659999999999627]","[5.545799999952322,0.5664999999999907,1.3158000000715333,0.5500000000000114,0.5996000000238553,0.7828999999761663,2.581100000023838,0.7166000000238455,0.5829999999999984,1.0327000000476687,0.6996999999284697,0.5664999999999907,1.182899999976172,0.5995000000000061,0.6498000000715365,0.6163999999761529,1.515500000000003,0.5829999999999984,0.6997000000476703,3.1977999999523092,2.2651000000238355,1.4661999999284774,1.2326000000238366,0.5662000000476723,0.599700000047676,0.6663999999761927,0.5325999999046189,0.7995000000000232,0.5992000000476878,0.7825000000000273,1.5321000000238314,0.6496000000238382,0.6998000000715479,0.732899999976155,0.7823999999761782,0.8160999999046226,0.5996000000238269,0.5162999999523095,2.1817000000476696,0.7492000000477219,0.5996000000238269,0.6497000000476874,0.9825000000000159,0.5832000000477251,0.7493000000715142,0.6330000000000382,0.7659999999999627]",,,0.0,22.0,22.0,134.0,1.0,water,mwater,question_multimodal.png,im_combination.png,,,,,,
,,,773077,1,21,2023-10-02_18h03.03.243,flesh_expressibility_dutch,2022.2.4,Win32,59.85515054,,,,21.0,1.0,Nederlands,,,,,,Engels,0.0,,0.0,,0.0,,0.0,,0.0,,0.0,,0.0,,0.0,NL,7.0,2.0,2.0,1.0,,sensorypref2,1280.0,720.0,,,,,,,,,,,,,,,,,,,,,,,,,,,,,,,,,,,,22.0,419.0294,47.0,"[5.545599999904638,0.5664000000953706,1.3157000000476842,0.5500000000000114,0.5995000000000061,0.7827999999523172,2.5810000000000173,0.7166000000238455,0.5828999999761493,1.032600000023848,0.6996999999284697,0.5663999999761415,1.182899999976172,0.5995000000000061,0.6496000000238382,0.6163999999761529,1.515500000000003,0.5829999999999984,0.6996000000238496,3.1976999999284885,2.2651000000238355,1.4660999999046567,1.232500000000016,0.5659999999999741,0.599700000047676,0.6663999999761927,0.5323999999761782,0.7995000000000232,0.5992000000476878,0.7825000000000273,1.5321000000238314,0.6496000000238382,0.6998000000715479,0.7327999999523058,0.782299999952329,0.815899999976125,0.5994000000953861,0.5161999999284603,2.1816000000238773,0.7492000000477219,0.5994999999999777,0.6494999999999891,0.9825000000000159,0.5830000000000268,0.7493000000715142,0.6330000000000382,0.7659999999999627]","[5.545799999952322,0.5664999999999907,1.3158000000715333,0.5500000000000114,0.5996000000238553,0.7828999999761663,2.581100000023838,0.7166000000238455,0.5829999999999984,1.0327000000476687,0.6996999999284697,0.5664999999999907,1.182899999976172,0.5995000000000061,0.6498000000715365,0.6163999999761529,1.515500000000003,0.5829999999999984,0.6997000000476703,3.1977999999523092,2.2651000000238355,1.4661999999284774,1.2326000000238366,0.5662000000476723,0.599700000047676,0.6663999999761927,0.5325999999046189,0.7995000000000232,0.5992000000476878,0.7825000000000273,1.5321000000238314,0.6496000000238382,0.6998000000715479,0.732899999976155,0.7823999999761782,0.8160999999046226,0.5996000000238269,0.5162999999523095,2.1817000000476696,0.7492000000477219,0.5996000000238269,0.6497000000476874,0.9825000000000159,0.5832000000477251,0.7493000000715142,0.6330000000000382,0.7659999999999627]",,,0.0,23.0,23.0,89.0,1.0,jagen,mjagen,question_multimodal.png,im_combination.png,,,,,,
,,,773077,1,21,2023-10-02_18h03.03.243,flesh_expressibility_dutch,2022.2.4,Win32,59.85515054,,,,21.0,1.0,Nederlands,,,,,,Engels,0.0,,0.0,,0.0,,0.0,,0.0,,0.0,,0.0,,0.0,NL,7.0,2.0,2.0,1.0,,sensorypref2,1280.0,720.0,,,,,,,,,,,,,,,,,,,,,,,,,,,,,,,,,,,,22.0,419.9484,47.0,"[5.545599999904638,0.5664000000953706,1.3157000000476842,0.5500000000000114,0.5995000000000061,0.7827999999523172,2.5810000000000173,0.7166000000238455,0.5828999999761493,1.032600000023848,0.6996999999284697,0.5663999999761415,1.182899999976172,0.5995000000000061,0.6496000000238382,0.6163999999761529,1.515500000000003,0.5829999999999984,0.6996000000238496,3.1976999999284885,2.2651000000238355,1.4660999999046567,1.232500000000016,0.5659999999999741,0.599700000047676,0.6663999999761927,0.5323999999761782,0.7995000000000232,0.5992000000476878,0.7825000000000273,1.5321000000238314,0.6496000000238382,0.6998000000715479,0.7327999999523058,0.782299999952329,0.815899999976125,0.5994000000953861,0.5161999999284603,2.1816000000238773,0.7492000000477219,0.5994999999999777,0.6494999999999891,0.9825000000000159,0.5830000000000268,0.7493000000715142,0.6330000000000382,0.7659999999999627]","[5.545799999952322,0.5664999999999907,1.3158000000715333,0.5500000000000114,0.5996000000238553,0.7828999999761663,2.581100000023838,0.7166000000238455,0.5829999999999984,1.0327000000476687,0.6996999999284697,0.5664999999999907,1.182899999976172,0.5995000000000061,0.6498000000715365,0.6163999999761529,1.515500000000003,0.5829999999999984,0.6997000000476703,3.1977999999523092,2.2651000000238355,1.4661999999284774,1.2326000000238366,0.5662000000476723,0.599700000047676,0.6663999999761927,0.5325999999046189,0.7995000000000232,0.5992000000476878,0.7825000000000273,1.5321000000238314,0.6496000000238382,0.6998000000715479,0.732899999976155,0.7823999999761782,0.8160999999046226,0.5996000000238269,0.5162999999523095,2.1817000000476696,0.7492000000477219,0.5996000000238269,0.6497000000476874,0.9825000000000159,0.5832000000477251,0.7493000000715142,0.6330000000000382,0.7659999999999627]",,,0.0,24.0,24.0,129.0,1.0,goed,mgoed,question_multimodal.png,im_combination.png,,,,,,
,,,773077,1,21,2023-10-02_18h03.03.243,flesh_expressibility_dutch,2022.2.4,Win32,59.85515054,,,,21.0,1.0,Nederlands,,,,,,Engels,0.0,,0.0,,0.0,,0.0,,0.0,,0.0,,0.0,,0.0,NL,7.0,2.0,2.0,1.0,,sensorypref2,1280.0,720.0,,,,,,,,,,,,,,,,,,,,,,,,,,,,,,,,,,,,22.0,421.0753,47.0,"[5.545599999904638,0.5664000000953706,1.3157000000476842,0.5500000000000114,0.5995000000000061,0.7827999999523172,2.5810000000000173,0.7166000000238455,0.5828999999761493,1.032600000023848,0.6996999999284697,0.5663999999761415,1.182899999976172,0.5995000000000061,0.6496000000238382,0.6163999999761529,1.515500000000003,0.5829999999999984,0.6996000000238496,3.1976999999284885,2.2651000000238355,1.4660999999046567,1.232500000000016,0.5659999999999741,0.599700000047676,0.6663999999761927,0.5323999999761782,0.7995000000000232,0.5992000000476878,0.7825000000000273,1.5321000000238314,0.6496000000238382,0.6998000000715479,0.7327999999523058,0.782299999952329,0.815899999976125,0.5994000000953861,0.5161999999284603,2.1816000000238773,0.7492000000477219,0.5994999999999777,0.6494999999999891,0.9825000000000159,0.5830000000000268,0.7493000000715142,0.6330000000000382,0.7659999999999627]","[5.545799999952322,0.5664999999999907,1.3158000000715333,0.5500000000000114,0.5996000000238553,0.7828999999761663,2.581100000023838,0.7166000000238455,0.5829999999999984,1.0327000000476687,0.6996999999284697,0.5664999999999907,1.182899999976172,0.5995000000000061,0.6498000000715365,0.6163999999761529,1.515500000000003,0.5829999999999984,0.6997000000476703,3.1977999999523092,2.2651000000238355,1.4661999999284774,1.2326000000238366,0.5662000000476723,0.599700000047676,0.6663999999761927,0.5325999999046189,0.7995000000000232,0.5992000000476878,0.7825000000000273,1.5321000000238314,0.6496000000238382,0.6998000000715479,0.732899999976155,0.7823999999761782,0.8160999999046226,0.5996000000238269,0.5162999999523095,2.1817000000476696,0.7492000000477219,0.5996000000238269,0.6497000000476874,0.9825000000000159,0.5832000000477251,0.7493000000715142,0.6330000000000382,0.7659999999999627]",,,0.0,25.0,25.0,92.0,1.0,heet,mheet,question_multimodal.png,im_combination.png,,,,,,
,,,773077,1,21,2023-10-02_18h03.03.243,flesh_expressibility_dutch,2022.2.4,Win32,59.85515054,,,,21.0,1.0,Nederlands,,,,,,Engels,0.0,,0.0,,0.0,,0.0,,0.0,,0.0,,0.0,,0.0,NL,7.0,2.0,2.0,1.0,,sensorypref2,1280.0,720.0,,,,,,,,,,,,,,,,,,,,,,,,,,,,,,,,,,,,22.0,422.3044,47.0,"[5.545599999904638,0.5664000000953706,1.3157000000476842,0.5500000000000114,0.5995000000000061,0.7827999999523172,2.5810000000000173,0.7166000000238455,0.5828999999761493,1.032600000023848,0.6996999999284697,0.5663999999761415,1.182899999976172,0.5995000000000061,0.6496000000238382,0.6163999999761529,1.515500000000003,0.5829999999999984,0.6996000000238496,3.1976999999284885,2.2651000000238355,1.4660999999046567,1.232500000000016,0.5659999999999741,0.599700000047676,0.6663999999761927,0.5323999999761782,0.7995000000000232,0.5992000000476878,0.7825000000000273,1.5321000000238314,0.6496000000238382,0.6998000000715479,0.7327999999523058,0.782299999952329,0.815899999976125,0.5994000000953861,0.5161999999284603,2.1816000000238773,0.7492000000477219,0.5994999999999777,0.6494999999999891,0.9825000000000159,0.5830000000000268,0.7493000000715142,0.6330000000000382,0.7659999999999627]","[5.545799999952322,0.5664999999999907,1.3158000000715333,0.5500000000000114,0.5996000000238553,0.7828999999761663,2.581100000023838,0.7166000000238455,0.5829999999999984,1.0327000000476687,0.6996999999284697,0.5664999999999907,1.182899999976172,0.5995000000000061,0.6498000000715365,0.6163999999761529,1.515500000000003,0.5829999999999984,0.6997000000476703,3.1977999999523092,2.2651000000238355,1.4661999999284774,1.2326000000238366,0.5662000000476723,0.599700000047676,0.6663999999761927,0.5325999999046189,0.7995000000000232,0.5992000000476878,0.7825000000000273,1.5321000000238314,0.6496000000238382,0.6998000000715479,0.732899999976155,0.7823999999761782,0.8160999999046226,0.5996000000238269,0.5162999999523095,2.1817000000476696,0.7492000000477219,0.5996000000238269,0.6497000000476874,0.9825000000000159,0.5832000000477251,0.7493000000715142,0.6330000000000382,0.7659999999999627]",,,0.0,26.0,26.0,47.0,1.0,kruipen,mkruipen,question_multimodal.png,im_combination.png,,,,,,
,,,773077,1,21,2023-10-02_18h03.03.243,flesh_expressibility_dutch,2022.2.4,Win32,59.85515054,,,,21.0,1.0,Nederlands,,,,,,Engels,0.0,,0.0,,0.0,,0.0,,0.0,,0.0,,0.0,,0.0,NL,7.0,2.0,2.0,1.0,,sensorypref2,1280.0,720.0,,,,,,,,,,,,,,,,,,,,,,,,,,,,,,,,,,,,22.0,423.1244,47.0,"[5.545599999904638,0.5664000000953706,1.3157000000476842,0.5500000000000114,0.5995000000000061,0.7827999999523172,2.5810000000000173,0.7166000000238455,0.5828999999761493,1.032600000023848,0.6996999999284697,0.5663999999761415,1.182899999976172,0.5995000000000061,0.6496000000238382,0.6163999999761529,1.515500000000003,0.5829999999999984,0.6996000000238496,3.1976999999284885,2.2651000000238355,1.4660999999046567,1.232500000000016,0.5659999999999741,0.599700000047676,0.6663999999761927,0.5323999999761782,0.7995000000000232,0.5992000000476878,0.7825000000000273,1.5321000000238314,0.6496000000238382,0.6998000000715479,0.7327999999523058,0.782299999952329,0.815899999976125,0.5994000000953861,0.5161999999284603,2.1816000000238773,0.7492000000477219,0.5994999999999777,0.6494999999999891,0.9825000000000159,0.5830000000000268,0.7493000000715142,0.6330000000000382,0.7659999999999627]","[5.545799999952322,0.5664999999999907,1.3158000000715333,0.5500000000000114,0.5996000000238553,0.7828999999761663,2.581100000023838,0.7166000000238455,0.5829999999999984,1.0327000000476687,0.6996999999284697,0.5664999999999907,1.182899999976172,0.5995000000000061,0.6498000000715365,0.6163999999761529,1.515500000000003,0.5829999999999984,0.6997000000476703,3.1977999999523092,2.2651000000238355,1.4661999999284774,1.2326000000238366,0.5662000000476723,0.599700000047676,0.6663999999761927,0.5325999999046189,0.7995000000000232,0.5992000000476878,0.7825000000000273,1.5321000000238314,0.6496000000238382,0.6998000000715479,0.732899999976155,0.7823999999761782,0.8160999999046226,0.5996000000238269,0.5162999999523095,2.1817000000476696,0.7492000000477219,0.5996000000238269,0.6497000000476874,0.9825000000000159,0.5832000000477251,0.7493000000715142,0.6330000000000382,0.7659999999999627]",,,0.0,27.0,27.0,200.0,1.0,oud,moud,question_multimodal.png,im_combination.png,,,,,,
,,,773077,1,21,2023-10-02_18h03.03.243,flesh_expressibility_dutch,2022.2.4,Win32,59.85515054,,,,21.0,1.0,Nederlands,,,,,,Engels,0.0,,0.0,,0.0,,0.0,,0.0,,0.0,,0.0,,0.0,NL,7.0,2.0,2.0,1.0,,sensorypref2,1280.0,720.0,,,,,,,,,,,,,,,,,,,,,,,,,,,,,,,,,,,,18.0,424.134,48.0,"[5.545599999904638,0.5664000000953706,1.3157000000476842,0.5500000000000114,0.5995000000000061,0.7827999999523172,2.5810000000000173,0.7166000000238455,0.5828999999761493,1.032600000023848,0.6996999999284697,0.5663999999761415,1.182899999976172,0.5995000000000061,0.6496000000238382,0.6163999999761529,1.515500000000003,0.5829999999999984,0.6996000000238496,3.1976999999284885,2.2651000000238355,1.4660999999046567,1.232500000000016,0.5659999999999741,0.599700000047676,0.6663999999761927,0.5323999999761782,0.7995000000000232,0.5992000000476878,0.7825000000000273,1.5321000000238314,0.6496000000238382,0.6998000000715479,0.7327999999523058,0.782299999952329,0.815899999976125,0.5994000000953861,0.5161999999284603,2.1816000000238773,0.7492000000477219,0.5994999999999777,0.6494999999999891,0.9825000000000159,0.5830000000000268,0.7493000000715142,0.6330000000000382,0.7659999999999627,0.6661999999284944]","[5.545799999952322,0.5664999999999907,1.3158000000715333,0.5500000000000114,0.5996000000238553,0.7828999999761663,2.581100000023838,0.7166000000238455,0.5829999999999984,1.0327000000476687,0.6996999999284697,0.5664999999999907,1.182899999976172,0.5995000000000061,0.6498000000715365,0.6163999999761529,1.515500000000003,0.5829999999999984,0.6997000000476703,3.1977999999523092,2.2651000000238355,1.4661999999284774,1.2326000000238366,0.5662000000476723,0.599700000047676,0.6663999999761927,0.5325999999046189,0.7995000000000232,0.5992000000476878,0.7825000000000273,1.5321000000238314,0.6496000000238382,0.6998000000715479,0.732899999976155,0.7823999999761782,0.8160999999046226,0.5996000000238269,0.5162999999523095,2.1817000000476696,0.7492000000477219,0.5996000000238269,0.6497000000476874,0.9825000000000159,0.5832000000477251,0.7493000000715142,0.6330000000000382,0.7659999999999627,0.6661999999284944]",-0.8,2.5873,0.0,28.0,28.0,163.0,1.0,zout,mzout,question_multimodal.png,im_combination.png,,,,,,
,,,773077,1,21,2023-10-02_18h03.03.243,flesh_expressibility_dutch,2022.2.4,Win32,59.85515054,,,,21.0,1.0,Nederlands,,,,,,Engels,0.0,,0.0,,0.0,,0.0,,0.0,,0.0,,0.0,,0.0,NL,7.0,2.0,2.0,1.0,,sensorypref2,1280.0,720.0,,,,,,,,,,,,,,,,,,,,,,,,,,,,,,,,,,,,22.0,427.2188,48.0,"[5.545599999904638,0.5664000000953706,1.3157000000476842,0.5500000000000114,0.5995000000000061,0.7827999999523172,2.5810000000000173,0.7166000000238455,0.5828999999761493,1.032600000023848,0.6996999999284697,0.5663999999761415,1.182899999976172,0.5995000000000061,0.6496000000238382,0.6163999999761529,1.515500000000003,0.5829999999999984,0.6996000000238496,3.1976999999284885,2.2651000000238355,1.4660999999046567,1.232500000000016,0.5659999999999741,0.599700000047676,0.6663999999761927,0.5323999999761782,0.7995000000000232,0.5992000000476878,0.7825000000000273,1.5321000000238314,0.6496000000238382,0.6998000000715479,0.7327999999523058,0.782299999952329,0.815899999976125,0.5994000000953861,0.5161999999284603,2.1816000000238773,0.7492000000477219,0.5994999999999777,0.6494999999999891,0.9825000000000159,0.5830000000000268,0.7493000000715142,0.6330000000000382,0.7659999999999627,0.6661999999284944]","[5.545799999952322,0.5664999999999907,1.3158000000715333,0.5500000000000114,0.5996000000238553,0.7828999999761663,2.581100000023838,0.7166000000238455,0.5829999999999984,1.0327000000476687,0.6996999999284697,0.5664999999999907,1.182899999976172,0.5995000000000061,0.6498000000715365,0.6163999999761529,1.515500000000003,0.5829999999999984,0.6997000000476703,3.1977999999523092,2.2651000000238355,1.4661999999284774,1.2326000000238366,0.5662000000476723,0.599700000047676,0.6663999999761927,0.5325999999046189,0.7995000000000232,0.5992000000476878,0.7825000000000273,1.5321000000238314,0.6496000000238382,0.6998000000715479,0.732899999976155,0.7823999999761782,0.8160999999046226,0.5996000000238269,0.5162999999523095,2.1817000000476696,0.7492000000477219,0.5996000000238269,0.6497000000476874,0.9825000000000159,0.5832000000477251,0.7493000000715142,0.6330000000000382,0.7659999999999627,0.6661999999284944]",,,0.0,29.0,29.0,98.0,1.0,maken,mmaken,question_multimodal.png,im_combination.png,,,,,,
,,,773077,1,21,2023-10-02_18h03.03.243,flesh_expressibility_dutch,2022.2.4,Win32,59.85515054,,,,21.0,1.0,Nederlands,,,,,,Engels,0.0,,0.0,,0.0,,0.0,,0.0,,0.0,,0.0,,0.0,NL,7.0,2.0,2.0,1.0,,sensorypref2,1280.0,720.0,,,,,,,,,,,,,,,,,,,,,,,,,,,,,,,,,,,,22.0,428.3459,48.0,"[5.545599999904638,0.5664000000953706,1.3157000000476842,0.5500000000000114,0.5995000000000061,0.7827999999523172,2.5810000000000173,0.7166000000238455,0.5828999999761493,1.032600000023848,0.6996999999284697,0.5663999999761415,1.182899999976172,0.5995000000000061,0.6496000000238382,0.6163999999761529,1.515500000000003,0.5829999999999984,0.6996000000238496,3.1976999999284885,2.2651000000238355,1.4660999999046567,1.232500000000016,0.5659999999999741,0.599700000047676,0.6663999999761927,0.5323999999761782,0.7995000000000232,0.5992000000476878,0.7825000000000273,1.5321000000238314,0.6496000000238382,0.6998000000715479,0.7327999999523058,0.782299999952329,0.815899999976125,0.5994000000953861,0.5161999999284603,2.1816000000238773,0.7492000000477219,0.5994999999999777,0.6494999999999891,0.9825000000000159,0.5830000000000268,0.7493000000715142,0.6330000000000382,0.7659999999999627,0.6661999999284944]","[5.545799999952322,0.5664999999999907,1.3158000000715333,0.5500000000000114,0.5996000000238553,0.7828999999761663,2.581100000023838,0.7166000000238455,0.5829999999999984,1.0327000000476687,0.6996999999284697,0.5664999999999907,1.182899999976172,0.5995000000000061,0.6498000000715365,0.6163999999761529,1.515500000000003,0.5829999999999984,0.6997000000476703,3.1977999999523092,2.2651000000238355,1.4661999999284774,1.2326000000238366,0.5662000000476723,0.599700000047676,0.6663999999761927,0.5325999999046189,0.7995000000000232,0.5992000000476878,0.7825000000000273,1.5321000000238314,0.6496000000238382,0.6998000000715479,0.732899999976155,0.7823999999761782,0.8160999999046226,0.5996000000238269,0.5162999999523095,2.1817000000476696,0.7492000000477219,0.5996000000238269,0.6497000000476874,0.9825000000000159,0.5832000000477251,0.7493000000715142,0.6330000000000382,0.7659999999999627,0.6661999999284944]",,,0.0,30.0,30.0,183.0,1.0,jij,mjij,question_multimodal.png,im_combination.png,,,,,,
,,,773077,1,21,2023-10-02_18h03.03.243,flesh_expressibility_dutch,2022.2.4,Win32,59.85515054,,,,21.0,1.0,Nederlands,,,,,,Engels,0.0,,0.0,,0.0,,0.0,,0.0,,0.0,,0.0,,0.0,NL,7.0,2.0,2.0,1.0,,sensorypref2,1280.0,720.0,,,,,,,,,,,,,,,,,,,,,,,,,,,,,,,,,,,,22.0,429.2668,48.0,"[5.545599999904638,0.5664000000953706,1.3157000000476842,0.5500000000000114,0.5995000000000061,0.7827999999523172,2.5810000000000173,0.7166000000238455,0.5828999999761493,1.032600000023848,0.6996999999284697,0.5663999999761415,1.182899999976172,0.5995000000000061,0.6496000000238382,0.6163999999761529,1.515500000000003,0.5829999999999984,0.6996000000238496,3.1976999999284885,2.2651000000238355,1.4660999999046567,1.232500000000016,0.5659999999999741,0.599700000047676,0.6663999999761927,0.5323999999761782,0.7995000000000232,0.5992000000476878,0.7825000000000273,1.5321000000238314,0.6496000000238382,0.6998000000715479,0.7327999999523058,0.782299999952329,0.815899999976125,0.5994000000953861,0.5161999999284603,2.1816000000238773,0.7492000000477219,0.5994999999999777,0.6494999999999891,0.9825000000000159,0.5830000000000268,0.7493000000715142,0.6330000000000382,0.7659999999999627,0.6661999999284944]","[5.545799999952322,0.5664999999999907,1.3158000000715333,0.5500000000000114,0.5996000000238553,0.7828999999761663,2.581100000023838,0.7166000000238455,0.5829999999999984,1.0327000000476687,0.6996999999284697,0.5664999999999907,1.182899999976172,0.5995000000000061,0.6498000000715365,0.6163999999761529,1.515500000000003,0.5829999999999984,0.6997000000476703,3.1977999999523092,2.2651000000238355,1.4661999999284774,1.2326000000238366,0.5662000000476723,0.599700000047676,0.6663999999761927,0.5325999999046189,0.7995000000000232,0.5992000000476878,0.7825000000000273,1.5321000000238314,0.6496000000238382,0.6998000000715479,0.732899999976155,0.7823999999761782,0.8160999999046226,0.5996000000238269,0.5162999999523095,2.1817000000476696,0.7492000000477219,0.5996000000238269,0.6497000000476874,0.9825000000000159,0.5832000000477251,0.7493000000715142,0.6330000000000382,0.7659999999999627,0.6661999999284944]",,,0.0,31.0,31.0,19.0,1.0,misschien,mmisschien,question_multimodal.png,im_combination.png,,,,,,
,,,773077,1,21,2023-10-02_18h03.03.243,flesh_expressibility_dutch,2022.2.4,Win32,59.85515054,,,,21.0,1.0,Nederlands,,,,,,Engels,0.0,,0.0,,0.0,,0.0,,0.0,,0.0,,0.0,,0.0,NL,7.0,2.0,2.0,1.0,,sensorypref2,1280.0,720.0,,,,,,,,,,,,,,,,,,,,,,,,,,,,,,,,,,,,16.0,430.2921,49.0,"[5.545599999904638,0.5664000000953706,1.3157000000476842,0.5500000000000114,0.5995000000000061,0.7827999999523172,2.5810000000000173,0.7166000000238455,0.5828999999761493,1.032600000023848,0.6996999999284697,0.5663999999761415,1.182899999976172,0.5995000000000061,0.6496000000238382,0.6163999999761529,1.515500000000003,0.5829999999999984,0.6996000000238496,3.1976999999284885,2.2651000000238355,1.4660999999046567,1.232500000000016,0.5659999999999741,0.599700000047676,0.6663999999761927,0.5323999999761782,0.7995000000000232,0.5992000000476878,0.7825000000000273,1.5321000000238314,0.6496000000238382,0.6998000000715479,0.7327999999523058,0.782299999952329,0.815899999976125,0.5994000000953861,0.5161999999284603,2.1816000000238773,0.7492000000477219,0.5994999999999777,0.6494999999999891,0.9825000000000159,0.5830000000000268,0.7493000000715142,0.6330000000000382,0.7659999999999627,0.6661999999284944,1.083399999976109]","[5.545799999952322,0.5664999999999907,1.3158000000715333,0.5500000000000114,0.5996000000238553,0.7828999999761663,2.581100000023838,0.7166000000238455,0.5829999999999984,1.0327000000476687,0.6996999999284697,0.5664999999999907,1.182899999976172,0.5995000000000061,0.6498000000715365,0.6163999999761529,1.515500000000003,0.5829999999999984,0.6997000000476703,3.1977999999523092,2.2651000000238355,1.4661999999284774,1.2326000000238366,0.5662000000476723,0.599700000047676,0.6663999999761927,0.5325999999046189,0.7995000000000232,0.5992000000476878,0.7825000000000273,1.5321000000238314,0.6496000000238382,0.6998000000715479,0.732899999976155,0.7823999999761782,0.8160999999046226,0.5996000000238269,0.5162999999523095,2.1817000000476696,0.7492000000477219,0.5996000000238269,0.6497000000476874,0.9825000000000159,0.5832000000477251,0.7493000000715142,0.6330000000000382,0.7659999999999627,0.6661999999284944,1.0836000000238073]",0.568518575,3.3323,0.0,32.0,32.0,75.0,1.0,rond,mrond,question_multimodal.png,im_combination.png,,,,,,
,,,773077,1,21,2023-10-02_18h03.03.243,flesh_expressibility_dutch,2022.2.4,Win32,59.85515054,,,,21.0,1.0,Nederlands,,,,,,Engels,0.0,,0.0,,0.0,,0.0,,0.0,,0.0,,0.0,,0.0,NL,7.0,2.0,2.0,1.0,,sensorypref2,1280.0,720.0,,,,,,,,,,,,,,,,,,,,,,,,,,,,,,,,,,,,22.0,434.5951,49.0,"[5.545599999904638,0.5664000000953706,1.3157000000476842,0.5500000000000114,0.5995000000000061,0.7827999999523172,2.5810000000000173,0.7166000000238455,0.5828999999761493,1.032600000023848,0.6996999999284697,0.5663999999761415,1.182899999976172,0.5995000000000061,0.6496000000238382,0.6163999999761529,1.515500000000003,0.5829999999999984,0.6996000000238496,3.1976999999284885,2.2651000000238355,1.4660999999046567,1.232500000000016,0.5659999999999741,0.599700000047676,0.6663999999761927,0.5323999999761782,0.7995000000000232,0.5992000000476878,0.7825000000000273,1.5321000000238314,0.6496000000238382,0.6998000000715479,0.7327999999523058,0.782299999952329,0.815899999976125,0.5994000000953861,0.5161999999284603,2.1816000000238773,0.7492000000477219,0.5994999999999777,0.6494999999999891,0.9825000000000159,0.5830000000000268,0.7493000000715142,0.6330000000000382,0.7659999999999627,0.6661999999284944,1.083399999976109]","[5.545799999952322,0.5664999999999907,1.3158000000715333,0.5500000000000114,0.5996000000238553,0.7828999999761663,2.581100000023838,0.7166000000238455,0.5829999999999984,1.0327000000476687,0.6996999999284697,0.5664999999999907,1.182899999976172,0.5995000000000061,0.6498000000715365,0.6163999999761529,1.515500000000003,0.5829999999999984,0.6997000000476703,3.1977999999523092,2.2651000000238355,1.4661999999284774,1.2326000000238366,0.5662000000476723,0.599700000047676,0.6663999999761927,0.5325999999046189,0.7995000000000232,0.5992000000476878,0.7825000000000273,1.5321000000238314,0.6496000000238382,0.6998000000715479,0.732899999976155,0.7823999999761782,0.8160999999046226,0.5996000000238269,0.5162999999523095,2.1817000000476696,0.7492000000477219,0.5996000000238269,0.6497000000476874,0.9825000000000159,0.5832000000477251,0.7493000000715142,0.6330000000000382,0.7659999999999627,0.6661999999284944,1.0836000000238073]",,,0.0,33.0,33.0,91.0,1.0,koud,mkoud,question_multimodal.png,im_combination.png,,,,,,
,,,773077,1,21,2023-10-02_18h03.03.243,flesh_expressibility_dutch,2022.2.4,Win32,59.85515054,,,,21.0,1.0,Nederlands,,,,,,Engels,0.0,,0.0,,0.0,,0.0,,0.0,,0.0,,0.0,,0.0,NL,7.0,2.0,2.0,1.0,,sensorypref2,1280.0,720.0,,,,,,,,,,,,,,,,,,,,,,,,,,,,,,,,,,,,20.0,435.5132,50.0,"[5.545599999904638,0.5664000000953706,1.3157000000476842,0.5500000000000114,0.5995000000000061,0.7827999999523172,2.5810000000000173,0.7166000000238455,0.5828999999761493,1.032600000023848,0.6996999999284697,0.5663999999761415,1.182899999976172,0.5995000000000061,0.6496000000238382,0.6163999999761529,1.515500000000003,0.5829999999999984,0.6996000000238496,3.1976999999284885,2.2651000000238355,1.4660999999046567,1.232500000000016,0.5659999999999741,0.599700000047676,0.6663999999761927,0.5323999999761782,0.7995000000000232,0.5992000000476878,0.7825000000000273,1.5321000000238314,0.6496000000238382,0.6998000000715479,0.7327999999523058,0.782299999952329,0.815899999976125,0.5994000000953861,0.5161999999284603,2.1816000000238773,0.7492000000477219,0.5994999999999777,0.6494999999999891,0.9825000000000159,0.5830000000000268,0.7493000000715142,0.6330000000000382,0.7659999999999627,0.6661999999284944,1.083399999976109,0.8496000000238269]","[5.545799999952322,0.5664999999999907,1.3158000000715333,0.5500000000000114,0.5996000000238553,0.7828999999761663,2.581100000023838,0.7166000000238455,0.5829999999999984,1.0327000000476687,0.6996999999284697,0.5664999999999907,1.182899999976172,0.5995000000000061,0.6498000000715365,0.6163999999761529,1.515500000000003,0.5829999999999984,0.6997000000476703,3.1977999999523092,2.2651000000238355,1.4661999999284774,1.2326000000238366,0.5662000000476723,0.599700000047676,0.6663999999761927,0.5325999999046189,0.7995000000000232,0.5992000000476878,0.7825000000000273,1.5321000000238314,0.6496000000238382,0.6998000000715479,0.732899999976155,0.7823999999761782,0.8160999999046226,0.5996000000238269,0.5162999999523095,2.1817000000476696,0.7492000000477219,0.5996000000238269,0.6497000000476874,0.9825000000000159,0.5832000000477251,0.7493000000715142,0.6330000000000382,0.7659999999999627,0.6661999999284944,1.0836000000238073,0.8496000000238269]",0.494444444,3.4019,0.0,34.0,34.0,42.0,1.0,berg,mberg,question_multimodal.png,im_combination.png,,,,,,
,,,773077,1,21,2023-10-02_18h03.03.243,flesh_expressibility_dutch,2022.2.4,Win32,59.85515054,,,,21.0,1.0,Nederlands,,,,,,Engels,0.0,,0.0,,0.0,,0.0,,0.0,,0.0,,0.0,,0.0,NL,7.0,2.0,2.0,1.0,,sensorypref2,1280.0,720.0,,,,,,,,,,,,,,,,,,,,,,,,,,,,,,,,,,,,22.0,439.7107,50.0,"[5.545599999904638,0.5664000000953706,1.3157000000476842,0.5500000000000114,0.5995000000000061,0.7827999999523172,2.5810000000000173,0.7166000000238455,0.5828999999761493,1.032600000023848,0.6996999999284697,0.5663999999761415,1.182899999976172,0.5995000000000061,0.6496000000238382,0.6163999999761529,1.515500000000003,0.5829999999999984,0.6996000000238496,3.1976999999284885,2.2651000000238355,1.4660999999046567,1.232500000000016,0.5659999999999741,0.599700000047676,0.6663999999761927,0.5323999999761782,0.7995000000000232,0.5992000000476878,0.7825000000000273,1.5321000000238314,0.6496000000238382,0.6998000000715479,0.7327999999523058,0.782299999952329,0.815899999976125,0.5994000000953861,0.5161999999284603,2.1816000000238773,0.7492000000477219,0.5994999999999777,0.6494999999999891,0.9825000000000159,0.5830000000000268,0.7493000000715142,0.6330000000000382,0.7659999999999627,0.6661999999284944,1.083399999976109,0.8496000000238269]","[5.545799999952322,0.5664999999999907,1.3158000000715333,0.5500000000000114,0.5996000000238553,0.7828999999761663,2.581100000023838,0.7166000000238455,0.5829999999999984,1.0327000000476687,0.6996999999284697,0.5664999999999907,1.182899999976172,0.5995000000000061,0.6498000000715365,0.6163999999761529,1.515500000000003,0.5829999999999984,0.6997000000476703,3.1977999999523092,2.2651000000238355,1.4661999999284774,1.2326000000238366,0.5662000000476723,0.599700000047676,0.6663999999761927,0.5325999999046189,0.7995000000000232,0.5992000000476878,0.7825000000000273,1.5321000000238314,0.6496000000238382,0.6998000000715479,0.732899999976155,0.7823999999761782,0.8160999999046226,0.5996000000238269,0.5162999999523095,2.1817000000476696,0.7492000000477219,0.5996000000238269,0.6497000000476874,0.9825000000000159,0.5832000000477251,0.7493000000715142,0.6330000000000382,0.7659999999999627,0.6661999999284944,1.0836000000238073,0.8496000000238269]",0.142592706,0.1981,0.0,35.0,35.0,24.0,1.0,levend,mlevend,question_multimodal.png,im_combination.png,,,,,,
,,,773077,1,21,2023-10-02_18h03.03.243,flesh_expressibility_dutch,2022.2.4,Win32,59.85515054,,,,21.0,1.0,Nederlands,,,,,,Engels,0.0,,0.0,,0.0,,0.0,,0.0,,0.0,,0.0,,0.0,NL,7.0,2.0,2.0,1.0,,sensorypref2,1280.0,720.0,,,,,,,,,,,,,,,,,,,,,,,,,,,,,,,,,,,,22.0,440.7396,50.0,"[5.545599999904638,0.5664000000953706,1.3157000000476842,0.5500000000000114,0.5995000000000061,0.7827999999523172,2.5810000000000173,0.7166000000238455,0.5828999999761493,1.032600000023848,0.6996999999284697,0.5663999999761415,1.182899999976172,0.5995000000000061,0.6496000000238382,0.6163999999761529,1.515500000000003,0.5829999999999984,0.6996000000238496,3.1976999999284885,2.2651000000238355,1.4660999999046567,1.232500000000016,0.5659999999999741,0.599700000047676,0.6663999999761927,0.5323999999761782,0.7995000000000232,0.5992000000476878,0.7825000000000273,1.5321000000238314,0.6496000000238382,0.6998000000715479,0.7327999999523058,0.782299999952329,0.815899999976125,0.5994000000953861,0.5161999999284603,2.1816000000238773,0.7492000000477219,0.5994999999999777,0.6494999999999891,0.9825000000000159,0.5830000000000268,0.7493000000715142,0.6330000000000382,0.7659999999999627,0.6661999999284944,1.083399999976109,0.8496000000238269]","[5.545799999952322,0.5664999999999907,1.3158000000715333,0.5500000000000114,0.5996000000238553,0.7828999999761663,2.581100000023838,0.7166000000238455,0.5829999999999984,1.0327000000476687,0.6996999999284697,0.5664999999999907,1.182899999976172,0.5995000000000061,0.6498000000715365,0.6163999999761529,1.515500000000003,0.5829999999999984,0.6997000000476703,3.1977999999523092,2.2651000000238355,1.4661999999284774,1.2326000000238366,0.5662000000476723,0.599700000047676,0.6663999999761927,0.5325999999046189,0.7995000000000232,0.5992000000476878,0.7825000000000273,1.5321000000238314,0.6496000000238382,0.6998000000715479,0.732899999976155,0.7823999999761782,0.8160999999046226,0.5996000000238269,0.5162999999523095,2.1817000000476696,0.7492000000477219,0.5996000000238269,0.6497000000476874,0.9825000000000159,0.5832000000477251,0.7493000000715142,0.6330000000000382,0.7659999999999627,0.6661999999284944,1.0836000000238073,0.8496000000238269]",,,0.0,36.0,36.0,105.0,1.0,arm (lichaam),marm (lichaam),question_multimodal.png,im_combination.png,,,,,,
,,,773077,1,21,2023-10-02_18h03.03.243,flesh_expressibility_dutch,2022.2.4,Win32,59.85515054,,,,21.0,1.0,Nederlands,,,,,,Engels,0.0,,0.0,,0.0,,0.0,,0.0,,0.0,,0.0,,0.0,NL,7.0,2.0,2.0,1.0,,sensorypref2,1280.0,720.0,,,,,,,,,,,,,,,,,,,,,,,,,,,,,,,,,,,,22.0,441.6594,50.0,"[5.545599999904638,0.5664000000953706,1.3157000000476842,0.5500000000000114,0.5995000000000061,0.7827999999523172,2.5810000000000173,0.7166000000238455,0.5828999999761493,1.032600000023848,0.6996999999284697,0.5663999999761415,1.182899999976172,0.5995000000000061,0.6496000000238382,0.6163999999761529,1.515500000000003,0.5829999999999984,0.6996000000238496,3.1976999999284885,2.2651000000238355,1.4660999999046567,1.232500000000016,0.5659999999999741,0.599700000047676,0.6663999999761927,0.5323999999761782,0.7995000000000232,0.5992000000476878,0.7825000000000273,1.5321000000238314,0.6496000000238382,0.6998000000715479,0.7327999999523058,0.782299999952329,0.815899999976125,0.5994000000953861,0.5161999999284603,2.1816000000238773,0.7492000000477219,0.5994999999999777,0.6494999999999891,0.9825000000000159,0.5830000000000268,0.7493000000715142,0.6330000000000382,0.7659999999999627,0.6661999999284944,1.083399999976109,0.8496000000238269]","[5.545799999952322,0.5664999999999907,1.3158000000715333,0.5500000000000114,0.5996000000238553,0.7828999999761663,2.581100000023838,0.7166000000238455,0.5829999999999984,1.0327000000476687,0.6996999999284697,0.5664999999999907,1.182899999976172,0.5995000000000061,0.6498000000715365,0.6163999999761529,1.515500000000003,0.5829999999999984,0.6997000000476703,3.1977999999523092,2.2651000000238355,1.4661999999284774,1.2326000000238366,0.5662000000476723,0.599700000047676,0.6663999999761927,0.5325999999046189,0.7995000000000232,0.5992000000476878,0.7825000000000273,1.5321000000238314,0.6496000000238382,0.6998000000715479,0.732899999976155,0.7823999999761782,0.8160999999046226,0.5996000000238269,0.5162999999523095,2.1817000000476696,0.7492000000477219,0.5996000000238269,0.6497000000476874,0.9825000000000159,0.5832000000477251,0.7493000000715142,0.6330000000000382,0.7659999999999627,0.6661999999284944,1.0836000000238073,0.8496000000238269]",,,0.0,37.0,37.0,128.0,1.0,weten,mweten,question_multimodal.png,im_combination.png,,,,,,
,,,773077,1,21,2023-10-02_18h03.03.243,flesh_expressibility_dutch,2022.2.4,Win32,59.85515054,,,,21.0,1.0,Nederlands,,,,,,Engels,0.0,,0.0,,0.0,,0.0,,0.0,,0.0,,0.0,,0.0,NL,7.0,2.0,2.0,1.0,,sensorypref2,1280.0,720.0,,,,,,,,,,,,,,,,,,,,,,,,,,,,,,,,,,,,22.0,442.685,50.0,"[5.545599999904638,0.5664000000953706,1.3157000000476842,0.5500000000000114,0.5995000000000061,0.7827999999523172,2.5810000000000173,0.7166000000238455,0.5828999999761493,1.032600000023848,0.6996999999284697,0.5663999999761415,1.182899999976172,0.5995000000000061,0.6496000000238382,0.6163999999761529,1.515500000000003,0.5829999999999984,0.6996000000238496,3.1976999999284885,2.2651000000238355,1.4660999999046567,1.232500000000016,0.5659999999999741,0.599700000047676,0.6663999999761927,0.5323999999761782,0.7995000000000232,0.5992000000476878,0.7825000000000273,1.5321000000238314,0.6496000000238382,0.6998000000715479,0.7327999999523058,0.782299999952329,0.815899999976125,0.5994000000953861,0.5161999999284603,2.1816000000238773,0.7492000000477219,0.5994999999999777,0.6494999999999891,0.9825000000000159,0.5830000000000268,0.7493000000715142,0.6330000000000382,0.7659999999999627,0.6661999999284944,1.083399999976109,0.8496000000238269]","[5.545799999952322,0.5664999999999907,1.3158000000715333,0.5500000000000114,0.5996000000238553,0.7828999999761663,2.581100000023838,0.7166000000238455,0.5829999999999984,1.0327000000476687,0.6996999999284697,0.5664999999999907,1.182899999976172,0.5995000000000061,0.6498000000715365,0.6163999999761529,1.515500000000003,0.5829999999999984,0.6997000000476703,3.1977999999523092,2.2651000000238355,1.4661999999284774,1.2326000000238366,0.5662000000476723,0.599700000047676,0.6663999999761927,0.5325999999046189,0.7995000000000232,0.5992000000476878,0.7825000000000273,1.5321000000238314,0.6496000000238382,0.6998000000715479,0.732899999976155,0.7823999999761782,0.8160999999046226,0.5996000000238269,0.5162999999523095,2.1817000000476696,0.7492000000477219,0.5996000000238269,0.6497000000476874,0.9825000000000159,0.5832000000477251,0.7493000000715142,0.6330000000000382,0.7659999999999627,0.6661999999284944,1.0836000000238073,0.8496000000238269]",,,0.0,38.0,38.0,70.0,1.0,aanraken,maanraken,question_multimodal.png,im_combination.png,,,,,,
,,,773077,1,21,2023-10-02_18h03.03.243,flesh_expressibility_dutch,2022.2.4,Win32,59.85515054,,,,21.0,1.0,Nederlands,,,,,,Engels,0.0,,0.0,,0.0,,0.0,,0.0,,0.0,,0.0,,0.0,NL,7.0,2.0,2.0,1.0,,sensorypref2,1280.0,720.0,,,,,,,,,,,,,,,,,,,,,,,,,,,,,,,,,,,,22.0,443.7074,50.0,"[5.545599999904638,0.5664000000953706,1.3157000000476842,0.5500000000000114,0.5995000000000061,0.7827999999523172,2.5810000000000173,0.7166000000238455,0.5828999999761493,1.032600000023848,0.6996999999284697,0.5663999999761415,1.182899999976172,0.5995000000000061,0.6496000000238382,0.6163999999761529,1.515500000000003,0.5829999999999984,0.6996000000238496,3.1976999999284885,2.2651000000238355,1.4660999999046567,1.232500000000016,0.5659999999999741,0.599700000047676,0.6663999999761927,0.5323999999761782,0.7995000000000232,0.5992000000476878,0.7825000000000273,1.5321000000238314,0.6496000000238382,0.6998000000715479,0.7327999999523058,0.782299999952329,0.815899999976125,0.5994000000953861,0.5161999999284603,2.1816000000238773,0.7492000000477219,0.5994999999999777,0.6494999999999891,0.9825000000000159,0.5830000000000268,0.7493000000715142,0.6330000000000382,0.7659999999999627,0.6661999999284944,1.083399999976109,0.8496000000238269]","[5.545799999952322,0.5664999999999907,1.3158000000715333,0.5500000000000114,0.5996000000238553,0.7828999999761663,2.581100000023838,0.7166000000238455,0.5829999999999984,1.0327000000476687,0.6996999999284697,0.5664999999999907,1.182899999976172,0.5995000000000061,0.6498000000715365,0.6163999999761529,1.515500000000003,0.5829999999999984,0.6997000000476703,3.1977999999523092,2.2651000000238355,1.4661999999284774,1.2326000000238366,0.5662000000476723,0.599700000047676,0.6663999999761927,0.5325999999046189,0.7995000000000232,0.5992000000476878,0.7825000000000273,1.5321000000238314,0.6496000000238382,0.6998000000715479,0.732899999976155,0.7823999999761782,0.8160999999046226,0.5996000000238269,0.5162999999523095,2.1817000000476696,0.7492000000477219,0.5996000000238269,0.6497000000476874,0.9825000000000159,0.5832000000477251,0.7493000000715142,0.6330000000000382,0.7659999999999627,0.6661999999284944,1.0836000000238073,0.8496000000238269]",,,0.0,39.0,39.0,96.0,1.0,verbranden,mverbranden,question_multimodal.png,im_combination.png,,,,,,
,,,773077,1,21,2023-10-02_18h03.03.243,flesh_expressibility_dutch,2022.2.4,Win32,59.85515054,,,,21.0,1.0,Nederlands,,,,,,Engels,0.0,,0.0,,0.0,,0.0,,0.0,,0.0,,0.0,,0.0,NL,7.0,2.0,2.0,1.0,,sensorypref2,1280.0,720.0,,,,,,,,,,,,,,,,,,,,,,,,,,,,,,,,,,,,21.0,444.7308,51.0,"[5.545599999904638,0.5664000000953706,1.3157000000476842,0.5500000000000114,0.5995000000000061,0.7827999999523172,2.5810000000000173,0.7166000000238455,0.5828999999761493,1.032600000023848,0.6996999999284697,0.5663999999761415,1.182899999976172,0.5995000000000061,0.6496000000238382,0.6163999999761529,1.515500000000003,0.5829999999999984,0.6996000000238496,3.1976999999284885,2.2651000000238355,1.4660999999046567,1.232500000000016,0.5659999999999741,0.599700000047676,0.6663999999761927,0.5323999999761782,0.7995000000000232,0.5992000000476878,0.7825000000000273,1.5321000000238314,0.6496000000238382,0.6998000000715479,0.7327999999523058,0.782299999952329,0.815899999976125,0.5994000000953861,0.5161999999284603,2.1816000000238773,0.7492000000477219,0.5994999999999777,0.6494999999999891,0.9825000000000159,0.5830000000000268,0.7493000000715142,0.6330000000000382,0.7659999999999627,0.6661999999284944,1.083399999976109,0.8496000000238269,1.7320000000000277]","[5.545799999952322,0.5664999999999907,1.3158000000715333,0.5500000000000114,0.5996000000238553,0.7828999999761663,2.581100000023838,0.7166000000238455,0.5829999999999984,1.0327000000476687,0.6996999999284697,0.5664999999999907,1.182899999976172,0.5995000000000061,0.6498000000715365,0.6163999999761529,1.515500000000003,0.5829999999999984,0.6997000000476703,3.1977999999523092,2.2651000000238355,1.4661999999284774,1.2326000000238366,0.5662000000476723,0.599700000047676,0.6663999999761927,0.5325999999046189,0.7995000000000232,0.5992000000476878,0.7825000000000273,1.5321000000238314,0.6496000000238382,0.6998000000715479,0.732899999976155,0.7823999999761782,0.8160999999046226,0.5996000000238269,0.5162999999523095,2.1817000000476696,0.7492000000477219,0.5996000000238269,0.6497000000476874,0.9825000000000159,0.5832000000477251,0.7493000000715142,0.6330000000000382,0.7659999999999627,0.6661999999284944,1.0836000000238073,0.8496000000238269,1.7321000000238769]",-0.26296285,3.254,0.0,40.0,40.0,41.0,1.0,bliksem,mbliksem,question_multimodal.png,im_combination.png,,,,,,
,,,773077,1,21,2023-10-02_18h03.03.243,flesh_expressibility_dutch,2022.2.4,Win32,59.85515054,,,,21.0,1.0,Nederlands,,,,,,Engels,0.0,,0.0,,0.0,,0.0,,0.0,,0.0,,0.0,,0.0,NL,7.0,2.0,2.0,1.0,,sensorypref2,1280.0,720.0,,,,,,,,,,,,,,,,,,,,,,,,,,,,,,,,,,,,22.0,449.5428,51.0,"[5.545599999904638,0.5664000000953706,1.3157000000476842,0.5500000000000114,0.5995000000000061,0.7827999999523172,2.5810000000000173,0.7166000000238455,0.5828999999761493,1.032600000023848,0.6996999999284697,0.5663999999761415,1.182899999976172,0.5995000000000061,0.6496000000238382,0.6163999999761529,1.515500000000003,0.5829999999999984,0.6996000000238496,3.1976999999284885,2.2651000000238355,1.4660999999046567,1.232500000000016,0.5659999999999741,0.599700000047676,0.6663999999761927,0.5323999999761782,0.7995000000000232,0.5992000000476878,0.7825000000000273,1.5321000000238314,0.6496000000238382,0.6998000000715479,0.7327999999523058,0.782299999952329,0.815899999976125,0.5994000000953861,0.5161999999284603,2.1816000000238773,0.7492000000477219,0.5994999999999777,0.6494999999999891,0.9825000000000159,0.5830000000000268,0.7493000000715142,0.6330000000000382,0.7659999999999627,0.6661999999284944,1.083399999976109,0.8496000000238269,1.7320000000000277]","[5.545799999952322,0.5664999999999907,1.3158000000715333,0.5500000000000114,0.5996000000238553,0.7828999999761663,2.581100000023838,0.7166000000238455,0.5829999999999984,1.0327000000476687,0.6996999999284697,0.5664999999999907,1.182899999976172,0.5995000000000061,0.6498000000715365,0.6163999999761529,1.515500000000003,0.5829999999999984,0.6997000000476703,3.1977999999523092,2.2651000000238355,1.4661999999284774,1.2326000000238366,0.5662000000476723,0.599700000047676,0.6663999999761927,0.5325999999046189,0.7995000000000232,0.5992000000476878,0.7825000000000273,1.5321000000238314,0.6496000000238382,0.6998000000715479,0.732899999976155,0.7823999999761782,0.8160999999046226,0.5996000000238269,0.5162999999523095,2.1817000000476696,0.7492000000477219,0.5996000000238269,0.6497000000476874,0.9825000000000159,0.5832000000477251,0.7493000000715142,0.6330000000000382,0.7659999999999627,0.6661999999284944,1.0836000000238073,0.8496000000238269,1.7321000000238769]",,,0.0,41.0,41.0,117.0,1.0,haar,mhaar,question_multimodal.png,im_combination.png,,,,,,
,,,773077,1,21,2023-10-02_18h03.03.243,flesh_expressibility_dutch,2022.2.4,Win32,59.85515054,,,,21.0,1.0,Nederlands,,,,,,Engels,0.0,,0.0,,0.0,,0.0,,0.0,,0.0,,0.0,,0.0,NL,7.0,2.0,2.0,1.0,,sensorypref2,1280.0,720.0,,,,,,,,,,,,,,,,,,,,,,,,,,,,,,,,,,,,22.0,450.5684,51.0,"[5.545599999904638,0.5664000000953706,1.3157000000476842,0.5500000000000114,0.5995000000000061,0.7827999999523172,2.5810000000000173,0.7166000000238455,0.5828999999761493,1.032600000023848,0.6996999999284697,0.5663999999761415,1.182899999976172,0.5995000000000061,0.6496000000238382,0.6163999999761529,1.515500000000003,0.5829999999999984,0.6996000000238496,3.1976999999284885,2.2651000000238355,1.4660999999046567,1.232500000000016,0.5659999999999741,0.599700000047676,0.6663999999761927,0.5323999999761782,0.7995000000000232,0.5992000000476878,0.7825000000000273,1.5321000000238314,0.6496000000238382,0.6998000000715479,0.7327999999523058,0.782299999952329,0.815899999976125,0.5994000000953861,0.5161999999284603,2.1816000000238773,0.7492000000477219,0.5994999999999777,0.6494999999999891,0.9825000000000159,0.5830000000000268,0.7493000000715142,0.6330000000000382,0.7659999999999627,0.6661999999284944,1.083399999976109,0.8496000000238269,1.7320000000000277]","[5.545799999952322,0.5664999999999907,1.3158000000715333,0.5500000000000114,0.5996000000238553,0.7828999999761663,2.581100000023838,0.7166000000238455,0.5829999999999984,1.0327000000476687,0.6996999999284697,0.5664999999999907,1.182899999976172,0.5995000000000061,0.6498000000715365,0.6163999999761529,1.515500000000003,0.5829999999999984,0.6997000000476703,3.1977999999523092,2.2651000000238355,1.4661999999284774,1.2326000000238366,0.5662000000476723,0.599700000047676,0.6663999999761927,0.5325999999046189,0.7995000000000232,0.5992000000476878,0.7825000000000273,1.5321000000238314,0.6496000000238382,0.6998000000715479,0.732899999976155,0.7823999999761782,0.8160999999046226,0.5996000000238269,0.5162999999523095,2.1817000000476696,0.7492000000477219,0.5996000000238269,0.6497000000476874,0.9825000000000159,0.5832000000477251,0.7493000000715142,0.6330000000000382,0.7659999999999627,0.6661999999284944,1.0836000000238073,0.8496000000238269,1.7321000000238769]",,,0.0,42.0,42.0,202.0,1.0,vlinder,mvlinder,question_multimodal.png,im_combination.png,,,,,,
,,,773077,1,21,2023-10-02_18h03.03.243,flesh_expressibility_dutch,2022.2.4,Win32,59.85515054,,,,21.0,1.0,Nederlands,,,,,,Engels,0.0,,0.0,,0.0,,0.0,,0.0,,0.0,,0.0,,0.0,NL,7.0,2.0,2.0,1.0,,sensorypref2,1280.0,720.0,,,,,,,,,,,,,,,,,,,,,,,,,,,,,,,,,,,,22.0,451.5942,51.0,"[5.545599999904638,0.5664000000953706,1.3157000000476842,0.5500000000000114,0.5995000000000061,0.7827999999523172,2.5810000000000173,0.7166000000238455,0.5828999999761493,1.032600000023848,0.6996999999284697,0.5663999999761415,1.182899999976172,0.5995000000000061,0.6496000000238382,0.6163999999761529,1.515500000000003,0.5829999999999984,0.6996000000238496,3.1976999999284885,2.2651000000238355,1.4660999999046567,1.232500000000016,0.5659999999999741,0.599700000047676,0.6663999999761927,0.5323999999761782,0.7995000000000232,0.5992000000476878,0.7825000000000273,1.5321000000238314,0.6496000000238382,0.6998000000715479,0.7327999999523058,0.782299999952329,0.815899999976125,0.5994000000953861,0.5161999999284603,2.1816000000238773,0.7492000000477219,0.5994999999999777,0.6494999999999891,0.9825000000000159,0.5830000000000268,0.7493000000715142,0.6330000000000382,0.7659999999999627,0.6661999999284944,1.083399999976109,0.8496000000238269,1.7320000000000277]","[5.545799999952322,0.5664999999999907,1.3158000000715333,0.5500000000000114,0.5996000000238553,0.7828999999761663,2.581100000023838,0.7166000000238455,0.5829999999999984,1.0327000000476687,0.6996999999284697,0.5664999999999907,1.182899999976172,0.5995000000000061,0.6498000000715365,0.6163999999761529,1.515500000000003,0.5829999999999984,0.6997000000476703,3.1977999999523092,2.2651000000238355,1.4661999999284774,1.2326000000238366,0.5662000000476723,0.599700000047676,0.6663999999761927,0.5325999999046189,0.7995000000000232,0.5992000000476878,0.7825000000000273,1.5321000000238314,0.6496000000238382,0.6998000000715479,0.732899999976155,0.7823999999761782,0.8160999999046226,0.5996000000238269,0.5162999999523095,2.1817000000476696,0.7492000000477219,0.5996000000238269,0.6497000000476874,0.9825000000000159,0.5832000000477251,0.7493000000715142,0.6330000000000382,0.7659999999999627,0.6661999999284944,1.0836000000238073,0.8496000000238269,1.7321000000238769]",,,0.0,43.0,43.0,69.0,1.0,glad,mglad,question_multimodal.png,im_combination.png,,,,,,
,,,773077,1,21,2023-10-02_18h03.03.243,flesh_expressibility_dutch,2022.2.4,Win32,59.85515054,,,,21.0,1.0,Nederlands,,,,,,Engels,0.0,,0.0,,0.0,,0.0,,0.0,,0.0,,0.0,,0.0,NL,7.0,2.0,2.0,1.0,,sensorypref2,1280.0,720.0,,,,,,,,,,,,,,,,,,,,,,,,,,,,,,,,,,,,19.0,452.5141,52.0,"[5.545599999904638,0.5664000000953706,1.3157000000476842,0.5500000000000114,0.5995000000000061,0.7827999999523172,2.5810000000000173,0.7166000000238455,0.5828999999761493,1.032600000023848,0.6996999999284697,0.5663999999761415,1.182899999976172,0.5995000000000061,0.6496000000238382,0.6163999999761529,1.515500000000003,0.5829999999999984,0.6996000000238496,3.1976999999284885,2.2651000000238355,1.4660999999046567,1.232500000000016,0.5659999999999741,0.599700000047676,0.6663999999761927,0.5323999999761782,0.7995000000000232,0.5992000000476878,0.7825000000000273,1.5321000000238314,0.6496000000238382,0.6998000000715479,0.7327999999523058,0.782299999952329,0.815899999976125,0.5994000000953861,0.5161999999284603,2.1816000000238773,0.7492000000477219,0.5994999999999777,0.6494999999999891,0.9825000000000159,0.5830000000000268,0.7493000000715142,0.6330000000000382,0.7659999999999627,0.6661999999284944,1.083399999976109,0.8496000000238269,1.7320000000000277,0.6496000000238382]","[5.545799999952322,0.5664999999999907,1.3158000000715333,0.5500000000000114,0.5996000000238553,0.7828999999761663,2.581100000023838,0.7166000000238455,0.5829999999999984,1.0327000000476687,0.6996999999284697,0.5664999999999907,1.182899999976172,0.5995000000000061,0.6498000000715365,0.6163999999761529,1.515500000000003,0.5829999999999984,0.6997000000476703,3.1977999999523092,2.2651000000238355,1.4661999999284774,1.2326000000238366,0.5662000000476723,0.599700000047676,0.6663999999761927,0.5325999999046189,0.7995000000000232,0.5992000000476878,0.7825000000000273,1.5321000000238314,0.6496000000238382,0.6998000000715479,0.732899999976155,0.7823999999761782,0.8160999999046226,0.5996000000238269,0.5162999999523095,2.1817000000476696,0.7492000000477219,0.5996000000238269,0.6497000000476874,0.9825000000000159,0.5832000000477251,0.7493000000715142,0.6330000000000382,0.7659999999999627,0.6661999999284944,1.0836000000238073,0.8496000000238269,1.7321000000238769,0.6498000000714796]",0.818518575,3.1882,0.0,44.0,44.0,116.0,1.0,oog,moog,question_multimodal.png,im_combination.png,,,,,,
,,,773077,1,21,2023-10-02_18h03.03.243,flesh_expressibility_dutch,2022.2.4,Win32,59.85515054,,,,21.0,1.0,Nederlands,,,,,,Engels,0.0,,0.0,,0.0,,0.0,,0.0,,0.0,,0.0,,0.0,NL,7.0,2.0,2.0,1.0,,sensorypref2,1280.0,720.0,,,,,,,,,,,,,,,,,,,,,,,,,,,,,,,,,,,,22.0,456.266,52.0,"[5.545599999904638,0.5664000000953706,1.3157000000476842,0.5500000000000114,0.5995000000000061,0.7827999999523172,2.5810000000000173,0.7166000000238455,0.5828999999761493,1.032600000023848,0.6996999999284697,0.5663999999761415,1.182899999976172,0.5995000000000061,0.6496000000238382,0.6163999999761529,1.515500000000003,0.5829999999999984,0.6996000000238496,3.1976999999284885,2.2651000000238355,1.4660999999046567,1.232500000000016,0.5659999999999741,0.599700000047676,0.6663999999761927,0.5323999999761782,0.7995000000000232,0.5992000000476878,0.7825000000000273,1.5321000000238314,0.6496000000238382,0.6998000000715479,0.7327999999523058,0.782299999952329,0.815899999976125,0.5994000000953861,0.5161999999284603,2.1816000000238773,0.7492000000477219,0.5994999999999777,0.6494999999999891,0.9825000000000159,0.5830000000000268,0.7493000000715142,0.6330000000000382,0.7659999999999627,0.6661999999284944,1.083399999976109,0.8496000000238269,1.7320000000000277,0.6496000000238382]","[5.545799999952322,0.5664999999999907,1.3158000000715333,0.5500000000000114,0.5996000000238553,0.7828999999761663,2.581100000023838,0.7166000000238455,0.5829999999999984,1.0327000000476687,0.6996999999284697,0.5664999999999907,1.182899999976172,0.5995000000000061,0.6498000000715365,0.6163999999761529,1.515500000000003,0.5829999999999984,0.6997000000476703,3.1977999999523092,2.2651000000238355,1.4661999999284774,1.2326000000238366,0.5662000000476723,0.599700000047676,0.6663999999761927,0.5325999999046189,0.7995000000000232,0.5992000000476878,0.7825000000000273,1.5321000000238314,0.6496000000238382,0.6998000000715479,0.732899999976155,0.7823999999761782,0.8160999999046226,0.5996000000238269,0.5162999999523095,2.1817000000476696,0.7492000000477219,0.5996000000238269,0.6497000000476874,0.9825000000000159,0.5832000000477251,0.7493000000715142,0.6330000000000382,0.7659999999999627,0.6661999999284944,1.0836000000238073,0.8496000000238269,1.7321000000238769,0.6498000000714796]",,,0.0,45.0,45.0,4.0,1.0,fluisteren,mfluisteren,question_multimodal.png,im_combination.png,,,,,,
,,,773077,1,21,2023-10-02_18h03.03.243,flesh_expressibility_dutch,2022.2.4,Win32,59.85515054,,,,21.0,1.0,Nederlands,,,,,,Engels,0.0,,0.0,,0.0,,0.0,,0.0,,0.0,,0.0,,0.0,NL,7.0,2.0,2.0,1.0,,sensorypref2,1280.0,720.0,,,,,,,,,,,,,,,,,,,,,,,,,,,,,,,,,,,,22.0,457.3246,52.0,"[5.545599999904638,0.5664000000953706,1.3157000000476842,0.5500000000000114,0.5995000000000061,0.7827999999523172,2.5810000000000173,0.7166000000238455,0.5828999999761493,1.032600000023848,0.6996999999284697,0.5663999999761415,1.182899999976172,0.5995000000000061,0.6496000000238382,0.6163999999761529,1.515500000000003,0.5829999999999984,0.6996000000238496,3.1976999999284885,2.2651000000238355,1.4660999999046567,1.232500000000016,0.5659999999999741,0.599700000047676,0.6663999999761927,0.5323999999761782,0.7995000000000232,0.5992000000476878,0.7825000000000273,1.5321000000238314,0.6496000000238382,0.6998000000715479,0.7327999999523058,0.782299999952329,0.815899999976125,0.5994000000953861,0.5161999999284603,2.1816000000238773,0.7492000000477219,0.5994999999999777,0.6494999999999891,0.9825000000000159,0.5830000000000268,0.7493000000715142,0.6330000000000382,0.7659999999999627,0.6661999999284944,1.083399999976109,0.8496000000238269,1.7320000000000277,0.6496000000238382]","[5.545799999952322,0.5664999999999907,1.3158000000715333,0.5500000000000114,0.5996000000238553,0.7828999999761663,2.581100000023838,0.7166000000238455,0.5829999999999984,1.0327000000476687,0.6996999999284697,0.5664999999999907,1.182899999976172,0.5995000000000061,0.6498000000715365,0.6163999999761529,1.515500000000003,0.5829999999999984,0.6997000000476703,3.1977999999523092,2.2651000000238355,1.4661999999284774,1.2326000000238366,0.5662000000476723,0.599700000047676,0.6663999999761927,0.5325999999046189,0.7995000000000232,0.5992000000476878,0.7825000000000273,1.5321000000238314,0.6496000000238382,0.6998000000715479,0.732899999976155,0.7823999999761782,0.8160999999046226,0.5996000000238269,0.5162999999523095,2.1817000000476696,0.7492000000477219,0.5996000000238269,0.6497000000476874,0.9825000000000159,0.5832000000477251,0.7493000000715142,0.6330000000000382,0.7659999999999627,0.6661999999284944,1.0836000000238073,0.8496000000238269,1.7321000000238769,0.6498000000714796]",,,0.0,46.0,46.0,71.0,1.0,geur,mgeur,question_multimodal.png,im_combination.png,,,,,,
,,,773077,1,21,2023-10-02_18h03.03.243,flesh_expressibility_dutch,2022.2.4,Win32,59.85515054,,,,21.0,1.0,Nederlands,,,,,,Engels,0.0,,0.0,,0.0,,0.0,,0.0,,0.0,,0.0,,0.0,NL,7.0,2.0,2.0,1.0,,sensorypref2,1280.0,720.0,,,,,,,,,,,,,,,,,,,,,,,,,,,,,,,,,,,,22.0,458.2451,52.0,"[5.545599999904638,0.5664000000953706,1.3157000000476842,0.5500000000000114,0.5995000000000061,0.7827999999523172,2.5810000000000173,0.7166000000238455,0.5828999999761493,1.032600000023848,0.6996999999284697,0.5663999999761415,1.182899999976172,0.5995000000000061,0.6496000000238382,0.6163999999761529,1.515500000000003,0.5829999999999984,0.6996000000238496,3.1976999999284885,2.2651000000238355,1.4660999999046567,1.232500000000016,0.5659999999999741,0.599700000047676,0.6663999999761927,0.5323999999761782,0.7995000000000232,0.5992000000476878,0.7825000000000273,1.5321000000238314,0.6496000000238382,0.6998000000715479,0.7327999999523058,0.782299999952329,0.815899999976125,0.5994000000953861,0.5161999999284603,2.1816000000238773,0.7492000000477219,0.5994999999999777,0.6494999999999891,0.9825000000000159,0.5830000000000268,0.7493000000715142,0.6330000000000382,0.7659999999999627,0.6661999999284944,1.083399999976109,0.8496000000238269,1.7320000000000277,0.6496000000238382]","[5.545799999952322,0.5664999999999907,1.3158000000715333,0.5500000000000114,0.5996000000238553,0.7828999999761663,2.581100000023838,0.7166000000238455,0.5829999999999984,1.0327000000476687,0.6996999999284697,0.5664999999999907,1.182899999976172,0.5995000000000061,0.6498000000715365,0.6163999999761529,1.515500000000003,0.5829999999999984,0.6997000000476703,3.1977999999523092,2.2651000000238355,1.4661999999284774,1.2326000000238366,0.5662000000476723,0.599700000047676,0.6663999999761927,0.5325999999046189,0.7995000000000232,0.5992000000476878,0.7825000000000273,1.5321000000238314,0.6496000000238382,0.6998000000715479,0.732899999976155,0.7823999999761782,0.8160999999046226,0.5996000000238269,0.5162999999523095,2.1817000000476696,0.7492000000477219,0.5996000000238269,0.6497000000476874,0.9825000000000159,0.5832000000477251,0.7493000000715142,0.6330000000000382,0.7659999999999627,0.6661999999284944,1.0836000000238073,0.8496000000238269,1.7321000000238769,0.6498000000714796]",,,0.0,47.0,47.0,180.0,1.0,het,mhet,question_multimodal.png,im_combination.png,,,,,,
,,,773077,1,21,2023-10-02_18h03.03.243,flesh_expressibility_dutch,2022.2.4,Win32,59.85515054,,,,21.0,1.0,Nederlands,,,,,,Engels,0.0,,0.0,,0.0,,0.0,,0.0,,0.0,,0.0,,0.0,NL,7.0,2.0,2.0,1.0,,sensorypref2,1280.0,720.0,,,,,,,,,,,,,,,,,,,,,,,,,,,,,,,,,,,,22.0,459.2698,52.0,"[5.545599999904638,0.5664000000953706,1.3157000000476842,0.5500000000000114,0.5995000000000061,0.7827999999523172,2.5810000000000173,0.7166000000238455,0.5828999999761493,1.032600000023848,0.6996999999284697,0.5663999999761415,1.182899999976172,0.5995000000000061,0.6496000000238382,0.6163999999761529,1.515500000000003,0.5829999999999984,0.6996000000238496,3.1976999999284885,2.2651000000238355,1.4660999999046567,1.232500000000016,0.5659999999999741,0.599700000047676,0.6663999999761927,0.5323999999761782,0.7995000000000232,0.5992000000476878,0.7825000000000273,1.5321000000238314,0.6496000000238382,0.6998000000715479,0.7327999999523058,0.782299999952329,0.815899999976125,0.5994000000953861,0.5161999999284603,2.1816000000238773,0.7492000000477219,0.5994999999999777,0.6494999999999891,0.9825000000000159,0.5830000000000268,0.7493000000715142,0.6330000000000382,0.7659999999999627,0.6661999999284944,1.083399999976109,0.8496000000238269,1.7320000000000277,0.6496000000238382]","[5.545799999952322,0.5664999999999907,1.3158000000715333,0.5500000000000114,0.5996000000238553,0.7828999999761663,2.581100000023838,0.7166000000238455,0.5829999999999984,1.0327000000476687,0.6996999999284697,0.5664999999999907,1.182899999976172,0.5995000000000061,0.6498000000715365,0.6163999999761529,1.515500000000003,0.5829999999999984,0.6997000000476703,3.1977999999523092,2.2651000000238355,1.4661999999284774,1.2326000000238366,0.5662000000476723,0.599700000047676,0.6663999999761927,0.5325999999046189,0.7995000000000232,0.5992000000476878,0.7825000000000273,1.5321000000238314,0.6496000000238382,0.6998000000715479,0.732899999976155,0.7823999999761782,0.8160999999046226,0.5996000000238269,0.5162999999523095,2.1817000000476696,0.7492000000477219,0.5996000000238269,0.6497000000476874,0.9825000000000159,0.5832000000477251,0.7493000000715142,0.6330000000000382,0.7659999999999627,0.6661999999284944,1.0836000000238073,0.8496000000238269,1.7321000000238769,0.6498000000714796]",,,0.0,48.0,48.0,52.0,1.0,vangen,mvangen,question_multimodal.png,im_combination.png,,,,,,
,,,773077,1,21,2023-10-02_18h03.03.243,flesh_expressibility_dutch,2022.2.4,Win32,59.85515054,,,,21.0,1.0,Nederlands,,,,,,Engels,0.0,,0.0,,0.0,,0.0,,0.0,,0.0,,0.0,,0.0,NL,7.0,2.0,2.0,1.0,,sensorypref2,1280.0,720.0,,,,,,,,,,,,,,,,,,,,,,,,,,,,,,,,,,,,22.0,460.313,52.0,"[5.545599999904638,0.5664000000953706,1.3157000000476842,0.5500000000000114,0.5995000000000061,0.7827999999523172,2.5810000000000173,0.7166000000238455,0.5828999999761493,1.032600000023848,0.6996999999284697,0.5663999999761415,1.182899999976172,0.5995000000000061,0.6496000000238382,0.6163999999761529,1.515500000000003,0.5829999999999984,0.6996000000238496,3.1976999999284885,2.2651000000238355,1.4660999999046567,1.232500000000016,0.5659999999999741,0.599700000047676,0.6663999999761927,0.5323999999761782,0.7995000000000232,0.5992000000476878,0.7825000000000273,1.5321000000238314,0.6496000000238382,0.6998000000715479,0.7327999999523058,0.782299999952329,0.815899999976125,0.5994000000953861,0.5161999999284603,2.1816000000238773,0.7492000000477219,0.5994999999999777,0.6494999999999891,0.9825000000000159,0.5830000000000268,0.7493000000715142,0.6330000000000382,0.7659999999999627,0.6661999999284944,1.083399999976109,0.8496000000238269,1.7320000000000277,0.6496000000238382]","[5.545799999952322,0.5664999999999907,1.3158000000715333,0.5500000000000114,0.5996000000238553,0.7828999999761663,2.581100000023838,0.7166000000238455,0.5829999999999984,1.0327000000476687,0.6996999999284697,0.5664999999999907,1.182899999976172,0.5995000000000061,0.6498000000715365,0.6163999999761529,1.515500000000003,0.5829999999999984,0.6997000000476703,3.1977999999523092,2.2651000000238355,1.4661999999284774,1.2326000000238366,0.5662000000476723,0.599700000047676,0.6663999999761927,0.5325999999046189,0.7995000000000232,0.5992000000476878,0.7825000000000273,1.5321000000238314,0.6496000000238382,0.6998000000715479,0.732899999976155,0.7823999999761782,0.8160999999046226,0.5996000000238269,0.5162999999523095,2.1817000000476696,0.7492000000477219,0.5996000000238269,0.6497000000476874,0.9825000000000159,0.5832000000477251,0.7493000000715142,0.6330000000000382,0.7659999999999627,0.6661999999284944,1.0836000000238073,0.8496000000238269,1.7321000000238769,0.6498000000714796]",,,0.0,49.0,49.0,53.0,1.0,gooien,mgooien,question_multimodal.png,im_combination.png,,,,,,
,,,773077,1,21,2023-10-02_18h03.03.243,flesh_expressibility_dutch,2022.2.4,Win32,59.85515054,,,,21.0,1.0,Nederlands,,,,,,Engels,0.0,,0.0,,0.0,,0.0,,0.0,,0.0,,0.0,,0.0,NL,7.0,2.0,2.0,1.0,,sensorypref2,1280.0,720.0,,,,,,,,,,,,,,,,,,,,,,,,,,,,,,,,,,,,22.0,461.2363,52.0,"[5.545599999904638,0.5664000000953706,1.3157000000476842,0.5500000000000114,0.5995000000000061,0.7827999999523172,2.5810000000000173,0.7166000000238455,0.5828999999761493,1.032600000023848,0.6996999999284697,0.5663999999761415,1.182899999976172,0.5995000000000061,0.6496000000238382,0.6163999999761529,1.515500000000003,0.5829999999999984,0.6996000000238496,3.1976999999284885,2.2651000000238355,1.4660999999046567,1.232500000000016,0.5659999999999741,0.599700000047676,0.6663999999761927,0.5323999999761782,0.7995000000000232,0.5992000000476878,0.7825000000000273,1.5321000000238314,0.6496000000238382,0.6998000000715479,0.7327999999523058,0.782299999952329,0.815899999976125,0.5994000000953861,0.5161999999284603,2.1816000000238773,0.7492000000477219,0.5994999999999777,0.6494999999999891,0.9825000000000159,0.5830000000000268,0.7493000000715142,0.6330000000000382,0.7659999999999627,0.6661999999284944,1.083399999976109,0.8496000000238269,1.7320000000000277,0.6496000000238382]","[5.545799999952322,0.5664999999999907,1.3158000000715333,0.5500000000000114,0.5996000000238553,0.7828999999761663,2.581100000023838,0.7166000000238455,0.5829999999999984,1.0327000000476687,0.6996999999284697,0.5664999999999907,1.182899999976172,0.5995000000000061,0.6498000000715365,0.6163999999761529,1.515500000000003,0.5829999999999984,0.6997000000476703,3.1977999999523092,2.2651000000238355,1.4661999999284774,1.2326000000238366,0.5662000000476723,0.599700000047676,0.6663999999761927,0.5325999999046189,0.7995000000000232,0.5992000000476878,0.7825000000000273,1.5321000000238314,0.6496000000238382,0.6998000000715479,0.732899999976155,0.7823999999761782,0.8160999999046226,0.5996000000238269,0.5162999999523095,2.1817000000476696,0.7492000000477219,0.5996000000238269,0.6497000000476874,0.9825000000000159,0.5832000000477251,0.7493000000715142,0.6330000000000382,0.7659999999999627,0.6661999999284944,1.0836000000238073,0.8496000000238269,1.7321000000238769,0.6498000000714796]",,,0.0,50.0,50.0,205.0,1.0,vork,mvork,question_multimodal.png,im_combination.png,,,,,,
,,,773077,1,21,2023-10-02_18h03.03.243,flesh_expressibility_dutch,2022.2.4,Win32,59.85515054,,,,21.0,1.0,Nederlands,,,,,,Engels,0.0,,0.0,,0.0,,0.0,,0.0,,0.0,,0.0,,0.0,NL,7.0,2.0,2.0,1.0,,sensorypref2,1280.0,720.0,,,,,,,,,,,,,,,,,,,,,,,,,,,,,,,,,,,,22.0,462.3421,52.0,"[5.545599999904638,0.5664000000953706,1.3157000000476842,0.5500000000000114,0.5995000000000061,0.7827999999523172,2.5810000000000173,0.7166000000238455,0.5828999999761493,1.032600000023848,0.6996999999284697,0.5663999999761415,1.182899999976172,0.5995000000000061,0.6496000000238382,0.6163999999761529,1.515500000000003,0.5829999999999984,0.6996000000238496,3.1976999999284885,2.2651000000238355,1.4660999999046567,1.232500000000016,0.5659999999999741,0.599700000047676,0.6663999999761927,0.5323999999761782,0.7995000000000232,0.5992000000476878,0.7825000000000273,1.5321000000238314,0.6496000000238382,0.6998000000715479,0.7327999999523058,0.782299999952329,0.815899999976125,0.5994000000953861,0.5161999999284603,2.1816000000238773,0.7492000000477219,0.5994999999999777,0.6494999999999891,0.9825000000000159,0.5830000000000268,0.7493000000715142,0.6330000000000382,0.7659999999999627,0.6661999999284944,1.083399999976109,0.8496000000238269,1.7320000000000277,0.6496000000238382]","[5.545799999952322,0.5664999999999907,1.3158000000715333,0.5500000000000114,0.5996000000238553,0.7828999999761663,2.581100000023838,0.7166000000238455,0.5829999999999984,1.0327000000476687,0.6996999999284697,0.5664999999999907,1.182899999976172,0.5995000000000061,0.6498000000715365,0.6163999999761529,1.515500000000003,0.5829999999999984,0.6997000000476703,3.1977999999523092,2.2651000000238355,1.4661999999284774,1.2326000000238366,0.5662000000476723,0.599700000047676,0.6663999999761927,0.5325999999046189,0.7995000000000232,0.5992000000476878,0.7825000000000273,1.5321000000238314,0.6496000000238382,0.6998000000715479,0.732899999976155,0.7823999999761782,0.8160999999046226,0.5996000000238269,0.5162999999523095,2.1817000000476696,0.7492000000477219,0.5996000000238269,0.6497000000476874,0.9825000000000159,0.5832000000477251,0.7493000000715142,0.6330000000000382,0.7659999999999627,0.6661999999284944,1.0836000000238073,0.8496000000238269,1.7321000000238769,0.6498000000714796]",,,0.0,51.0,51.0,62.0,1.0,piepen,mpiepen,question_multimodal.png,im_combination.png,,,,,,
,,,773077,1,21,2023-10-02_18h03.03.243,flesh_expressibility_dutch,2022.2.4,Win32,59.85515054,,,,21.0,1.0,Nederlands,,,,,,Engels,0.0,,0.0,,0.0,,0.0,,0.0,,0.0,,0.0,,0.0,NL,7.0,2.0,2.0,1.0,,sensorypref2,1280.0,720.0,,,,,,,,,,,,,,,,,,,,,,,,,,,,,,,,,,,,22.0,463.3668,52.0,"[5.545599999904638,0.5664000000953706,1.3157000000476842,0.5500000000000114,0.5995000000000061,0.7827999999523172,2.5810000000000173,0.7166000000238455,0.5828999999761493,1.032600000023848,0.6996999999284697,0.5663999999761415,1.182899999976172,0.5995000000000061,0.6496000000238382,0.6163999999761529,1.515500000000003,0.5829999999999984,0.6996000000238496,3.1976999999284885,2.2651000000238355,1.4660999999046567,1.232500000000016,0.5659999999999741,0.599700000047676,0.6663999999761927,0.5323999999761782,0.7995000000000232,0.5992000000476878,0.7825000000000273,1.5321000000238314,0.6496000000238382,0.6998000000715479,0.7327999999523058,0.782299999952329,0.815899999976125,0.5994000000953861,0.5161999999284603,2.1816000000238773,0.7492000000477219,0.5994999999999777,0.6494999999999891,0.9825000000000159,0.5830000000000268,0.7493000000715142,0.6330000000000382,0.7659999999999627,0.6661999999284944,1.083399999976109,0.8496000000238269,1.7320000000000277,0.6496000000238382]","[5.545799999952322,0.5664999999999907,1.3158000000715333,0.5500000000000114,0.5996000000238553,0.7828999999761663,2.581100000023838,0.7166000000238455,0.5829999999999984,1.0327000000476687,0.6996999999284697,0.5664999999999907,1.182899999976172,0.5995000000000061,0.6498000000715365,0.6163999999761529,1.515500000000003,0.5829999999999984,0.6997000000476703,3.1977999999523092,2.2651000000238355,1.4661999999284774,1.2326000000238366,0.5662000000476723,0.599700000047676,0.6663999999761927,0.5325999999046189,0.7995000000000232,0.5992000000476878,0.7825000000000273,1.5321000000238314,0.6496000000238382,0.6998000000715479,0.732899999976155,0.7823999999761782,0.8160999999046226,0.5996000000238269,0.5162999999523095,2.1817000000476696,0.7492000000477219,0.5996000000238269,0.6497000000476874,0.9825000000000159,0.5832000000477251,0.7493000000715142,0.6330000000000382,0.7659999999999627,0.6661999999284944,1.0836000000238073,0.8496000000238269,1.7321000000238769,0.6498000000714796]",,,0.0,52.0,52.0,17.0,1.0,verschillend,mverschillend,question_multimodal.png,im_combination.png,,,,,,
,,,773077,1,21,2023-10-02_18h03.03.243,flesh_expressibility_dutch,2022.2.4,Win32,59.85515054,,,,21.0,1.0,Nederlands,,,,,,Engels,0.0,,0.0,,0.0,,0.0,,0.0,,0.0,,0.0,,0.0,NL,7.0,2.0,2.0,1.0,,sensorypref2,1280.0,720.0,,,,,,,,,,,,,,,,,,,,,,,,,,,,,,,,,,,,22.0,464.3898,52.0,"[5.545599999904638,0.5664000000953706,1.3157000000476842,0.5500000000000114,0.5995000000000061,0.7827999999523172,2.5810000000000173,0.7166000000238455,0.5828999999761493,1.032600000023848,0.6996999999284697,0.5663999999761415,1.182899999976172,0.5995000000000061,0.6496000000238382,0.6163999999761529,1.515500000000003,0.5829999999999984,0.6996000000238496,3.1976999999284885,2.2651000000238355,1.4660999999046567,1.232500000000016,0.5659999999999741,0.599700000047676,0.6663999999761927,0.5323999999761782,0.7995000000000232,0.5992000000476878,0.7825000000000273,1.5321000000238314,0.6496000000238382,0.6998000000715479,0.7327999999523058,0.782299999952329,0.815899999976125,0.5994000000953861,0.5161999999284603,2.1816000000238773,0.7492000000477219,0.5994999999999777,0.6494999999999891,0.9825000000000159,0.5830000000000268,0.7493000000715142,0.6330000000000382,0.7659999999999627,0.6661999999284944,1.083399999976109,0.8496000000238269,1.7320000000000277,0.6496000000238382]","[5.545799999952322,0.5664999999999907,1.3158000000715333,0.5500000000000114,0.5996000000238553,0.7828999999761663,2.581100000023838,0.7166000000238455,0.5829999999999984,1.0327000000476687,0.6996999999284697,0.5664999999999907,1.182899999976172,0.5995000000000061,0.6498000000715365,0.6163999999761529,1.515500000000003,0.5829999999999984,0.6997000000476703,3.1977999999523092,2.2651000000238355,1.4661999999284774,1.2326000000238366,0.5662000000476723,0.599700000047676,0.6663999999761927,0.5325999999046189,0.7995000000000232,0.5992000000476878,0.7825000000000273,1.5321000000238314,0.6496000000238382,0.6998000000715479,0.732899999976155,0.7823999999761782,0.8160999999046226,0.5996000000238269,0.5162999999523095,2.1817000000476696,0.7492000000477219,0.5996000000238269,0.6497000000476874,0.9825000000000159,0.5832000000477251,0.7493000000715142,0.6330000000000382,0.7659999999999627,0.6661999999284944,1.0836000000238073,0.8496000000238269,1.7321000000238769,0.6498000000714796]",,,0.0,53.0,53.0,173.0,1.0,klein,mklein,question_multimodal.png,im_combination.png,,,,,,
,,,773077,1,21,2023-10-02_18h03.03.243,flesh_expressibility_dutch,2022.2.4,Win32,59.85515054,,,,21.0,1.0,Nederlands,,,,,,Engels,0.0,,0.0,,0.0,,0.0,,0.0,,0.0,,0.0,,0.0,NL,7.0,2.0,2.0,1.0,,sensorypref2,1280.0,720.0,,,,,,,,,,,,,,,,,,,,,,,,,,,,,,,,,,,,18.0,465.3135,53.0,"[5.545599999904638,0.5664000000953706,1.3157000000476842,0.5500000000000114,0.5995000000000061,0.7827999999523172,2.5810000000000173,0.7166000000238455,0.5828999999761493,1.032600000023848,0.6996999999284697,0.5663999999761415,1.182899999976172,0.5995000000000061,0.6496000000238382,0.6163999999761529,1.515500000000003,0.5829999999999984,0.6996000000238496,3.1976999999284885,2.2651000000238355,1.4660999999046567,1.232500000000016,0.5659999999999741,0.599700000047676,0.6663999999761927,0.5323999999761782,0.7995000000000232,0.5992000000476878,0.7825000000000273,1.5321000000238314,0.6496000000238382,0.6998000000715479,0.7327999999523058,0.782299999952329,0.815899999976125,0.5994000000953861,0.5161999999284603,2.1816000000238773,0.7492000000477219,0.5994999999999777,0.6494999999999891,0.9825000000000159,0.5830000000000268,0.7493000000715142,0.6330000000000382,0.7659999999999627,0.6661999999284944,1.083399999976109,0.8496000000238269,1.7320000000000277,0.6496000000238382,0.6162999999523322]","[5.545799999952322,0.5664999999999907,1.3158000000715333,0.5500000000000114,0.5996000000238553,0.7828999999761663,2.581100000023838,0.7166000000238455,0.5829999999999984,1.0327000000476687,0.6996999999284697,0.5664999999999907,1.182899999976172,0.5995000000000061,0.6498000000715365,0.6163999999761529,1.515500000000003,0.5829999999999984,0.6997000000476703,3.1977999999523092,2.2651000000238355,1.4661999999284774,1.2326000000238366,0.5662000000476723,0.599700000047676,0.6663999999761927,0.5325999999046189,0.7995000000000232,0.5992000000476878,0.7825000000000273,1.5321000000238314,0.6496000000238382,0.6998000000715479,0.732899999976155,0.7823999999761782,0.8160999999046226,0.5996000000238269,0.5162999999523095,2.1817000000476696,0.7492000000477219,0.5996000000238269,0.6497000000476874,0.9825000000000159,0.5832000000477251,0.7493000000715142,0.6330000000000382,0.7659999999999627,0.6661999999284944,1.0836000000238073,0.8496000000238269,1.7321000000238769,0.6498000000714796,0.6163999999761245]",-0.351851739,7.6204,0.0,54.0,54.0,76.0,1.0,blauw,mblauw,question_multimodal.png,im_combination.png,,,,,,
,,,773077,1,21,2023-10-02_18h03.03.243,flesh_expressibility_dutch,2022.2.4,Win32,59.85515054,,,,21.0,1.0,Nederlands,,,,,,Engels,0.0,,0.0,,0.0,,0.0,,0.0,,0.0,,0.0,,0.0,NL,7.0,2.0,2.0,1.0,,sensorypref2,1280.0,720.0,,,,,,,,,,,,,,,,,,,,,,,,,,,,,,,,,,,,22.0,473.501,53.0,"[5.545599999904638,0.5664000000953706,1.3157000000476842,0.5500000000000114,0.5995000000000061,0.7827999999523172,2.5810000000000173,0.7166000000238455,0.5828999999761493,1.032600000023848,0.6996999999284697,0.5663999999761415,1.182899999976172,0.5995000000000061,0.6496000000238382,0.6163999999761529,1.515500000000003,0.5829999999999984,0.6996000000238496,3.1976999999284885,2.2651000000238355,1.4660999999046567,1.232500000000016,0.5659999999999741,0.599700000047676,0.6663999999761927,0.5323999999761782,0.7995000000000232,0.5992000000476878,0.7825000000000273,1.5321000000238314,0.6496000000238382,0.6998000000715479,0.7327999999523058,0.782299999952329,0.815899999976125,0.5994000000953861,0.5161999999284603,2.1816000000238773,0.7492000000477219,0.5994999999999777,0.6494999999999891,0.9825000000000159,0.5830000000000268,0.7493000000715142,0.6330000000000382,0.7659999999999627,0.6661999999284944,1.083399999976109,0.8496000000238269,1.7320000000000277,0.6496000000238382,0.6162999999523322]","[5.545799999952322,0.5664999999999907,1.3158000000715333,0.5500000000000114,0.5996000000238553,0.7828999999761663,2.581100000023838,0.7166000000238455,0.5829999999999984,1.0327000000476687,0.6996999999284697,0.5664999999999907,1.182899999976172,0.5995000000000061,0.6498000000715365,0.6163999999761529,1.515500000000003,0.5829999999999984,0.6997000000476703,3.1977999999523092,2.2651000000238355,1.4661999999284774,1.2326000000238366,0.5662000000476723,0.599700000047676,0.6663999999761927,0.5325999999046189,0.7995000000000232,0.5992000000476878,0.7825000000000273,1.5321000000238314,0.6496000000238382,0.6998000000715479,0.732899999976155,0.7823999999761782,0.8160999999046226,0.5996000000238269,0.5162999999523095,2.1817000000476696,0.7492000000477219,0.5996000000238269,0.6497000000476874,0.9825000000000159,0.5832000000477251,0.7493000000715142,0.6330000000000382,0.7659999999999627,0.6661999999284944,1.0836000000238073,0.8496000000238269,1.7321000000238769,0.6498000000714796,0.6163999999761245]",,,0.0,55.0,55.0,22.0,1.0,sommige,msommige,question_multimodal.png,im_combination.png,,,,,,
,,,773077,1,21,2023-10-02_18h03.03.243,flesh_expressibility_dutch,2022.2.4,Win32,59.85515054,,,,21.0,1.0,Nederlands,,,,,,Engels,0.0,,0.0,,0.0,,0.0,,0.0,,0.0,,0.0,,0.0,NL,7.0,2.0,2.0,1.0,,sensorypref2,1280.0,720.0,,,,,,,,,,,,,,,,,,,,,,,,,,,,,,,,,,,,21.0,474.4274,54.0,"[5.545599999904638,0.5664000000953706,1.3157000000476842,0.5500000000000114,0.5995000000000061,0.7827999999523172,2.5810000000000173,0.7166000000238455,0.5828999999761493,1.032600000023848,0.6996999999284697,0.5663999999761415,1.182899999976172,0.5995000000000061,0.6496000000238382,0.6163999999761529,1.515500000000003,0.5829999999999984,0.6996000000238496,3.1976999999284885,2.2651000000238355,1.4660999999046567,1.232500000000016,0.5659999999999741,0.599700000047676,0.6663999999761927,0.5323999999761782,0.7995000000000232,0.5992000000476878,0.7825000000000273,1.5321000000238314,0.6496000000238382,0.6998000000715479,0.7327999999523058,0.782299999952329,0.815899999976125,0.5994000000953861,0.5161999999284603,2.1816000000238773,0.7492000000477219,0.5994999999999777,0.6494999999999891,0.9825000000000159,0.5830000000000268,0.7493000000715142,0.6330000000000382,0.7659999999999627,0.6661999999284944,1.083399999976109,0.8496000000238269,1.7320000000000277,0.6496000000238382,0.6162999999523322,1.1491999999284417]","[5.545799999952322,0.5664999999999907,1.3158000000715333,0.5500000000000114,0.5996000000238553,0.7828999999761663,2.581100000023838,0.7166000000238455,0.5829999999999984,1.0327000000476687,0.6996999999284697,0.5664999999999907,1.182899999976172,0.5995000000000061,0.6498000000715365,0.6163999999761529,1.515500000000003,0.5829999999999984,0.6997000000476703,3.1977999999523092,2.2651000000238355,1.4661999999284774,1.2326000000238366,0.5662000000476723,0.599700000047676,0.6663999999761927,0.5325999999046189,0.7995000000000232,0.5992000000476878,0.7825000000000273,1.5321000000238314,0.6496000000238382,0.6998000000715479,0.732899999976155,0.7823999999761782,0.8160999999046226,0.5996000000238269,0.5162999999523095,2.1817000000476696,0.7492000000477219,0.5996000000238269,0.6497000000476874,0.9825000000000159,0.5832000000477251,0.7493000000715142,0.6330000000000382,0.7659999999999627,0.6661999999284944,1.0836000000238073,0.8496000000238269,1.7321000000238769,0.6498000000714796,0.6163999999761245,1.1492999999522908]",-0.268518405,2.7369,0.0,56.0,56.0,32.0,1.0,vooraan,mvooraan,question_multimodal.png,im_combination.png,,,,,,
,,,773077,1,21,2023-10-02_18h03.03.243,flesh_expressibility_dutch,2022.2.4,Win32,59.85515054,,,,21.0,1.0,Nederlands,,,,,,Engels,0.0,,0.0,,0.0,,0.0,,0.0,,0.0,,0.0,,0.0,NL,7.0,2.0,2.0,1.0,,sensorypref2,1280.0,720.0,,,,,,,,,,,,,,,,,,,,,,,,,,,,,,,,,,,,22.0,478.0121,54.0,"[5.545599999904638,0.5664000000953706,1.3157000000476842,0.5500000000000114,0.5995000000000061,0.7827999999523172,2.5810000000000173,0.7166000000238455,0.5828999999761493,1.032600000023848,0.6996999999284697,0.5663999999761415,1.182899999976172,0.5995000000000061,0.6496000000238382,0.6163999999761529,1.515500000000003,0.5829999999999984,0.6996000000238496,3.1976999999284885,2.2651000000238355,1.4660999999046567,1.232500000000016,0.5659999999999741,0.599700000047676,0.6663999999761927,0.5323999999761782,0.7995000000000232,0.5992000000476878,0.7825000000000273,1.5321000000238314,0.6496000000238382,0.6998000000715479,0.7327999999523058,0.782299999952329,0.815899999976125,0.5994000000953861,0.5161999999284603,2.1816000000238773,0.7492000000477219,0.5994999999999777,0.6494999999999891,0.9825000000000159,0.5830000000000268,0.7493000000715142,0.6330000000000382,0.7659999999999627,0.6661999999284944,1.083399999976109,0.8496000000238269,1.7320000000000277,0.6496000000238382,0.6162999999523322,1.1491999999284417]","[5.545799999952322,0.5664999999999907,1.3158000000715333,0.5500000000000114,0.5996000000238553,0.7828999999761663,2.581100000023838,0.7166000000238455,0.5829999999999984,1.0327000000476687,0.6996999999284697,0.5664999999999907,1.182899999976172,0.5995000000000061,0.6498000000715365,0.6163999999761529,1.515500000000003,0.5829999999999984,0.6997000000476703,3.1977999999523092,2.2651000000238355,1.4661999999284774,1.2326000000238366,0.5662000000476723,0.599700000047676,0.6663999999761927,0.5325999999046189,0.7995000000000232,0.5992000000476878,0.7825000000000273,1.5321000000238314,0.6496000000238382,0.6998000000715479,0.732899999976155,0.7823999999761782,0.8160999999046226,0.5996000000238269,0.5162999999523095,2.1817000000476696,0.7492000000477219,0.5996000000238269,0.6497000000476874,0.9825000000000159,0.5832000000477251,0.7493000000715142,0.6330000000000382,0.7659999999999627,0.6661999999284944,1.0836000000238073,0.8496000000238269,1.7321000000238769,0.6498000000714796,0.6163999999761245,1.1492999999522908]",,,0.0,57.0,57.0,86.0,1.0,badderen,mbadderen,question_multimodal.png,im_combination.png,,,,,,
,,,773077,1,21,2023-10-02_18h03.03.243,flesh_expressibility_dutch,2022.2.4,Win32,59.85515054,,,,21.0,1.0,Nederlands,,,,,,Engels,0.0,,0.0,,0.0,,0.0,,0.0,,0.0,,0.0,,0.0,NL,7.0,2.0,2.0,1.0,,sensorypref2,1280.0,720.0,,,,,,,,,,,,,,,,,,,,,,,,,,,,,,,,,,,,22.0,478.9734,54.0,"[5.545599999904638,0.5664000000953706,1.3157000000476842,0.5500000000000114,0.5995000000000061,0.7827999999523172,2.5810000000000173,0.7166000000238455,0.5828999999761493,1.032600000023848,0.6996999999284697,0.5663999999761415,1.182899999976172,0.5995000000000061,0.6496000000238382,0.6163999999761529,1.515500000000003,0.5829999999999984,0.6996000000238496,3.1976999999284885,2.2651000000238355,1.4660999999046567,1.232500000000016,0.5659999999999741,0.599700000047676,0.6663999999761927,0.5323999999761782,0.7995000000000232,0.5992000000476878,0.7825000000000273,1.5321000000238314,0.6496000000238382,0.6998000000715479,0.7327999999523058,0.782299999952329,0.815899999976125,0.5994000000953861,0.5161999999284603,2.1816000000238773,0.7492000000477219,0.5994999999999777,0.6494999999999891,0.9825000000000159,0.5830000000000268,0.7493000000715142,0.6330000000000382,0.7659999999999627,0.6661999999284944,1.083399999976109,0.8496000000238269,1.7320000000000277,0.6496000000238382,0.6162999999523322,1.1491999999284417]","[5.545799999952322,0.5664999999999907,1.3158000000715333,0.5500000000000114,0.5996000000238553,0.7828999999761663,2.581100000023838,0.7166000000238455,0.5829999999999984,1.0327000000476687,0.6996999999284697,0.5664999999999907,1.182899999976172,0.5995000000000061,0.6498000000715365,0.6163999999761529,1.515500000000003,0.5829999999999984,0.6997000000476703,3.1977999999523092,2.2651000000238355,1.4661999999284774,1.2326000000238366,0.5662000000476723,0.599700000047676,0.6663999999761927,0.5325999999046189,0.7995000000000232,0.5992000000476878,0.7825000000000273,1.5321000000238314,0.6496000000238382,0.6998000000715479,0.732899999976155,0.7823999999761782,0.8160999999046226,0.5996000000238269,0.5162999999523095,2.1817000000476696,0.7492000000477219,0.5996000000238269,0.6497000000476874,0.9825000000000159,0.5832000000477251,0.7493000000715142,0.6330000000000382,0.7659999999999627,0.6661999999284944,1.0836000000238073,0.8496000000238269,1.7321000000238769,0.6498000000714796,0.6163999999761245,1.1492999999522908]",,,0.0,58.0,58.0,155.0,1.0,zuigen,mzuigen,question_multimodal.png,im_combination.png,,,,,,
,,,773077,1,21,2023-10-02_18h03.03.243,flesh_expressibility_dutch,2022.2.4,Win32,59.85515054,,,,21.0,1.0,Nederlands,,,,,,Engels,0.0,,0.0,,0.0,,0.0,,0.0,,0.0,,0.0,,0.0,NL,7.0,2.0,2.0,1.0,,sensorypref2,1280.0,720.0,,,,,,,,,,,,,,,,,,,,,,,,,,,,,,,,,,,,20.0,480.0573,55.0,"[5.545599999904638,0.5664000000953706,1.3157000000476842,0.5500000000000114,0.5995000000000061,0.7827999999523172,2.5810000000000173,0.7166000000238455,0.5828999999761493,1.032600000023848,0.6996999999284697,0.5663999999761415,1.182899999976172,0.5995000000000061,0.6496000000238382,0.6163999999761529,1.515500000000003,0.5829999999999984,0.6996000000238496,3.1976999999284885,2.2651000000238355,1.4660999999046567,1.232500000000016,0.5659999999999741,0.599700000047676,0.6663999999761927,0.5323999999761782,0.7995000000000232,0.5992000000476878,0.7825000000000273,1.5321000000238314,0.6496000000238382,0.6998000000715479,0.7327999999523058,0.782299999952329,0.815899999976125,0.5994000000953861,0.5161999999284603,2.1816000000238773,0.7492000000477219,0.5994999999999777,0.6494999999999891,0.9825000000000159,0.5830000000000268,0.7493000000715142,0.6330000000000382,0.7659999999999627,0.6661999999284944,1.083399999976109,0.8496000000238269,1.7320000000000277,0.6496000000238382,0.6162999999523322,1.1491999999284417,0.6328999999761891]","[5.545799999952322,0.5664999999999907,1.3158000000715333,0.5500000000000114,0.5996000000238553,0.7828999999761663,2.581100000023838,0.7166000000238455,0.5829999999999984,1.0327000000476687,0.6996999999284697,0.5664999999999907,1.182899999976172,0.5995000000000061,0.6498000000715365,0.6163999999761529,1.515500000000003,0.5829999999999984,0.6997000000476703,3.1977999999523092,2.2651000000238355,1.4661999999284774,1.2326000000238366,0.5662000000476723,0.599700000047676,0.6663999999761927,0.5325999999046189,0.7995000000000232,0.5992000000476878,0.7825000000000273,1.5321000000238314,0.6496000000238382,0.6998000000715479,0.732899999976155,0.7823999999761782,0.8160999999046226,0.5996000000238269,0.5162999999523095,2.1817000000476696,0.7492000000477219,0.5996000000238269,0.6497000000476874,0.9825000000000159,0.5832000000477251,0.7493000000715142,0.6330000000000382,0.7659999999999627,0.6661999999284944,1.0836000000238073,0.8496000000238269,1.7321000000238769,0.6498000000714796,0.6163999999761245,1.1492999999522908,0.6330000000000382]",0.372222222,3.6048,0.0,59.0,59.0,40.0,1.0,bang,mbang,question_multimodal.png,im_combination.png,,,,,,
,,,773077,1,21,2023-10-02_18h03.03.243,flesh_expressibility_dutch,2022.2.4,Win32,59.85515054,,,,21.0,1.0,Nederlands,,,,,,Engels,0.0,,0.0,,0.0,,0.0,,0.0,,0.0,,0.0,,0.0,NL,7.0,2.0,2.0,1.0,,sensorypref2,1280.0,720.0,,,,,,,,,,,,,,,,,,,,,,,,,,,,,,,,,,,,22.0,483.997,55.0,"[5.545599999904638,0.5664000000953706,1.3157000000476842,0.5500000000000114,0.5995000000000061,0.7827999999523172,2.5810000000000173,0.7166000000238455,0.5828999999761493,1.032600000023848,0.6996999999284697,0.5663999999761415,1.182899999976172,0.5995000000000061,0.6496000000238382,0.6163999999761529,1.515500000000003,0.5829999999999984,0.6996000000238496,3.1976999999284885,2.2651000000238355,1.4660999999046567,1.232500000000016,0.5659999999999741,0.599700000047676,0.6663999999761927,0.5323999999761782,0.7995000000000232,0.5992000000476878,0.7825000000000273,1.5321000000238314,0.6496000000238382,0.6998000000715479,0.7327999999523058,0.782299999952329,0.815899999976125,0.5994000000953861,0.5161999999284603,2.1816000000238773,0.7492000000477219,0.5994999999999777,0.6494999999999891,0.9825000000000159,0.5830000000000268,0.7493000000715142,0.6330000000000382,0.7659999999999627,0.6661999999284944,1.083399999976109,0.8496000000238269,1.7320000000000277,0.6496000000238382,0.6162999999523322,1.1491999999284417,0.6328999999761891]","[5.545799999952322,0.5664999999999907,1.3158000000715333,0.5500000000000114,0.5996000000238553,0.7828999999761663,2.581100000023838,0.7166000000238455,0.5829999999999984,1.0327000000476687,0.6996999999284697,0.5664999999999907,1.182899999976172,0.5995000000000061,0.6498000000715365,0.6163999999761529,1.515500000000003,0.5829999999999984,0.6997000000476703,3.1977999999523092,2.2651000000238355,1.4661999999284774,1.2326000000238366,0.5662000000476723,0.599700000047676,0.6663999999761927,0.5325999999046189,0.7995000000000232,0.5992000000476878,0.7825000000000273,1.5321000000238314,0.6496000000238382,0.6998000000715479,0.732899999976155,0.7823999999761782,0.8160999999046226,0.5996000000238269,0.5162999999523095,2.1817000000476696,0.7492000000477219,0.5996000000238269,0.6497000000476874,0.9825000000000159,0.5832000000477251,0.7493000000715142,0.6330000000000382,0.7659999999999627,0.6661999999284944,1.0836000000238073,0.8496000000238269,1.7321000000238769,0.6498000000714796,0.6163999999761245,1.1492999999522908,0.6330000000000382]",,,0.0,60.0,60.0,124.0,1.0,nek,mnek,question_multimodal.png,im_combination.png,,,,,,
,,,773077,1,21,2023-10-02_18h03.03.243,flesh_expressibility_dutch,2022.2.4,Win32,59.85515054,,,,21.0,1.0,Nederlands,,,,,,Engels,0.0,,0.0,,0.0,,0.0,,0.0,,0.0,,0.0,,0.0,NL,7.0,2.0,2.0,1.0,,sensorypref2,1280.0,720.0,,,,,,,,,,,,,,,,,,,,,,,,,,,,,,,,,,,,22.0,485.0753,55.0,"[5.545599999904638,0.5664000000953706,1.3157000000476842,0.5500000000000114,0.5995000000000061,0.7827999999523172,2.5810000000000173,0.7166000000238455,0.5828999999761493,1.032600000023848,0.6996999999284697,0.5663999999761415,1.182899999976172,0.5995000000000061,0.6496000000238382,0.6163999999761529,1.515500000000003,0.5829999999999984,0.6996000000238496,3.1976999999284885,2.2651000000238355,1.4660999999046567,1.232500000000016,0.5659999999999741,0.599700000047676,0.6663999999761927,0.5323999999761782,0.7995000000000232,0.5992000000476878,0.7825000000000273,1.5321000000238314,0.6496000000238382,0.6998000000715479,0.7327999999523058,0.782299999952329,0.815899999976125,0.5994000000953861,0.5161999999284603,2.1816000000238773,0.7492000000477219,0.5994999999999777,0.6494999999999891,0.9825000000000159,0.5830000000000268,0.7493000000715142,0.6330000000000382,0.7659999999999627,0.6661999999284944,1.083399999976109,0.8496000000238269,1.7320000000000277,0.6496000000238382,0.6162999999523322,1.1491999999284417,0.6328999999761891]","[5.545799999952322,0.5664999999999907,1.3158000000715333,0.5500000000000114,0.5996000000238553,0.7828999999761663,2.581100000023838,0.7166000000238455,0.5829999999999984,1.0327000000476687,0.6996999999284697,0.5664999999999907,1.182899999976172,0.5995000000000061,0.6498000000715365,0.6163999999761529,1.515500000000003,0.5829999999999984,0.6997000000476703,3.1977999999523092,2.2651000000238355,1.4661999999284774,1.2326000000238366,0.5662000000476723,0.599700000047676,0.6663999999761927,0.5325999999046189,0.7995000000000232,0.5992000000476878,0.7825000000000273,1.5321000000238314,0.6496000000238382,0.6998000000715479,0.732899999976155,0.7823999999761782,0.8160999999046226,0.5996000000238269,0.5162999999523095,2.1817000000476696,0.7492000000477219,0.5996000000238269,0.6497000000476874,0.9825000000000159,0.5832000000477251,0.7493000000715142,0.6330000000000382,0.7659999999999627,0.6661999999284944,1.0836000000238073,0.8496000000238269,1.7321000000238769,0.6498000000714796,0.6163999999761245,1.1492999999522908,0.6330000000000382]",,,0.0,61.0,61.0,186.0,1.0,lang,mlang,question_multimodal.png,im_combination.png,,,,,,
,,,773077,1,21,2023-10-02_18h03.03.243,flesh_expressibility_dutch,2022.2.4,Win32,59.85515054,,,,21.0,1.0,Nederlands,,,,,,Engels,0.0,,0.0,,0.0,,0.0,,0.0,,0.0,,0.0,,0.0,NL,7.0,2.0,2.0,1.0,,sensorypref2,1280.0,720.0,,,,,,,,,,,,,,,,,,,,,,,,,,,,,,,,,,,,22.0,486.1022,55.0,"[5.545599999904638,0.5664000000953706,1.3157000000476842,0.5500000000000114,0.5995000000000061,0.7827999999523172,2.5810000000000173,0.7166000000238455,0.5828999999761493,1.032600000023848,0.6996999999284697,0.5663999999761415,1.182899999976172,0.5995000000000061,0.6496000000238382,0.6163999999761529,1.515500000000003,0.5829999999999984,0.6996000000238496,3.1976999999284885,2.2651000000238355,1.4660999999046567,1.232500000000016,0.5659999999999741,0.599700000047676,0.6663999999761927,0.5323999999761782,0.7995000000000232,0.5992000000476878,0.7825000000000273,1.5321000000238314,0.6496000000238382,0.6998000000715479,0.7327999999523058,0.782299999952329,0.815899999976125,0.5994000000953861,0.5161999999284603,2.1816000000238773,0.7492000000477219,0.5994999999999777,0.6494999999999891,0.9825000000000159,0.5830000000000268,0.7493000000715142,0.6330000000000382,0.7659999999999627,0.6661999999284944,1.083399999976109,0.8496000000238269,1.7320000000000277,0.6496000000238382,0.6162999999523322,1.1491999999284417,0.6328999999761891]","[5.545799999952322,0.5664999999999907,1.3158000000715333,0.5500000000000114,0.5996000000238553,0.7828999999761663,2.581100000023838,0.7166000000238455,0.5829999999999984,1.0327000000476687,0.6996999999284697,0.5664999999999907,1.182899999976172,0.5995000000000061,0.6498000000715365,0.6163999999761529,1.515500000000003,0.5829999999999984,0.6997000000476703,3.1977999999523092,2.2651000000238355,1.4661999999284774,1.2326000000238366,0.5662000000476723,0.599700000047676,0.6663999999761927,0.5325999999046189,0.7995000000000232,0.5992000000476878,0.7825000000000273,1.5321000000238314,0.6496000000238382,0.6998000000715479,0.732899999976155,0.7823999999761782,0.8160999999046226,0.5996000000238269,0.5162999999523095,2.1817000000476696,0.7492000000477219,0.5996000000238269,0.6497000000476874,0.9825000000000159,0.5832000000477251,0.7493000000715142,0.6330000000000382,0.7659999999999627,0.6661999999284944,1.0836000000238073,0.8496000000238269,1.7321000000238769,0.6498000000714796,0.6163999999761245,1.1492999999522908,0.6330000000000382]",,,0.0,62.0,62.0,73.0,1.0,ruiken,mruiken,question_multimodal.png,im_combination.png,,,,,,
,,,773077,1,21,2023-10-02_18h03.03.243,flesh_expressibility_dutch,2022.2.4,Win32,59.85515054,,,,21.0,1.0,Nederlands,,,,,,Engels,0.0,,0.0,,0.0,,0.0,,0.0,,0.0,,0.0,,0.0,NL,7.0,2.0,2.0,1.0,,sensorypref2,1280.0,720.0,,,,,,,,,,,,,,,,,,,,,,,,,,,,,,,,,,,,22.0,487.02,55.0,"[5.545599999904638,0.5664000000953706,1.3157000000476842,0.5500000000000114,0.5995000000000061,0.7827999999523172,2.5810000000000173,0.7166000000238455,0.5828999999761493,1.032600000023848,0.6996999999284697,0.5663999999761415,1.182899999976172,0.5995000000000061,0.6496000000238382,0.6163999999761529,1.515500000000003,0.5829999999999984,0.6996000000238496,3.1976999999284885,2.2651000000238355,1.4660999999046567,1.232500000000016,0.5659999999999741,0.599700000047676,0.6663999999761927,0.5323999999761782,0.7995000000000232,0.5992000000476878,0.7825000000000273,1.5321000000238314,0.6496000000238382,0.6998000000715479,0.7327999999523058,0.782299999952329,0.815899999976125,0.5994000000953861,0.5161999999284603,2.1816000000238773,0.7492000000477219,0.5994999999999777,0.6494999999999891,0.9825000000000159,0.5830000000000268,0.7493000000715142,0.6330000000000382,0.7659999999999627,0.6661999999284944,1.083399999976109,0.8496000000238269,1.7320000000000277,0.6496000000238382,0.6162999999523322,1.1491999999284417,0.6328999999761891]","[5.545799999952322,0.5664999999999907,1.3158000000715333,0.5500000000000114,0.5996000000238553,0.7828999999761663,2.581100000023838,0.7166000000238455,0.5829999999999984,1.0327000000476687,0.6996999999284697,0.5664999999999907,1.182899999976172,0.5995000000000061,0.6498000000715365,0.6163999999761529,1.515500000000003,0.5829999999999984,0.6997000000476703,3.1977999999523092,2.2651000000238355,1.4661999999284774,1.2326000000238366,0.5662000000476723,0.599700000047676,0.6663999999761927,0.5325999999046189,0.7995000000000232,0.5992000000476878,0.7825000000000273,1.5321000000238314,0.6496000000238382,0.6998000000715479,0.732899999976155,0.7823999999761782,0.8160999999046226,0.5996000000238269,0.5162999999523095,2.1817000000476696,0.7492000000477219,0.5996000000238269,0.6497000000476874,0.9825000000000159,0.5832000000477251,0.7493000000715142,0.6330000000000382,0.7659999999999627,0.6661999999284944,1.0836000000238073,0.8496000000238269,1.7321000000238769,0.6498000000714796,0.6163999999761245,1.1492999999522908,0.6330000000000382]",,,0.0,63.0,63.0,80.0,1.0,vijand,mvijand,question_multimodal.png,im_combination.png,,,,,,
,,,773077,1,21,2023-10-02_18h03.03.243,flesh_expressibility_dutch,2022.2.4,Win32,59.85515054,,,,21.0,1.0,Nederlands,,,,,,Engels,0.0,,0.0,,0.0,,0.0,,0.0,,0.0,,0.0,,0.0,NL,7.0,2.0,2.0,1.0,,sensorypref2,1280.0,720.0,,,,,,,,,,,,,,,,,,,,,,,,,,,,,,,,,,,,22.0,488.0507,55.0,"[5.545599999904638,0.5664000000953706,1.3157000000476842,0.5500000000000114,0.5995000000000061,0.7827999999523172,2.5810000000000173,0.7166000000238455,0.5828999999761493,1.032600000023848,0.6996999999284697,0.5663999999761415,1.182899999976172,0.5995000000000061,0.6496000000238382,0.6163999999761529,1.515500000000003,0.5829999999999984,0.6996000000238496,3.1976999999284885,2.2651000000238355,1.4660999999046567,1.232500000000016,0.5659999999999741,0.599700000047676,0.6663999999761927,0.5323999999761782,0.7995000000000232,0.5992000000476878,0.7825000000000273,1.5321000000238314,0.6496000000238382,0.6998000000715479,0.7327999999523058,0.782299999952329,0.815899999976125,0.5994000000953861,0.5161999999284603,2.1816000000238773,0.7492000000477219,0.5994999999999777,0.6494999999999891,0.9825000000000159,0.5830000000000268,0.7493000000715142,0.6330000000000382,0.7659999999999627,0.6661999999284944,1.083399999976109,0.8496000000238269,1.7320000000000277,0.6496000000238382,0.6162999999523322,1.1491999999284417,0.6328999999761891]","[5.545799999952322,0.5664999999999907,1.3158000000715333,0.5500000000000114,0.5996000000238553,0.7828999999761663,2.581100000023838,0.7166000000238455,0.5829999999999984,1.0327000000476687,0.6996999999284697,0.5664999999999907,1.182899999976172,0.5995000000000061,0.6498000000715365,0.6163999999761529,1.515500000000003,0.5829999999999984,0.6997000000476703,3.1977999999523092,2.2651000000238355,1.4661999999284774,1.2326000000238366,0.5662000000476723,0.599700000047676,0.6663999999761927,0.5325999999046189,0.7995000000000232,0.5992000000476878,0.7825000000000273,1.5321000000238314,0.6496000000238382,0.6998000000715479,0.732899999976155,0.7823999999761782,0.8160999999046226,0.5996000000238269,0.5162999999523095,2.1817000000476696,0.7492000000477219,0.5996000000238269,0.6497000000476874,0.9825000000000159,0.5832000000477251,0.7493000000715142,0.6330000000000382,0.7659999999999627,0.6661999999284944,1.0836000000238073,0.8496000000238269,1.7321000000238769,0.6498000000714796,0.6163999999761245,1.1492999999522908,0.6330000000000382]",,,0.0,64.0,64.0,11.0,1.0,voelen,mvoelen,question_multimodal.png,im_combination.png,,,,,,
,,,773077,1,21,2023-10-02_18h03.03.243,flesh_expressibility_dutch,2022.2.4,Win32,59.85515054,,,,21.0,1.0,Nederlands,,,,,,Engels,0.0,,0.0,,0.0,,0.0,,0.0,,0.0,,0.0,,0.0,NL,7.0,2.0,2.0,1.0,,sensorypref2,1280.0,720.0,,,,,,,,,,,,,,,,,,,,,,,,,,,,,,,,,,,,22.0,489.0667,55.0,"[5.545599999904638,0.5664000000953706,1.3157000000476842,0.5500000000000114,0.5995000000000061,0.7827999999523172,2.5810000000000173,0.7166000000238455,0.5828999999761493,1.032600000023848,0.6996999999284697,0.5663999999761415,1.182899999976172,0.5995000000000061,0.6496000000238382,0.6163999999761529,1.515500000000003,0.5829999999999984,0.6996000000238496,3.1976999999284885,2.2651000000238355,1.4660999999046567,1.232500000000016,0.5659999999999741,0.599700000047676,0.6663999999761927,0.5323999999761782,0.7995000000000232,0.5992000000476878,0.7825000000000273,1.5321000000238314,0.6496000000238382,0.6998000000715479,0.7327999999523058,0.782299999952329,0.815899999976125,0.5994000000953861,0.5161999999284603,2.1816000000238773,0.7492000000477219,0.5994999999999777,0.6494999999999891,0.9825000000000159,0.5830000000000268,0.7493000000715142,0.6330000000000382,0.7659999999999627,0.6661999999284944,1.083399999976109,0.8496000000238269,1.7320000000000277,0.6496000000238382,0.6162999999523322,1.1491999999284417,0.6328999999761891]","[5.545799999952322,0.5664999999999907,1.3158000000715333,0.5500000000000114,0.5996000000238553,0.7828999999761663,2.581100000023838,0.7166000000238455,0.5829999999999984,1.0327000000476687,0.6996999999284697,0.5664999999999907,1.182899999976172,0.5995000000000061,0.6498000000715365,0.6163999999761529,1.515500000000003,0.5829999999999984,0.6997000000476703,3.1977999999523092,2.2651000000238355,1.4661999999284774,1.2326000000238366,0.5662000000476723,0.599700000047676,0.6663999999761927,0.5325999999046189,0.7995000000000232,0.5992000000476878,0.7825000000000273,1.5321000000238314,0.6496000000238382,0.6998000000715479,0.732899999976155,0.7823999999761782,0.8160999999046226,0.5996000000238269,0.5162999999523095,2.1817000000476696,0.7492000000477219,0.5996000000238269,0.6497000000476874,0.9825000000000159,0.5832000000477251,0.7493000000715142,0.6330000000000382,0.7659999999999627,0.6661999999284944,1.0836000000238073,0.8496000000238269,1.7321000000238769,0.6498000000714796,0.6163999999761245,1.1492999999522908,0.6330000000000382]",,,0.0,65.0,65.0,109.0,1.0,tong,mtong,question_multimodal.png,im_combination.png,,,,,,
,,,773077,1,21,2023-10-02_18h03.03.243,flesh_expressibility_dutch,2022.2.4,Win32,59.85515054,,,,21.0,1.0,Nederlands,,,,,,Engels,0.0,,0.0,,0.0,,0.0,,0.0,,0.0,,0.0,,0.0,NL,7.0,2.0,2.0,1.0,,sensorypref2,1280.0,720.0,,,,,,,,,,,,,,,,,,,,,,,,,,,,,,,,,,,,22.0,490.0938,55.0,"[5.545599999904638,0.5664000000953706,1.3157000000476842,0.5500000000000114,0.5995000000000061,0.7827999999523172,2.5810000000000173,0.7166000000238455,0.5828999999761493,1.032600000023848,0.6996999999284697,0.5663999999761415,1.182899999976172,0.5995000000000061,0.6496000000238382,0.6163999999761529,1.515500000000003,0.5829999999999984,0.6996000000238496,3.1976999999284885,2.2651000000238355,1.4660999999046567,1.232500000000016,0.5659999999999741,0.599700000047676,0.6663999999761927,0.5323999999761782,0.7995000000000232,0.5992000000476878,0.7825000000000273,1.5321000000238314,0.6496000000238382,0.6998000000715479,0.7327999999523058,0.782299999952329,0.815899999976125,0.5994000000953861,0.5161999999284603,2.1816000000238773,0.7492000000477219,0.5994999999999777,0.6494999999999891,0.9825000000000159,0.5830000000000268,0.7493000000715142,0.6330000000000382,0.7659999999999627,0.6661999999284944,1.083399999976109,0.8496000000238269,1.7320000000000277,0.6496000000238382,0.6162999999523322,1.1491999999284417,0.6328999999761891]","[5.545799999952322,0.5664999999999907,1.3158000000715333,0.5500000000000114,0.5996000000238553,0.7828999999761663,2.581100000023838,0.7166000000238455,0.5829999999999984,1.0327000000476687,0.6996999999284697,0.5664999999999907,1.182899999976172,0.5995000000000061,0.6498000000715365,0.6163999999761529,1.515500000000003,0.5829999999999984,0.6997000000476703,3.1977999999523092,2.2651000000238355,1.4661999999284774,1.2326000000238366,0.5662000000476723,0.599700000047676,0.6663999999761927,0.5325999999046189,0.7995000000000232,0.5992000000476878,0.7825000000000273,1.5321000000238314,0.6496000000238382,0.6998000000715479,0.732899999976155,0.7823999999761782,0.8160999999046226,0.5996000000238269,0.5162999999523095,2.1817000000476696,0.7492000000477219,0.5996000000238269,0.6497000000476874,0.9825000000000159,0.5832000000477251,0.7493000000715142,0.6330000000000382,0.7659999999999627,0.6661999999284944,1.0836000000238073,0.8496000000238269,1.7321000000238769,0.6498000000714796,0.6163999999761245,1.1492999999522908,0.6330000000000382]",,,0.0,66.0,66.0,114.0,1.0,borst,mborst,question_multimodal.png,im_combination.png,,,,,,
,,,773077,1,21,2023-10-02_18h03.03.243,flesh_expressibility_dutch,2022.2.4,Win32,59.85515054,,,,21.0,1.0,Nederlands,,,,,,Engels,0.0,,0.0,,0.0,,0.0,,0.0,,0.0,,0.0,,0.0,NL,7.0,2.0,2.0,1.0,,sensorypref2,1280.0,720.0,,,,,,,,,,,,,,,,,,,,,,,,,,,,,,,,,,,,22.0,491.1189,55.0,"[5.545599999904638,0.5664000000953706,1.3157000000476842,0.5500000000000114,0.5995000000000061,0.7827999999523172,2.5810000000000173,0.7166000000238455,0.5828999999761493,1.032600000023848,0.6996999999284697,0.5663999999761415,1.182899999976172,0.5995000000000061,0.6496000000238382,0.6163999999761529,1.515500000000003,0.5829999999999984,0.6996000000238496,3.1976999999284885,2.2651000000238355,1.4660999999046567,1.232500000000016,0.5659999999999741,0.599700000047676,0.6663999999761927,0.5323999999761782,0.7995000000000232,0.5992000000476878,0.7825000000000273,1.5321000000238314,0.6496000000238382,0.6998000000715479,0.7327999999523058,0.782299999952329,0.815899999976125,0.5994000000953861,0.5161999999284603,2.1816000000238773,0.7492000000477219,0.5994999999999777,0.6494999999999891,0.9825000000000159,0.5830000000000268,0.7493000000715142,0.6330000000000382,0.7659999999999627,0.6661999999284944,1.083399999976109,0.8496000000238269,1.7320000000000277,0.6496000000238382,0.6162999999523322,1.1491999999284417,0.6328999999761891]","[5.545799999952322,0.5664999999999907,1.3158000000715333,0.5500000000000114,0.5996000000238553,0.7828999999761663,2.581100000023838,0.7166000000238455,0.5829999999999984,1.0327000000476687,0.6996999999284697,0.5664999999999907,1.182899999976172,0.5995000000000061,0.6498000000715365,0.6163999999761529,1.515500000000003,0.5829999999999984,0.6997000000476703,3.1977999999523092,2.2651000000238355,1.4661999999284774,1.2326000000238366,0.5662000000476723,0.599700000047676,0.6663999999761927,0.5325999999046189,0.7995000000000232,0.5992000000476878,0.7825000000000273,1.5321000000238314,0.6496000000238382,0.6998000000715479,0.732899999976155,0.7823999999761782,0.8160999999046226,0.5996000000238269,0.5162999999523095,2.1817000000476696,0.7492000000477219,0.5996000000238269,0.6497000000476874,0.9825000000000159,0.5832000000477251,0.7493000000715142,0.6330000000000382,0.7659999999999627,0.6661999999284944,1.0836000000238073,0.8496000000238269,1.7321000000238769,0.6498000000714796,0.6163999999761245,1.1492999999522908,0.6330000000000382]",,,0.0,67.0,67.0,83.0,1.0,uit,muit,question_multimodal.png,im_combination.png,,,,,,
,,,773077,1,21,2023-10-02_18h03.03.243,flesh_expressibility_dutch,2022.2.4,Win32,59.85515054,,,,21.0,1.0,Nederlands,,,,,,Engels,0.0,,0.0,,0.0,,0.0,,0.0,,0.0,,0.0,,0.0,NL,7.0,2.0,2.0,1.0,,sensorypref2,1280.0,720.0,,,,,,,,,,,,,,,,,,,,,,,,,,,,,,,,,,,,21.0,492.1432,56.0,"[5.545599999904638,0.5664000000953706,1.3157000000476842,0.5500000000000114,0.5995000000000061,0.7827999999523172,2.5810000000000173,0.7166000000238455,0.5828999999761493,1.032600000023848,0.6996999999284697,0.5663999999761415,1.182899999976172,0.5995000000000061,0.6496000000238382,0.6163999999761529,1.515500000000003,0.5829999999999984,0.6996000000238496,3.1976999999284885,2.2651000000238355,1.4660999999046567,1.232500000000016,0.5659999999999741,0.599700000047676,0.6663999999761927,0.5323999999761782,0.7995000000000232,0.5992000000476878,0.7825000000000273,1.5321000000238314,0.6496000000238382,0.6998000000715479,0.7327999999523058,0.782299999952329,0.815899999976125,0.5994000000953861,0.5161999999284603,2.1816000000238773,0.7492000000477219,0.5994999999999777,0.6494999999999891,0.9825000000000159,0.5830000000000268,0.7493000000715142,0.6330000000000382,0.7659999999999627,0.6661999999284944,1.083399999976109,0.8496000000238269,1.7320000000000277,0.6496000000238382,0.6162999999523322,1.1491999999284417,0.6328999999761891,0.6498000000715365]","[5.545799999952322,0.5664999999999907,1.3158000000715333,0.5500000000000114,0.5996000000238553,0.7828999999761663,2.581100000023838,0.7166000000238455,0.5829999999999984,1.0327000000476687,0.6996999999284697,0.5664999999999907,1.182899999976172,0.5995000000000061,0.6498000000715365,0.6163999999761529,1.515500000000003,0.5829999999999984,0.6997000000476703,3.1977999999523092,2.2651000000238355,1.4661999999284774,1.2326000000238366,0.5662000000476723,0.599700000047676,0.6663999999761927,0.5325999999046189,0.7995000000000232,0.5992000000476878,0.7825000000000273,1.5321000000238314,0.6496000000238382,0.6998000000715479,0.732899999976155,0.7823999999761782,0.8160999999046226,0.5996000000238269,0.5162999999523095,2.1817000000476696,0.7492000000477219,0.5996000000238269,0.6497000000476874,0.9825000000000159,0.5832000000477251,0.7493000000715142,0.6330000000000382,0.7659999999999627,0.6661999999284944,1.0836000000238073,0.8496000000238269,1.7321000000238769,0.6498000000714796,0.6163999999761245,1.1492999999522908,0.6330000000000382,0.6498000000715365]",0.377777778,2.6331,0.0,68.0,68.0,102.0,1.0,vis,mvis,question_multimodal.png,im_combination.png,,,,,,
,,,773077,1,21,2023-10-02_18h03.03.243,flesh_expressibility_dutch,2022.2.4,Win32,59.85515054,,,,21.0,1.0,Nederlands,,,,,,Engels,0.0,,0.0,,0.0,,0.0,,0.0,,0.0,,0.0,,0.0,NL,7.0,2.0,2.0,1.0,,sensorypref2,1280.0,720.0,,,,,,,,,,,,,,,,,,,,,,,,,,,,,,,,,,,,22.0,495.3146,56.0,"[5.545599999904638,0.5664000000953706,1.3157000000476842,0.5500000000000114,0.5995000000000061,0.7827999999523172,2.5810000000000173,0.7166000000238455,0.5828999999761493,1.032600000023848,0.6996999999284697,0.5663999999761415,1.182899999976172,0.5995000000000061,0.6496000000238382,0.6163999999761529,1.515500000000003,0.5829999999999984,0.6996000000238496,3.1976999999284885,2.2651000000238355,1.4660999999046567,1.232500000000016,0.5659999999999741,0.599700000047676,0.6663999999761927,0.5323999999761782,0.7995000000000232,0.5992000000476878,0.7825000000000273,1.5321000000238314,0.6496000000238382,0.6998000000715479,0.7327999999523058,0.782299999952329,0.815899999976125,0.5994000000953861,0.5161999999284603,2.1816000000238773,0.7492000000477219,0.5994999999999777,0.6494999999999891,0.9825000000000159,0.5830000000000268,0.7493000000715142,0.6330000000000382,0.7659999999999627,0.6661999999284944,1.083399999976109,0.8496000000238269,1.7320000000000277,0.6496000000238382,0.6162999999523322,1.1491999999284417,0.6328999999761891,0.6498000000715365]","[5.545799999952322,0.5664999999999907,1.3158000000715333,0.5500000000000114,0.5996000000238553,0.7828999999761663,2.581100000023838,0.7166000000238455,0.5829999999999984,1.0327000000476687,0.6996999999284697,0.5664999999999907,1.182899999976172,0.5995000000000061,0.6498000000715365,0.6163999999761529,1.515500000000003,0.5829999999999984,0.6997000000476703,3.1977999999523092,2.2651000000238355,1.4661999999284774,1.2326000000238366,0.5662000000476723,0.599700000047676,0.6663999999761927,0.5325999999046189,0.7995000000000232,0.5992000000476878,0.7825000000000273,1.5321000000238314,0.6496000000238382,0.6998000000715479,0.732899999976155,0.7823999999761782,0.8160999999046226,0.5996000000238269,0.5162999999523095,2.1817000000476696,0.7492000000477219,0.5996000000238269,0.6497000000476874,0.9825000000000159,0.5832000000477251,0.7493000000715142,0.6330000000000382,0.7659999999999627,0.6661999999284944,1.0836000000238073,0.8496000000238269,1.7321000000238769,0.6498000000714796,0.6163999999761245,1.1492999999522908,0.6330000000000382,0.6498000000715365]",,,0.0,69.0,69.0,103.0,1.0,vlieg,mvlieg,question_multimodal.png,im_combination.png,,,,,,
,,,773077,1,21,2023-10-02_18h03.03.243,flesh_expressibility_dutch,2022.2.4,Win32,59.85515054,,,,21.0,1.0,Nederlands,,,,,,Engels,0.0,,0.0,,0.0,,0.0,,0.0,,0.0,,0.0,,0.0,NL,7.0,2.0,2.0,1.0,,sensorypref2,1280.0,720.0,,,,,,,,,,,,,,,,,,,,,,,,,,,,,,,,,,,,22.0,496.2396,56.0,"[5.545599999904638,0.5664000000953706,1.3157000000476842,0.5500000000000114,0.5995000000000061,0.7827999999523172,2.5810000000000173,0.7166000000238455,0.5828999999761493,1.032600000023848,0.6996999999284697,0.5663999999761415,1.182899999976172,0.5995000000000061,0.6496000000238382,0.6163999999761529,1.515500000000003,0.5829999999999984,0.6996000000238496,3.1976999999284885,2.2651000000238355,1.4660999999046567,1.232500000000016,0.5659999999999741,0.599700000047676,0.6663999999761927,0.5323999999761782,0.7995000000000232,0.5992000000476878,0.7825000000000273,1.5321000000238314,0.6496000000238382,0.6998000000715479,0.7327999999523058,0.782299999952329,0.815899999976125,0.5994000000953861,0.5161999999284603,2.1816000000238773,0.7492000000477219,0.5994999999999777,0.6494999999999891,0.9825000000000159,0.5830000000000268,0.7493000000715142,0.6330000000000382,0.7659999999999627,0.6661999999284944,1.083399999976109,0.8496000000238269,1.7320000000000277,0.6496000000238382,0.6162999999523322,1.1491999999284417,0.6328999999761891,0.6498000000715365]","[5.545799999952322,0.5664999999999907,1.3158000000715333,0.5500000000000114,0.5996000000238553,0.7828999999761663,2.581100000023838,0.7166000000238455,0.5829999999999984,1.0327000000476687,0.6996999999284697,0.5664999999999907,1.182899999976172,0.5995000000000061,0.6498000000715365,0.6163999999761529,1.515500000000003,0.5829999999999984,0.6997000000476703,3.1977999999523092,2.2651000000238355,1.4661999999284774,1.2326000000238366,0.5662000000476723,0.599700000047676,0.6663999999761927,0.5325999999046189,0.7995000000000232,0.5992000000476878,0.7825000000000273,1.5321000000238314,0.6496000000238382,0.6998000000715479,0.732899999976155,0.7823999999761782,0.8160999999046226,0.5996000000238269,0.5162999999523095,2.1817000000476696,0.7492000000477219,0.5996000000238269,0.6497000000476874,0.9825000000000159,0.5832000000477251,0.7493000000715142,0.6330000000000382,0.7659999999999627,0.6661999999284944,1.0836000000238073,0.8496000000238269,1.7321000000238769,0.6498000000714796,0.6163999999761245,1.1492999999522908,0.6330000000000382,0.6498000000715365]",,,0.0,70.0,70.0,34.0,1.0,vergeten,mvergeten,question_multimodal.png,im_combination.png,,,,,,
,,,773077,1,21,2023-10-02_18h03.03.243,flesh_expressibility_dutch,2022.2.4,Win32,59.85515054,,,,21.0,1.0,Nederlands,,,,,,Engels,0.0,,0.0,,0.0,,0.0,,0.0,,0.0,,0.0,,0.0,NL,7.0,2.0,2.0,1.0,,sensorypref2,1280.0,720.0,,,,,,,,,,,,,,,,,,,,,,,,,,,,,,,,,,,,22.0,497.2626,56.0,"[5.545599999904638,0.5664000000953706,1.3157000000476842,0.5500000000000114,0.5995000000000061,0.7827999999523172,2.5810000000000173,0.7166000000238455,0.5828999999761493,1.032600000023848,0.6996999999284697,0.5663999999761415,1.182899999976172,0.5995000000000061,0.6496000000238382,0.6163999999761529,1.515500000000003,0.5829999999999984,0.6996000000238496,3.1976999999284885,2.2651000000238355,1.4660999999046567,1.232500000000016,0.5659999999999741,0.599700000047676,0.6663999999761927,0.5323999999761782,0.7995000000000232,0.5992000000476878,0.7825000000000273,1.5321000000238314,0.6496000000238382,0.6998000000715479,0.7327999999523058,0.782299999952329,0.815899999976125,0.5994000000953861,0.5161999999284603,2.1816000000238773,0.7492000000477219,0.5994999999999777,0.6494999999999891,0.9825000000000159,0.5830000000000268,0.7493000000715142,0.6330000000000382,0.7659999999999627,0.6661999999284944,1.083399999976109,0.8496000000238269,1.7320000000000277,0.6496000000238382,0.6162999999523322,1.1491999999284417,0.6328999999761891,0.6498000000715365]","[5.545799999952322,0.5664999999999907,1.3158000000715333,0.5500000000000114,0.5996000000238553,0.7828999999761663,2.581100000023838,0.7166000000238455,0.5829999999999984,1.0327000000476687,0.6996999999284697,0.5664999999999907,1.182899999976172,0.5995000000000061,0.6498000000715365,0.6163999999761529,1.515500000000003,0.5829999999999984,0.6997000000476703,3.1977999999523092,2.2651000000238355,1.4661999999284774,1.2326000000238366,0.5662000000476723,0.599700000047676,0.6663999999761927,0.5325999999046189,0.7995000000000232,0.5992000000476878,0.7825000000000273,1.5321000000238314,0.6496000000238382,0.6998000000715479,0.732899999976155,0.7823999999761782,0.8160999999046226,0.5996000000238269,0.5162999999523095,2.1817000000476696,0.7492000000477219,0.5996000000238269,0.6497000000476874,0.9825000000000159,0.5832000000477251,0.7493000000715142,0.6330000000000382,0.7659999999999627,0.6661999999284944,1.0836000000238073,0.8496000000238269,1.7321000000238769,0.6498000000714796,0.6163999999761245,1.1492999999522908,0.6330000000000382,0.6498000000715365]",,,0.0,71.0,71.0,121.0,1.0,voet,mvoet,question_multimodal.png,im_combination.png,,,,,,
,,,773077,1,21,2023-10-02_18h03.03.243,flesh_expressibility_dutch,2022.2.4,Win32,59.85515054,,,,21.0,1.0,Nederlands,,,,,,Engels,0.0,,0.0,,0.0,,0.0,,0.0,,0.0,,0.0,,0.0,NL,7.0,2.0,2.0,1.0,,sensorypref2,1280.0,720.0,,,,,,,,,,,,,,,,,,,,,,,,,,,,,,,,,,,,22.0,498.2876,56.0,"[5.545599999904638,0.5664000000953706,1.3157000000476842,0.5500000000000114,0.5995000000000061,0.7827999999523172,2.5810000000000173,0.7166000000238455,0.5828999999761493,1.032600000023848,0.6996999999284697,0.5663999999761415,1.182899999976172,0.5995000000000061,0.6496000000238382,0.6163999999761529,1.515500000000003,0.5829999999999984,0.6996000000238496,3.1976999999284885,2.2651000000238355,1.4660999999046567,1.232500000000016,0.5659999999999741,0.599700000047676,0.6663999999761927,0.5323999999761782,0.7995000000000232,0.5992000000476878,0.7825000000000273,1.5321000000238314,0.6496000000238382,0.6998000000715479,0.7327999999523058,0.782299999952329,0.815899999976125,0.5994000000953861,0.5161999999284603,2.1816000000238773,0.7492000000477219,0.5994999999999777,0.6494999999999891,0.9825000000000159,0.5830000000000268,0.7493000000715142,0.6330000000000382,0.7659999999999627,0.6661999999284944,1.083399999976109,0.8496000000238269,1.7320000000000277,0.6496000000238382,0.6162999999523322,1.1491999999284417,0.6328999999761891,0.6498000000715365]","[5.545799999952322,0.5664999999999907,1.3158000000715333,0.5500000000000114,0.5996000000238553,0.7828999999761663,2.581100000023838,0.7166000000238455,0.5829999999999984,1.0327000000476687,0.6996999999284697,0.5664999999999907,1.182899999976172,0.5995000000000061,0.6498000000715365,0.6163999999761529,1.515500000000003,0.5829999999999984,0.6997000000476703,3.1977999999523092,2.2651000000238355,1.4661999999284774,1.2326000000238366,0.5662000000476723,0.599700000047676,0.6663999999761927,0.5325999999046189,0.7995000000000232,0.5992000000476878,0.7825000000000273,1.5321000000238314,0.6496000000238382,0.6998000000715479,0.732899999976155,0.7823999999761782,0.8160999999046226,0.5996000000238269,0.5162999999523095,2.1817000000476696,0.7492000000477219,0.5996000000238269,0.6497000000476874,0.9825000000000159,0.5832000000477251,0.7493000000715142,0.6330000000000382,0.7659999999999627,0.6661999999284944,1.0836000000238073,0.8496000000238269,1.7321000000238769,0.6498000000714796,0.6163999999761245,1.1492999999522908,0.6330000000000382,0.6498000000715365]",,,0.0,72.0,72.0,99.0,1.0,mier,mmier,question_multimodal.png,im_combination.png,,,,,,
,,,773077,1,21,2023-10-02_18h03.03.243,flesh_expressibility_dutch,2022.2.4,Win32,59.85515054,,,,21.0,1.0,Nederlands,,,,,,Engels,0.0,,0.0,,0.0,,0.0,,0.0,,0.0,,0.0,,0.0,NL,7.0,2.0,2.0,1.0,,sensorypref2,1280.0,720.0,,,,,,,,,,,,,,,,,,,,,,,,,,,,,,,,,,,,22.0,499.3083,56.0,"[5.545599999904638,0.5664000000953706,1.3157000000476842,0.5500000000000114,0.5995000000000061,0.7827999999523172,2.5810000000000173,0.7166000000238455,0.5828999999761493,1.032600000023848,0.6996999999284697,0.5663999999761415,1.182899999976172,0.5995000000000061,0.6496000000238382,0.6163999999761529,1.515500000000003,0.5829999999999984,0.6996000000238496,3.1976999999284885,2.2651000000238355,1.4660999999046567,1.232500000000016,0.5659999999999741,0.599700000047676,0.6663999999761927,0.5323999999761782,0.7995000000000232,0.5992000000476878,0.7825000000000273,1.5321000000238314,0.6496000000238382,0.6998000000715479,0.7327999999523058,0.782299999952329,0.815899999976125,0.5994000000953861,0.5161999999284603,2.1816000000238773,0.7492000000477219,0.5994999999999777,0.6494999999999891,0.9825000000000159,0.5830000000000268,0.7493000000715142,0.6330000000000382,0.7659999999999627,0.6661999999284944,1.083399999976109,0.8496000000238269,1.7320000000000277,0.6496000000238382,0.6162999999523322,1.1491999999284417,0.6328999999761891,0.6498000000715365]","[5.545799999952322,0.5664999999999907,1.3158000000715333,0.5500000000000114,0.5996000000238553,0.7828999999761663,2.581100000023838,0.7166000000238455,0.5829999999999984,1.0327000000476687,0.6996999999284697,0.5664999999999907,1.182899999976172,0.5995000000000061,0.6498000000715365,0.6163999999761529,1.515500000000003,0.5829999999999984,0.6997000000476703,3.1977999999523092,2.2651000000238355,1.4661999999284774,1.2326000000238366,0.5662000000476723,0.599700000047676,0.6663999999761927,0.5325999999046189,0.7995000000000232,0.5992000000476878,0.7825000000000273,1.5321000000238314,0.6496000000238382,0.6998000000715479,0.732899999976155,0.7823999999761782,0.8160999999046226,0.5996000000238269,0.5162999999523095,2.1817000000476696,0.7492000000477219,0.5996000000238269,0.6497000000476874,0.9825000000000159,0.5832000000477251,0.7493000000715142,0.6330000000000382,0.7659999999999627,0.6661999999284944,1.0836000000238073,0.8496000000238269,1.7321000000238769,0.6498000000714796,0.6163999999761245,1.1492999999522908,0.6330000000000382,0.6498000000715365]",,,0.0,73.0,73.0,165.0,1.0,hard,mhard,question_multimodal.png,im_combination.png,,,,,,
,,,773077,1,21,2023-10-02_18h03.03.243,flesh_expressibility_dutch,2022.2.4,Win32,59.85515054,,,,21.0,1.0,Nederlands,,,,,,Engels,0.0,,0.0,,0.0,,0.0,,0.0,,0.0,,0.0,,0.0,NL,7.0,2.0,2.0,1.0,,sensorypref2,1280.0,720.0,,,,,,,,,,,,,,,,,,,,,,,,,,,,,,,,,,,,22.0,500.2294,56.0,"[5.545599999904638,0.5664000000953706,1.3157000000476842,0.5500000000000114,0.5995000000000061,0.7827999999523172,2.5810000000000173,0.7166000000238455,0.5828999999761493,1.032600000023848,0.6996999999284697,0.5663999999761415,1.182899999976172,0.5995000000000061,0.6496000000238382,0.6163999999761529,1.515500000000003,0.5829999999999984,0.6996000000238496,3.1976999999284885,2.2651000000238355,1.4660999999046567,1.232500000000016,0.5659999999999741,0.599700000047676,0.6663999999761927,0.5323999999761782,0.7995000000000232,0.5992000000476878,0.7825000000000273,1.5321000000238314,0.6496000000238382,0.6998000000715479,0.7327999999523058,0.782299999952329,0.815899999976125,0.5994000000953861,0.5161999999284603,2.1816000000238773,0.7492000000477219,0.5994999999999777,0.6494999999999891,0.9825000000000159,0.5830000000000268,0.7493000000715142,0.6330000000000382,0.7659999999999627,0.6661999999284944,1.083399999976109,0.8496000000238269,1.7320000000000277,0.6496000000238382,0.6162999999523322,1.1491999999284417,0.6328999999761891,0.6498000000715365]","[5.545799999952322,0.5664999999999907,1.3158000000715333,0.5500000000000114,0.5996000000238553,0.7828999999761663,2.581100000023838,0.7166000000238455,0.5829999999999984,1.0327000000476687,0.6996999999284697,0.5664999999999907,1.182899999976172,0.5995000000000061,0.6498000000715365,0.6163999999761529,1.515500000000003,0.5829999999999984,0.6997000000476703,3.1977999999523092,2.2651000000238355,1.4661999999284774,1.2326000000238366,0.5662000000476723,0.599700000047676,0.6663999999761927,0.5325999999046189,0.7995000000000232,0.5992000000476878,0.7825000000000273,1.5321000000238314,0.6496000000238382,0.6998000000715479,0.732899999976155,0.7823999999761782,0.8160999999046226,0.5996000000238269,0.5162999999523095,2.1817000000476696,0.7492000000477219,0.5996000000238269,0.6497000000476874,0.9825000000000159,0.5832000000477251,0.7493000000715142,0.6330000000000382,0.7659999999999627,0.6661999999284944,1.0836000000238073,0.8496000000238269,1.7321000000238769,0.6498000000714796,0.6163999999761245,1.1492999999522908,0.6330000000000382,0.6498000000715365]",,,0.0,74.0,74.0,201.0,1.0,gisteren,mgisteren,question_multimodal.png,im_combination.png,,,,,,
,,,773077,1,21,2023-10-02_18h03.03.243,flesh_expressibility_dutch,2022.2.4,Win32,59.85515054,,,,21.0,1.0,Nederlands,,,,,,Engels,0.0,,0.0,,0.0,,0.0,,0.0,,0.0,,0.0,,0.0,NL,7.0,2.0,2.0,1.0,,sensorypref2,1280.0,720.0,,,,,,,,,,,,,,,,,,,,,,,,,,,,,,,,,,,,19.0,501.2538,57.0,"[5.545599999904638,0.5664000000953706,1.3157000000476842,0.5500000000000114,0.5995000000000061,0.7827999999523172,2.5810000000000173,0.7166000000238455,0.5828999999761493,1.032600000023848,0.6996999999284697,0.5663999999761415,1.182899999976172,0.5995000000000061,0.6496000000238382,0.6163999999761529,1.515500000000003,0.5829999999999984,0.6996000000238496,3.1976999999284885,2.2651000000238355,1.4660999999046567,1.232500000000016,0.5659999999999741,0.599700000047676,0.6663999999761927,0.5323999999761782,0.7995000000000232,0.5992000000476878,0.7825000000000273,1.5321000000238314,0.6496000000238382,0.6998000000715479,0.7327999999523058,0.782299999952329,0.815899999976125,0.5994000000953861,0.5161999999284603,2.1816000000238773,0.7492000000477219,0.5994999999999777,0.6494999999999891,0.9825000000000159,0.5830000000000268,0.7493000000715142,0.6330000000000382,0.7659999999999627,0.6661999999284944,1.083399999976109,0.8496000000238269,1.7320000000000277,0.6496000000238382,0.6162999999523322,1.1491999999284417,0.6328999999761891,0.6498000000715365,0.6494999999999322]","[5.545799999952322,0.5664999999999907,1.3158000000715333,0.5500000000000114,0.5996000000238553,0.7828999999761663,2.581100000023838,0.7166000000238455,0.5829999999999984,1.0327000000476687,0.6996999999284697,0.5664999999999907,1.182899999976172,0.5995000000000061,0.6498000000715365,0.6163999999761529,1.515500000000003,0.5829999999999984,0.6997000000476703,3.1977999999523092,2.2651000000238355,1.4661999999284774,1.2326000000238366,0.5662000000476723,0.599700000047676,0.6663999999761927,0.5325999999046189,0.7995000000000232,0.5992000000476878,0.7825000000000273,1.5321000000238314,0.6496000000238382,0.6998000000715479,0.732899999976155,0.7823999999761782,0.8160999999046226,0.5996000000238269,0.5162999999523095,2.1817000000476696,0.7492000000477219,0.5996000000238269,0.6497000000476874,0.9825000000000159,0.5832000000477251,0.7493000000715142,0.6330000000000382,0.7659999999999627,0.6661999999284944,1.0836000000238073,0.8496000000238269,1.7321000000238769,0.6498000000714796,0.6163999999761245,1.1492999999522908,0.6330000000000382,0.6498000000715365,0.6494999999999322]",-0.251851739,4.3982,0.0,75.0,75.0,178.0,1.0,hij,mhij,question_multimodal.png,im_combination.png,,,,,,
,,,773077,1,21,2023-10-02_18h03.03.243,flesh_expressibility_dutch,2022.2.4,Win32,59.85515054,,,,21.0,1.0,Nederlands,,,,,,Engels,0.0,,0.0,,0.0,,0.0,,0.0,,0.0,,0.0,,0.0,NL,7.0,2.0,2.0,1.0,,sensorypref2,1280.0,720.0,,,,,,,,,,,,,,,,,,,,,,,,,,,,,,,,,,,,22.0,506.1701,57.0,"[5.545599999904638,0.5664000000953706,1.3157000000476842,0.5500000000000114,0.5995000000000061,0.7827999999523172,2.5810000000000173,0.7166000000238455,0.5828999999761493,1.032600000023848,0.6996999999284697,0.5663999999761415,1.182899999976172,0.5995000000000061,0.6496000000238382,0.6163999999761529,1.515500000000003,0.5829999999999984,0.6996000000238496,3.1976999999284885,2.2651000000238355,1.4660999999046567,1.232500000000016,0.5659999999999741,0.599700000047676,0.6663999999761927,0.5323999999761782,0.7995000000000232,0.5992000000476878,0.7825000000000273,1.5321000000238314,0.6496000000238382,0.6998000000715479,0.7327999999523058,0.782299999952329,0.815899999976125,0.5994000000953861,0.5161999999284603,2.1816000000238773,0.7492000000477219,0.5994999999999777,0.6494999999999891,0.9825000000000159,0.5830000000000268,0.7493000000715142,0.6330000000000382,0.7659999999999627,0.6661999999284944,1.083399999976109,0.8496000000238269,1.7320000000000277,0.6496000000238382,0.6162999999523322,1.1491999999284417,0.6328999999761891,0.6498000000715365,0.6494999999999322]","[5.545799999952322,0.5664999999999907,1.3158000000715333,0.5500000000000114,0.5996000000238553,0.7828999999761663,2.581100000023838,0.7166000000238455,0.5829999999999984,1.0327000000476687,0.6996999999284697,0.5664999999999907,1.182899999976172,0.5995000000000061,0.6498000000715365,0.6163999999761529,1.515500000000003,0.5829999999999984,0.6997000000476703,3.1977999999523092,2.2651000000238355,1.4661999999284774,1.2326000000238366,0.5662000000476723,0.599700000047676,0.6663999999761927,0.5325999999046189,0.7995000000000232,0.5992000000476878,0.7825000000000273,1.5321000000238314,0.6496000000238382,0.6998000000715479,0.732899999976155,0.7823999999761782,0.8160999999046226,0.5996000000238269,0.5162999999523095,2.1817000000476696,0.7492000000477219,0.5996000000238269,0.6497000000476874,0.9825000000000159,0.5832000000477251,0.7493000000715142,0.6330000000000382,0.7659999999999627,0.6661999999284944,1.0836000000238073,0.8496000000238269,1.7321000000238769,0.6498000000714796,0.6163999999761245,1.1492999999522908,0.6330000000000382,0.6498000000715365,0.6494999999999322]",,,0.0,76.0,76.0,100.0,1.0,vogel,mvogel,question_multimodal.png,im_combination.png,,,,,,
,,,773077,1,21,2023-10-02_18h03.03.243,flesh_expressibility_dutch,2022.2.4,Win32,59.85515054,,,,21.0,1.0,Nederlands,,,,,,Engels,0.0,,0.0,,0.0,,0.0,,0.0,,0.0,,0.0,,0.0,NL,7.0,2.0,2.0,1.0,,sensorypref2,1280.0,720.0,,,,,,,,,,,,,,,,,,,,,,,,,,,,,,,,,,,,22.0,507.096,57.0,"[5.545599999904638,0.5664000000953706,1.3157000000476842,0.5500000000000114,0.5995000000000061,0.7827999999523172,2.5810000000000173,0.7166000000238455,0.5828999999761493,1.032600000023848,0.6996999999284697,0.5663999999761415,1.182899999976172,0.5995000000000061,0.6496000000238382,0.6163999999761529,1.515500000000003,0.5829999999999984,0.6996000000238496,3.1976999999284885,2.2651000000238355,1.4660999999046567,1.232500000000016,0.5659999999999741,0.599700000047676,0.6663999999761927,0.5323999999761782,0.7995000000000232,0.5992000000476878,0.7825000000000273,1.5321000000238314,0.6496000000238382,0.6998000000715479,0.7327999999523058,0.782299999952329,0.815899999976125,0.5994000000953861,0.5161999999284603,2.1816000000238773,0.7492000000477219,0.5994999999999777,0.6494999999999891,0.9825000000000159,0.5830000000000268,0.7493000000715142,0.6330000000000382,0.7659999999999627,0.6661999999284944,1.083399999976109,0.8496000000238269,1.7320000000000277,0.6496000000238382,0.6162999999523322,1.1491999999284417,0.6328999999761891,0.6498000000715365,0.6494999999999322]","[5.545799999952322,0.5664999999999907,1.3158000000715333,0.5500000000000114,0.5996000000238553,0.7828999999761663,2.581100000023838,0.7166000000238455,0.5829999999999984,1.0327000000476687,0.6996999999284697,0.5664999999999907,1.182899999976172,0.5995000000000061,0.6498000000715365,0.6163999999761529,1.515500000000003,0.5829999999999984,0.6997000000476703,3.1977999999523092,2.2651000000238355,1.4661999999284774,1.2326000000238366,0.5662000000476723,0.599700000047676,0.6663999999761927,0.5325999999046189,0.7995000000000232,0.5992000000476878,0.7825000000000273,1.5321000000238314,0.6496000000238382,0.6998000000715479,0.732899999976155,0.7823999999761782,0.8160999999046226,0.5996000000238269,0.5162999999523095,2.1817000000476696,0.7492000000477219,0.5996000000238269,0.6497000000476874,0.9825000000000159,0.5832000000477251,0.7493000000715142,0.6330000000000382,0.7659999999999627,0.6661999999284944,1.0836000000238073,0.8496000000238269,1.7321000000238769,0.6498000000714796,0.6163999999761245,1.1492999999522908,0.6330000000000382,0.6498000000715365,0.6494999999999322]",,,0.0,77.0,77.0,37.0,1.0,walgen,mwalgen,question_multimodal.png,im_combination.png,,,,,,
,,,773077,1,21,2023-10-02_18h03.03.243,flesh_expressibility_dutch,2022.2.4,Win32,59.85515054,,,,21.0,1.0,Nederlands,,,,,,Engels,0.0,,0.0,,0.0,,0.0,,0.0,,0.0,,0.0,,0.0,NL,7.0,2.0,2.0,1.0,,sensorypref2,1280.0,720.0,,,,,,,,,,,,,,,,,,,,,,,,,,,,,,,,,,,,22.0,508.0771,57.0,"[5.545599999904638,0.5664000000953706,1.3157000000476842,0.5500000000000114,0.5995000000000061,0.7827999999523172,2.5810000000000173,0.7166000000238455,0.5828999999761493,1.032600000023848,0.6996999999284697,0.5663999999761415,1.182899999976172,0.5995000000000061,0.6496000000238382,0.6163999999761529,1.515500000000003,0.5829999999999984,0.6996000000238496,3.1976999999284885,2.2651000000238355,1.4660999999046567,1.232500000000016,0.5659999999999741,0.599700000047676,0.6663999999761927,0.5323999999761782,0.7995000000000232,0.5992000000476878,0.7825000000000273,1.5321000000238314,0.6496000000238382,0.6998000000715479,0.7327999999523058,0.782299999952329,0.815899999976125,0.5994000000953861,0.5161999999284603,2.1816000000238773,0.7492000000477219,0.5994999999999777,0.6494999999999891,0.9825000000000159,0.5830000000000268,0.7493000000715142,0.6330000000000382,0.7659999999999627,0.6661999999284944,1.083399999976109,0.8496000000238269,1.7320000000000277,0.6496000000238382,0.6162999999523322,1.1491999999284417,0.6328999999761891,0.6498000000715365,0.6494999999999322]","[5.545799999952322,0.5664999999999907,1.3158000000715333,0.5500000000000114,0.5996000000238553,0.7828999999761663,2.581100000023838,0.7166000000238455,0.5829999999999984,1.0327000000476687,0.6996999999284697,0.5664999999999907,1.182899999976172,0.5995000000000061,0.6498000000715365,0.6163999999761529,1.515500000000003,0.5829999999999984,0.6997000000476703,3.1977999999523092,2.2651000000238355,1.4661999999284774,1.2326000000238366,0.5662000000476723,0.599700000047676,0.6663999999761927,0.5325999999046189,0.7995000000000232,0.5992000000476878,0.7825000000000273,1.5321000000238314,0.6496000000238382,0.6998000000715479,0.732899999976155,0.7823999999761782,0.8160999999046226,0.5996000000238269,0.5162999999523095,2.1817000000476696,0.7492000000477219,0.5996000000238269,0.6497000000476874,0.9825000000000159,0.5832000000477251,0.7493000000715142,0.6330000000000382,0.7659999999999627,0.6661999999284944,1.0836000000238073,0.8496000000238269,1.7321000000238769,0.6498000000714796,0.6163999999761245,1.1492999999522908,0.6330000000000382,0.6498000000715365,0.6494999999999322]",,,0.0,78.0,78.0,15.0,1.0,geel,mgeel,question_multimodal.png,im_combination.png,,,,,,
,,,773077,1,21,2023-10-02_18h03.03.243,flesh_expressibility_dutch,2022.2.4,Win32,59.85515054,,,,21.0,1.0,Nederlands,,,,,,Engels,0.0,,0.0,,0.0,,0.0,,0.0,,0.0,,0.0,,0.0,NL,7.0,2.0,2.0,1.0,,sensorypref2,1280.0,720.0,,,,,,,,,,,,,,,,,,,,,,,,,,,,,,,,,,,,19.0,509.1411,58.0,"[5.545599999904638,0.5664000000953706,1.3157000000476842,0.5500000000000114,0.5995000000000061,0.7827999999523172,2.5810000000000173,0.7166000000238455,0.5828999999761493,1.032600000023848,0.6996999999284697,0.5663999999761415,1.182899999976172,0.5995000000000061,0.6496000000238382,0.6163999999761529,1.515500000000003,0.5829999999999984,0.6996000000238496,3.1976999999284885,2.2651000000238355,1.4660999999046567,1.232500000000016,0.5659999999999741,0.599700000047676,0.6663999999761927,0.5323999999761782,0.7995000000000232,0.5992000000476878,0.7825000000000273,1.5321000000238314,0.6496000000238382,0.6998000000715479,0.7327999999523058,0.782299999952329,0.815899999976125,0.5994000000953861,0.5161999999284603,2.1816000000238773,0.7492000000477219,0.5994999999999777,0.6494999999999891,0.9825000000000159,0.5830000000000268,0.7493000000715142,0.6330000000000382,0.7659999999999627,0.6661999999284944,1.083399999976109,0.8496000000238269,1.7320000000000277,0.6496000000238382,0.6162999999523322,1.1491999999284417,0.6328999999761891,0.6498000000715365,0.6494999999999322,0.58299999999997]","[5.545799999952322,0.5664999999999907,1.3158000000715333,0.5500000000000114,0.5996000000238553,0.7828999999761663,2.581100000023838,0.7166000000238455,0.5829999999999984,1.0327000000476687,0.6996999999284697,0.5664999999999907,1.182899999976172,0.5995000000000061,0.6498000000715365,0.6163999999761529,1.515500000000003,0.5829999999999984,0.6997000000476703,3.1977999999523092,2.2651000000238355,1.4661999999284774,1.2326000000238366,0.5662000000476723,0.599700000047676,0.6663999999761927,0.5325999999046189,0.7995000000000232,0.5992000000476878,0.7825000000000273,1.5321000000238314,0.6496000000238382,0.6998000000715479,0.732899999976155,0.7823999999761782,0.8160999999046226,0.5996000000238269,0.5162999999523095,2.1817000000476696,0.7492000000477219,0.5996000000238269,0.6497000000476874,0.9825000000000159,0.5832000000477251,0.7493000000715142,0.6330000000000382,0.7659999999999627,0.6661999999284944,1.0836000000238073,0.8496000000238269,1.7321000000238769,0.6498000000714796,0.6163999999761245,1.1492999999522908,0.6330000000000382,0.6498000000715365,0.6494999999999322,0.5830999999045616]",-0.488888889,2.7019,0.0,79.0,79.0,162.0,1.0,bitter,mbitter,question_multimodal.png,im_combination.png,,,,,,
,,,773077,1,21,2023-10-02_18h03.03.243,flesh_expressibility_dutch,2022.2.4,Win32,59.85515054,,,,21.0,1.0,Nederlands,,,,,,Engels,0.0,,0.0,,0.0,,0.0,,0.0,,0.0,,0.0,,0.0,NL,7.0,2.0,2.0,1.0,,sensorypref2,1280.0,720.0,,,,,,,,,,,,,,,,,,,,,,,,,,,,,,,,,,,,22.0,512.211,58.0,"[5.545599999904638,0.5664000000953706,1.3157000000476842,0.5500000000000114,0.5995000000000061,0.7827999999523172,2.5810000000000173,0.7166000000238455,0.5828999999761493,1.032600000023848,0.6996999999284697,0.5663999999761415,1.182899999976172,0.5995000000000061,0.6496000000238382,0.6163999999761529,1.515500000000003,0.5829999999999984,0.6996000000238496,3.1976999999284885,2.2651000000238355,1.4660999999046567,1.232500000000016,0.5659999999999741,0.599700000047676,0.6663999999761927,0.5323999999761782,0.7995000000000232,0.5992000000476878,0.7825000000000273,1.5321000000238314,0.6496000000238382,0.6998000000715479,0.7327999999523058,0.782299999952329,0.815899999976125,0.5994000000953861,0.5161999999284603,2.1816000000238773,0.7492000000477219,0.5994999999999777,0.6494999999999891,0.9825000000000159,0.5830000000000268,0.7493000000715142,0.6330000000000382,0.7659999999999627,0.6661999999284944,1.083399999976109,0.8496000000238269,1.7320000000000277,0.6496000000238382,0.6162999999523322,1.1491999999284417,0.6328999999761891,0.6498000000715365,0.6494999999999322,0.58299999999997]","[5.545799999952322,0.5664999999999907,1.3158000000715333,0.5500000000000114,0.5996000000238553,0.7828999999761663,2.581100000023838,0.7166000000238455,0.5829999999999984,1.0327000000476687,0.6996999999284697,0.5664999999999907,1.182899999976172,0.5995000000000061,0.6498000000715365,0.6163999999761529,1.515500000000003,0.5829999999999984,0.6997000000476703,3.1977999999523092,2.2651000000238355,1.4661999999284774,1.2326000000238366,0.5662000000476723,0.599700000047676,0.6663999999761927,0.5325999999046189,0.7995000000000232,0.5992000000476878,0.7825000000000273,1.5321000000238314,0.6496000000238382,0.6998000000715479,0.732899999976155,0.7823999999761782,0.8160999999046226,0.5996000000238269,0.5162999999523095,2.1817000000476696,0.7492000000477219,0.5996000000238269,0.6497000000476874,0.9825000000000159,0.5832000000477251,0.7493000000715142,0.6330000000000382,0.7659999999999627,0.6661999999284944,1.0836000000238073,0.8496000000238269,1.7321000000238769,0.6498000000714796,0.6163999999761245,1.1492999999522908,0.6330000000000382,0.6498000000715365,0.6494999999999322,0.5830999999045616]",,,0.0,80.0,80.0,156.0,1.0,blad,mblad,question_multimodal.png,im_combination.png,,,,,,
,,,773077,1,21,2023-10-02_18h03.03.243,flesh_expressibility_dutch,2022.2.4,Win32,59.85515054,,,,21.0,1.0,Nederlands,,,,,,Engels,0.0,,0.0,,0.0,,0.0,,0.0,,0.0,,0.0,,0.0,NL,7.0,2.0,2.0,1.0,,sensorypref2,1280.0,720.0,,,,,,,,,,,,,,,,,,,,,,,,,,,,,,,,,,,,22.0,513.2343,58.0,"[5.545599999904638,0.5664000000953706,1.3157000000476842,0.5500000000000114,0.5995000000000061,0.7827999999523172,2.5810000000000173,0.7166000000238455,0.5828999999761493,1.032600000023848,0.6996999999284697,0.5663999999761415,1.182899999976172,0.5995000000000061,0.6496000000238382,0.6163999999761529,1.515500000000003,0.5829999999999984,0.6996000000238496,3.1976999999284885,2.2651000000238355,1.4660999999046567,1.232500000000016,0.5659999999999741,0.599700000047676,0.6663999999761927,0.5323999999761782,0.7995000000000232,0.5992000000476878,0.7825000000000273,1.5321000000238314,0.6496000000238382,0.6998000000715479,0.7327999999523058,0.782299999952329,0.815899999976125,0.5994000000953861,0.5161999999284603,2.1816000000238773,0.7492000000477219,0.5994999999999777,0.6494999999999891,0.9825000000000159,0.5830000000000268,0.7493000000715142,0.6330000000000382,0.7659999999999627,0.6661999999284944,1.083399999976109,0.8496000000238269,1.7320000000000277,0.6496000000238382,0.6162999999523322,1.1491999999284417,0.6328999999761891,0.6498000000715365,0.6494999999999322,0.58299999999997]","[5.545799999952322,0.5664999999999907,1.3158000000715333,0.5500000000000114,0.5996000000238553,0.7828999999761663,2.581100000023838,0.7166000000238455,0.5829999999999984,1.0327000000476687,0.6996999999284697,0.5664999999999907,1.182899999976172,0.5995000000000061,0.6498000000715365,0.6163999999761529,1.515500000000003,0.5829999999999984,0.6997000000476703,3.1977999999523092,2.2651000000238355,1.4661999999284774,1.2326000000238366,0.5662000000476723,0.599700000047676,0.6663999999761927,0.5325999999046189,0.7995000000000232,0.5992000000476878,0.7825000000000273,1.5321000000238314,0.6496000000238382,0.6998000000715479,0.732899999976155,0.7823999999761782,0.8160999999046226,0.5996000000238269,0.5162999999523095,2.1817000000476696,0.7492000000477219,0.5996000000238269,0.6497000000476874,0.9825000000000159,0.5832000000477251,0.7493000000715142,0.6330000000000382,0.7659999999999627,0.6661999999284944,1.0836000000238073,0.8496000000238269,1.7321000000238769,0.6498000000714796,0.6163999999761245,1.1492999999522908,0.6330000000000382,0.6498000000715365,0.6494999999999322,0.5830999999045616]",,,0.0,81.0,81.0,1.0,1.0,zoemen,mzoemen,question_multimodal.png,im_combination.png,,,,,,
,,,773077,1,21,2023-10-02_18h03.03.243,flesh_expressibility_dutch,2022.2.4,Win32,59.85515054,,,,21.0,1.0,Nederlands,,,,,,Engels,0.0,,0.0,,0.0,,0.0,,0.0,,0.0,,0.0,,0.0,NL,7.0,2.0,2.0,1.0,,sensorypref2,1280.0,720.0,,,,,,,,,,,,,,,,,,,,,,,,,,,,,,,,,,,,17.0,514.2589,59.0,"[5.545599999904638,0.5664000000953706,1.3157000000476842,0.5500000000000114,0.5995000000000061,0.7827999999523172,2.5810000000000173,0.7166000000238455,0.5828999999761493,1.032600000023848,0.6996999999284697,0.5663999999761415,1.182899999976172,0.5995000000000061,0.6496000000238382,0.6163999999761529,1.515500000000003,0.5829999999999984,0.6996000000238496,3.1976999999284885,2.2651000000238355,1.4660999999046567,1.232500000000016,0.5659999999999741,0.599700000047676,0.6663999999761927,0.5323999999761782,0.7995000000000232,0.5992000000476878,0.7825000000000273,1.5321000000238314,0.6496000000238382,0.6998000000715479,0.7327999999523058,0.782299999952329,0.815899999976125,0.5994000000953861,0.5161999999284603,2.1816000000238773,0.7492000000477219,0.5994999999999777,0.6494999999999891,0.9825000000000159,0.5830000000000268,0.7493000000715142,0.6330000000000382,0.7659999999999627,0.6661999999284944,1.083399999976109,0.8496000000238269,1.7320000000000277,0.6496000000238382,0.6162999999523322,1.1491999999284417,0.6328999999761891,0.6498000000715365,0.6494999999999322,0.58299999999997,0.7326000000238082]","[5.545799999952322,0.5664999999999907,1.3158000000715333,0.5500000000000114,0.5996000000238553,0.7828999999761663,2.581100000023838,0.7166000000238455,0.5829999999999984,1.0327000000476687,0.6996999999284697,0.5664999999999907,1.182899999976172,0.5995000000000061,0.6498000000715365,0.6163999999761529,1.515500000000003,0.5829999999999984,0.6997000000476703,3.1977999999523092,2.2651000000238355,1.4661999999284774,1.2326000000238366,0.5662000000476723,0.599700000047676,0.6663999999761927,0.5325999999046189,0.7995000000000232,0.5992000000476878,0.7825000000000273,1.5321000000238314,0.6496000000238382,0.6998000000715479,0.732899999976155,0.7823999999761782,0.8160999999046226,0.5996000000238269,0.5162999999523095,2.1817000000476696,0.7492000000477219,0.5996000000238269,0.6497000000476874,0.9825000000000159,0.5832000000477251,0.7493000000715142,0.6330000000000382,0.7659999999999627,0.6661999999284944,1.0836000000238073,0.8496000000238269,1.7321000000238769,0.6498000000714796,0.6163999999761245,1.1492999999522908,0.6330000000000382,0.6498000000715365,0.6494999999999322,0.5830999999045616,0.7326000000238082]",0.53703715,3.1612,0.0,82.0,82.0,149.0,1.0,blazen,mblazen,question_multimodal.png,im_combination.png,,,,,,
,,,773077,1,21,2023-10-02_18h03.03.243,flesh_expressibility_dutch,2022.2.4,Win32,59.85515054,,,,21.0,1.0,Nederlands,,,,,,Engels,0.0,,0.0,,0.0,,0.0,,0.0,,0.0,,0.0,,0.0,NL,7.0,2.0,2.0,1.0,,sensorypref2,1280.0,720.0,,,,,,,,,,,,,,,,,,,,,,,,,,,,,,,,,,,,20.0,518.0504,60.0,"[5.545599999904638,0.5664000000953706,1.3157000000476842,0.5500000000000114,0.5995000000000061,0.7827999999523172,2.5810000000000173,0.7166000000238455,0.5828999999761493,1.032600000023848,0.6996999999284697,0.5663999999761415,1.182899999976172,0.5995000000000061,0.6496000000238382,0.6163999999761529,1.515500000000003,0.5829999999999984,0.6996000000238496,3.1976999999284885,2.2651000000238355,1.4660999999046567,1.232500000000016,0.5659999999999741,0.599700000047676,0.6663999999761927,0.5323999999761782,0.7995000000000232,0.5992000000476878,0.7825000000000273,1.5321000000238314,0.6496000000238382,0.6998000000715479,0.7327999999523058,0.782299999952329,0.815899999976125,0.5994000000953861,0.5161999999284603,2.1816000000238773,0.7492000000477219,0.5994999999999777,0.6494999999999891,0.9825000000000159,0.5830000000000268,0.7493000000715142,0.6330000000000382,0.7659999999999627,0.6661999999284944,1.083399999976109,0.8496000000238269,1.7320000000000277,0.6496000000238382,0.6162999999523322,1.1491999999284417,0.6328999999761891,0.6498000000715365,0.6494999999999322,0.58299999999997,0.7326000000238082,0.6991999999285099]","[5.545799999952322,0.5664999999999907,1.3158000000715333,0.5500000000000114,0.5996000000238553,0.7828999999761663,2.581100000023838,0.7166000000238455,0.5829999999999984,1.0327000000476687,0.6996999999284697,0.5664999999999907,1.182899999976172,0.5995000000000061,0.6498000000715365,0.6163999999761529,1.515500000000003,0.5829999999999984,0.6997000000476703,3.1977999999523092,2.2651000000238355,1.4661999999284774,1.2326000000238366,0.5662000000476723,0.599700000047676,0.6663999999761927,0.5325999999046189,0.7995000000000232,0.5992000000476878,0.7825000000000273,1.5321000000238314,0.6496000000238382,0.6998000000715479,0.732899999976155,0.7823999999761782,0.8160999999046226,0.5996000000238269,0.5162999999523095,2.1817000000476696,0.7492000000477219,0.5996000000238269,0.6497000000476874,0.9825000000000159,0.5832000000477251,0.7493000000715142,0.6330000000000382,0.7659999999999627,0.6661999999284944,1.0836000000238073,0.8496000000238269,1.7321000000238769,0.6498000000714796,0.6163999999761245,1.1492999999522908,0.6330000000000382,0.6498000000715365,0.6494999999999322,0.5830999999045616,0.7326000000238082,0.6991999999285099]",0.757407464,3.0762,0.0,83.0,83.0,145.0,1.0,slaan,mslaan,question_multimodal.png,im_combination.png,,,,,,
,,,773077,1,21,2023-10-02_18h03.03.243,flesh_expressibility_dutch,2022.2.4,Win32,59.85515054,,,,21.0,1.0,Nederlands,,,,,,Engels,0.0,,0.0,,0.0,,0.0,,0.0,,0.0,,0.0,,0.0,NL,7.0,2.0,2.0,1.0,,sensorypref2,1280.0,720.0,,,,,,,,,,,,,,,,,,,,,,,,,,,,,,,,,,,,,,,,,,,,,,,,,,,,,,,,,
,,,773077,1,21,2023-10-02_18h03.03.243,flesh_expressibility_dutch,2022.2.4,Win32,59.85515054,,,,21.0,1.0,Nederlands,,,,,,Engels,0.0,,0.0,,0.0,,0.0,,0.0,,0.0,,0.0,,0.0,NL,7.0,2.0,2.0,1.0,,sensorypref2,1280.0,720.0,,,,,,,,,,,,,,,,,,,,,,,,,,,,,,,,,,,,,,,,,,,,,,,,,,,,1.0,,,,,
,,,773077,1,21,2023-10-02_18h03.03.243,flesh_expressibility_dutch,2022.2.4,Win32,59.85515054,,,,21.0,1.0,Nederlands,,,,,,Engels,0.0,,0.0,,0.0,,0.0,,0.0,,0.0,,0.0,,0.0,NL,7.0,2.0,2.0,1.0,,sensorypref2,1280.0,720.0,,,,,,,,,,,,,,,,,,,,,,,,,,,,,,,,,,,,,,,,,,,,,,,,,,,,1.0,,,,,
,,,773077,1,21,2023-10-02_18h03.03.243,flesh_expressibility_dutch,2022.2.4,Win32,59.85515054,,,,21.0,1.0,Nederlands,,,,,,Engels,0.0,,0.0,,0.0,,0.0,,0.0,,0.0,,0.0,,0.0,NL,7.0,2.0,2.0,1.0,,sensorypref2,1280.0,720.0,,,,,,,,,,,,,,,,,,,,,,,,,,,,,,,,,,,,,,,,,,,,,,,,,,,,1.0,,,1.0,[528.3377000000477],[528.3379000000954]
