welcome_weiter.numClicks,welcome_weiter.timesOn,welcome_weiter.timesOff,exp_ID,session,presentation limit,date,expName,psychopyVersion,OS,frameRate,introduction_weiter.numClicks,introduction_weiter.timesOn,introduction_weiter.timesOff,age,gender,natlang1,natlang2,natlang3,natlang4,natlang5,natlang6,lang1,proficiency1,lang2,proficiency2,lang3,proficiency3,lang4,proficiency4,lang5,proficiency5,lang6,proficiency6,lang7,proficiency7,lang8,proficiency8,country,education,dyslexia,mobility,currentloc,radio-for-required-checkboxes,sensorypref1,sensorypref2,sensorypref3,xRes,yRes,sensorypref[],sensorypref4,practice_weiter.numClicks,practice_weiter.timesOn,practice_weiter.timesOff,pr_message_weiter.numClicks,pr_message_weiter.timesOn,pr_message_weiter.timesOff,pr_remember_weiter.numClicks,pr_remember_weiter.timesOn,pr_remember_weiter.timesOff,button_weiter.numClicks,button_weiter.timesOn,button_weiter.timesOff,pr_expressibility.response,pr_expressibility.rt,practice_trials.thisRepN,practice_trials.thisTrialN,practice_trials.thisN,practice_trials.thisIndex,practice_trials.ran,pr_word,pr_question,pr_image,start_weiter.numClicks,start_weiter.timesOn,start_weiter.timesOff,message_weiter.numClicks,message_weiter.timesOn,message_weiter.timesOff,trial_remember_weiter.numClicks,trial_remember_weiter.timesOn,trial_remember_weiter.timesOff,Count,Shelf time,trial_button_weiter.numClicks,trial_button_weiter.timesOn,trial_button_weiter.timesOff,expressibility.response,expressibility.rt,trials.thisRepN,trials.thisTrialN,trials.thisN,trials.thisIndex,trials.ran,word,fordict,question,trial_img,problem,problem_text,comment_text,end_experiment.numClicks,end_experiment.timesOn,end_experiment.timesOff
1.0,[4.929499999999999],[4.929600000143051],795483,1,21,2023-09-12_17h58.21.896,flesh_expressibility_dutch,2022.2.4,MacIntel,60.0024001,,,,,,,,,,,,,,,,,,,,,,,,,,,,,,,,,,,,,,,,,,,,,,,,,,,,,,,,,,,,,,,,,,,,,,,,,,,,,,,,,,,,,,,,,,,,,
,,,795483,1,21,2023-09-12_17h58.21.896,flesh_expressibility_dutch,2022.2.4,MacIntel,60.0024001,,,,,,,,,,,,,,,,,,,,,,,,,,,,,,,,,,,,,,,,,,,,,,,,,,,,,,,,,,,,,,,,,,,,,,,,,,,,,,,,,,,,,,,,,,,,,
,,,795483,1,21,2023-09-12_17h58.21.896,flesh_expressibility_dutch,2022.2.4,MacIntel,60.0024001,1.0,[13.664599999904631],[13.664700000047684],,,,,,,,,,,,,,,,,,,,,,,,,,,,,,,,,,,,,,,,,,,,,,,,,,,,,,,,,,,,,,,,,,,,,,,,,,,,,,,,,,,,,,,,,,
,,,795483,1,21,2023-09-12_17h58.21.896,flesh_expressibility_dutch,2022.2.4,MacIntel,60.0024001,,,,,,,,,,,,,,,,,,,,,,,,,,,,,,,,,,,,,,,,,,,,,,,,,,,,,,,,,,,,,,,,,,,,,,,,,,,,,,,,,,,,,,,,,,,,,
,,,795483,1,21,2023-09-12_17h58.21.896,flesh_expressibility_dutch,2022.2.4,MacIntel,60.0024001,,,,18.0,1.0,Nederlands,,,,,,Engels,1.0,,0.0,,0.0,,0.0,,0.0,,0.0,,0.0,,0.0,NL,2.0,2.0,2.0,1.0,on,sensorypref1,sensorypref2,sensorypref3,1440.0,900.0,,,,,,,,,,,,,,,,,,,,,,,,,,,,,,,,,,,,,,,,,,,,,,,,,,,,,,,
,,,795483,1,21,2023-09-12_17h58.21.896,flesh_expressibility_dutch,2022.2.4,MacIntel,60.0024001,,,,18.0,1.0,Nederlands,,,,,,Engels,1.0,,0.0,,0.0,,0.0,,0.0,,0.0,,0.0,,0.0,NL,2.0,2.0,2.0,1.0,,sensorypref1,sensorypref2,sensorypref3,1440.0,900.0,,,1.0,[56.17870000004768],[56.17870000004768],,,,,,,,,,,,,,,,,,,,,,,,,,,,,,,,,,,,,,,,,,,,,,,,,,
,,,795483,1,21,2023-09-12_17h58.21.896,flesh_expressibility_dutch,2022.2.4,MacIntel,60.0024001,,,,18.0,1.0,Nederlands,,,,,,Engels,1.0,,0.0,,0.0,,0.0,,0.0,,0.0,,0.0,,0.0,NL,2.0,2.0,2.0,1.0,,sensorypref1,sensorypref2,sensorypref3,1440.0,900.0,,,,,,,,,,,,,,,,,,,,,,,,,,,,,,,,,,,,,,,,,,,,,,,,,,,,,,,
,,,795483,1,21,2023-09-12_17h58.21.896,flesh_expressibility_dutch,2022.2.4,MacIntel,60.0024001,,,,18.0,1.0,Nederlands,,,,,,Engels,1.0,,0.0,,0.0,,0.0,,0.0,,0.0,,0.0,,0.0,NL,2.0,2.0,2.0,1.0,,sensorypref1,sensorypref2,sensorypref3,1440.0,900.0,,,,,,1.0,[69.67890000009537],[69.67890000009537],1.0,[78.61129999995231],[78.61140000009536],1.0,[1.0024999999999977],[1.0024999999999977],0.907864583,5.3408,0.0,0.0,0.0,1.0,1.0,leeuw,question_multimodal.png,im_combination.png,,,,,,,,,,,,,,,,,,,,,,,,,,,,,,,
,,,795483,1,21,2023-09-12_17h58.21.896,flesh_expressibility_dutch,2022.2.4,MacIntel,60.0024001,,,,18.0,1.0,Nederlands,,,,,,Engels,1.0,,0.0,,0.0,,0.0,,0.0,,0.0,,0.0,,0.0,NL,2.0,2.0,2.0,1.0,,sensorypref1,sensorypref2,sensorypref3,1440.0,900.0,,,,,,,,,,,,2.0,"[1.0024999999999977,0.7827999999523172]","[1.0024999999999977,0.7827999999523172]",0.695763889,2.6901,0.0,1.0,1.0,0.0,1.0,koken,question_multimodal.png,im_combination.png,,,,,,,,,,,,,,,,,,,,,,,,,,,,,,,
,,,795483,1,21,2023-09-12_17h58.21.896,flesh_expressibility_dutch,2022.2.4,MacIntel,60.0024001,,,,18.0,1.0,Nederlands,,,,,,Engels,1.0,,0.0,,0.0,,0.0,,0.0,,0.0,,0.0,,0.0,NL,2.0,2.0,2.0,1.0,,sensorypref1,sensorypref2,sensorypref3,1440.0,900.0,,,,,,2.0,"[69.67890000009537,95.71190000009537]","[69.67890000009537,95.712]",2.0,"[78.61129999995231,98.6095]","[78.61140000009536,98.60960000014305]",3.0,"[1.0024999999999977,0.7827999999523172,0.8011000001430517]","[1.0024999999999977,0.7827999999523172,0.801200000047686]",0.833967014,3.6657,0.0,0.0,0.0,1.0,1.0,auto,question_gesture.png,im_hand.png,,,,,,,,,,,,,,,,,,,,,,,,,,,,,,,
,,,795483,1,21,2023-09-12_17h58.21.896,flesh_expressibility_dutch,2022.2.4,MacIntel,60.0024001,,,,18.0,1.0,Nederlands,,,,,,Engels,1.0,,0.0,,0.0,,0.0,,0.0,,0.0,,0.0,,0.0,NL,2.0,2.0,2.0,1.0,,sensorypref1,sensorypref2,sensorypref3,1440.0,900.0,,,,,,,,,,,,4.0,"[1.0024999999999977,0.7827999999523172,0.8011000001430517,0.7999000000953629]","[1.0024999999999977,0.7827999999523172,0.801200000047686,0.7999000000953629]",0.876579861,1.8527,0.0,1.0,1.0,0.0,1.0,baby,question_gesture.png,im_hand.png,,,,,,,,,,,,,,,,,,,,,,,,,,,,,,,
,,,795483,1,21,2023-09-12_17h58.21.896,flesh_expressibility_dutch,2022.2.4,MacIntel,60.0024001,,,,18.0,1.0,Nederlands,,,,,,Engels,1.0,,0.0,,0.0,,0.0,,0.0,,0.0,,0.0,,0.0,NL,2.0,2.0,2.0,1.0,,sensorypref1,sensorypref2,sensorypref3,1440.0,900.0,,,,,,3.0,"[69.67890000009537,95.71190000009537,112.1605]","[69.67890000009537,95.712,112.1605]",3.0,"[78.61129999995231,98.6095,114.36120000004769]","[78.61140000009536,98.60960000014305,114.36120000004769]",5.0,"[1.0024999999999977,0.7827999999523172,0.8011000001430517,0.7999000000953629,0.8155000000000143]","[1.0024999999999977,0.7827999999523172,0.801200000047686,0.7999000000953629,0.8155000000000143]",0.660260417,4.9519,0.0,0.0,0.0,0.0,1.0,liefde,question_vocal.png,im_mouth.png,,,,,,,,,,,,,,,,,,,,,,,,,,,,,,,
,,,795483,1,21,2023-09-12_17h58.21.896,flesh_expressibility_dutch,2022.2.4,MacIntel,60.0024001,,,,18.0,1.0,Nederlands,,,,,,Engels,1.0,,0.0,,0.0,,0.0,,0.0,,0.0,,0.0,,0.0,NL,2.0,2.0,2.0,1.0,,sensorypref1,sensorypref2,sensorypref3,1440.0,900.0,,,,,,,,,,,,6.0,"[1.0024999999999977,0.7827999999523172,0.8011000001430517,0.7999000000953629,0.8155000000000143,0.6975999999046394]","[1.0024999999999977,0.7827999999523172,0.801200000047686,0.7999000000953629,0.8155000000000143,0.6976999998092595]",0.551328125,5.5556,0.0,1.0,1.0,1.0,1.0,moe,question_vocal.png,im_mouth.png,,,,,,,,,,,,,,,,,,,,,,,,,,,,,,,
,,,795483,1,21,2023-09-12_17h58.21.896,flesh_expressibility_dutch,2022.2.4,MacIntel,60.0024001,,,,18.0,1.0,Nederlands,,,,,,Engels,1.0,,0.0,,0.0,,0.0,,0.0,,0.0,,0.0,,0.0,NL,2.0,2.0,2.0,1.0,,sensorypref1,sensorypref2,sensorypref3,1440.0,900.0,,,,,,,,,,,,,,,,,,,,,,,,,1.0,[136.61740000009536],[136.6175],,,,,,,,,,,,,,,,,,,,,,,,,,,,
,,,795483,1,21,2023-09-12_17h58.21.896,flesh_expressibility_dutch,2022.2.4,MacIntel,60.0024001,,,,18.0,1.0,Nederlands,,,,,,Engels,1.0,,0.0,,0.0,,0.0,,0.0,,0.0,,0.0,,0.0,NL,2.0,2.0,2.0,1.0,,sensorypref1,sensorypref2,sensorypref3,1440.0,900.0,,,,,,,,,,,,,,,,,,,,,,,,,,,,,,,,,,,,,,,,,,,,,,,,,,,,,,,
,,,795483,1,21,2023-09-12_17h58.21.896,flesh_expressibility_dutch,2022.2.4,MacIntel,60.0024001,,,,18.0,1.0,Nederlands,,,,,,Engels,1.0,,0.0,,0.0,,0.0,,0.0,,0.0,,0.0,,0.0,NL,2.0,2.0,2.0,1.0,,sensorypref1,sensorypref2,sensorypref3,1440.0,900.0,,,,,,,,,,,,,,,,,,,,,,,,,,,,1.0,[139.4482000000477],[139.44830000019076],1.0,[141.2815],[141.2815],13.0,142.6737,1.0,[0.8512000000476689],[0.8512000000476689],-0.856614583,5.7041,0.0,0.0,0.0,142.0,1.0,verbrijzelen,vverbrijzelen,question_vocal.png,im_mouth.png,,,,,,
,,,795483,1,21,2023-09-12_17h58.21.896,flesh_expressibility_dutch,2022.2.4,MacIntel,60.0024001,,,,18.0,1.0,Nederlands,,,,,,Engels,1.0,,0.0,,0.0,,0.0,,0.0,,0.0,,0.0,,0.0,NL,2.0,2.0,2.0,1.0,,sensorypref1,sensorypref2,sensorypref3,1440.0,900.0,,,,,,,,,,,,,,,,,,,,,,,,,,,,,,,,,,8.0,149.2364,2.0,"[0.8512000000476689,2.1658000001907283]","[0.8512000000476689,2.1658000001907283]",-0.461362847,6.9707,0.0,1.0,1.0,164.0,1.0,zoet,vzoet,question_vocal.png,im_mouth.png,,,,,,
,,,795483,1,21,2023-09-12_17h58.21.896,flesh_expressibility_dutch,2022.2.4,MacIntel,60.0024001,,,,18.0,1.0,Nederlands,,,,,,Engels,1.0,,0.0,,0.0,,0.0,,0.0,,0.0,,0.0,,0.0,NL,2.0,2.0,2.0,1.0,,sensorypref1,sensorypref2,sensorypref3,1440.0,900.0,,,,,,,,,,,,,,,,,,,,,,,,,,,,,,,,,,8.0,156.9932,3.0,"[0.8512000000476689,2.1658000001907283,0.6805999999046435]","[0.8512000000476689,2.1658000001907283,0.6805999999046435]",0.904782986,3.5896,0.0,2.0,2.0,65.0,1.0,jeuk,vjeuk,question_vocal.png,im_mouth.png,,,,,,
,,,795483,1,21,2023-09-12_17h58.21.896,flesh_expressibility_dutch,2022.2.4,MacIntel,60.0024001,,,,18.0,1.0,Nederlands,,,,,,Engels,1.0,,0.0,,0.0,,0.0,,0.0,,0.0,,0.0,,0.0,NL,2.0,2.0,2.0,1.0,,sensorypref1,sensorypref2,sensorypref3,1440.0,900.0,,,,,,,,,,,,,,,,,,,,,,,,,,,,,,,,,,11.0,161.2908,4.0,"[0.8512000000476689,2.1658000001907283,0.6805999999046435,0.900299999952324]","[0.8512000000476689,2.1658000001907283,0.6805999999046435,0.9003999998569441]",0.923368056,5.5111,0.0,3.0,3.0,28.0,1.0,man,vman,question_vocal.png,im_mouth.png,,,,,,
,,,795483,1,21,2023-09-12_17h58.21.896,flesh_expressibility_dutch,2022.2.4,MacIntel,60.0024001,,,,18.0,1.0,Nederlands,,,,,,Engels,1.0,,0.0,,0.0,,0.0,,0.0,,0.0,,0.0,,0.0,NL,2.0,2.0,2.0,1.0,,sensorypref1,sensorypref2,sensorypref3,1440.0,900.0,,,,,,,,,,,,,,,,,,,,,,,,,,,,,,,,,,6.0,167.7417,5.0,"[0.8512000000476689,2.1658000001907283,0.6805999999046435,0.900299999952324,0.9329999999999927]","[0.8512000000476689,2.1658000001907283,0.6805999999046435,0.9003999998569441,0.9329999999999927]",0.478385417,2.939,0.0,4.0,4.0,42.0,1.0,berg,vberg,question_vocal.png,im_mouth.png,,,,,,
,,,795483,1,21,2023-09-12_17h58.21.896,flesh_expressibility_dutch,2022.2.4,MacIntel,60.0024001,,,,18.0,1.0,Nederlands,,,,,,Engels,1.0,,0.0,,0.0,,0.0,,0.0,,0.0,,0.0,,0.0,NL,2.0,2.0,2.0,1.0,,sensorypref1,sensorypref2,sensorypref3,1440.0,900.0,,,,,,,,,,,,,,,,,,,,,,,,,,,,,,,,,,10.0,171.6327,6.0,"[0.8512000000476689,2.1658000001907283,0.6805999999046435,0.900299999952324,0.9329999999999927,0.5822000000476919]","[0.8512000000476689,2.1658000001907283,0.6805999999046435,0.9003999998569441,0.9329999999999927,0.582299999952312]",0.690052083,2.2395,0.0,5.0,5.0,203.0,1.0,kat,vkat,question_vocal.png,im_mouth.png,,,,,,
,,,795483,1,21,2023-09-12_17h58.21.896,flesh_expressibility_dutch,2022.2.4,MacIntel,60.0024001,,,,18.0,1.0,Nederlands,,,,,,Engels,1.0,,0.0,,0.0,,0.0,,0.0,,0.0,,0.0,,0.0,NL,2.0,2.0,2.0,1.0,,sensorypref1,sensorypref2,sensorypref3,1440.0,900.0,,,,,,,,,,,,,,,,,,,,,,,,,,,,,,,,,,7.0,174.4213,7.0,"[0.8512000000476689,2.1658000001907283,0.6805999999046435,0.900299999952324,0.9329999999999927,0.5822000000476919,0.6670999999046217]","[0.8512000000476689,2.1658000001907283,0.6805999999046435,0.9003999998569441,0.9329999999999927,0.582299999952312,0.6671999998092701]",-0.464375,4.725,0.0,6.0,6.0,21.0,1.0,heden,vheden,question_vocal.png,im_mouth.png,,,,,,
,,,795483,1,21,2023-09-12_17h58.21.896,flesh_expressibility_dutch,2022.2.4,MacIntel,60.0024001,,,,18.0,1.0,Nederlands,,,,,,Engels,1.0,,0.0,,0.0,,0.0,,0.0,,0.0,,0.0,,0.0,NL,2.0,2.0,2.0,1.0,,sensorypref1,sensorypref2,sensorypref3,1440.0,900.0,,,,,,,,,,,,,,,,,,,,,,,,,,,,,,,,,,12.0,179.8082,8.0,"[0.8512000000476689,2.1658000001907283,0.6805999999046435,0.900299999952324,0.9329999999999927,0.5822000000476919,0.6670999999046217,0.6502000000476755]","[0.8512000000476689,2.1658000001907283,0.6805999999046435,0.9003999998569441,0.9329999999999927,0.582299999952312,0.6671999998092701,0.6502999999522956]",-0.116206597,4.1399,0.0,7.0,7.0,43.0,1.0,rivier,vrivier,question_vocal.png,im_mouth.png,,,,,,
,,,795483,1,21,2023-09-12_17h58.21.896,flesh_expressibility_dutch,2022.2.4,MacIntel,60.0024001,,,,18.0,1.0,Nederlands,,,,,,Engels,1.0,,0.0,,0.0,,0.0,,0.0,,0.0,,0.0,,0.0,NL,2.0,2.0,2.0,1.0,,sensorypref1,sensorypref2,sensorypref3,1440.0,900.0,,,,,,,,,,,,,,,,,,,,,,,,,,,,,,,,,,10.0,184.6494,9.0,"[0.8512000000476689,2.1658000001907283,0.6805999999046435,0.900299999952324,0.9329999999999927,0.5822000000476919,0.6670999999046217,0.6502000000476755,0.7010000000000218]","[0.8512000000476689,2.1658000001907283,0.6805999999046435,0.9003999998569441,0.9329999999999927,0.582299999952312,0.6671999998092701,0.6502999999522956,0.7010999999046419]",-0.903619792,6.0903,0.0,8.0,8.0,66.0,1.0,"bot (kenmerk, niet lichaam)","vbot (kenmerk, niet lichaam)",question_vocal.png,im_mouth.png,,,,,,
,,,795483,1,21,2023-09-12_17h58.21.896,flesh_expressibility_dutch,2022.2.4,MacIntel,60.0024001,,,,18.0,1.0,Nederlands,,,,,,Engels,1.0,,0.0,,0.0,,0.0,,0.0,,0.0,,0.0,,0.0,NL,2.0,2.0,2.0,1.0,,sensorypref1,sensorypref2,sensorypref3,1440.0,900.0,,,,,,,,,,,,,,,,,,,,,,,,,,,,,,,,,,15.0,191.4987,10.0,"[0.8512000000476689,2.1658000001907283,0.6805999999046435,0.900299999952324,0.9329999999999927,0.5822000000476919,0.6670999999046217,0.6502000000476755,0.7010000000000218,1.717600000143051]","[0.8512000000476689,2.1658000001907283,0.6805999999046435,0.9003999998569441,0.9329999999999927,0.582299999952312,0.6671999998092701,0.6502999999522956,0.7010999999046419,1.717600000143051]",0.113541667,4.5676,0.0,9.0,9.0,60.0,1.0,luidruchtig,vluidruchtig,question_vocal.png,im_mouth.png,,,,,,
,,,795483,1,21,2023-09-12_17h58.21.896,flesh_expressibility_dutch,2022.2.4,MacIntel,60.0024001,,,,18.0,1.0,Nederlands,,,,,,Engels,1.0,,0.0,,0.0,,0.0,,0.0,,0.0,,0.0,,0.0,NL,2.0,2.0,2.0,1.0,,sensorypref1,sensorypref2,sensorypref3,1440.0,900.0,,,,,,,,,,,,,,,,,,,,,,,,,,,,,,,,,,12.0,197.8483,11.0,"[0.8512000000476689,2.1658000001907283,0.6805999999046435,0.900299999952324,0.9329999999999927,0.5822000000476919,0.6670999999046217,0.6502000000476755,0.7010000000000218,1.717600000143051,0.6500000000000057]","[0.8512000000476689,2.1658000001907283,0.6805999999046435,0.9003999998569441,0.9329999999999927,0.582299999952312,0.6671999998092701,0.6502999999522956,0.7010999999046419,1.717600000143051,0.6500000000000057]",0.874305556,2.5399,0.0,10.0,10.0,38.0,1.0,blij,vblij,question_vocal.png,im_mouth.png,,,,,,
,,,795483,1,21,2023-09-12_17h58.21.896,flesh_expressibility_dutch,2022.2.4,MacIntel,60.0024001,,,,18.0,1.0,Nederlands,,,,,,Engels,1.0,,0.0,,0.0,,0.0,,0.0,,0.0,,0.0,,0.0,NL,2.0,2.0,2.0,1.0,,sensorypref1,sensorypref2,sensorypref3,1440.0,900.0,,,,,,,,,,,,,,,,,,,,,,,,,,,,,,,,,,8.0,200.9492,12.0,"[0.8512000000476689,2.1658000001907283,0.6805999999046435,0.900299999952324,0.9329999999999927,0.5822000000476919,0.6670999999046217,0.6502000000476755,0.7010000000000218,1.717600000143051,0.6500000000000057,1.2491999998092638]","[0.8512000000476689,2.1658000001907283,0.6805999999046435,0.9003999998569441,0.9329999999999927,0.582299999952312,0.6671999998092701,0.6502999999522956,0.7010999999046419,1.717600000143051,0.6500000000000057,1.2491999998092638]",-0.882065972,6.2697,0.0,11.0,11.0,113.0,1.0,bot (lichaam),vbot (lichaam),question_vocal.png,im_mouth.png,,,,,,
,,,795483,1,21,2023-09-12_17h58.21.896,flesh_expressibility_dutch,2022.2.4,MacIntel,60.0024001,,,,18.0,1.0,Nederlands,,,,,,Engels,1.0,,0.0,,0.0,,0.0,,0.0,,0.0,,0.0,,0.0,NL,2.0,2.0,2.0,1.0,,sensorypref1,sensorypref2,sensorypref3,1440.0,900.0,,,,,,,,,,,,,,,,,,,,,,,,,,,,,,,,,,7.0,207.9762,13.0,"[0.8512000000476689,2.1658000001907283,0.6805999999046435,0.900299999952324,0.9329999999999927,0.5822000000476919,0.6670999999046217,0.6502000000476755,0.7010000000000218,1.717600000143051,0.6500000000000057,1.2491999998092638,3.015999999999991]","[0.8512000000476689,2.1658000001907283,0.6805999999046435,0.9003999998569441,0.9329999999999927,0.582299999952312,0.6671999998092701,0.6502999999522956,0.7010999999046419,1.717600000143051,0.6500000000000057,1.2491999998092638,3.016100000143041]",-0.531840278,13.9286,0.0,12.0,12.0,116.0,1.0,oog,voog,question_vocal.png,im_mouth.png,,,,,,
,,,795483,1,21,2023-09-12_17h58.21.896,flesh_expressibility_dutch,2022.2.4,MacIntel,60.0024001,,,,18.0,1.0,Nederlands,,,,,,Engels,1.0,,0.0,,0.0,,0.0,,0.0,,0.0,,0.0,,0.0,NL,2.0,2.0,2.0,1.0,,sensorypref1,sensorypref2,sensorypref3,1440.0,900.0,,,,,,,,,,,,,,,,,,,,,,,,,,,,,,,,,,8.0,223.6065,14.0,"[0.8512000000476689,2.1658000001907283,0.6805999999046435,0.900299999952324,0.9329999999999927,0.5822000000476919,0.6670999999046217,0.6502000000476755,0.7010000000000218,1.717600000143051,0.6500000000000057,1.2491999998092638,3.015999999999991,0.6001000001430725]","[0.8512000000476689,2.1658000001907283,0.6805999999046435,0.9003999998569441,0.9329999999999927,0.582299999952312,0.6671999998092701,0.6502999999522956,0.7010999999046419,1.717600000143051,0.6500000000000057,1.2491999998092638,3.016100000143041,0.6002000000476926]",0.877829861,3.1229,0.0,13.0,13.0,48.0,1.0,vliegen,vvliegen,question_vocal.png,im_mouth.png,,,,,,
,,,795483,1,21,2023-09-12_17h58.21.896,flesh_expressibility_dutch,2022.2.4,MacIntel,60.0024001,,,,18.0,1.0,Nederlands,,,,,,Engels,1.0,,0.0,,0.0,,0.0,,0.0,,0.0,,0.0,,0.0,NL,2.0,2.0,2.0,1.0,,sensorypref1,sensorypref2,sensorypref3,1440.0,900.0,,,,,,,,,,,,,,,,,,,,,,,,,,,,,,,,,,16.0,227.2936,15.0,"[0.8512000000476689,2.1658000001907283,0.6805999999046435,0.900299999952324,0.9329999999999927,0.5822000000476919,0.6670999999046217,0.6502000000476755,0.7010000000000218,1.717600000143051,0.6500000000000057,1.2491999998092638,3.015999999999991,0.6001000001430725,0.7338000001907403]","[0.8512000000476689,2.1658000001907283,0.6805999999046435,0.9003999998569441,0.9329999999999927,0.582299999952312,0.6671999998092701,0.6502999999522956,0.7010999999046419,1.717600000143051,0.6500000000000057,1.2491999998092638,3.016100000143041,0.6002000000476926,0.7338000001907403]",-0.866310764,2.8898,0.0,14.0,14.0,97.0,1.0,doen,vdoen,question_vocal.png,im_mouth.png,,,,,,
,,,795483,1,21,2023-09-12_17h58.21.896,flesh_expressibility_dutch,2022.2.4,MacIntel,60.0024001,,,,18.0,1.0,Nederlands,,,,,,Engels,1.0,,0.0,,0.0,,0.0,,0.0,,0.0,,0.0,,0.0,NL,2.0,2.0,2.0,1.0,,sensorypref1,sensorypref2,sensorypref3,1440.0,900.0,,,,,,,,,,,,,,,,,,,,,,,,,,,,,,,,,,6.0,230.9459,16.0,"[0.8512000000476689,2.1658000001907283,0.6805999999046435,0.900299999952324,0.9329999999999927,0.5822000000476919,0.6670999999046217,0.6502000000476755,0.7010000000000218,1.717600000143051,0.6500000000000057,1.2491999998092638,3.015999999999991,0.6001000001430725,0.7338000001907403,0.7656000001430527]","[0.8512000000476689,2.1658000001907283,0.6805999999046435,0.9003999998569441,0.9329999999999927,0.582299999952312,0.6671999998092701,0.6502999999522956,0.7010999999046419,1.717600000143051,0.6500000000000057,1.2491999998092638,3.016100000143041,0.6002000000476926,0.7338000001907403,0.7657000000477012]",0.90015625,2.189,0.0,15.0,15.0,104.0,1.0,luis,vluis,question_vocal.png,im_mouth.png,,,,,,
,,,795483,1,21,2023-09-12_17h58.21.896,flesh_expressibility_dutch,2022.2.4,MacIntel,60.0024001,,,,18.0,1.0,Nederlands,,,,,,Engels,1.0,,0.0,,0.0,,0.0,,0.0,,0.0,,0.0,,0.0,NL,2.0,2.0,2.0,1.0,,sensorypref1,sensorypref2,sensorypref3,1440.0,900.0,,,,,,,,,,,,,,,,,,,,,,,,,,,,,,,,,,9.0,233.9529,17.0,"[0.8512000000476689,2.1658000001907283,0.6805999999046435,0.900299999952324,0.9329999999999927,0.5822000000476919,0.6670999999046217,0.6502000000476755,0.7010000000000218,1.717600000143051,0.6500000000000057,1.2491999998092638,3.015999999999991,0.6001000001430725,0.7338000001907403,0.7656000001430527,0.8002000000476812]","[0.8512000000476689,2.1658000001907283,0.6805999999046435,0.9003999998569441,0.9329999999999927,0.582299999952312,0.6671999998092701,0.6502999999522956,0.7010999999046419,1.717600000143051,0.6500000000000057,1.2491999998092638,3.016100000143041,0.6002000000476926,0.7338000001907403,0.7657000000477012,0.8002999999523013]",0.906875,2.5636,0.0,16.0,16.0,150.0,1.0,huilen,vhuilen,question_vocal.png,im_mouth.png,,,,,,
,,,795483,1,21,2023-09-12_17h58.21.896,flesh_expressibility_dutch,2022.2.4,MacIntel,60.0024001,,,,18.0,1.0,Nederlands,,,,,,Engels,1.0,,0.0,,0.0,,0.0,,0.0,,0.0,,0.0,,0.0,NL,2.0,2.0,2.0,1.0,,sensorypref1,sensorypref2,sensorypref3,1440.0,900.0,,,,,,,,,,,,,,,,,,,,,,,,,,,,,,,,,,11.0,237.3759,18.0,"[0.8512000000476689,2.1658000001907283,0.6805999999046435,0.900299999952324,0.9329999999999927,0.5822000000476919,0.6670999999046217,0.6502000000476755,0.7010000000000218,1.717600000143051,0.6500000000000057,1.2491999998092638,3.015999999999991,0.6001000001430725,0.7338000001907403,0.7656000001430527,0.8002000000476812,2.246699999809266]","[0.8512000000476689,2.1658000001907283,0.6805999999046435,0.9003999998569441,0.9329999999999927,0.582299999952312,0.6671999998092701,0.6502999999522956,0.7010999999046419,1.717600000143051,0.6500000000000057,1.2491999998092638,3.016100000143041,0.6002000000476926,0.7338000001907403,0.7657000000477012,0.8002999999523013,2.246799999952316]",-0.7003125,3.891,0.0,17.0,17.0,119.0,1.0,knie,vknie,question_vocal.png,im_mouth.png,,,,,,
,,,795483,1,21,2023-09-12_17h58.21.896,flesh_expressibility_dutch,2022.2.4,MacIntel,60.0024001,,,,18.0,1.0,Nederlands,,,,,,Engels,1.0,,0.0,,0.0,,0.0,,0.0,,0.0,,0.0,,0.0,NL,2.0,2.0,2.0,1.0,,sensorypref1,sensorypref2,sensorypref3,1440.0,900.0,,,,,,,,,,,,,,,,,,,,,,,,,,,,,,,,,,9.0,243.5214,19.0,"[0.8512000000476689,2.1658000001907283,0.6805999999046435,0.900299999952324,0.9329999999999927,0.5822000000476919,0.6670999999046217,0.6502000000476755,0.7010000000000218,1.717600000143051,0.6500000000000057,1.2491999998092638,3.015999999999991,0.6001000001430725,0.7338000001907403,0.7656000001430527,0.8002000000476812,2.246699999809266,1.064899999856948]","[0.8512000000476689,2.1658000001907283,0.6805999999046435,0.9003999998569441,0.9329999999999927,0.582299999952312,0.6671999998092701,0.6502999999522956,0.7010999999046419,1.717600000143051,0.6500000000000057,1.2491999998092638,3.016100000143041,0.6002000000476926,0.7338000001907403,0.7657000000477012,0.8002999999523013,2.246799999952316,1.0649999999999977]",-0.381449653,5.0694,0.0,18.0,18.0,72.0,1.0,verrot,vverrot,question_vocal.png,im_mouth.png,,,,,,
,,,795483,1,21,2023-09-12_17h58.21.896,flesh_expressibility_dutch,2022.2.4,MacIntel,60.0024001,,,,18.0,1.0,Nederlands,,,,,,Engels,1.0,,0.0,,0.0,,0.0,,0.0,,0.0,,0.0,,0.0,NL,2.0,2.0,2.0,1.0,,sensorypref1,sensorypref2,sensorypref3,1440.0,900.0,,,,,,,,,,,,,,,,,,,,,,,,,,,,,,,,,,5.0,249.5983,20.0,"[0.8512000000476689,2.1658000001907283,0.6805999999046435,0.900299999952324,0.9329999999999927,0.5822000000476919,0.6670999999046217,0.6502000000476755,0.7010000000000218,1.717600000143051,0.6500000000000057,1.2491999998092638,3.015999999999991,0.6001000001430725,0.7338000001907403,0.7656000001430527,0.8002000000476812,2.246699999809266,1.064899999856948,0.6177999999522967]","[0.8512000000476689,2.1658000001907283,0.6805999999046435,0.9003999998569441,0.9329999999999927,0.582299999952312,0.6671999998092701,0.6502999999522956,0.7010999999046419,1.717600000143051,0.6500000000000057,1.2491999998092638,3.016100000143041,0.6002000000476926,0.7338000001907403,0.7657000000477012,0.8002999999523013,2.246799999952316,1.0649999999999977,0.6177999999522967]",0.671597222,8.7036,0.0,19.0,19.0,88.0,1.0,verzamelen,vverzamelen,question_vocal.png,im_mouth.png,,,,,,
,,,795483,1,21,2023-09-12_17h58.21.896,flesh_expressibility_dutch,2022.2.4,MacIntel,60.0024001,,,,18.0,1.0,Nederlands,,,,,,Engels,1.0,,0.0,,0.0,,0.0,,0.0,,0.0,,0.0,,0.0,NL,2.0,2.0,2.0,1.0,,sensorypref1,sensorypref2,sensorypref3,1440.0,900.0,,,,,,,,,,,,,,,,,,,,,,,,,,,,2.0,"[139.4482000000477,267.84999999999997]","[139.44830000019076,267.850100000143]",2.0,"[141.2815,270.5015999999046]","[141.2815,270.5015999999046]",12.0,271.8868,21.0,"[0.8512000000476689,2.1658000001907283,0.6805999999046435,0.900299999952324,0.9329999999999927,0.5822000000476919,0.6670999999046217,0.6502000000476755,0.7010000000000218,1.717600000143051,0.6500000000000057,1.2491999998092638,3.015999999999991,0.6001000001430725,0.7338000001907403,0.7656000001430527,0.8002000000476812,2.246699999809266,1.064899999856948,0.6177999999522967,0.6346000001430525]","[0.8512000000476689,2.1658000001907283,0.6805999999046435,0.9003999998569441,0.9329999999999927,0.582299999952312,0.6671999998092701,0.6502999999522956,0.7010999999046419,1.717600000143051,0.6500000000000057,1.2491999998092638,3.016100000143041,0.6002000000476926,0.7338000001907403,0.7657000000477012,0.8002999999523013,2.246799999952316,1.0649999999999977,0.6177999999522967,0.6346000001430525]",-0.537196181,15.6806,0.0,0.0,0.0,67.0,1.0,ruw,gruw,question_gesture.png,im_hand.png,,,,,,
,,,795483,1,21,2023-09-12_17h58.21.896,flesh_expressibility_dutch,2022.2.4,MacIntel,60.0024001,,,,18.0,1.0,Nederlands,,,,,,Engels,1.0,,0.0,,0.0,,0.0,,0.0,,0.0,,0.0,,0.0,NL,2.0,2.0,2.0,1.0,,sensorypref1,sensorypref2,sensorypref3,1440.0,900.0,,,,,,,,,,,,,,,,,,,,,,,,,,,,,,,,,,13.0,288.2247,22.0,"[0.8512000000476689,2.1658000001907283,0.6805999999046435,0.900299999952324,0.9329999999999927,0.5822000000476919,0.6670999999046217,0.6502000000476755,0.7010000000000218,1.717600000143051,0.6500000000000057,1.2491999998092638,3.015999999999991,0.6001000001430725,0.7338000001907403,0.7656000001430527,0.8002000000476812,2.246699999809266,1.064899999856948,0.6177999999522967,0.6346000001430525,0.6481000001430175]","[0.8512000000476689,2.1658000001907283,0.6805999999046435,0.9003999998569441,0.9329999999999927,0.582299999952312,0.6671999998092701,0.6502999999522956,0.7010999999046419,1.717600000143051,0.6500000000000057,1.2491999998092638,3.016100000143041,0.6002000000476926,0.7338000001907403,0.7657000000477012,0.8002999999523013,2.246799999952316,1.0649999999999977,0.6177999999522967,0.6346000001430525,0.6481000001430175]",0.231788194,6.3711,0.0,1.0,1.0,32.0,1.0,vooraan,gvooraan,question_gesture.png,im_hand.png,,,,,,
,,,795483,1,21,2023-09-12_17h58.21.896,flesh_expressibility_dutch,2022.2.4,MacIntel,60.0024001,,,,18.0,1.0,Nederlands,,,,,,Engels,1.0,,0.0,,0.0,,0.0,,0.0,,0.0,,0.0,,0.0,NL,2.0,2.0,2.0,1.0,,sensorypref1,sensorypref2,sensorypref3,1440.0,900.0,,,,,,,,,,,,,,,,,,,,,,,,,,,,,,,,,,8.0,295.297,23.0,"[0.8512000000476689,2.1658000001907283,0.6805999999046435,0.900299999952324,0.9329999999999927,0.5822000000476919,0.6670999999046217,0.6502000000476755,0.7010000000000218,1.717600000143051,0.6500000000000057,1.2491999998092638,3.015999999999991,0.6001000001430725,0.7338000001907403,0.7656000001430527,0.8002000000476812,2.246699999809266,1.064899999856948,0.6177999999522967,0.6346000001430525,0.6481000001430175,0.8317999999523522]","[0.8512000000476689,2.1658000001907283,0.6805999999046435,0.9003999998569441,0.9329999999999927,0.582299999952312,0.6671999998092701,0.6502999999522956,0.7010999999046419,1.717600000143051,0.6500000000000057,1.2491999998092638,3.016100000143041,0.6002000000476926,0.7338000001907403,0.7657000000477012,0.8002999999523013,2.246799999952316,1.0649999999999977,0.6177999999522967,0.6346000001430525,0.6481000001430175,0.8318999998569439]",0.707586806,3.2889,0.0,2.0,2.0,13.0,1.0,geurig,ggeurig,question_gesture.png,im_hand.png,,,,,,
,,,795483,1,21,2023-09-12_17h58.21.896,flesh_expressibility_dutch,2022.2.4,MacIntel,60.0024001,,,,18.0,1.0,Nederlands,,,,,,Engels,1.0,,0.0,,0.0,,0.0,,0.0,,0.0,,0.0,,0.0,NL,2.0,2.0,2.0,1.0,,sensorypref1,sensorypref2,sensorypref3,1440.0,900.0,,,,,,,,,,,,,,,,,,,,,,,,,,,,,,,,,,5.0,299.5341,24.0,"[0.8512000000476689,2.1658000001907283,0.6805999999046435,0.900299999952324,0.9329999999999927,0.5822000000476919,0.6670999999046217,0.6502000000476755,0.7010000000000218,1.717600000143051,0.6500000000000057,1.2491999998092638,3.015999999999991,0.6001000001430725,0.7338000001907403,0.7656000001430527,0.8002000000476812,2.246699999809266,1.064899999856948,0.6177999999522967,0.6346000001430525,0.6481000001430175,0.8317999999523522,0.6329999999999814]","[0.8512000000476689,2.1658000001907283,0.6805999999046435,0.9003999998569441,0.9329999999999927,0.582299999952312,0.6671999998092701,0.6502999999522956,0.7010999999046419,1.717600000143051,0.6500000000000057,1.2491999998092638,3.016100000143041,0.6002000000476926,0.7338000001907403,0.7657000000477012,0.8002999999523013,2.246799999952316,1.0649999999999977,0.6177999999522967,0.6346000001430525,0.6481000001430175,0.8318999998569439,0.6331000001430311]",-0.854713542,3.0843,0.0,3.0,3.0,20.0,1.0,verleden,gverleden,question_gesture.png,im_hand.png,,,,,,
,,,795483,1,21,2023-09-12_17h58.21.896,flesh_expressibility_dutch,2022.2.4,MacIntel,60.0024001,,,,18.0,1.0,Nederlands,,,,,,Engels,1.0,,0.0,,0.0,,0.0,,0.0,,0.0,,0.0,,0.0,NL,2.0,2.0,2.0,1.0,,sensorypref1,sensorypref2,sensorypref3,1440.0,900.0,,,,,,,,,,,,,,,,,,,,,,,,,,,,,,,,,,8.0,303.1088,25.0,"[0.8512000000476689,2.1658000001907283,0.6805999999046435,0.900299999952324,0.9329999999999927,0.5822000000476919,0.6670999999046217,0.6502000000476755,0.7010000000000218,1.717600000143051,0.6500000000000057,1.2491999998092638,3.015999999999991,0.6001000001430725,0.7338000001907403,0.7656000001430527,0.8002000000476812,2.246699999809266,1.064899999856948,0.6177999999522967,0.6346000001430525,0.6481000001430175,0.8317999999523522,0.6329999999999814,0.8989000000954093]","[0.8512000000476689,2.1658000001907283,0.6805999999046435,0.9003999998569441,0.9329999999999927,0.582299999952312,0.6671999998092701,0.6502999999522956,0.7010999999046419,1.717600000143051,0.6500000000000057,1.2491999998092638,3.016100000143041,0.6002000000476926,0.7338000001907403,0.7657000000477012,0.8002999999523013,2.246799999952316,1.0649999999999977,0.6177999999522967,0.6346000001430525,0.6481000001430175,0.8318999998569439,0.6331000001430311,0.8989000000954093]",0.186440972,11.808,0.0,4.0,4.0,132.0,1.0,aarde,gaarde,question_gesture.png,im_hand.png,,,,,,
,,,795483,1,21,2023-09-12_17h58.21.896,flesh_expressibility_dutch,2022.2.4,MacIntel,60.0024001,,,,18.0,1.0,Nederlands,,,,,,Engels,1.0,,0.0,,0.0,,0.0,,0.0,,0.0,,0.0,,0.0,NL,2.0,2.0,2.0,1.0,,sensorypref1,sensorypref2,sensorypref3,1440.0,900.0,,,,,,,,,,,,,,,,,,,,,,,,,,,,,,,,,,5.0,315.8568,26.0,"[0.8512000000476689,2.1658000001907283,0.6805999999046435,0.900299999952324,0.9329999999999927,0.5822000000476919,0.6670999999046217,0.6502000000476755,0.7010000000000218,1.717600000143051,0.6500000000000057,1.2491999998092638,3.015999999999991,0.6001000001430725,0.7338000001907403,0.7656000001430527,0.8002000000476812,2.246699999809266,1.064899999856948,0.6177999999522967,0.6346000001430525,0.6481000001430175,0.8317999999523522,0.6329999999999814,0.8989000000954093,1.266399999856958]","[0.8512000000476689,2.1658000001907283,0.6805999999046435,0.9003999998569441,0.9329999999999927,0.582299999952312,0.6671999998092701,0.6502999999522956,0.7010999999046419,1.717600000143051,0.6500000000000057,1.2491999998092638,3.016100000143041,0.6002000000476926,0.7338000001907403,0.7657000000477012,0.8002999999523013,2.246799999952316,1.0649999999999977,0.6177999999522967,0.6346000001430525,0.6481000001430175,0.8318999998569439,0.6331000001430311,0.8989000000954093,1.266399999856958]",-0.939574653,2.4571,0.0,5.0,5.0,76.0,1.0,blauw,gblauw,question_gesture.png,im_hand.png,,,,,,
,,,795483,1,21,2023-09-12_17h58.21.896,flesh_expressibility_dutch,2022.2.4,MacIntel,60.0024001,,,,18.0,1.0,Nederlands,,,,,,Engels,1.0,,0.0,,0.0,,0.0,,0.0,,0.0,,0.0,,0.0,NL,2.0,2.0,2.0,1.0,,sensorypref1,sensorypref2,sensorypref3,1440.0,900.0,,,,,,,,,,,,,,,,,,,,,,,,,,,,,,,,,,8.0,319.6063,27.0,"[0.8512000000476689,2.1658000001907283,0.6805999999046435,0.900299999952324,0.9329999999999927,0.5822000000476919,0.6670999999046217,0.6502000000476755,0.7010000000000218,1.717600000143051,0.6500000000000057,1.2491999998092638,3.015999999999991,0.6001000001430725,0.7338000001907403,0.7656000001430527,0.8002000000476812,2.246699999809266,1.064899999856948,0.6177999999522967,0.6346000001430525,0.6481000001430175,0.8317999999523522,0.6329999999999814,0.8989000000954093,1.266399999856958,0.765599999904623]","[0.8512000000476689,2.1658000001907283,0.6805999999046435,0.9003999998569441,0.9329999999999927,0.582299999952312,0.6671999998092701,0.6502999999522956,0.7010999999046419,1.717600000143051,0.6500000000000057,1.2491999998092638,3.016100000143041,0.6002000000476926,0.7338000001907403,0.7657000000477012,0.8002999999523013,2.246799999952316,1.0649999999999977,0.6177999999522967,0.6346000001430525,0.6481000001430175,0.8318999998569439,0.6331000001430311,0.8989000000954093,1.266399999856958,0.7656999998092715]",-0.439027778,3.3896,0.0,6.0,6.0,192.0,1.0,vlees,gvlees,question_gesture.png,im_hand.png,,,,,,
,,,795483,1,21,2023-09-12_17h58.21.896,flesh_expressibility_dutch,2022.2.4,MacIntel,60.0024001,,,,18.0,1.0,Nederlands,,,,,,Engels,1.0,,0.0,,0.0,,0.0,,0.0,,0.0,,0.0,,0.0,NL,2.0,2.0,2.0,1.0,,sensorypref1,sensorypref2,sensorypref3,1440.0,900.0,,,,,,,,,,,,,,,,,,,,,,,,,,,,,,,,,,12.0,323.7176,28.0,"[0.8512000000476689,2.1658000001907283,0.6805999999046435,0.900299999952324,0.9329999999999927,0.5822000000476919,0.6670999999046217,0.6502000000476755,0.7010000000000218,1.717600000143051,0.6500000000000057,1.2491999998092638,3.015999999999991,0.6001000001430725,0.7338000001907403,0.7656000001430527,0.8002000000476812,2.246699999809266,1.064899999856948,0.6177999999522967,0.6346000001430525,0.6481000001430175,0.8317999999523522,0.6329999999999814,0.8989000000954093,1.266399999856958,0.765599999904623,0.9993000001907149]","[0.8512000000476689,2.1658000001907283,0.6805999999046435,0.9003999998569441,0.9329999999999927,0.582299999952312,0.6671999998092701,0.6502999999522956,0.7010999999046419,1.717600000143051,0.6500000000000057,1.2491999998092638,3.016100000143041,0.6002000000476926,0.7338000001907403,0.7657000000477012,0.8002999999523013,2.246799999952316,1.0649999999999977,0.6177999999522967,0.6346000001430525,0.6481000001430175,0.8318999998569439,0.6331000001430311,0.8989000000954093,1.266399999856958,0.7656999998092715,0.9994000000953633]",-0.740677083,3.1393,0.0,7.0,7.0,5.0,1.0,honing,ghoning,question_gesture.png,im_hand.png,,,,,,
,,,795483,1,21,2023-09-12_17h58.21.896,flesh_expressibility_dutch,2022.2.4,MacIntel,60.0024001,,,,18.0,1.0,Nederlands,,,,,,Engels,1.0,,0.0,,0.0,,0.0,,0.0,,0.0,,0.0,,0.0,NL,2.0,2.0,2.0,1.0,,sensorypref1,sensorypref2,sensorypref3,1440.0,900.0,,,,,,,,,,,,,,,,,,,,,,,,,,,,,,,,,,12.0,327.9184,29.0,"[0.8512000000476689,2.1658000001907283,0.6805999999046435,0.900299999952324,0.9329999999999927,0.5822000000476919,0.6670999999046217,0.6502000000476755,0.7010000000000218,1.717600000143051,0.6500000000000057,1.2491999998092638,3.015999999999991,0.6001000001430725,0.7338000001907403,0.7656000001430527,0.8002000000476812,2.246699999809266,1.064899999856948,0.6177999999522967,0.6346000001430525,0.6481000001430175,0.8317999999523522,0.6329999999999814,0.8989000000954093,1.266399999856958,0.765599999904623,0.9993000001907149,0.5490999999046267]","[0.8512000000476689,2.1658000001907283,0.6805999999046435,0.9003999998569441,0.9329999999999927,0.582299999952312,0.6671999998092701,0.6502999999522956,0.7010999999046419,1.717600000143051,0.6500000000000057,1.2491999998092638,3.016100000143041,0.6002000000476926,0.7338000001907403,0.7657000000477012,0.8002999999523013,2.246799999952316,1.0649999999999977,0.6177999999522967,0.6346000001430525,0.6481000001430175,0.8318999998569439,0.6331000001430311,0.8989000000954093,1.266399999856958,0.7656999998092715,0.9994000000953633,0.5490999999046267]",-0.702934028,4.506,0.0,8.0,8.0,164.0,1.0,zoet,gzoet,question_gesture.png,im_hand.png,,,,,,
,,,795483,1,21,2023-09-12_17h58.21.896,flesh_expressibility_dutch,2022.2.4,MacIntel,60.0024001,,,,18.0,1.0,Nederlands,,,,,,Engels,1.0,,0.0,,0.0,,0.0,,0.0,,0.0,,0.0,,0.0,NL,2.0,2.0,2.0,1.0,,sensorypref1,sensorypref2,sensorypref3,1440.0,900.0,,,,,,,,,,,,,,,,,,,,,,,,,,,,,,,,,,6.0,333.022,30.0,"[0.8512000000476689,2.1658000001907283,0.6805999999046435,0.900299999952324,0.9329999999999927,0.5822000000476919,0.6670999999046217,0.6502000000476755,0.7010000000000218,1.717600000143051,0.6500000000000057,1.2491999998092638,3.015999999999991,0.6001000001430725,0.7338000001907403,0.7656000001430527,0.8002000000476812,2.246699999809266,1.064899999856948,0.6177999999522967,0.6346000001430525,0.6481000001430175,0.8317999999523522,0.6329999999999814,0.8989000000954093,1.266399999856958,0.765599999904623,0.9993000001907149,0.5490999999046267,0.5988000001907494]","[0.8512000000476689,2.1658000001907283,0.6805999999046435,0.9003999998569441,0.9329999999999927,0.582299999952312,0.6671999998092701,0.6502999999522956,0.7010999999046419,1.717600000143051,0.6500000000000057,1.2491999998092638,3.016100000143041,0.6002000000476926,0.7338000001907403,0.7657000000477012,0.8002999999523013,2.246799999952316,1.0649999999999977,0.6177999999522967,0.6346000001430525,0.6481000001430175,0.8318999998569439,0.6331000001430311,0.8989000000954093,1.266399999856958,0.7656999998092715,0.9994000000953633,0.5490999999046267,0.5988000001907494]",0.069157986,6.0218,0.0,9.0,9.0,42.0,1.0,berg,gberg,question_gesture.png,im_hand.png,,,,,,
,,,795483,1,21,2023-09-12_17h58.21.896,flesh_expressibility_dutch,2022.2.4,MacIntel,60.0024001,,,,18.0,1.0,Nederlands,,,,,,Engels,1.0,,0.0,,0.0,,0.0,,0.0,,0.0,,0.0,,0.0,NL,2.0,2.0,2.0,1.0,,sensorypref1,sensorypref2,sensorypref3,1440.0,900.0,,,,,,,,,,,,,,,,,,,,,,,,,,,,,,,,,,7.0,339.574,31.0,"[0.8512000000476689,2.1658000001907283,0.6805999999046435,0.900299999952324,0.9329999999999927,0.5822000000476919,0.6670999999046217,0.6502000000476755,0.7010000000000218,1.717600000143051,0.6500000000000057,1.2491999998092638,3.015999999999991,0.6001000001430725,0.7338000001907403,0.7656000001430527,0.8002000000476812,2.246699999809266,1.064899999856948,0.6177999999522967,0.6346000001430525,0.6481000001430175,0.8317999999523522,0.6329999999999814,0.8989000000954093,1.266399999856958,0.765599999904623,0.9993000001907149,0.5490999999046267,0.5988000001907494,0.5825999999046303]","[0.8512000000476689,2.1658000001907283,0.6805999999046435,0.9003999998569441,0.9329999999999927,0.582299999952312,0.6671999998092701,0.6502999999522956,0.7010999999046419,1.717600000143051,0.6500000000000057,1.2491999998092638,3.016100000143041,0.6002000000476926,0.7338000001907403,0.7657000000477012,0.8002999999523013,2.246799999952316,1.0649999999999977,0.6177999999522967,0.6346000001430525,0.6481000001430175,0.8318999998569439,0.6331000001430311,0.8989000000954093,1.266399999856958,0.7656999998092715,0.9994000000953633,0.5490999999046267,0.5988000001907494,0.5827999999522717]",-0.259375,3.8103,0.0,10.0,10.0,41.0,1.0,bliksem,gbliksem,question_gesture.png,im_hand.png,,,,,,
,,,795483,1,21,2023-09-12_17h58.21.896,flesh_expressibility_dutch,2022.2.4,MacIntel,60.0024001,,,,18.0,1.0,Nederlands,,,,,,Engels,1.0,,0.0,,0.0,,0.0,,0.0,,0.0,,0.0,,0.0,NL,2.0,2.0,2.0,1.0,,sensorypref1,sensorypref2,sensorypref3,1440.0,900.0,,,,,,,,,,,,,,,,,,,,,,,,,,,,,,,,,,6.0,344.0037,32.0,"[0.8512000000476689,2.1658000001907283,0.6805999999046435,0.900299999952324,0.9329999999999927,0.5822000000476919,0.6670999999046217,0.6502000000476755,0.7010000000000218,1.717600000143051,0.6500000000000057,1.2491999998092638,3.015999999999991,0.6001000001430725,0.7338000001907403,0.7656000001430527,0.8002000000476812,2.246699999809266,1.064899999856948,0.6177999999522967,0.6346000001430525,0.6481000001430175,0.8317999999523522,0.6329999999999814,0.8989000000954093,1.266399999856958,0.765599999904623,0.9993000001907149,0.5490999999046267,0.5988000001907494,0.5825999999046303,0.7325999999046644]","[0.8512000000476689,2.1658000001907283,0.6805999999046435,0.9003999998569441,0.9329999999999927,0.582299999952312,0.6671999998092701,0.6502999999522956,0.7010999999046419,1.717600000143051,0.6500000000000057,1.2491999998092638,3.016100000143041,0.6002000000476926,0.7338000001907403,0.7657000000477012,0.8002999999523013,2.246799999952316,1.0649999999999977,0.6177999999522967,0.6346000001430525,0.6481000001430175,0.8318999998569439,0.6331000001430311,0.8989000000954093,1.266399999856958,0.7656999998092715,0.9994000000953633,0.5490999999046267,0.5988000001907494,0.5827999999522717,0.7327000000477142]",0.693012153,4.4422,0.0,11.0,11.0,151.0,1.0,drinken,gdrinken,question_gesture.png,im_hand.png,,,,,,
,,,795483,1,21,2023-09-12_17h58.21.896,flesh_expressibility_dutch,2022.2.4,MacIntel,60.0024001,,,,18.0,1.0,Nederlands,,,,,,Engels,1.0,,0.0,,0.0,,0.0,,0.0,,0.0,,0.0,,0.0,NL,2.0,2.0,2.0,1.0,,sensorypref1,sensorypref2,sensorypref3,1440.0,900.0,,,,,,,,,,,,,,,,,,,,,,,,,,,,,,,,,,9.0,349.1796,33.0,"[0.8512000000476689,2.1658000001907283,0.6805999999046435,0.900299999952324,0.9329999999999927,0.5822000000476919,0.6670999999046217,0.6502000000476755,0.7010000000000218,1.717600000143051,0.6500000000000057,1.2491999998092638,3.015999999999991,0.6001000001430725,0.7338000001907403,0.7656000001430527,0.8002000000476812,2.246699999809266,1.064899999856948,0.6177999999522967,0.6346000001430525,0.6481000001430175,0.8317999999523522,0.6329999999999814,0.8989000000954093,1.266399999856958,0.765599999904623,0.9993000001907149,0.5490999999046267,0.5988000001907494,0.5825999999046303,0.7325999999046644,1.1805999999046435]","[0.8512000000476689,2.1658000001907283,0.6805999999046435,0.9003999998569441,0.9329999999999927,0.582299999952312,0.6671999998092701,0.6502999999522956,0.7010999999046419,1.717600000143051,0.6500000000000057,1.2491999998092638,3.016100000143041,0.6002000000476926,0.7338000001907403,0.7657000000477012,0.8002999999523013,2.246799999952316,1.0649999999999977,0.6177999999522967,0.6346000001430525,0.6481000001430175,0.8318999998569439,0.6331000001430311,0.8989000000954093,1.266399999856958,0.7656999998092715,0.9994000000953633,0.5490999999046267,0.5988000001907494,0.5827999999522717,0.7327000000477142,1.1805999999046435]",0.907847222,2.0578,0.0,12.0,12.0,25.0,1.0,dood,gdood,question_gesture.png,im_hand.png,,,,,,
,,,795483,1,21,2023-09-12_17h58.21.896,flesh_expressibility_dutch,2022.2.4,MacIntel,60.0024001,,,,18.0,1.0,Nederlands,,,,,,Engels,1.0,,0.0,,0.0,,0.0,,0.0,,0.0,,0.0,,0.0,NL,2.0,2.0,2.0,1.0,,sensorypref1,sensorypref2,sensorypref3,1440.0,900.0,,,,,,,,,,,,,,,,,,,,,,,,,,,,,,,,,,8.0,352.4536,34.0,"[0.8512000000476689,2.1658000001907283,0.6805999999046435,0.900299999952324,0.9329999999999927,0.5822000000476919,0.6670999999046217,0.6502000000476755,0.7010000000000218,1.717600000143051,0.6500000000000057,1.2491999998092638,3.015999999999991,0.6001000001430725,0.7338000001907403,0.7656000001430527,0.8002000000476812,2.246699999809266,1.064899999856948,0.6177999999522967,0.6346000001430525,0.6481000001430175,0.8317999999523522,0.6329999999999814,0.8989000000954093,1.266399999856958,0.765599999904623,0.9993000001907149,0.5490999999046267,0.5988000001907494,0.5825999999046303,0.7325999999046644,1.1805999999046435,0.7659999999999627]","[0.8512000000476689,2.1658000001907283,0.6805999999046435,0.9003999998569441,0.9329999999999927,0.582299999952312,0.6671999998092701,0.6502999999522956,0.7010999999046419,1.717600000143051,0.6500000000000057,1.2491999998092638,3.016100000143041,0.6002000000476926,0.7338000001907403,0.7657000000477012,0.8002999999523013,2.246799999952316,1.0649999999999977,0.6177999999522967,0.6346000001430525,0.6481000001430175,0.8318999998569439,0.6331000001430311,0.8989000000954093,1.266399999856958,0.7656999998092715,0.9994000000953633,0.5490999999046267,0.5988000001907494,0.5827999999522717,0.7327000000477142,1.1805999999046435,0.7659999999999627]",0.881362847,2.0678,0.0,13.0,13.0,155.0,1.0,zuigen,gzuigen,question_gesture.png,im_hand.png,,,,,,
,,,795483,1,21,2023-09-12_17h58.21.896,flesh_expressibility_dutch,2022.2.4,MacIntel,60.0024001,,,,18.0,1.0,Nederlands,,,,,,Engels,1.0,,0.0,,0.0,,0.0,,0.0,,0.0,,0.0,,0.0,NL,2.0,2.0,2.0,1.0,,sensorypref1,sensorypref2,sensorypref3,1440.0,900.0,,,,,,,,,,,,,,,,,,,,,,,,,,,,,,,,,,5.0,355.3451,35.0,"[0.8512000000476689,2.1658000001907283,0.6805999999046435,0.900299999952324,0.9329999999999927,0.5822000000476919,0.6670999999046217,0.6502000000476755,0.7010000000000218,1.717600000143051,0.6500000000000057,1.2491999998092638,3.015999999999991,0.6001000001430725,0.7338000001907403,0.7656000001430527,0.8002000000476812,2.246699999809266,1.064899999856948,0.6177999999522967,0.6346000001430525,0.6481000001430175,0.8317999999523522,0.6329999999999814,0.8989000000954093,1.266399999856958,0.765599999904623,0.9993000001907149,0.5490999999046267,0.5988000001907494,0.5825999999046303,0.7325999999046644,1.1805999999046435,0.7659999999999627,1.4483000001907271]","[0.8512000000476689,2.1658000001907283,0.6805999999046435,0.9003999998569441,0.9329999999999927,0.582299999952312,0.6671999998092701,0.6502999999522956,0.7010999999046419,1.717600000143051,0.6500000000000057,1.2491999998092638,3.016100000143041,0.6002000000476926,0.7338000001907403,0.7657000000477012,0.8002999999523013,2.246799999952316,1.0649999999999977,0.6177999999522967,0.6346000001430525,0.6481000001430175,0.8318999998569439,0.6331000001430311,0.8989000000954093,1.266399999856958,0.7656999998092715,0.9994000000953633,0.5490999999046267,0.5988000001907494,0.5827999999522717,0.7327000000477142,1.1805999999046435,0.7659999999999627,1.4483000001907271]",-0.718663194,4.6434,0.0,14.0,14.0,115.0,1.0,oor,goor,question_gesture.png,im_hand.png,,,,,,
,,,795483,1,21,2023-09-12_17h58.21.896,flesh_expressibility_dutch,2022.2.4,MacIntel,60.0024001,,,,18.0,1.0,Nederlands,,,,,,Engels,1.0,,0.0,,0.0,,0.0,,0.0,,0.0,,0.0,,0.0,NL,2.0,2.0,2.0,1.0,,sensorypref1,sensorypref2,sensorypref3,1440.0,900.0,,,,,,,,,,,,,,,,,,,,,,,,,,,,,,,,,,13.0,360.3758,36.0,"[0.8512000000476689,2.1658000001907283,0.6805999999046435,0.900299999952324,0.9329999999999927,0.5822000000476919,0.6670999999046217,0.6502000000476755,0.7010000000000218,1.717600000143051,0.6500000000000057,1.2491999998092638,3.015999999999991,0.6001000001430725,0.7338000001907403,0.7656000001430527,0.8002000000476812,2.246699999809266,1.064899999856948,0.6177999999522967,0.6346000001430525,0.6481000001430175,0.8317999999523522,0.6329999999999814,0.8989000000954093,1.266399999856958,0.765599999904623,0.9993000001907149,0.5490999999046267,0.5988000001907494,0.5825999999046303,0.7325999999046644,1.1805999999046435,0.7659999999999627,1.4483000001907271,0.6340000000000146]","[0.8512000000476689,2.1658000001907283,0.6805999999046435,0.9003999998569441,0.9329999999999927,0.582299999952312,0.6671999998092701,0.6502999999522956,0.7010999999046419,1.717600000143051,0.6500000000000057,1.2491999998092638,3.016100000143041,0.6002000000476926,0.7338000001907403,0.7657000000477012,0.8002999999523013,2.246799999952316,1.0649999999999977,0.6177999999522967,0.6346000001430525,0.6481000001430175,0.8318999998569439,0.6331000001430311,0.8989000000954093,1.266399999856958,0.7656999998092715,0.9994000000953633,0.5490999999046267,0.5988000001907494,0.5827999999522717,0.7327000000477142,1.1805999999046435,0.7659999999999627,1.4483000001907271,0.634099999904663]",-0.910364583,4.3039,0.0,15.0,15.0,1.0,1.0,zoemen,gzoemen,question_gesture.png,im_hand.png,,,,,,
,,,795483,1,21,2023-09-12_17h58.21.896,flesh_expressibility_dutch,2022.2.4,MacIntel,60.0024001,,,,18.0,1.0,Nederlands,,,,,,Engels,1.0,,0.0,,0.0,,0.0,,0.0,,0.0,,0.0,,0.0,NL,2.0,2.0,2.0,1.0,,sensorypref1,sensorypref2,sensorypref3,1440.0,900.0,,,,,,,,,,,,,,,,,,,,,,,,,,,,,,,,,,6.0,365.3381,37.0,"[0.8512000000476689,2.1658000001907283,0.6805999999046435,0.900299999952324,0.9329999999999927,0.5822000000476919,0.6670999999046217,0.6502000000476755,0.7010000000000218,1.717600000143051,0.6500000000000057,1.2491999998092638,3.015999999999991,0.6001000001430725,0.7338000001907403,0.7656000001430527,0.8002000000476812,2.246699999809266,1.064899999856948,0.6177999999522967,0.6346000001430525,0.6481000001430175,0.8317999999523522,0.6329999999999814,0.8989000000954093,1.266399999856958,0.765599999904623,0.9993000001907149,0.5490999999046267,0.5988000001907494,0.5825999999046303,0.7325999999046644,1.1805999999046435,0.7659999999999627,1.4483000001907271,0.6340000000000146,0.8510999999046476]","[0.8512000000476689,2.1658000001907283,0.6805999999046435,0.9003999998569441,0.9329999999999927,0.582299999952312,0.6671999998092701,0.6502999999522956,0.7010999999046419,1.717600000143051,0.6500000000000057,1.2491999998092638,3.016100000143041,0.6002000000476926,0.7338000001907403,0.7657000000477012,0.8002999999523013,2.246799999952316,1.0649999999999977,0.6177999999522967,0.6346000001430525,0.6481000001430175,0.8318999998569439,0.6331000001430311,0.8989000000954093,1.266399999856958,0.7656999998092715,0.9994000000953633,0.5490999999046267,0.5988000001907494,0.5827999999522717,0.7327000000477142,1.1805999999046435,0.7659999999999627,1.4483000001907271,0.634099999904663,0.8512000000476974]",-0.911171875,2.7681,0.0,16.0,16.0,44.0,1.0,lucht,glucht,question_gesture.png,im_hand.png,,,,,,
,,,795483,1,21,2023-09-12_17h58.21.896,flesh_expressibility_dutch,2022.2.4,MacIntel,60.0024001,,,,18.0,1.0,Nederlands,,,,,,Engels,1.0,,0.0,,0.0,,0.0,,0.0,,0.0,,0.0,,0.0,NL,2.0,2.0,2.0,1.0,,sensorypref1,sensorypref2,sensorypref3,1440.0,900.0,,,,,,,,,,,,,,,,,,,,,,,,,,,,,,,,,,6.0,369.041,38.0,"[0.8512000000476689,2.1658000001907283,0.6805999999046435,0.900299999952324,0.9329999999999927,0.5822000000476919,0.6670999999046217,0.6502000000476755,0.7010000000000218,1.717600000143051,0.6500000000000057,1.2491999998092638,3.015999999999991,0.6001000001430725,0.7338000001907403,0.7656000001430527,0.8002000000476812,2.246699999809266,1.064899999856948,0.6177999999522967,0.6346000001430525,0.6481000001430175,0.8317999999523522,0.6329999999999814,0.8989000000954093,1.266399999856958,0.765599999904623,0.9993000001907149,0.5490999999046267,0.5988000001907494,0.5825999999046303,0.7325999999046644,1.1805999999046435,0.7659999999999627,1.4483000001907271,0.6340000000000146,0.8510999999046476,0.6820999999046649]","[0.8512000000476689,2.1658000001907283,0.6805999999046435,0.9003999998569441,0.9329999999999927,0.582299999952312,0.6671999998092701,0.6502999999522956,0.7010999999046419,1.717600000143051,0.6500000000000057,1.2491999998092638,3.016100000143041,0.6002000000476926,0.7338000001907403,0.7657000000477012,0.8002999999523013,2.246799999952316,1.0649999999999977,0.6177999999522967,0.6346000001430525,0.6481000001430175,0.8318999998569439,0.6331000001430311,0.8989000000954093,1.266399999856958,0.7656999998092715,0.9994000000953633,0.5490999999046267,0.5988000001907494,0.5827999999522717,0.7327000000477142,1.1805999999046435,0.7659999999999627,1.4483000001907271,0.634099999904663,0.8512000000476974,0.6822000000477146]",-0.85703125,3.1087,0.0,17.0,17.0,154.0,1.0,zeggen,gzeggen,question_gesture.png,im_hand.png,,,,,,
,,,795483,1,21,2023-09-12_17h58.21.896,flesh_expressibility_dutch,2022.2.4,MacIntel,60.0024001,,,,18.0,1.0,Nederlands,,,,,,Engels,1.0,,0.0,,0.0,,0.0,,0.0,,0.0,,0.0,,0.0,NL,2.0,2.0,2.0,1.0,,sensorypref1,sensorypref2,sensorypref3,1440.0,900.0,,,,,,,,,,,,,,,,,,,,,,,,,,,,,,,,,,9.0,372.7911,39.0,"[0.8512000000476689,2.1658000001907283,0.6805999999046435,0.900299999952324,0.9329999999999927,0.5822000000476919,0.6670999999046217,0.6502000000476755,0.7010000000000218,1.717600000143051,0.6500000000000057,1.2491999998092638,3.015999999999991,0.6001000001430725,0.7338000001907403,0.7656000001430527,0.8002000000476812,2.246699999809266,1.064899999856948,0.6177999999522967,0.6346000001430525,0.6481000001430175,0.8317999999523522,0.6329999999999814,0.8989000000954093,1.266399999856958,0.765599999904623,0.9993000001907149,0.5490999999046267,0.5988000001907494,0.5825999999046303,0.7325999999046644,1.1805999999046435,0.7659999999999627,1.4483000001907271,0.6340000000000146,0.8510999999046476,0.6820999999046649,0.5662000000476723]","[0.8512000000476689,2.1658000001907283,0.6805999999046435,0.9003999998569441,0.9329999999999927,0.582299999952312,0.6671999998092701,0.6502999999522956,0.7010999999046419,1.717600000143051,0.6500000000000057,1.2491999998092638,3.016100000143041,0.6002000000476926,0.7338000001907403,0.7657000000477012,0.8002999999523013,2.246799999952316,1.0649999999999977,0.6177999999522967,0.6346000001430525,0.6481000001430175,0.8318999998569439,0.6331000001430311,0.8989000000954093,1.266399999856958,0.7656999998092715,0.9994000000953633,0.5490999999046267,0.5988000001907494,0.5827999999522717,0.7327000000477142,1.1805999999046435,0.7659999999999627,1.4483000001907271,0.634099999904663,0.8512000000476974,0.6822000000477146,0.566299999952264]",0.894140625,2.8384,0.0,18.0,18.0,144.0,1.0,geven,ggeven,question_gesture.png,im_hand.png,,,,,,
,,,795483,1,21,2023-09-12_17h58.21.896,flesh_expressibility_dutch,2022.2.4,MacIntel,60.0024001,,,,18.0,1.0,Nederlands,,,,,,Engels,1.0,,0.0,,0.0,,0.0,,0.0,,0.0,,0.0,,0.0,NL,2.0,2.0,2.0,1.0,,sensorypref1,sensorypref2,sensorypref3,1440.0,900.0,,,,,,,,,,,,,,,,,,,,,,,,,,,,,,,,,,8.0,376.2061,40.0,"[0.8512000000476689,2.1658000001907283,0.6805999999046435,0.900299999952324,0.9329999999999927,0.5822000000476919,0.6670999999046217,0.6502000000476755,0.7010000000000218,1.717600000143051,0.6500000000000057,1.2491999998092638,3.015999999999991,0.6001000001430725,0.7338000001907403,0.7656000001430527,0.8002000000476812,2.246699999809266,1.064899999856948,0.6177999999522967,0.6346000001430525,0.6481000001430175,0.8317999999523522,0.6329999999999814,0.8989000000954093,1.266399999856958,0.765599999904623,0.9993000001907149,0.5490999999046267,0.5988000001907494,0.5825999999046303,0.7325999999046644,1.1805999999046435,0.7659999999999627,1.4483000001907271,0.6340000000000146,0.8510999999046476,0.6820999999046649,0.5662000000476723,0.7330000000000041]","[0.8512000000476689,2.1658000001907283,0.6805999999046435,0.9003999998569441,0.9329999999999927,0.582299999952312,0.6671999998092701,0.6502999999522956,0.7010999999046419,1.717600000143051,0.6500000000000057,1.2491999998092638,3.016100000143041,0.6002000000476926,0.7338000001907403,0.7657000000477012,0.8002999999523013,2.246799999952316,1.0649999999999977,0.6177999999522967,0.6346000001430525,0.6481000001430175,0.8318999998569439,0.6331000001430311,0.8989000000954093,1.266399999856958,0.7656999998092715,0.9994000000953633,0.5490999999046267,0.5988000001907494,0.5827999999522717,0.7327000000477142,1.1805999999046435,0.7659999999999627,1.4483000001907271,0.634099999904663,0.8512000000476974,0.6822000000477146,0.566299999952264,0.7330999999045957]",0.790989583,2.1358,0.0,19.0,19.0,188.0,1.0,verstoppen,gverstoppen,question_gesture.png,im_hand.png,,,,,,
,,,795483,1,21,2023-09-12_17h58.21.896,flesh_expressibility_dutch,2022.2.4,MacIntel,60.0024001,,,,18.0,1.0,Nederlands,,,,,,Engels,1.0,,0.0,,0.0,,0.0,,0.0,,0.0,,0.0,,0.0,NL,2.0,2.0,2.0,1.0,,sensorypref1,sensorypref2,sensorypref3,1440.0,900.0,,,,,,,,,,,,,,,,,,,,,,,,,,,,3.0,"[139.4482000000477,267.84999999999997,391.47340000009535]","[139.44830000019076,267.850100000143,391.4735]",3.0,"[141.2815,270.5015999999046,397.9877000000477]","[141.2815,270.5015999999046,397.9877000000477]",10.0,399.4642,41.0,"[0.8512000000476689,2.1658000001907283,0.6805999999046435,0.900299999952324,0.9329999999999927,0.5822000000476919,0.6670999999046217,0.6502000000476755,0.7010000000000218,1.717600000143051,0.6500000000000057,1.2491999998092638,3.015999999999991,0.6001000001430725,0.7338000001907403,0.7656000001430527,0.8002000000476812,2.246699999809266,1.064899999856948,0.6177999999522967,0.6346000001430525,0.6481000001430175,0.8317999999523522,0.6329999999999814,0.8989000000954093,1.266399999856958,0.765599999904623,0.9993000001907149,0.5490999999046267,0.5988000001907494,0.5825999999046303,0.7325999999046644,1.1805999999046435,0.7659999999999627,1.4483000001907271,0.6340000000000146,0.8510999999046476,0.6820999999046649,0.5662000000476723,0.7330000000000041,0.6188999998569216]","[0.8512000000476689,2.1658000001907283,0.6805999999046435,0.9003999998569441,0.9329999999999927,0.582299999952312,0.6671999998092701,0.6502999999522956,0.7010999999046419,1.717600000143051,0.6500000000000057,1.2491999998092638,3.016100000143041,0.6002000000476926,0.7338000001907403,0.7657000000477012,0.8002999999523013,2.246799999952316,1.0649999999999977,0.6177999999522967,0.6346000001430525,0.6481000001430175,0.8318999998569439,0.6331000001430311,0.8989000000954093,1.266399999856958,0.7656999998092715,0.9994000000953633,0.5490999999046267,0.5988000001907494,0.5827999999522717,0.7327000000477142,1.1805999999046435,0.7659999999999627,1.4483000001907271,0.634099999904663,0.8512000000476974,0.6822000000477146,0.566299999952264,0.7330999999045957,0.6188999998569216]",0.724861111,17.3671,0.0,0.0,0.0,175.0,1.0,dik,mdik,question_multimodal.png,im_combination.png,,,,,,
,,,795483,1,21,2023-09-12_17h58.21.896,flesh_expressibility_dutch,2022.2.4,MacIntel,60.0024001,,,,18.0,1.0,Nederlands,,,,,,Engels,1.0,,0.0,,0.0,,0.0,,0.0,,0.0,,0.0,,0.0,NL,2.0,2.0,2.0,1.0,,sensorypref1,sensorypref2,sensorypref3,1440.0,900.0,,,,,,,,,,,,,,,,,,,,,,,,,,,,,,,,,,9.0,417.4075,42.0,"[0.8512000000476689,2.1658000001907283,0.6805999999046435,0.900299999952324,0.9329999999999927,0.5822000000476919,0.6670999999046217,0.6502000000476755,0.7010000000000218,1.717600000143051,0.6500000000000057,1.2491999998092638,3.015999999999991,0.6001000001430725,0.7338000001907403,0.7656000001430527,0.8002000000476812,2.246699999809266,1.064899999856948,0.6177999999522967,0.6346000001430525,0.6481000001430175,0.8317999999523522,0.6329999999999814,0.8989000000954093,1.266399999856958,0.765599999904623,0.9993000001907149,0.5490999999046267,0.5988000001907494,0.5825999999046303,0.7325999999046644,1.1805999999046435,0.7659999999999627,1.4483000001907271,0.6340000000000146,0.8510999999046476,0.6820999999046649,0.5662000000476723,0.7330000000000041,0.6188999998569216,0.516099999904668]","[0.8512000000476689,2.1658000001907283,0.6805999999046435,0.9003999998569441,0.9329999999999927,0.582299999952312,0.6671999998092701,0.6502999999522956,0.7010999999046419,1.717600000143051,0.6500000000000057,1.2491999998092638,3.016100000143041,0.6002000000476926,0.7338000001907403,0.7657000000477012,0.8002999999523013,2.246799999952316,1.0649999999999977,0.6177999999522967,0.6346000001430525,0.6481000001430175,0.8318999998569439,0.6331000001430311,0.8989000000954093,1.266399999856958,0.7656999998092715,0.9994000000953633,0.5490999999046267,0.5988000001907494,0.5827999999522717,0.7327000000477142,1.1805999999046435,0.7659999999999627,1.4483000001907271,0.634099999904663,0.8512000000476974,0.6822000000477146,0.566299999952264,0.7330999999045957,0.6188999998569216,0.5162000000477178]",-0.106866319,5.2378,0.0,1.0,1.0,34.0,1.0,vergeten,mvergeten,question_multimodal.png,im_combination.png,,,,,,
,,,795483,1,21,2023-09-12_17h58.21.896,flesh_expressibility_dutch,2022.2.4,MacIntel,60.0024001,,,,18.0,1.0,Nederlands,,,,,,Engels,1.0,,0.0,,0.0,,0.0,,0.0,,0.0,,0.0,,0.0,NL,2.0,2.0,2.0,1.0,,sensorypref1,sensorypref2,sensorypref3,1440.0,900.0,,,,,,,,,,,,,,,,,,,,,,,,,,,,,,,,,,12.0,423.1447,43.0,"[0.8512000000476689,2.1658000001907283,0.6805999999046435,0.900299999952324,0.9329999999999927,0.5822000000476919,0.6670999999046217,0.6502000000476755,0.7010000000000218,1.717600000143051,0.6500000000000057,1.2491999998092638,3.015999999999991,0.6001000001430725,0.7338000001907403,0.7656000001430527,0.8002000000476812,2.246699999809266,1.064899999856948,0.6177999999522967,0.6346000001430525,0.6481000001430175,0.8317999999523522,0.6329999999999814,0.8989000000954093,1.266399999856958,0.765599999904623,0.9993000001907149,0.5490999999046267,0.5988000001907494,0.5825999999046303,0.7325999999046644,1.1805999999046435,0.7659999999999627,1.4483000001907271,0.6340000000000146,0.8510999999046476,0.6820999999046649,0.5662000000476723,0.7330000000000041,0.6188999998569216,0.516099999904668,0.5660999999046226]","[0.8512000000476689,2.1658000001907283,0.6805999999046435,0.9003999998569441,0.9329999999999927,0.582299999952312,0.6671999998092701,0.6502999999522956,0.7010999999046419,1.717600000143051,0.6500000000000057,1.2491999998092638,3.016100000143041,0.6002000000476926,0.7338000001907403,0.7657000000477012,0.8002999999523013,2.246799999952316,1.0649999999999977,0.6177999999522967,0.6346000001430525,0.6481000001430175,0.8318999998569439,0.6331000001430311,0.8989000000954093,1.266399999856958,0.7656999998092715,0.9994000000953633,0.5490999999046267,0.5988000001907494,0.5827999999522717,0.7327000000477142,1.1805999999046435,0.7659999999999627,1.4483000001907271,0.634099999904663,0.8512000000476974,0.6822000000477146,0.566299999952264,0.7330999999045957,0.6188999998569216,0.5162000000477178,0.5660999999046226]",0.804383681,2.4242,0.0,2.0,2.0,174.0,1.0,staart,mstaart,question_multimodal.png,im_combination.png,,,,,,
,,,795483,1,21,2023-09-12_17h58.21.896,flesh_expressibility_dutch,2022.2.4,MacIntel,60.0024001,,,,18.0,1.0,Nederlands,,,,,,Engels,1.0,,0.0,,0.0,,0.0,,0.0,,0.0,,0.0,,0.0,NL,2.0,2.0,2.0,1.0,,sensorypref1,sensorypref2,sensorypref3,1440.0,900.0,,,,,,,,,,,,,,,,,,,,,,,,,,,,,,,,,,6.0,426.1227,44.0,"[0.8512000000476689,2.1658000001907283,0.6805999999046435,0.900299999952324,0.9329999999999927,0.5822000000476919,0.6670999999046217,0.6502000000476755,0.7010000000000218,1.717600000143051,0.6500000000000057,1.2491999998092638,3.015999999999991,0.6001000001430725,0.7338000001907403,0.7656000001430527,0.8002000000476812,2.246699999809266,1.064899999856948,0.6177999999522967,0.6346000001430525,0.6481000001430175,0.8317999999523522,0.6329999999999814,0.8989000000954093,1.266399999856958,0.765599999904623,0.9993000001907149,0.5490999999046267,0.5988000001907494,0.5825999999046303,0.7325999999046644,1.1805999999046435,0.7659999999999627,1.4483000001907271,0.6340000000000146,0.8510999999046476,0.6820999999046649,0.5662000000476723,0.7330000000000041,0.6188999998569216,0.516099999904668,0.5660999999046226,0.8162000000476723]","[0.8512000000476689,2.1658000001907283,0.6805999999046435,0.9003999998569441,0.9329999999999927,0.582299999952312,0.6671999998092701,0.6502999999522956,0.7010999999046419,1.717600000143051,0.6500000000000057,1.2491999998092638,3.016100000143041,0.6002000000476926,0.7338000001907403,0.7657000000477012,0.8002999999523013,2.246799999952316,1.0649999999999977,0.6177999999522967,0.6346000001430525,0.6481000001430175,0.8318999998569439,0.6331000001430311,0.8989000000954093,1.266399999856958,0.7656999998092715,0.9994000000953633,0.5490999999046267,0.5988000001907494,0.5827999999522717,0.7327000000477142,1.1805999999046435,0.7659999999999627,1.4483000001907271,0.634099999904663,0.8512000000476974,0.6822000000477146,0.566299999952264,0.7330999999045957,0.6188999998569216,0.5162000000477178,0.5660999999046226,0.8162000000476723]",-0.330651042,4.7901,0.0,3.0,3.0,192.0,1.0,vlees,mvlees,question_multimodal.png,im_combination.png,,,,,,
,,,795483,1,21,2023-09-12_17h58.21.896,flesh_expressibility_dutch,2022.2.4,MacIntel,60.0024001,,,,18.0,1.0,Nederlands,,,,,,Engels,1.0,,0.0,,0.0,,0.0,,0.0,,0.0,,0.0,,0.0,NL,2.0,2.0,2.0,1.0,,sensorypref1,sensorypref2,sensorypref3,1440.0,900.0,,,,,,,,,,,,,,,,,,,,,,,,,,,,,,,,,,9.0,431.7877,45.0,"[0.8512000000476689,2.1658000001907283,0.6805999999046435,0.900299999952324,0.9329999999999927,0.5822000000476919,0.6670999999046217,0.6502000000476755,0.7010000000000218,1.717600000143051,0.6500000000000057,1.2491999998092638,3.015999999999991,0.6001000001430725,0.7338000001907403,0.7656000001430527,0.8002000000476812,2.246699999809266,1.064899999856948,0.6177999999522967,0.6346000001430525,0.6481000001430175,0.8317999999523522,0.6329999999999814,0.8989000000954093,1.266399999856958,0.765599999904623,0.9993000001907149,0.5490999999046267,0.5988000001907494,0.5825999999046303,0.7325999999046644,1.1805999999046435,0.7659999999999627,1.4483000001907271,0.6340000000000146,0.8510999999046476,0.6820999999046649,0.5662000000476723,0.7330000000000041,0.6188999998569216,0.516099999904668,0.5660999999046226,0.8162000000476723,0.8852999999523377]","[0.8512000000476689,2.1658000001907283,0.6805999999046435,0.9003999998569441,0.9329999999999927,0.582299999952312,0.6671999998092701,0.6502999999522956,0.7010999999046419,1.717600000143051,0.6500000000000057,1.2491999998092638,3.016100000143041,0.6002000000476926,0.7338000001907403,0.7657000000477012,0.8002999999523013,2.246799999952316,1.0649999999999977,0.6177999999522967,0.6346000001430525,0.6481000001430175,0.8318999998569439,0.6331000001430311,0.8989000000954093,1.266399999856958,0.7656999998092715,0.9994000000953633,0.5490999999046267,0.5988000001907494,0.5827999999522717,0.7327000000477142,1.1805999999046435,0.7659999999999627,1.4483000001907271,0.634099999904663,0.8512000000476974,0.6822000000477146,0.566299999952264,0.7330999999045957,0.6188999998569216,0.5162000000477178,0.5660999999046226,0.8162000000476723,0.8853999998569861]",-0.635,2.3222,0.0,4.0,4.0,96.0,1.0,verbranden,mverbranden,question_multimodal.png,im_combination.png,,,,,,
,,,795483,1,21,2023-09-12_17h58.21.896,flesh_expressibility_dutch,2022.2.4,MacIntel,60.0024001,,,,18.0,1.0,Nederlands,,,,,,Engels,1.0,,0.0,,0.0,,0.0,,0.0,,0.0,,0.0,,0.0,NL,2.0,2.0,2.0,1.0,,sensorypref1,sensorypref2,sensorypref3,1440.0,900.0,,,,,,,,,,,,,,,,,,,,,,,,,,,,,,,,,,6.0,434.9745,46.0,"[0.8512000000476689,2.1658000001907283,0.6805999999046435,0.900299999952324,0.9329999999999927,0.5822000000476919,0.6670999999046217,0.6502000000476755,0.7010000000000218,1.717600000143051,0.6500000000000057,1.2491999998092638,3.015999999999991,0.6001000001430725,0.7338000001907403,0.7656000001430527,0.8002000000476812,2.246699999809266,1.064899999856948,0.6177999999522967,0.6346000001430525,0.6481000001430175,0.8317999999523522,0.6329999999999814,0.8989000000954093,1.266399999856958,0.765599999904623,0.9993000001907149,0.5490999999046267,0.5988000001907494,0.5825999999046303,0.7325999999046644,1.1805999999046435,0.7659999999999627,1.4483000001907271,0.6340000000000146,0.8510999999046476,0.6820999999046649,0.5662000000476723,0.7330000000000041,0.6188999998569216,0.516099999904668,0.5660999999046226,0.8162000000476723,0.8852999999523377,0.6163999998569238]","[0.8512000000476689,2.1658000001907283,0.6805999999046435,0.9003999998569441,0.9329999999999927,0.582299999952312,0.6671999998092701,0.6502999999522956,0.7010999999046419,1.717600000143051,0.6500000000000057,1.2491999998092638,3.016100000143041,0.6002000000476926,0.7338000001907403,0.7657000000477012,0.8002999999523013,2.246799999952316,1.0649999999999977,0.6177999999522967,0.6346000001430525,0.6481000001430175,0.8318999998569439,0.6331000001430311,0.8989000000954093,1.266399999856958,0.7656999998092715,0.9994000000953633,0.5490999999046267,0.5988000001907494,0.5827999999522717,0.7327000000477142,1.1805999999046435,0.7659999999999627,1.4483000001907271,0.634099999904663,0.8512000000476974,0.6822000000477146,0.566299999952264,0.7330999999045957,0.6188999998569216,0.5162000000477178,0.5660999999046226,0.8162000000476723,0.8853999998569861,0.6164999999999736]",0.927578125,2.0885,0.0,5.0,5.0,153.0,1.0,lachen,mlachen,question_multimodal.png,im_combination.png,,,,,,
,,,795483,1,21,2023-09-12_17h58.21.896,flesh_expressibility_dutch,2022.2.4,MacIntel,60.0024001,,,,18.0,1.0,Nederlands,,,,,,Engels,1.0,,0.0,,0.0,,0.0,,0.0,,0.0,,0.0,,0.0,NL,2.0,2.0,2.0,1.0,,sensorypref1,sensorypref2,sensorypref3,1440.0,900.0,,,,,,,,,,,,,,,,,,,,,,,,,,,,,,,,,,9.0,437.7053,47.0,"[0.8512000000476689,2.1658000001907283,0.6805999999046435,0.900299999952324,0.9329999999999927,0.5822000000476919,0.6670999999046217,0.6502000000476755,0.7010000000000218,1.717600000143051,0.6500000000000057,1.2491999998092638,3.015999999999991,0.6001000001430725,0.7338000001907403,0.7656000001430527,0.8002000000476812,2.246699999809266,1.064899999856948,0.6177999999522967,0.6346000001430525,0.6481000001430175,0.8317999999523522,0.6329999999999814,0.8989000000954093,1.266399999856958,0.765599999904623,0.9993000001907149,0.5490999999046267,0.5988000001907494,0.5825999999046303,0.7325999999046644,1.1805999999046435,0.7659999999999627,1.4483000001907271,0.6340000000000146,0.8510999999046476,0.6820999999046649,0.5662000000476723,0.7330000000000041,0.6188999998569216,0.516099999904668,0.5660999999046226,0.8162000000476723,0.8852999999523377,0.6163999998569238,0.5651000001430475]","[0.8512000000476689,2.1658000001907283,0.6805999999046435,0.9003999998569441,0.9329999999999927,0.582299999952312,0.6671999998092701,0.6502999999522956,0.7010999999046419,1.717600000143051,0.6500000000000057,1.2491999998092638,3.016100000143041,0.6002000000476926,0.7338000001907403,0.7657000000477012,0.8002999999523013,2.246799999952316,1.0649999999999977,0.6177999999522967,0.6346000001430525,0.6481000001430175,0.8318999998569439,0.6331000001430311,0.8989000000954093,1.266399999856958,0.7656999998092715,0.9994000000953633,0.5490999999046267,0.5988000001907494,0.5827999999522717,0.7327000000477142,1.1805999999046435,0.7659999999999627,1.4483000001907271,0.634099999904663,0.8512000000476974,0.6822000000477146,0.566299999952264,0.7330999999045957,0.6188999998569216,0.5162000000477178,0.5660999999046226,0.8162000000476723,0.8853999998569861,0.6164999999999736,0.5651000001430475]",0.121883681,5.838,0.0,6.0,6.0,6.0,1.0,zuur,mzuur,question_multimodal.png,im_combination.png,,,,,,
,,,795483,1,21,2023-09-12_17h58.21.896,flesh_expressibility_dutch,2022.2.4,MacIntel,60.0024001,,,,18.0,1.0,Nederlands,,,,,,Engels,1.0,,0.0,,0.0,,0.0,,0.0,,0.0,,0.0,,0.0,NL,2.0,2.0,2.0,1.0,,sensorypref1,sensorypref2,sensorypref3,1440.0,900.0,,,,,,,,,,,,,,,,,,,,,,,,,,,,,,,,,,8.0,444.1541,48.0,"[0.8512000000476689,2.1658000001907283,0.6805999999046435,0.900299999952324,0.9329999999999927,0.5822000000476919,0.6670999999046217,0.6502000000476755,0.7010000000000218,1.717600000143051,0.6500000000000057,1.2491999998092638,3.015999999999991,0.6001000001430725,0.7338000001907403,0.7656000001430527,0.8002000000476812,2.246699999809266,1.064899999856948,0.6177999999522967,0.6346000001430525,0.6481000001430175,0.8317999999523522,0.6329999999999814,0.8989000000954093,1.266399999856958,0.765599999904623,0.9993000001907149,0.5490999999046267,0.5988000001907494,0.5825999999046303,0.7325999999046644,1.1805999999046435,0.7659999999999627,1.4483000001907271,0.6340000000000146,0.8510999999046476,0.6820999999046649,0.5662000000476723,0.7330000000000041,0.6188999998569216,0.516099999904668,0.5660999999046226,0.8162000000476723,0.8852999999523377,0.6163999998569238,0.5651000001430475,0.6165000000000305]","[0.8512000000476689,2.1658000001907283,0.6805999999046435,0.9003999998569441,0.9329999999999927,0.582299999952312,0.6671999998092701,0.6502999999522956,0.7010999999046419,1.717600000143051,0.6500000000000057,1.2491999998092638,3.016100000143041,0.6002000000476926,0.7338000001907403,0.7657000000477012,0.8002999999523013,2.246799999952316,1.0649999999999977,0.6177999999522967,0.6346000001430525,0.6481000001430175,0.8318999998569439,0.6331000001430311,0.8989000000954093,1.266399999856958,0.7656999998092715,0.9994000000953633,0.5490999999046267,0.5988000001907494,0.5827999999522717,0.7327000000477142,1.1805999999046435,0.7659999999999627,1.4483000001907271,0.634099999904663,0.8512000000476974,0.6822000000477146,0.566299999952264,0.7330999999045957,0.6188999998569216,0.5162000000477178,0.5660999999046226,0.8162000000476723,0.8853999998569861,0.6164999999999736,0.5651000001430475,0.6166000001430803]",0.892760417,2.0863,0.0,7.0,7.0,150.0,1.0,huilen,mhuilen,question_multimodal.png,im_combination.png,,,,,,
,,,795483,1,21,2023-09-12_17h58.21.896,flesh_expressibility_dutch,2022.2.4,MacIntel,60.0024001,,,,18.0,1.0,Nederlands,,,,,,Engels,1.0,,0.0,,0.0,,0.0,,0.0,,0.0,,0.0,,0.0,NL,2.0,2.0,2.0,1.0,,sensorypref1,sensorypref2,sensorypref3,1440.0,900.0,,,,,,,,,,,,,,,,,,,,,,,,,,,,,,,,,,11.0,446.8005,49.0,"[0.8512000000476689,2.1658000001907283,0.6805999999046435,0.900299999952324,0.9329999999999927,0.5822000000476919,0.6670999999046217,0.6502000000476755,0.7010000000000218,1.717600000143051,0.6500000000000057,1.2491999998092638,3.015999999999991,0.6001000001430725,0.7338000001907403,0.7656000001430527,0.8002000000476812,2.246699999809266,1.064899999856948,0.6177999999522967,0.6346000001430525,0.6481000001430175,0.8317999999523522,0.6329999999999814,0.8989000000954093,1.266399999856958,0.765599999904623,0.9993000001907149,0.5490999999046267,0.5988000001907494,0.5825999999046303,0.7325999999046644,1.1805999999046435,0.7659999999999627,1.4483000001907271,0.6340000000000146,0.8510999999046476,0.6820999999046649,0.5662000000476723,0.7330000000000041,0.6188999998569216,0.516099999904668,0.5660999999046226,0.8162000000476723,0.8852999999523377,0.6163999998569238,0.5651000001430475,0.6165000000000305,0.5652999999523445]","[0.8512000000476689,2.1658000001907283,0.6805999999046435,0.9003999998569441,0.9329999999999927,0.582299999952312,0.6671999998092701,0.6502999999522956,0.7010999999046419,1.717600000143051,0.6500000000000057,1.2491999998092638,3.016100000143041,0.6002000000476926,0.7338000001907403,0.7657000000477012,0.8002999999523013,2.246799999952316,1.0649999999999977,0.6177999999522967,0.6346000001430525,0.6481000001430175,0.8318999998569439,0.6331000001430311,0.8989000000954093,1.266399999856958,0.7656999998092715,0.9994000000953633,0.5490999999046267,0.5988000001907494,0.5827999999522717,0.7327000000477142,1.1805999999046435,0.7659999999999627,1.4483000001907271,0.634099999904663,0.8512000000476974,0.6822000000477146,0.566299999952264,0.7330999999045957,0.6188999998569216,0.5162000000477178,0.5660999999046226,0.8162000000476723,0.8853999998569861,0.6164999999999736,0.5651000001430475,0.6166000001430803,0.5652999999523445]",0.917664931,3.4908,0.0,8.0,8.0,200.0,1.0,oud,moud,question_multimodal.png,im_combination.png,,,,,,
,,,795483,1,21,2023-09-12_17h58.21.896,flesh_expressibility_dutch,2022.2.4,MacIntel,60.0024001,,,,18.0,1.0,Nederlands,,,,,,Engels,1.0,,0.0,,0.0,,0.0,,0.0,,0.0,,0.0,,0.0,NL,2.0,2.0,2.0,1.0,,sensorypref1,sensorypref2,sensorypref3,1440.0,900.0,,,,,,,,,,,,,,,,,,,,,,,,,,,,,,,,,,6.0,450.9172,50.0,"[0.8512000000476689,2.1658000001907283,0.6805999999046435,0.900299999952324,0.9329999999999927,0.5822000000476919,0.6670999999046217,0.6502000000476755,0.7010000000000218,1.717600000143051,0.6500000000000057,1.2491999998092638,3.015999999999991,0.6001000001430725,0.7338000001907403,0.7656000001430527,0.8002000000476812,2.246699999809266,1.064899999856948,0.6177999999522967,0.6346000001430525,0.6481000001430175,0.8317999999523522,0.6329999999999814,0.8989000000954093,1.266399999856958,0.765599999904623,0.9993000001907149,0.5490999999046267,0.5988000001907494,0.5825999999046303,0.7325999999046644,1.1805999999046435,0.7659999999999627,1.4483000001907271,0.6340000000000146,0.8510999999046476,0.6820999999046649,0.5662000000476723,0.7330000000000041,0.6188999998569216,0.516099999904668,0.5660999999046226,0.8162000000476723,0.8852999999523377,0.6163999998569238,0.5651000001430475,0.6165000000000305,0.5652999999523445,0.48529999995230355]","[0.8512000000476689,2.1658000001907283,0.6805999999046435,0.9003999998569441,0.9329999999999927,0.582299999952312,0.6671999998092701,0.6502999999522956,0.7010999999046419,1.717600000143051,0.6500000000000057,1.2491999998092638,3.016100000143041,0.6002000000476926,0.7338000001907403,0.7657000000477012,0.8002999999523013,2.246799999952316,1.0649999999999977,0.6177999999522967,0.6346000001430525,0.6481000001430175,0.8318999998569439,0.6331000001430311,0.8989000000954093,1.266399999856958,0.7656999998092715,0.9994000000953633,0.5490999999046267,0.5988000001907494,0.5827999999522717,0.7327000000477142,1.1805999999046435,0.7659999999999627,1.4483000001907271,0.634099999904663,0.8512000000476974,0.6822000000477146,0.566299999952264,0.7330999999045957,0.6188999998569216,0.5162000000477178,0.5660999999046226,0.8162000000476723,0.8853999998569861,0.6164999999999736,0.5651000001430475,0.6166000001430803,0.5652999999523445,0.48539999985695204]",-0.325590278,3.4729,0.0,9.0,9.0,143.0,1.0,vermalen,mvermalen,question_multimodal.png,im_combination.png,,,,,,
,,,795483,1,21,2023-09-12_17h58.21.896,flesh_expressibility_dutch,2022.2.4,MacIntel,60.0024001,,,,18.0,1.0,Nederlands,,,,,,Engels,1.0,,0.0,,0.0,,0.0,,0.0,,0.0,,0.0,,0.0,NL,2.0,2.0,2.0,1.0,,sensorypref1,sensorypref2,sensorypref3,1440.0,900.0,,,,,,,,,,,,,,,,,,,,,,,,,,,,,,,,,,9.0,454.9843,51.0,"[0.8512000000476689,2.1658000001907283,0.6805999999046435,0.900299999952324,0.9329999999999927,0.5822000000476919,0.6670999999046217,0.6502000000476755,0.7010000000000218,1.717600000143051,0.6500000000000057,1.2491999998092638,3.015999999999991,0.6001000001430725,0.7338000001907403,0.7656000001430527,0.8002000000476812,2.246699999809266,1.064899999856948,0.6177999999522967,0.6346000001430525,0.6481000001430175,0.8317999999523522,0.6329999999999814,0.8989000000954093,1.266399999856958,0.765599999904623,0.9993000001907149,0.5490999999046267,0.5988000001907494,0.5825999999046303,0.7325999999046644,1.1805999999046435,0.7659999999999627,1.4483000001907271,0.6340000000000146,0.8510999999046476,0.6820999999046649,0.5662000000476723,0.7330000000000041,0.6188999998569216,0.516099999904668,0.5660999999046226,0.8162000000476723,0.8852999999523377,0.6163999998569238,0.5651000001430475,0.6165000000000305,0.5652999999523445,0.48529999995230355,0.5692000000476582]","[0.8512000000476689,2.1658000001907283,0.6805999999046435,0.9003999998569441,0.9329999999999927,0.582299999952312,0.6671999998092701,0.6502999999522956,0.7010999999046419,1.717600000143051,0.6500000000000057,1.2491999998092638,3.016100000143041,0.6002000000476926,0.7338000001907403,0.7657000000477012,0.8002999999523013,2.246799999952316,1.0649999999999977,0.6177999999522967,0.6346000001430525,0.6481000001430175,0.8318999998569439,0.6331000001430311,0.8989000000954093,1.266399999856958,0.7656999998092715,0.9994000000953633,0.5490999999046267,0.5988000001907494,0.5827999999522717,0.7327000000477142,1.1805999999046435,0.7659999999999627,1.4483000001907271,0.634099999904663,0.8512000000476974,0.6822000000477146,0.566299999952264,0.7330999999045957,0.6188999998569216,0.5162000000477178,0.5660999999046226,0.8162000000476723,0.8853999998569861,0.6164999999999736,0.5651000001430475,0.6166000001430803,0.5652999999523445,0.48539999985695204,0.5692000000476582]",0.973784722,2.0907,0.0,10.0,10.0,8.0,1.0,likken,mlikken,question_multimodal.png,im_combination.png,,,,,,
,,,795483,1,21,2023-09-12_17h58.21.896,flesh_expressibility_dutch,2022.2.4,MacIntel,60.0024001,,,,18.0,1.0,Nederlands,,,,,,Engels,1.0,,0.0,,0.0,,0.0,,0.0,,0.0,,0.0,,0.0,NL,2.0,2.0,2.0,1.0,,sensorypref1,sensorypref2,sensorypref3,1440.0,900.0,,,,,,,,,,,,,,,,,,,,,,,,,,,,,,,,,,8.0,457.5365,52.0,"[0.8512000000476689,2.1658000001907283,0.6805999999046435,0.900299999952324,0.9329999999999927,0.5822000000476919,0.6670999999046217,0.6502000000476755,0.7010000000000218,1.717600000143051,0.6500000000000057,1.2491999998092638,3.015999999999991,0.6001000001430725,0.7338000001907403,0.7656000001430527,0.8002000000476812,2.246699999809266,1.064899999856948,0.6177999999522967,0.6346000001430525,0.6481000001430175,0.8317999999523522,0.6329999999999814,0.8989000000954093,1.266399999856958,0.765599999904623,0.9993000001907149,0.5490999999046267,0.5988000001907494,0.5825999999046303,0.7325999999046644,1.1805999999046435,0.7659999999999627,1.4483000001907271,0.6340000000000146,0.8510999999046476,0.6820999999046649,0.5662000000476723,0.7330000000000041,0.6188999998569216,0.516099999904668,0.5660999999046226,0.8162000000476723,0.8852999999523377,0.6163999998569238,0.5651000001430475,0.6165000000000305,0.5652999999523445,0.48529999995230355,0.5692000000476582,0.5999999999999659]","[0.8512000000476689,2.1658000001907283,0.6805999999046435,0.9003999998569441,0.9329999999999927,0.582299999952312,0.6671999998092701,0.6502999999522956,0.7010999999046419,1.717600000143051,0.6500000000000057,1.2491999998092638,3.016100000143041,0.6002000000476926,0.7338000001907403,0.7657000000477012,0.8002999999523013,2.246799999952316,1.0649999999999977,0.6177999999522967,0.6346000001430525,0.6481000001430175,0.8318999998569439,0.6331000001430311,0.8989000000954093,1.266399999856958,0.7656999998092715,0.9994000000953633,0.5490999999046267,0.5988000001907494,0.5827999999522717,0.7327000000477142,1.1805999999046435,0.7659999999999627,1.4483000001907271,0.634099999904663,0.8512000000476974,0.6822000000477146,0.566299999952264,0.7330999999045957,0.6188999998569216,0.5162000000477178,0.5660999999046226,0.8162000000476723,0.8853999998569861,0.6164999999999736,0.5651000001430475,0.6166000001430803,0.5652999999523445,0.48539999985695204,0.5692000000476582,0.6000999999046144]",-0.643975694,2.2095,0.0,11.0,11.0,72.0,1.0,verrot,mverrot,question_multimodal.png,im_combination.png,,,,,,
,,,795483,1,21,2023-09-12_17h58.21.896,flesh_expressibility_dutch,2022.2.4,MacIntel,60.0024001,,,,18.0,1.0,Nederlands,,,,,,Engels,1.0,,0.0,,0.0,,0.0,,0.0,,0.0,,0.0,,0.0,NL,2.0,2.0,2.0,1.0,,sensorypref1,sensorypref2,sensorypref3,1440.0,900.0,,,,,,,,,,,,,,,,,,,,,,,,,,,,,,,,,,11.0,460.3937,53.0,"[0.8512000000476689,2.1658000001907283,0.6805999999046435,0.900299999952324,0.9329999999999927,0.5822000000476919,0.6670999999046217,0.6502000000476755,0.7010000000000218,1.717600000143051,0.6500000000000057,1.2491999998092638,3.015999999999991,0.6001000001430725,0.7338000001907403,0.7656000001430527,0.8002000000476812,2.246699999809266,1.064899999856948,0.6177999999522967,0.6346000001430525,0.6481000001430175,0.8317999999523522,0.6329999999999814,0.8989000000954093,1.266399999856958,0.765599999904623,0.9993000001907149,0.5490999999046267,0.5988000001907494,0.5825999999046303,0.7325999999046644,1.1805999999046435,0.7659999999999627,1.4483000001907271,0.6340000000000146,0.8510999999046476,0.6820999999046649,0.5662000000476723,0.7330000000000041,0.6188999998569216,0.516099999904668,0.5660999999046226,0.8162000000476723,0.8852999999523377,0.6163999998569238,0.5651000001430475,0.6165000000000305,0.5652999999523445,0.48529999995230355,0.5692000000476582,0.5999999999999659,0.6009000000954074]","[0.8512000000476689,2.1658000001907283,0.6805999999046435,0.9003999998569441,0.9329999999999927,0.582299999952312,0.6671999998092701,0.6502999999522956,0.7010999999046419,1.717600000143051,0.6500000000000057,1.2491999998092638,3.016100000143041,0.6002000000476926,0.7338000001907403,0.7657000000477012,0.8002999999523013,2.246799999952316,1.0649999999999977,0.6177999999522967,0.6346000001430525,0.6481000001430175,0.8318999998569439,0.6331000001430311,0.8989000000954093,1.266399999856958,0.7656999998092715,0.9994000000953633,0.5490999999046267,0.5988000001907494,0.5827999999522717,0.7327000000477142,1.1805999999046435,0.7659999999999627,1.4483000001907271,0.634099999904663,0.8512000000476974,0.6822000000477146,0.566299999952264,0.7330999999045957,0.6188999998569216,0.5162000000477178,0.5660999999046226,0.8162000000476723,0.8853999998569861,0.6164999999999736,0.5651000001430475,0.6166000001430803,0.5652999999523445,0.48539999985695204,0.5692000000476582,0.6000999999046144,0.6009999999999991]",0.961970486,2.3676,0.0,12.0,12.0,49.0,1.0,springen,mspringen,question_multimodal.png,im_combination.png,,,,,,
,,,795483,1,21,2023-09-12_17h58.21.896,flesh_expressibility_dutch,2022.2.4,MacIntel,60.0024001,,,,18.0,1.0,Nederlands,,,,,,Engels,1.0,,0.0,,0.0,,0.0,,0.0,,0.0,,0.0,,0.0,NL,2.0,2.0,2.0,1.0,,sensorypref1,sensorypref2,sensorypref3,1440.0,900.0,,,,,,,,,,,,,,,,,,,,,,,,,,,,,,,,,,10.0,463.3795,54.0,"[0.8512000000476689,2.1658000001907283,0.6805999999046435,0.900299999952324,0.9329999999999927,0.5822000000476919,0.6670999999046217,0.6502000000476755,0.7010000000000218,1.717600000143051,0.6500000000000057,1.2491999998092638,3.015999999999991,0.6001000001430725,0.7338000001907403,0.7656000001430527,0.8002000000476812,2.246699999809266,1.064899999856948,0.6177999999522967,0.6346000001430525,0.6481000001430175,0.8317999999523522,0.6329999999999814,0.8989000000954093,1.266399999856958,0.765599999904623,0.9993000001907149,0.5490999999046267,0.5988000001907494,0.5825999999046303,0.7325999999046644,1.1805999999046435,0.7659999999999627,1.4483000001907271,0.6340000000000146,0.8510999999046476,0.6820999999046649,0.5662000000476723,0.7330000000000041,0.6188999998569216,0.516099999904668,0.5660999999046226,0.8162000000476723,0.8852999999523377,0.6163999998569238,0.5651000001430475,0.6165000000000305,0.5652999999523445,0.48529999995230355,0.5692000000476582,0.5999999999999659,0.6009000000954074,0.6674000000953697]","[0.8512000000476689,2.1658000001907283,0.6805999999046435,0.9003999998569441,0.9329999999999927,0.582299999952312,0.6671999998092701,0.6502999999522956,0.7010999999046419,1.717600000143051,0.6500000000000057,1.2491999998092638,3.016100000143041,0.6002000000476926,0.7338000001907403,0.7657000000477012,0.8002999999523013,2.246799999952316,1.0649999999999977,0.6177999999522967,0.6346000001430525,0.6481000001430175,0.8318999998569439,0.6331000001430311,0.8989000000954093,1.266399999856958,0.7656999998092715,0.9994000000953633,0.5490999999046267,0.5988000001907494,0.5827999999522717,0.7327000000477142,1.1805999999046435,0.7659999999999627,1.4483000001907271,0.634099999904663,0.8512000000476974,0.6822000000477146,0.566299999952264,0.7330999999045957,0.6188999998569216,0.5162000000477178,0.5660999999046226,0.8162000000476723,0.8853999998569861,0.6164999999999736,0.5651000001430475,0.6166000001430803,0.5652999999523445,0.48539999985695204,0.5692000000476582,0.6000999999046144,0.6009999999999991,0.6674999999999613]",0.849444444,1.9368,0.0,13.0,13.0,50.0,1.0,zwemmen,mzwemmen,question_multimodal.png,im_combination.png,,,,,,
,,,795483,1,21,2023-09-12_17h58.21.896,flesh_expressibility_dutch,2022.2.4,MacIntel,60.0024001,,,,18.0,1.0,Nederlands,,,,,,Engels,1.0,,0.0,,0.0,,0.0,,0.0,,0.0,,0.0,,0.0,NL,2.0,2.0,2.0,1.0,,sensorypref1,sensorypref2,sensorypref3,1440.0,900.0,,,,,,,,,,,,,,,,,,,,,,,,,,,,,,,,,,9.0,465.9341,55.0,"[0.8512000000476689,2.1658000001907283,0.6805999999046435,0.900299999952324,0.9329999999999927,0.5822000000476919,0.6670999999046217,0.6502000000476755,0.7010000000000218,1.717600000143051,0.6500000000000057,1.2491999998092638,3.015999999999991,0.6001000001430725,0.7338000001907403,0.7656000001430527,0.8002000000476812,2.246699999809266,1.064899999856948,0.6177999999522967,0.6346000001430525,0.6481000001430175,0.8317999999523522,0.6329999999999814,0.8989000000954093,1.266399999856958,0.765599999904623,0.9993000001907149,0.5490999999046267,0.5988000001907494,0.5825999999046303,0.7325999999046644,1.1805999999046435,0.7659999999999627,1.4483000001907271,0.6340000000000146,0.8510999999046476,0.6820999999046649,0.5662000000476723,0.7330000000000041,0.6188999998569216,0.516099999904668,0.5660999999046226,0.8162000000476723,0.8852999999523377,0.6163999998569238,0.5651000001430475,0.6165000000000305,0.5652999999523445,0.48529999995230355,0.5692000000476582,0.5999999999999659,0.6009000000954074,0.6674000000953697,0.518100000143022]","[0.8512000000476689,2.1658000001907283,0.6805999999046435,0.9003999998569441,0.9329999999999927,0.582299999952312,0.6671999998092701,0.6502999999522956,0.7010999999046419,1.717600000143051,0.6500000000000057,1.2491999998092638,3.016100000143041,0.6002000000476926,0.7338000001907403,0.7657000000477012,0.8002999999523013,2.246799999952316,1.0649999999999977,0.6177999999522967,0.6346000001430525,0.6481000001430175,0.8318999998569439,0.6331000001430311,0.8989000000954093,1.266399999856958,0.7656999998092715,0.9994000000953633,0.5490999999046267,0.5988000001907494,0.5827999999522717,0.7327000000477142,1.1805999999046435,0.7659999999999627,1.4483000001907271,0.634099999904663,0.8512000000476974,0.6822000000477146,0.566299999952264,0.7330999999045957,0.6188999998569216,0.5162000000477178,0.5660999999046226,0.8162000000476723,0.8853999998569861,0.6164999999999736,0.5651000001430475,0.6166000001430803,0.5652999999523445,0.48539999985695204,0.5692000000476582,0.6000999999046144,0.6009999999999991,0.6674999999999613,0.518100000143022]",-0.434826389,3.0062,0.0,14.0,14.0,119.0,1.0,knie,mknie,question_multimodal.png,im_combination.png,,,,,,
,,,795483,1,21,2023-09-12_17h58.21.896,flesh_expressibility_dutch,2022.2.4,MacIntel,60.0024001,,,,18.0,1.0,Nederlands,,,,,,Engels,1.0,,0.0,,0.0,,0.0,,0.0,,0.0,,0.0,,0.0,NL,2.0,2.0,2.0,1.0,,sensorypref1,sensorypref2,sensorypref3,1440.0,900.0,,,,,,,,,,,,,,,,,,,,,,,,,,,,,,,,,,7.0,469.6212,56.0,"[0.8512000000476689,2.1658000001907283,0.6805999999046435,0.900299999952324,0.9329999999999927,0.5822000000476919,0.6670999999046217,0.6502000000476755,0.7010000000000218,1.717600000143051,0.6500000000000057,1.2491999998092638,3.015999999999991,0.6001000001430725,0.7338000001907403,0.7656000001430527,0.8002000000476812,2.246699999809266,1.064899999856948,0.6177999999522967,0.6346000001430525,0.6481000001430175,0.8317999999523522,0.6329999999999814,0.8989000000954093,1.266399999856958,0.765599999904623,0.9993000001907149,0.5490999999046267,0.5988000001907494,0.5825999999046303,0.7325999999046644,1.1805999999046435,0.7659999999999627,1.4483000001907271,0.6340000000000146,0.8510999999046476,0.6820999999046649,0.5662000000476723,0.7330000000000041,0.6188999998569216,0.516099999904668,0.5660999999046226,0.8162000000476723,0.8852999999523377,0.6163999998569238,0.5651000001430475,0.6165000000000305,0.5652999999523445,0.48529999995230355,0.5692000000476582,0.5999999999999659,0.6009000000954074,0.6674000000953697,0.518100000143022,0.5964999999999918]","[0.8512000000476689,2.1658000001907283,0.6805999999046435,0.9003999998569441,0.9329999999999927,0.582299999952312,0.6671999998092701,0.6502999999522956,0.7010999999046419,1.717600000143051,0.6500000000000057,1.2491999998092638,3.016100000143041,0.6002000000476926,0.7338000001907403,0.7657000000477012,0.8002999999523013,2.246799999952316,1.0649999999999977,0.6177999999522967,0.6346000001430525,0.6481000001430175,0.8318999998569439,0.6331000001430311,0.8989000000954093,1.266399999856958,0.7656999998092715,0.9994000000953633,0.5490999999046267,0.5988000001907494,0.5827999999522717,0.7327000000477142,1.1805999999046435,0.7659999999999627,1.4483000001907271,0.634099999904663,0.8512000000476974,0.6822000000477146,0.566299999952264,0.7330999999045957,0.6188999998569216,0.5162000000477178,0.5660999999046226,0.8162000000476723,0.8853999998569861,0.6164999999999736,0.5651000001430475,0.6166000001430803,0.5652999999523445,0.48539999985695204,0.5692000000476582,0.6000999999046144,0.6009999999999991,0.6674999999999613,0.518100000143022,0.5965999999046403]",-0.516076389,3.5417,0.0,15.0,15.0,126.0,1.0,dij,mdij,question_multimodal.png,im_combination.png,,,,,,
,,,795483,1,21,2023-09-12_17h58.21.896,flesh_expressibility_dutch,2022.2.4,MacIntel,60.0024001,,,,18.0,1.0,Nederlands,,,,,,Engels,1.0,,0.0,,0.0,,0.0,,0.0,,0.0,,0.0,,0.0,NL,2.0,2.0,2.0,1.0,,sensorypref1,sensorypref2,sensorypref3,1440.0,900.0,,,,,,,,,,,,,,,,,,,,,,,,,,,,,,,,,,7.0,473.7262,57.0,"[0.8512000000476689,2.1658000001907283,0.6805999999046435,0.900299999952324,0.9329999999999927,0.5822000000476919,0.6670999999046217,0.6502000000476755,0.7010000000000218,1.717600000143051,0.6500000000000057,1.2491999998092638,3.015999999999991,0.6001000001430725,0.7338000001907403,0.7656000001430527,0.8002000000476812,2.246699999809266,1.064899999856948,0.6177999999522967,0.6346000001430525,0.6481000001430175,0.8317999999523522,0.6329999999999814,0.8989000000954093,1.266399999856958,0.765599999904623,0.9993000001907149,0.5490999999046267,0.5988000001907494,0.5825999999046303,0.7325999999046644,1.1805999999046435,0.7659999999999627,1.4483000001907271,0.6340000000000146,0.8510999999046476,0.6820999999046649,0.5662000000476723,0.7330000000000041,0.6188999998569216,0.516099999904668,0.5660999999046226,0.8162000000476723,0.8852999999523377,0.6163999998569238,0.5651000001430475,0.6165000000000305,0.5652999999523445,0.48529999995230355,0.5692000000476582,0.5999999999999659,0.6009000000954074,0.6674000000953697,0.518100000143022,0.5964999999999918,0.6497000000476874]","[0.8512000000476689,2.1658000001907283,0.6805999999046435,0.9003999998569441,0.9329999999999927,0.582299999952312,0.6671999998092701,0.6502999999522956,0.7010999999046419,1.717600000143051,0.6500000000000057,1.2491999998092638,3.016100000143041,0.6002000000476926,0.7338000001907403,0.7657000000477012,0.8002999999523013,2.246799999952316,1.0649999999999977,0.6177999999522967,0.6346000001430525,0.6481000001430175,0.8318999998569439,0.6331000001430311,0.8989000000954093,1.266399999856958,0.7656999998092715,0.9994000000953633,0.5490999999046267,0.5988000001907494,0.5827999999522717,0.7327000000477142,1.1805999999046435,0.7659999999999627,1.4483000001907271,0.634099999904663,0.8512000000476974,0.6822000000477146,0.566299999952264,0.7330999999045957,0.6188999998569216,0.5162000000477178,0.5660999999046226,0.8162000000476723,0.8853999998569861,0.6164999999999736,0.5651000001430475,0.6166000001430803,0.5652999999523445,0.48539999985695204,0.5692000000476582,0.6000999999046144,0.6009999999999991,0.6674999999999613,0.518100000143022,0.5965999999046403,0.6497999999523358]",0.967708333,3.1006,0.0,16.0,16.0,55.0,1.0,langzaam,mlangzaam,question_multimodal.png,im_combination.png,,,,,,
,,,795483,1,21,2023-09-12_17h58.21.896,flesh_expressibility_dutch,2022.2.4,MacIntel,60.0024001,,,,18.0,1.0,Nederlands,,,,,,Engels,1.0,,0.0,,0.0,,0.0,,0.0,,0.0,,0.0,,0.0,NL,2.0,2.0,2.0,1.0,,sensorypref1,sensorypref2,sensorypref3,1440.0,900.0,,,,,,,,,,,,,,,,,,,,,,,,,,,,,,,,,,15.0,477.3824,58.0,"[0.8512000000476689,2.1658000001907283,0.6805999999046435,0.900299999952324,0.9329999999999927,0.5822000000476919,0.6670999999046217,0.6502000000476755,0.7010000000000218,1.717600000143051,0.6500000000000057,1.2491999998092638,3.015999999999991,0.6001000001430725,0.7338000001907403,0.7656000001430527,0.8002000000476812,2.246699999809266,1.064899999856948,0.6177999999522967,0.6346000001430525,0.6481000001430175,0.8317999999523522,0.6329999999999814,0.8989000000954093,1.266399999856958,0.765599999904623,0.9993000001907149,0.5490999999046267,0.5988000001907494,0.5825999999046303,0.7325999999046644,1.1805999999046435,0.7659999999999627,1.4483000001907271,0.6340000000000146,0.8510999999046476,0.6820999999046649,0.5662000000476723,0.7330000000000041,0.6188999998569216,0.516099999904668,0.5660999999046226,0.8162000000476723,0.8852999999523377,0.6163999998569238,0.5651000001430475,0.6165000000000305,0.5652999999523445,0.48529999995230355,0.5692000000476582,0.5999999999999659,0.6009000000954074,0.6674000000953697,0.518100000143022,0.5964999999999918,0.6497000000476874,0.6506999998092624]","[0.8512000000476689,2.1658000001907283,0.6805999999046435,0.9003999998569441,0.9329999999999927,0.582299999952312,0.6671999998092701,0.6502999999522956,0.7010999999046419,1.717600000143051,0.6500000000000057,1.2491999998092638,3.016100000143041,0.6002000000476926,0.7338000001907403,0.7657000000477012,0.8002999999523013,2.246799999952316,1.0649999999999977,0.6177999999522967,0.6346000001430525,0.6481000001430175,0.8318999998569439,0.6331000001430311,0.8989000000954093,1.266399999856958,0.7656999998092715,0.9994000000953633,0.5490999999046267,0.5988000001907494,0.5827999999522717,0.7327000000477142,1.1805999999046435,0.7659999999999627,1.4483000001907271,0.634099999904663,0.8512000000476974,0.6822000000477146,0.566299999952264,0.7330999999045957,0.6188999998569216,0.5162000000477178,0.5660999999046226,0.8162000000476723,0.8853999998569861,0.6164999999999736,0.5651000001430475,0.6166000001430803,0.5652999999523445,0.48539999985695204,0.5692000000476582,0.6000999999046144,0.6009999999999991,0.6674999999999613,0.518100000143022,0.5965999999046403,0.6497999999523358,0.6506999998092624]",-0.728680556,1.9687,0.0,17.0,17.0,67.0,1.0,ruw,mruw,question_multimodal.png,im_combination.png,,,,,,
,,,795483,1,21,2023-09-12_17h58.21.896,flesh_expressibility_dutch,2022.2.4,MacIntel,60.0024001,,,,18.0,1.0,Nederlands,,,,,,Engels,1.0,,0.0,,0.0,,0.0,,0.0,,0.0,,0.0,,0.0,NL,2.0,2.0,2.0,1.0,,sensorypref1,sensorypref2,sensorypref3,1440.0,900.0,,,,,,,,,,,,,,,,,,,,,,,,,,,,,,,,,,7.0,480.0402,59.0,"[0.8512000000476689,2.1658000001907283,0.6805999999046435,0.900299999952324,0.9329999999999927,0.5822000000476919,0.6670999999046217,0.6502000000476755,0.7010000000000218,1.717600000143051,0.6500000000000057,1.2491999998092638,3.015999999999991,0.6001000001430725,0.7338000001907403,0.7656000001430527,0.8002000000476812,2.246699999809266,1.064899999856948,0.6177999999522967,0.6346000001430525,0.6481000001430175,0.8317999999523522,0.6329999999999814,0.8989000000954093,1.266399999856958,0.765599999904623,0.9993000001907149,0.5490999999046267,0.5988000001907494,0.5825999999046303,0.7325999999046644,1.1805999999046435,0.7659999999999627,1.4483000001907271,0.6340000000000146,0.8510999999046476,0.6820999999046649,0.5662000000476723,0.7330000000000041,0.6188999998569216,0.516099999904668,0.5660999999046226,0.8162000000476723,0.8852999999523377,0.6163999998569238,0.5651000001430475,0.6165000000000305,0.5652999999523445,0.48529999995230355,0.5692000000476582,0.5999999999999659,0.6009000000954074,0.6674000000953697,0.518100000143022,0.5964999999999918,0.6497000000476874,0.6506999998092624,0.6512000000476519]","[0.8512000000476689,2.1658000001907283,0.6805999999046435,0.9003999998569441,0.9329999999999927,0.582299999952312,0.6671999998092701,0.6502999999522956,0.7010999999046419,1.717600000143051,0.6500000000000057,1.2491999998092638,3.016100000143041,0.6002000000476926,0.7338000001907403,0.7657000000477012,0.8002999999523013,2.246799999952316,1.0649999999999977,0.6177999999522967,0.6346000001430525,0.6481000001430175,0.8318999998569439,0.6331000001430311,0.8989000000954093,1.266399999856958,0.7656999998092715,0.9994000000953633,0.5490999999046267,0.5988000001907494,0.5827999999522717,0.7327000000477142,1.1805999999046435,0.7659999999999627,1.4483000001907271,0.634099999904663,0.8512000000476974,0.6822000000477146,0.566299999952264,0.7330999999045957,0.6188999998569216,0.5162000000477178,0.5660999999046226,0.8162000000476723,0.8853999998569861,0.6164999999999736,0.5651000001430475,0.6166000001430803,0.5652999999523445,0.48539999985695204,0.5692000000476582,0.6000999999046144,0.6009999999999991,0.6674999999999613,0.518100000143022,0.5965999999046403,0.6497999999523358,0.6506999998092624,0.6512000000476519]",-0.636588542,4.4376,0.0,18.0,18.0,79.0,1.0,veel,mveel,question_multimodal.png,im_combination.png,,,,,,
,,,795483,1,21,2023-09-12_17h58.21.896,flesh_expressibility_dutch,2022.2.4,MacIntel,60.0024001,,,,18.0,1.0,Nederlands,,,,,,Engels,1.0,,0.0,,0.0,,0.0,,0.0,,0.0,,0.0,,0.0,NL,2.0,2.0,2.0,1.0,,sensorypref1,sensorypref2,sensorypref3,1440.0,900.0,,,,,,,,,,,,,,,,,,,,,,,,,,,,,,,,,,8.0,485.1665,60.0,"[0.8512000000476689,2.1658000001907283,0.6805999999046435,0.900299999952324,0.9329999999999927,0.5822000000476919,0.6670999999046217,0.6502000000476755,0.7010000000000218,1.717600000143051,0.6500000000000057,1.2491999998092638,3.015999999999991,0.6001000001430725,0.7338000001907403,0.7656000001430527,0.8002000000476812,2.246699999809266,1.064899999856948,0.6177999999522967,0.6346000001430525,0.6481000001430175,0.8317999999523522,0.6329999999999814,0.8989000000954093,1.266399999856958,0.765599999904623,0.9993000001907149,0.5490999999046267,0.5988000001907494,0.5825999999046303,0.7325999999046644,1.1805999999046435,0.7659999999999627,1.4483000001907271,0.6340000000000146,0.8510999999046476,0.6820999999046649,0.5662000000476723,0.7330000000000041,0.6188999998569216,0.516099999904668,0.5660999999046226,0.8162000000476723,0.8852999999523377,0.6163999998569238,0.5651000001430475,0.6165000000000305,0.5652999999523445,0.48529999995230355,0.5692000000476582,0.5999999999999659,0.6009000000954074,0.6674000000953697,0.518100000143022,0.5964999999999918,0.6497000000476874,0.6506999998092624,0.6512000000476519,0.6319000000953565]","[0.8512000000476689,2.1658000001907283,0.6805999999046435,0.9003999998569441,0.9329999999999927,0.582299999952312,0.6671999998092701,0.6502999999522956,0.7010999999046419,1.717600000143051,0.6500000000000057,1.2491999998092638,3.016100000143041,0.6002000000476926,0.7338000001907403,0.7657000000477012,0.8002999999523013,2.246799999952316,1.0649999999999977,0.6177999999522967,0.6346000001430525,0.6481000001430175,0.8318999998569439,0.6331000001430311,0.8989000000954093,1.266399999856958,0.7656999998092715,0.9994000000953633,0.5490999999046267,0.5988000001907494,0.5827999999522717,0.7327000000477142,1.1805999999046435,0.7659999999999627,1.4483000001907271,0.634099999904663,0.8512000000476974,0.6822000000477146,0.566299999952264,0.7330999999045957,0.6188999998569216,0.5162000000477178,0.5660999999046226,0.8162000000476723,0.8853999998569861,0.6164999999999736,0.5651000001430475,0.6166000001430803,0.5652999999523445,0.48539999985695204,0.5692000000476582,0.6000999999046144,0.6009999999999991,0.6674999999999613,0.518100000143022,0.5965999999046403,0.6497999999523358,0.6506999998092624,0.6512000000476519,0.632000000000005]",-0.919210069,2.4196,0.0,19.0,19.0,63.0,1.0,hartig,mhartig,question_multimodal.png,im_combination.png,,,,,,
,,,795483,1,21,2023-09-12_17h58.21.896,flesh_expressibility_dutch,2022.2.4,MacIntel,60.0024001,,,,18.0,1.0,Nederlands,,,,,,Engels,1.0,,0.0,,0.0,,0.0,,0.0,,0.0,,0.0,,0.0,NL,2.0,2.0,2.0,1.0,,sensorypref1,sensorypref2,sensorypref3,1440.0,900.0,,,,,,,,,,,,,,,,,,,,,,,,,,,,,,,,,,,,,,,,,,,,,,,,,,,,,,,
,,,795483,1,21,2023-09-12_17h58.21.896,flesh_expressibility_dutch,2022.2.4,MacIntel,60.0024001,,,,18.0,1.0,Nederlands,,,,,,Engels,1.0,,0.0,,0.0,,0.0,,0.0,,0.0,,0.0,,0.0,NL,2.0,2.0,2.0,1.0,,sensorypref1,sensorypref2,sensorypref3,1440.0,900.0,,,,,,,,,,,,,,,,,,,,,,,,,,,,,,,,,,,,,,,,,,,,,,,,,,1.0,,,,,
,,,795483,1,21,2023-09-12_17h58.21.896,flesh_expressibility_dutch,2022.2.4,MacIntel,60.0024001,,,,18.0,1.0,Nederlands,,,,,,Engels,1.0,,0.0,,0.0,,0.0,,0.0,,0.0,,0.0,,0.0,NL,2.0,2.0,2.0,1.0,,sensorypref1,sensorypref2,sensorypref3,1440.0,900.0,,,,,,,,,,,,,,,,,,,,,,,,,,,,,,,,,,,,,,,,,,,,,,,,,,1.0,,,,,
,,,795483,1,21,2023-09-12_17h58.21.896,flesh_expressibility_dutch,2022.2.4,MacIntel,60.0024001,,,,18.0,1.0,Nederlands,,,,,,Engels,1.0,,0.0,,0.0,,0.0,,0.0,,0.0,,0.0,,0.0,NL,2.0,2.0,2.0,1.0,,sensorypref1,sensorypref2,sensorypref3,1440.0,900.0,,,,,,,,,,,,,,,,,,,,,,,,,,,,,,,,,,,,,,,,,,,,,,,,,,1.0,,,1.0,[502.7547000000477],[502.7547000000477]
