welcome_weiter.numClicks,welcome_weiter.timesOn,welcome_weiter.timesOff,exp_ID,session,presentation limit,date,expName,psychopyVersion,OS,frameRate,introduction_weiter.numClicks,introduction_weiter.timesOn,introduction_weiter.timesOff,age,gender,natlang1,natlang2,natlang3,natlang4,natlang5,natlang6,lang1,proficiency1,lang2,proficiency2,lang3,proficiency3,lang4,proficiency4,lang5,proficiency5,lang6,proficiency6,lang7,proficiency7,lang8,proficiency8,country,education,dyslexia,mobility,currentloc,radio-for-required-checkboxes,sensorypref1,sensorypref2,xRes,yRes,sensorypref[],sensorypref3,sensorypref4,practice_weiter.numClicks,practice_weiter.timesOn,practice_weiter.timesOff,pr_message_weiter.numClicks,pr_message_weiter.timesOn,pr_message_weiter.timesOff,pr_remember_weiter.numClicks,pr_remember_weiter.timesOn,pr_remember_weiter.timesOff,button_weiter.numClicks,button_weiter.timesOn,button_weiter.timesOff,pr_expressibility.response,pr_expressibility.rt,practice_trials.thisRepN,practice_trials.thisTrialN,practice_trials.thisN,practice_trials.thisIndex,practice_trials.ran,pr_word,pr_question,pr_image,start_weiter.numClicks,start_weiter.timesOn,start_weiter.timesOff,message_weiter.numClicks,message_weiter.timesOn,message_weiter.timesOff,trial_remember_weiter.numClicks,trial_remember_weiter.timesOn,trial_remember_weiter.timesOff,Count,Shelf time,trial_button_weiter.numClicks,trial_button_weiter.timesOn,trial_button_weiter.timesOff,expressibility.response,expressibility.rt,trials.thisRepN,trials.thisTrialN,trials.thisN,trials.thisIndex,trials.ran,word,fordict,question,trial_img,problem,problem_text,comment_text,end_experiment.numClicks,end_experiment.timesOn,end_experiment.timesOff
1.0,[5.5375000000000005],[5.5375000000000005],840072,1,21,2023-09-15_12h14.55.882,flesh_expressibility_dutch,2022.2.4,MacIntel,30.00120005,,,,,,,,,,,,,,,,,,,,,,,,,,,,,,,,,,,,,,,,,,,,,,,,,,,,,,,,,,,,,,,,,,,,,,,,,,,,,,,,,,,,,,,,,,,,,
,,,840072,1,21,2023-09-15_12h14.55.882,flesh_expressibility_dutch,2022.2.4,MacIntel,30.00120005,,,,,,,,,,,,,,,,,,,,,,,,,,,,,,,,,,,,,,,,,,,,,,,,,,,,,,,,,,,,,,,,,,,,,,,,,,,,,,,,,,,,,,,,,,,,,
,,,840072,1,21,2023-09-15_12h14.55.882,flesh_expressibility_dutch,2022.2.4,MacIntel,30.00120005,1.0,[14.486800000071527],[14.486899999976158],,,,,,,,,,,,,,,,,,,,,,,,,,,,,,,,,,,,,,,,,,,,,,,,,,,,,,,,,,,,,,,,,,,,,,,,,,,,,,,,,,,,,,,,,,
,,,840072,1,21,2023-09-15_12h14.55.882,flesh_expressibility_dutch,2022.2.4,MacIntel,30.00120005,,,,,,,,,,,,,,,,,,,,,,,,,,,,,,,,,,,,,,,,,,,,,,,,,,,,,,,,,,,,,,,,,,,,,,,,,,,,,,,,,,,,,,,,,,,,,
,,,840072,1,21,2023-09-15_12h14.55.882,flesh_expressibility_dutch,2022.2.4,MacIntel,30.00120005,,,,19.0,2.0,Nederlands,,,,,,Engels,2.0,Frans,1.0,,0.0,,0.0,,0.0,,0.0,,0.0,,0.0,NL,6.0,2.0,2.0,5.0,on,sensorypref1,sensorypref2,1440.0,900.0,,,,,,,,,,,,,,,,,,,,,,,,,,,,,,,,,,,,,,,,,,,,,,,,,,,,,,,,
,,,840072,1,21,2023-09-15_12h14.55.882,flesh_expressibility_dutch,2022.2.4,MacIntel,30.00120005,,,,19.0,2.0,Nederlands,,,,,,Engels,2.0,Frans,1.0,,0.0,,0.0,,0.0,,0.0,,0.0,,0.0,NL,6.0,2.0,2.0,5.0,,sensorypref1,sensorypref2,1440.0,900.0,,,,1.0,[87.75069999992849],[87.75079999995232],,,,,,,,,,,,,,,,,,,,,,,,,,,,,,,,,,,,,,,,,,,,,,,,,,
,,,840072,1,21,2023-09-15_12h14.55.882,flesh_expressibility_dutch,2022.2.4,MacIntel,30.00120005,,,,19.0,2.0,Nederlands,,,,,,Engels,2.0,Frans,1.0,,0.0,,0.0,,0.0,,0.0,,0.0,,0.0,NL,6.0,2.0,2.0,5.0,,sensorypref1,sensorypref2,1440.0,900.0,,,,,,,,,,,,,,,,,,,,,,,,,,,,,,,,,,,,,,,,,,,,,,,,,,,,,,,,
,,,840072,1,21,2023-09-15_12h14.55.882,flesh_expressibility_dutch,2022.2.4,MacIntel,30.00120005,,,,19.0,2.0,Nederlands,,,,,,Engels,2.0,Frans,1.0,,0.0,,0.0,,0.0,,0.0,,0.0,,0.0,NL,6.0,2.0,2.0,5.0,,sensorypref1,sensorypref2,1440.0,900.0,,,,,,,1.0,[99.21369999992848],[99.21369999992848],1.0,[107.88210000002384],[107.88220000004769],1.0,[7.60369999992848],[7.60389999997615],0.572508681,17.1589,0.0,0.0,0.0,1.0,1.0,leeuw,question_multimodal.png,im_combination.png,,,,,,,,,,,,,,,,,,,,,,,,,,,,,,,
,,,840072,1,21,2023-09-15_12h14.55.882,flesh_expressibility_dutch,2022.2.4,MacIntel,30.00120005,,,,19.0,2.0,Nederlands,,,,,,Engels,2.0,Frans,1.0,,0.0,,0.0,,0.0,,0.0,,0.0,,0.0,NL,6.0,2.0,2.0,5.0,,sensorypref1,sensorypref2,1440.0,900.0,,,,,,,,,,,,,2.0,"[7.60369999992848,0.7708999999761375]","[7.60389999997615,0.7708999999761375]",0.493776042,4.6773,0.0,1.0,1.0,0.0,1.0,koken,question_multimodal.png,im_combination.png,,,,,,,,,,,,,,,,,,,,,,,,,,,,,,,
,,,840072,1,21,2023-09-15_12h14.55.882,flesh_expressibility_dutch,2022.2.4,MacIntel,30.00120005,,,,19.0,2.0,Nederlands,,,,,,Engels,2.0,Frans,1.0,,0.0,,0.0,,0.0,,0.0,,0.0,,0.0,NL,6.0,2.0,2.0,5.0,,sensorypref1,sensorypref2,1440.0,900.0,,,,,,,2.0,"[99.21369999992848,148.31729999995233]","[99.21369999992848,148.31739999997617]",2.0,"[107.88210000002384,153.14980000007154]","[107.88220000004769,153.14990000009539]",3.0,"[7.60369999992848,0.7708999999761375,0.9989999999999952]","[7.60389999997615,0.7708999999761375,0.9989999999999952]",0.562734375,4.1905,0.0,0.0,0.0,0.0,1.0,baby,question_gesture.png,im_hand.png,,,,,,,,,,,,,,,,,,,,,,,,,,,,,,,
,,,840072,1,21,2023-09-15_12h14.55.882,flesh_expressibility_dutch,2022.2.4,MacIntel,30.00120005,,,,19.0,2.0,Nederlands,,,,,,Engels,2.0,Frans,1.0,,0.0,,0.0,,0.0,,0.0,,0.0,,0.0,NL,6.0,2.0,2.0,5.0,,sensorypref1,sensorypref2,1440.0,900.0,,,,,,,,,,,,,4.0,"[7.60369999992848,0.7708999999761375,0.9989999999999952,1.866500000000002]","[7.60389999997615,0.7708999999761375,0.9989999999999952,1.8666999999284712]",0.692864583,2.2933,0.0,1.0,1.0,1.0,1.0,auto,question_gesture.png,im_hand.png,,,,,,,,,,,,,,,,,,,,,,,,,,,,,,,
,,,840072,1,21,2023-09-15_12h14.55.882,flesh_expressibility_dutch,2022.2.4,MacIntel,30.00120005,,,,19.0,2.0,Nederlands,,,,,,Engels,2.0,Frans,1.0,,0.0,,0.0,,0.0,,0.0,,0.0,,0.0,NL,6.0,2.0,2.0,5.0,,sensorypref1,sensorypref2,1440.0,900.0,,,,,,,3.0,"[99.21369999992848,148.31729999995233,176.082]","[99.21369999992848,148.31739999997617,176.08210000002384]",3.0,"[107.88210000002384,153.14980000007154,180.083]","[107.88220000004769,153.14990000009539,180.083]",5.0,"[7.60369999992848,0.7708999999761375,0.9989999999999952,1.866500000000002,2.9311000000238323]","[7.60389999997615,0.7708999999761375,0.9989999999999952,1.8666999999284712,2.9312000000476814]",0.126397569,13.3693,0.0,0.0,0.0,0.0,1.0,liefde,question_vocal.png,im_mouth.png,,,,,,,,,,,,,,,,,,,,,,,,,,,,,,,
,,,840072,1,21,2023-09-15_12h14.55.882,flesh_expressibility_dutch,2022.2.4,MacIntel,30.00120005,,,,19.0,2.0,Nederlands,,,,,,Engels,2.0,Frans,1.0,,0.0,,0.0,,0.0,,0.0,,0.0,,0.0,NL,6.0,2.0,2.0,5.0,,sensorypref1,sensorypref2,1440.0,900.0,,,,,,,,,,,,,6.0,"[7.60369999992848,0.7708999999761375,0.9989999999999952,1.866500000000002,2.9311000000238323,5.168899999976162]","[7.60389999997615,0.7708999999761375,0.9989999999999952,1.8666999999284712,2.9312000000476814,5.169000000000011]",0.507256944,7.3092,0.0,1.0,1.0,1.0,1.0,moe,question_vocal.png,im_mouth.png,,,,,,,,,,,,,,,,,,,,,,,,,,,,,,,
,,,840072,1,21,2023-09-15_12h14.55.882,flesh_expressibility_dutch,2022.2.4,MacIntel,30.00120005,,,,19.0,2.0,Nederlands,,,,,,Engels,2.0,Frans,1.0,,0.0,,0.0,,0.0,,0.0,,0.0,,0.0,NL,6.0,2.0,2.0,5.0,,sensorypref1,sensorypref2,1440.0,900.0,,,,,,,,,,,,,,,,,,,,,,,,,,1.0,[210.53739999997617],[210.53739999997617],,,,,,,,,,,,,,,,,,,,,,,,,,,,
,,,840072,1,21,2023-09-15_12h14.55.882,flesh_expressibility_dutch,2022.2.4,MacIntel,30.00120005,,,,19.0,2.0,Nederlands,,,,,,Engels,2.0,Frans,1.0,,0.0,,0.0,,0.0,,0.0,,0.0,,0.0,NL,6.0,2.0,2.0,5.0,,sensorypref1,sensorypref2,1440.0,900.0,,,,,,,,,,,,,,,,,,,,,,,,,,,,,,,,,,,,,,,,,,,,,,,,,,,,,,,,
,,,840072,1,21,2023-09-15_12h14.55.882,flesh_expressibility_dutch,2022.2.4,MacIntel,30.00120005,,,,19.0,2.0,Nederlands,,,,,,Engels,2.0,Frans,1.0,,0.0,,0.0,,0.0,,0.0,,0.0,,0.0,NL,6.0,2.0,2.0,5.0,,sensorypref1,sensorypref2,1440.0,900.0,,,,,,,,,,,,,,,,,,,,,,,,,,,,,1.0,[223.43689999997616],[223.43699999999998],1.0,[226.50129999995232],[226.50129999995232],10.0,227.9655,1.0,[4.766600000023857],[4.766600000023857],0.369001736,13.7476,0.0,0.0,0.0,136.0,1.0,komen,mkomen,question_multimodal.png,im_combination.png,,,,,,
,,,840072,1,21,2023-09-15_12h14.55.882,flesh_expressibility_dutch,2022.2.4,MacIntel,30.00120005,,,,19.0,2.0,Nederlands,,,,,,Engels,2.0,Frans,1.0,,0.0,,0.0,,0.0,,0.0,,0.0,,0.0,NL,6.0,2.0,2.0,5.0,,sensorypref1,sensorypref2,1440.0,900.0,,,,,,,,,,,,,,,,,,,,,,,,,,,,,,,,,,,17.0,242.3034,2.0,"[4.766600000023857,0.6041000000238341]","[4.766600000023857,0.6042000000476833]",0.331788194,5.4654,0.0,1.0,1.0,174.0,1.0,staart,mstaart,question_multimodal.png,im_combination.png,,,,,,
,,,840072,1,21,2023-09-15_12h14.55.882,flesh_expressibility_dutch,2022.2.4,MacIntel,30.00120005,,,,19.0,2.0,Nederlands,,,,,,Engels,2.0,Frans,1.0,,0.0,,0.0,,0.0,,0.0,,0.0,,0.0,NL,6.0,2.0,2.0,5.0,,sensorypref1,sensorypref2,1440.0,900.0,,,,,,,,,,,,,,,,,,,,,,,,,,,,,,,,,,,9.0,248.4211,3.0,"[4.766600000023857,0.6041000000238341,2.63250000000005]","[4.766600000023857,0.6042000000476833,2.6325999999046417]",0.082942708,10.2095,0.0,2.0,2.0,125.0,1.0,huid,mhuid,question_multimodal.png,im_combination.png,,,,,,
,,,840072,1,21,2023-09-15_12h14.55.882,flesh_expressibility_dutch,2022.2.4,MacIntel,30.00120005,,,,19.0,2.0,Nederlands,,,,,,Engels,2.0,Frans,1.0,,0.0,,0.0,,0.0,,0.0,,0.0,,0.0,NL,6.0,2.0,2.0,5.0,,sensorypref1,sensorypref2,1440.0,900.0,,,,,,,,,,,,,,,,,,,,,,,,,,,,,,,,,,,7.0,259.8121,4.0,"[4.766600000023857,0.6041000000238341,2.63250000000005,1.8332000000476683]","[4.766600000023857,0.6042000000476833,2.6325999999046417,1.8332000000476683]",-0.114913194,7.6565,0.0,3.0,3.0,74.0,1.0,hoekig,mhoekig,question_multimodal.png,im_combination.png,,,,,,
,,,840072,1,21,2023-09-15_12h14.55.882,flesh_expressibility_dutch,2022.2.4,MacIntel,30.00120005,,,,19.0,2.0,Nederlands,,,,,,Engels,2.0,Frans,1.0,,0.0,,0.0,,0.0,,0.0,,0.0,,0.0,NL,6.0,2.0,2.0,5.0,,sensorypref1,sensorypref2,1440.0,900.0,,,,,,,,,,,,,,,,,,,,,,,,,,,,,,,,,,,9.0,269.2796,5.0,"[4.766600000023857,0.6041000000238341,2.63250000000005,1.8332000000476683,0.7667000000476492]","[4.766600000023857,0.6042000000476833,2.6325999999046417,1.8332000000476683,0.7667000000476492]",0.360598958,3.3418,0.0,4.0,4.0,102.0,1.0,vis,mvis,question_multimodal.png,im_combination.png,,,,,,
,,,840072,1,21,2023-09-15_12h14.55.882,flesh_expressibility_dutch,2022.2.4,MacIntel,30.00120005,,,,19.0,2.0,Nederlands,,,,,,Engels,2.0,Frans,1.0,,0.0,,0.0,,0.0,,0.0,,0.0,,0.0,NL,6.0,2.0,2.0,5.0,,sensorypref1,sensorypref2,1440.0,900.0,,,,,,,,,,,,,,,,,,,,,,,,,,,,,,,,,,,15.0,273.4118,6.0,"[4.766600000023857,0.6041000000238341,2.63250000000005,1.8332000000476683,0.7667000000476492,4.034799999952327]","[4.766600000023857,0.6042000000476833,2.6325999999046417,1.8332000000476683,0.7667000000476492,4.034899999976176]",-0.427282986,3.9762,0.0,5.0,5.0,31.0,1.0,zwak,mzwak,question_multimodal.png,im_combination.png,,,,,,
,,,840072,1,21,2023-09-15_12h14.55.882,flesh_expressibility_dutch,2022.2.4,MacIntel,30.00120005,,,,19.0,2.0,Nederlands,,,,,,Engels,2.0,Frans,1.0,,0.0,,0.0,,0.0,,0.0,,0.0,,0.0,NL,6.0,2.0,2.0,5.0,,sensorypref1,sensorypref2,1440.0,900.0,,,,,,,,,,,,,,,,,,,,,,,,,,,,,,,,,,,10.0,281.5433,7.0,"[4.766600000023857,0.6041000000238341,2.63250000000005,1.8332000000476683,0.7667000000476492,4.034799999952327,1.470400000095367]","[4.766600000023857,0.6042000000476833,2.6325999999046417,1.8332000000476683,0.7667000000476492,4.034899999976176,1.470400000095367]",0.019982639,8.755,0.0,6.0,6.0,111.0,1.0,rug,mrug,question_multimodal.png,im_combination.png,,,,,,
,,,840072,1,21,2023-09-15_12h14.55.882,flesh_expressibility_dutch,2022.2.4,MacIntel,30.00120005,,,,19.0,2.0,Nederlands,,,,,,Engels,2.0,Frans,1.0,,0.0,,0.0,,0.0,,0.0,,0.0,,0.0,NL,6.0,2.0,2.0,5.0,,sensorypref1,sensorypref2,1440.0,900.0,,,,,,,,,,,,,,,,,,,,,,,,,,,,,,,,,,,10.0,291.6871,8.0,"[4.766600000023857,0.6041000000238341,2.63250000000005,1.8332000000476683,0.7667000000476492,4.034799999952327,1.470400000095367,1.1683999999761454]","[4.766600000023857,0.6042000000476833,2.6325999999046417,1.8332000000476683,0.7667000000476492,4.034899999976176,1.470400000095367,1.1683999999761454]",0.670920139,3.8204,0.0,7.0,7.0,173.0,1.0,klein,mklein,question_multimodal.png,im_combination.png,,,,,,
,,,840072,1,21,2023-09-15_12h14.55.882,flesh_expressibility_dutch,2022.2.4,MacIntel,30.00120005,,,,19.0,2.0,Nederlands,,,,,,Engels,2.0,Frans,1.0,,0.0,,0.0,,0.0,,0.0,,0.0,,0.0,NL,6.0,2.0,2.0,5.0,,sensorypref1,sensorypref2,1440.0,900.0,,,,,,,,,,,,,,,,,,,,,,,,,,,,,,,,,,,12.0,296.781,9.0,"[4.766600000023857,0.6041000000238341,2.63250000000005,1.8332000000476683,0.7667000000476492,4.034799999952327,1.470400000095367,1.1683999999761454,3.5627999999523468]","[4.766600000023857,0.6042000000476833,2.6325999999046417,1.8332000000476683,0.7667000000476492,4.034899999976176,1.470400000095367,1.1683999999761454,3.5627999999523468]",0.895694444,3.5361,0.0,8.0,8.0,56.0,1.0,grommen,mgrommen,question_multimodal.png,im_combination.png,,,,,,
,,,840072,1,21,2023-09-15_12h14.55.882,flesh_expressibility_dutch,2022.2.4,MacIntel,30.00120005,,,,19.0,2.0,Nederlands,,,,,,Engels,2.0,Frans,1.0,,0.0,,0.0,,0.0,,0.0,,0.0,,0.0,NL,6.0,2.0,2.0,5.0,,sensorypref1,sensorypref2,1440.0,900.0,,,,,,,,,,,,,,,,,,,,,,,,,,,,,,,,,,,14.0,303.8449,10.0,"[4.766600000023857,0.6041000000238341,2.63250000000005,1.8332000000476683,0.7667000000476492,4.034799999952327,1.470400000095367,1.1683999999761454,3.5627999999523468,0.7025000000000432]","[4.766600000023857,0.6042000000476833,2.6325999999046417,1.8332000000476683,0.7667000000476492,4.034899999976176,1.470400000095367,1.1683999999761454,3.5627999999523468,0.7026000000238923]",0.557664931,4.594,0.0,9.0,9.0,206.0,1.0,lepel,mlepel,question_multimodal.png,im_combination.png,,,,,,
,,,840072,1,21,2023-09-15_12h14.55.882,flesh_expressibility_dutch,2022.2.4,MacIntel,30.00120005,,,,19.0,2.0,Nederlands,,,,,,Engels,2.0,Frans,1.0,,0.0,,0.0,,0.0,,0.0,,0.0,,0.0,NL,6.0,2.0,2.0,5.0,,sensorypref1,sensorypref2,1440.0,900.0,,,,,,,,,,,,,,,,,,,,,,,,,,,,,,,,,,,7.0,309.1389,11.0,"[4.766600000023857,0.6041000000238341,2.63250000000005,1.8332000000476683,0.7667000000476492,4.034799999952327,1.470400000095367,1.1683999999761454,3.5627999999523468,0.7025000000000432,0.9663999999761472]","[4.766600000023857,0.6042000000476833,2.6325999999046417,1.8332000000476683,0.7667000000476492,4.034899999976176,1.470400000095367,1.1683999999761454,3.5627999999523468,0.7026000000238923,0.9664999999999964]",-0.499236111,4.293,0.0,10.0,10.0,76.0,1.0,blauw,mblauw,question_multimodal.png,im_combination.png,,,,,,
,,,840072,1,21,2023-09-15_12h14.55.882,flesh_expressibility_dutch,2022.2.4,MacIntel,30.00120005,,,,19.0,2.0,Nederlands,,,,,,Engels,2.0,Frans,1.0,,0.0,,0.0,,0.0,,0.0,,0.0,,0.0,NL,6.0,2.0,2.0,5.0,,sensorypref1,sensorypref2,1440.0,900.0,,,,,,,,,,,,,,,,,,,,,,,,,,,,,,,,,,,12.0,314.4006,12.0,"[4.766600000023857,0.6041000000238341,2.63250000000005,1.8332000000476683,0.7667000000476492,4.034799999952327,1.470400000095367,1.1683999999761454,3.5627999999523468,0.7025000000000432,0.9663999999761472,0.5]","[4.766600000023857,0.6042000000476833,2.6325999999046417,1.8332000000476683,0.7667000000476492,4.034899999976176,1.470400000095367,1.1683999999761454,3.5627999999523468,0.7026000000238923,0.9664999999999964,0.5001000000238491]",-0.181744792,3.2373,0.0,11.0,11.0,32.0,1.0,vooraan,mvooraan,question_multimodal.png,im_combination.png,,,,,,
,,,840072,1,21,2023-09-15_12h14.55.882,flesh_expressibility_dutch,2022.2.4,MacIntel,30.00120005,,,,19.0,2.0,Nederlands,,,,,,Engels,2.0,Frans,1.0,,0.0,,0.0,,0.0,,0.0,,0.0,,0.0,NL,6.0,2.0,2.0,5.0,,sensorypref1,sensorypref2,1440.0,900.0,,,,,,,,,,,,,,,,,,,,,,,,,,,,,,,,,,,11.0,318.1806,13.0,"[4.766600000023857,0.6041000000238341,2.63250000000005,1.8332000000476683,0.7667000000476492,4.034799999952327,1.470400000095367,1.1683999999761454,3.5627999999523468,0.7025000000000432,0.9663999999761472,0.5,4.068300000071531]","[4.766600000023857,0.6042000000476833,2.6325999999046417,1.8332000000476683,0.7667000000476492,4.034899999976176,1.470400000095367,1.1683999999761454,3.5627999999523468,0.7026000000238923,0.9664999999999964,0.5001000000238491,4.0683999999761795]",0.100494792,2.6051,0.0,12.0,12.0,64.0,1.0,smaak,msmaak,question_multimodal.png,im_combination.png,,,,,,
,,,840072,1,21,2023-09-15_12h14.55.882,flesh_expressibility_dutch,2022.2.4,MacIntel,30.00120005,,,,19.0,2.0,Nederlands,,,,,,Engels,2.0,Frans,1.0,,0.0,,0.0,,0.0,,0.0,,0.0,,0.0,NL,6.0,2.0,2.0,5.0,,sensorypref1,sensorypref2,1440.0,900.0,,,,,,,,,,,,,,,,,,,,,,,,,,,,,,,,,,,13.0,324.9398,14.0,"[4.766600000023857,0.6041000000238341,2.63250000000005,1.8332000000476683,0.7667000000476492,4.034799999952327,1.470400000095367,1.1683999999761454,3.5627999999523468,0.7025000000000432,0.9663999999761472,0.5,4.068300000071531,0.46649999999999636]","[4.766600000023857,0.6042000000476833,2.6325999999046417,1.8332000000476683,0.7667000000476492,4.034899999976176,1.470400000095367,1.1683999999761454,3.5627999999523468,0.7026000000238923,0.9664999999999964,0.5001000000238491,4.0683999999761795,0.46649999999999636]",-0.116241319,5.1192,0.0,13.0,13.0,141.0,1.0,dragen,mdragen,question_multimodal.png,im_combination.png,,,,,,
,,,840072,1,21,2023-09-15_12h14.55.882,flesh_expressibility_dutch,2022.2.4,MacIntel,30.00120005,,,,19.0,2.0,Nederlands,,,,,,Engels,2.0,Frans,1.0,,0.0,,0.0,,0.0,,0.0,,0.0,,0.0,NL,6.0,2.0,2.0,5.0,,sensorypref1,sensorypref2,1440.0,900.0,,,,,,,,,,,,,,,,,,,,,,,,,,,,,,,,,,,14.0,330.4719,15.0,"[4.766600000023857,0.6041000000238341,2.63250000000005,1.8332000000476683,0.7667000000476492,4.034799999952327,1.470400000095367,1.1683999999761454,3.5627999999523468,0.7025000000000432,0.9663999999761472,0.5,4.068300000071531,0.46649999999999636,0.9641000000237909]","[4.766600000023857,0.6042000000476833,2.6325999999046417,1.8332000000476683,0.7667000000476492,4.034899999976176,1.470400000095367,1.1683999999761454,3.5627999999523468,0.7026000000238923,0.9664999999999964,0.5001000000238491,4.0683999999761795,0.46649999999999636,0.9641000000237909]",0.516067708,2.6764,0.0,14.0,14.0,71.0,1.0,geur,mgeur,question_multimodal.png,im_combination.png,,,,,,
,,,840072,1,21,2023-09-15_12h14.55.882,flesh_expressibility_dutch,2022.2.4,MacIntel,30.00120005,,,,19.0,2.0,Nederlands,,,,,,Engels,2.0,Frans,1.0,,0.0,,0.0,,0.0,,0.0,,0.0,,0.0,NL,6.0,2.0,2.0,5.0,,sensorypref1,sensorypref2,1440.0,900.0,,,,,,,,,,,,,,,,,,,,,,,,,,,,,,,,,,,11.0,334.1553,16.0,"[4.766600000023857,0.6041000000238341,2.63250000000005,1.8332000000476683,0.7667000000476492,4.034799999952327,1.470400000095367,1.1683999999761454,3.5627999999523468,0.7025000000000432,0.9663999999761472,0.5,4.068300000071531,0.46649999999999636,0.9641000000237909,0.53189999997619]","[4.766600000023857,0.6042000000476833,2.6325999999046417,1.8332000000476683,0.7667000000476492,4.034899999976176,1.470400000095367,1.1683999999761454,3.5627999999523468,0.7026000000238923,0.9664999999999964,0.5001000000238491,4.0683999999761795,0.46649999999999636,0.9641000000237909,0.53189999997619]",-0.026284722,5.086,0.0,15.0,15.0,43.0,1.0,rivier,mrivier,question_multimodal.png,im_combination.png,,,,,,
,,,840072,1,21,2023-09-15_12h14.55.882,flesh_expressibility_dutch,2022.2.4,MacIntel,30.00120005,,,,19.0,2.0,Nederlands,,,,,,Engels,2.0,Frans,1.0,,0.0,,0.0,,0.0,,0.0,,0.0,,0.0,NL,6.0,2.0,2.0,5.0,,sensorypref1,sensorypref2,1440.0,900.0,,,,,,,,,,,,,,,,,,,,,,,,,,,,,,,,,,,14.0,339.7597,17.0,"[4.766600000023857,0.6041000000238341,2.63250000000005,1.8332000000476683,0.7667000000476492,4.034799999952327,1.470400000095367,1.1683999999761454,3.5627999999523468,0.7025000000000432,0.9663999999761472,0.5,4.068300000071531,0.46649999999999636,0.9641000000237909,0.53189999997619,2.067699999928493]","[4.766600000023857,0.6042000000476833,2.6325999999046417,1.8332000000476683,0.7667000000476492,4.034899999976176,1.470400000095367,1.1683999999761454,3.5627999999523468,0.7026000000238923,0.9664999999999964,0.5001000000238491,4.0683999999761795,0.46649999999999636,0.9641000000237909,0.53189999997619,2.067699999928493]",0.684253472,3.451,0.0,16.0,16.0,38.0,1.0,blij,mblij,question_multimodal.png,im_combination.png,,,,,,
,,,840072,1,21,2023-09-15_12h14.55.882,flesh_expressibility_dutch,2022.2.4,MacIntel,30.00120005,,,,19.0,2.0,Nederlands,,,,,,Engels,2.0,Frans,1.0,,0.0,,0.0,,0.0,,0.0,,0.0,,0.0,NL,6.0,2.0,2.0,5.0,,sensorypref1,sensorypref2,1440.0,900.0,,,,,,,,,,,,,,,,,,,,,,,,,,,,,,,,,,,12.0,344.1905,18.0,"[4.766600000023857,0.6041000000238341,2.63250000000005,1.8332000000476683,0.7667000000476492,4.034799999952327,1.470400000095367,1.1683999999761454,3.5627999999523468,0.7025000000000432,0.9663999999761472,0.5,4.068300000071531,0.46649999999999636,0.9641000000237909,0.53189999997619,2.067699999928493,1.3686000000238323]","[4.766600000023857,0.6042000000476833,2.6325999999046417,1.8332000000476683,0.7667000000476492,4.034899999976176,1.470400000095367,1.1683999999761454,3.5627999999523468,0.7026000000238923,0.9664999999999964,0.5001000000238491,4.0683999999761795,0.46649999999999636,0.9641000000237909,0.53189999997619,2.067699999928493,1.36879999995233]",0.029904514,3.8417,0.0,17.0,17.0,24.0,1.0,levend,mlevend,question_multimodal.png,im_combination.png,,,,,,
,,,840072,1,21,2023-09-15_12h14.55.882,flesh_expressibility_dutch,2022.2.4,MacIntel,30.00120005,,,,19.0,2.0,Nederlands,,,,,,Engels,2.0,Frans,1.0,,0.0,,0.0,,0.0,,0.0,,0.0,,0.0,NL,6.0,2.0,2.0,5.0,,sensorypref1,sensorypref2,1440.0,900.0,,,,,,,,,,,,,,,,,,,,,,,,,,,,,,,,,,,14.0,348.5945,19.0,"[4.766600000023857,0.6041000000238341,2.63250000000005,1.8332000000476683,0.7667000000476492,4.034799999952327,1.470400000095367,1.1683999999761454,3.5627999999523468,0.7025000000000432,0.9663999999761472,0.5,4.068300000071531,0.46649999999999636,0.9641000000237909,0.53189999997619,2.067699999928493,1.3686000000238323,1.2302000000476596]","[4.766600000023857,0.6042000000476833,2.6325999999046417,1.8332000000476683,0.7667000000476492,4.034899999976176,1.470400000095367,1.1683999999761454,3.5627999999523468,0.7026000000238923,0.9664999999999964,0.5001000000238491,4.0683999999761795,0.46649999999999636,0.9641000000237909,0.53189999997619,2.067699999928493,1.36879999995233,1.2302000000476596]",0.670642361,3.9256,0.0,18.0,18.0,45.0,1.0,onweer,monweer,question_multimodal.png,im_combination.png,,,,,,
,,,840072,1,21,2023-09-15_12h14.55.882,flesh_expressibility_dutch,2022.2.4,MacIntel,30.00120005,,,,19.0,2.0,Nederlands,,,,,,Engels,2.0,Frans,1.0,,0.0,,0.0,,0.0,,0.0,,0.0,,0.0,NL,6.0,2.0,2.0,5.0,,sensorypref1,sensorypref2,1440.0,900.0,,,,,,,,,,,,,,,,,,,,,,,,,,,,,,,,,,,16.0,353.8175,20.0,"[4.766600000023857,0.6041000000238341,2.63250000000005,1.8332000000476683,0.7667000000476492,4.034799999952327,1.470400000095367,1.1683999999761454,3.5627999999523468,0.7025000000000432,0.9663999999761472,0.5,4.068300000071531,0.46649999999999636,0.9641000000237909,0.53189999997619,2.067699999928493,1.3686000000238323,1.2302000000476596,1.5340999999046403]","[4.766600000023857,0.6042000000476833,2.6325999999046417,1.8332000000476683,0.7667000000476492,4.034899999976176,1.470400000095367,1.1683999999761454,3.5627999999523468,0.7026000000238923,0.9664999999999964,0.5001000000238491,4.0683999999761795,0.46649999999999636,0.9641000000237909,0.53189999997619,2.067699999928493,1.36879999995233,1.2302000000476596,1.5340999999046403]",0.687065972,2.4757,0.0,19.0,19.0,186.0,1.0,lang,mlang,question_multimodal.png,im_combination.png,,,,,,
,,,840072,1,21,2023-09-15_12h14.55.882,flesh_expressibility_dutch,2022.2.4,MacIntel,30.00120005,,,,19.0,2.0,Nederlands,,,,,,Engels,2.0,Frans,1.0,,0.0,,0.0,,0.0,,0.0,,0.0,,0.0,NL,6.0,2.0,2.0,5.0,,sensorypref1,sensorypref2,1440.0,900.0,,,,,,,,,,,,,,,,,,,,,,,,,,,,,2.0,"[223.43689999997616,377.93919999992846]","[223.43699999999998,377.93919999992846]",2.0,"[226.50129999995232,381.10249999999996]","[226.50129999995232,381.10249999999996]",12.0,382.5216,21.0,"[4.766600000023857,0.6041000000238341,2.63250000000005,1.8332000000476683,0.7667000000476492,4.034799999952327,1.470400000095367,1.1683999999761454,3.5627999999523468,0.7025000000000432,0.9663999999761472,0.5,4.068300000071531,0.46649999999999636,0.9641000000237909,0.53189999997619,2.067699999928493,1.3686000000238323,1.2302000000476596,1.5340999999046403,6.601999999999975]","[4.766600000023857,0.6042000000476833,2.6325999999046417,1.8332000000476683,0.7667000000476492,4.034899999976176,1.470400000095367,1.1683999999761454,3.5627999999523468,0.7026000000238923,0.9664999999999964,0.5001000000238491,4.0683999999761795,0.46649999999999636,0.9641000000237909,0.53189999997619,2.067699999928493,1.36879999995233,1.2302000000476596,1.5340999999046403,6.601999999999975]",0.000789931,10.3854,0.0,0.0,0.0,112.0,1.0,bloed,gbloed,question_gesture.png,im_hand.png,,,,,,
,,,840072,1,21,2023-09-15_12h14.55.882,flesh_expressibility_dutch,2022.2.4,MacIntel,30.00120005,,,,19.0,2.0,Nederlands,,,,,,Engels,2.0,Frans,1.0,,0.0,,0.0,,0.0,,0.0,,0.0,,0.0,NL,6.0,2.0,2.0,5.0,,sensorypref1,sensorypref2,1440.0,900.0,,,,,,,,,,,,,,,,,,,,,,,,,,,,,,,,,,,12.0,394.5725,22.0,"[4.766600000023857,0.6041000000238341,2.63250000000005,1.8332000000476683,0.7667000000476492,4.034799999952327,1.470400000095367,1.1683999999761454,3.5627999999523468,0.7025000000000432,0.9663999999761472,0.5,4.068300000071531,0.46649999999999636,0.9641000000237909,0.53189999997619,2.067699999928493,1.3686000000238323,1.2302000000476596,1.5340999999046403,6.601999999999975,0.4991000000238728]","[4.766600000023857,0.6042000000476833,2.6325999999046417,1.8332000000476683,0.7667000000476492,4.034899999976176,1.470400000095367,1.1683999999761454,3.5627999999523468,0.7026000000238923,0.9664999999999964,0.5001000000238491,4.0683999999761795,0.46649999999999636,0.9641000000237909,0.53189999997619,2.067699999928493,1.36879999995233,1.2302000000476596,1.5340999999046403,6.601999999999975,0.4992000000477219]",0.689331597,7.5241,0.0,1.0,1.0,101.0,1.0,hond,ghond,question_gesture.png,im_hand.png,,,,,,
,,,840072,1,21,2023-09-15_12h14.55.882,flesh_expressibility_dutch,2022.2.4,MacIntel,30.00120005,,,,19.0,2.0,Nederlands,,,,,,Engels,2.0,Frans,1.0,,0.0,,0.0,,0.0,,0.0,,0.0,,0.0,NL,6.0,2.0,2.0,5.0,,sensorypref1,sensorypref2,1440.0,900.0,,,,,,,,,,,,,,,,,,,,,,,,,,,,,,,,,,,15.0,402.5005,23.0,"[4.766600000023857,0.6041000000238341,2.63250000000005,1.8332000000476683,0.7667000000476492,4.034799999952327,1.470400000095367,1.1683999999761454,3.5627999999523468,0.7025000000000432,0.9663999999761472,0.5,4.068300000071531,0.46649999999999636,0.9641000000237909,0.53189999997619,2.067699999928493,1.3686000000238323,1.2302000000476596,1.5340999999046403,6.601999999999975,0.4991000000238728,0.7669999999999959]","[4.766600000023857,0.6042000000476833,2.6325999999046417,1.8332000000476683,0.7667000000476492,4.034899999976176,1.470400000095367,1.1683999999761454,3.5627999999523468,0.7026000000238923,0.9664999999999964,0.5001000000238491,4.0683999999761795,0.46649999999999636,0.9641000000237909,0.53189999997619,2.067699999928493,1.36879999995233,1.2302000000476596,1.5340999999046403,6.601999999999975,0.4992000000477219,0.7669999999999959]",0.029887153,14.2384,0.0,2.0,2.0,115.0,1.0,oor,goor,question_gesture.png,im_hand.png,,,,,,
,,,840072,1,21,2023-09-15_12h14.55.882,flesh_expressibility_dutch,2022.2.4,MacIntel,30.00120005,,,,19.0,2.0,Nederlands,,,,,,Engels,2.0,Frans,1.0,,0.0,,0.0,,0.0,,0.0,,0.0,,0.0,NL,6.0,2.0,2.0,5.0,,sensorypref1,sensorypref2,1440.0,900.0,,,,,,,,,,,,,,,,,,,,,,,,,,,,,,,,,,,13.0,417.5422,24.0,"[4.766600000023857,0.6041000000238341,2.63250000000005,1.8332000000476683,0.7667000000476492,4.034799999952327,1.470400000095367,1.1683999999761454,3.5627999999523468,0.7025000000000432,0.9663999999761472,0.5,4.068300000071531,0.46649999999999636,0.9641000000237909,0.53189999997619,2.067699999928493,1.3686000000238323,1.2302000000476596,1.5340999999046403,6.601999999999975,0.4991000000238728,0.7669999999999959,2.6340000000000146]","[4.766600000023857,0.6042000000476833,2.6325999999046417,1.8332000000476683,0.7667000000476492,4.034899999976176,1.470400000095367,1.1683999999761454,3.5627999999523468,0.7026000000238923,0.9664999999999964,0.5001000000238491,4.0683999999761795,0.46649999999999636,0.9641000000237909,0.53189999997619,2.067699999928493,1.36879999995233,1.2302000000476596,1.5340999999046403,6.601999999999975,0.4992000000477219,0.7669999999999959,2.6341000000238637]",0.6765625,4.9283,0.0,3.0,3.0,202.0,1.0,vlinder,gvlinder,question_gesture.png,im_hand.png,,,,,,
,,,840072,1,21,2023-09-15_12h14.55.882,flesh_expressibility_dutch,2022.2.4,MacIntel,30.00120005,,,,19.0,2.0,Nederlands,,,,,,Engels,2.0,Frans,1.0,,0.0,,0.0,,0.0,,0.0,,0.0,,0.0,NL,6.0,2.0,2.0,5.0,,sensorypref1,sensorypref2,1440.0,900.0,,,,,,,,,,,,,,,,,,,,,,,,,,,,,,,,,,,16.0,425.1911,25.0,"[4.766600000023857,0.6041000000238341,2.63250000000005,1.8332000000476683,0.7667000000476492,4.034799999952327,1.470400000095367,1.1683999999761454,3.5627999999523468,0.7025000000000432,0.9663999999761472,0.5,4.068300000071531,0.46649999999999636,0.9641000000237909,0.53189999997619,2.067699999928493,1.3686000000238323,1.2302000000476596,1.5340999999046403,6.601999999999975,0.4991000000238728,0.7669999999999959,2.6340000000000146,4.534100000023841]","[4.766600000023857,0.6042000000476833,2.6325999999046417,1.8332000000476683,0.7667000000476492,4.034899999976176,1.470400000095367,1.1683999999761454,3.5627999999523468,0.7026000000238923,0.9664999999999964,0.5001000000238491,4.0683999999761795,0.46649999999999636,0.9641000000237909,0.53189999997619,2.067699999928493,1.36879999995233,1.2302000000476596,1.5340999999046403,6.601999999999975,0.4992000000477219,0.7669999999999959,2.6341000000238637,4.534100000023841]",-0.481215278,3.9185,0.0,4.0,4.0,181.0,1.0,ik,gik,question_gesture.png,im_hand.png,,,,,,
,,,840072,1,21,2023-09-15_12h14.55.882,flesh_expressibility_dutch,2022.2.4,MacIntel,30.00120005,,,,19.0,2.0,Nederlands,,,,,,Engels,2.0,Frans,1.0,,0.0,,0.0,,0.0,,0.0,,0.0,,0.0,NL,6.0,2.0,2.0,5.0,,sensorypref1,sensorypref2,1440.0,900.0,,,,,,,,,,,,,,,,,,,,,,,,,,,,,,,,,,,18.0,433.5628,26.0,"[4.766600000023857,0.6041000000238341,2.63250000000005,1.8332000000476683,0.7667000000476492,4.034799999952327,1.470400000095367,1.1683999999761454,3.5627999999523468,0.7025000000000432,0.9663999999761472,0.5,4.068300000071531,0.46649999999999636,0.9641000000237909,0.53189999997619,2.067699999928493,1.3686000000238323,1.2302000000476596,1.5340999999046403,6.601999999999975,0.4991000000238728,0.7669999999999959,2.6340000000000146,4.534100000023841,2.3289000000953592]","[4.766600000023857,0.6042000000476833,2.6325999999046417,1.8332000000476683,0.7667000000476492,4.034899999976176,1.470400000095367,1.1683999999761454,3.5627999999523468,0.7026000000238923,0.9664999999999964,0.5001000000238491,4.0683999999761795,0.46649999999999636,0.9641000000237909,0.53189999997619,2.067699999928493,1.36879999995233,1.2302000000476596,1.5340999999046403,6.601999999999975,0.4992000000477219,0.7669999999999959,2.6341000000238637,4.534100000023841,2.3290000000000077]",-0.357838542,5.8192,0.0,5.0,5.0,199.0,1.0,nacht,gnacht,question_gesture.png,im_hand.png,,,,,,
,,,840072,1,21,2023-09-15_12h14.55.882,flesh_expressibility_dutch,2022.2.4,MacIntel,30.00120005,,,,19.0,2.0,Nederlands,,,,,,Engels,2.0,Frans,1.0,,0.0,,0.0,,0.0,,0.0,,0.0,,0.0,NL,6.0,2.0,2.0,5.0,,sensorypref1,sensorypref2,1440.0,900.0,,,,,,,,,,,,,,,,,,,,,,,,,,,,,,,,,,,9.0,440.3428,27.0,"[4.766600000023857,0.6041000000238341,2.63250000000005,1.8332000000476683,0.7667000000476492,4.034799999952327,1.470400000095367,1.1683999999761454,3.5627999999523468,0.7025000000000432,0.9663999999761472,0.5,4.068300000071531,0.46649999999999636,0.9641000000237909,0.53189999997619,2.067699999928493,1.3686000000238323,1.2302000000476596,1.5340999999046403,6.601999999999975,0.4991000000238728,0.7669999999999959,2.6340000000000146,4.534100000023841,2.3289000000953592,0.6675000000000182]","[4.766600000023857,0.6042000000476833,2.6325999999046417,1.8332000000476683,0.7667000000476492,4.034899999976176,1.470400000095367,1.1683999999761454,3.5627999999523468,0.7026000000238923,0.9664999999999964,0.5001000000238491,4.0683999999761795,0.46649999999999636,0.9641000000237909,0.53189999997619,2.067699999928493,1.36879999995233,1.2302000000476596,1.5340999999046403,6.601999999999975,0.4992000000477219,0.7669999999999959,2.6341000000238637,4.534100000023841,2.3290000000000077,0.6675999999046667]",-0.464348958,3.7906,0.0,6.0,6.0,29.0,1.0,ziek,gziek,question_gesture.png,im_hand.png,,,,,,
,,,840072,1,21,2023-09-15_12h14.55.882,flesh_expressibility_dutch,2022.2.4,MacIntel,30.00120005,,,,19.0,2.0,Nederlands,,,,,,Engels,2.0,Frans,1.0,,0.0,,0.0,,0.0,,0.0,,0.0,,0.0,NL,6.0,2.0,2.0,5.0,,sensorypref1,sensorypref2,1440.0,900.0,,,,,,,,,,,,,,,,,,,,,,,,,,,,,,,,,,,18.0,444.7514,28.0,"[4.766600000023857,0.6041000000238341,2.63250000000005,1.8332000000476683,0.7667000000476492,4.034799999952327,1.470400000095367,1.1683999999761454,3.5627999999523468,0.7025000000000432,0.9663999999761472,0.5,4.068300000071531,0.46649999999999636,0.9641000000237909,0.53189999997619,2.067699999928493,1.3686000000238323,1.2302000000476596,1.5340999999046403,6.601999999999975,0.4991000000238728,0.7669999999999959,2.6340000000000146,4.534100000023841,2.3289000000953592,0.6675000000000182,0.9690999999046426]","[4.766600000023857,0.6042000000476833,2.6325999999046417,1.8332000000476683,0.7667000000476492,4.034899999976176,1.470400000095367,1.1683999999761454,3.5627999999523468,0.7026000000238923,0.9664999999999964,0.5001000000238491,4.0683999999761795,0.46649999999999636,0.9641000000237909,0.53189999997619,2.067699999928493,1.36879999995233,1.2302000000476596,1.5340999999046403,6.601999999999975,0.4992000000477219,0.7669999999999959,2.6341000000238637,4.534100000023841,2.3290000000000077,0.6675999999046667,0.9691999999284917]",-0.350581597,3.656,0.0,7.0,7.0,46.0,1.0,nat,gnat,question_gesture.png,im_hand.png,,,,,,
,,,840072,1,21,2023-09-15_12h14.55.882,flesh_expressibility_dutch,2022.2.4,MacIntel,30.00120005,,,,19.0,2.0,Nederlands,,,,,,Engels,2.0,Frans,1.0,,0.0,,0.0,,0.0,,0.0,,0.0,,0.0,NL,6.0,2.0,2.0,5.0,,sensorypref1,sensorypref2,1440.0,900.0,,,,,,,,,,,,,,,,,,,,,,,,,,,,,,,,,,,11.0,449.361,29.0,"[4.766600000023857,0.6041000000238341,2.63250000000005,1.8332000000476683,0.7667000000476492,4.034799999952327,1.470400000095367,1.1683999999761454,3.5627999999523468,0.7025000000000432,0.9663999999761472,0.5,4.068300000071531,0.46649999999999636,0.9641000000237909,0.53189999997619,2.067699999928493,1.3686000000238323,1.2302000000476596,1.5340999999046403,6.601999999999975,0.4991000000238728,0.7669999999999959,2.6340000000000146,4.534100000023841,2.3289000000953592,0.6675000000000182,0.9690999999046426,1.1661999999284944]","[4.766600000023857,0.6042000000476833,2.6325999999046417,1.8332000000476683,0.7667000000476492,4.034899999976176,1.470400000095367,1.1683999999761454,3.5627999999523468,0.7026000000238923,0.9664999999999964,0.5001000000238491,4.0683999999761795,0.46649999999999636,0.9641000000237909,0.53189999997619,2.067699999928493,1.36879999995233,1.2302000000476596,1.5340999999046403,6.601999999999975,0.4992000000477219,0.7669999999999959,2.6341000000238637,4.534100000023841,2.3290000000000077,0.6675999999046667,0.9691999999284917,1.1661999999284944]",0.222604167,6.4086,0.0,8.0,8.0,120.0,1.0,been,gbeen,question_gesture.png,im_hand.png,,,,,,
,,,840072,1,21,2023-09-15_12h14.55.882,flesh_expressibility_dutch,2022.2.4,MacIntel,30.00120005,,,,19.0,2.0,Nederlands,,,,,,Engels,2.0,Frans,1.0,,0.0,,0.0,,0.0,,0.0,,0.0,,0.0,NL,6.0,2.0,2.0,5.0,,sensorypref1,sensorypref2,1440.0,900.0,,,,,,,,,,,,,,,,,,,,,,,,,,,,,,,,,,,7.0,456.5257,30.0,"[4.766600000023857,0.6041000000238341,2.63250000000005,1.8332000000476683,0.7667000000476492,4.034799999952327,1.470400000095367,1.1683999999761454,3.5627999999523468,0.7025000000000432,0.9663999999761472,0.5,4.068300000071531,0.46649999999999636,0.9641000000237909,0.53189999997619,2.067699999928493,1.3686000000238323,1.2302000000476596,1.5340999999046403,6.601999999999975,0.4991000000238728,0.7669999999999959,2.6340000000000146,4.534100000023841,2.3289000000953592,0.6675000000000182,0.9690999999046426,1.1661999999284944,0.6328999999761891]","[4.766600000023857,0.6042000000476833,2.6325999999046417,1.8332000000476683,0.7667000000476492,4.034899999976176,1.470400000095367,1.1683999999761454,3.5627999999523468,0.7026000000238923,0.9664999999999964,0.5001000000238491,4.0683999999761795,0.46649999999999636,0.9641000000237909,0.53189999997619,2.067699999928493,1.36879999995233,1.2302000000476596,1.5340999999046403,6.601999999999975,0.4992000000477219,0.7669999999999959,2.6341000000238637,4.534100000023841,2.3290000000000077,0.6675999999046667,0.9691999999284917,1.1661999999284944,0.6328999999761891]",0.46625,6.9543,0.0,9.0,9.0,174.0,1.0,staart,gstaart,question_gesture.png,im_hand.png,,,,,,
,,,840072,1,21,2023-09-15_12h14.55.882,flesh_expressibility_dutch,2022.2.4,MacIntel,30.00120005,,,,19.0,2.0,Nederlands,,,,,,Engels,2.0,Frans,1.0,,0.0,,0.0,,0.0,,0.0,,0.0,,0.0,NL,6.0,2.0,2.0,5.0,,sensorypref1,sensorypref2,1440.0,900.0,,,,,,,,,,,,,,,,,,,,,,,,,,,,,,,,,,,11.0,464.0537,31.0,"[4.766600000023857,0.6041000000238341,2.63250000000005,1.8332000000476683,0.7667000000476492,4.034799999952327,1.470400000095367,1.1683999999761454,3.5627999999523468,0.7025000000000432,0.9663999999761472,0.5,4.068300000071531,0.46649999999999636,0.9641000000237909,0.53189999997619,2.067699999928493,1.3686000000238323,1.2302000000476596,1.5340999999046403,6.601999999999975,0.4991000000238728,0.7669999999999959,2.6340000000000146,4.534100000023841,2.3289000000953592,0.6675000000000182,0.9690999999046426,1.1661999999284944,0.6328999999761891,0.6007000000476523]","[4.766600000023857,0.6042000000476833,2.6325999999046417,1.8332000000476683,0.7667000000476492,4.034899999976176,1.470400000095367,1.1683999999761454,3.5627999999523468,0.7026000000238923,0.9664999999999964,0.5001000000238491,4.0683999999761795,0.46649999999999636,0.9641000000237909,0.53189999997619,2.067699999928493,1.36879999995233,1.2302000000476596,1.5340999999046403,6.601999999999975,0.4992000000477219,0.7669999999999959,2.6341000000238637,4.534100000023841,2.3290000000000077,0.6675999999046667,0.9691999999284917,1.1661999999284944,0.6328999999761891,0.6007000000476523]",0.87609375,2.117,0.0,10.0,10.0,47.0,1.0,kruipen,gkruipen,question_gesture.png,im_hand.png,,,,,,
,,,840072,1,21,2023-09-15_12h14.55.882,flesh_expressibility_dutch,2022.2.4,MacIntel,30.00120005,,,,19.0,2.0,Nederlands,,,,,,Engels,2.0,Frans,1.0,,0.0,,0.0,,0.0,,0.0,,0.0,,0.0,NL,6.0,2.0,2.0,5.0,,sensorypref1,sensorypref2,1440.0,900.0,,,,,,,,,,,,,,,,,,,,,,,,,,,,,,,,,,,13.0,466.7762,32.0,"[4.766600000023857,0.6041000000238341,2.63250000000005,1.8332000000476683,0.7667000000476492,4.034799999952327,1.470400000095367,1.1683999999761454,3.5627999999523468,0.7025000000000432,0.9663999999761472,0.5,4.068300000071531,0.46649999999999636,0.9641000000237909,0.53189999997619,2.067699999928493,1.3686000000238323,1.2302000000476596,1.5340999999046403,6.601999999999975,0.4991000000238728,0.7669999999999959,2.6340000000000146,4.534100000023841,2.3289000000953592,0.6675000000000182,0.9690999999046426,1.1661999999284944,0.6328999999761891,0.6007000000476523,2.900199999928475]","[4.766600000023857,0.6042000000476833,2.6325999999046417,1.8332000000476683,0.7667000000476492,4.034899999976176,1.470400000095367,1.1683999999761454,3.5627999999523468,0.7026000000238923,0.9664999999999964,0.5001000000238491,4.0683999999761795,0.46649999999999636,0.9641000000237909,0.53189999997619,2.067699999928493,1.36879999995233,1.2302000000476596,1.5340999999046403,6.601999999999975,0.4992000000477219,0.7669999999999959,2.6341000000238637,4.534100000023841,2.3290000000000077,0.6675999999046667,0.9691999999284917,1.1661999999284944,0.6328999999761891,0.6007000000476523,2.900199999928475]",-0.218576389,6.4215,0.0,11.0,11.0,179.0,1.0,zij,gzij,question_gesture.png,im_hand.png,,,,,,
,,,840072,1,21,2023-09-15_12h14.55.882,flesh_expressibility_dutch,2022.2.4,MacIntel,30.00120005,,,,19.0,2.0,Nederlands,,,,,,Engels,2.0,Frans,1.0,,0.0,,0.0,,0.0,,0.0,,0.0,,0.0,NL,6.0,2.0,2.0,5.0,,sensorypref1,sensorypref2,1440.0,900.0,,,,,,,,,,,,,,,,,,,,,,,,,,,,,,,,,,,8.0,473.6539,33.0,"[4.766600000023857,0.6041000000238341,2.63250000000005,1.8332000000476683,0.7667000000476492,4.034799999952327,1.470400000095367,1.1683999999761454,3.5627999999523468,0.7025000000000432,0.9663999999761472,0.5,4.068300000071531,0.46649999999999636,0.9641000000237909,0.53189999997619,2.067699999928493,1.3686000000238323,1.2302000000476596,1.5340999999046403,6.601999999999975,0.4991000000238728,0.7669999999999959,2.6340000000000146,4.534100000023841,2.3289000000953592,0.6675000000000182,0.9690999999046426,1.1661999999284944,0.6328999999761891,0.6007000000476523,2.900199999928475,4.567199999928448]","[4.766600000023857,0.6042000000476833,2.6325999999046417,1.8332000000476683,0.7667000000476492,4.034899999976176,1.470400000095367,1.1683999999761454,3.5627999999523468,0.7026000000238923,0.9664999999999964,0.5001000000238491,4.0683999999761795,0.46649999999999636,0.9641000000237909,0.53189999997619,2.067699999928493,1.36879999995233,1.2302000000476596,1.5340999999046403,6.601999999999975,0.4992000000477219,0.7669999999999959,2.6341000000238637,4.534100000023841,2.3290000000000077,0.6675999999046667,0.9691999999284917,1.1661999999284944,0.6328999999761891,0.6007000000476523,2.900199999928475,4.567199999928448]",-0.055138889,7.5528,0.0,12.0,12.0,178.0,1.0,hij,ghij,question_gesture.png,im_hand.png,,,,,,
,,,840072,1,21,2023-09-15_12h14.55.882,flesh_expressibility_dutch,2022.2.4,MacIntel,30.00120005,,,,19.0,2.0,Nederlands,,,,,,Engels,2.0,Frans,1.0,,0.0,,0.0,,0.0,,0.0,,0.0,,0.0,NL,6.0,2.0,2.0,5.0,,sensorypref1,sensorypref2,1440.0,900.0,,,,,,,,,,,,,,,,,,,,,,,,,,,,,,,,,,,14.0,481.8225,34.0,"[4.766600000023857,0.6041000000238341,2.63250000000005,1.8332000000476683,0.7667000000476492,4.034799999952327,1.470400000095367,1.1683999999761454,3.5627999999523468,0.7025000000000432,0.9663999999761472,0.5,4.068300000071531,0.46649999999999636,0.9641000000237909,0.53189999997619,2.067699999928493,1.3686000000238323,1.2302000000476596,1.5340999999046403,6.601999999999975,0.4991000000238728,0.7669999999999959,2.6340000000000146,4.534100000023841,2.3289000000953592,0.6675000000000182,0.9690999999046426,1.1661999999284944,0.6328999999761891,0.6007000000476523,2.900199999928475,4.567199999928448,2.534300000071539]","[4.766600000023857,0.6042000000476833,2.6325999999046417,1.8332000000476683,0.7667000000476492,4.034899999976176,1.470400000095367,1.1683999999761454,3.5627999999523468,0.7026000000238923,0.9664999999999964,0.5001000000238491,4.0683999999761795,0.46649999999999636,0.9641000000237909,0.53189999997619,2.067699999928493,1.36879999995233,1.2302000000476596,1.5340999999046403,6.601999999999975,0.4992000000477219,0.7669999999999959,2.6341000000238637,4.534100000023841,2.3290000000000077,0.6675999999046667,0.9691999999284917,1.1661999999284944,0.6328999999761891,0.6007000000476523,2.900199999928475,4.567199999928448,2.5343999999761877]",-0.185503472,5.0545,0.0,13.0,13.0,10.0,1.0,strak,gstrak,question_gesture.png,im_hand.png,,,,,,
,,,840072,1,21,2023-09-15_12h14.55.882,flesh_expressibility_dutch,2022.2.4,MacIntel,30.00120005,,,,19.0,2.0,Nederlands,,,,,,Engels,2.0,Frans,1.0,,0.0,,0.0,,0.0,,0.0,,0.0,,0.0,NL,6.0,2.0,2.0,5.0,,sensorypref1,sensorypref2,1440.0,900.0,,,,,,,,,,,,,,,,,,,,,,,,,,,,,,,,,,,16.0,487.7472,35.0,"[4.766600000023857,0.6041000000238341,2.63250000000005,1.8332000000476683,0.7667000000476492,4.034799999952327,1.470400000095367,1.1683999999761454,3.5627999999523468,0.7025000000000432,0.9663999999761472,0.5,4.068300000071531,0.46649999999999636,0.9641000000237909,0.53189999997619,2.067699999928493,1.3686000000238323,1.2302000000476596,1.5340999999046403,6.601999999999975,0.4991000000238728,0.7669999999999959,2.6340000000000146,4.534100000023841,2.3289000000953592,0.6675000000000182,0.9690999999046426,1.1661999999284944,0.6328999999761891,0.6007000000476523,2.900199999928475,4.567199999928448,2.534300000071539,1.1666999999284258]","[4.766600000023857,0.6042000000476833,2.6325999999046417,1.8332000000476683,0.7667000000476492,4.034899999976176,1.470400000095367,1.1683999999761454,3.5627999999523468,0.7026000000238923,0.9664999999999964,0.5001000000238491,4.0683999999761795,0.46649999999999636,0.9641000000237909,0.53189999997619,2.067699999928493,1.36879999995233,1.2302000000476596,1.5340999999046403,6.601999999999975,0.4992000000477219,0.7669999999999959,2.6341000000238637,4.534100000023841,2.3290000000000077,0.6675999999046667,0.9691999999284917,1.1661999999284944,0.6328999999761891,0.6007000000476523,2.900199999928475,4.567199999928448,2.5343999999761877,1.1666999999284258]",0.258576389,6.418,0.0,14.0,14.0,21.0,1.0,heden,gheden,question_gesture.png,im_hand.png,,,,,,
,,,840072,1,21,2023-09-15_12h14.55.882,flesh_expressibility_dutch,2022.2.4,MacIntel,30.00120005,,,,19.0,2.0,Nederlands,,,,,,Engels,2.0,Frans,1.0,,0.0,,0.0,,0.0,,0.0,,0.0,,0.0,NL,6.0,2.0,2.0,5.0,,sensorypref1,sensorypref2,1440.0,900.0,,,,,,,,,,,,,,,,,,,,,,,,,,,,,,,,,,,13.0,494.5998,36.0,"[4.766600000023857,0.6041000000238341,2.63250000000005,1.8332000000476683,0.7667000000476492,4.034799999952327,1.470400000095367,1.1683999999761454,3.5627999999523468,0.7025000000000432,0.9663999999761472,0.5,4.068300000071531,0.46649999999999636,0.9641000000237909,0.53189999997619,2.067699999928493,1.3686000000238323,1.2302000000476596,1.5340999999046403,6.601999999999975,0.4991000000238728,0.7669999999999959,2.6340000000000146,4.534100000023841,2.3289000000953592,0.6675000000000182,0.9690999999046426,1.1661999999284944,0.6328999999761891,0.6007000000476523,2.900199999928475,4.567199999928448,2.534300000071539,1.1666999999284258,0.6636000000238482]","[4.766600000023857,0.6042000000476833,2.6325999999046417,1.8332000000476683,0.7667000000476492,4.034899999976176,1.470400000095367,1.1683999999761454,3.5627999999523468,0.7026000000238923,0.9664999999999964,0.5001000000238491,4.0683999999761795,0.46649999999999636,0.9641000000237909,0.53189999997619,2.067699999928493,1.36879999995233,1.2302000000476596,1.5340999999046403,6.601999999999975,0.4992000000477219,0.7669999999999959,2.6341000000238637,4.534100000023841,2.3290000000000077,0.6675999999046667,0.9691999999284917,1.1661999999284944,0.6328999999761891,0.6007000000476523,2.900199999928475,4.567199999928448,2.5343999999761877,1.1666999999284258,0.6637000000476405]",0.658359375,2.5693,0.0,15.0,15.0,152.0,1.0,eten,geten,question_gesture.png,im_hand.png,,,,,,
,,,840072,1,21,2023-09-15_12h14.55.882,flesh_expressibility_dutch,2022.2.4,MacIntel,30.00120005,,,,19.0,2.0,Nederlands,,,,,,Engels,2.0,Frans,1.0,,0.0,,0.0,,0.0,,0.0,,0.0,,0.0,NL,6.0,2.0,2.0,5.0,,sensorypref1,sensorypref2,1440.0,900.0,,,,,,,,,,,,,,,,,,,,,,,,,,,,,,,,,,,14.0,497.7592,37.0,"[4.766600000023857,0.6041000000238341,2.63250000000005,1.8332000000476683,0.7667000000476492,4.034799999952327,1.470400000095367,1.1683999999761454,3.5627999999523468,0.7025000000000432,0.9663999999761472,0.5,4.068300000071531,0.46649999999999636,0.9641000000237909,0.53189999997619,2.067699999928493,1.3686000000238323,1.2302000000476596,1.5340999999046403,6.601999999999975,0.4991000000238728,0.7669999999999959,2.6340000000000146,4.534100000023841,2.3289000000953592,0.6675000000000182,0.9690999999046426,1.1661999999284944,0.6328999999761891,0.6007000000476523,2.900199999928475,4.567199999928448,2.534300000071539,1.1666999999284258,0.6636000000238482,0.4673999999761804]","[4.766600000023857,0.6042000000476833,2.6325999999046417,1.8332000000476683,0.7667000000476492,4.034899999976176,1.470400000095367,1.1683999999761454,3.5627999999523468,0.7026000000238923,0.9664999999999964,0.5001000000238491,4.0683999999761795,0.46649999999999636,0.9641000000237909,0.53189999997619,2.067699999928493,1.36879999995233,1.2302000000476596,1.5340999999046403,6.601999999999975,0.4992000000477219,0.7669999999999959,2.6341000000238637,4.534100000023841,2.3290000000000077,0.6675999999046667,0.9691999999284917,1.1661999999284944,0.6328999999761891,0.6007000000476523,2.900199999928475,4.567199999928448,2.5343999999761877,1.1666999999284258,0.6637000000476405,0.4673999999761804]",-0.278151042,3.6631,0.0,16.0,16.0,19.0,1.0,misschien,gmisschien,question_gesture.png,im_hand.png,,,,,,
,,,840072,1,21,2023-09-15_12h14.55.882,flesh_expressibility_dutch,2022.2.4,MacIntel,30.00120005,,,,19.0,2.0,Nederlands,,,,,,Engels,2.0,Frans,1.0,,0.0,,0.0,,0.0,,0.0,,0.0,,0.0,NL,6.0,2.0,2.0,5.0,,sensorypref1,sensorypref2,1440.0,900.0,,,,,,,,,,,,,,,,,,,,,,,,,,,,,,,,,,,9.0,501.8976,38.0,"[4.766600000023857,0.6041000000238341,2.63250000000005,1.8332000000476683,0.7667000000476492,4.034799999952327,1.470400000095367,1.1683999999761454,3.5627999999523468,0.7025000000000432,0.9663999999761472,0.5,4.068300000071531,0.46649999999999636,0.9641000000237909,0.53189999997619,2.067699999928493,1.3686000000238323,1.2302000000476596,1.5340999999046403,6.601999999999975,0.4991000000238728,0.7669999999999959,2.6340000000000146,4.534100000023841,2.3289000000953592,0.6675000000000182,0.9690999999046426,1.1661999999284944,0.6328999999761891,0.6007000000476523,2.900199999928475,4.567199999928448,2.534300000071539,1.1666999999284258,0.6636000000238482,0.4673999999761804,1.7316999999284803]","[4.766600000023857,0.6042000000476833,2.6325999999046417,1.8332000000476683,0.7667000000476492,4.034899999976176,1.470400000095367,1.1683999999761454,3.5627999999523468,0.7026000000238923,0.9664999999999964,0.5001000000238491,4.0683999999761795,0.46649999999999636,0.9641000000237909,0.53189999997619,2.067699999928493,1.36879999995233,1.2302000000476596,1.5340999999046403,6.601999999999975,0.4992000000477219,0.7669999999999959,2.6341000000238637,4.534100000023841,2.3290000000000077,0.6675999999046667,0.9691999999284917,1.1661999999284944,0.6328999999761891,0.6007000000476523,2.900199999928475,4.567199999928448,2.5343999999761877,1.1666999999284258,0.6637000000476405,0.4673999999761804,1.7316999999284803]",0.197057292,7.2192,0.0,17.0,17.0,121.0,1.0,voet,gvoet,question_gesture.png,im_hand.png,,,,,,
,,,840072,1,21,2023-09-15_12h14.55.882,flesh_expressibility_dutch,2022.2.4,MacIntel,30.00120005,,,,19.0,2.0,Nederlands,,,,,,Engels,2.0,Frans,1.0,,0.0,,0.0,,0.0,,0.0,,0.0,,0.0,NL,6.0,2.0,2.0,5.0,,sensorypref1,sensorypref2,1440.0,900.0,,,,,,,,,,,,,,,,,,,,,,,,,,,,,,,,,,,16.0,509.5962,39.0,"[4.766600000023857,0.6041000000238341,2.63250000000005,1.8332000000476683,0.7667000000476492,4.034799999952327,1.470400000095367,1.1683999999761454,3.5627999999523468,0.7025000000000432,0.9663999999761472,0.5,4.068300000071531,0.46649999999999636,0.9641000000237909,0.53189999997619,2.067699999928493,1.3686000000238323,1.2302000000476596,1.5340999999046403,6.601999999999975,0.4991000000238728,0.7669999999999959,2.6340000000000146,4.534100000023841,2.3289000000953592,0.6675000000000182,0.9690999999046426,1.1661999999284944,0.6328999999761891,0.6007000000476523,2.900199999928475,4.567199999928448,2.534300000071539,1.1666999999284258,0.6636000000238482,0.4673999999761804,1.7316999999284803,2.0996000000238837]","[4.766600000023857,0.6042000000476833,2.6325999999046417,1.8332000000476683,0.7667000000476492,4.034899999976176,1.470400000095367,1.1683999999761454,3.5627999999523468,0.7026000000238923,0.9664999999999964,0.5001000000238491,4.0683999999761795,0.46649999999999636,0.9641000000237909,0.53189999997619,2.067699999928493,1.36879999995233,1.2302000000476596,1.5340999999046403,6.601999999999975,0.4992000000477219,0.7669999999999959,2.6341000000238637,4.534100000023841,2.3290000000000077,0.6675999999046667,0.9691999999284917,1.1661999999284944,0.6328999999761891,0.6007000000476523,2.900199999928475,4.567199999928448,2.5343999999761877,1.1666999999284258,0.6637000000476405,0.4673999999761804,1.7316999999284803,2.0996000000238837]",0.037291667,3.887,0.0,18.0,18.0,81.0,1.0,vriend,gvriend,question_gesture.png,im_hand.png,,,,,,
,,,840072,1,21,2023-09-15_12h14.55.882,flesh_expressibility_dutch,2022.2.4,MacIntel,30.00120005,,,,19.0,2.0,Nederlands,,,,,,Engels,2.0,Frans,1.0,,0.0,,0.0,,0.0,,0.0,,0.0,,0.0,NL,6.0,2.0,2.0,5.0,,sensorypref1,sensorypref2,1440.0,900.0,,,,,,,,,,,,,,,,,,,,,,,,,,,,,,,,,,,13.0,514.2258,40.0,"[4.766600000023857,0.6041000000238341,2.63250000000005,1.8332000000476683,0.7667000000476492,4.034799999952327,1.470400000095367,1.1683999999761454,3.5627999999523468,0.7025000000000432,0.9663999999761472,0.5,4.068300000071531,0.46649999999999636,0.9641000000237909,0.53189999997619,2.067699999928493,1.3686000000238323,1.2302000000476596,1.5340999999046403,6.601999999999975,0.4991000000238728,0.7669999999999959,2.6340000000000146,4.534100000023841,2.3289000000953592,0.6675000000000182,0.9690999999046426,1.1661999999284944,0.6328999999761891,0.6007000000476523,2.900199999928475,4.567199999928448,2.534300000071539,1.1666999999284258,0.6636000000238482,0.4673999999761804,1.7316999999284803,2.0996000000238837,0.9333000000714264]","[4.766600000023857,0.6042000000476833,2.6325999999046417,1.8332000000476683,0.7667000000476492,4.034899999976176,1.470400000095367,1.1683999999761454,3.5627999999523468,0.7026000000238923,0.9664999999999964,0.5001000000238491,4.0683999999761795,0.46649999999999636,0.9641000000237909,0.53189999997619,2.067699999928493,1.36879999995233,1.2302000000476596,1.5340999999046403,6.601999999999975,0.4992000000477219,0.7669999999999959,2.6341000000238637,4.534100000023841,2.3290000000000077,0.6675999999046667,0.9691999999284917,1.1661999999284944,0.6328999999761891,0.6007000000476523,2.900199999928475,4.567199999928448,2.5343999999761877,1.1666999999284258,0.6637000000476405,0.4673999999761804,1.7316999999284803,2.0996000000238837,0.9333000000714264]",0.502092014,2.81,0.0,19.0,19.0,82.0,1.0,beneden,gbeneden,question_gesture.png,im_hand.png,,,,,,
,,,840072,1,21,2023-09-15_12h14.55.882,flesh_expressibility_dutch,2022.2.4,MacIntel,30.00120005,,,,19.0,2.0,Nederlands,,,,,,Engels,2.0,Frans,1.0,,0.0,,0.0,,0.0,,0.0,,0.0,,0.0,NL,6.0,2.0,2.0,5.0,,sensorypref1,sensorypref2,1440.0,900.0,,,,,,,,,,,,,,,,,,,,,,,,,,,,,3.0,"[223.43689999997616,377.93919999992846,531.1722999999523]","[223.43699999999998,377.93919999992846,531.1722999999523]",3.0,"[226.50129999995232,381.10249999999996,533.1025999999046]","[226.50129999995232,381.10249999999996,533.1026999999284]",6.0,534.5577,41.0,"[4.766600000023857,0.6041000000238341,2.63250000000005,1.8332000000476683,0.7667000000476492,4.034799999952327,1.470400000095367,1.1683999999761454,3.5627999999523468,0.7025000000000432,0.9663999999761472,0.5,4.068300000071531,0.46649999999999636,0.9641000000237909,0.53189999997619,2.067699999928493,1.3686000000238323,1.2302000000476596,1.5340999999046403,6.601999999999975,0.4991000000238728,0.7669999999999959,2.6340000000000146,4.534100000023841,2.3289000000953592,0.6675000000000182,0.9690999999046426,1.1661999999284944,0.6328999999761891,0.6007000000476523,2.900199999928475,4.567199999928448,2.534300000071539,1.1666999999284258,0.6636000000238482,0.4673999999761804,1.7316999999284803,2.0996000000238837,0.9333000000714264,3.5340999999045835]","[4.766600000023857,0.6042000000476833,2.6325999999046417,1.8332000000476683,0.7667000000476492,4.034899999976176,1.470400000095367,1.1683999999761454,3.5627999999523468,0.7026000000238923,0.9664999999999964,0.5001000000238491,4.0683999999761795,0.46649999999999636,0.9641000000237909,0.53189999997619,2.067699999928493,1.36879999995233,1.2302000000476596,1.5340999999046403,6.601999999999975,0.4992000000477219,0.7669999999999959,2.6341000000238637,4.534100000023841,2.3290000000000077,0.6675999999046667,0.9691999999284917,1.1661999999284944,0.6328999999761891,0.6007000000476523,2.900199999928475,4.567199999928448,2.5343999999761877,1.1666999999284258,0.6637000000476405,0.4673999999761804,1.7316999999284803,2.0996000000238837,0.9333000000714264,3.5341999999284326]",-0.939392361,5.6718,0.0,0.0,0.0,168.0,1.0,schaduw,vschaduw,question_vocal.png,im_mouth.png,,,,,,
,,,840072,1,21,2023-09-15_12h14.55.882,flesh_expressibility_dutch,2022.2.4,MacIntel,30.00120005,,,,19.0,2.0,Nederlands,,,,,,Engels,2.0,Frans,1.0,,0.0,,0.0,,0.0,,0.0,,0.0,,0.0,NL,6.0,2.0,2.0,5.0,,sensorypref1,sensorypref2,1440.0,900.0,,,,,,,,,,,,,,,,,,,,,,,,,,,,,,,,,,,16.0,541.4481,42.0,"[4.766600000023857,0.6041000000238341,2.63250000000005,1.8332000000476683,0.7667000000476492,4.034799999952327,1.470400000095367,1.1683999999761454,3.5627999999523468,0.7025000000000432,0.9663999999761472,0.5,4.068300000071531,0.46649999999999636,0.9641000000237909,0.53189999997619,2.067699999928493,1.3686000000238323,1.2302000000476596,1.5340999999046403,6.601999999999975,0.4991000000238728,0.7669999999999959,2.6340000000000146,4.534100000023841,2.3289000000953592,0.6675000000000182,0.9690999999046426,1.1661999999284944,0.6328999999761891,0.6007000000476523,2.900199999928475,4.567199999928448,2.534300000071539,1.1666999999284258,0.6636000000238482,0.4673999999761804,1.7316999999284803,2.0996000000238837,0.9333000000714264,3.5340999999045835,0.6368000000716165]","[4.766600000023857,0.6042000000476833,2.6325999999046417,1.8332000000476683,0.7667000000476492,4.034899999976176,1.470400000095367,1.1683999999761454,3.5627999999523468,0.7026000000238923,0.9664999999999964,0.5001000000238491,4.0683999999761795,0.46649999999999636,0.9641000000237909,0.53189999997619,2.067699999928493,1.36879999995233,1.2302000000476596,1.5340999999046403,6.601999999999975,0.4992000000477219,0.7669999999999959,2.6341000000238637,4.534100000023841,2.3290000000000077,0.6675999999046667,0.9691999999284917,1.1661999999284944,0.6328999999761891,0.6007000000476523,2.900199999928475,4.567199999928448,2.5343999999761877,1.1666999999284258,0.6637000000476405,0.4673999999761804,1.7316999999284803,2.0996000000238837,0.9333000000714264,3.5341999999284326,0.6368000000716165]",0.886223958,2.9635,0.0,1.0,1.0,149.0,1.0,blazen,vblazen,question_vocal.png,im_mouth.png,,,,,,
,,,840072,1,21,2023-09-15_12h14.55.882,flesh_expressibility_dutch,2022.2.4,MacIntel,30.00120005,,,,19.0,2.0,Nederlands,,,,,,Engels,2.0,Frans,1.0,,0.0,,0.0,,0.0,,0.0,,0.0,,0.0,NL,6.0,2.0,2.0,5.0,,sensorypref1,sensorypref2,1440.0,900.0,,,,,,,,,,,,,,,,,,,,,,,,,,,,,,,,,,,12.0,545.1039,43.0,"[4.766600000023857,0.6041000000238341,2.63250000000005,1.8332000000476683,0.7667000000476492,4.034799999952327,1.470400000095367,1.1683999999761454,3.5627999999523468,0.7025000000000432,0.9663999999761472,0.5,4.068300000071531,0.46649999999999636,0.9641000000237909,0.53189999997619,2.067699999928493,1.3686000000238323,1.2302000000476596,1.5340999999046403,6.601999999999975,0.4991000000238728,0.7669999999999959,2.6340000000000146,4.534100000023841,2.3289000000953592,0.6675000000000182,0.9690999999046426,1.1661999999284944,0.6328999999761891,0.6007000000476523,2.900199999928475,4.567199999928448,2.534300000071539,1.1666999999284258,0.6636000000238482,0.4673999999761804,1.7316999999284803,2.0996000000238837,0.9333000000714264,3.5340999999045835,0.6368000000716165,1.7351999999284544]","[4.766600000023857,0.6042000000476833,2.6325999999046417,1.8332000000476683,0.7667000000476492,4.034899999976176,1.470400000095367,1.1683999999761454,3.5627999999523468,0.7026000000238923,0.9664999999999964,0.5001000000238491,4.0683999999761795,0.46649999999999636,0.9641000000237909,0.53189999997619,2.067699999928493,1.36879999995233,1.2302000000476596,1.5340999999046403,6.601999999999975,0.4992000000477219,0.7669999999999959,2.6341000000238637,4.534100000023841,2.3290000000000077,0.6675999999046667,0.9691999999284917,1.1661999999284944,0.6328999999761891,0.6007000000476523,2.900199999928475,4.567199999928448,2.5343999999761877,1.1666999999284258,0.6637000000476405,0.4673999999761804,1.7316999999284803,2.0996000000238837,0.9333000000714264,3.5341999999284326,0.6368000000716165,1.7352999999523036]",0.456536458,6.6999,0.0,2.0,2.0,110.0,1.0,tand,vtand,question_vocal.png,im_mouth.png,,,,,,
,,,840072,1,21,2023-09-15_12h14.55.882,flesh_expressibility_dutch,2022.2.4,MacIntel,30.00120005,,,,19.0,2.0,Nederlands,,,,,,Engels,2.0,Frans,1.0,,0.0,,0.0,,0.0,,0.0,,0.0,,0.0,NL,6.0,2.0,2.0,5.0,,sensorypref1,sensorypref2,1440.0,900.0,,,,,,,,,,,,,,,,,,,,,,,,,,,,,,,,,,,16.0,552.9562,44.0,"[4.766600000023857,0.6041000000238341,2.63250000000005,1.8332000000476683,0.7667000000476492,4.034799999952327,1.470400000095367,1.1683999999761454,3.5627999999523468,0.7025000000000432,0.9663999999761472,0.5,4.068300000071531,0.46649999999999636,0.9641000000237909,0.53189999997619,2.067699999928493,1.3686000000238323,1.2302000000476596,1.5340999999046403,6.601999999999975,0.4991000000238728,0.7669999999999959,2.6340000000000146,4.534100000023841,2.3289000000953592,0.6675000000000182,0.9690999999046426,1.1661999999284944,0.6328999999761891,0.6007000000476523,2.900199999928475,4.567199999928448,2.534300000071539,1.1666999999284258,0.6636000000238482,0.4673999999761804,1.7316999999284803,2.0996000000238837,0.9333000000714264,3.5340999999045835,0.6368000000716165,1.7351999999284544,1.830799999952319]","[4.766600000023857,0.6042000000476833,2.6325999999046417,1.8332000000476683,0.7667000000476492,4.034899999976176,1.470400000095367,1.1683999999761454,3.5627999999523468,0.7026000000238923,0.9664999999999964,0.5001000000238491,4.0683999999761795,0.46649999999999636,0.9641000000237909,0.53189999997619,2.067699999928493,1.36879999995233,1.2302000000476596,1.5340999999046403,6.601999999999975,0.4992000000477219,0.7669999999999959,2.6341000000238637,4.534100000023841,2.3290000000000077,0.6675999999046667,0.9691999999284917,1.1661999999284944,0.6328999999761891,0.6007000000476523,2.900199999928475,4.567199999928448,2.5343999999761877,1.1666999999284258,0.6637000000476405,0.4673999999761804,1.7316999999284803,2.0996000000238837,0.9333000000714264,3.5341999999284326,0.6368000000716165,1.7352999999523036,1.8308999999761681]",-0.657890625,4.5558,0.0,3.0,3.0,163.0,1.0,zout,vzout,question_vocal.png,im_mouth.png,,,,,,
,,,840072,1,21,2023-09-15_12h14.55.882,flesh_expressibility_dutch,2022.2.4,MacIntel,30.00120005,,,,19.0,2.0,Nederlands,,,,,,Engels,2.0,Frans,1.0,,0.0,,0.0,,0.0,,0.0,,0.0,,0.0,NL,6.0,2.0,2.0,5.0,,sensorypref1,sensorypref2,1440.0,900.0,,,,,,,,,,,,,,,,,,,,,,,,,,,,,,,,,,,15.0,558.3146,45.0,"[4.766600000023857,0.6041000000238341,2.63250000000005,1.8332000000476683,0.7667000000476492,4.034799999952327,1.470400000095367,1.1683999999761454,3.5627999999523468,0.7025000000000432,0.9663999999761472,0.5,4.068300000071531,0.46649999999999636,0.9641000000237909,0.53189999997619,2.067699999928493,1.3686000000238323,1.2302000000476596,1.5340999999046403,6.601999999999975,0.4991000000238728,0.7669999999999959,2.6340000000000146,4.534100000023841,2.3289000000953592,0.6675000000000182,0.9690999999046426,1.1661999999284944,0.6328999999761891,0.6007000000476523,2.900199999928475,4.567199999928448,2.534300000071539,1.1666999999284258,0.6636000000238482,0.4673999999761804,1.7316999999284803,2.0996000000238837,0.9333000000714264,3.5340999999045835,0.6368000000716165,1.7351999999284544,1.830799999952319,0.6662000000477519]","[4.766600000023857,0.6042000000476833,2.6325999999046417,1.8332000000476683,0.7667000000476492,4.034899999976176,1.470400000095367,1.1683999999761454,3.5627999999523468,0.7026000000238923,0.9664999999999964,0.5001000000238491,4.0683999999761795,0.46649999999999636,0.9641000000237909,0.53189999997619,2.067699999928493,1.36879999995233,1.2302000000476596,1.5340999999046403,6.601999999999975,0.4992000000477219,0.7669999999999959,2.6341000000238637,4.534100000023841,2.3290000000000077,0.6675999999046667,0.9691999999284917,1.1661999999284944,0.6328999999761891,0.6007000000476523,2.900199999928475,4.567199999928448,2.5343999999761877,1.1666999999284258,0.6637000000476405,0.4673999999761804,1.7316999999284803,2.0996000000238837,0.9333000000714264,3.5341999999284326,0.6368000000716165,1.7352999999523036,1.8308999999761681,0.6662000000477519]",-0.699652778,3.6395,0.0,4.0,4.0,122.0,1.0,lever,vlever,question_vocal.png,im_mouth.png,,,,,,
,,,840072,1,21,2023-09-15_12h14.55.882,flesh_expressibility_dutch,2022.2.4,MacIntel,30.00120005,,,,19.0,2.0,Nederlands,,,,,,Engels,2.0,Frans,1.0,,0.0,,0.0,,0.0,,0.0,,0.0,,0.0,NL,6.0,2.0,2.0,5.0,,sensorypref1,sensorypref2,1440.0,900.0,,,,,,,,,,,,,,,,,,,,,,,,,,,,,,,,,,,14.0,562.5288,46.0,"[4.766600000023857,0.6041000000238341,2.63250000000005,1.8332000000476683,0.7667000000476492,4.034799999952327,1.470400000095367,1.1683999999761454,3.5627999999523468,0.7025000000000432,0.9663999999761472,0.5,4.068300000071531,0.46649999999999636,0.9641000000237909,0.53189999997619,2.067699999928493,1.3686000000238323,1.2302000000476596,1.5340999999046403,6.601999999999975,0.4991000000238728,0.7669999999999959,2.6340000000000146,4.534100000023841,2.3289000000953592,0.6675000000000182,0.9690999999046426,1.1661999999284944,0.6328999999761891,0.6007000000476523,2.900199999928475,4.567199999928448,2.534300000071539,1.1666999999284258,0.6636000000238482,0.4673999999761804,1.7316999999284803,2.0996000000238837,0.9333000000714264,3.5340999999045835,0.6368000000716165,1.7351999999284544,1.830799999952319,0.6662000000477519,0.6006999999284517]","[4.766600000023857,0.6042000000476833,2.6325999999046417,1.8332000000476683,0.7667000000476492,4.034899999976176,1.470400000095367,1.1683999999761454,3.5627999999523468,0.7026000000238923,0.9664999999999964,0.5001000000238491,4.0683999999761795,0.46649999999999636,0.9641000000237909,0.53189999997619,2.067699999928493,1.36879999995233,1.2302000000476596,1.5340999999046403,6.601999999999975,0.4992000000477219,0.7669999999999959,2.6341000000238637,4.534100000023841,2.3290000000000077,0.6675999999046667,0.9691999999284917,1.1661999999284944,0.6328999999761891,0.6007000000476523,2.900199999928475,4.567199999928448,2.5343999999761877,1.1666999999284258,0.6637000000476405,0.4673999999761804,1.7316999999284803,2.0996000000238837,0.9333000000714264,3.5341999999284326,0.6368000000716165,1.7352999999523036,1.8308999999761681,0.6662000000477519,0.6007999999523008]",-0.218706597,3.1382,0.0,5.0,5.0,142.0,1.0,verbrijzelen,vverbrijzelen,question_vocal.png,im_mouth.png,,,,,,
,,,840072,1,21,2023-09-15_12h14.55.882,flesh_expressibility_dutch,2022.2.4,MacIntel,30.00120005,,,,19.0,2.0,Nederlands,,,,,,Engels,2.0,Frans,1.0,,0.0,,0.0,,0.0,,0.0,,0.0,,0.0,NL,6.0,2.0,2.0,5.0,,sensorypref1,sensorypref2,1440.0,900.0,,,,,,,,,,,,,,,,,,,,,,,,,,,,,,,,,,,8.0,566.404,47.0,"[4.766600000023857,0.6041000000238341,2.63250000000005,1.8332000000476683,0.7667000000476492,4.034799999952327,1.470400000095367,1.1683999999761454,3.5627999999523468,0.7025000000000432,0.9663999999761472,0.5,4.068300000071531,0.46649999999999636,0.9641000000237909,0.53189999997619,2.067699999928493,1.3686000000238323,1.2302000000476596,1.5340999999046403,6.601999999999975,0.4991000000238728,0.7669999999999959,2.6340000000000146,4.534100000023841,2.3289000000953592,0.6675000000000182,0.9690999999046426,1.1661999999284944,0.6328999999761891,0.6007000000476523,2.900199999928475,4.567199999928448,2.534300000071539,1.1666999999284258,0.6636000000238482,0.4673999999761804,1.7316999999284803,2.0996000000238837,0.9333000000714264,3.5340999999045835,0.6368000000716165,1.7351999999284544,1.830799999952319,0.6662000000477519,0.6006999999284517,2.1345999999045944]","[4.766600000023857,0.6042000000476833,2.6325999999046417,1.8332000000476683,0.7667000000476492,4.034899999976176,1.470400000095367,1.1683999999761454,3.5627999999523468,0.7026000000238923,0.9664999999999964,0.5001000000238491,4.0683999999761795,0.46649999999999636,0.9641000000237909,0.53189999997619,2.067699999928493,1.36879999995233,1.2302000000476596,1.5340999999046403,6.601999999999975,0.4992000000477219,0.7669999999999959,2.6341000000238637,4.534100000023841,2.3290000000000077,0.6675999999046667,0.9691999999284917,1.1661999999284944,0.6328999999761891,0.6007000000476523,2.900199999928475,4.567199999928448,2.5343999999761877,1.1666999999284258,0.6637000000476405,0.4673999999761804,1.7316999999284803,2.0996000000238837,0.9333000000714264,3.5341999999284326,0.6368000000716165,1.7352999999523036,1.8308999999761681,0.6662000000477519,0.6007999999523008,2.1345999999045944]",-0.738081597,8.6542,0.0,6.0,6.0,70.0,1.0,aanraken,vaanraken,question_vocal.png,im_mouth.png,,,,,,
,,,840072,1,21,2023-09-15_12h14.55.882,flesh_expressibility_dutch,2022.2.4,MacIntel,30.00120005,,,,19.0,2.0,Nederlands,,,,,,Engels,2.0,Frans,1.0,,0.0,,0.0,,0.0,,0.0,,0.0,,0.0,NL,6.0,2.0,2.0,5.0,,sensorypref1,sensorypref2,1440.0,900.0,,,,,,,,,,,,,,,,,,,,,,,,,,,,,,,,,,,8.0,575.7869,48.0,"[4.766600000023857,0.6041000000238341,2.63250000000005,1.8332000000476683,0.7667000000476492,4.034799999952327,1.470400000095367,1.1683999999761454,3.5627999999523468,0.7025000000000432,0.9663999999761472,0.5,4.068300000071531,0.46649999999999636,0.9641000000237909,0.53189999997619,2.067699999928493,1.3686000000238323,1.2302000000476596,1.5340999999046403,6.601999999999975,0.4991000000238728,0.7669999999999959,2.6340000000000146,4.534100000023841,2.3289000000953592,0.6675000000000182,0.9690999999046426,1.1661999999284944,0.6328999999761891,0.6007000000476523,2.900199999928475,4.567199999928448,2.534300000071539,1.1666999999284258,0.6636000000238482,0.4673999999761804,1.7316999999284803,2.0996000000238837,0.9333000000714264,3.5340999999045835,0.6368000000716165,1.7351999999284544,1.830799999952319,0.6662000000477519,0.6006999999284517,2.1345999999045944,0.39829999995231447]","[4.766600000023857,0.6042000000476833,2.6325999999046417,1.8332000000476683,0.7667000000476492,4.034899999976176,1.470400000095367,1.1683999999761454,3.5627999999523468,0.7026000000238923,0.9664999999999964,0.5001000000238491,4.0683999999761795,0.46649999999999636,0.9641000000237909,0.53189999997619,2.067699999928493,1.36879999995233,1.2302000000476596,1.5340999999046403,6.601999999999975,0.4992000000477219,0.7669999999999959,2.6341000000238637,4.534100000023841,2.3290000000000077,0.6675999999046667,0.9691999999284917,1.1661999999284944,0.6328999999761891,0.6007000000476523,2.900199999928475,4.567199999928448,2.5343999999761877,1.1666999999284258,0.6637000000476405,0.4673999999761804,1.7316999999284803,2.0996000000238837,0.9333000000714264,3.5341999999284326,0.6368000000716165,1.7352999999523036,1.8308999999761681,0.6662000000477519,0.6007999999523008,2.1345999999045944,0.3983999999761636]",0.015,5.4275,0.0,7.0,7.0,51.0,1.0,lopen,vlopen,question_vocal.png,im_mouth.png,,,,,,
,,,840072,1,21,2023-09-15_12h14.55.882,flesh_expressibility_dutch,2022.2.4,MacIntel,30.00120005,,,,19.0,2.0,Nederlands,,,,,,Engels,2.0,Frans,1.0,,0.0,,0.0,,0.0,,0.0,,0.0,,0.0,NL,6.0,2.0,2.0,5.0,,sensorypref1,sensorypref2,1440.0,900.0,,,,,,,,,,,,,,,,,,,,,,,,,,,,,,,,,,,14.0,581.5864,49.0,"[4.766600000023857,0.6041000000238341,2.63250000000005,1.8332000000476683,0.7667000000476492,4.034799999952327,1.470400000095367,1.1683999999761454,3.5627999999523468,0.7025000000000432,0.9663999999761472,0.5,4.068300000071531,0.46649999999999636,0.9641000000237909,0.53189999997619,2.067699999928493,1.3686000000238323,1.2302000000476596,1.5340999999046403,6.601999999999975,0.4991000000238728,0.7669999999999959,2.6340000000000146,4.534100000023841,2.3289000000953592,0.6675000000000182,0.9690999999046426,1.1661999999284944,0.6328999999761891,0.6007000000476523,2.900199999928475,4.567199999928448,2.534300000071539,1.1666999999284258,0.6636000000238482,0.4673999999761804,1.7316999999284803,2.0996000000238837,0.9333000000714264,3.5340999999045835,0.6368000000716165,1.7351999999284544,1.830799999952319,0.6662000000477519,0.6006999999284517,2.1345999999045944,0.39829999995231447,0.7671000000239019]","[4.766600000023857,0.6042000000476833,2.6325999999046417,1.8332000000476683,0.7667000000476492,4.034899999976176,1.470400000095367,1.1683999999761454,3.5627999999523468,0.7026000000238923,0.9664999999999964,0.5001000000238491,4.0683999999761795,0.46649999999999636,0.9641000000237909,0.53189999997619,2.067699999928493,1.36879999995233,1.2302000000476596,1.5340999999046403,6.601999999999975,0.4992000000477219,0.7669999999999959,2.6341000000238637,4.534100000023841,2.3290000000000077,0.6675999999046667,0.9691999999284917,1.1661999999284944,0.6328999999761891,0.6007000000476523,2.900199999928475,4.567199999928448,2.5343999999761877,1.1666999999284258,0.6637000000476405,0.4673999999761804,1.7316999999284803,2.0996000000238837,0.9333000000714264,3.5341999999284326,0.6368000000716165,1.7352999999523036,1.8308999999761681,0.6662000000477519,0.6007999999523008,2.1345999999045944,0.3983999999761636,0.7671000000239019]",-0.214331597,3.557,0.0,8.0,8.0,115.0,1.0,oor,voor,question_vocal.png,im_mouth.png,,,,,,
,,,840072,1,21,2023-09-15_12h14.55.882,flesh_expressibility_dutch,2022.2.4,MacIntel,30.00120005,,,,19.0,2.0,Nederlands,,,,,,Engels,2.0,Frans,1.0,,0.0,,0.0,,0.0,,0.0,,0.0,,0.0,NL,6.0,2.0,2.0,5.0,,sensorypref1,sensorypref2,1440.0,900.0,,,,,,,,,,,,,,,,,,,,,,,,,,,,,,,,,,,11.0,585.9617,50.0,"[4.766600000023857,0.6041000000238341,2.63250000000005,1.8332000000476683,0.7667000000476492,4.034799999952327,1.470400000095367,1.1683999999761454,3.5627999999523468,0.7025000000000432,0.9663999999761472,0.5,4.068300000071531,0.46649999999999636,0.9641000000237909,0.53189999997619,2.067699999928493,1.3686000000238323,1.2302000000476596,1.5340999999046403,6.601999999999975,0.4991000000238728,0.7669999999999959,2.6340000000000146,4.534100000023841,2.3289000000953592,0.6675000000000182,0.9690999999046426,1.1661999999284944,0.6328999999761891,0.6007000000476523,2.900199999928475,4.567199999928448,2.534300000071539,1.1666999999284258,0.6636000000238482,0.4673999999761804,1.7316999999284803,2.0996000000238837,0.9333000000714264,3.5340999999045835,0.6368000000716165,1.7351999999284544,1.830799999952319,0.6662000000477519,0.6006999999284517,2.1345999999045944,0.39829999995231447,0.7671000000239019,9.697000000000003]","[4.766600000023857,0.6042000000476833,2.6325999999046417,1.8332000000476683,0.7667000000476492,4.034899999976176,1.470400000095367,1.1683999999761454,3.5627999999523468,0.7026000000238923,0.9664999999999964,0.5001000000238491,4.0683999999761795,0.46649999999999636,0.9641000000237909,0.53189999997619,2.067699999928493,1.36879999995233,1.2302000000476596,1.5340999999046403,6.601999999999975,0.4992000000477219,0.7669999999999959,2.6341000000238637,4.534100000023841,2.3290000000000077,0.6675999999046667,0.9691999999284917,1.1661999999284944,0.6328999999761891,0.6007000000476523,2.900199999928475,4.567199999928448,2.5343999999761877,1.1666999999284258,0.6637000000476405,0.4673999999761804,1.7316999999284803,2.0996000000238837,0.9333000000714264,3.5341999999284326,0.6368000000716165,1.7352999999523036,1.8308999999761681,0.6662000000477519,0.6007999999523008,2.1345999999045944,0.3983999999761636,0.7671000000239019,9.697100000023852]",-0.581145833,3.8432,0.0,9.0,9.0,16.0,1.0,alles,valles,question_vocal.png,im_mouth.png,,,,,,
,,,840072,1,21,2023-09-15_12h14.55.882,flesh_expressibility_dutch,2022.2.4,MacIntel,30.00120005,,,,19.0,2.0,Nederlands,,,,,,Engels,2.0,Frans,1.0,,0.0,,0.0,,0.0,,0.0,,0.0,,0.0,NL,6.0,2.0,2.0,5.0,,sensorypref1,sensorypref2,1440.0,900.0,,,,,,,,,,,,,,,,,,,,,,,,,,,,,,,,,,,10.0,599.4954,51.0,"[4.766600000023857,0.6041000000238341,2.63250000000005,1.8332000000476683,0.7667000000476492,4.034799999952327,1.470400000095367,1.1683999999761454,3.5627999999523468,0.7025000000000432,0.9663999999761472,0.5,4.068300000071531,0.46649999999999636,0.9641000000237909,0.53189999997619,2.067699999928493,1.3686000000238323,1.2302000000476596,1.5340999999046403,6.601999999999975,0.4991000000238728,0.7669999999999959,2.6340000000000146,4.534100000023841,2.3289000000953592,0.6675000000000182,0.9690999999046426,1.1661999999284944,0.6328999999761891,0.6007000000476523,2.900199999928475,4.567199999928448,2.534300000071539,1.1666999999284258,0.6636000000238482,0.4673999999761804,1.7316999999284803,2.0996000000238837,0.9333000000714264,3.5340999999045835,0.6368000000716165,1.7351999999284544,1.830799999952319,0.6662000000477519,0.6006999999284517,2.1345999999045944,0.39829999995231447,0.7671000000239019,9.697000000000003,1.53710000002377]","[4.766600000023857,0.6042000000476833,2.6325999999046417,1.8332000000476683,0.7667000000476492,4.034899999976176,1.470400000095367,1.1683999999761454,3.5627999999523468,0.7026000000238923,0.9664999999999964,0.5001000000238491,4.0683999999761795,0.46649999999999636,0.9641000000237909,0.53189999997619,2.067699999928493,1.36879999995233,1.2302000000476596,1.5340999999046403,6.601999999999975,0.4992000000477219,0.7669999999999959,2.6341000000238637,4.534100000023841,2.3290000000000077,0.6675999999046667,0.9691999999284917,1.1661999999284944,0.6328999999761891,0.6007000000476523,2.900199999928475,4.567199999928448,2.5343999999761877,1.1666999999284258,0.6637000000476405,0.4673999999761804,1.7316999999284803,2.0996000000238837,0.9333000000714264,3.5341999999284326,0.6368000000716165,1.7352999999523036,1.8308999999761681,0.6662000000477519,0.6007999999523008,2.1345999999045944,0.3983999999761636,0.7671000000239019,9.697100000023852,1.53710000002377]",-0.330451389,3.3957,0.0,10.0,10.0,164.0,1.0,zoet,vzoet,question_vocal.png,im_mouth.png,,,,,,
,,,840072,1,21,2023-09-15_12h14.55.882,flesh_expressibility_dutch,2022.2.4,MacIntel,30.00120005,,,,19.0,2.0,Nederlands,,,,,,Engels,2.0,Frans,1.0,,0.0,,0.0,,0.0,,0.0,,0.0,,0.0,NL,6.0,2.0,2.0,5.0,,sensorypref1,sensorypref2,1440.0,900.0,,,,,,,,,,,,,,,,,,,,,,,,,,,,,,,,,,,17.0,603.7838,52.0,"[4.766600000023857,0.6041000000238341,2.63250000000005,1.8332000000476683,0.7667000000476492,4.034799999952327,1.470400000095367,1.1683999999761454,3.5627999999523468,0.7025000000000432,0.9663999999761472,0.5,4.068300000071531,0.46649999999999636,0.9641000000237909,0.53189999997619,2.067699999928493,1.3686000000238323,1.2302000000476596,1.5340999999046403,6.601999999999975,0.4991000000238728,0.7669999999999959,2.6340000000000146,4.534100000023841,2.3289000000953592,0.6675000000000182,0.9690999999046426,1.1661999999284944,0.6328999999761891,0.6007000000476523,2.900199999928475,4.567199999928448,2.534300000071539,1.1666999999284258,0.6636000000238482,0.4673999999761804,1.7316999999284803,2.0996000000238837,0.9333000000714264,3.5340999999045835,0.6368000000716165,1.7351999999284544,1.830799999952319,0.6662000000477519,0.6006999999284517,2.1345999999045944,0.39829999995231447,0.7671000000239019,9.697000000000003,1.53710000002377,6.365000000000009]","[4.766600000023857,0.6042000000476833,2.6325999999046417,1.8332000000476683,0.7667000000476492,4.034899999976176,1.470400000095367,1.1683999999761454,3.5627999999523468,0.7026000000238923,0.9664999999999964,0.5001000000238491,4.0683999999761795,0.46649999999999636,0.9641000000237909,0.53189999997619,2.067699999928493,1.36879999995233,1.2302000000476596,1.5340999999046403,6.601999999999975,0.4992000000477219,0.7669999999999959,2.6341000000238637,4.534100000023841,2.3290000000000077,0.6675999999046667,0.9691999999284917,1.1661999999284944,0.6328999999761891,0.6007000000476523,2.900199999928475,4.567199999928448,2.5343999999761877,1.1666999999284258,0.6637000000476405,0.4673999999761804,1.7316999999284803,2.0996000000238837,0.9333000000714264,3.5341999999284326,0.6368000000716165,1.7352999999523036,1.8308999999761681,0.6662000000477519,0.6007999999523008,2.1345999999045944,0.3983999999761636,0.7671000000239019,9.697100000023852,1.53710000002377,6.365000000000009]",-0.370572917,5.5188,0.0,11.0,11.0,71.0,1.0,geur,vgeur,question_vocal.png,im_mouth.png,,,,,,
,,,840072,1,21,2023-09-15_12h14.55.882,flesh_expressibility_dutch,2022.2.4,MacIntel,30.00120005,,,,19.0,2.0,Nederlands,,,,,,Engels,2.0,Frans,1.0,,0.0,,0.0,,0.0,,0.0,,0.0,,0.0,NL,6.0,2.0,2.0,5.0,,sensorypref1,sensorypref2,1440.0,900.0,,,,,,,,,,,,,,,,,,,,,,,,,,,,,,,,,,,15.0,614.8388,53.0,"[4.766600000023857,0.6041000000238341,2.63250000000005,1.8332000000476683,0.7667000000476492,4.034799999952327,1.470400000095367,1.1683999999761454,3.5627999999523468,0.7025000000000432,0.9663999999761472,0.5,4.068300000071531,0.46649999999999636,0.9641000000237909,0.53189999997619,2.067699999928493,1.3686000000238323,1.2302000000476596,1.5340999999046403,6.601999999999975,0.4991000000238728,0.7669999999999959,2.6340000000000146,4.534100000023841,2.3289000000953592,0.6675000000000182,0.9690999999046426,1.1661999999284944,0.6328999999761891,0.6007000000476523,2.900199999928475,4.567199999928448,2.534300000071539,1.1666999999284258,0.6636000000238482,0.4673999999761804,1.7316999999284803,2.0996000000238837,0.9333000000714264,3.5340999999045835,0.6368000000716165,1.7351999999284544,1.830799999952319,0.6662000000477519,0.6006999999284517,2.1345999999045944,0.39829999995231447,0.7671000000239019,9.697000000000003,1.53710000002377,6.365000000000009,0.6313999999762245]","[4.766600000023857,0.6042000000476833,2.6325999999046417,1.8332000000476683,0.7667000000476492,4.034899999976176,1.470400000095367,1.1683999999761454,3.5627999999523468,0.7026000000238923,0.9664999999999964,0.5001000000238491,4.0683999999761795,0.46649999999999636,0.9641000000237909,0.53189999997619,2.067699999928493,1.36879999995233,1.2302000000476596,1.5340999999046403,6.601999999999975,0.4992000000477219,0.7669999999999959,2.6341000000238637,4.534100000023841,2.3290000000000077,0.6675999999046667,0.9691999999284917,1.1661999999284944,0.6328999999761891,0.6007000000476523,2.900199999928475,4.567199999928448,2.5343999999761877,1.1666999999284258,0.6637000000476405,0.4673999999761804,1.7316999999284803,2.0996000000238837,0.9333000000714264,3.5341999999284326,0.6368000000716165,1.7352999999523036,1.8308999999761681,0.6662000000477519,0.6007999999523008,2.1345999999045944,0.3983999999761636,0.7671000000239019,9.697100000023852,1.53710000002377,6.365000000000009,0.6315000000000737]",-0.647152778,3.0907,0.0,12.0,12.0,162.0,1.0,bitter,vbitter,question_vocal.png,im_mouth.png,,,,,,
,,,840072,1,21,2023-09-15_12h14.55.882,flesh_expressibility_dutch,2022.2.4,MacIntel,30.00120005,,,,19.0,2.0,Nederlands,,,,,,Engels,2.0,Frans,1.0,,0.0,,0.0,,0.0,,0.0,,0.0,,0.0,NL,6.0,2.0,2.0,5.0,,sensorypref1,sensorypref2,1440.0,900.0,,,,,,,,,,,,,,,,,,,,,,,,,,,,,,,,,,,11.0,618.4512,54.0,"[4.766600000023857,0.6041000000238341,2.63250000000005,1.8332000000476683,0.7667000000476492,4.034799999952327,1.470400000095367,1.1683999999761454,3.5627999999523468,0.7025000000000432,0.9663999999761472,0.5,4.068300000071531,0.46649999999999636,0.9641000000237909,0.53189999997619,2.067699999928493,1.3686000000238323,1.2302000000476596,1.5340999999046403,6.601999999999975,0.4991000000238728,0.7669999999999959,2.6340000000000146,4.534100000023841,2.3289000000953592,0.6675000000000182,0.9690999999046426,1.1661999999284944,0.6328999999761891,0.6007000000476523,2.900199999928475,4.567199999928448,2.534300000071539,1.1666999999284258,0.6636000000238482,0.4673999999761804,1.7316999999284803,2.0996000000238837,0.9333000000714264,3.5340999999045835,0.6368000000716165,1.7351999999284544,1.830799999952319,0.6662000000477519,0.6006999999284517,2.1345999999045944,0.39829999995231447,0.7671000000239019,9.697000000000003,1.53710000002377,6.365000000000009,0.6313999999762245,0.6338000000714601]","[4.766600000023857,0.6042000000476833,2.6325999999046417,1.8332000000476683,0.7667000000476492,4.034899999976176,1.470400000095367,1.1683999999761454,3.5627999999523468,0.7026000000238923,0.9664999999999964,0.5001000000238491,4.0683999999761795,0.46649999999999636,0.9641000000237909,0.53189999997619,2.067699999928493,1.36879999995233,1.2302000000476596,1.5340999999046403,6.601999999999975,0.4992000000477219,0.7669999999999959,2.6341000000238637,4.534100000023841,2.3290000000000077,0.6675999999046667,0.9691999999284917,1.1661999999284944,0.6328999999761891,0.6007000000476523,2.900199999928475,4.567199999928448,2.5343999999761877,1.1666999999284258,0.6637000000476405,0.4673999999761804,1.7316999999284803,2.0996000000238837,0.9333000000714264,3.5341999999284326,0.6368000000716165,1.7352999999523036,1.8308999999761681,0.6662000000477519,0.6007999999523008,2.1345999999045944,0.3983999999761636,0.7671000000239019,9.697100000023852,1.53710000002377,6.365000000000009,0.6315000000000737,0.6339000000953092]",0.651571181,5.7085,0.0,13.0,13.0,153.0,1.0,lachen,vlachen,question_vocal.png,im_mouth.png,,,,,,
,,,840072,1,21,2023-09-15_12h14.55.882,flesh_expressibility_dutch,2022.2.4,MacIntel,30.00120005,,,,19.0,2.0,Nederlands,,,,,,Engels,2.0,Frans,1.0,,0.0,,0.0,,0.0,,0.0,,0.0,,0.0,NL,6.0,2.0,2.0,5.0,,sensorypref1,sensorypref2,1440.0,900.0,,,,,,,,,,,,,,,,,,,,,,,,,,,,,,,,,,,9.0,624.8371,55.0,"[4.766600000023857,0.6041000000238341,2.63250000000005,1.8332000000476683,0.7667000000476492,4.034799999952327,1.470400000095367,1.1683999999761454,3.5627999999523468,0.7025000000000432,0.9663999999761472,0.5,4.068300000071531,0.46649999999999636,0.9641000000237909,0.53189999997619,2.067699999928493,1.3686000000238323,1.2302000000476596,1.5340999999046403,6.601999999999975,0.4991000000238728,0.7669999999999959,2.6340000000000146,4.534100000023841,2.3289000000953592,0.6675000000000182,0.9690999999046426,1.1661999999284944,0.6328999999761891,0.6007000000476523,2.900199999928475,4.567199999928448,2.534300000071539,1.1666999999284258,0.6636000000238482,0.4673999999761804,1.7316999999284803,2.0996000000238837,0.9333000000714264,3.5340999999045835,0.6368000000716165,1.7351999999284544,1.830799999952319,0.6662000000477519,0.6006999999284517,2.1345999999045944,0.39829999995231447,0.7671000000239019,9.697000000000003,1.53710000002377,6.365000000000009,0.6313999999762245,0.6338000000714601,5.6681000000238555]","[4.766600000023857,0.6042000000476833,2.6325999999046417,1.8332000000476683,0.7667000000476492,4.034899999976176,1.470400000095367,1.1683999999761454,3.5627999999523468,0.7026000000238923,0.9664999999999964,0.5001000000238491,4.0683999999761795,0.46649999999999636,0.9641000000237909,0.53189999997619,2.067699999928493,1.36879999995233,1.2302000000476596,1.5340999999046403,6.601999999999975,0.4992000000477219,0.7669999999999959,2.6341000000238637,4.534100000023841,2.3290000000000077,0.6675999999046667,0.9691999999284917,1.1661999999284944,0.6328999999761891,0.6007000000476523,2.900199999928475,4.567199999928448,2.5343999999761877,1.1666999999284258,0.6637000000476405,0.4673999999761804,1.7316999999284803,2.0996000000238837,0.9333000000714264,3.5341999999284326,0.6368000000716165,1.7352999999523036,1.8308999999761681,0.6662000000477519,0.6007999999523008,2.1345999999045944,0.3983999999761636,0.7671000000239019,9.697100000023852,1.53710000002377,6.365000000000009,0.6315000000000737,0.6339000000953092,5.6681000000238555]",0.310486111,11.1044,0.0,14.0,14.0,178.0,1.0,hij,vhij,question_vocal.png,im_mouth.png,,,,,,
,,,840072,1,21,2023-09-15_12h14.55.882,flesh_expressibility_dutch,2022.2.4,MacIntel,30.00120005,,,,19.0,2.0,Nederlands,,,,,,Engels,2.0,Frans,1.0,,0.0,,0.0,,0.0,,0.0,,0.0,,0.0,NL,6.0,2.0,2.0,5.0,,sensorypref1,sensorypref2,1440.0,900.0,,,,,,,,,,,,,,,,,,,,,,,,,,,,,,,,,,,12.0,636.6903,56.0,"[4.766600000023857,0.6041000000238341,2.63250000000005,1.8332000000476683,0.7667000000476492,4.034799999952327,1.470400000095367,1.1683999999761454,3.5627999999523468,0.7025000000000432,0.9663999999761472,0.5,4.068300000071531,0.46649999999999636,0.9641000000237909,0.53189999997619,2.067699999928493,1.3686000000238323,1.2302000000476596,1.5340999999046403,6.601999999999975,0.4991000000238728,0.7669999999999959,2.6340000000000146,4.534100000023841,2.3289000000953592,0.6675000000000182,0.9690999999046426,1.1661999999284944,0.6328999999761891,0.6007000000476523,2.900199999928475,4.567199999928448,2.534300000071539,1.1666999999284258,0.6636000000238482,0.4673999999761804,1.7316999999284803,2.0996000000238837,0.9333000000714264,3.5340999999045835,0.6368000000716165,1.7351999999284544,1.830799999952319,0.6662000000477519,0.6006999999284517,2.1345999999045944,0.39829999995231447,0.7671000000239019,9.697000000000003,1.53710000002377,6.365000000000009,0.6313999999762245,0.6338000000714601,5.6681000000238555,0.7346000000238746]","[4.766600000023857,0.6042000000476833,2.6325999999046417,1.8332000000476683,0.7667000000476492,4.034899999976176,1.470400000095367,1.1683999999761454,3.5627999999523468,0.7026000000238923,0.9664999999999964,0.5001000000238491,4.0683999999761795,0.46649999999999636,0.9641000000237909,0.53189999997619,2.067699999928493,1.36879999995233,1.2302000000476596,1.5340999999046403,6.601999999999975,0.4992000000477219,0.7669999999999959,2.6341000000238637,4.534100000023841,2.3290000000000077,0.6675999999046667,0.9691999999284917,1.1661999999284944,0.6328999999761891,0.6007000000476523,2.900199999928475,4.567199999928448,2.5343999999761877,1.1666999999284258,0.6637000000476405,0.4673999999761804,1.7316999999284803,2.0996000000238837,0.9333000000714264,3.5341999999284326,0.6368000000716165,1.7352999999523036,1.8308999999761681,0.6662000000477519,0.6007999999523008,2.1345999999045944,0.3983999999761636,0.7671000000239019,9.697100000023852,1.53710000002377,6.365000000000009,0.6315000000000737,0.6339000000953092,5.6681000000238555,0.7346999999284662]",-0.337621528,4.2527,0.0,15.0,15.0,140.0,1.0,staan,vstaan,question_vocal.png,im_mouth.png,,,,,,
,,,840072,1,21,2023-09-15_12h14.55.882,flesh_expressibility_dutch,2022.2.4,MacIntel,30.00120005,,,,19.0,2.0,Nederlands,,,,,,Engels,2.0,Frans,1.0,,0.0,,0.0,,0.0,,0.0,,0.0,,0.0,NL,6.0,2.0,2.0,5.0,,sensorypref1,sensorypref2,1440.0,900.0,,,,,,,,,,,,,,,,,,,,,,,,,,,,,,,,,,,11.0,641.7709,57.0,"[4.766600000023857,0.6041000000238341,2.63250000000005,1.8332000000476683,0.7667000000476492,4.034799999952327,1.470400000095367,1.1683999999761454,3.5627999999523468,0.7025000000000432,0.9663999999761472,0.5,4.068300000071531,0.46649999999999636,0.9641000000237909,0.53189999997619,2.067699999928493,1.3686000000238323,1.2302000000476596,1.5340999999046403,6.601999999999975,0.4991000000238728,0.7669999999999959,2.6340000000000146,4.534100000023841,2.3289000000953592,0.6675000000000182,0.9690999999046426,1.1661999999284944,0.6328999999761891,0.6007000000476523,2.900199999928475,4.567199999928448,2.534300000071539,1.1666999999284258,0.6636000000238482,0.4673999999761804,1.7316999999284803,2.0996000000238837,0.9333000000714264,3.5340999999045835,0.6368000000716165,1.7351999999284544,1.830799999952319,0.6662000000477519,0.6006999999284517,2.1345999999045944,0.39829999995231447,0.7671000000239019,9.697000000000003,1.53710000002377,6.365000000000009,0.6313999999762245,0.6338000000714601,5.6681000000238555,0.7346000000238746,0.5337999999524072]","[4.766600000023857,0.6042000000476833,2.6325999999046417,1.8332000000476683,0.7667000000476492,4.034899999976176,1.470400000095367,1.1683999999761454,3.5627999999523468,0.7026000000238923,0.9664999999999964,0.5001000000238491,4.0683999999761795,0.46649999999999636,0.9641000000237909,0.53189999997619,2.067699999928493,1.36879999995233,1.2302000000476596,1.5340999999046403,6.601999999999975,0.4992000000477219,0.7669999999999959,2.6341000000238637,4.534100000023841,2.3290000000000077,0.6675999999046667,0.9691999999284917,1.1661999999284944,0.6328999999761891,0.6007000000476523,2.900199999928475,4.567199999928448,2.5343999999761877,1.1666999999284258,0.6637000000476405,0.4673999999761804,1.7316999999284803,2.0996000000238837,0.9333000000714264,3.5341999999284326,0.6368000000716165,1.7352999999523036,1.8308999999761681,0.6662000000477519,0.6007999999523008,2.1345999999045944,0.3983999999761636,0.7671000000239019,9.697100000023852,1.53710000002377,6.365000000000009,0.6315000000000737,0.6339000000953092,5.6681000000238555,0.7346999999284662,0.5338999999762564]",0.362100694,3.0362,0.0,16.0,16.0,191.0,1.0,vuur,vvuur,question_vocal.png,im_mouth.png,,,,,,
,,,840072,1,21,2023-09-15_12h14.55.882,flesh_expressibility_dutch,2022.2.4,MacIntel,30.00120005,,,,19.0,2.0,Nederlands,,,,,,Engels,2.0,Frans,1.0,,0.0,,0.0,,0.0,,0.0,,0.0,,0.0,NL,6.0,2.0,2.0,5.0,,sensorypref1,sensorypref2,1440.0,900.0,,,,,,,,,,,,,,,,,,,,,,,,,,,,,,,,,,,14.0,645.3553,58.0,"[4.766600000023857,0.6041000000238341,2.63250000000005,1.8332000000476683,0.7667000000476492,4.034799999952327,1.470400000095367,1.1683999999761454,3.5627999999523468,0.7025000000000432,0.9663999999761472,0.5,4.068300000071531,0.46649999999999636,0.9641000000237909,0.53189999997619,2.067699999928493,1.3686000000238323,1.2302000000476596,1.5340999999046403,6.601999999999975,0.4991000000238728,0.7669999999999959,2.6340000000000146,4.534100000023841,2.3289000000953592,0.6675000000000182,0.9690999999046426,1.1661999999284944,0.6328999999761891,0.6007000000476523,2.900199999928475,4.567199999928448,2.534300000071539,1.1666999999284258,0.6636000000238482,0.4673999999761804,1.7316999999284803,2.0996000000238837,0.9333000000714264,3.5340999999045835,0.6368000000716165,1.7351999999284544,1.830799999952319,0.6662000000477519,0.6006999999284517,2.1345999999045944,0.39829999995231447,0.7671000000239019,9.697000000000003,1.53710000002377,6.365000000000009,0.6313999999762245,0.6338000000714601,5.6681000000238555,0.7346000000238746,0.5337999999524072,0.5340000000001055]","[4.766600000023857,0.6042000000476833,2.6325999999046417,1.8332000000476683,0.7667000000476492,4.034899999976176,1.470400000095367,1.1683999999761454,3.5627999999523468,0.7026000000238923,0.9664999999999964,0.5001000000238491,4.0683999999761795,0.46649999999999636,0.9641000000237909,0.53189999997619,2.067699999928493,1.36879999995233,1.2302000000476596,1.5340999999046403,6.601999999999975,0.4992000000477219,0.7669999999999959,2.6341000000238637,4.534100000023841,2.3290000000000077,0.6675999999046667,0.9691999999284917,1.1661999999284944,0.6328999999761891,0.6007000000476523,2.900199999928475,4.567199999928448,2.5343999999761877,1.1666999999284258,0.6637000000476405,0.4673999999761804,1.7316999999284803,2.0996000000238837,0.9333000000714264,3.5341999999284326,0.6368000000716165,1.7352999999523036,1.8308999999761681,0.6662000000477519,0.6007999999523008,2.1345999999045944,0.3983999999761636,0.7671000000239019,9.697100000023852,1.53710000002377,6.365000000000009,0.6315000000000737,0.6339000000953092,5.6681000000238555,0.7346999999284662,0.5338999999762564,0.534100000023841]",-0.298645833,3.4842,0.0,17.0,17.0,147.0,1.0,knopen,vknopen,question_vocal.png,im_mouth.png,,,,,,
,,,840072,1,21,2023-09-15_12h14.55.882,flesh_expressibility_dutch,2022.2.4,MacIntel,30.00120005,,,,19.0,2.0,Nederlands,,,,,,Engels,2.0,Frans,1.0,,0.0,,0.0,,0.0,,0.0,,0.0,,0.0,NL,6.0,2.0,2.0,5.0,,sensorypref1,sensorypref2,1440.0,900.0,,,,,,,,,,,,,,,,,,,,,,,,,,,,,,,,,,,16.0,649.3486,59.0,"[4.766600000023857,0.6041000000238341,2.63250000000005,1.8332000000476683,0.7667000000476492,4.034799999952327,1.470400000095367,1.1683999999761454,3.5627999999523468,0.7025000000000432,0.9663999999761472,0.5,4.068300000071531,0.46649999999999636,0.9641000000237909,0.53189999997619,2.067699999928493,1.3686000000238323,1.2302000000476596,1.5340999999046403,6.601999999999975,0.4991000000238728,0.7669999999999959,2.6340000000000146,4.534100000023841,2.3289000000953592,0.6675000000000182,0.9690999999046426,1.1661999999284944,0.6328999999761891,0.6007000000476523,2.900199999928475,4.567199999928448,2.534300000071539,1.1666999999284258,0.6636000000238482,0.4673999999761804,1.7316999999284803,2.0996000000238837,0.9333000000714264,3.5340999999045835,0.6368000000716165,1.7351999999284544,1.830799999952319,0.6662000000477519,0.6006999999284517,2.1345999999045944,0.39829999995231447,0.7671000000239019,9.697000000000003,1.53710000002377,6.365000000000009,0.6313999999762245,0.6338000000714601,5.6681000000238555,0.7346000000238746,0.5337999999524072,0.5340000000001055,0.6359999999999673]","[4.766600000023857,0.6042000000476833,2.6325999999046417,1.8332000000476683,0.7667000000476492,4.034899999976176,1.470400000095367,1.1683999999761454,3.5627999999523468,0.7026000000238923,0.9664999999999964,0.5001000000238491,4.0683999999761795,0.46649999999999636,0.9641000000237909,0.53189999997619,2.067699999928493,1.36879999995233,1.2302000000476596,1.5340999999046403,6.601999999999975,0.4992000000477219,0.7669999999999959,2.6341000000238637,4.534100000023841,2.3290000000000077,0.6675999999046667,0.9691999999284917,1.1661999999284944,0.6328999999761891,0.6007000000476523,2.900199999928475,4.567199999928448,2.5343999999761877,1.1666999999284258,0.6637000000476405,0.4673999999761804,1.7316999999284803,2.0996000000238837,0.9333000000714264,3.5341999999284326,0.6368000000716165,1.7352999999523036,1.8308999999761681,0.6662000000477519,0.6007999999523008,2.1345999999045944,0.3983999999761636,0.7671000000239019,9.697100000023852,1.53710000002377,6.365000000000009,0.6315000000000737,0.6339000000953092,5.6681000000238555,0.7346999999284662,0.5338999999762564,0.534100000023841,0.6359999999999673]",0.106371528,2.8798,0.0,18.0,18.0,182.0,1.0,naam,vnaam,question_vocal.png,im_mouth.png,,,,,,
,,,840072,1,21,2023-09-15_12h14.55.882,flesh_expressibility_dutch,2022.2.4,MacIntel,30.00120005,,,,19.0,2.0,Nederlands,,,,,,Engels,2.0,Frans,1.0,,0.0,,0.0,,0.0,,0.0,,0.0,,0.0,NL,6.0,2.0,2.0,5.0,,sensorypref1,sensorypref2,1440.0,900.0,,,,,,,,,,,,,,,,,,,,,,,,,,,,,,,,,,,15.0,652.9329,60.0,"[4.766600000023857,0.6041000000238341,2.63250000000005,1.8332000000476683,0.7667000000476492,4.034799999952327,1.470400000095367,1.1683999999761454,3.5627999999523468,0.7025000000000432,0.9663999999761472,0.5,4.068300000071531,0.46649999999999636,0.9641000000237909,0.53189999997619,2.067699999928493,1.3686000000238323,1.2302000000476596,1.5340999999046403,6.601999999999975,0.4991000000238728,0.7669999999999959,2.6340000000000146,4.534100000023841,2.3289000000953592,0.6675000000000182,0.9690999999046426,1.1661999999284944,0.6328999999761891,0.6007000000476523,2.900199999928475,4.567199999928448,2.534300000071539,1.1666999999284258,0.6636000000238482,0.4673999999761804,1.7316999999284803,2.0996000000238837,0.9333000000714264,3.5340999999045835,0.6368000000716165,1.7351999999284544,1.830799999952319,0.6662000000477519,0.6006999999284517,2.1345999999045944,0.39829999995231447,0.7671000000239019,9.697000000000003,1.53710000002377,6.365000000000009,0.6313999999762245,0.6338000000714601,5.6681000000238555,0.7346000000238746,0.5337999999524072,0.5340000000001055,0.6359999999999673,0.5339000000952865]","[4.766600000023857,0.6042000000476833,2.6325999999046417,1.8332000000476683,0.7667000000476492,4.034899999976176,1.470400000095367,1.1683999999761454,3.5627999999523468,0.7026000000238923,0.9664999999999964,0.5001000000238491,4.0683999999761795,0.46649999999999636,0.9641000000237909,0.53189999997619,2.067699999928493,1.36879999995233,1.2302000000476596,1.5340999999046403,6.601999999999975,0.4992000000477219,0.7669999999999959,2.6341000000238637,4.534100000023841,2.3290000000000077,0.6675999999046667,0.9691999999284917,1.1661999999284944,0.6328999999761891,0.6007000000476523,2.900199999928475,4.567199999928448,2.5343999999761877,1.1666999999284258,0.6637000000476405,0.4673999999761804,1.7316999999284803,2.0996000000238837,0.9333000000714264,3.5341999999284326,0.6368000000716165,1.7352999999523036,1.8308999999761681,0.6662000000477519,0.6007999999523008,2.1345999999045944,0.3983999999761636,0.7671000000239019,9.697100000023852,1.53710000002377,6.365000000000009,0.6315000000000737,0.6339000000953092,5.6681000000238555,0.7346999999284662,0.5338999999762564,0.534100000023841,0.6359999999999673,0.5339000000952865]",0.516111111,2.8426,0.0,19.0,19.0,87.0,1.0,vechten,vvechten,question_vocal.png,im_mouth.png,,,,,,
,,,840072,1,21,2023-09-15_12h14.55.882,flesh_expressibility_dutch,2022.2.4,MacIntel,30.00120005,,,,19.0,2.0,Nederlands,,,,,,Engels,2.0,Frans,1.0,,0.0,,0.0,,0.0,,0.0,,0.0,,0.0,NL,6.0,2.0,2.0,5.0,,sensorypref1,sensorypref2,1440.0,900.0,,,,,,,,,,,,,,,,,,,,,,,,,,,,,,,,,,,,,,,,,,,,,,,,,,,,,,,,
,,,840072,1,21,2023-09-15_12h14.55.882,flesh_expressibility_dutch,2022.2.4,MacIntel,30.00120005,,,,19.0,2.0,Nederlands,,,,,,Engels,2.0,Frans,1.0,,0.0,,0.0,,0.0,,0.0,,0.0,,0.0,NL,6.0,2.0,2.0,5.0,,sensorypref1,sensorypref2,1440.0,900.0,,,,,,,,,,,,,,,,,,,,,,,,,,,,,,,,,,,,,,,,,,,,,,,,,,,1.0,,,,,
,,,840072,1,21,2023-09-15_12h14.55.882,flesh_expressibility_dutch,2022.2.4,MacIntel,30.00120005,,,,19.0,2.0,Nederlands,,,,,,Engels,2.0,Frans,1.0,,0.0,,0.0,,0.0,,0.0,,0.0,,0.0,NL,6.0,2.0,2.0,5.0,,sensorypref1,sensorypref2,1440.0,900.0,,,,,,,,,,,,,,,,,,,,,,,,,,,,,,,,,,,,,,,,,,,,,,,,,,,1.0,,,,,
,,,840072,1,21,2023-09-15_12h14.55.882,flesh_expressibility_dutch,2022.2.4,MacIntel,30.00120005,,,,19.0,2.0,Nederlands,,,,,,Engels,2.0,Frans,1.0,,0.0,,0.0,,0.0,,0.0,,0.0,,0.0,NL,6.0,2.0,2.0,5.0,,sensorypref1,sensorypref2,1440.0,900.0,,,,,,,,,,,,,,,,,,,,,,,,,,,,,,,,,,,,,,,,,,,,,,,,,,,1.0,,,1.0,[668.3672999999523],[668.3673999999761]
