welcome_weiter.numClicks,welcome_weiter.timesOn,welcome_weiter.timesOff,exp_ID,session,presentation limit,date,expName,psychopyVersion,OS,frameRate,introduction_weiter.numClicks,introduction_weiter.timesOn,introduction_weiter.timesOff,age,gender,natlang1,natlang2,natlang3,natlang4,natlang5,natlang6,lang1,proficiency1,lang2,proficiency2,lang3,proficiency3,lang4,proficiency4,lang5,proficiency5,lang6,proficiency6,lang7,proficiency7,lang8,proficiency8,country,education,dyslexia,mobility,currentloc,radio-for-required-checkboxes,sensorypref1,sensorypref2,sensorypref3,sensorypref4,xRes,yRes,sensorypref[],practice_weiter.numClicks,practice_weiter.timesOn,practice_weiter.timesOff,pr_message_weiter.numClicks,pr_message_weiter.timesOn,pr_message_weiter.timesOff,pr_remember_weiter.numClicks,pr_remember_weiter.timesOn,pr_remember_weiter.timesOff,button_weiter.numClicks,button_weiter.timesOn,button_weiter.timesOff,pr_expressibility.response,pr_expressibility.rt,practice_trials.thisRepN,practice_trials.thisTrialN,practice_trials.thisN,practice_trials.thisIndex,practice_trials.ran,pr_word,pr_question,pr_image,start_weiter.numClicks,start_weiter.timesOn,start_weiter.timesOff,message_weiter.numClicks,message_weiter.timesOn,message_weiter.timesOff,trial_remember_weiter.numClicks,trial_remember_weiter.timesOn,trial_remember_weiter.timesOff,Count,Shelf time,trial_button_weiter.numClicks,trial_button_weiter.timesOn,trial_button_weiter.timesOff,expressibility.response,expressibility.rt,trials.thisRepN,trials.thisTrialN,trials.thisN,trials.thisIndex,trials.ran,word,fordict,question,trial_img,problem,problem_text,comment_text,end_experiment.numClicks,end_experiment.timesOn,end_experiment.timesOff
1.0,[3.286999999999999],[3.286999999999999],843234,1,21,2023-09-12_18h06.41.933,flesh_expressibility_dutch,2022.2.4,MacIntel,62.5,,,,,,,,,,,,,,,,,,,,,,,,,,,,,,,,,,,,,,,,,,,,,,,,,,,,,,,,,,,,,,,,,,,,,,,,,,,,,,,,,,,,,,,,,,,,,
,,,843234,1,21,2023-09-12_18h06.41.933,flesh_expressibility_dutch,2022.2.4,MacIntel,62.5,,,,,,,,,,,,,,,,,,,,,,,,,,,,,,,,,,,,,,,,,,,,,,,,,,,,,,,,,,,,,,,,,,,,,,,,,,,,,,,,,,,,,,,,,,,,,
,,,843234,1,21,2023-09-12_18h06.41.933,flesh_expressibility_dutch,2022.2.4,MacIntel,62.5,1.0,[13.042000000000002],[13.042000000000002],,,,,,,,,,,,,,,,,,,,,,,,,,,,,,,,,,,,,,,,,,,,,,,,,,,,,,,,,,,,,,,,,,,,,,,,,,,,,,,,,,,,,,,,,,
,,,843234,1,21,2023-09-12_18h06.41.933,flesh_expressibility_dutch,2022.2.4,MacIntel,62.5,,,,,,,,,,,,,,,,,,,,,,,,,,,,,,,,,,,,,,,,,,,,,,,,,,,,,,,,,,,,,,,,,,,,,,,,,,,,,,,,,,,,,,,,,,,,,
,,,843234,1,21,2023-09-12_18h06.41.933,flesh_expressibility_dutch,2022.2.4,MacIntel,62.5,,,,23.0,2.0,Nederlands,,,,,,Engels ,0.0,,0.0,,0.0,,0.0,,0.0,,0.0,,0.0,,0.0,NL,6.0,2.0,2.0,2.0,on,sensorypref1,sensorypref2,sensorypref3,sensorypref4,1440.0,900.0,,,,,,,,,,,,,,,,,,,,,,,,,,,,,,,,,,,,,,,,,,,,,,,,,,,,,,
,,,843234,1,21,2023-09-12_18h06.41.933,flesh_expressibility_dutch,2022.2.4,MacIntel,62.5,,,,23.0,2.0,Nederlands,,,,,,Engels ,0.0,,0.0,,0.0,,0.0,,0.0,,0.0,,0.0,,0.0,NL,6.0,2.0,2.0,2.0,,sensorypref1,sensorypref2,sensorypref3,sensorypref4,1440.0,900.0,,1.0,[55.208999999999996],[55.208999999999996],,,,,,,,,,,,,,,,,,,,,,,,,,,,,,,,,,,,,,,,,,,,,,,,,,
,,,843234,1,21,2023-09-12_18h06.41.933,flesh_expressibility_dutch,2022.2.4,MacIntel,62.5,,,,23.0,2.0,Nederlands,,,,,,Engels ,0.0,,0.0,,0.0,,0.0,,0.0,,0.0,,0.0,,0.0,NL,6.0,2.0,2.0,2.0,,sensorypref1,sensorypref2,sensorypref3,sensorypref4,1440.0,900.0,,,,,,,,,,,,,,,,,,,,,,,,,,,,,,,,,,,,,,,,,,,,,,,,,,,,,,
,,,843234,1,21,2023-09-12_18h06.41.933,flesh_expressibility_dutch,2022.2.4,MacIntel,62.5,,,,23.0,2.0,Nederlands,,,,,,Engels ,0.0,,0.0,,0.0,,0.0,,0.0,,0.0,,0.0,,0.0,NL,6.0,2.0,2.0,2.0,,sensorypref1,sensorypref2,sensorypref3,sensorypref4,1440.0,900.0,,,,,1.0,[63.417],[63.41799999999999],1.0,[68.83],[68.83],1.0,[0.8319999999999936],[0.8319999999999936],0.517777778,5.021,0.0,0.0,0.0,0.0,1.0,koken,question_multimodal.png,im_combination.png,,,,,,,,,,,,,,,,,,,,,,,,,,,,,,,
,,,843234,1,21,2023-09-12_18h06.41.933,flesh_expressibility_dutch,2022.2.4,MacIntel,62.5,,,,23.0,2.0,Nederlands,,,,,,Engels ,0.0,,0.0,,0.0,,0.0,,0.0,,0.0,,0.0,,0.0,NL,6.0,2.0,2.0,2.0,,sensorypref1,sensorypref2,sensorypref3,sensorypref4,1440.0,900.0,,,,,,,,,,,2.0,"[0.8319999999999936,0.7339999999999947]","[0.8319999999999936,0.7339999999999947]",0.075555556,2.286,0.0,1.0,1.0,1.0,1.0,leeuw,question_multimodal.png,im_combination.png,,,,,,,,,,,,,,,,,,,,,,,,,,,,,,,
,,,843234,1,21,2023-09-12_18h06.41.933,flesh_expressibility_dutch,2022.2.4,MacIntel,62.5,,,,23.0,2.0,Nederlands,,,,,,Engels ,0.0,,0.0,,0.0,,0.0,,0.0,,0.0,,0.0,,0.0,NL,6.0,2.0,2.0,2.0,,sensorypref1,sensorypref2,sensorypref3,sensorypref4,1440.0,900.0,,,,,2.0,"[63.417,86.886]","[63.41799999999999,86.886]",2.0,"[68.83,102.29199999999999]","[68.83,102.29199999999999]",3.0,"[0.8319999999999936,0.7339999999999947,4.180000000000007]","[0.8319999999999936,0.7339999999999947,4.180000000000007]",0.32,6.249,0.0,0.0,0.0,0.0,1.0,baby,question_gesture.png,im_hand.png,,,,,,,,,,,,,,,,,,,,,,,,,,,,,,,
,,,843234,1,21,2023-09-12_18h06.41.933,flesh_expressibility_dutch,2022.2.4,MacIntel,62.5,,,,23.0,2.0,Nederlands,,,,,,Engels ,0.0,,0.0,,0.0,,0.0,,0.0,,0.0,,0.0,,0.0,NL,6.0,2.0,2.0,2.0,,sensorypref1,sensorypref2,sensorypref3,sensorypref4,1440.0,900.0,,,,,,,,,,,4.0,"[0.8319999999999936,0.7339999999999947,4.180000000000007,0.6989999999999839]","[0.8319999999999936,0.7339999999999947,4.180000000000007,0.6989999999999839]",0.148888889,4.191,0.0,1.0,1.0,1.0,1.0,auto,question_gesture.png,im_hand.png,,,,,,,,,,,,,,,,,,,,,,,,,,,,,,,
,,,843234,1,21,2023-09-12_18h06.41.933,flesh_expressibility_dutch,2022.2.4,MacIntel,62.5,,,,23.0,2.0,Nederlands,,,,,,Engels ,0.0,,0.0,,0.0,,0.0,,0.0,,0.0,,0.0,,0.0,NL,6.0,2.0,2.0,2.0,,sensorypref1,sensorypref2,sensorypref3,sensorypref4,1440.0,900.0,,,,,3.0,"[63.417,86.886,125.94299999999998]","[63.41799999999999,86.886,125.94299999999998]",3.0,"[68.83,102.29199999999999,127.309]","[68.83,102.29199999999999,127.309]",5.0,"[0.8319999999999936,0.7339999999999947,4.180000000000007,0.6989999999999839,0.5999999999999943]","[0.8319999999999936,0.7339999999999947,4.180000000000007,0.6989999999999839,0.5999999999999943]",0.513333333,3.534,0.0,0.0,0.0,0.0,1.0,liefde,question_vocal.png,im_mouth.png,,,,,,,,,,,,,,,,,,,,,,,,,,,,,,,
,,,843234,1,21,2023-09-12_18h06.41.933,flesh_expressibility_dutch,2022.2.4,MacIntel,62.5,,,,23.0,2.0,Nederlands,,,,,,Engels ,0.0,,0.0,,0.0,,0.0,,0.0,,0.0,,0.0,,0.0,NL,6.0,2.0,2.0,2.0,,sensorypref1,sensorypref2,sensorypref3,sensorypref4,1440.0,900.0,,,,,,,,,,,6.0,"[0.8319999999999936,0.7339999999999947,4.180000000000007,0.6989999999999839,0.5999999999999943,0.6169999999999902]","[0.8319999999999936,0.7339999999999947,4.180000000000007,0.6989999999999839,0.5999999999999943,0.6169999999999902]",0.955555556,3.135,0.0,1.0,1.0,1.0,1.0,moe,question_vocal.png,im_mouth.png,,,,,,,,,,,,,,,,,,,,,,,,,,,,,,,
,,,843234,1,21,2023-09-12_18h06.41.933,flesh_expressibility_dutch,2022.2.4,MacIntel,62.5,,,,23.0,2.0,Nederlands,,,,,,Engels ,0.0,,0.0,,0.0,,0.0,,0.0,,0.0,,0.0,,0.0,NL,6.0,2.0,2.0,2.0,,sensorypref1,sensorypref2,sensorypref3,sensorypref4,1440.0,900.0,,,,,,,,,,,,,,,,,,,,,,,,1.0,[141.17999999999998],[141.17999999999998],,,,,,,,,,,,,,,,,,,,,,,,,,,,
,,,843234,1,21,2023-09-12_18h06.41.933,flesh_expressibility_dutch,2022.2.4,MacIntel,62.5,,,,23.0,2.0,Nederlands,,,,,,Engels ,0.0,,0.0,,0.0,,0.0,,0.0,,0.0,,0.0,,0.0,NL,6.0,2.0,2.0,2.0,,sensorypref1,sensorypref2,sensorypref3,sensorypref4,1440.0,900.0,,,,,,,,,,,,,,,,,,,,,,,,,,,,,,,,,,,,,,,,,,,,,,,,,,,,,,
,,,843234,1,21,2023-09-12_18h06.41.933,flesh_expressibility_dutch,2022.2.4,MacIntel,62.5,,,,23.0,2.0,Nederlands,,,,,,Engels ,0.0,,0.0,,0.0,,0.0,,0.0,,0.0,,0.0,,0.0,NL,6.0,2.0,2.0,2.0,,sensorypref1,sensorypref2,sensorypref3,sensorypref4,1440.0,900.0,,,,,,,,,,,,,,,,,,,,,,,,,,,1.0,[147.60399999999998],[147.60399999999998],1.0,[149.119],[149.119],11.0,150.553,1.0,[0.6659999999999968],[0.6659999999999968],-0.7,5.593,0.0,0.0,0.0,176.0,1.0,wijd,gwijd,question_gesture.png,im_hand.png,,,,,,
,,,843234,1,21,2023-09-12_18h06.41.933,flesh_expressibility_dutch,2022.2.4,MacIntel,62.5,,,,23.0,2.0,Nederlands,,,,,,Engels ,0.0,,0.0,,0.0,,0.0,,0.0,,0.0,,0.0,,0.0,NL,6.0,2.0,2.0,2.0,,sensorypref1,sensorypref2,sensorypref3,sensorypref4,1440.0,900.0,,,,,,,,,,,,,,,,,,,,,,,,,,,,,,,,,14.0,156.841,2.0,"[0.6659999999999968,0.5160000000000196]","[0.6659999999999968,0.5160000000000196]",0.311111111,4.16,0.0,1.0,1.0,32.0,1.0,vooraan,gvooraan,question_gesture.png,im_hand.png,,,,,,
,,,843234,1,21,2023-09-12_18h06.41.933,flesh_expressibility_dutch,2022.2.4,MacIntel,62.5,,,,23.0,2.0,Nederlands,,,,,,Engels ,0.0,,0.0,,0.0,,0.0,,0.0,,0.0,,0.0,,0.0,NL,6.0,2.0,2.0,2.0,,sensorypref1,sensorypref2,sensorypref3,sensorypref4,1440.0,900.0,,,,,,,,,,,,,,,,,,,,,,,,,,,,,,,,,9.0,161.439,3.0,"[0.6659999999999968,0.5160000000000196,0.7160000000000082]","[0.6659999999999968,0.5160000000000196,0.7160000000000082]",0.857777778,3.09,0.0,2.0,2.0,38.0,1.0,blij,gblij,question_gesture.png,im_hand.png,,,,,,
,,,843234,1,21,2023-09-12_18h06.41.933,flesh_expressibility_dutch,2022.2.4,MacIntel,62.5,,,,23.0,2.0,Nederlands,,,,,,Engels ,0.0,,0.0,,0.0,,0.0,,0.0,,0.0,,0.0,,0.0,NL,6.0,2.0,2.0,2.0,,sensorypref1,sensorypref2,sensorypref3,sensorypref4,1440.0,900.0,,,,,,,,,,,,,,,,,,,,,,,,,,,,,,,,,9.0,165.251,4.0,"[0.6659999999999968,0.5160000000000196,0.7160000000000082,0.5]","[0.6659999999999968,0.5160000000000196,0.7160000000000082,0.5]",-0.455555556,6.098,0.0,3.0,3.0,131.0,1.0,zand,gzand,question_gesture.png,im_hand.png,,,,,,
,,,843234,1,21,2023-09-12_18h06.41.933,flesh_expressibility_dutch,2022.2.4,MacIntel,62.5,,,,23.0,2.0,Nederlands,,,,,,Engels ,0.0,,0.0,,0.0,,0.0,,0.0,,0.0,,0.0,,0.0,NL,6.0,2.0,2.0,2.0,,sensorypref1,sensorypref2,sensorypref3,sensorypref4,1440.0,900.0,,,,,,,,,,,,,,,,,,,,,,,,,,,,,,,,,6.0,171.839,5.0,"[0.6659999999999968,0.5160000000000196,0.7160000000000082,0.5,0.6500000000000057]","[0.6659999999999968,0.5160000000000196,0.7160000000000082,0.5,0.6510000000000105]",0.508888889,6.604,0.0,4.0,4.0,133.0,1.0,ster,gster,question_gesture.png,im_hand.png,,,,,,
,,,843234,1,21,2023-09-12_18h06.41.933,flesh_expressibility_dutch,2022.2.4,MacIntel,62.5,,,,23.0,2.0,Nederlands,,,,,,Engels ,0.0,,0.0,,0.0,,0.0,,0.0,,0.0,,0.0,,0.0,NL,6.0,2.0,2.0,2.0,,sensorypref1,sensorypref2,sensorypref3,sensorypref4,1440.0,900.0,,,,,,,,,,,,,,,,,,,,,,,,,,,,,,,,,8.0,179.256,6.0,"[0.6659999999999968,0.5160000000000196,0.7160000000000082,0.5,0.6500000000000057,0.6659999999999968]","[0.6659999999999968,0.5160000000000196,0.7160000000000082,0.5,0.6510000000000105,0.6659999999999968]",0.895555556,3.94,0.0,5.0,5.0,91.0,1.0,koud,gkoud,question_gesture.png,im_hand.png,,,,,,
,,,843234,1,21,2023-09-12_18h06.41.933,flesh_expressibility_dutch,2022.2.4,MacIntel,62.5,,,,23.0,2.0,Nederlands,,,,,,Engels ,0.0,,0.0,,0.0,,0.0,,0.0,,0.0,,0.0,,0.0,NL,6.0,2.0,2.0,2.0,,sensorypref1,sensorypref2,sensorypref3,sensorypref4,1440.0,900.0,,,,,,,,,,,,,,,,,,,,,,,,,,,,,,,,,10.0,183.762,7.0,"[0.6659999999999968,0.5160000000000196,0.7160000000000082,0.5,0.6500000000000057,0.6659999999999968,0.5660000000000025]","[0.6659999999999968,0.5160000000000196,0.7160000000000082,0.5,0.6510000000000105,0.6659999999999968,0.5660000000000025]",0.277777778,3.246,0.0,6.0,6.0,23.0,1.0,slang,gslang,question_gesture.png,im_hand.png,,,,,,
,,,843234,1,21,2023-09-12_18h06.41.933,flesh_expressibility_dutch,2022.2.4,MacIntel,62.5,,,,23.0,2.0,Nederlands,,,,,,Engels ,0.0,,0.0,,0.0,,0.0,,0.0,,0.0,,0.0,,0.0,NL,6.0,2.0,2.0,2.0,,sensorypref1,sensorypref2,sensorypref3,sensorypref4,1440.0,900.0,,,,,,,,,,,,,,,,,,,,,,,,,,,,,,,,,8.0,187.552,8.0,"[0.6659999999999968,0.5160000000000196,0.7160000000000082,0.5,0.6500000000000057,0.6659999999999968,0.5660000000000025,0.5500000000000114]","[0.6659999999999968,0.5160000000000196,0.7160000000000082,0.5,0.6510000000000105,0.6659999999999968,0.5660000000000025,0.5500000000000114]",0.695555556,2.969,0.0,7.0,7.0,171.0,1.0,zwaar,gzwaar,question_gesture.png,im_hand.png,,,,,,
,,,843234,1,21,2023-09-12_18h06.41.933,flesh_expressibility_dutch,2022.2.4,MacIntel,62.5,,,,23.0,2.0,Nederlands,,,,,,Engels ,0.0,,0.0,,0.0,,0.0,,0.0,,0.0,,0.0,,0.0,NL,6.0,2.0,2.0,2.0,,sensorypref1,sensorypref2,sensorypref3,sensorypref4,1440.0,900.0,,,,,,,,,,,,,,,,,,,,,,,,,,,,,,,,,8.0,191.044,9.0,"[0.6659999999999968,0.5160000000000196,0.7160000000000082,0.5,0.6500000000000057,0.6659999999999968,0.5660000000000025,0.5500000000000114,1.9490000000000123]","[0.6659999999999968,0.5160000000000196,0.7160000000000082,0.5,0.6510000000000105,0.6659999999999968,0.5660000000000025,0.5500000000000114,1.9490000000000123]",0.248888889,3.552,0.0,8.0,8.0,41.0,1.0,bliksem,gbliksem,question_gesture.png,im_hand.png,,,,,,
,,,843234,1,21,2023-09-12_18h06.41.933,flesh_expressibility_dutch,2022.2.4,MacIntel,62.5,,,,23.0,2.0,Nederlands,,,,,,Engels ,0.0,,0.0,,0.0,,0.0,,0.0,,0.0,,0.0,,0.0,NL,6.0,2.0,2.0,2.0,,sensorypref1,sensorypref2,sensorypref3,sensorypref4,1440.0,900.0,,,,,,,,,,,,,,,,,,,,,,,,,,,,,,,,,8.0,196.59,10.0,"[0.6659999999999968,0.5160000000000196,0.7160000000000082,0.5,0.6500000000000057,0.6659999999999968,0.5660000000000025,0.5500000000000114,1.9490000000000123,0.7330000000000041]","[0.6659999999999968,0.5160000000000196,0.7160000000000082,0.5,0.6510000000000105,0.6659999999999968,0.5660000000000025,0.5500000000000114,1.9490000000000123,0.7330000000000041]",-0.26,3.053,0.0,9.0,9.0,102.0,1.0,vis,gvis,question_gesture.png,im_hand.png,,,,,,
,,,843234,1,21,2023-09-12_18h06.41.933,flesh_expressibility_dutch,2022.2.4,MacIntel,62.5,,,,23.0,2.0,Nederlands,,,,,,Engels ,0.0,,0.0,,0.0,,0.0,,0.0,,0.0,,0.0,,0.0,NL,6.0,2.0,2.0,2.0,,sensorypref1,sensorypref2,sensorypref3,sensorypref4,1440.0,900.0,,,,,,,,,,,,,,,,,,,,,,,,,,,,,,,,,10.0,200.398,11.0,"[0.6659999999999968,0.5160000000000196,0.7160000000000082,0.5,0.6500000000000057,0.6659999999999968,0.5660000000000025,0.5500000000000114,1.9490000000000123,0.7330000000000041,0.5829999999999984]","[0.6659999999999968,0.5160000000000196,0.7160000000000082,0.5,0.6510000000000105,0.6659999999999968,0.5660000000000025,0.5500000000000114,1.9490000000000123,0.7330000000000041,0.5840000000000032]",-0.484444444,2.505,0.0,10.0,10.0,157.0,1.0,wortel,gwortel,question_gesture.png,im_hand.png,,,,,,
,,,843234,1,21,2023-09-12_18h06.41.933,flesh_expressibility_dutch,2022.2.4,MacIntel,62.5,,,,23.0,2.0,Nederlands,,,,,,Engels ,0.0,,0.0,,0.0,,0.0,,0.0,,0.0,,0.0,,0.0,NL,6.0,2.0,2.0,2.0,,sensorypref1,sensorypref2,sensorypref3,sensorypref4,1440.0,900.0,,,,,,,,,,,,,,,,,,,,,,,,,,,,,,,,,7.0,203.451,12.0,"[0.6659999999999968,0.5160000000000196,0.7160000000000082,0.5,0.6500000000000057,0.6659999999999968,0.5660000000000025,0.5500000000000114,1.9490000000000123,0.7330000000000041,0.5829999999999984,1.0159999999999911]","[0.6659999999999968,0.5160000000000196,0.7160000000000082,0.5,0.6510000000000105,0.6659999999999968,0.5660000000000025,0.5500000000000114,1.9490000000000123,0.7330000000000041,0.5840000000000032,1.0159999999999911]",0.542222222,4.328,0.0,11.0,11.0,119.0,1.0,knie,gknie,question_gesture.png,im_hand.png,,,,,,
,,,843234,1,21,2023-09-12_18h06.41.933,flesh_expressibility_dutch,2022.2.4,MacIntel,62.5,,,,23.0,2.0,Nederlands,,,,,,Engels ,0.0,,0.0,,0.0,,0.0,,0.0,,0.0,,0.0,,0.0,NL,6.0,2.0,2.0,2.0,,sensorypref1,sensorypref2,sensorypref3,sensorypref4,1440.0,900.0,,,,,,,,,,,,,,,,,,,,,,,,,,,,,,,,,6.0,208.851,13.0,"[0.6659999999999968,0.5160000000000196,0.7160000000000082,0.5,0.6500000000000057,0.6659999999999968,0.5660000000000025,0.5500000000000114,1.9490000000000123,0.7330000000000041,0.5829999999999984,1.0159999999999911,1.0320000000000107]","[0.6659999999999968,0.5160000000000196,0.7160000000000082,0.5,0.6510000000000105,0.6659999999999968,0.5660000000000025,0.5500000000000114,1.9490000000000123,0.7330000000000041,0.5840000000000032,1.0159999999999911,1.0320000000000107]",-0.608888889,3.327,0.0,12.0,12.0,78.0,1.0,wit,gwit,question_gesture.png,im_hand.png,,,,,,
,,,843234,1,21,2023-09-12_18h06.41.933,flesh_expressibility_dutch,2022.2.4,MacIntel,62.5,,,,23.0,2.0,Nederlands,,,,,,Engels ,0.0,,0.0,,0.0,,0.0,,0.0,,0.0,,0.0,,0.0,NL,6.0,2.0,2.0,2.0,,sensorypref1,sensorypref2,sensorypref3,sensorypref4,1440.0,900.0,,,,,,,,,,,,,,,,,,,,,,,,,,,,,,,,,7.0,213.543,14.0,"[0.6659999999999968,0.5160000000000196,0.7160000000000082,0.5,0.6500000000000057,0.6659999999999968,0.5660000000000025,0.5500000000000114,1.9490000000000123,0.7330000000000041,0.5829999999999984,1.0159999999999911,1.0320000000000107,0.8999999999999773]","[0.6659999999999968,0.5160000000000196,0.7160000000000082,0.5,0.6510000000000105,0.6659999999999968,0.5660000000000025,0.5500000000000114,1.9490000000000123,0.7330000000000041,0.5840000000000032,1.0159999999999911,1.0320000000000107,0.8999999999999773]",0.224444444,3.343,0.0,13.0,13.0,44.0,1.0,lucht,glucht,question_gesture.png,im_hand.png,,,,,,
,,,843234,1,21,2023-09-12_18h06.41.933,flesh_expressibility_dutch,2022.2.4,MacIntel,62.5,,,,23.0,2.0,Nederlands,,,,,,Engels ,0.0,,0.0,,0.0,,0.0,,0.0,,0.0,,0.0,,0.0,NL,6.0,2.0,2.0,2.0,,sensorypref1,sensorypref2,sensorypref3,sensorypref4,1440.0,900.0,,,,,,,,,,,,,,,,,,,,,,,,,,,,,,,,,9.0,217.397,15.0,"[0.6659999999999968,0.5160000000000196,0.7160000000000082,0.5,0.6500000000000057,0.6659999999999968,0.5660000000000025,0.5500000000000114,1.9490000000000123,0.7330000000000041,0.5829999999999984,1.0159999999999911,1.0320000000000107,0.8999999999999773,0.5509999999999877]","[0.6659999999999968,0.5160000000000196,0.7160000000000082,0.5,0.6510000000000105,0.6659999999999968,0.5660000000000025,0.5500000000000114,1.9490000000000123,0.7330000000000041,0.5840000000000032,1.0159999999999911,1.0320000000000107,0.8999999999999773,0.5509999999999877]",-0.891111111,4.52,0.0,14.0,14.0,33.0,1.0,dromen,gdromen,question_gesture.png,im_hand.png,,,,,,
,,,843234,1,21,2023-09-12_18h06.41.933,flesh_expressibility_dutch,2022.2.4,MacIntel,62.5,,,,23.0,2.0,Nederlands,,,,,,Engels ,0.0,,0.0,,0.0,,0.0,,0.0,,0.0,,0.0,,0.0,NL,6.0,2.0,2.0,2.0,,sensorypref1,sensorypref2,sensorypref3,sensorypref4,1440.0,900.0,,,,,,,,,,,,,,,,,,,,,,,,,,,,,,,,,6.0,222.524,16.0,"[0.6659999999999968,0.5160000000000196,0.7160000000000082,0.5,0.6500000000000057,0.6659999999999968,0.5660000000000025,0.5500000000000114,1.9490000000000123,0.7330000000000041,0.5829999999999984,1.0159999999999911,1.0320000000000107,0.8999999999999773,0.5509999999999877,0.5840000000000032]","[0.6659999999999968,0.5160000000000196,0.7160000000000082,0.5,0.6510000000000105,0.6659999999999968,0.5660000000000025,0.5500000000000114,1.9490000000000123,0.7330000000000041,0.5840000000000032,1.0159999999999911,1.0320000000000107,0.8999999999999773,0.5509999999999877,0.5840000000000032]",-0.306666667,3.688,0.0,15.0,15.0,76.0,1.0,blauw,gblauw,question_gesture.png,im_hand.png,,,,,,
,,,843234,1,21,2023-09-12_18h06.41.933,flesh_expressibility_dutch,2022.2.4,MacIntel,62.5,,,,23.0,2.0,Nederlands,,,,,,Engels ,0.0,,0.0,,0.0,,0.0,,0.0,,0.0,,0.0,,0.0,NL,6.0,2.0,2.0,2.0,,sensorypref1,sensorypref2,sensorypref3,sensorypref4,1440.0,900.0,,,,,,,,,,,,,,,,,,,,,,,,,,,,,,,,,11.0,226.799,17.0,"[0.6659999999999968,0.5160000000000196,0.7160000000000082,0.5,0.6500000000000057,0.6659999999999968,0.5660000000000025,0.5500000000000114,1.9490000000000123,0.7330000000000041,0.5829999999999984,1.0159999999999911,1.0320000000000107,0.8999999999999773,0.5509999999999877,0.5840000000000032,0.7839999999999918]","[0.6659999999999968,0.5160000000000196,0.7160000000000082,0.5,0.6510000000000105,0.6659999999999968,0.5660000000000025,0.5500000000000114,1.9490000000000123,0.7330000000000041,0.5840000000000032,1.0159999999999911,1.0320000000000107,0.8999999999999773,0.5509999999999877,0.5840000000000032,0.7839999999999918]",0.075555556,3.009,0.0,16.0,16.0,199.0,1.0,nacht,gnacht,question_gesture.png,im_hand.png,,,,,,
,,,843234,1,21,2023-09-12_18h06.41.933,flesh_expressibility_dutch,2022.2.4,MacIntel,62.5,,,,23.0,2.0,Nederlands,,,,,,Engels ,0.0,,0.0,,0.0,,0.0,,0.0,,0.0,,0.0,,0.0,NL,6.0,2.0,2.0,2.0,,sensorypref1,sensorypref2,sensorypref3,sensorypref4,1440.0,900.0,,,,,,,,,,,,,,,,,,,,,,,,,,,,,,,,,10.0,230.642,18.0,"[0.6659999999999968,0.5160000000000196,0.7160000000000082,0.5,0.6500000000000057,0.6659999999999968,0.5660000000000025,0.5500000000000114,1.9490000000000123,0.7330000000000041,0.5829999999999984,1.0159999999999911,1.0320000000000107,0.8999999999999773,0.5509999999999877,0.5840000000000032,0.7839999999999918,0.6490000000000009]","[0.6659999999999968,0.5160000000000196,0.7160000000000082,0.5,0.6510000000000105,0.6659999999999968,0.5660000000000025,0.5500000000000114,1.9490000000000123,0.7330000000000041,0.5840000000000032,1.0159999999999911,1.0320000000000107,0.8999999999999773,0.5509999999999877,0.5840000000000032,0.7839999999999918,0.6490000000000009]",-0.3,2.694,0.0,17.0,17.0,43.0,1.0,rivier,grivier,question_gesture.png,im_hand.png,,,,,,
,,,843234,1,21,2023-09-12_18h06.41.933,flesh_expressibility_dutch,2022.2.4,MacIntel,62.5,,,,23.0,2.0,Nederlands,,,,,,Engels ,0.0,,0.0,,0.0,,0.0,,0.0,,0.0,,0.0,,0.0,NL,6.0,2.0,2.0,2.0,,sensorypref1,sensorypref2,sensorypref3,sensorypref4,1440.0,900.0,,,,,,,,,,,,,,,,,,,,,,,,,,,,,,,,,10.0,233.934,19.0,"[0.6659999999999968,0.5160000000000196,0.7160000000000082,0.5,0.6500000000000057,0.6659999999999968,0.5660000000000025,0.5500000000000114,1.9490000000000123,0.7330000000000041,0.5829999999999984,1.0159999999999911,1.0320000000000107,0.8999999999999773,0.5509999999999877,0.5840000000000032,0.7839999999999918,0.6490000000000009,0.7489999999999952]","[0.6659999999999968,0.5160000000000196,0.7160000000000082,0.5,0.6510000000000105,0.6659999999999968,0.5660000000000025,0.5500000000000114,1.9490000000000123,0.7330000000000041,0.5840000000000032,1.0159999999999911,1.0320000000000107,0.8999999999999773,0.5509999999999877,0.5840000000000032,0.7839999999999918,0.6490000000000009,0.7489999999999952]",0.288888889,3.453,0.0,18.0,18.0,52.0,1.0,vangen,gvangen,question_gesture.png,im_hand.png,,,,,,
,,,843234,1,21,2023-09-12_18h06.41.933,flesh_expressibility_dutch,2022.2.4,MacIntel,62.5,,,,23.0,2.0,Nederlands,,,,,,Engels ,0.0,,0.0,,0.0,,0.0,,0.0,,0.0,,0.0,,0.0,NL,6.0,2.0,2.0,2.0,,sensorypref1,sensorypref2,sensorypref3,sensorypref4,1440.0,900.0,,,,,,,,,,,,,,,,,,,,,,,,,,,,,,,,,12.0,238.135,20.0,"[0.6659999999999968,0.5160000000000196,0.7160000000000082,0.5,0.6500000000000057,0.6659999999999968,0.5660000000000025,0.5500000000000114,1.9490000000000123,0.7330000000000041,0.5829999999999984,1.0159999999999911,1.0320000000000107,0.8999999999999773,0.5509999999999877,0.5840000000000032,0.7839999999999918,0.6490000000000009,0.7489999999999952,1.8319999999999936]","[0.6659999999999968,0.5160000000000196,0.7160000000000082,0.5,0.6510000000000105,0.6659999999999968,0.5660000000000025,0.5500000000000114,1.9490000000000123,0.7330000000000041,0.5840000000000032,1.0159999999999911,1.0320000000000107,0.8999999999999773,0.5509999999999877,0.5840000000000032,0.7839999999999918,0.6490000000000009,0.7489999999999952,1.8319999999999936]",-0.048888889,2.903,0.0,19.0,19.0,134.0,1.0,water,gwater,question_gesture.png,im_hand.png,,,,,,
,,,843234,1,21,2023-09-12_18h06.41.933,flesh_expressibility_dutch,2022.2.4,MacIntel,62.5,,,,23.0,2.0,Nederlands,,,,,,Engels ,0.0,,0.0,,0.0,,0.0,,0.0,,0.0,,0.0,,0.0,NL,6.0,2.0,2.0,2.0,,sensorypref1,sensorypref2,sensorypref3,sensorypref4,1440.0,900.0,,,,,,,,,,,,,,,,,,,,,,,,,,,2.0,"[147.60399999999998,245.22299999999998]","[147.60399999999998,245.22299999999998]",2.0,"[149.119,246.387]","[149.119,246.387]",4.0,247.848,21.0,"[0.6659999999999968,0.5160000000000196,0.7160000000000082,0.5,0.6500000000000057,0.6659999999999968,0.5660000000000025,0.5500000000000114,1.9490000000000123,0.7330000000000041,0.5829999999999984,1.0159999999999911,1.0320000000000107,0.8999999999999773,0.5509999999999877,0.5840000000000032,0.7839999999999918,0.6490000000000009,0.7489999999999952,1.8319999999999936,0.6659999999999968]","[0.6659999999999968,0.5160000000000196,0.7160000000000082,0.5,0.6510000000000105,0.6659999999999968,0.5660000000000025,0.5500000000000114,1.9490000000000123,0.7330000000000041,0.5840000000000032,1.0159999999999911,1.0320000000000107,0.8999999999999773,0.5509999999999877,0.5840000000000032,0.7839999999999918,0.6490000000000009,0.7489999999999952,1.8319999999999936,0.6659999999999968]",-0.5,2.578,0.0,0.0,0.0,18.0,1.0,toekomst,vtoekomst,question_vocal.png,im_mouth.png,,,,,,
,,,843234,1,21,2023-09-12_18h06.41.933,flesh_expressibility_dutch,2022.2.4,MacIntel,62.5,,,,23.0,2.0,Nederlands,,,,,,Engels ,0.0,,0.0,,0.0,,0.0,,0.0,,0.0,,0.0,,0.0,NL,6.0,2.0,2.0,2.0,,sensorypref1,sensorypref2,sensorypref3,sensorypref4,1440.0,900.0,,,,,,,,,,,,,,,,,,,,,,,,,,,,,,,,,8.0,251.23,22.0,"[0.6659999999999968,0.5160000000000196,0.7160000000000082,0.5,0.6500000000000057,0.6659999999999968,0.5660000000000025,0.5500000000000114,1.9490000000000123,0.7330000000000041,0.5829999999999984,1.0159999999999911,1.0320000000000107,0.8999999999999773,0.5509999999999877,0.5840000000000032,0.7839999999999918,0.6490000000000009,0.7489999999999952,1.8319999999999936,0.6659999999999968,0.6829999999999927]","[0.6659999999999968,0.5160000000000196,0.7160000000000082,0.5,0.6510000000000105,0.6659999999999968,0.5660000000000025,0.5500000000000114,1.9490000000000123,0.7330000000000041,0.5840000000000032,1.0159999999999911,1.0320000000000107,0.8999999999999773,0.5509999999999877,0.5840000000000032,0.7839999999999918,0.6490000000000009,0.7489999999999952,1.8319999999999936,0.6659999999999968,0.6829999999999927]",-0.557777778,2.827,0.0,1.0,1.0,86.0,1.0,badderen,vbadderen,question_vocal.png,im_mouth.png,,,,,,
,,,843234,1,21,2023-09-12_18h06.41.933,flesh_expressibility_dutch,2022.2.4,MacIntel,62.5,,,,23.0,2.0,Nederlands,,,,,,Engels ,0.0,,0.0,,0.0,,0.0,,0.0,,0.0,,0.0,,0.0,NL,6.0,2.0,2.0,2.0,,sensorypref1,sensorypref2,sensorypref3,sensorypref4,1440.0,900.0,,,,,,,,,,,,,,,,,,,,,,,,,,,,,,,,,6.0,254.481,23.0,"[0.6659999999999968,0.5160000000000196,0.7160000000000082,0.5,0.6500000000000057,0.6659999999999968,0.5660000000000025,0.5500000000000114,1.9490000000000123,0.7330000000000041,0.5829999999999984,1.0159999999999911,1.0320000000000107,0.8999999999999773,0.5509999999999877,0.5840000000000032,0.7839999999999918,0.6490000000000009,0.7489999999999952,1.8319999999999936,0.6659999999999968,0.6829999999999927,0.7669999999999959]","[0.6659999999999968,0.5160000000000196,0.7160000000000082,0.5,0.6510000000000105,0.6659999999999968,0.5660000000000025,0.5500000000000114,1.9490000000000123,0.7330000000000041,0.5840000000000032,1.0159999999999911,1.0320000000000107,0.8999999999999773,0.5509999999999877,0.5840000000000032,0.7839999999999918,0.6490000000000009,0.7489999999999952,1.8319999999999936,0.6659999999999968,0.6829999999999927,0.7669999999999959]",-0.288888889,2.606,0.0,2.0,2.0,94.0,1.0,nu,vnu,question_vocal.png,im_mouth.png,,,,,,
,,,843234,1,21,2023-09-12_18h06.41.933,flesh_expressibility_dutch,2022.2.4,MacIntel,62.5,,,,23.0,2.0,Nederlands,,,,,,Engels ,0.0,,0.0,,0.0,,0.0,,0.0,,0.0,,0.0,,0.0,NL,6.0,2.0,2.0,2.0,,sensorypref1,sensorypref2,sensorypref3,sensorypref4,1440.0,900.0,,,,,,,,,,,,,,,,,,,,,,,,,,,,,,,,,8.0,257.874,24.0,"[0.6659999999999968,0.5160000000000196,0.7160000000000082,0.5,0.6500000000000057,0.6659999999999968,0.5660000000000025,0.5500000000000114,1.9490000000000123,0.7330000000000041,0.5829999999999984,1.0159999999999911,1.0320000000000107,0.8999999999999773,0.5509999999999877,0.5840000000000032,0.7839999999999918,0.6490000000000009,0.7489999999999952,1.8319999999999936,0.6659999999999968,0.6829999999999927,0.7669999999999959,0.5680000000000405]","[0.6659999999999968,0.5160000000000196,0.7160000000000082,0.5,0.6510000000000105,0.6659999999999968,0.5660000000000025,0.5500000000000114,1.9490000000000123,0.7330000000000041,0.5840000000000032,1.0159999999999911,1.0320000000000107,0.8999999999999773,0.5509999999999877,0.5840000000000032,0.7839999999999918,0.6490000000000009,0.7489999999999952,1.8319999999999936,0.6659999999999968,0.6829999999999927,0.7669999999999959,0.5680000000000405]",-0.117777778,15.909,0.0,3.0,3.0,160.0,1.0,wie,vwie,question_vocal.png,im_mouth.png,,,,,,
,,,843234,1,21,2023-09-12_18h06.41.933,flesh_expressibility_dutch,2022.2.4,MacIntel,62.5,,,,23.0,2.0,Nederlands,,,,,,Engels ,0.0,,0.0,,0.0,,0.0,,0.0,,0.0,,0.0,,0.0,NL,6.0,2.0,2.0,2.0,,sensorypref1,sensorypref2,sensorypref3,sensorypref4,1440.0,900.0,,,,,,,,,,,,,,,,,,,,,,,,,,,,,,,,,4.0,274.478,25.0,"[0.6659999999999968,0.5160000000000196,0.7160000000000082,0.5,0.6500000000000057,0.6659999999999968,0.5660000000000025,0.5500000000000114,1.9490000000000123,0.7330000000000041,0.5829999999999984,1.0159999999999911,1.0320000000000107,0.8999999999999773,0.5509999999999877,0.5840000000000032,0.7839999999999918,0.6490000000000009,0.7489999999999952,1.8319999999999936,0.6659999999999968,0.6829999999999927,0.7669999999999959,0.5680000000000405,1.1659999999999968]","[0.6659999999999968,0.5160000000000196,0.7160000000000082,0.5,0.6510000000000105,0.6659999999999968,0.5660000000000025,0.5500000000000114,1.9490000000000123,0.7330000000000041,0.5840000000000032,1.0159999999999911,1.0320000000000107,0.8999999999999773,0.5509999999999877,0.5840000000000032,0.7839999999999918,0.6490000000000009,0.7489999999999952,1.8319999999999936,0.6659999999999968,0.6829999999999927,0.7669999999999959,0.5680000000000405,1.1659999999999968]",0.82,2.202,0.0,4.0,4.0,170.0,1.0,groot,vgroot,question_vocal.png,im_mouth.png,,,,,,
,,,843234,1,21,2023-09-12_18h06.41.933,flesh_expressibility_dutch,2022.2.4,MacIntel,62.5,,,,23.0,2.0,Nederlands,,,,,,Engels ,0.0,,0.0,,0.0,,0.0,,0.0,,0.0,,0.0,,0.0,NL,6.0,2.0,2.0,2.0,,sensorypref1,sensorypref2,sensorypref3,sensorypref4,1440.0,900.0,,,,,,,,,,,,,,,,,,,,,,,,,,,,,,,,,7.0,277.889,26.0,"[0.6659999999999968,0.5160000000000196,0.7160000000000082,0.5,0.6500000000000057,0.6659999999999968,0.5660000000000025,0.5500000000000114,1.9490000000000123,0.7330000000000041,0.5829999999999984,1.0159999999999911,1.0320000000000107,0.8999999999999773,0.5509999999999877,0.5840000000000032,0.7839999999999918,0.6490000000000009,0.7489999999999952,1.8319999999999936,0.6659999999999968,0.6829999999999927,0.7669999999999959,0.5680000000000405,1.1659999999999968,0.5830000000000268]","[0.6659999999999968,0.5160000000000196,0.7160000000000082,0.5,0.6510000000000105,0.6659999999999968,0.5660000000000025,0.5500000000000114,1.9490000000000123,0.7330000000000041,0.5840000000000032,1.0159999999999911,1.0320000000000107,0.8999999999999773,0.5509999999999877,0.5840000000000032,0.7839999999999918,0.6490000000000009,0.7489999999999952,1.8319999999999936,0.6659999999999968,0.6829999999999927,0.7669999999999959,0.5680000000000405,1.1659999999999968,0.5830000000000268]",-0.331111111,2.487,0.0,5.0,5.0,122.0,1.0,lever,vlever,question_vocal.png,im_mouth.png,,,,,,
,,,843234,1,21,2023-09-12_18h06.41.933,flesh_expressibility_dutch,2022.2.4,MacIntel,62.5,,,,23.0,2.0,Nederlands,,,,,,Engels ,0.0,,0.0,,0.0,,0.0,,0.0,,0.0,,0.0,,0.0,NL,6.0,2.0,2.0,2.0,,sensorypref1,sensorypref2,sensorypref3,sensorypref4,1440.0,900.0,,,,,,,,,,,,,,,,,,,,,,,,,,,,,,,,,15.0,281.074,27.0,"[0.6659999999999968,0.5160000000000196,0.7160000000000082,0.5,0.6500000000000057,0.6659999999999968,0.5660000000000025,0.5500000000000114,1.9490000000000123,0.7330000000000041,0.5829999999999984,1.0159999999999911,1.0320000000000107,0.8999999999999773,0.5509999999999877,0.5840000000000032,0.7839999999999918,0.6490000000000009,0.7489999999999952,1.8319999999999936,0.6659999999999968,0.6829999999999927,0.7669999999999959,0.5680000000000405,1.1659999999999968,0.5830000000000268,1.2150000000000318]","[0.6659999999999968,0.5160000000000196,0.7160000000000082,0.5,0.6510000000000105,0.6659999999999968,0.5660000000000025,0.5500000000000114,1.9490000000000123,0.7330000000000041,0.5840000000000032,1.0159999999999911,1.0320000000000107,0.8999999999999773,0.5509999999999877,0.5840000000000032,0.7839999999999918,0.6490000000000009,0.7489999999999952,1.8319999999999936,0.6659999999999968,0.6829999999999927,0.7669999999999959,0.5680000000000405,1.1659999999999968,0.5830000000000268,1.2160000000000082]",-0.293333333,2.871,0.0,6.0,6.0,76.0,1.0,blauw,vblauw,question_vocal.png,im_mouth.png,,,,,,
,,,843234,1,21,2023-09-12_18h06.41.933,flesh_expressibility_dutch,2022.2.4,MacIntel,62.5,,,,23.0,2.0,Nederlands,,,,,,Engels ,0.0,,0.0,,0.0,,0.0,,0.0,,0.0,,0.0,,0.0,NL,6.0,2.0,2.0,2.0,,sensorypref1,sensorypref2,sensorypref3,sensorypref4,1440.0,900.0,,,,,,,,,,,,,,,,,,,,,,,,,,,,,,,,,14.0,285.009,28.0,"[0.6659999999999968,0.5160000000000196,0.7160000000000082,0.5,0.6500000000000057,0.6659999999999968,0.5660000000000025,0.5500000000000114,1.9490000000000123,0.7330000000000041,0.5829999999999984,1.0159999999999911,1.0320000000000107,0.8999999999999773,0.5509999999999877,0.5840000000000032,0.7839999999999918,0.6490000000000009,0.7489999999999952,1.8319999999999936,0.6659999999999968,0.6829999999999927,0.7669999999999959,0.5680000000000405,1.1659999999999968,0.5830000000000268,1.2150000000000318,0.7160000000000082]","[0.6659999999999968,0.5160000000000196,0.7160000000000082,0.5,0.6510000000000105,0.6659999999999968,0.5660000000000025,0.5500000000000114,1.9490000000000123,0.7330000000000041,0.5840000000000032,1.0159999999999911,1.0320000000000107,0.8999999999999773,0.5509999999999877,0.5840000000000032,0.7839999999999918,0.6490000000000009,0.7489999999999952,1.8319999999999936,0.6659999999999968,0.6829999999999927,0.7669999999999959,0.5680000000000405,1.1659999999999968,0.5830000000000268,1.2160000000000082,0.7160000000000082]",0.508888889,2.994,0.0,7.0,7.0,204.0,1.0,donker,vdonker,question_vocal.png,im_mouth.png,,,,,,
,,,843234,1,21,2023-09-12_18h06.41.933,flesh_expressibility_dutch,2022.2.4,MacIntel,62.5,,,,23.0,2.0,Nederlands,,,,,,Engels ,0.0,,0.0,,0.0,,0.0,,0.0,,0.0,,0.0,,0.0,NL,6.0,2.0,2.0,2.0,,sensorypref1,sensorypref2,sensorypref3,sensorypref4,1440.0,900.0,,,,,,,,,,,,,,,,,,,,,,,,,,,,,,,,,9.0,288.657,29.0,"[0.6659999999999968,0.5160000000000196,0.7160000000000082,0.5,0.6500000000000057,0.6659999999999968,0.5660000000000025,0.5500000000000114,1.9490000000000123,0.7330000000000041,0.5829999999999984,1.0159999999999911,1.0320000000000107,0.8999999999999773,0.5509999999999877,0.5840000000000032,0.7839999999999918,0.6490000000000009,0.7489999999999952,1.8319999999999936,0.6659999999999968,0.6829999999999927,0.7669999999999959,0.5680000000000405,1.1659999999999968,0.5830000000000268,1.2150000000000318,0.7160000000000082,0.7989999999999782]","[0.6659999999999968,0.5160000000000196,0.7160000000000082,0.5,0.6510000000000105,0.6659999999999968,0.5660000000000025,0.5500000000000114,1.9490000000000123,0.7330000000000041,0.5840000000000032,1.0159999999999911,1.0320000000000107,0.8999999999999773,0.5509999999999877,0.5840000000000032,0.7839999999999918,0.6490000000000009,0.7489999999999952,1.8319999999999936,0.6659999999999968,0.6829999999999927,0.7669999999999959,0.5680000000000405,1.1659999999999968,0.5830000000000268,1.2160000000000082,0.7160000000000082,0.7989999999999782]",0.057777778,2.342,0.0,8.0,8.0,197.0,1.0,rots,vrots,question_vocal.png,im_mouth.png,,,,,,
,,,843234,1,21,2023-09-12_18h06.41.933,flesh_expressibility_dutch,2022.2.4,MacIntel,62.5,,,,23.0,2.0,Nederlands,,,,,,Engels ,0.0,,0.0,,0.0,,0.0,,0.0,,0.0,,0.0,,0.0,NL,6.0,2.0,2.0,2.0,,sensorypref1,sensorypref2,sensorypref3,sensorypref4,1440.0,900.0,,,,,,,,,,,,,,,,,,,,,,,,,,,,,,,,,6.0,291.756,30.0,"[0.6659999999999968,0.5160000000000196,0.7160000000000082,0.5,0.6500000000000057,0.6659999999999968,0.5660000000000025,0.5500000000000114,1.9490000000000123,0.7330000000000041,0.5829999999999984,1.0159999999999911,1.0320000000000107,0.8999999999999773,0.5509999999999877,0.5840000000000032,0.7839999999999918,0.6490000000000009,0.7489999999999952,1.8319999999999936,0.6659999999999968,0.6829999999999927,0.7669999999999959,0.5680000000000405,1.1659999999999968,0.5830000000000268,1.2150000000000318,0.7160000000000082,0.7989999999999782,0.5989999999999895]","[0.6659999999999968,0.5160000000000196,0.7160000000000082,0.5,0.6510000000000105,0.6659999999999968,0.5660000000000025,0.5500000000000114,1.9490000000000123,0.7330000000000041,0.5840000000000032,1.0159999999999911,1.0320000000000107,0.8999999999999773,0.5509999999999877,0.5840000000000032,0.7839999999999918,0.6490000000000009,0.7489999999999952,1.8319999999999936,0.6659999999999968,0.6829999999999927,0.7669999999999959,0.5680000000000405,1.1659999999999968,0.5830000000000268,1.2160000000000082,0.7160000000000082,0.7989999999999782,0.5989999999999895]",0.453333333,2.594,0.0,9.0,9.0,125.0,1.0,huid,vhuid,question_vocal.png,im_mouth.png,,,,,,
,,,843234,1,21,2023-09-12_18h06.41.933,flesh_expressibility_dutch,2022.2.4,MacIntel,62.5,,,,23.0,2.0,Nederlands,,,,,,Engels ,0.0,,0.0,,0.0,,0.0,,0.0,,0.0,,0.0,,0.0,NL,6.0,2.0,2.0,2.0,,sensorypref1,sensorypref2,sensorypref3,sensorypref4,1440.0,900.0,,,,,,,,,,,,,,,,,,,,,,,,,,,,,,,,,8.0,295.063,31.0,"[0.6659999999999968,0.5160000000000196,0.7160000000000082,0.5,0.6500000000000057,0.6659999999999968,0.5660000000000025,0.5500000000000114,1.9490000000000123,0.7330000000000041,0.5829999999999984,1.0159999999999911,1.0320000000000107,0.8999999999999773,0.5509999999999877,0.5840000000000032,0.7839999999999918,0.6490000000000009,0.7489999999999952,1.8319999999999936,0.6659999999999968,0.6829999999999927,0.7669999999999959,0.5680000000000405,1.1659999999999968,0.5830000000000268,1.2150000000000318,0.7160000000000082,0.7989999999999782,0.5989999999999895,0.5659999999999741]","[0.6659999999999968,0.5160000000000196,0.7160000000000082,0.5,0.6510000000000105,0.6659999999999968,0.5660000000000025,0.5500000000000114,1.9490000000000123,0.7330000000000041,0.5840000000000032,1.0159999999999911,1.0320000000000107,0.8999999999999773,0.5509999999999877,0.5840000000000032,0.7839999999999918,0.6490000000000009,0.7489999999999952,1.8319999999999936,0.6659999999999968,0.6829999999999927,0.7669999999999959,0.5680000000000405,1.1659999999999968,0.5830000000000268,1.2160000000000082,0.7160000000000082,0.7989999999999782,0.5989999999999895,0.5659999999999741]",0.695555556,3.346,0.0,10.0,10.0,46.0,1.0,nat,vnat,question_vocal.png,im_mouth.png,,,,,,
,,,843234,1,21,2023-09-12_18h06.41.933,flesh_expressibility_dutch,2022.2.4,MacIntel,62.5,,,,23.0,2.0,Nederlands,,,,,,Engels ,0.0,,0.0,,0.0,,0.0,,0.0,,0.0,,0.0,,0.0,NL,6.0,2.0,2.0,2.0,,sensorypref1,sensorypref2,sensorypref3,sensorypref4,1440.0,900.0,,,,,,,,,,,,,,,,,,,,,,,,,,,,,,,,,9.0,299.107,32.0,"[0.6659999999999968,0.5160000000000196,0.7160000000000082,0.5,0.6500000000000057,0.6659999999999968,0.5660000000000025,0.5500000000000114,1.9490000000000123,0.7330000000000041,0.5829999999999984,1.0159999999999911,1.0320000000000107,0.8999999999999773,0.5509999999999877,0.5840000000000032,0.7839999999999918,0.6490000000000009,0.7489999999999952,1.8319999999999936,0.6659999999999968,0.6829999999999927,0.7669999999999959,0.5680000000000405,1.1659999999999968,0.5830000000000268,1.2150000000000318,0.7160000000000082,0.7989999999999782,0.5989999999999895,0.5659999999999741,4.579000000000008]","[0.6659999999999968,0.5160000000000196,0.7160000000000082,0.5,0.6510000000000105,0.6659999999999968,0.5660000000000025,0.5500000000000114,1.9490000000000123,0.7330000000000041,0.5840000000000032,1.0159999999999911,1.0320000000000107,0.8999999999999773,0.5509999999999877,0.5840000000000032,0.7839999999999918,0.6490000000000009,0.7489999999999952,1.8319999999999936,0.6659999999999968,0.6829999999999927,0.7669999999999959,0.5680000000000405,1.1659999999999968,0.5830000000000268,1.2160000000000082,0.7160000000000082,0.7989999999999782,0.5989999999999895,0.5659999999999741,4.579000000000008]",0.153333333,8.636,0.0,11.0,11.0,48.0,1.0,vliegen,vvliegen,question_vocal.png,im_mouth.png,,,,,,
,,,843234,1,21,2023-09-12_18h06.41.933,flesh_expressibility_dutch,2022.2.4,MacIntel,62.5,,,,23.0,2.0,Nederlands,,,,,,Engels ,0.0,,0.0,,0.0,,0.0,,0.0,,0.0,,0.0,,0.0,NL,6.0,2.0,2.0,2.0,,sensorypref1,sensorypref2,sensorypref3,sensorypref4,1440.0,900.0,,,,,,,,,,,,,,,,,,,,,,,,,,,,,,,,,7.0,308.302,33.0,"[0.6659999999999968,0.5160000000000196,0.7160000000000082,0.5,0.6500000000000057,0.6659999999999968,0.5660000000000025,0.5500000000000114,1.9490000000000123,0.7330000000000041,0.5829999999999984,1.0159999999999911,1.0320000000000107,0.8999999999999773,0.5509999999999877,0.5840000000000032,0.7839999999999918,0.6490000000000009,0.7489999999999952,1.8319999999999936,0.6659999999999968,0.6829999999999927,0.7669999999999959,0.5680000000000405,1.1659999999999968,0.5830000000000268,1.2150000000000318,0.7160000000000082,0.7989999999999782,0.5989999999999895,0.5659999999999741,4.579000000000008,0.5840000000000032]","[0.6659999999999968,0.5160000000000196,0.7160000000000082,0.5,0.6510000000000105,0.6659999999999968,0.5660000000000025,0.5500000000000114,1.9490000000000123,0.7330000000000041,0.5840000000000032,1.0159999999999911,1.0320000000000107,0.8999999999999773,0.5509999999999877,0.5840000000000032,0.7839999999999918,0.6490000000000009,0.7489999999999952,1.8319999999999936,0.6659999999999968,0.6829999999999927,0.7669999999999959,0.5680000000000405,1.1659999999999968,0.5830000000000268,1.2160000000000082,0.7160000000000082,0.7989999999999782,0.5989999999999895,0.5659999999999741,4.579000000000008,0.5840000000000032]",-0.046666667,3.97,0.0,12.0,12.0,50.0,1.0,zwemmen,vzwemmen,question_vocal.png,im_mouth.png,,,,,,
,,,843234,1,21,2023-09-12_18h06.41.933,flesh_expressibility_dutch,2022.2.4,MacIntel,62.5,,,,23.0,2.0,Nederlands,,,,,,Engels ,0.0,,0.0,,0.0,,0.0,,0.0,,0.0,,0.0,,0.0,NL,6.0,2.0,2.0,2.0,,sensorypref1,sensorypref2,sensorypref3,sensorypref4,1440.0,900.0,,,,,,,,,,,,,,,,,,,,,,,,,,,,,,,,,17.0,312.771,34.0,"[0.6659999999999968,0.5160000000000196,0.7160000000000082,0.5,0.6500000000000057,0.6659999999999968,0.5660000000000025,0.5500000000000114,1.9490000000000123,0.7330000000000041,0.5829999999999984,1.0159999999999911,1.0320000000000107,0.8999999999999773,0.5509999999999877,0.5840000000000032,0.7839999999999918,0.6490000000000009,0.7489999999999952,1.8319999999999936,0.6659999999999968,0.6829999999999927,0.7669999999999959,0.5680000000000405,1.1659999999999968,0.5830000000000268,1.2150000000000318,0.7160000000000082,0.7989999999999782,0.5989999999999895,0.5659999999999741,4.579000000000008,0.5840000000000032,1.349999999999966]","[0.6659999999999968,0.5160000000000196,0.7160000000000082,0.5,0.6510000000000105,0.6659999999999968,0.5660000000000025,0.5500000000000114,1.9490000000000123,0.7330000000000041,0.5840000000000032,1.0159999999999911,1.0320000000000107,0.8999999999999773,0.5509999999999877,0.5840000000000032,0.7839999999999918,0.6490000000000009,0.7489999999999952,1.8319999999999936,0.6659999999999968,0.6829999999999927,0.7669999999999959,0.5680000000000405,1.1659999999999968,0.5830000000000268,1.2160000000000082,0.7160000000000082,0.7989999999999782,0.5989999999999895,0.5659999999999741,4.579000000000008,0.5840000000000032,1.349999999999966]",-0.328888889,2.391,0.0,13.0,13.0,199.0,1.0,nacht,vnacht,question_vocal.png,im_mouth.png,,,,,,
,,,843234,1,21,2023-09-12_18h06.41.933,flesh_expressibility_dutch,2022.2.4,MacIntel,62.5,,,,23.0,2.0,Nederlands,,,,,,Engels ,0.0,,0.0,,0.0,,0.0,,0.0,,0.0,,0.0,,0.0,NL,6.0,2.0,2.0,2.0,,sensorypref1,sensorypref2,sensorypref3,sensorypref4,1440.0,900.0,,,,,,,,,,,,,,,,,,,,,,,,,,,,,,,,,6.0,316.454,35.0,"[0.6659999999999968,0.5160000000000196,0.7160000000000082,0.5,0.6500000000000057,0.6659999999999968,0.5660000000000025,0.5500000000000114,1.9490000000000123,0.7330000000000041,0.5829999999999984,1.0159999999999911,1.0320000000000107,0.8999999999999773,0.5509999999999877,0.5840000000000032,0.7839999999999918,0.6490000000000009,0.7489999999999952,1.8319999999999936,0.6659999999999968,0.6829999999999927,0.7669999999999959,0.5680000000000405,1.1659999999999968,0.5830000000000268,1.2150000000000318,0.7160000000000082,0.7989999999999782,0.5989999999999895,0.5659999999999741,4.579000000000008,0.5840000000000032,1.349999999999966,0.8330000000000268]","[0.6659999999999968,0.5160000000000196,0.7160000000000082,0.5,0.6510000000000105,0.6659999999999968,0.5660000000000025,0.5500000000000114,1.9490000000000123,0.7330000000000041,0.5840000000000032,1.0159999999999911,1.0320000000000107,0.8999999999999773,0.5509999999999877,0.5840000000000032,0.7839999999999918,0.6490000000000009,0.7489999999999952,1.8319999999999936,0.6659999999999968,0.6829999999999927,0.7669999999999959,0.5680000000000405,1.1659999999999968,0.5830000000000268,1.2160000000000082,0.7160000000000082,0.7989999999999782,0.5989999999999895,0.5659999999999741,4.579000000000008,0.5840000000000032,1.349999999999966,0.8330000000000268]",0.297777778,3.961,0.0,14.0,14.0,173.0,1.0,klein,vklein,question_vocal.png,im_mouth.png,,,,,,
,,,843234,1,21,2023-09-12_18h06.41.933,flesh_expressibility_dutch,2022.2.4,MacIntel,62.5,,,,23.0,2.0,Nederlands,,,,,,Engels ,0.0,,0.0,,0.0,,0.0,,0.0,,0.0,,0.0,,0.0,NL,6.0,2.0,2.0,2.0,,sensorypref1,sensorypref2,sensorypref3,sensorypref4,1440.0,900.0,,,,,,,,,,,,,,,,,,,,,,,,,,,,,,,,,10.0,321.291,36.0,"[0.6659999999999968,0.5160000000000196,0.7160000000000082,0.5,0.6500000000000057,0.6659999999999968,0.5660000000000025,0.5500000000000114,1.9490000000000123,0.7330000000000041,0.5829999999999984,1.0159999999999911,1.0320000000000107,0.8999999999999773,0.5509999999999877,0.5840000000000032,0.7839999999999918,0.6490000000000009,0.7489999999999952,1.8319999999999936,0.6659999999999968,0.6829999999999927,0.7669999999999959,0.5680000000000405,1.1659999999999968,0.5830000000000268,1.2150000000000318,0.7160000000000082,0.7989999999999782,0.5989999999999895,0.5659999999999741,4.579000000000008,0.5840000000000032,1.349999999999966,0.8330000000000268,2.098000000000013]","[0.6659999999999968,0.5160000000000196,0.7160000000000082,0.5,0.6510000000000105,0.6659999999999968,0.5660000000000025,0.5500000000000114,1.9490000000000123,0.7330000000000041,0.5840000000000032,1.0159999999999911,1.0320000000000107,0.8999999999999773,0.5509999999999877,0.5840000000000032,0.7839999999999918,0.6490000000000009,0.7489999999999952,1.8319999999999936,0.6659999999999968,0.6829999999999927,0.7669999999999959,0.5680000000000405,1.1659999999999968,0.5830000000000268,1.2160000000000082,0.7160000000000082,0.7989999999999782,0.5989999999999895,0.5659999999999741,4.579000000000008,0.5840000000000032,1.349999999999966,0.8330000000000268,2.098000000000013]",-0.515555556,3.336,0.0,15.0,15.0,63.0,1.0,hartig,vhartig,question_vocal.png,im_mouth.png,,,,,,
,,,843234,1,21,2023-09-12_18h06.41.933,flesh_expressibility_dutch,2022.2.4,MacIntel,62.5,,,,23.0,2.0,Nederlands,,,,,,Engels ,0.0,,0.0,,0.0,,0.0,,0.0,,0.0,,0.0,,0.0,NL,6.0,2.0,2.0,2.0,,sensorypref1,sensorypref2,sensorypref3,sensorypref4,1440.0,900.0,,,,,,,,,,,,,,,,,,,,,,,,,,,,,,,,,8.0,325.472,37.0,"[0.6659999999999968,0.5160000000000196,0.7160000000000082,0.5,0.6500000000000057,0.6659999999999968,0.5660000000000025,0.5500000000000114,1.9490000000000123,0.7330000000000041,0.5829999999999984,1.0159999999999911,1.0320000000000107,0.8999999999999773,0.5509999999999877,0.5840000000000032,0.7839999999999918,0.6490000000000009,0.7489999999999952,1.8319999999999936,0.6659999999999968,0.6829999999999927,0.7669999999999959,0.5680000000000405,1.1659999999999968,0.5830000000000268,1.2150000000000318,0.7160000000000082,0.7989999999999782,0.5989999999999895,0.5659999999999741,4.579000000000008,0.5840000000000032,1.349999999999966,0.8330000000000268,2.098000000000013,0.6829999999999927]","[0.6659999999999968,0.5160000000000196,0.7160000000000082,0.5,0.6510000000000105,0.6659999999999968,0.5660000000000025,0.5500000000000114,1.9490000000000123,0.7330000000000041,0.5840000000000032,1.0159999999999911,1.0320000000000107,0.8999999999999773,0.5509999999999877,0.5840000000000032,0.7839999999999918,0.6490000000000009,0.7489999999999952,1.8319999999999936,0.6659999999999968,0.6829999999999927,0.7669999999999959,0.5680000000000405,1.1659999999999968,0.5830000000000268,1.2160000000000082,0.7160000000000082,0.7989999999999782,0.5989999999999895,0.5659999999999741,4.579000000000008,0.5840000000000032,1.349999999999966,0.8330000000000268,2.098000000000013,0.6829999999999927]",0.735555556,2.986,0.0,16.0,16.0,25.0,1.0,dood,vdood,question_vocal.png,im_mouth.png,,,,,,
,,,843234,1,21,2023-09-12_18h06.41.933,flesh_expressibility_dutch,2022.2.4,MacIntel,62.5,,,,23.0,2.0,Nederlands,,,,,,Engels ,0.0,,0.0,,0.0,,0.0,,0.0,,0.0,,0.0,,0.0,NL,6.0,2.0,2.0,2.0,,sensorypref1,sensorypref2,sensorypref3,sensorypref4,1440.0,900.0,,,,,,,,,,,,,,,,,,,,,,,,,,,,,,,,,6.0,329.04,38.0,"[0.6659999999999968,0.5160000000000196,0.7160000000000082,0.5,0.6500000000000057,0.6659999999999968,0.5660000000000025,0.5500000000000114,1.9490000000000123,0.7330000000000041,0.5829999999999984,1.0159999999999911,1.0320000000000107,0.8999999999999773,0.5509999999999877,0.5840000000000032,0.7839999999999918,0.6490000000000009,0.7489999999999952,1.8319999999999936,0.6659999999999968,0.6829999999999927,0.7669999999999959,0.5680000000000405,1.1659999999999968,0.5830000000000268,1.2150000000000318,0.7160000000000082,0.7989999999999782,0.5989999999999895,0.5659999999999741,4.579000000000008,0.5840000000000032,1.349999999999966,0.8330000000000268,2.098000000000013,0.6829999999999927,1.0489999999999782]","[0.6659999999999968,0.5160000000000196,0.7160000000000082,0.5,0.6510000000000105,0.6659999999999968,0.5660000000000025,0.5500000000000114,1.9490000000000123,0.7330000000000041,0.5840000000000032,1.0159999999999911,1.0320000000000107,0.8999999999999773,0.5509999999999877,0.5840000000000032,0.7839999999999918,0.6490000000000009,0.7489999999999952,1.8319999999999936,0.6659999999999968,0.6829999999999927,0.7669999999999959,0.5680000000000405,1.1659999999999968,0.5830000000000268,1.2160000000000082,0.7160000000000082,0.7989999999999782,0.5989999999999895,0.5659999999999741,4.579000000000008,0.5840000000000032,1.349999999999966,0.8330000000000268,2.098000000000013,0.6829999999999927,1.0489999999999782]",0.477777778,2.519,0.0,17.0,17.0,88.0,1.0,verzamelen,vverzamelen,question_vocal.png,im_mouth.png,,,,,,
,,,843234,1,21,2023-09-12_18h06.41.933,flesh_expressibility_dutch,2022.2.4,MacIntel,62.5,,,,23.0,2.0,Nederlands,,,,,,Engels ,0.0,,0.0,,0.0,,0.0,,0.0,,0.0,,0.0,,0.0,NL,6.0,2.0,2.0,2.0,,sensorypref1,sensorypref2,sensorypref3,sensorypref4,1440.0,900.0,,,,,,,,,,,,,,,,,,,,,,,,,,,,,,,,,9.0,332.654,39.0,"[0.6659999999999968,0.5160000000000196,0.7160000000000082,0.5,0.6500000000000057,0.6659999999999968,0.5660000000000025,0.5500000000000114,1.9490000000000123,0.7330000000000041,0.5829999999999984,1.0159999999999911,1.0320000000000107,0.8999999999999773,0.5509999999999877,0.5840000000000032,0.7839999999999918,0.6490000000000009,0.7489999999999952,1.8319999999999936,0.6659999999999968,0.6829999999999927,0.7669999999999959,0.5680000000000405,1.1659999999999968,0.5830000000000268,1.2150000000000318,0.7160000000000082,0.7989999999999782,0.5989999999999895,0.5659999999999741,4.579000000000008,0.5840000000000032,1.349999999999966,0.8330000000000268,2.098000000000013,0.6829999999999927,1.0489999999999782,0.8829999999999814]","[0.6659999999999968,0.5160000000000196,0.7160000000000082,0.5,0.6510000000000105,0.6659999999999968,0.5660000000000025,0.5500000000000114,1.9490000000000123,0.7330000000000041,0.5840000000000032,1.0159999999999911,1.0320000000000107,0.8999999999999773,0.5509999999999877,0.5840000000000032,0.7839999999999918,0.6490000000000009,0.7489999999999952,1.8319999999999936,0.6659999999999968,0.6829999999999927,0.7669999999999959,0.5680000000000405,1.1659999999999968,0.5830000000000268,1.2160000000000082,0.7160000000000082,0.7989999999999782,0.5989999999999895,0.5659999999999741,4.579000000000008,0.5840000000000032,1.349999999999966,0.8330000000000268,2.098000000000013,0.6829999999999927,1.0489999999999782,0.8829999999999814]",0.246666667,2.022,0.0,18.0,18.0,113.0,1.0,bot (lichaam),vbot (lichaam),question_vocal.png,im_mouth.png,,,,,,
,,,843234,1,21,2023-09-12_18h06.41.933,flesh_expressibility_dutch,2022.2.4,MacIntel,62.5,,,,23.0,2.0,Nederlands,,,,,,Engels ,0.0,,0.0,,0.0,,0.0,,0.0,,0.0,,0.0,,0.0,NL,6.0,2.0,2.0,2.0,,sensorypref1,sensorypref2,sensorypref3,sensorypref4,1440.0,900.0,,,,,,,,,,,,,,,,,,,,,,,,,,,,,,,,,4.0,335.568,40.0,"[0.6659999999999968,0.5160000000000196,0.7160000000000082,0.5,0.6500000000000057,0.6659999999999968,0.5660000000000025,0.5500000000000114,1.9490000000000123,0.7330000000000041,0.5829999999999984,1.0159999999999911,1.0320000000000107,0.8999999999999773,0.5509999999999877,0.5840000000000032,0.7839999999999918,0.6490000000000009,0.7489999999999952,1.8319999999999936,0.6659999999999968,0.6829999999999927,0.7669999999999959,0.5680000000000405,1.1659999999999968,0.5830000000000268,1.2150000000000318,0.7160000000000082,0.7989999999999782,0.5989999999999895,0.5659999999999741,4.579000000000008,0.5840000000000032,1.349999999999966,0.8330000000000268,2.098000000000013,0.6829999999999927,1.0489999999999782,0.8829999999999814,0.6000000000000227]","[0.6659999999999968,0.5160000000000196,0.7160000000000082,0.5,0.6510000000000105,0.6659999999999968,0.5660000000000025,0.5500000000000114,1.9490000000000123,0.7330000000000041,0.5840000000000032,1.0159999999999911,1.0320000000000107,0.8999999999999773,0.5509999999999877,0.5840000000000032,0.7839999999999918,0.6490000000000009,0.7489999999999952,1.8319999999999936,0.6659999999999968,0.6829999999999927,0.7669999999999959,0.5680000000000405,1.1659999999999968,0.5830000000000268,1.2160000000000082,0.7160000000000082,0.7989999999999782,0.5989999999999895,0.5659999999999741,4.579000000000008,0.5840000000000032,1.349999999999966,0.8330000000000268,2.098000000000013,0.6829999999999927,1.0489999999999782,0.8829999999999814,0.6000000000000227]",0.866666667,2.19,0.0,19.0,19.0,91.0,1.0,koud,vkoud,question_vocal.png,im_mouth.png,,,,,,
,,,843234,1,21,2023-09-12_18h06.41.933,flesh_expressibility_dutch,2022.2.4,MacIntel,62.5,,,,23.0,2.0,Nederlands,,,,,,Engels ,0.0,,0.0,,0.0,,0.0,,0.0,,0.0,,0.0,,0.0,NL,6.0,2.0,2.0,2.0,,sensorypref1,sensorypref2,sensorypref3,sensorypref4,1440.0,900.0,,,,,,,,,,,,,,,,,,,,,,,,,,,3.0,"[147.60399999999998,245.22299999999998,342.475]","[147.60399999999998,245.22299999999998,342.475]",3.0,"[149.119,246.387,346.77]","[149.119,246.387,346.771]",8.0,348.12,41.0,"[0.6659999999999968,0.5160000000000196,0.7160000000000082,0.5,0.6500000000000057,0.6659999999999968,0.5660000000000025,0.5500000000000114,1.9490000000000123,0.7330000000000041,0.5829999999999984,1.0159999999999911,1.0320000000000107,0.8999999999999773,0.5509999999999877,0.5840000000000032,0.7839999999999918,0.6490000000000009,0.7489999999999952,1.8319999999999936,0.6659999999999968,0.6829999999999927,0.7669999999999959,0.5680000000000405,1.1659999999999968,0.5830000000000268,1.2150000000000318,0.7160000000000082,0.7989999999999782,0.5989999999999895,0.5659999999999741,4.579000000000008,0.5840000000000032,1.349999999999966,0.8330000000000268,2.098000000000013,0.6829999999999927,1.0489999999999782,0.8829999999999814,0.6000000000000227,0.5669999999998936]","[0.6659999999999968,0.5160000000000196,0.7160000000000082,0.5,0.6510000000000105,0.6659999999999968,0.5660000000000025,0.5500000000000114,1.9490000000000123,0.7330000000000041,0.5840000000000032,1.0159999999999911,1.0320000000000107,0.8999999999999773,0.5509999999999877,0.5840000000000032,0.7839999999999918,0.6490000000000009,0.7489999999999952,1.8319999999999936,0.6659999999999968,0.6829999999999927,0.7669999999999959,0.5680000000000405,1.1659999999999968,0.5830000000000268,1.2160000000000082,0.7160000000000082,0.7989999999999782,0.5989999999999895,0.5659999999999741,4.579000000000008,0.5840000000000032,1.349999999999966,0.8330000000000268,2.098000000000013,0.6829999999999927,1.0489999999999782,0.8829999999999814,0.6000000000000227,0.5669999999998936]",0.72,2.11,0.0,0.0,0.0,129.0,1.0,goed,mgoed,question_multimodal.png,im_combination.png,,,,,,
,,,843234,1,21,2023-09-12_18h06.41.933,flesh_expressibility_dutch,2022.2.4,MacIntel,62.5,,,,23.0,2.0,Nederlands,,,,,,Engels ,0.0,,0.0,,0.0,,0.0,,0.0,,0.0,,0.0,,0.0,NL,6.0,2.0,2.0,2.0,,sensorypref1,sensorypref2,sensorypref3,sensorypref4,1440.0,900.0,,,,,,,,,,,,,,,,,,,,,,,,,,,,,,,,,9.0,350.803,42.0,"[0.6659999999999968,0.5160000000000196,0.7160000000000082,0.5,0.6500000000000057,0.6659999999999968,0.5660000000000025,0.5500000000000114,1.9490000000000123,0.7330000000000041,0.5829999999999984,1.0159999999999911,1.0320000000000107,0.8999999999999773,0.5509999999999877,0.5840000000000032,0.7839999999999918,0.6490000000000009,0.7489999999999952,1.8319999999999936,0.6659999999999968,0.6829999999999927,0.7669999999999959,0.5680000000000405,1.1659999999999968,0.5830000000000268,1.2150000000000318,0.7160000000000082,0.7989999999999782,0.5989999999999895,0.5659999999999741,4.579000000000008,0.5840000000000032,1.349999999999966,0.8330000000000268,2.098000000000013,0.6829999999999927,1.0489999999999782,0.8829999999999814,0.6000000000000227,0.5669999999998936,2.481999999999971]","[0.6659999999999968,0.5160000000000196,0.7160000000000082,0.5,0.6510000000000105,0.6659999999999968,0.5660000000000025,0.5500000000000114,1.9490000000000123,0.7330000000000041,0.5840000000000032,1.0159999999999911,1.0320000000000107,0.8999999999999773,0.5509999999999877,0.5840000000000032,0.7839999999999918,0.6490000000000009,0.7489999999999952,1.8319999999999936,0.6659999999999968,0.6829999999999927,0.7669999999999959,0.5680000000000405,1.1659999999999968,0.5830000000000268,1.2160000000000082,0.7160000000000082,0.7989999999999782,0.5989999999999895,0.5659999999999741,4.579000000000008,0.5840000000000032,1.349999999999966,0.8330000000000268,2.098000000000013,0.6829999999999927,1.0489999999999782,0.8829999999999814,0.6000000000000227,0.5669999999998936,2.481999999999971]",-0.12,3.603,0.0,1.0,1.0,156.0,1.0,blad,mblad,question_multimodal.png,im_combination.png,,,,,,
,,,843234,1,21,2023-09-12_18h06.41.933,flesh_expressibility_dutch,2022.2.4,MacIntel,62.5,,,,23.0,2.0,Nederlands,,,,,,Engels ,0.0,,0.0,,0.0,,0.0,,0.0,,0.0,,0.0,,0.0,NL,6.0,2.0,2.0,2.0,,sensorypref1,sensorypref2,sensorypref3,sensorypref4,1440.0,900.0,,,,,,,,,,,,,,,,,,,,,,,,,,,,,,,,,10.0,355.766,43.0,"[0.6659999999999968,0.5160000000000196,0.7160000000000082,0.5,0.6500000000000057,0.6659999999999968,0.5660000000000025,0.5500000000000114,1.9490000000000123,0.7330000000000041,0.5829999999999984,1.0159999999999911,1.0320000000000107,0.8999999999999773,0.5509999999999877,0.5840000000000032,0.7839999999999918,0.6490000000000009,0.7489999999999952,1.8319999999999936,0.6659999999999968,0.6829999999999927,0.7669999999999959,0.5680000000000405,1.1659999999999968,0.5830000000000268,1.2150000000000318,0.7160000000000082,0.7989999999999782,0.5989999999999895,0.5659999999999741,4.579000000000008,0.5840000000000032,1.349999999999966,0.8330000000000268,2.098000000000013,0.6829999999999927,1.0489999999999782,0.8829999999999814,0.6000000000000227,0.5669999999998936,2.481999999999971,0.6159999999999854]","[0.6659999999999968,0.5160000000000196,0.7160000000000082,0.5,0.6510000000000105,0.6659999999999968,0.5660000000000025,0.5500000000000114,1.9490000000000123,0.7330000000000041,0.5840000000000032,1.0159999999999911,1.0320000000000107,0.8999999999999773,0.5509999999999877,0.5840000000000032,0.7839999999999918,0.6490000000000009,0.7489999999999952,1.8319999999999936,0.6659999999999968,0.6829999999999927,0.7669999999999959,0.5680000000000405,1.1659999999999968,0.5830000000000268,1.2160000000000082,0.7160000000000082,0.7989999999999782,0.5989999999999895,0.5659999999999741,4.579000000000008,0.5840000000000032,1.349999999999966,0.8330000000000268,2.098000000000013,0.6829999999999927,1.0489999999999782,0.8829999999999814,0.6000000000000227,0.5669999999998936,2.481999999999971,0.6159999999999854]",0.244444444,3.752,0.0,2.0,2.0,96.0,1.0,verbranden,mverbranden,question_multimodal.png,im_combination.png,,,,,,
,,,843234,1,21,2023-09-12_18h06.41.933,flesh_expressibility_dutch,2022.2.4,MacIntel,62.5,,,,23.0,2.0,Nederlands,,,,,,Engels ,0.0,,0.0,,0.0,,0.0,,0.0,,0.0,,0.0,,0.0,NL,6.0,2.0,2.0,2.0,,sensorypref1,sensorypref2,sensorypref3,sensorypref4,1440.0,900.0,,,,,,,,,,,,,,,,,,,,,,,,,,,,,,,,,10.0,360.15,44.0,"[0.6659999999999968,0.5160000000000196,0.7160000000000082,0.5,0.6500000000000057,0.6659999999999968,0.5660000000000025,0.5500000000000114,1.9490000000000123,0.7330000000000041,0.5829999999999984,1.0159999999999911,1.0320000000000107,0.8999999999999773,0.5509999999999877,0.5840000000000032,0.7839999999999918,0.6490000000000009,0.7489999999999952,1.8319999999999936,0.6659999999999968,0.6829999999999927,0.7669999999999959,0.5680000000000405,1.1659999999999968,0.5830000000000268,1.2150000000000318,0.7160000000000082,0.7989999999999782,0.5989999999999895,0.5659999999999741,4.579000000000008,0.5840000000000032,1.349999999999966,0.8330000000000268,2.098000000000013,0.6829999999999927,1.0489999999999782,0.8829999999999814,0.6000000000000227,0.5669999999998936,2.481999999999971,0.6159999999999854,0.6169999999999618]","[0.6659999999999968,0.5160000000000196,0.7160000000000082,0.5,0.6510000000000105,0.6659999999999968,0.5660000000000025,0.5500000000000114,1.9490000000000123,0.7330000000000041,0.5840000000000032,1.0159999999999911,1.0320000000000107,0.8999999999999773,0.5509999999999877,0.5840000000000032,0.7839999999999918,0.6490000000000009,0.7489999999999952,1.8319999999999936,0.6659999999999968,0.6829999999999927,0.7669999999999959,0.5680000000000405,1.1659999999999968,0.5830000000000268,1.2160000000000082,0.7160000000000082,0.7989999999999782,0.5989999999999895,0.5659999999999741,4.579000000000008,0.5840000000000032,1.349999999999966,0.8330000000000268,2.098000000000013,0.6829999999999927,1.0489999999999782,0.8829999999999814,0.6000000000000227,0.5669999999998936,2.481999999999971,0.6159999999999854,0.6169999999999618]",0.293333333,2.259,0.0,3.0,3.0,5.0,1.0,honing,mhoning,question_multimodal.png,im_combination.png,,,,,,
,,,843234,1,21,2023-09-12_18h06.41.933,flesh_expressibility_dutch,2022.2.4,MacIntel,62.5,,,,23.0,2.0,Nederlands,,,,,,Engels ,0.0,,0.0,,0.0,,0.0,,0.0,,0.0,,0.0,,0.0,NL,6.0,2.0,2.0,2.0,,sensorypref1,sensorypref2,sensorypref3,sensorypref4,1440.0,900.0,,,,,,,,,,,,,,,,,,,,,,,,,,,,,,,,,6.0,363.234,45.0,"[0.6659999999999968,0.5160000000000196,0.7160000000000082,0.5,0.6500000000000057,0.6659999999999968,0.5660000000000025,0.5500000000000114,1.9490000000000123,0.7330000000000041,0.5829999999999984,1.0159999999999911,1.0320000000000107,0.8999999999999773,0.5509999999999877,0.5840000000000032,0.7839999999999918,0.6490000000000009,0.7489999999999952,1.8319999999999936,0.6659999999999968,0.6829999999999927,0.7669999999999959,0.5680000000000405,1.1659999999999968,0.5830000000000268,1.2150000000000318,0.7160000000000082,0.7989999999999782,0.5989999999999895,0.5659999999999741,4.579000000000008,0.5840000000000032,1.349999999999966,0.8330000000000268,2.098000000000013,0.6829999999999927,1.0489999999999782,0.8829999999999814,0.6000000000000227,0.5669999999998936,2.481999999999971,0.6159999999999854,0.6169999999999618,1.1820000000000164]","[0.6659999999999968,0.5160000000000196,0.7160000000000082,0.5,0.6510000000000105,0.6659999999999968,0.5660000000000025,0.5500000000000114,1.9490000000000123,0.7330000000000041,0.5840000000000032,1.0159999999999911,1.0320000000000107,0.8999999999999773,0.5509999999999877,0.5840000000000032,0.7839999999999918,0.6490000000000009,0.7489999999999952,1.8319999999999936,0.6659999999999968,0.6829999999999927,0.7669999999999959,0.5680000000000405,1.1659999999999968,0.5830000000000268,1.2160000000000082,0.7160000000000082,0.7989999999999782,0.5989999999999895,0.5659999999999741,4.579000000000008,0.5840000000000032,1.349999999999966,0.8330000000000268,2.098000000000013,0.6829999999999927,1.0489999999999782,0.8829999999999814,0.6000000000000227,0.5669999999998936,2.481999999999971,0.6159999999999854,0.6169999999999618,1.1820000000000164]",0.153333333,3.327,0.0,4.0,4.0,58.0,1.0,wanneer,mwanneer,question_multimodal.png,im_combination.png,,,,,,
,,,843234,1,21,2023-09-12_18h06.41.933,flesh_expressibility_dutch,2022.2.4,MacIntel,62.5,,,,23.0,2.0,Nederlands,,,,,,Engels ,0.0,,0.0,,0.0,,0.0,,0.0,,0.0,,0.0,,0.0,NL,6.0,2.0,2.0,2.0,,sensorypref1,sensorypref2,sensorypref3,sensorypref4,1440.0,900.0,,,,,,,,,,,,,,,,,,,,,,,,,,,,,,,,,12.0,367.86,46.0,"[0.6659999999999968,0.5160000000000196,0.7160000000000082,0.5,0.6500000000000057,0.6659999999999968,0.5660000000000025,0.5500000000000114,1.9490000000000123,0.7330000000000041,0.5829999999999984,1.0159999999999911,1.0320000000000107,0.8999999999999773,0.5509999999999877,0.5840000000000032,0.7839999999999918,0.6490000000000009,0.7489999999999952,1.8319999999999936,0.6659999999999968,0.6829999999999927,0.7669999999999959,0.5680000000000405,1.1659999999999968,0.5830000000000268,1.2150000000000318,0.7160000000000082,0.7989999999999782,0.5989999999999895,0.5659999999999741,4.579000000000008,0.5840000000000032,1.349999999999966,0.8330000000000268,2.098000000000013,0.6829999999999927,1.0489999999999782,0.8829999999999814,0.6000000000000227,0.5669999999998936,2.481999999999971,0.6159999999999854,0.6169999999999618,1.1820000000000164,2.08299999999997]","[0.6659999999999968,0.5160000000000196,0.7160000000000082,0.5,0.6510000000000105,0.6659999999999968,0.5660000000000025,0.5500000000000114,1.9490000000000123,0.7330000000000041,0.5840000000000032,1.0159999999999911,1.0320000000000107,0.8999999999999773,0.5509999999999877,0.5840000000000032,0.7839999999999918,0.6490000000000009,0.7489999999999952,1.8319999999999936,0.6659999999999968,0.6829999999999927,0.7669999999999959,0.5680000000000405,1.1659999999999968,0.5830000000000268,1.2160000000000082,0.7160000000000082,0.7989999999999782,0.5989999999999895,0.5659999999999741,4.579000000000008,0.5840000000000032,1.349999999999966,0.8330000000000268,2.098000000000013,0.6829999999999927,1.0489999999999782,0.8829999999999814,0.6000000000000227,0.5669999999998936,2.481999999999971,0.6159999999999854,0.6169999999999618,1.1820000000000164,2.08299999999997]",0.655555556,3.603,0.0,5.0,5.0,93.0,1.0,kleding,mkleding,question_multimodal.png,im_combination.png,,,,,,
,,,843234,1,21,2023-09-12_18h06.41.933,flesh_expressibility_dutch,2022.2.4,MacIntel,62.5,,,,23.0,2.0,Nederlands,,,,,,Engels ,0.0,,0.0,,0.0,,0.0,,0.0,,0.0,,0.0,,0.0,NL,6.0,2.0,2.0,2.0,,sensorypref1,sensorypref2,sensorypref3,sensorypref4,1440.0,900.0,,,,,,,,,,,,,,,,,,,,,,,,,,,,,,,,,13.0,371.919,47.0,"[0.6659999999999968,0.5160000000000196,0.7160000000000082,0.5,0.6500000000000057,0.6659999999999968,0.5660000000000025,0.5500000000000114,1.9490000000000123,0.7330000000000041,0.5829999999999984,1.0159999999999911,1.0320000000000107,0.8999999999999773,0.5509999999999877,0.5840000000000032,0.7839999999999918,0.6490000000000009,0.7489999999999952,1.8319999999999936,0.6659999999999968,0.6829999999999927,0.7669999999999959,0.5680000000000405,1.1659999999999968,0.5830000000000268,1.2150000000000318,0.7160000000000082,0.7989999999999782,0.5989999999999895,0.5659999999999741,4.579000000000008,0.5840000000000032,1.349999999999966,0.8330000000000268,2.098000000000013,0.6829999999999927,1.0489999999999782,0.8829999999999814,0.6000000000000227,0.5669999999998936,2.481999999999971,0.6159999999999854,0.6169999999999618,1.1820000000000164,2.08299999999997,0.6500000000000341]","[0.6659999999999968,0.5160000000000196,0.7160000000000082,0.5,0.6510000000000105,0.6659999999999968,0.5660000000000025,0.5500000000000114,1.9490000000000123,0.7330000000000041,0.5840000000000032,1.0159999999999911,1.0320000000000107,0.8999999999999773,0.5509999999999877,0.5840000000000032,0.7839999999999918,0.6490000000000009,0.7489999999999952,1.8319999999999936,0.6659999999999968,0.6829999999999927,0.7669999999999959,0.5680000000000405,1.1659999999999968,0.5830000000000268,1.2160000000000082,0.7160000000000082,0.7989999999999782,0.5989999999999895,0.5659999999999741,4.579000000000008,0.5840000000000032,1.349999999999966,0.8330000000000268,2.098000000000013,0.6829999999999927,1.0489999999999782,0.8829999999999814,0.6000000000000227,0.5669999999998936,2.481999999999971,0.6159999999999854,0.6169999999999618,1.1820000000000164,2.08299999999997,0.6500000000000341]",0.84,2.427,0.0,6.0,6.0,95.0,1.0,niet,mniet,question_multimodal.png,im_combination.png,,,,,,
,,,843234,1,21,2023-09-12_18h06.41.933,flesh_expressibility_dutch,2022.2.4,MacIntel,62.5,,,,23.0,2.0,Nederlands,,,,,,Engels ,0.0,,0.0,,0.0,,0.0,,0.0,,0.0,,0.0,,0.0,NL,6.0,2.0,2.0,2.0,,sensorypref1,sensorypref2,sensorypref3,sensorypref4,1440.0,900.0,,,,,,,,,,,,,,,,,,,,,,,,,,,,,,,,,4.0,375.049,48.0,"[0.6659999999999968,0.5160000000000196,0.7160000000000082,0.5,0.6500000000000057,0.6659999999999968,0.5660000000000025,0.5500000000000114,1.9490000000000123,0.7330000000000041,0.5829999999999984,1.0159999999999911,1.0320000000000107,0.8999999999999773,0.5509999999999877,0.5840000000000032,0.7839999999999918,0.6490000000000009,0.7489999999999952,1.8319999999999936,0.6659999999999968,0.6829999999999927,0.7669999999999959,0.5680000000000405,1.1659999999999968,0.5830000000000268,1.2150000000000318,0.7160000000000082,0.7989999999999782,0.5989999999999895,0.5659999999999741,4.579000000000008,0.5840000000000032,1.349999999999966,0.8330000000000268,2.098000000000013,0.6829999999999927,1.0489999999999782,0.8829999999999814,0.6000000000000227,0.5669999999998936,2.481999999999971,0.6159999999999854,0.6169999999999618,1.1820000000000164,2.08299999999997,0.6500000000000341,0.7169999999999845]","[0.6659999999999968,0.5160000000000196,0.7160000000000082,0.5,0.6510000000000105,0.6659999999999968,0.5660000000000025,0.5500000000000114,1.9490000000000123,0.7330000000000041,0.5840000000000032,1.0159999999999911,1.0320000000000107,0.8999999999999773,0.5509999999999877,0.5840000000000032,0.7839999999999918,0.6490000000000009,0.7489999999999952,1.8319999999999936,0.6659999999999968,0.6829999999999927,0.7669999999999959,0.5680000000000405,1.1659999999999968,0.5830000000000268,1.2160000000000082,0.7160000000000082,0.7989999999999782,0.5989999999999895,0.5659999999999741,4.579000000000008,0.5840000000000032,1.349999999999966,0.8330000000000268,2.098000000000013,0.6829999999999927,1.0489999999999782,0.8829999999999814,0.6000000000000227,0.5669999999998936,2.481999999999971,0.6159999999999854,0.6169999999999618,1.1820000000000164,2.08299999999997,0.6500000000000341,0.7169999999999845]",0.097777778,2.207,0.0,7.0,7.0,77.0,1.0,groen,mgroen,question_multimodal.png,im_combination.png,,,,,,
,,,843234,1,21,2023-09-12_18h06.41.933,flesh_expressibility_dutch,2022.2.4,MacIntel,62.5,,,,23.0,2.0,Nederlands,,,,,,Engels ,0.0,,0.0,,0.0,,0.0,,0.0,,0.0,,0.0,,0.0,NL,6.0,2.0,2.0,2.0,,sensorypref1,sensorypref2,sensorypref3,sensorypref4,1440.0,900.0,,,,,,,,,,,,,,,,,,,,,,,,,,,,,,,,,12.0,377.942,49.0,"[0.6659999999999968,0.5160000000000196,0.7160000000000082,0.5,0.6500000000000057,0.6659999999999968,0.5660000000000025,0.5500000000000114,1.9490000000000123,0.7330000000000041,0.5829999999999984,1.0159999999999911,1.0320000000000107,0.8999999999999773,0.5509999999999877,0.5840000000000032,0.7839999999999918,0.6490000000000009,0.7489999999999952,1.8319999999999936,0.6659999999999968,0.6829999999999927,0.7669999999999959,0.5680000000000405,1.1659999999999968,0.5830000000000268,1.2150000000000318,0.7160000000000082,0.7989999999999782,0.5989999999999895,0.5659999999999741,4.579000000000008,0.5840000000000032,1.349999999999966,0.8330000000000268,2.098000000000013,0.6829999999999927,1.0489999999999782,0.8829999999999814,0.6000000000000227,0.5669999999998936,2.481999999999971,0.6159999999999854,0.6169999999999618,1.1820000000000164,2.08299999999997,0.6500000000000341,0.7169999999999845,0.632000000000005]","[0.6659999999999968,0.5160000000000196,0.7160000000000082,0.5,0.6510000000000105,0.6659999999999968,0.5660000000000025,0.5500000000000114,1.9490000000000123,0.7330000000000041,0.5840000000000032,1.0159999999999911,1.0320000000000107,0.8999999999999773,0.5509999999999877,0.5840000000000032,0.7839999999999918,0.6490000000000009,0.7489999999999952,1.8319999999999936,0.6659999999999968,0.6829999999999927,0.7669999999999959,0.5680000000000405,1.1659999999999968,0.5830000000000268,1.2160000000000082,0.7160000000000082,0.7989999999999782,0.5989999999999895,0.5659999999999741,4.579000000000008,0.5840000000000032,1.349999999999966,0.8330000000000268,2.098000000000013,0.6829999999999927,1.0489999999999782,0.8829999999999814,0.6000000000000227,0.5669999999998936,2.481999999999971,0.6159999999999854,0.6169999999999618,1.1820000000000164,2.08299999999997,0.6500000000000341,0.7169999999999845,0.632000000000005]",-0.331111111,1.807,0.0,8.0,8.0,205.0,1.0,vork,mvork,question_multimodal.png,im_combination.png,,,,,,
,,,843234,1,21,2023-09-12_18h06.41.933,flesh_expressibility_dutch,2022.2.4,MacIntel,62.5,,,,23.0,2.0,Nederlands,,,,,,Engels ,0.0,,0.0,,0.0,,0.0,,0.0,,0.0,,0.0,,0.0,NL,6.0,2.0,2.0,2.0,,sensorypref1,sensorypref2,sensorypref3,sensorypref4,1440.0,900.0,,,,,,,,,,,,,,,,,,,,,,,,,,,,,,,,,10.0,380.381,50.0,"[0.6659999999999968,0.5160000000000196,0.7160000000000082,0.5,0.6500000000000057,0.6659999999999968,0.5660000000000025,0.5500000000000114,1.9490000000000123,0.7330000000000041,0.5829999999999984,1.0159999999999911,1.0320000000000107,0.8999999999999773,0.5509999999999877,0.5840000000000032,0.7839999999999918,0.6490000000000009,0.7489999999999952,1.8319999999999936,0.6659999999999968,0.6829999999999927,0.7669999999999959,0.5680000000000405,1.1659999999999968,0.5830000000000268,1.2150000000000318,0.7160000000000082,0.7989999999999782,0.5989999999999895,0.5659999999999741,4.579000000000008,0.5840000000000032,1.349999999999966,0.8330000000000268,2.098000000000013,0.6829999999999927,1.0489999999999782,0.8829999999999814,0.6000000000000227,0.5669999999998936,2.481999999999971,0.6159999999999854,0.6169999999999618,1.1820000000000164,2.08299999999997,0.6500000000000341,0.7169999999999845,0.632000000000005,0.6159999999999854]","[0.6659999999999968,0.5160000000000196,0.7160000000000082,0.5,0.6510000000000105,0.6659999999999968,0.5660000000000025,0.5500000000000114,1.9490000000000123,0.7330000000000041,0.5840000000000032,1.0159999999999911,1.0320000000000107,0.8999999999999773,0.5509999999999877,0.5840000000000032,0.7839999999999918,0.6490000000000009,0.7489999999999952,1.8319999999999936,0.6659999999999968,0.6829999999999927,0.7669999999999959,0.5680000000000405,1.1659999999999968,0.5830000000000268,1.2160000000000082,0.7160000000000082,0.7989999999999782,0.5989999999999895,0.5659999999999741,4.579000000000008,0.5840000000000032,1.349999999999966,0.8330000000000268,2.098000000000013,0.6829999999999927,1.0489999999999782,0.8829999999999814,0.6000000000000227,0.5669999999998936,2.481999999999971,0.6159999999999854,0.6169999999999618,1.1820000000000164,2.08299999999997,0.6500000000000341,0.7169999999999845,0.632000000000005,0.6159999999999854]",0.884444444,2.558,0.0,9.0,9.0,81.0,1.0,vriend,mvriend,question_multimodal.png,im_combination.png,,,,,,
,,,843234,1,21,2023-09-12_18h06.41.933,flesh_expressibility_dutch,2022.2.4,MacIntel,62.5,,,,23.0,2.0,Nederlands,,,,,,Engels ,0.0,,0.0,,0.0,,0.0,,0.0,,0.0,,0.0,,0.0,NL,6.0,2.0,2.0,2.0,,sensorypref1,sensorypref2,sensorypref3,sensorypref4,1440.0,900.0,,,,,,,,,,,,,,,,,,,,,,,,,,,,,,,,,11.0,383.607,51.0,"[0.6659999999999968,0.5160000000000196,0.7160000000000082,0.5,0.6500000000000057,0.6659999999999968,0.5660000000000025,0.5500000000000114,1.9490000000000123,0.7330000000000041,0.5829999999999984,1.0159999999999911,1.0320000000000107,0.8999999999999773,0.5509999999999877,0.5840000000000032,0.7839999999999918,0.6490000000000009,0.7489999999999952,1.8319999999999936,0.6659999999999968,0.6829999999999927,0.7669999999999959,0.5680000000000405,1.1659999999999968,0.5830000000000268,1.2150000000000318,0.7160000000000082,0.7989999999999782,0.5989999999999895,0.5659999999999741,4.579000000000008,0.5840000000000032,1.349999999999966,0.8330000000000268,2.098000000000013,0.6829999999999927,1.0489999999999782,0.8829999999999814,0.6000000000000227,0.5669999999998936,2.481999999999971,0.6159999999999854,0.6169999999999618,1.1820000000000164,2.08299999999997,0.6500000000000341,0.7169999999999845,0.632000000000005,0.6159999999999854,0.5989999999999895]","[0.6659999999999968,0.5160000000000196,0.7160000000000082,0.5,0.6510000000000105,0.6659999999999968,0.5660000000000025,0.5500000000000114,1.9490000000000123,0.7330000000000041,0.5840000000000032,1.0159999999999911,1.0320000000000107,0.8999999999999773,0.5509999999999877,0.5840000000000032,0.7839999999999918,0.6490000000000009,0.7489999999999952,1.8319999999999936,0.6659999999999968,0.6829999999999927,0.7669999999999959,0.5680000000000405,1.1659999999999968,0.5830000000000268,1.2160000000000082,0.7160000000000082,0.7989999999999782,0.5989999999999895,0.5659999999999741,4.579000000000008,0.5840000000000032,1.349999999999966,0.8330000000000268,2.098000000000013,0.6829999999999927,1.0489999999999782,0.8829999999999814,0.6000000000000227,0.5669999999998936,2.481999999999971,0.6159999999999854,0.6169999999999618,1.1820000000000164,2.08299999999997,0.6500000000000341,0.7169999999999845,0.632000000000005,0.6159999999999854,0.5989999999999895]",0.897777778,2.158,0.0,10.0,10.0,38.0,1.0,blij,mblij,question_multimodal.png,im_combination.png,,,,,,
,,,843234,1,21,2023-09-12_18h06.41.933,flesh_expressibility_dutch,2022.2.4,MacIntel,62.5,,,,23.0,2.0,Nederlands,,,,,,Engels ,0.0,,0.0,,0.0,,0.0,,0.0,,0.0,,0.0,,0.0,NL,6.0,2.0,2.0,2.0,,sensorypref1,sensorypref2,sensorypref3,sensorypref4,1440.0,900.0,,,,,,,,,,,,,,,,,,,,,,,,,,,,,,,,,10.0,386.416,52.0,"[0.6659999999999968,0.5160000000000196,0.7160000000000082,0.5,0.6500000000000057,0.6659999999999968,0.5660000000000025,0.5500000000000114,1.9490000000000123,0.7330000000000041,0.5829999999999984,1.0159999999999911,1.0320000000000107,0.8999999999999773,0.5509999999999877,0.5840000000000032,0.7839999999999918,0.6490000000000009,0.7489999999999952,1.8319999999999936,0.6659999999999968,0.6829999999999927,0.7669999999999959,0.5680000000000405,1.1659999999999968,0.5830000000000268,1.2150000000000318,0.7160000000000082,0.7989999999999782,0.5989999999999895,0.5659999999999741,4.579000000000008,0.5840000000000032,1.349999999999966,0.8330000000000268,2.098000000000013,0.6829999999999927,1.0489999999999782,0.8829999999999814,0.6000000000000227,0.5669999999998936,2.481999999999971,0.6159999999999854,0.6169999999999618,1.1820000000000164,2.08299999999997,0.6500000000000341,0.7169999999999845,0.632000000000005,0.6159999999999854,0.5989999999999895,2.515000000000043]","[0.6659999999999968,0.5160000000000196,0.7160000000000082,0.5,0.6510000000000105,0.6659999999999968,0.5660000000000025,0.5500000000000114,1.9490000000000123,0.7330000000000041,0.5840000000000032,1.0159999999999911,1.0320000000000107,0.8999999999999773,0.5509999999999877,0.5840000000000032,0.7839999999999918,0.6490000000000009,0.7489999999999952,1.8319999999999936,0.6659999999999968,0.6829999999999927,0.7669999999999959,0.5680000000000405,1.1659999999999968,0.5830000000000268,1.2160000000000082,0.7160000000000082,0.7989999999999782,0.5989999999999895,0.5659999999999741,4.579000000000008,0.5840000000000032,1.349999999999966,0.8330000000000268,2.098000000000013,0.6829999999999927,1.0489999999999782,0.8829999999999814,0.6000000000000227,0.5669999999998936,2.481999999999971,0.6159999999999854,0.6169999999999618,1.1820000000000164,2.08299999999997,0.6500000000000341,0.7169999999999845,0.632000000000005,0.6159999999999854,0.5989999999999895,2.515000000000043]",0.515555556,3.839,0.0,11.0,11.0,171.0,1.0,zwaar,mzwaar,question_multimodal.png,im_combination.png,,,,,,
,,,843234,1,21,2023-09-12_18h06.41.933,flesh_expressibility_dutch,2022.2.4,MacIntel,62.5,,,,23.0,2.0,Nederlands,,,,,,Engels ,0.0,,0.0,,0.0,,0.0,,0.0,,0.0,,0.0,,0.0,NL,6.0,2.0,2.0,2.0,,sensorypref1,sensorypref2,sensorypref3,sensorypref4,1440.0,900.0,,,,,,,,,,,,,,,,,,,,,,,,,,,,,,,,,5.0,390.738,53.0,"[0.6659999999999968,0.5160000000000196,0.7160000000000082,0.5,0.6500000000000057,0.6659999999999968,0.5660000000000025,0.5500000000000114,1.9490000000000123,0.7330000000000041,0.5829999999999984,1.0159999999999911,1.0320000000000107,0.8999999999999773,0.5509999999999877,0.5840000000000032,0.7839999999999918,0.6490000000000009,0.7489999999999952,1.8319999999999936,0.6659999999999968,0.6829999999999927,0.7669999999999959,0.5680000000000405,1.1659999999999968,0.5830000000000268,1.2150000000000318,0.7160000000000082,0.7989999999999782,0.5989999999999895,0.5659999999999741,4.579000000000008,0.5840000000000032,1.349999999999966,0.8330000000000268,2.098000000000013,0.6829999999999927,1.0489999999999782,0.8829999999999814,0.6000000000000227,0.5669999999998936,2.481999999999971,0.6159999999999854,0.6169999999999618,1.1820000000000164,2.08299999999997,0.6500000000000341,0.7169999999999845,0.632000000000005,0.6159999999999854,0.5989999999999895,2.515000000000043,0.66599999999994]","[0.6659999999999968,0.5160000000000196,0.7160000000000082,0.5,0.6510000000000105,0.6659999999999968,0.5660000000000025,0.5500000000000114,1.9490000000000123,0.7330000000000041,0.5840000000000032,1.0159999999999911,1.0320000000000107,0.8999999999999773,0.5509999999999877,0.5840000000000032,0.7839999999999918,0.6490000000000009,0.7489999999999952,1.8319999999999936,0.6659999999999968,0.6829999999999927,0.7669999999999959,0.5680000000000405,1.1659999999999968,0.5830000000000268,1.2160000000000082,0.7160000000000082,0.7989999999999782,0.5989999999999895,0.5659999999999741,4.579000000000008,0.5840000000000032,1.349999999999966,0.8330000000000268,2.098000000000013,0.6829999999999927,1.0489999999999782,0.8829999999999814,0.6000000000000227,0.5669999999998936,2.481999999999971,0.6159999999999854,0.6169999999999618,1.1820000000000164,2.08299999999997,0.6500000000000341,0.7169999999999845,0.632000000000005,0.6159999999999854,0.5989999999999895,2.515000000000043,0.66599999999994]",-0.697777778,2.035,0.0,12.0,12.0,69.0,1.0,glad,mglad,question_multimodal.png,im_combination.png,,,,,,
,,,843234,1,21,2023-09-12_18h06.41.933,flesh_expressibility_dutch,2022.2.4,MacIntel,62.5,,,,23.0,2.0,Nederlands,,,,,,Engels ,0.0,,0.0,,0.0,,0.0,,0.0,,0.0,,0.0,,0.0,NL,6.0,2.0,2.0,2.0,,sensorypref1,sensorypref2,sensorypref3,sensorypref4,1440.0,900.0,,,,,,,,,,,,,,,,,,,,,,,,,,,,,,,,,10.0,393.543,54.0,"[0.6659999999999968,0.5160000000000196,0.7160000000000082,0.5,0.6500000000000057,0.6659999999999968,0.5660000000000025,0.5500000000000114,1.9490000000000123,0.7330000000000041,0.5829999999999984,1.0159999999999911,1.0320000000000107,0.8999999999999773,0.5509999999999877,0.5840000000000032,0.7839999999999918,0.6490000000000009,0.7489999999999952,1.8319999999999936,0.6659999999999968,0.6829999999999927,0.7669999999999959,0.5680000000000405,1.1659999999999968,0.5830000000000268,1.2150000000000318,0.7160000000000082,0.7989999999999782,0.5989999999999895,0.5659999999999741,4.579000000000008,0.5840000000000032,1.349999999999966,0.8330000000000268,2.098000000000013,0.6829999999999927,1.0489999999999782,0.8829999999999814,0.6000000000000227,0.5669999999998936,2.481999999999971,0.6159999999999854,0.6169999999999618,1.1820000000000164,2.08299999999997,0.6500000000000341,0.7169999999999845,0.632000000000005,0.6159999999999854,0.5989999999999895,2.515000000000043,0.66599999999994,0.5509999999999877]","[0.6659999999999968,0.5160000000000196,0.7160000000000082,0.5,0.6510000000000105,0.6659999999999968,0.5660000000000025,0.5500000000000114,1.9490000000000123,0.7330000000000041,0.5840000000000032,1.0159999999999911,1.0320000000000107,0.8999999999999773,0.5509999999999877,0.5840000000000032,0.7839999999999918,0.6490000000000009,0.7489999999999952,1.8319999999999936,0.6659999999999968,0.6829999999999927,0.7669999999999959,0.5680000000000405,1.1659999999999968,0.5830000000000268,1.2160000000000082,0.7160000000000082,0.7989999999999782,0.5989999999999895,0.5659999999999741,4.579000000000008,0.5840000000000032,1.349999999999966,0.8330000000000268,2.098000000000013,0.6829999999999927,1.0489999999999782,0.8829999999999814,0.6000000000000227,0.5669999999998936,2.481999999999971,0.6159999999999854,0.6169999999999618,1.1820000000000164,2.08299999999997,0.6500000000000341,0.7169999999999845,0.632000000000005,0.6159999999999854,0.5989999999999895,2.515000000000043,0.66599999999994,0.5509999999999877]",0.515555556,2.454,0.0,13.0,13.0,128.0,1.0,weten,mweten,question_multimodal.png,im_combination.png,,,,,,
,,,843234,1,21,2023-09-12_18h06.41.933,flesh_expressibility_dutch,2022.2.4,MacIntel,62.5,,,,23.0,2.0,Nederlands,,,,,,Engels ,0.0,,0.0,,0.0,,0.0,,0.0,,0.0,,0.0,,0.0,NL,6.0,2.0,2.0,2.0,,sensorypref1,sensorypref2,sensorypref3,sensorypref4,1440.0,900.0,,,,,,,,,,,,,,,,,,,,,,,,,,,,,,,,,7.0,396.653,55.0,"[0.6659999999999968,0.5160000000000196,0.7160000000000082,0.5,0.6500000000000057,0.6659999999999968,0.5660000000000025,0.5500000000000114,1.9490000000000123,0.7330000000000041,0.5829999999999984,1.0159999999999911,1.0320000000000107,0.8999999999999773,0.5509999999999877,0.5840000000000032,0.7839999999999918,0.6490000000000009,0.7489999999999952,1.8319999999999936,0.6659999999999968,0.6829999999999927,0.7669999999999959,0.5680000000000405,1.1659999999999968,0.5830000000000268,1.2150000000000318,0.7160000000000082,0.7989999999999782,0.5989999999999895,0.5659999999999741,4.579000000000008,0.5840000000000032,1.349999999999966,0.8330000000000268,2.098000000000013,0.6829999999999927,1.0489999999999782,0.8829999999999814,0.6000000000000227,0.5669999999998936,2.481999999999971,0.6159999999999854,0.6169999999999618,1.1820000000000164,2.08299999999997,0.6500000000000341,0.7169999999999845,0.632000000000005,0.6159999999999854,0.5989999999999895,2.515000000000043,0.66599999999994,0.5509999999999877,2.0649999999999977]","[0.6659999999999968,0.5160000000000196,0.7160000000000082,0.5,0.6510000000000105,0.6659999999999968,0.5660000000000025,0.5500000000000114,1.9490000000000123,0.7330000000000041,0.5840000000000032,1.0159999999999911,1.0320000000000107,0.8999999999999773,0.5509999999999877,0.5840000000000032,0.7839999999999918,0.6490000000000009,0.7489999999999952,1.8319999999999936,0.6659999999999968,0.6829999999999927,0.7669999999999959,0.5680000000000405,1.1659999999999968,0.5830000000000268,1.2160000000000082,0.7160000000000082,0.7989999999999782,0.5989999999999895,0.5659999999999741,4.579000000000008,0.5840000000000032,1.349999999999966,0.8330000000000268,2.098000000000013,0.6829999999999927,1.0489999999999782,0.8829999999999814,0.6000000000000227,0.5669999999998936,2.481999999999971,0.6159999999999854,0.6169999999999618,1.1820000000000164,2.08299999999997,0.6500000000000341,0.7169999999999845,0.632000000000005,0.6159999999999854,0.5989999999999895,2.515000000000043,0.66599999999994,0.5509999999999877,2.0649999999999977]",-0.524444444,3.987,0.0,14.0,14.0,157.0,1.0,wortel,mwortel,question_multimodal.png,im_combination.png,,,,,,
,,,843234,1,21,2023-09-12_18h06.41.933,flesh_expressibility_dutch,2022.2.4,MacIntel,62.5,,,,23.0,2.0,Nederlands,,,,,,Engels ,0.0,,0.0,,0.0,,0.0,,0.0,,0.0,,0.0,,0.0,NL,6.0,2.0,2.0,2.0,,sensorypref1,sensorypref2,sensorypref3,sensorypref4,1440.0,900.0,,,,,,,,,,,,,,,,,,,,,,,,,,,,,,,,,6.0,401.089,56.0,"[0.6659999999999968,0.5160000000000196,0.7160000000000082,0.5,0.6500000000000057,0.6659999999999968,0.5660000000000025,0.5500000000000114,1.9490000000000123,0.7330000000000041,0.5829999999999984,1.0159999999999911,1.0320000000000107,0.8999999999999773,0.5509999999999877,0.5840000000000032,0.7839999999999918,0.6490000000000009,0.7489999999999952,1.8319999999999936,0.6659999999999968,0.6829999999999927,0.7669999999999959,0.5680000000000405,1.1659999999999968,0.5830000000000268,1.2150000000000318,0.7160000000000082,0.7989999999999782,0.5989999999999895,0.5659999999999741,4.579000000000008,0.5840000000000032,1.349999999999966,0.8330000000000268,2.098000000000013,0.6829999999999927,1.0489999999999782,0.8829999999999814,0.6000000000000227,0.5669999999998936,2.481999999999971,0.6159999999999854,0.6169999999999618,1.1820000000000164,2.08299999999997,0.6500000000000341,0.7169999999999845,0.632000000000005,0.6159999999999854,0.5989999999999895,2.515000000000043,0.66599999999994,0.5509999999999877,2.0649999999999977,0.6830000000000496]","[0.6659999999999968,0.5160000000000196,0.7160000000000082,0.5,0.6510000000000105,0.6659999999999968,0.5660000000000025,0.5500000000000114,1.9490000000000123,0.7330000000000041,0.5840000000000032,1.0159999999999911,1.0320000000000107,0.8999999999999773,0.5509999999999877,0.5840000000000032,0.7839999999999918,0.6490000000000009,0.7489999999999952,1.8319999999999936,0.6659999999999968,0.6829999999999927,0.7669999999999959,0.5680000000000405,1.1659999999999968,0.5830000000000268,1.2160000000000082,0.7160000000000082,0.7989999999999782,0.5989999999999895,0.5659999999999741,4.579000000000008,0.5840000000000032,1.349999999999966,0.8330000000000268,2.098000000000013,0.6829999999999927,1.0489999999999782,0.8829999999999814,0.6000000000000227,0.5669999999998936,2.481999999999971,0.6159999999999854,0.6169999999999618,1.1820000000000164,2.08299999999997,0.6500000000000341,0.7169999999999845,0.632000000000005,0.6159999999999854,0.5989999999999895,2.515000000000043,0.66599999999994,0.5509999999999877,2.0649999999999977,0.6830000000000496]",-0.606666667,2.855,0.0,15.0,15.0,18.0,1.0,toekomst,mtoekomst,question_multimodal.png,im_combination.png,,,,,,
,,,843234,1,21,2023-09-12_18h06.41.933,flesh_expressibility_dutch,2022.2.4,MacIntel,62.5,,,,23.0,2.0,Nederlands,,,,,,Engels ,0.0,,0.0,,0.0,,0.0,,0.0,,0.0,,0.0,,0.0,NL,6.0,2.0,2.0,2.0,,sensorypref1,sensorypref2,sensorypref3,sensorypref4,1440.0,900.0,,,,,,,,,,,,,,,,,,,,,,,,,,,,,,,,,7.0,404.746,57.0,"[0.6659999999999968,0.5160000000000196,0.7160000000000082,0.5,0.6500000000000057,0.6659999999999968,0.5660000000000025,0.5500000000000114,1.9490000000000123,0.7330000000000041,0.5829999999999984,1.0159999999999911,1.0320000000000107,0.8999999999999773,0.5509999999999877,0.5840000000000032,0.7839999999999918,0.6490000000000009,0.7489999999999952,1.8319999999999936,0.6659999999999968,0.6829999999999927,0.7669999999999959,0.5680000000000405,1.1659999999999968,0.5830000000000268,1.2150000000000318,0.7160000000000082,0.7989999999999782,0.5989999999999895,0.5659999999999741,4.579000000000008,0.5840000000000032,1.349999999999966,0.8330000000000268,2.098000000000013,0.6829999999999927,1.0489999999999782,0.8829999999999814,0.6000000000000227,0.5669999999998936,2.481999999999971,0.6159999999999854,0.6169999999999618,1.1820000000000164,2.08299999999997,0.6500000000000341,0.7169999999999845,0.632000000000005,0.6159999999999854,0.5989999999999895,2.515000000000043,0.66599999999994,0.5509999999999877,2.0649999999999977,0.6830000000000496,2.882000000000005]","[0.6659999999999968,0.5160000000000196,0.7160000000000082,0.5,0.6510000000000105,0.6659999999999968,0.5660000000000025,0.5500000000000114,1.9490000000000123,0.7330000000000041,0.5840000000000032,1.0159999999999911,1.0320000000000107,0.8999999999999773,0.5509999999999877,0.5840000000000032,0.7839999999999918,0.6490000000000009,0.7489999999999952,1.8319999999999936,0.6659999999999968,0.6829999999999927,0.7669999999999959,0.5680000000000405,1.1659999999999968,0.5830000000000268,1.2160000000000082,0.7160000000000082,0.7989999999999782,0.5989999999999895,0.5659999999999741,4.579000000000008,0.5840000000000032,1.349999999999966,0.8330000000000268,2.098000000000013,0.6829999999999927,1.0489999999999782,0.8829999999999814,0.6000000000000227,0.5669999999998936,2.481999999999971,0.6159999999999854,0.6169999999999618,1.1820000000000164,2.08299999999997,0.6500000000000341,0.7169999999999845,0.632000000000005,0.6159999999999854,0.5989999999999895,2.515000000000043,0.66599999999994,0.5509999999999877,2.0649999999999977,0.6830000000000496,2.882000000000005]",0.526666667,4.49,0.0,16.0,16.0,59.0,1.0,hoog,mhoog,question_multimodal.png,im_combination.png,,,,,,
,,,843234,1,21,2023-09-12_18h06.41.933,flesh_expressibility_dutch,2022.2.4,MacIntel,62.5,,,,23.0,2.0,Nederlands,,,,,,Engels ,0.0,,0.0,,0.0,,0.0,,0.0,,0.0,,0.0,,0.0,NL,6.0,2.0,2.0,2.0,,sensorypref1,sensorypref2,sensorypref3,sensorypref4,1440.0,900.0,,,,,,,,,,,,,,,,,,,,,,,,,,,,,,,,,8.0,410.14,58.0,"[0.6659999999999968,0.5160000000000196,0.7160000000000082,0.5,0.6500000000000057,0.6659999999999968,0.5660000000000025,0.5500000000000114,1.9490000000000123,0.7330000000000041,0.5829999999999984,1.0159999999999911,1.0320000000000107,0.8999999999999773,0.5509999999999877,0.5840000000000032,0.7839999999999918,0.6490000000000009,0.7489999999999952,1.8319999999999936,0.6659999999999968,0.6829999999999927,0.7669999999999959,0.5680000000000405,1.1659999999999968,0.5830000000000268,1.2150000000000318,0.7160000000000082,0.7989999999999782,0.5989999999999895,0.5659999999999741,4.579000000000008,0.5840000000000032,1.349999999999966,0.8330000000000268,2.098000000000013,0.6829999999999927,1.0489999999999782,0.8829999999999814,0.6000000000000227,0.5669999999998936,2.481999999999971,0.6159999999999854,0.6169999999999618,1.1820000000000164,2.08299999999997,0.6500000000000341,0.7169999999999845,0.632000000000005,0.6159999999999854,0.5989999999999895,2.515000000000043,0.66599999999994,0.5509999999999877,2.0649999999999977,0.6830000000000496,2.882000000000005,0.7649999999999864]","[0.6659999999999968,0.5160000000000196,0.7160000000000082,0.5,0.6510000000000105,0.6659999999999968,0.5660000000000025,0.5500000000000114,1.9490000000000123,0.7330000000000041,0.5840000000000032,1.0159999999999911,1.0320000000000107,0.8999999999999773,0.5509999999999877,0.5840000000000032,0.7839999999999918,0.6490000000000009,0.7489999999999952,1.8319999999999936,0.6659999999999968,0.6829999999999927,0.7669999999999959,0.5680000000000405,1.1659999999999968,0.5830000000000268,1.2160000000000082,0.7160000000000082,0.7989999999999782,0.5989999999999895,0.5659999999999741,4.579000000000008,0.5840000000000032,1.349999999999966,0.8330000000000268,2.098000000000013,0.6829999999999927,1.0489999999999782,0.8829999999999814,0.6000000000000227,0.5669999999998936,2.481999999999971,0.6159999999999854,0.6169999999999618,1.1820000000000164,2.08299999999997,0.6500000000000341,0.7169999999999845,0.632000000000005,0.6159999999999854,0.5989999999999895,2.515000000000043,0.66599999999994,0.5509999999999877,2.0649999999999977,0.6830000000000496,2.882000000000005,0.7649999999999864]",-0.26,2.644,0.0,17.0,17.0,125.0,1.0,huid,mhuid,question_multimodal.png,im_combination.png,,,,,,
,,,843234,1,21,2023-09-12_18h06.41.933,flesh_expressibility_dutch,2022.2.4,MacIntel,62.5,,,,23.0,2.0,Nederlands,,,,,,Engels ,0.0,,0.0,,0.0,,0.0,,0.0,,0.0,,0.0,,0.0,NL,6.0,2.0,2.0,2.0,,sensorypref1,sensorypref2,sensorypref3,sensorypref4,1440.0,900.0,,,,,,,,,,,,,,,,,,,,,,,,,,,,,,,,,7.0,413.656,59.0,"[0.6659999999999968,0.5160000000000196,0.7160000000000082,0.5,0.6500000000000057,0.6659999999999968,0.5660000000000025,0.5500000000000114,1.9490000000000123,0.7330000000000041,0.5829999999999984,1.0159999999999911,1.0320000000000107,0.8999999999999773,0.5509999999999877,0.5840000000000032,0.7839999999999918,0.6490000000000009,0.7489999999999952,1.8319999999999936,0.6659999999999968,0.6829999999999927,0.7669999999999959,0.5680000000000405,1.1659999999999968,0.5830000000000268,1.2150000000000318,0.7160000000000082,0.7989999999999782,0.5989999999999895,0.5659999999999741,4.579000000000008,0.5840000000000032,1.349999999999966,0.8330000000000268,2.098000000000013,0.6829999999999927,1.0489999999999782,0.8829999999999814,0.6000000000000227,0.5669999999998936,2.481999999999971,0.6159999999999854,0.6169999999999618,1.1820000000000164,2.08299999999997,0.6500000000000341,0.7169999999999845,0.632000000000005,0.6159999999999854,0.5989999999999895,2.515000000000043,0.66599999999994,0.5509999999999877,2.0649999999999977,0.6830000000000496,2.882000000000005,0.7649999999999864,0.6659999999999968]","[0.6659999999999968,0.5160000000000196,0.7160000000000082,0.5,0.6510000000000105,0.6659999999999968,0.5660000000000025,0.5500000000000114,1.9490000000000123,0.7330000000000041,0.5840000000000032,1.0159999999999911,1.0320000000000107,0.8999999999999773,0.5509999999999877,0.5840000000000032,0.7839999999999918,0.6490000000000009,0.7489999999999952,1.8319999999999936,0.6659999999999968,0.6829999999999927,0.7669999999999959,0.5680000000000405,1.1659999999999968,0.5830000000000268,1.2160000000000082,0.7160000000000082,0.7989999999999782,0.5989999999999895,0.5659999999999741,4.579000000000008,0.5840000000000032,1.349999999999966,0.8330000000000268,2.098000000000013,0.6829999999999927,1.0489999999999782,0.8829999999999814,0.6000000000000227,0.5669999999998936,2.481999999999971,0.6159999999999854,0.6169999999999618,1.1820000000000164,2.08299999999997,0.6500000000000341,0.7169999999999845,0.632000000000005,0.6159999999999854,0.5989999999999895,2.515000000000043,0.66599999999994,0.5509999999999877,2.0649999999999977,0.6830000000000496,2.882000000000005,0.7649999999999864,0.6659999999999968]",0.833333333,2.563,0.0,18.0,18.0,87.0,1.0,vechten,mvechten,question_multimodal.png,im_combination.png,,,,,,
,,,843234,1,21,2023-09-12_18h06.41.933,flesh_expressibility_dutch,2022.2.4,MacIntel,62.5,,,,23.0,2.0,Nederlands,,,,,,Engels ,0.0,,0.0,,0.0,,0.0,,0.0,,0.0,,0.0,,0.0,NL,6.0,2.0,2.0,2.0,,sensorypref1,sensorypref2,sensorypref3,sensorypref4,1440.0,900.0,,,,,,,,,,,,,,,,,,,,,,,,,,,,,,,,,7.0,416.768,60.0,"[0.6659999999999968,0.5160000000000196,0.7160000000000082,0.5,0.6500000000000057,0.6659999999999968,0.5660000000000025,0.5500000000000114,1.9490000000000123,0.7330000000000041,0.5829999999999984,1.0159999999999911,1.0320000000000107,0.8999999999999773,0.5509999999999877,0.5840000000000032,0.7839999999999918,0.6490000000000009,0.7489999999999952,1.8319999999999936,0.6659999999999968,0.6829999999999927,0.7669999999999959,0.5680000000000405,1.1659999999999968,0.5830000000000268,1.2150000000000318,0.7160000000000082,0.7989999999999782,0.5989999999999895,0.5659999999999741,4.579000000000008,0.5840000000000032,1.349999999999966,0.8330000000000268,2.098000000000013,0.6829999999999927,1.0489999999999782,0.8829999999999814,0.6000000000000227,0.5669999999998936,2.481999999999971,0.6159999999999854,0.6169999999999618,1.1820000000000164,2.08299999999997,0.6500000000000341,0.7169999999999845,0.632000000000005,0.6159999999999854,0.5989999999999895,2.515000000000043,0.66599999999994,0.5509999999999877,2.0649999999999977,0.6830000000000496,2.882000000000005,0.7649999999999864,0.6659999999999968,0.5810000000000173]","[0.6659999999999968,0.5160000000000196,0.7160000000000082,0.5,0.6510000000000105,0.6659999999999968,0.5660000000000025,0.5500000000000114,1.9490000000000123,0.7330000000000041,0.5840000000000032,1.0159999999999911,1.0320000000000107,0.8999999999999773,0.5509999999999877,0.5840000000000032,0.7839999999999918,0.6490000000000009,0.7489999999999952,1.8319999999999936,0.6659999999999968,0.6829999999999927,0.7669999999999959,0.5680000000000405,1.1659999999999968,0.5830000000000268,1.2160000000000082,0.7160000000000082,0.7989999999999782,0.5989999999999895,0.5659999999999741,4.579000000000008,0.5840000000000032,1.349999999999966,0.8330000000000268,2.098000000000013,0.6829999999999927,1.0489999999999782,0.8829999999999814,0.6000000000000227,0.5669999999998936,2.481999999999971,0.6159999999999854,0.6169999999999618,1.1820000000000164,2.08299999999997,0.6500000000000341,0.7169999999999845,0.632000000000005,0.6159999999999854,0.5989999999999895,2.515000000000043,0.66599999999994,0.5509999999999877,2.0649999999999977,0.6830000000000496,2.882000000000005,0.7649999999999864,0.6659999999999968,0.5810000000000173]",0.815555556,2.89,0.0,19.0,19.0,149.0,1.0,blazen,mblazen,question_multimodal.png,im_combination.png,,,,,,
,,,843234,1,21,2023-09-12_18h06.41.933,flesh_expressibility_dutch,2022.2.4,MacIntel,62.5,,,,23.0,2.0,Nederlands,,,,,,Engels ,0.0,,0.0,,0.0,,0.0,,0.0,,0.0,,0.0,,0.0,NL,6.0,2.0,2.0,2.0,,sensorypref1,sensorypref2,sensorypref3,sensorypref4,1440.0,900.0,,,,,,,,,,,,,,,,,,,,,,,,,,,,,,,,,,,,,,,,,,,,,,,,,,,,,,
,,,843234,1,21,2023-09-12_18h06.41.933,flesh_expressibility_dutch,2022.2.4,MacIntel,62.5,,,,23.0,2.0,Nederlands,,,,,,Engels ,0.0,,0.0,,0.0,,0.0,,0.0,,0.0,,0.0,,0.0,NL,6.0,2.0,2.0,2.0,,sensorypref1,sensorypref2,sensorypref3,sensorypref4,1440.0,900.0,,,,,,,,,,,,,,,,,,,,,,,,,,,,,,,,,,,,,,,,,,,,,,,,,1.0,,,,,
,,,843234,1,21,2023-09-12_18h06.41.933,flesh_expressibility_dutch,2022.2.4,MacIntel,62.5,,,,23.0,2.0,Nederlands,,,,,,Engels ,0.0,,0.0,,0.0,,0.0,,0.0,,0.0,,0.0,,0.0,NL,6.0,2.0,2.0,2.0,,sensorypref1,sensorypref2,sensorypref3,sensorypref4,1440.0,900.0,,,,,,,,,,,,,,,,,,,,,,,,,,,,,,,,,,,,,,,,,,,,,,,,,1.0,,,,,
,,,843234,1,21,2023-09-12_18h06.41.933,flesh_expressibility_dutch,2022.2.4,MacIntel,62.5,,,,23.0,2.0,Nederlands,,,,,,Engels ,0.0,,0.0,,0.0,,0.0,,0.0,,0.0,,0.0,,0.0,NL,6.0,2.0,2.0,2.0,,sensorypref1,sensorypref2,sensorypref3,sensorypref4,1440.0,900.0,,,,,,,,,,,,,,,,,,,,,,,,,,,,,,,,,,,,,,,,,,,,,,,,,1.0,,,1.0,[435.08299999999997],[435.08299999999997]
