welcome_weiter.numClicks,welcome_weiter.timesOn,welcome_weiter.timesOff,exp_ID,session,presentation limit,date,expName,psychopyVersion,OS,frameRate,introduction_weiter.numClicks,introduction_weiter.timesOn,introduction_weiter.timesOff,age,gender,natlang1,natlang2,natlang3,natlang4,natlang5,natlang6,lang1,proficiency1,lang2,proficiency2,lang3,proficiency3,lang4,proficiency4,lang5,proficiency5,lang6,proficiency6,lang7,proficiency7,lang8,proficiency8,country,education,dyslexia,mobility,currentloc,radio-for-required-checkboxes,sensorypref2,xRes,yRes,sensorypref[],sensorypref1,sensorypref3,sensorypref4,practice_weiter.numClicks,practice_weiter.timesOn,practice_weiter.timesOff,pr_message_weiter.numClicks,pr_message_weiter.timesOn,pr_message_weiter.timesOff,pr_remember_weiter.numClicks,pr_remember_weiter.timesOn,pr_remember_weiter.timesOff,button_weiter.numClicks,button_weiter.timesOn,button_weiter.timesOff,pr_expressibility.response,pr_expressibility.rt,practice_trials.thisRepN,practice_trials.thisTrialN,practice_trials.thisN,practice_trials.thisIndex,practice_trials.ran,pr_word,pr_question,pr_image,start_weiter.numClicks,start_weiter.timesOn,start_weiter.timesOff,message_weiter.numClicks,message_weiter.timesOn,message_weiter.timesOff,trial_remember_weiter.numClicks,trial_remember_weiter.timesOn,trial_remember_weiter.timesOff,Count,Shelf time,trial_button_weiter.numClicks,trial_button_weiter.timesOn,trial_button_weiter.timesOff,expressibility.response,expressibility.rt,trials.thisRepN,trials.thisTrialN,trials.thisN,trials.thisIndex,trials.ran,word,fordict,question,trial_img,problem,problem_text,comment_text,end_experiment.numClicks,end_experiment.timesOn,end_experiment.timesOff
1.0,[2.7194999999999965],[2.7196000000238385],855539,1,21,2023-09-13_15h40.10.439,flesh_expressibility_dutch,2022.2.4,Win32,59.9880024,,,,,,,,,,,,,,,,,,,,,,,,,,,,,,,,,,,,,,,,,,,,,,,,,,,,,,,,,,,,,,,,,,,,,,,,,,,,,,,,,,,,,,,,,,,,,
,,,855539,1,21,2023-09-13_15h40.10.439,flesh_expressibility_dutch,2022.2.4,Win32,59.9880024,,,,,,,,,,,,,,,,,,,,,,,,,,,,,,,,,,,,,,,,,,,,,,,,,,,,,,,,,,,,,,,,,,,,,,,,,,,,,,,,,,,,,,,,,,,,,
,,,855539,1,21,2023-09-13_15h40.10.439,flesh_expressibility_dutch,2022.2.4,Win32,59.9880024,1.0,[11.2335],[11.2335],,,,,,,,,,,,,,,,,,,,,,,,,,,,,,,,,,,,,,,,,,,,,,,,,,,,,,,,,,,,,,,,,,,,,,,,,,,,,,,,,,,,,,,,,,
,,,855539,1,21,2023-09-13_15h40.10.439,flesh_expressibility_dutch,2022.2.4,Win32,59.9880024,,,,,,,,,,,,,,,,,,,,,,,,,,,,,,,,,,,,,,,,,,,,,,,,,,,,,,,,,,,,,,,,,,,,,,,,,,,,,,,,,,,,,,,,,,,,,
,,,855539,1,21,2023-09-13_15h40.10.439,flesh_expressibility_dutch,2022.2.4,Win32,59.9880024,,,,18.0,1.0,Nederlands,,,,,,Engels,3.0,Duits,2.0,Spaans,1.0,,0.0,,0.0,,0.0,,0.0,,0.0,NL,3.0,2.0,2.0,5.0,on,sensorypref2,1280.0,720.0,,,,,,,,,,,,,,,,,,,,,,,,,,,,,,,,,,,,,,,,,,,,,,,,,,,,,,,,,
,,,855539,1,21,2023-09-13_15h40.10.439,flesh_expressibility_dutch,2022.2.4,Win32,59.9880024,,,,18.0,1.0,Nederlands,,,,,,Engels,3.0,Duits,2.0,Spaans,1.0,,0.0,,0.0,,0.0,,0.0,,0.0,NL,3.0,2.0,2.0,5.0,,sensorypref2,1280.0,720.0,,,,,1.0,[134.49689999997616],[134.497],,,,,,,,,,,,,,,,,,,,,,,,,,,,,,,,,,,,,,,,,,,,,,,,,,
,,,855539,1,21,2023-09-13_15h40.10.439,flesh_expressibility_dutch,2022.2.4,Win32,59.9880024,,,,18.0,1.0,Nederlands,,,,,,Engels,3.0,Duits,2.0,Spaans,1.0,,0.0,,0.0,,0.0,,0.0,,0.0,NL,3.0,2.0,2.0,5.0,,sensorypref2,1280.0,720.0,,,,,,,,,,,,,,,,,,,,,,,,,,,,,,,,,,,,,,,,,,,,,,,,,,,,,,,,,
,,,855539,1,21,2023-09-13_15h40.10.439,flesh_expressibility_dutch,2022.2.4,Win32,59.9880024,,,,18.0,1.0,Nederlands,,,,,,Engels,3.0,Duits,2.0,Spaans,1.0,,0.0,,0.0,,0.0,,0.0,,0.0,NL,3.0,2.0,2.0,5.0,,sensorypref2,1280.0,720.0,,,,,,,,1.0,[147.71079999995231],[147.711],1.0,[153.43610000002386],[153.43610000002386],1.0,[1.3025999999046292],[1.3025999999046292],0.722222222,3.5579,0.0,0.0,0.0,1.0,1.0,leeuw,question_multimodal.png,im_combination.png,,,,,,,,,,,,,,,,,,,,,,,,,,,,,,,
,,,855539,1,21,2023-09-13_15h40.10.439,flesh_expressibility_dutch,2022.2.4,Win32,59.9880024,,,,18.0,1.0,Nederlands,,,,,,Engels,3.0,Duits,2.0,Spaans,1.0,,0.0,,0.0,,0.0,,0.0,,0.0,NL,3.0,2.0,2.0,5.0,,sensorypref2,1280.0,720.0,,,,,,,,,,,,,,2.0,"[1.3025999999046292,0.9022999999523051]","[1.3025999999046292,0.9022999999523051]",0.5,6.6323,0.0,1.0,1.0,0.0,1.0,koken,question_multimodal.png,im_combination.png,,,,,,,,,,,,,,,,,,,,,,,,,,,,,,,
,,,855539,1,21,2023-09-13_15h40.10.439,flesh_expressibility_dutch,2022.2.4,Win32,59.9880024,,,,18.0,1.0,Nederlands,,,,,,Engels,3.0,Duits,2.0,Spaans,1.0,,0.0,,0.0,,0.0,,0.0,,0.0,NL,3.0,2.0,2.0,5.0,,sensorypref2,1280.0,720.0,,,,,,,,2.0,"[147.71079999995231,178.78300000000002]","[147.711,178.78319999992848]",2.0,"[153.43610000002386,181.6125]","[153.43610000002386,181.6125]",3.0,"[1.3025999999046292,0.9022999999523051,0.8986000000238334]","[1.3025999999046292,0.9022999999523051,0.8987000000476826]",0.522222222,4.5164,0.0,0.0,0.0,0.0,1.0,liefde,question_vocal.png,im_mouth.png,,,,,,,,,,,,,,,,,,,,,,,,,,,,,,,
,,,855539,1,21,2023-09-13_15h40.10.439,flesh_expressibility_dutch,2022.2.4,Win32,59.9880024,,,,18.0,1.0,Nederlands,,,,,,Engels,3.0,Duits,2.0,Spaans,1.0,,0.0,,0.0,,0.0,,0.0,,0.0,NL,3.0,2.0,2.0,5.0,,sensorypref2,1280.0,720.0,,,,,,,,,,,,,,4.0,"[1.3025999999046292,0.9022999999523051,0.8986000000238334,0.7327000000476858]","[1.3025999999046292,0.9022999999523051,0.8987000000476826,0.7327999999523058]",0.057407464,4.9011,0.0,1.0,1.0,1.0,1.0,moe,question_vocal.png,im_mouth.png,,,,,,,,,,,,,,,,,,,,,,,,,,,,,,,
,,,855539,1,21,2023-09-13_15h40.10.439,flesh_expressibility_dutch,2022.2.4,Win32,59.9880024,,,,18.0,1.0,Nederlands,,,,,,Engels,3.0,Duits,2.0,Spaans,1.0,,0.0,,0.0,,0.0,,0.0,,0.0,NL,3.0,2.0,2.0,5.0,,sensorypref2,1280.0,720.0,,,,,,,,3.0,"[147.71079999995231,178.78300000000002,200.86559999990465]","[147.711,178.78319999992848,200.8656999999285]",3.0,"[153.43610000002386,181.6125,203.54529999995233]","[153.43610000002386,181.6125,203.54539999997618]",5.0,"[1.3025999999046292,0.9022999999523051,0.8986000000238334,0.7327000000476858,1.0006000000238373]","[1.3025999999046292,0.9022999999523051,0.8987000000476826,0.7327999999523058,1.0007000000476864]",-0.65,2.6616,0.0,0.0,0.0,1.0,1.0,auto,question_gesture.png,im_hand.png,,,,,,,,,,,,,,,,,,,,,,,,,,,,,,,
,,,855539,1,21,2023-09-13_15h40.10.439,flesh_expressibility_dutch,2022.2.4,Win32,59.9880024,,,,18.0,1.0,Nederlands,,,,,,Engels,3.0,Duits,2.0,Spaans,1.0,,0.0,,0.0,,0.0,,0.0,,0.0,NL,3.0,2.0,2.0,5.0,,sensorypref2,1280.0,720.0,,,,,,,,,,,,,,6.0,"[1.3025999999046292,0.9022999999523051,0.8986000000238334,0.7327000000476858,1.0006000000238373,0.8782000000476842]","[1.3025999999046292,0.9022999999523051,0.8987000000476826,0.7327999999523058,1.0007000000476864,0.8782000000476842]",-0.309259203,4.176,0.0,1.0,1.0,0.0,1.0,baby,question_gesture.png,im_hand.png,,,,,,,,,,,,,,,,,,,,,,,,,,,,,,,
,,,855539,1,21,2023-09-13_15h40.10.439,flesh_expressibility_dutch,2022.2.4,Win32,59.9880024,,,,18.0,1.0,Nederlands,,,,,,Engels,3.0,Duits,2.0,Spaans,1.0,,0.0,,0.0,,0.0,,0.0,,0.0,NL,3.0,2.0,2.0,5.0,,sensorypref2,1280.0,720.0,,,,,,,,,,,,,,,,,,,,,,,,,,,1.0,[219.8581000000238],[219.85820000004765],,,,,,,,,,,,,,,,,,,,,,,,,,,,
,,,855539,1,21,2023-09-13_15h40.10.439,flesh_expressibility_dutch,2022.2.4,Win32,59.9880024,,,,18.0,1.0,Nederlands,,,,,,Engels,3.0,Duits,2.0,Spaans,1.0,,0.0,,0.0,,0.0,,0.0,,0.0,NL,3.0,2.0,2.0,5.0,,sensorypref2,1280.0,720.0,,,,,,,,,,,,,,,,,,,,,,,,,,,,,,,,,,,,,,,,,,,,,,,,,,,,,,,,,
,,,855539,1,21,2023-09-13_15h40.10.439,flesh_expressibility_dutch,2022.2.4,Win32,59.9880024,,,,18.0,1.0,Nederlands,,,,,,Engels,3.0,Duits,2.0,Spaans,1.0,,0.0,,0.0,,0.0,,0.0,,0.0,NL,3.0,2.0,2.0,5.0,,sensorypref2,1280.0,720.0,,,,,,,,,,,,,,,,,,,,,,,,,,,,,,1.0,[227.16310000002383],[227.16320000004768],1.0,[228.89389999997616],[228.89389999997616],12.0,230.3144,1.0,[1.6497000000476874],[1.6497000000476874],0.912963019,4.3925,0.0,0.0,0.0,70.0,1.0,aanraken,gaanraken,question_gesture.png,im_hand.png,,,,,,
,,,855539,1,21,2023-09-13_15h40.10.439,flesh_expressibility_dutch,2022.2.4,Win32,59.9880024,,,,18.0,1.0,Nederlands,,,,,,Engels,3.0,Duits,2.0,Spaans,1.0,,0.0,,0.0,,0.0,,0.0,,0.0,NL,3.0,2.0,2.0,5.0,,sensorypref2,1280.0,720.0,,,,,,,,,,,,,,,,,,,,,,,,,,,,,,,,,,,,15.0,236.4618,2.0,"[1.6497000000476874,0.7497999999523017]","[1.6497000000476874,0.7498999999761509]",-0.714814758,2.9692,0.0,1.0,1.0,99.0,1.0,mier,gmier,question_gesture.png,im_hand.png,,,,,,
,,,855539,1,21,2023-09-13_15h40.10.439,flesh_expressibility_dutch,2022.2.4,Win32,59.9880024,,,,18.0,1.0,Nederlands,,,,,,Engels,3.0,Duits,2.0,Spaans,1.0,,0.0,,0.0,,0.0,,0.0,,0.0,NL,3.0,2.0,2.0,5.0,,sensorypref2,1280.0,720.0,,,,,,,,,,,,,,,,,,,,,,,,,,,,,,,,,,,,12.0,240.1439,3.0,"[1.6497000000476874,0.7497999999523017,0.7517000000476628]","[1.6497000000476874,0.7498999999761509,0.7517000000476628]",0.525926039,2.5567,0.0,2.0,2.0,91.0,1.0,koud,gkoud,question_gesture.png,im_hand.png,,,,,,
,,,855539,1,21,2023-09-13_15h40.10.439,flesh_expressibility_dutch,2022.2.4,Win32,59.9880024,,,,18.0,1.0,Nederlands,,,,,,Engels,3.0,Duits,2.0,Spaans,1.0,,0.0,,0.0,,0.0,,0.0,,0.0,NL,3.0,2.0,2.0,5.0,,sensorypref2,1280.0,720.0,,,,,,,,,,,,,,,,,,,,,,,,,,,,,,,,,,,,12.0,243.5274,4.0,"[1.6497000000476874,0.7497999999523017,0.7517000000476628,0.6995000000000005]","[1.6497000000476874,0.7498999999761509,0.7517000000476628,0.6995000000000005]",-0.41851849,3.16,0.0,3.0,3.0,146.0,1.0,nemen,gnemen,question_gesture.png,im_hand.png,,,,,,
,,,855539,1,21,2023-09-13_15h40.10.439,flesh_expressibility_dutch,2022.2.4,Win32,59.9880024,,,,18.0,1.0,Nederlands,,,,,,Engels,3.0,Duits,2.0,Spaans,1.0,,0.0,,0.0,,0.0,,0.0,,0.0,NL,3.0,2.0,2.0,5.0,,sensorypref2,1280.0,720.0,,,,,,,,,,,,,,,,,,,,,,,,,,,,,,,,,,,,7.0,247.3119,5.0,"[1.6497000000476874,0.7497999999523017,0.7517000000476628,0.6995000000000005,0.997900000095342]","[1.6497000000476874,0.7498999999761509,0.7517000000476628,0.6995000000000005,0.9981000000238396]",0.95,2.7373,0.0,4.0,4.0,65.0,1.0,jeuk,gjeuk,question_gesture.png,im_hand.png,,,,,,
,,,855539,1,21,2023-09-13_15h40.10.439,flesh_expressibility_dutch,2022.2.4,Win32,59.9880024,,,,18.0,1.0,Nederlands,,,,,,Engels,3.0,Duits,2.0,Spaans,1.0,,0.0,,0.0,,0.0,,0.0,,0.0,NL,3.0,2.0,2.0,5.0,,sensorypref2,1280.0,720.0,,,,,,,,,,,,,,,,,,,,,,,,,,,,,,,,,,,,9.0,251.1011,6.0,"[1.6497000000476874,0.7497999999523017,0.7517000000476628,0.6995000000000005,0.997900000095342,0.6162999999523322]","[1.6497000000476874,0.7498999999761509,0.7517000000476628,0.6995000000000005,0.9981000000238396,0.6162999999523322]",-0.007407294,4.4373,0.0,5.0,5.0,115.0,1.0,oor,goor,question_gesture.png,im_hand.png,,,,,,
,,,855539,1,21,2023-09-13_15h40.10.439,flesh_expressibility_dutch,2022.2.4,Win32,59.9880024,,,,18.0,1.0,Nederlands,,,,,,Engels,3.0,Duits,2.0,Spaans,1.0,,0.0,,0.0,,0.0,,0.0,,0.0,NL,3.0,2.0,2.0,5.0,,sensorypref2,1280.0,720.0,,,,,,,,,,,,,,,,,,,,,,,,,,,,,,,,,,,,7.0,256.2205,7.0,"[1.6497000000476874,0.7497999999523017,0.7517000000476628,0.6995000000000005,0.997900000095342,0.6162999999523322,0.9155999999046571]","[1.6497000000476874,0.7498999999761509,0.7517000000476628,0.6995000000000005,0.9981000000238396,0.6162999999523322,0.9156999999284494]",0.488888889,3.0855,0.0,6.0,6.0,54.0,1.0,snel,gsnel,question_gesture.png,im_hand.png,,,,,,
,,,855539,1,21,2023-09-13_15h40.10.439,flesh_expressibility_dutch,2022.2.4,Win32,59.9880024,,,,18.0,1.0,Nederlands,,,,,,Engels,3.0,Duits,2.0,Spaans,1.0,,0.0,,0.0,,0.0,,0.0,,0.0,NL,3.0,2.0,2.0,5.0,,sensorypref2,1280.0,720.0,,,,,,,,,,,,,,,,,,,,,,,,,,,,,,,,,,,,8.0,260.1153,8.0,"[1.6497000000476874,0.7497999999523017,0.7517000000476628,0.6995000000000005,0.997900000095342,0.6162999999523322,0.9155999999046571,0.7306000000238555]","[1.6497000000476874,0.7498999999761509,0.7517000000476628,0.6995000000000005,0.9981000000238396,0.6162999999523322,0.9156999999284494,0.7307000000477046]",0.916666667,2.8392,0.0,7.0,7.0,48.0,1.0,vliegen,gvliegen,question_gesture.png,im_hand.png,,,,,,
,,,855539,1,21,2023-09-13_15h40.10.439,flesh_expressibility_dutch,2022.2.4,Win32,59.9880024,,,,18.0,1.0,Nederlands,,,,,,Engels,3.0,Duits,2.0,Spaans,1.0,,0.0,,0.0,,0.0,,0.0,,0.0,NL,3.0,2.0,2.0,5.0,,sensorypref2,1280.0,720.0,,,,,,,,,,,,,,,,,,,,,,,,,,,,,,,,,,,,9.0,263.6956,9.0,"[1.6497000000476874,0.7497999999523017,0.7517000000476628,0.6995000000000005,0.997900000095342,0.6162999999523322,0.9155999999046571,0.7306000000238555,0.7492999999523136]","[1.6497000000476874,0.7498999999761509,0.7517000000476628,0.6995000000000005,0.9981000000238396,0.6162999999523322,0.9156999999284494,0.7307000000477046,0.7493999999761058]",-0.920370314,2.5515,0.0,8.0,8.0,62.0,1.0,piepen,gpiepen,question_gesture.png,im_hand.png,,,,,,
,,,855539,1,21,2023-09-13_15h40.10.439,flesh_expressibility_dutch,2022.2.4,Win32,59.9880024,,,,18.0,1.0,Nederlands,,,,,,Engels,3.0,Duits,2.0,Spaans,1.0,,0.0,,0.0,,0.0,,0.0,,0.0,NL,3.0,2.0,2.0,5.0,,sensorypref2,1280.0,720.0,,,,,,,,,,,,,,,,,,,,,,,,,,,,,,,,,,,,6.0,267.0761,10.0,"[1.6497000000476874,0.7497999999523017,0.7517000000476628,0.6995000000000005,0.997900000095342,0.6162999999523322,0.9155999999046571,0.7306000000238555,0.7492999999523136,0.783099999904664]","[1.6497000000476874,0.7498999999761509,0.7517000000476628,0.6995000000000005,0.9981000000238396,0.6162999999523322,0.9156999999284494,0.7307000000477046,0.7493999999761058,0.7831999999285131]",-0.479629601,3.0133,0.0,9.0,9.0,187.0,1.0,dit,gdit,question_gesture.png,im_hand.png,,,,,,
,,,855539,1,21,2023-09-13_15h40.10.439,flesh_expressibility_dutch,2022.2.4,Win32,59.9880024,,,,18.0,1.0,Nederlands,,,,,,Engels,3.0,Duits,2.0,Spaans,1.0,,0.0,,0.0,,0.0,,0.0,,0.0,NL,3.0,2.0,2.0,5.0,,sensorypref2,1280.0,720.0,,,,,,,,,,,,,,,,,,,,,,,,,,,,,,,,,,,,11.0,270.9126,11.0,"[1.6497000000476874,0.7497999999523017,0.7517000000476628,0.6995000000000005,0.997900000095342,0.6162999999523322,0.9155999999046571,0.7306000000238555,0.7492999999523136,0.783099999904664,0.6827000000477028]","[1.6497000000476874,0.7498999999761509,0.7517000000476628,0.6995000000000005,0.9981000000238396,0.6162999999523322,0.9156999999284494,0.7307000000477046,0.7493999999761058,0.7831999999285131,0.6827999999522945]",0.912963019,3.1675,0.0,10.0,10.0,30.0,1.0,sterk,gsterk,question_gesture.png,im_hand.png,,,,,,
,,,855539,1,21,2023-09-13_15h40.10.439,flesh_expressibility_dutch,2022.2.4,Win32,59.9880024,,,,18.0,1.0,Nederlands,,,,,,Engels,3.0,Duits,2.0,Spaans,1.0,,0.0,,0.0,,0.0,,0.0,,0.0,NL,3.0,2.0,2.0,5.0,,sensorypref2,1280.0,720.0,,,,,,,,,,,,,,,,,,,,,,,,,,,,,,,,,,,,7.0,274.76,12.0,"[1.6497000000476874,0.7497999999523017,0.7517000000476628,0.6995000000000005,0.997900000095342,0.6162999999523322,0.9155999999046571,0.7306000000238555,0.7492999999523136,0.783099999904664,0.6827000000477028,0.697200000047701]","[1.6497000000476874,0.7498999999761509,0.7517000000476628,0.6995000000000005,0.9981000000238396,0.6162999999523322,0.9156999999284494,0.7307000000477046,0.7493999999761058,0.7831999999285131,0.6827999999522945,0.6974999999999909]",0.938888889,2.6375,0.0,11.0,11.0,53.0,1.0,gooien,ggooien,question_gesture.png,im_hand.png,,,,,,
,,,855539,1,21,2023-09-13_15h40.10.439,flesh_expressibility_dutch,2022.2.4,Win32,59.9880024,,,,18.0,1.0,Nederlands,,,,,,Engels,3.0,Duits,2.0,Spaans,1.0,,0.0,,0.0,,0.0,,0.0,,0.0,NL,3.0,2.0,2.0,5.0,,sensorypref2,1280.0,720.0,,,,,,,,,,,,,,,,,,,,,,,,,,,,,,,,,,,,12.0,278.034,13.0,"[1.6497000000476874,0.7497999999523017,0.7517000000476628,0.6995000000000005,0.997900000095342,0.6162999999523322,0.9155999999046571,0.7306000000238555,0.7492999999523136,0.783099999904664,0.6827000000477028,0.697200000047701,0.8008999999761954]","[1.6497000000476874,0.7498999999761509,0.7517000000476628,0.6995000000000005,0.9981000000238396,0.6162999999523322,0.9156999999284494,0.7307000000477046,0.7493999999761058,0.7831999999285131,0.6827999999522945,0.6974999999999909,0.8008999999761954]",0.875926039,2.284,0.0,12.0,12.0,145.0,1.0,slaan,gslaan,question_gesture.png,im_hand.png,,,,,,
,,,855539,1,21,2023-09-13_15h40.10.439,flesh_expressibility_dutch,2022.2.4,Win32,59.9880024,,,,18.0,1.0,Nederlands,,,,,,Engels,3.0,Duits,2.0,Spaans,1.0,,0.0,,0.0,,0.0,,0.0,,0.0,NL,3.0,2.0,2.0,5.0,,sensorypref2,1280.0,720.0,,,,,,,,,,,,,,,,,,,,,,,,,,,,,,,,,,,,11.0,281.106,14.0,"[1.6497000000476874,0.7497999999523017,0.7517000000476628,0.6995000000000005,0.997900000095342,0.6162999999523322,0.9155999999046571,0.7306000000238555,0.7492999999523136,0.783099999904664,0.6827000000477028,0.697200000047701,0.8008999999761954,0.7666000000238569]","[1.6497000000476874,0.7498999999761509,0.7517000000476628,0.6995000000000005,0.9981000000238396,0.6162999999523322,0.9156999999284494,0.7307000000477046,0.7493999999761058,0.7831999999285131,0.6827999999522945,0.6974999999999909,0.8008999999761954,0.7666000000238569]",-0.674074046,3.5136,0.0,13.0,13.0,10.0,1.0,strak,gstrak,question_gesture.png,im_hand.png,,,,,,
,,,855539,1,21,2023-09-13_15h40.10.439,flesh_expressibility_dutch,2022.2.4,Win32,59.9880024,,,,18.0,1.0,Nederlands,,,,,,Engels,3.0,Duits,2.0,Spaans,1.0,,0.0,,0.0,,0.0,,0.0,,0.0,NL,3.0,2.0,2.0,5.0,,sensorypref2,1280.0,720.0,,,,,,,,,,,,,,,,,,,,,,,,,,,,,,,,,,,,11.0,285.4079,15.0,"[1.6497000000476874,0.7497999999523017,0.7517000000476628,0.6995000000000005,0.997900000095342,0.6162999999523322,0.9155999999046571,0.7306000000238555,0.7492999999523136,0.783099999904664,0.6827000000477028,0.697200000047701,0.8008999999761954,0.7666000000238569,0.6328999999761891]","[1.6497000000476874,0.7498999999761509,0.7517000000476628,0.6995000000000005,0.9981000000238396,0.6162999999523322,0.9156999999284494,0.7307000000477046,0.7493999999761058,0.7831999999285131,0.6827999999522945,0.6974999999999909,0.8008999999761954,0.7666000000238569,0.6330000000000382]",-0.235185072,3.1835,0.0,14.0,14.0,107.0,1.0,mond,gmond,question_gesture.png,im_hand.png,,,,,,
,,,855539,1,21,2023-09-13_15h40.10.439,flesh_expressibility_dutch,2022.2.4,Win32,59.9880024,,,,18.0,1.0,Nederlands,,,,,,Engels,3.0,Duits,2.0,Spaans,1.0,,0.0,,0.0,,0.0,,0.0,,0.0,NL,3.0,2.0,2.0,5.0,,sensorypref2,1280.0,720.0,,,,,,,,,,,,,,,,,,,,,,,,,,,,,,,,,,,,12.0,289.2969,16.0,"[1.6497000000476874,0.7497999999523017,0.7517000000476628,0.6995000000000005,0.997900000095342,0.6162999999523322,0.9155999999046571,0.7306000000238555,0.7492999999523136,0.783099999904664,0.6827000000477028,0.697200000047701,0.8008999999761954,0.7666000000238569,0.6328999999761891,0.5993999999761854]","[1.6497000000476874,0.7498999999761509,0.7517000000476628,0.6995000000000005,0.9981000000238396,0.6162999999523322,0.9156999999284494,0.7307000000477046,0.7493999999761058,0.7831999999285131,0.6827999999522945,0.6974999999999909,0.8008999999761954,0.7666000000238569,0.6330000000000382,0.5995000000000346]",-0.781481425,2.6375,0.0,15.0,15.0,21.0,1.0,heden,gheden,question_gesture.png,im_hand.png,,,,,,
,,,855539,1,21,2023-09-13_15h40.10.439,flesh_expressibility_dutch,2022.2.4,Win32,59.9880024,,,,18.0,1.0,Nederlands,,,,,,Engels,3.0,Duits,2.0,Spaans,1.0,,0.0,,0.0,,0.0,,0.0,,0.0,NL,3.0,2.0,2.0,5.0,,sensorypref2,1280.0,720.0,,,,,,,,,,,,,,,,,,,,,,,,,,,,,,,,,,,,13.0,292.4718,17.0,"[1.6497000000476874,0.7497999999523017,0.7517000000476628,0.6995000000000005,0.997900000095342,0.6162999999523322,0.9155999999046571,0.7306000000238555,0.7492999999523136,0.783099999904664,0.6827000000477028,0.697200000047701,0.8008999999761954,0.7666000000238569,0.6328999999761891,0.5993999999761854,0.6328999999761322]","[1.6497000000476874,0.7498999999761509,0.7517000000476628,0.6995000000000005,0.9981000000238396,0.6162999999523322,0.9156999999284494,0.7307000000477046,0.7493999999761058,0.7831999999285131,0.6827999999522945,0.6974999999999909,0.8008999999761954,0.7666000000238569,0.6330000000000382,0.5995000000000346,0.6329999999999814]",-0.462962935,3.6663,0.0,16.0,16.0,93.0,1.0,kleding,gkleding,question_gesture.png,im_hand.png,,,,,,
,,,855539,1,21,2023-09-13_15h40.10.439,flesh_expressibility_dutch,2022.2.4,Win32,59.9880024,,,,18.0,1.0,Nederlands,,,,,,Engels,3.0,Duits,2.0,Spaans,1.0,,0.0,,0.0,,0.0,,0.0,,0.0,NL,3.0,2.0,2.0,5.0,,sensorypref2,1280.0,720.0,,,,,,,,,,,,,,,,,,,,,,,,,,,,,,,,,,,,9.0,296.8747,18.0,"[1.6497000000476874,0.7497999999523017,0.7517000000476628,0.6995000000000005,0.997900000095342,0.6162999999523322,0.9155999999046571,0.7306000000238555,0.7492999999523136,0.783099999904664,0.6827000000477028,0.697200000047701,0.8008999999761954,0.7666000000238569,0.6328999999761891,0.5993999999761854,0.6328999999761322,0.6990000000000123]","[1.6497000000476874,0.7498999999761509,0.7517000000476628,0.6995000000000005,0.9981000000238396,0.6162999999523322,0.9156999999284494,0.7307000000477046,0.7493999999761058,0.7831999999285131,0.6827999999522945,0.6974999999999909,0.8008999999761954,0.7666000000238569,0.6330000000000382,0.5995000000000346,0.6329999999999814,0.6991000000238614]",-0.507407379,2.5222,0.0,17.0,17.0,76.0,1.0,blauw,gblauw,question_gesture.png,im_hand.png,,,,,,
,,,855539,1,21,2023-09-13_15h40.10.439,flesh_expressibility_dutch,2022.2.4,Win32,59.9880024,,,,18.0,1.0,Nederlands,,,,,,Engels,3.0,Duits,2.0,Spaans,1.0,,0.0,,0.0,,0.0,,0.0,,0.0,NL,3.0,2.0,2.0,5.0,,sensorypref2,1280.0,720.0,,,,,,,,,,,,,,,,,,,,,,,,,,,,,,,,,,,,12.0,299.981,19.0,"[1.6497000000476874,0.7497999999523017,0.7517000000476628,0.6995000000000005,0.997900000095342,0.6162999999523322,0.9155999999046571,0.7306000000238555,0.7492999999523136,0.783099999904664,0.6827000000477028,0.697200000047701,0.8008999999761954,0.7666000000238569,0.6328999999761891,0.5993999999761854,0.6328999999761322,0.6990000000000123,0.7993999999761172]","[1.6497000000476874,0.7498999999761509,0.7517000000476628,0.6995000000000005,0.9981000000238396,0.6162999999523322,0.9156999999284494,0.7307000000477046,0.7493999999761058,0.7831999999285131,0.6827999999522945,0.6974999999999909,0.8008999999761954,0.7666000000238569,0.6330000000000382,0.5995000000000346,0.6329999999999814,0.6991000000238614,0.7993999999761172]",0.998148261,2.2246,0.0,18.0,18.0,90.0,1.0,slapen,gslapen,question_gesture.png,im_hand.png,,,,,,
,,,855539,1,21,2023-09-13_15h40.10.439,flesh_expressibility_dutch,2022.2.4,Win32,59.9880024,,,,18.0,1.0,Nederlands,,,,,,Engels,3.0,Duits,2.0,Spaans,1.0,,0.0,,0.0,,0.0,,0.0,,0.0,NL,3.0,2.0,2.0,5.0,,sensorypref2,1280.0,720.0,,,,,,,,,,,,,,,,,,,,,,,,,,,,,,,,,,,,7.0,303.1237,20.0,"[1.6497000000476874,0.7497999999523017,0.7517000000476628,0.6995000000000005,0.997900000095342,0.6162999999523322,0.9155999999046571,0.7306000000238555,0.7492999999523136,0.783099999904664,0.6827000000477028,0.697200000047701,0.8008999999761954,0.7666000000238569,0.6328999999761891,0.5993999999761854,0.6328999999761322,0.6990000000000123,0.7993999999761172,0.6850000000000023]","[1.6497000000476874,0.7498999999761509,0.7517000000476628,0.6995000000000005,0.9981000000238396,0.6162999999523322,0.9156999999284494,0.7307000000477046,0.7493999999761058,0.7831999999285131,0.6827999999522945,0.6974999999999909,0.8008999999761954,0.7666000000238569,0.6330000000000382,0.5995000000000346,0.6329999999999814,0.6991000000238614,0.7993999999761172,0.6850999999046508]",0.257407464,2.849,0.0,19.0,19.0,29.0,1.0,ziek,gziek,question_gesture.png,im_hand.png,,,,,,
,,,855539,1,21,2023-09-13_15h40.10.439,flesh_expressibility_dutch,2022.2.4,Win32,59.9880024,,,,18.0,1.0,Nederlands,,,,,,Engels,3.0,Duits,2.0,Spaans,1.0,,0.0,,0.0,,0.0,,0.0,,0.0,NL,3.0,2.0,2.0,5.0,,sensorypref2,1280.0,720.0,,,,,,,,,,,,,,,,,,,,,,,,,,,,,,2.0,"[227.16310000002383,310.37930000007145]","[227.16320000004768,310.37939999997616]",2.0,"[228.89389999997616,312.30899999999997]","[228.89389999997616,312.3091000000238]",9.0,313.7706,21.0,"[1.6497000000476874,0.7497999999523017,0.7517000000476628,0.6995000000000005,0.997900000095342,0.6162999999523322,0.9155999999046571,0.7306000000238555,0.7492999999523136,0.783099999904664,0.6827000000477028,0.697200000047701,0.8008999999761954,0.7666000000238569,0.6328999999761891,0.5993999999761854,0.6328999999761322,0.6990000000000123,0.7993999999761172,0.6850000000000023,0.8320999999045853]","[1.6497000000476874,0.7498999999761509,0.7517000000476628,0.6995000000000005,0.9981000000238396,0.6162999999523322,0.9156999999284494,0.7307000000477046,0.7493999999761058,0.7831999999285131,0.6827999999522945,0.6974999999999909,0.8008999999761954,0.7666000000238569,0.6330000000000382,0.5995000000000346,0.6329999999999814,0.6991000000238614,0.7993999999761172,0.6850999999046508,0.8320999999045853]",-0.631481425,3.8384,0.0,0.0,0.0,172.0,1.0,één,véén,question_vocal.png,im_mouth.png,,,,,,
,,,855539,1,21,2023-09-13_15h40.10.439,flesh_expressibility_dutch,2022.2.4,Win32,59.9880024,,,,18.0,1.0,Nederlands,,,,,,Engels,3.0,Duits,2.0,Spaans,1.0,,0.0,,0.0,,0.0,,0.0,,0.0,NL,3.0,2.0,2.0,5.0,,sensorypref2,1280.0,720.0,,,,,,,,,,,,,,,,,,,,,,,,,,,,,,,,,,,,10.0,318.48,22.0,"[1.6497000000476874,0.7497999999523017,0.7517000000476628,0.6995000000000005,0.997900000095342,0.6162999999523322,0.9155999999046571,0.7306000000238555,0.7492999999523136,0.783099999904664,0.6827000000477028,0.697200000047701,0.8008999999761954,0.7666000000238569,0.6328999999761891,0.5993999999761854,0.6328999999761322,0.6990000000000123,0.7993999999761172,0.6850000000000023,0.8320999999045853,1.1326000000238423]","[1.6497000000476874,0.7498999999761509,0.7517000000476628,0.6995000000000005,0.9981000000238396,0.6162999999523322,0.9156999999284494,0.7307000000477046,0.7493999999761058,0.7831999999285131,0.6827999999522945,0.6974999999999909,0.8008999999761954,0.7666000000238569,0.6330000000000382,0.5995000000000346,0.6329999999999814,0.6991000000238614,0.7993999999761172,0.6850999999046508,0.8320999999045853,1.1326000000238423]",-0.503703647,4.701,0.0,1.0,1.0,47.0,1.0,kruipen,vkruipen,question_vocal.png,im_mouth.png,,,,,,
,,,855539,1,21,2023-09-13_15h40.10.439,flesh_expressibility_dutch,2022.2.4,Win32,59.9880024,,,,18.0,1.0,Nederlands,,,,,,Engels,3.0,Duits,2.0,Spaans,1.0,,0.0,,0.0,,0.0,,0.0,,0.0,NL,3.0,2.0,2.0,5.0,,sensorypref2,1280.0,720.0,,,,,,,,,,,,,,,,,,,,,,,,,,,,,,,,,,,,13.0,324.2159,23.0,"[1.6497000000476874,0.7497999999523017,0.7517000000476628,0.6995000000000005,0.997900000095342,0.6162999999523322,0.9155999999046571,0.7306000000238555,0.7492999999523136,0.783099999904664,0.6827000000477028,0.697200000047701,0.8008999999761954,0.7666000000238569,0.6328999999761891,0.5993999999761854,0.6328999999761322,0.6990000000000123,0.7993999999761172,0.6850000000000023,0.8320999999045853,1.1326000000238423,0.6641000000238364]","[1.6497000000476874,0.7498999999761509,0.7517000000476628,0.6995000000000005,0.9981000000238396,0.6162999999523322,0.9156999999284494,0.7307000000477046,0.7493999999761058,0.7831999999285131,0.6827999999522945,0.6974999999999909,0.8008999999761954,0.7666000000238569,0.6330000000000382,0.5995000000000346,0.6329999999999814,0.6991000000238614,0.7993999999761172,0.6850999999046508,0.8320999999045853,1.1326000000238423,0.6641000000238364]",-0.607407379,3.4864,0.0,2.0,2.0,54.0,1.0,snel,vsnel,question_vocal.png,im_mouth.png,,,,,,
,,,855539,1,21,2023-09-13_15h40.10.439,flesh_expressibility_dutch,2022.2.4,Win32,59.9880024,,,,18.0,1.0,Nederlands,,,,,,Engels,3.0,Duits,2.0,Spaans,1.0,,0.0,,0.0,,0.0,,0.0,,0.0,NL,3.0,2.0,2.0,5.0,,sensorypref2,1280.0,720.0,,,,,,,,,,,,,,,,,,,,,,,,,,,,,,,,,,,,8.0,328.5179,24.0,"[1.6497000000476874,0.7497999999523017,0.7517000000476628,0.6995000000000005,0.997900000095342,0.6162999999523322,0.9155999999046571,0.7306000000238555,0.7492999999523136,0.783099999904664,0.6827000000477028,0.697200000047701,0.8008999999761954,0.7666000000238569,0.6328999999761891,0.5993999999761854,0.6328999999761322,0.6990000000000123,0.7993999999761172,0.6850000000000023,0.8320999999045853,1.1326000000238423,0.6641000000238364,1.4971999999285117]","[1.6497000000476874,0.7498999999761509,0.7517000000476628,0.6995000000000005,0.9981000000238396,0.6162999999523322,0.9156999999284494,0.7307000000477046,0.7493999999761058,0.7831999999285131,0.6827999999522945,0.6974999999999909,0.8008999999761954,0.7666000000238569,0.6330000000000382,0.5995000000000346,0.6329999999999814,0.6991000000238614,0.7993999999761172,0.6850999999046508,0.8320999999045853,1.1326000000238423,0.6641000000238364,1.4972999999523608]",-0.529629601,4.0945,0.0,3.0,3.0,115.0,1.0,oor,voor,question_vocal.png,im_mouth.png,,,,,,
,,,855539,1,21,2023-09-13_15h40.10.439,flesh_expressibility_dutch,2022.2.4,Win32,59.9880024,,,,18.0,1.0,Nederlands,,,,,,Engels,3.0,Duits,2.0,Spaans,1.0,,0.0,,0.0,,0.0,,0.0,,0.0,NL,3.0,2.0,2.0,5.0,,sensorypref2,1280.0,720.0,,,,,,,,,,,,,,,,,,,,,,,,,,,,,,,,,,,,14.0,333.329,25.0,"[1.6497000000476874,0.7497999999523017,0.7517000000476628,0.6995000000000005,0.997900000095342,0.6162999999523322,0.9155999999046571,0.7306000000238555,0.7492999999523136,0.783099999904664,0.6827000000477028,0.697200000047701,0.8008999999761954,0.7666000000238569,0.6328999999761891,0.5993999999761854,0.6328999999761322,0.6990000000000123,0.7993999999761172,0.6850000000000023,0.8320999999045853,1.1326000000238423,0.6641000000238364,1.4971999999285117,0.6823000000715069]","[1.6497000000476874,0.7498999999761509,0.7517000000476628,0.6995000000000005,0.9981000000238396,0.6162999999523322,0.9156999999284494,0.7307000000477046,0.7493999999761058,0.7831999999285131,0.6827999999522945,0.6974999999999909,0.8008999999761954,0.7666000000238569,0.6330000000000382,0.5995000000000346,0.6329999999999814,0.6991000000238614,0.7993999999761172,0.6850999999046508,0.8320999999045853,1.1326000000238423,0.6641000000238364,1.4972999999523608,0.6824000000953561]",-0.225925869,4.2675,0.0,4.0,4.0,200.0,1.0,oud,voud,question_vocal.png,im_mouth.png,,,,,,
,,,855539,1,21,2023-09-13_15h40.10.439,flesh_expressibility_dutch,2022.2.4,Win32,59.9880024,,,,18.0,1.0,Nederlands,,,,,,Engels,3.0,Duits,2.0,Spaans,1.0,,0.0,,0.0,,0.0,,0.0,,0.0,NL,3.0,2.0,2.0,5.0,,sensorypref2,1280.0,720.0,,,,,,,,,,,,,,,,,,,,,,,,,,,,,,,,,,,,11.0,338.2451,26.0,"[1.6497000000476874,0.7497999999523017,0.7517000000476628,0.6995000000000005,0.997900000095342,0.6162999999523322,0.9155999999046571,0.7306000000238555,0.7492999999523136,0.783099999904664,0.6827000000477028,0.697200000047701,0.8008999999761954,0.7666000000238569,0.6328999999761891,0.5993999999761854,0.6328999999761322,0.6990000000000123,0.7993999999761172,0.6850000000000023,0.8320999999045853,1.1326000000238423,0.6641000000238364,1.4971999999285117,0.6823000000715069,0.6831000000238419]","[1.6497000000476874,0.7498999999761509,0.7517000000476628,0.6995000000000005,0.9981000000238396,0.6162999999523322,0.9156999999284494,0.7307000000477046,0.7493999999761058,0.7831999999285131,0.6827999999522945,0.6974999999999909,0.8008999999761954,0.7666000000238569,0.6330000000000382,0.5995000000000346,0.6329999999999814,0.6991000000238614,0.7993999999761172,0.6850999999046508,0.8320999999045853,1.1326000000238423,0.6641000000238364,1.4972999999523608,0.6824000000953561,0.683200000047691]",-0.392592536,4.8284,0.0,5.0,5.0,133.0,1.0,ster,vster,question_vocal.png,im_mouth.png,,,,,,
,,,855539,1,21,2023-09-13_15h40.10.439,flesh_expressibility_dutch,2022.2.4,Win32,59.9880024,,,,18.0,1.0,Nederlands,,,,,,Engels,3.0,Duits,2.0,Spaans,1.0,,0.0,,0.0,,0.0,,0.0,,0.0,NL,3.0,2.0,2.0,5.0,,sensorypref2,1280.0,720.0,,,,,,,,,,,,,,,,,,,,,,,,,,,,,,,,,,,,10.0,343.7739,27.0,"[1.6497000000476874,0.7497999999523017,0.7517000000476628,0.6995000000000005,0.997900000095342,0.6162999999523322,0.9155999999046571,0.7306000000238555,0.7492999999523136,0.783099999904664,0.6827000000477028,0.697200000047701,0.8008999999761954,0.7666000000238569,0.6328999999761891,0.5993999999761854,0.6328999999761322,0.6990000000000123,0.7993999999761172,0.6850000000000023,0.8320999999045853,1.1326000000238423,0.6641000000238364,1.4971999999285117,0.6823000000715069,0.6831000000238419,0.7341999999284781]","[1.6497000000476874,0.7498999999761509,0.7517000000476628,0.6995000000000005,0.9981000000238396,0.6162999999523322,0.9156999999284494,0.7307000000477046,0.7493999999761058,0.7831999999285131,0.6827999999522945,0.6974999999999909,0.8008999999761954,0.7666000000238569,0.6330000000000382,0.5995000000000346,0.6329999999999814,0.6991000000238614,0.7993999999761172,0.6850999999046508,0.8320999999045853,1.1326000000238423,0.6641000000238364,1.4972999999523608,0.6824000000953561,0.683200000047691,0.7342999999523272]",-0.427777778,3.0133,0.0,6.0,6.0,82.0,1.0,beneden,vbeneden,question_vocal.png,im_mouth.png,,,,,,
,,,855539,1,21,2023-09-13_15h40.10.439,flesh_expressibility_dutch,2022.2.4,Win32,59.9880024,,,,18.0,1.0,Nederlands,,,,,,Engels,3.0,Duits,2.0,Spaans,1.0,,0.0,,0.0,,0.0,,0.0,,0.0,NL,3.0,2.0,2.0,5.0,,sensorypref2,1280.0,720.0,,,,,,,,,,,,,,,,,,,,,,,,,,,,,,,,,,,,9.0,347.5628,28.0,"[1.6497000000476874,0.7497999999523017,0.7517000000476628,0.6995000000000005,0.997900000095342,0.6162999999523322,0.9155999999046571,0.7306000000238555,0.7492999999523136,0.783099999904664,0.6827000000477028,0.697200000047701,0.8008999999761954,0.7666000000238569,0.6328999999761891,0.5993999999761854,0.6328999999761322,0.6990000000000123,0.7993999999761172,0.6850000000000023,0.8320999999045853,1.1326000000238423,0.6641000000238364,1.4971999999285117,0.6823000000715069,0.6831000000238419,0.7341999999284781,0.949299999952359]","[1.6497000000476874,0.7498999999761509,0.7517000000476628,0.6995000000000005,0.9981000000238396,0.6162999999523322,0.9156999999284494,0.7307000000477046,0.7493999999761058,0.7831999999285131,0.6827999999522945,0.6974999999999909,0.8008999999761954,0.7666000000238569,0.6330000000000382,0.5995000000000346,0.6329999999999814,0.6991000000238614,0.7993999999761172,0.6850999999046508,0.8320999999045853,1.1326000000238423,0.6641000000238364,1.4972999999523608,0.6824000000953561,0.683200000047691,0.7342999999523272,0.949299999952359]",-0.437036981,3.1882,0.0,7.0,7.0,190.0,1.0,ei,vei,question_vocal.png,im_mouth.png,,,,,,
,,,855539,1,21,2023-09-13_15h40.10.439,flesh_expressibility_dutch,2022.2.4,Win32,59.9880024,,,,18.0,1.0,Nederlands,,,,,,Engels,3.0,Duits,2.0,Spaans,1.0,,0.0,,0.0,,0.0,,0.0,,0.0,NL,3.0,2.0,2.0,5.0,,sensorypref2,1280.0,720.0,,,,,,,,,,,,,,,,,,,,,,,,,,,,,,,,,,,,10.0,351.7605,29.0,"[1.6497000000476874,0.7497999999523017,0.7517000000476628,0.6995000000000005,0.997900000095342,0.6162999999523322,0.9155999999046571,0.7306000000238555,0.7492999999523136,0.783099999904664,0.6827000000477028,0.697200000047701,0.8008999999761954,0.7666000000238569,0.6328999999761891,0.5993999999761854,0.6328999999761322,0.6990000000000123,0.7993999999761172,0.6850000000000023,0.8320999999045853,1.1326000000238423,0.6641000000238364,1.4971999999285117,0.6823000000715069,0.6831000000238419,0.7341999999284781,0.949299999952359,0.7662000000477178]","[1.6497000000476874,0.7498999999761509,0.7517000000476628,0.6995000000000005,0.9981000000238396,0.6162999999523322,0.9156999999284494,0.7307000000477046,0.7493999999761058,0.7831999999285131,0.6827999999522945,0.6974999999999909,0.8008999999761954,0.7666000000238569,0.6330000000000382,0.5995000000000346,0.6329999999999814,0.6991000000238614,0.7993999999761172,0.6850999999046508,0.8320999999045853,1.1326000000238423,0.6641000000238364,1.4972999999523608,0.6824000000953561,0.683200000047691,0.7342999999523272,0.949299999952359,0.7662999999523095]",-0.270370314,3.3861,0.0,8.0,8.0,143.0,1.0,vermalen,vvermalen,question_vocal.png,im_mouth.png,,,,,,
,,,855539,1,21,2023-09-13_15h40.10.439,flesh_expressibility_dutch,2022.2.4,Win32,59.9880024,,,,18.0,1.0,Nederlands,,,,,,Engels,3.0,Duits,2.0,Spaans,1.0,,0.0,,0.0,,0.0,,0.0,,0.0,NL,3.0,2.0,2.0,5.0,,sensorypref2,1280.0,720.0,,,,,,,,,,,,,,,,,,,,,,,,,,,,,,,,,,,,9.0,355.8577,30.0,"[1.6497000000476874,0.7497999999523017,0.7517000000476628,0.6995000000000005,0.997900000095342,0.6162999999523322,0.9155999999046571,0.7306000000238555,0.7492999999523136,0.783099999904664,0.6827000000477028,0.697200000047701,0.8008999999761954,0.7666000000238569,0.6328999999761891,0.5993999999761854,0.6328999999761322,0.6990000000000123,0.7993999999761172,0.6850000000000023,0.8320999999045853,1.1326000000238423,0.6641000000238364,1.4971999999285117,0.6823000000715069,0.6831000000238419,0.7341999999284781,0.949299999952359,0.7662000000477178,0.7325000000000159]","[1.6497000000476874,0.7498999999761509,0.7517000000476628,0.6995000000000005,0.9981000000238396,0.6162999999523322,0.9156999999284494,0.7307000000477046,0.7493999999761058,0.7831999999285131,0.6827999999522945,0.6974999999999909,0.8008999999761954,0.7666000000238569,0.6330000000000382,0.5995000000000346,0.6329999999999814,0.6991000000238614,0.7993999999761172,0.6850999999046508,0.8320999999045853,1.1326000000238423,0.6641000000238364,1.4972999999523608,0.6824000000953561,0.683200000047691,0.7342999999523272,0.949299999952359,0.7662999999523095,0.732600000023865]",-0.194444444,4.5686,0.0,9.0,9.0,112.0,1.0,bloed,vbloed,question_vocal.png,im_mouth.png,,,,,,
,,,855539,1,21,2023-09-13_15h40.10.439,flesh_expressibility_dutch,2022.2.4,Win32,59.9880024,,,,18.0,1.0,Nederlands,,,,,,Engels,3.0,Duits,2.0,Spaans,1.0,,0.0,,0.0,,0.0,,0.0,,0.0,NL,3.0,2.0,2.0,5.0,,sensorypref2,1280.0,720.0,,,,,,,,,,,,,,,,,,,,,,,,,,,,,,,,,,,,9.0,361.1809,31.0,"[1.6497000000476874,0.7497999999523017,0.7517000000476628,0.6995000000000005,0.997900000095342,0.6162999999523322,0.9155999999046571,0.7306000000238555,0.7492999999523136,0.783099999904664,0.6827000000477028,0.697200000047701,0.8008999999761954,0.7666000000238569,0.6328999999761891,0.5993999999761854,0.6328999999761322,0.6990000000000123,0.7993999999761172,0.6850000000000023,0.8320999999045853,1.1326000000238423,0.6641000000238364,1.4971999999285117,0.6823000000715069,0.6831000000238419,0.7341999999284781,0.949299999952359,0.7662000000477178,0.7325000000000159,0.7487000000476769]","[1.6497000000476874,0.7498999999761509,0.7517000000476628,0.6995000000000005,0.9981000000238396,0.6162999999523322,0.9156999999284494,0.7307000000477046,0.7493999999761058,0.7831999999285131,0.6827999999522945,0.6974999999999909,0.8008999999761954,0.7666000000238569,0.6330000000000382,0.5995000000000346,0.6329999999999814,0.6991000000238614,0.7993999999761172,0.6850999999046508,0.8320999999045853,1.1326000000238423,0.6641000000238364,1.4972999999523608,0.6824000000953561,0.683200000047691,0.7342999999523272,0.949299999952359,0.7662999999523095,0.732600000023865,0.748800000071526]",-0.06296285,3.5368,0.0,10.0,10.0,173.0,1.0,klein,vklein,question_vocal.png,im_mouth.png,,,,,,
,,,855539,1,21,2023-09-13_15h40.10.439,flesh_expressibility_dutch,2022.2.4,Win32,59.9880024,,,,18.0,1.0,Nederlands,,,,,,Engels,3.0,Duits,2.0,Spaans,1.0,,0.0,,0.0,,0.0,,0.0,,0.0,NL,3.0,2.0,2.0,5.0,,sensorypref2,1280.0,720.0,,,,,,,,,,,,,,,,,,,,,,,,,,,,,,,,,,,,9.0,365.4817,32.0,"[1.6497000000476874,0.7497999999523017,0.7517000000476628,0.6995000000000005,0.997900000095342,0.6162999999523322,0.9155999999046571,0.7306000000238555,0.7492999999523136,0.783099999904664,0.6827000000477028,0.697200000047701,0.8008999999761954,0.7666000000238569,0.6328999999761891,0.5993999999761854,0.6328999999761322,0.6990000000000123,0.7993999999761172,0.6850000000000023,0.8320999999045853,1.1326000000238423,0.6641000000238364,1.4971999999285117,0.6823000000715069,0.6831000000238419,0.7341999999284781,0.949299999952359,0.7662000000477178,0.7325000000000159,0.7487000000476769,0.7825999999046189]","[1.6497000000476874,0.7498999999761509,0.7517000000476628,0.6995000000000005,0.9981000000238396,0.6162999999523322,0.9156999999284494,0.7307000000477046,0.7493999999761058,0.7831999999285131,0.6827999999522945,0.6974999999999909,0.8008999999761954,0.7666000000238569,0.6330000000000382,0.5995000000000346,0.6329999999999814,0.6991000000238614,0.7993999999761172,0.6850999999046508,0.8320999999045853,1.1326000000238423,0.6641000000238364,1.4972999999523608,0.6824000000953561,0.683200000047691,0.7342999999523272,0.949299999952359,0.7662999999523095,0.732600000023865,0.748800000071526,0.7825999999046189]",-0.005555556,5.3481,0.0,11.0,11.0,127.0,1.0,vleugel,vvleugel,question_vocal.png,im_mouth.png,,,,,,
,,,855539,1,21,2023-09-13_15h40.10.439,flesh_expressibility_dutch,2022.2.4,Win32,59.9880024,,,,18.0,1.0,Nederlands,,,,,,Engels,3.0,Duits,2.0,Spaans,1.0,,0.0,,0.0,,0.0,,0.0,,0.0,NL,3.0,2.0,2.0,5.0,,sensorypref2,1280.0,720.0,,,,,,,,,,,,,,,,,,,,,,,,,,,,,,,,,,,,15.0,371.6291,33.0,"[1.6497000000476874,0.7497999999523017,0.7517000000476628,0.6995000000000005,0.997900000095342,0.6162999999523322,0.9155999999046571,0.7306000000238555,0.7492999999523136,0.783099999904664,0.6827000000477028,0.697200000047701,0.8008999999761954,0.7666000000238569,0.6328999999761891,0.5993999999761854,0.6328999999761322,0.6990000000000123,0.7993999999761172,0.6850000000000023,0.8320999999045853,1.1326000000238423,0.6641000000238364,1.4971999999285117,0.6823000000715069,0.6831000000238419,0.7341999999284781,0.949299999952359,0.7662000000477178,0.7325000000000159,0.7487000000476769,0.7825999999046189,1.5982000000477115]","[1.6497000000476874,0.7498999999761509,0.7517000000476628,0.6995000000000005,0.9981000000238396,0.6162999999523322,0.9156999999284494,0.7307000000477046,0.7493999999761058,0.7831999999285131,0.6827999999522945,0.6974999999999909,0.8008999999761954,0.7666000000238569,0.6330000000000382,0.5995000000000346,0.6329999999999814,0.6991000000238614,0.7993999999761172,0.6850999999046508,0.8320999999045853,1.1326000000238423,0.6641000000238364,1.4972999999523608,0.6824000000953561,0.683200000047691,0.7342999999523272,0.949299999952359,0.7662999999523095,0.732600000023865,0.748800000071526,0.7825999999046189,1.5983999999761522]",0.824074131,3.3366,0.0,12.0,12.0,148.0,1.0,bijten,vbijten,question_vocal.png,im_mouth.png,,,,,,
,,,855539,1,21,2023-09-13_15h40.10.439,flesh_expressibility_dutch,2022.2.4,Win32,59.9880024,,,,18.0,1.0,Nederlands,,,,,,Engels,3.0,Duits,2.0,Spaans,1.0,,0.0,,0.0,,0.0,,0.0,,0.0,NL,3.0,2.0,2.0,5.0,,sensorypref2,1280.0,720.0,,,,,,,,,,,,,,,,,,,,,,,,,,,,,,,,,,,,10.0,375.7233,34.0,"[1.6497000000476874,0.7497999999523017,0.7517000000476628,0.6995000000000005,0.997900000095342,0.6162999999523322,0.9155999999046571,0.7306000000238555,0.7492999999523136,0.783099999904664,0.6827000000477028,0.697200000047701,0.8008999999761954,0.7666000000238569,0.6328999999761891,0.5993999999761854,0.6328999999761322,0.6990000000000123,0.7993999999761172,0.6850000000000023,0.8320999999045853,1.1326000000238423,0.6641000000238364,1.4971999999285117,0.6823000000715069,0.6831000000238419,0.7341999999284781,0.949299999952359,0.7662000000477178,0.7325000000000159,0.7487000000476769,0.7825999999046189,1.5982000000477115,0.815200000047696]","[1.6497000000476874,0.7498999999761509,0.7517000000476628,0.6995000000000005,0.9981000000238396,0.6162999999523322,0.9156999999284494,0.7307000000477046,0.7493999999761058,0.7831999999285131,0.6827999999522945,0.6974999999999909,0.8008999999761954,0.7666000000238569,0.6330000000000382,0.5995000000000346,0.6329999999999814,0.6991000000238614,0.7993999999761172,0.6850999999046508,0.8320999999045853,1.1326000000238423,0.6641000000238364,1.4972999999523608,0.6824000000953561,0.683200000047691,0.7342999999523272,0.949299999952359,0.7662999999523095,0.732600000023865,0.748800000071526,0.7825999999046189,1.5983999999761522,0.8153999999761936]",0.885185242,2.2751,0.0,13.0,13.0,56.0,1.0,grommen,vgrommen,question_vocal.png,im_mouth.png,,,,,,
,,,855539,1,21,2023-09-13_15h40.10.439,flesh_expressibility_dutch,2022.2.4,Win32,59.9880024,,,,18.0,1.0,Nederlands,,,,,,Engels,3.0,Duits,2.0,Spaans,1.0,,0.0,,0.0,,0.0,,0.0,,0.0,NL,3.0,2.0,2.0,5.0,,sensorypref2,1280.0,720.0,,,,,,,,,,,,,,,,,,,,,,,,,,,,,,,,,,,,4.0,378.8361,35.0,"[1.6497000000476874,0.7497999999523017,0.7517000000476628,0.6995000000000005,0.997900000095342,0.6162999999523322,0.9155999999046571,0.7306000000238555,0.7492999999523136,0.783099999904664,0.6827000000477028,0.697200000047701,0.8008999999761954,0.7666000000238569,0.6328999999761891,0.5993999999761854,0.6328999999761322,0.6990000000000123,0.7993999999761172,0.6850000000000023,0.8320999999045853,1.1326000000238423,0.6641000000238364,1.4971999999285117,0.6823000000715069,0.6831000000238419,0.7341999999284781,0.949299999952359,0.7662000000477178,0.7325000000000159,0.7487000000476769,0.7825999999046189,1.5982000000477115,0.815200000047696,0.9823999999761668]","[1.6497000000476874,0.7498999999761509,0.7517000000476628,0.6995000000000005,0.9981000000238396,0.6162999999523322,0.9156999999284494,0.7307000000477046,0.7493999999761058,0.7831999999285131,0.6827999999522945,0.6974999999999909,0.8008999999761954,0.7666000000238569,0.6330000000000382,0.5995000000000346,0.6329999999999814,0.6991000000238614,0.7993999999761172,0.6850999999046508,0.8320999999045853,1.1326000000238423,0.6641000000238364,1.4972999999523608,0.6824000000953561,0.683200000047691,0.7342999999523272,0.949299999952359,0.7662999999523095,0.732600000023865,0.748800000071526,0.7825999999046189,1.5983999999761522,0.8153999999761936,0.9824999999999591]",0.353703817,2.5878,0.0,14.0,14.0,165.0,1.0,hard,vhard,question_vocal.png,im_mouth.png,,,,,,
,,,855539,1,21,2023-09-13_15h40.10.439,flesh_expressibility_dutch,2022.2.4,Win32,59.9880024,,,,18.0,1.0,Nederlands,,,,,,Engels,3.0,Duits,2.0,Spaans,1.0,,0.0,,0.0,,0.0,,0.0,,0.0,NL,3.0,2.0,2.0,5.0,,sensorypref2,1280.0,720.0,,,,,,,,,,,,,,,,,,,,,,,,,,,,,,,,,,,,11.0,382.4814,36.0,"[1.6497000000476874,0.7497999999523017,0.7517000000476628,0.6995000000000005,0.997900000095342,0.6162999999523322,0.9155999999046571,0.7306000000238555,0.7492999999523136,0.783099999904664,0.6827000000477028,0.697200000047701,0.8008999999761954,0.7666000000238569,0.6328999999761891,0.5993999999761854,0.6328999999761322,0.6990000000000123,0.7993999999761172,0.6850000000000023,0.8320999999045853,1.1326000000238423,0.6641000000238364,1.4971999999285117,0.6823000000715069,0.6831000000238419,0.7341999999284781,0.949299999952359,0.7662000000477178,0.7325000000000159,0.7487000000476769,0.7825999999046189,1.5982000000477115,0.815200000047696,0.9823999999761668,1.5242000000476423]","[1.6497000000476874,0.7498999999761509,0.7517000000476628,0.6995000000000005,0.9981000000238396,0.6162999999523322,0.9156999999284494,0.7307000000477046,0.7493999999761058,0.7831999999285131,0.6827999999522945,0.6974999999999909,0.8008999999761954,0.7666000000238569,0.6330000000000382,0.5995000000000346,0.6329999999999814,0.6991000000238614,0.7993999999761172,0.6850999999046508,0.8320999999045853,1.1326000000238423,0.6641000000238364,1.4972999999523608,0.6824000000953561,0.683200000047691,0.7342999999523272,0.949299999952359,0.7662999999523095,0.732600000023865,0.748800000071526,0.7825999999046189,1.5983999999761522,0.8153999999761936,0.9824999999999591,1.5242999999522908]",-0.227777778,6.0237,0.0,15.0,15.0,202.0,1.0,vlinder,vvlinder,question_vocal.png,im_mouth.png,,,,,,
,,,855539,1,21,2023-09-13_15h40.10.439,flesh_expressibility_dutch,2022.2.4,Win32,59.9880024,,,,18.0,1.0,Nederlands,,,,,,Engels,3.0,Duits,2.0,Spaans,1.0,,0.0,,0.0,,0.0,,0.0,,0.0,NL,3.0,2.0,2.0,5.0,,sensorypref2,1280.0,720.0,,,,,,,,,,,,,,,,,,,,,,,,,,,,,,,,,,,,10.0,389.2422,37.0,"[1.6497000000476874,0.7497999999523017,0.7517000000476628,0.6995000000000005,0.997900000095342,0.6162999999523322,0.9155999999046571,0.7306000000238555,0.7492999999523136,0.783099999904664,0.6827000000477028,0.697200000047701,0.8008999999761954,0.7666000000238569,0.6328999999761891,0.5993999999761854,0.6328999999761322,0.6990000000000123,0.7993999999761172,0.6850000000000023,0.8320999999045853,1.1326000000238423,0.6641000000238364,1.4971999999285117,0.6823000000715069,0.6831000000238419,0.7341999999284781,0.949299999952359,0.7662000000477178,0.7325000000000159,0.7487000000476769,0.7825999999046189,1.5982000000477115,0.815200000047696,0.9823999999761668,1.5242000000476423,1.1240999999046721]","[1.6497000000476874,0.7498999999761509,0.7517000000476628,0.6995000000000005,0.9981000000238396,0.6162999999523322,0.9156999999284494,0.7307000000477046,0.7493999999761058,0.7831999999285131,0.6827999999522945,0.6974999999999909,0.8008999999761954,0.7666000000238569,0.6330000000000382,0.5995000000000346,0.6329999999999814,0.6991000000238614,0.7993999999761172,0.6850999999046508,0.8320999999045853,1.1326000000238423,0.6641000000238364,1.4972999999523608,0.6824000000953561,0.683200000047691,0.7342999999523272,0.949299999952359,0.7662999999523095,0.732600000023865,0.748800000071526,0.7825999999046189,1.5983999999761522,0.8153999999761936,0.9824999999999591,1.5242999999522908,1.1240999999046721]",-0.475925869,2.362,0.0,16.0,16.0,201.0,1.0,gisteren,vgisteren,question_vocal.png,im_mouth.png,,,,,,
,,,855539,1,21,2023-09-13_15h40.10.439,flesh_expressibility_dutch,2022.2.4,Win32,59.9880024,,,,18.0,1.0,Nederlands,,,,,,Engels,3.0,Duits,2.0,Spaans,1.0,,0.0,,0.0,,0.0,,0.0,,0.0,NL,3.0,2.0,2.0,5.0,,sensorypref2,1280.0,720.0,,,,,,,,,,,,,,,,,,,,,,,,,,,,,,,,,,,,12.0,392.8314,38.0,"[1.6497000000476874,0.7497999999523017,0.7517000000476628,0.6995000000000005,0.997900000095342,0.6162999999523322,0.9155999999046571,0.7306000000238555,0.7492999999523136,0.783099999904664,0.6827000000477028,0.697200000047701,0.8008999999761954,0.7666000000238569,0.6328999999761891,0.5993999999761854,0.6328999999761322,0.6990000000000123,0.7993999999761172,0.6850000000000023,0.8320999999045853,1.1326000000238423,0.6641000000238364,1.4971999999285117,0.6823000000715069,0.6831000000238419,0.7341999999284781,0.949299999952359,0.7662000000477178,0.7325000000000159,0.7487000000476769,0.7825999999046189,1.5982000000477115,0.815200000047696,0.9823999999761668,1.5242000000476423,1.1240999999046721,5.215199999928473]","[1.6497000000476874,0.7498999999761509,0.7517000000476628,0.6995000000000005,0.9981000000238396,0.6162999999523322,0.9156999999284494,0.7307000000477046,0.7493999999761058,0.7831999999285131,0.6827999999522945,0.6974999999999909,0.8008999999761954,0.7666000000238569,0.6330000000000382,0.5995000000000346,0.6329999999999814,0.6991000000238614,0.7993999999761172,0.6850999999046508,0.8320999999045853,1.1326000000238423,0.6641000000238364,1.4972999999523608,0.6824000000953561,0.683200000047691,0.7342999999523272,0.949299999952359,0.7662999999523095,0.732600000023865,0.748800000071526,0.7825999999046189,1.5983999999761522,0.8153999999761936,0.9824999999999591,1.5242999999522908,1.1240999999046721,5.215199999928473]",-0.594444444,0.568,0.0,17.0,17.0,19.0,1.0,misschien,vmisschien,question_vocal.png,im_mouth.png,,,,,,
,,,855539,1,21,2023-09-13_15h40.10.439,flesh_expressibility_dutch,2022.2.4,Win32,59.9880024,,,,18.0,1.0,Nederlands,,,,,,Engels,3.0,Duits,2.0,Spaans,1.0,,0.0,,0.0,,0.0,,0.0,,0.0,NL,3.0,2.0,2.0,5.0,,sensorypref2,1280.0,720.0,,,,,,,,,,,,,,,,,,,,,,,,,,,,,,,,,,,,9.0,396.7151,39.0,"[1.6497000000476874,0.7497999999523017,0.7517000000476628,0.6995000000000005,0.997900000095342,0.6162999999523322,0.9155999999046571,0.7306000000238555,0.7492999999523136,0.783099999904664,0.6827000000477028,0.697200000047701,0.8008999999761954,0.7666000000238569,0.6328999999761891,0.5993999999761854,0.6328999999761322,0.6990000000000123,0.7993999999761172,0.6850000000000023,0.8320999999045853,1.1326000000238423,0.6641000000238364,1.4971999999285117,0.6823000000715069,0.6831000000238419,0.7341999999284781,0.949299999952359,0.7662000000477178,0.7325000000000159,0.7487000000476769,0.7825999999046189,1.5982000000477115,0.815200000047696,0.9823999999761668,1.5242000000476423,1.1240999999046721,5.215199999928473,1.316000000000031]","[1.6497000000476874,0.7498999999761509,0.7517000000476628,0.6995000000000005,0.9981000000238396,0.6162999999523322,0.9156999999284494,0.7307000000477046,0.7493999999761058,0.7831999999285131,0.6827999999522945,0.6974999999999909,0.8008999999761954,0.7666000000238569,0.6330000000000382,0.5995000000000346,0.6329999999999814,0.6991000000238614,0.7993999999761172,0.6850999999046508,0.8320999999045853,1.1326000000238423,0.6641000000238364,1.4972999999523608,0.6824000000953561,0.683200000047691,0.7342999999523272,0.949299999952359,0.7662999999523095,0.732600000023865,0.748800000071526,0.7825999999046189,1.5983999999761522,0.8153999999761936,0.9824999999999591,1.5242999999522908,1.1240999999046721,5.215199999928473,1.3161999999284717]",-0.348148092,2.9533,0.0,18.0,18.0,116.0,1.0,oog,voog,question_vocal.png,im_mouth.png,,,,,,
,,,855539,1,21,2023-09-13_15h40.10.439,flesh_expressibility_dutch,2022.2.4,Win32,59.9880024,,,,18.0,1.0,Nederlands,,,,,,Engels,3.0,Duits,2.0,Spaans,1.0,,0.0,,0.0,,0.0,,0.0,,0.0,NL,3.0,2.0,2.0,5.0,,sensorypref2,1280.0,720.0,,,,,,,,,,,,,,,,,,,,,,,,,,,,,,,,,,,,15.0,401.1195,40.0,"[1.6497000000476874,0.7497999999523017,0.7517000000476628,0.6995000000000005,0.997900000095342,0.6162999999523322,0.9155999999046571,0.7306000000238555,0.7492999999523136,0.783099999904664,0.6827000000477028,0.697200000047701,0.8008999999761954,0.7666000000238569,0.6328999999761891,0.5993999999761854,0.6328999999761322,0.6990000000000123,0.7993999999761172,0.6850000000000023,0.8320999999045853,1.1326000000238423,0.6641000000238364,1.4971999999285117,0.6823000000715069,0.6831000000238419,0.7341999999284781,0.949299999952359,0.7662000000477178,0.7325000000000159,0.7487000000476769,0.7825999999046189,1.5982000000477115,0.815200000047696,0.9823999999761668,1.5242000000476423,1.1240999999046721,5.215199999928473,1.316000000000031,6.693199999928481]","[1.6497000000476874,0.7498999999761509,0.7517000000476628,0.6995000000000005,0.9981000000238396,0.6162999999523322,0.9156999999284494,0.7307000000477046,0.7493999999761058,0.7831999999285131,0.6827999999522945,0.6974999999999909,0.8008999999761954,0.7666000000238569,0.6330000000000382,0.5995000000000346,0.6329999999999814,0.6991000000238614,0.7993999999761172,0.6850999999046508,0.8320999999045853,1.1326000000238423,0.6641000000238364,1.4972999999523608,0.6824000000953561,0.683200000047691,0.7342999999523272,0.949299999952359,0.7662999999523095,0.732600000023865,0.748800000071526,0.7825999999046189,1.5983999999761522,0.8153999999761936,0.9824999999999591,1.5242999999522908,1.1240999999046721,5.215199999928473,1.3161999999284717,6.69329999995233]",0.562963019,4.6702,0.0,19.0,19.0,29.0,1.0,ziek,vziek,question_vocal.png,im_mouth.png,,,,,,
,,,855539,1,21,2023-09-13_15h40.10.439,flesh_expressibility_dutch,2022.2.4,Win32,59.9880024,,,,18.0,1.0,Nederlands,,,,,,Engels,3.0,Duits,2.0,Spaans,1.0,,0.0,,0.0,,0.0,,0.0,,0.0,NL,3.0,2.0,2.0,5.0,,sensorypref2,1280.0,720.0,,,,,,,,,,,,,,,,,,,,,,,,,,,,,,3.0,"[227.16310000002383,310.37930000007145,411.7623999999762]","[227.16320000004768,310.37939999997616,411.76249999999993]",3.0,"[228.89389999997616,312.30899999999997,414.22479999995227]","[228.89389999997616,312.3091000000238,414.2248999999761]",17.0,415.6607,41.0,"[1.6497000000476874,0.7497999999523017,0.7517000000476628,0.6995000000000005,0.997900000095342,0.6162999999523322,0.9155999999046571,0.7306000000238555,0.7492999999523136,0.783099999904664,0.6827000000477028,0.697200000047701,0.8008999999761954,0.7666000000238569,0.6328999999761891,0.5993999999761854,0.6328999999761322,0.6990000000000123,0.7993999999761172,0.6850000000000023,0.8320999999045853,1.1326000000238423,0.6641000000238364,1.4971999999285117,0.6823000000715069,0.6831000000238419,0.7341999999284781,0.949299999952359,0.7662000000477178,0.7325000000000159,0.7487000000476769,0.7825999999046189,1.5982000000477115,0.815200000047696,0.9823999999761668,1.5242000000476423,1.1240999999046721,5.215199999928473,1.316000000000031,6.693199999928481,0.6154999999999973]","[1.6497000000476874,0.7498999999761509,0.7517000000476628,0.6995000000000005,0.9981000000238396,0.6162999999523322,0.9156999999284494,0.7307000000477046,0.7493999999761058,0.7831999999285131,0.6827999999522945,0.6974999999999909,0.8008999999761954,0.7666000000238569,0.6330000000000382,0.5995000000000346,0.6329999999999814,0.6991000000238614,0.7993999999761172,0.6850999999046508,0.8320999999045853,1.1326000000238423,0.6641000000238364,1.4972999999523608,0.6824000000953561,0.683200000047691,0.7342999999523272,0.949299999952359,0.7662999999523095,0.732600000023865,0.748800000071526,0.7825999999046189,1.5983999999761522,0.8153999999761936,0.9824999999999591,1.5242999999522908,1.1240999999046721,5.215199999928473,1.3161999999284717,6.69329999995233,0.6154999999999973]",0.185185242,3.8981,0.0,0.0,0.0,67.0,1.0,ruw,mruw,question_multimodal.png,im_combination.png,,,,,,
,,,855539,1,21,2023-09-13_15h40.10.439,flesh_expressibility_dutch,2022.2.4,Win32,59.9880024,,,,18.0,1.0,Nederlands,,,,,,Engels,3.0,Duits,2.0,Spaans,1.0,,0.0,,0.0,,0.0,,0.0,,0.0,NL,3.0,2.0,2.0,5.0,,sensorypref2,1280.0,720.0,,,,,,,,,,,,,,,,,,,,,,,,,,,,,,,,,,,,8.0,420.164,42.0,"[1.6497000000476874,0.7497999999523017,0.7517000000476628,0.6995000000000005,0.997900000095342,0.6162999999523322,0.9155999999046571,0.7306000000238555,0.7492999999523136,0.783099999904664,0.6827000000477028,0.697200000047701,0.8008999999761954,0.7666000000238569,0.6328999999761891,0.5993999999761854,0.6328999999761322,0.6990000000000123,0.7993999999761172,0.6850000000000023,0.8320999999045853,1.1326000000238423,0.6641000000238364,1.4971999999285117,0.6823000000715069,0.6831000000238419,0.7341999999284781,0.949299999952359,0.7662000000477178,0.7325000000000159,0.7487000000476769,0.7825999999046189,1.5982000000477115,0.815200000047696,0.9823999999761668,1.5242000000476423,1.1240999999046721,5.215199999928473,1.316000000000031,6.693199999928481,0.6154999999999973,0.8807999999522735]","[1.6497000000476874,0.7498999999761509,0.7517000000476628,0.6995000000000005,0.9981000000238396,0.6162999999523322,0.9156999999284494,0.7307000000477046,0.7493999999761058,0.7831999999285131,0.6827999999522945,0.6974999999999909,0.8008999999761954,0.7666000000238569,0.6330000000000382,0.5995000000000346,0.6329999999999814,0.6991000000238614,0.7993999999761172,0.6850999999046508,0.8320999999045853,1.1326000000238423,0.6641000000238364,1.4972999999523608,0.6824000000953561,0.683200000047691,0.7342999999523272,0.949299999952359,0.7662999999523095,0.732600000023865,0.748800000071526,0.7825999999046189,1.5983999999761522,0.8153999999761936,0.9824999999999591,1.5242999999522908,1.1240999999046721,5.215199999928473,1.3161999999284717,6.69329999995233,0.6154999999999973,0.8807999999522735]",0.970370483,2.9048,0.0,1.0,1.0,87.0,1.0,vechten,mvechten,question_multimodal.png,im_combination.png,,,,,,
,,,855539,1,21,2023-09-13_15h40.10.439,flesh_expressibility_dutch,2022.2.4,Win32,59.9880024,,,,18.0,1.0,Nederlands,,,,,,Engels,3.0,Duits,2.0,Spaans,1.0,,0.0,,0.0,,0.0,,0.0,,0.0,NL,3.0,2.0,2.0,5.0,,sensorypref2,1280.0,720.0,,,,,,,,,,,,,,,,,,,,,,,,,,,,,,,,,,,,8.0,424.0559,43.0,"[1.6497000000476874,0.7497999999523017,0.7517000000476628,0.6995000000000005,0.997900000095342,0.6162999999523322,0.9155999999046571,0.7306000000238555,0.7492999999523136,0.783099999904664,0.6827000000477028,0.697200000047701,0.8008999999761954,0.7666000000238569,0.6328999999761891,0.5993999999761854,0.6328999999761322,0.6990000000000123,0.7993999999761172,0.6850000000000023,0.8320999999045853,1.1326000000238423,0.6641000000238364,1.4971999999285117,0.6823000000715069,0.6831000000238419,0.7341999999284781,0.949299999952359,0.7662000000477178,0.7325000000000159,0.7487000000476769,0.7825999999046189,1.5982000000477115,0.815200000047696,0.9823999999761668,1.5242000000476423,1.1240999999046721,5.215199999928473,1.316000000000031,6.693199999928481,0.6154999999999973,0.8807999999522735,0.6487000000476542]","[1.6497000000476874,0.7498999999761509,0.7517000000476628,0.6995000000000005,0.9981000000238396,0.6162999999523322,0.9156999999284494,0.7307000000477046,0.7493999999761058,0.7831999999285131,0.6827999999522945,0.6974999999999909,0.8008999999761954,0.7666000000238569,0.6330000000000382,0.5995000000000346,0.6329999999999814,0.6991000000238614,0.7993999999761172,0.6850999999046508,0.8320999999045853,1.1326000000238423,0.6641000000238364,1.4972999999523608,0.6824000000953561,0.683200000047691,0.7342999999523272,0.949299999952359,0.7662999999523095,0.732600000023865,0.748800000071526,0.7825999999046189,1.5983999999761522,0.8153999999761936,0.9824999999999591,1.5242999999522908,1.1240999999046721,5.215199999928473,1.3161999999284717,6.69329999995233,0.6154999999999973,0.8807999999522735,0.6488000000715033]",0.9,2.373,0.0,2.0,2.0,153.0,1.0,lachen,mlachen,question_multimodal.png,im_combination.png,,,,,,
,,,855539,1,21,2023-09-13_15h40.10.439,flesh_expressibility_dutch,2022.2.4,Win32,59.9880024,,,,18.0,1.0,Nederlands,,,,,,Engels,3.0,Duits,2.0,Spaans,1.0,,0.0,,0.0,,0.0,,0.0,,0.0,NL,3.0,2.0,2.0,5.0,,sensorypref2,1280.0,720.0,,,,,,,,,,,,,,,,,,,,,,,,,,,,,,,,,,,,10.0,427.0244,44.0,"[1.6497000000476874,0.7497999999523017,0.7517000000476628,0.6995000000000005,0.997900000095342,0.6162999999523322,0.9155999999046571,0.7306000000238555,0.7492999999523136,0.783099999904664,0.6827000000477028,0.697200000047701,0.8008999999761954,0.7666000000238569,0.6328999999761891,0.5993999999761854,0.6328999999761322,0.6990000000000123,0.7993999999761172,0.6850000000000023,0.8320999999045853,1.1326000000238423,0.6641000000238364,1.4971999999285117,0.6823000000715069,0.6831000000238419,0.7341999999284781,0.949299999952359,0.7662000000477178,0.7325000000000159,0.7487000000476769,0.7825999999046189,1.5982000000477115,0.815200000047696,0.9823999999761668,1.5242000000476423,1.1240999999046721,5.215199999928473,1.316000000000031,6.693199999928481,0.6154999999999973,0.8807999999522735,0.6487000000476542,1.3321000000238428]","[1.6497000000476874,0.7498999999761509,0.7517000000476628,0.6995000000000005,0.9981000000238396,0.6162999999523322,0.9156999999284494,0.7307000000477046,0.7493999999761058,0.7831999999285131,0.6827999999522945,0.6974999999999909,0.8008999999761954,0.7666000000238569,0.6330000000000382,0.5995000000000346,0.6329999999999814,0.6991000000238614,0.7993999999761172,0.6850999999046508,0.8320999999045853,1.1326000000238423,0.6641000000238364,1.4972999999523608,0.6824000000953561,0.683200000047691,0.7342999999523272,0.949299999952359,0.7662999999523095,0.732600000023865,0.748800000071526,0.7825999999046189,1.5983999999761522,0.8153999999761936,0.9824999999999591,1.5242999999522908,1.1240999999046721,5.215199999928473,1.3161999999284717,6.69329999995233,0.6154999999999973,0.8807999999522735,0.6488000000715033,1.3321000000238428]",-0.41851849,3.1518,0.0,3.0,3.0,206.0,1.0,lepel,mlepel,question_multimodal.png,im_combination.png,,,,,,
,,,855539,1,21,2023-09-13_15h40.10.439,flesh_expressibility_dutch,2022.2.4,Win32,59.9880024,,,,18.0,1.0,Nederlands,,,,,,Engels,3.0,Duits,2.0,Spaans,1.0,,0.0,,0.0,,0.0,,0.0,,0.0,NL,3.0,2.0,2.0,5.0,,sensorypref2,1280.0,720.0,,,,,,,,,,,,,,,,,,,,,,,,,,,,,,,,,,,,12.0,430.8154,45.0,"[1.6497000000476874,0.7497999999523017,0.7517000000476628,0.6995000000000005,0.997900000095342,0.6162999999523322,0.9155999999046571,0.7306000000238555,0.7492999999523136,0.783099999904664,0.6827000000477028,0.697200000047701,0.8008999999761954,0.7666000000238569,0.6328999999761891,0.5993999999761854,0.6328999999761322,0.6990000000000123,0.7993999999761172,0.6850000000000023,0.8320999999045853,1.1326000000238423,0.6641000000238364,1.4971999999285117,0.6823000000715069,0.6831000000238419,0.7341999999284781,0.949299999952359,0.7662000000477178,0.7325000000000159,0.7487000000476769,0.7825999999046189,1.5982000000477115,0.815200000047696,0.9823999999761668,1.5242000000476423,1.1240999999046721,5.215199999928473,1.316000000000031,6.693199999928481,0.6154999999999973,0.8807999999522735,0.6487000000476542,1.3321000000238428,0.6318000000715074]","[1.6497000000476874,0.7498999999761509,0.7517000000476628,0.6995000000000005,0.9981000000238396,0.6162999999523322,0.9156999999284494,0.7307000000477046,0.7493999999761058,0.7831999999285131,0.6827999999522945,0.6974999999999909,0.8008999999761954,0.7666000000238569,0.6330000000000382,0.5995000000000346,0.6329999999999814,0.6991000000238614,0.7993999999761172,0.6850999999046508,0.8320999999045853,1.1326000000238423,0.6641000000238364,1.4972999999523608,0.6824000000953561,0.683200000047691,0.7342999999523272,0.949299999952359,0.7662999999523095,0.732600000023865,0.748800000071526,0.7825999999046189,1.5983999999761522,0.8153999999761936,0.9824999999999591,1.5242999999522908,1.1240999999046721,5.215199999928473,1.3161999999284717,6.69329999995233,0.6154999999999973,0.8807999999522735,0.6488000000715033,1.3321000000238428,0.6318000000715074]",0.940740797,2.1715,0.0,4.0,4.0,35.0,1.0,boos,mboos,question_multimodal.png,im_combination.png,,,,,,
,,,855539,1,21,2023-09-13_15h40.10.439,flesh_expressibility_dutch,2022.2.4,Win32,59.9880024,,,,18.0,1.0,Nederlands,,,,,,Engels,3.0,Duits,2.0,Spaans,1.0,,0.0,,0.0,,0.0,,0.0,,0.0,NL,3.0,2.0,2.0,5.0,,sensorypref2,1280.0,720.0,,,,,,,,,,,,,,,,,,,,,,,,,,,,,,,,,,,,10.0,433.6807,46.0,"[1.6497000000476874,0.7497999999523017,0.7517000000476628,0.6995000000000005,0.997900000095342,0.6162999999523322,0.9155999999046571,0.7306000000238555,0.7492999999523136,0.783099999904664,0.6827000000477028,0.697200000047701,0.8008999999761954,0.7666000000238569,0.6328999999761891,0.5993999999761854,0.6328999999761322,0.6990000000000123,0.7993999999761172,0.6850000000000023,0.8320999999045853,1.1326000000238423,0.6641000000238364,1.4971999999285117,0.6823000000715069,0.6831000000238419,0.7341999999284781,0.949299999952359,0.7662000000477178,0.7325000000000159,0.7487000000476769,0.7825999999046189,1.5982000000477115,0.815200000047696,0.9823999999761668,1.5242000000476423,1.1240999999046721,5.215199999928473,1.316000000000031,6.693199999928481,0.6154999999999973,0.8807999999522735,0.6487000000476542,1.3321000000238428,0.6318000000715074,1.882000000000005]","[1.6497000000476874,0.7498999999761509,0.7517000000476628,0.6995000000000005,0.9981000000238396,0.6162999999523322,0.9156999999284494,0.7307000000477046,0.7493999999761058,0.7831999999285131,0.6827999999522945,0.6974999999999909,0.8008999999761954,0.7666000000238569,0.6330000000000382,0.5995000000000346,0.6329999999999814,0.6991000000238614,0.7993999999761172,0.6850999999046508,0.8320999999045853,1.1326000000238423,0.6641000000238364,1.4972999999523608,0.6824000000953561,0.683200000047691,0.7342999999523272,0.949299999952359,0.7662999999523095,0.732600000023865,0.748800000071526,0.7825999999046189,1.5983999999761522,0.8153999999761936,0.9824999999999591,1.5242999999522908,1.1240999999046721,5.215199999928473,1.3161999999284717,6.69329999995233,0.6154999999999973,0.8807999999522735,0.6488000000715033,1.3321000000238428,0.6318000000715074,1.8821000000237973]",-0.542592536,2.519,0.0,5.0,5.0,141.0,1.0,dragen,mdragen,question_multimodal.png,im_combination.png,,,,,,
,,,855539,1,21,2023-09-13_15h40.10.439,flesh_expressibility_dutch,2022.2.4,Win32,59.9880024,,,,18.0,1.0,Nederlands,,,,,,Engels,3.0,Duits,2.0,Spaans,1.0,,0.0,,0.0,,0.0,,0.0,,0.0,NL,3.0,2.0,2.0,5.0,,sensorypref2,1280.0,720.0,,,,,,,,,,,,,,,,,,,,,,,,,,,,,,,,,,,,9.0,438.0849,47.0,"[1.6497000000476874,0.7497999999523017,0.7517000000476628,0.6995000000000005,0.997900000095342,0.6162999999523322,0.9155999999046571,0.7306000000238555,0.7492999999523136,0.783099999904664,0.6827000000477028,0.697200000047701,0.8008999999761954,0.7666000000238569,0.6328999999761891,0.5993999999761854,0.6328999999761322,0.6990000000000123,0.7993999999761172,0.6850000000000023,0.8320999999045853,1.1326000000238423,0.6641000000238364,1.4971999999285117,0.6823000000715069,0.6831000000238419,0.7341999999284781,0.949299999952359,0.7662000000477178,0.7325000000000159,0.7487000000476769,0.7825999999046189,1.5982000000477115,0.815200000047696,0.9823999999761668,1.5242000000476423,1.1240999999046721,5.215199999928473,1.316000000000031,6.693199999928481,0.6154999999999973,0.8807999999522735,0.6487000000476542,1.3321000000238428,0.6318000000715074,1.882000000000005,1.1318999999761559]","[1.6497000000476874,0.7498999999761509,0.7517000000476628,0.6995000000000005,0.9981000000238396,0.6162999999523322,0.9156999999284494,0.7307000000477046,0.7493999999761058,0.7831999999285131,0.6827999999522945,0.6974999999999909,0.8008999999761954,0.7666000000238569,0.6330000000000382,0.5995000000000346,0.6329999999999814,0.6991000000238614,0.7993999999761172,0.6850999999046508,0.8320999999045853,1.1326000000238423,0.6641000000238364,1.4972999999523608,0.6824000000953561,0.683200000047691,0.7342999999523272,0.949299999952359,0.7662999999523095,0.732600000023865,0.748800000071526,0.7825999999046189,1.5983999999761522,0.8153999999761936,0.9824999999999591,1.5242999999522908,1.1240999999046721,5.215199999928473,1.3161999999284717,6.69329999995233,0.6154999999999973,0.8807999999522735,0.6488000000715033,1.3321000000238428,0.6318000000715074,1.8821000000237973,1.1318999999761559]",-0.379629601,2.8357,0.0,6.0,6.0,97.0,1.0,doen,mdoen,question_multimodal.png,im_combination.png,,,,,,
,,,855539,1,21,2023-09-13_15h40.10.439,flesh_expressibility_dutch,2022.2.4,Win32,59.9880024,,,,18.0,1.0,Nederlands,,,,,,Engels,3.0,Duits,2.0,Spaans,1.0,,0.0,,0.0,,0.0,,0.0,,0.0,NL,3.0,2.0,2.0,5.0,,sensorypref2,1280.0,720.0,,,,,,,,,,,,,,,,,,,,,,,,,,,,,,,,,,,,10.0,442.0787,48.0,"[1.6497000000476874,0.7497999999523017,0.7517000000476628,0.6995000000000005,0.997900000095342,0.6162999999523322,0.9155999999046571,0.7306000000238555,0.7492999999523136,0.783099999904664,0.6827000000477028,0.697200000047701,0.8008999999761954,0.7666000000238569,0.6328999999761891,0.5993999999761854,0.6328999999761322,0.6990000000000123,0.7993999999761172,0.6850000000000023,0.8320999999045853,1.1326000000238423,0.6641000000238364,1.4971999999285117,0.6823000000715069,0.6831000000238419,0.7341999999284781,0.949299999952359,0.7662000000477178,0.7325000000000159,0.7487000000476769,0.7825999999046189,1.5982000000477115,0.815200000047696,0.9823999999761668,1.5242000000476423,1.1240999999046721,5.215199999928473,1.316000000000031,6.693199999928481,0.6154999999999973,0.8807999999522735,0.6487000000476542,1.3321000000238428,0.6318000000715074,1.882000000000005,1.1318999999761559,1.3987000000476542]","[1.6497000000476874,0.7498999999761509,0.7517000000476628,0.6995000000000005,0.9981000000238396,0.6162999999523322,0.9156999999284494,0.7307000000477046,0.7493999999761058,0.7831999999285131,0.6827999999522945,0.6974999999999909,0.8008999999761954,0.7666000000238569,0.6330000000000382,0.5995000000000346,0.6329999999999814,0.6991000000238614,0.7993999999761172,0.6850999999046508,0.8320999999045853,1.1326000000238423,0.6641000000238364,1.4972999999523608,0.6824000000953561,0.683200000047691,0.7342999999523272,0.949299999952359,0.7662999999523095,0.732600000023865,0.748800000071526,0.7825999999046189,1.5983999999761522,0.8153999999761936,0.9824999999999591,1.5242999999522908,1.1240999999046721,5.215199999928473,1.3161999999284717,6.69329999995233,0.6154999999999973,0.8807999999522735,0.6488000000715033,1.3321000000238428,0.6318000000715074,1.8821000000237973,1.1318999999761559,1.3987000000476542]",0.381481595,4.2682,0.0,7.0,7.0,184.0,1.0,ver,mver,question_multimodal.png,im_combination.png,,,,,,
,,,855539,1,21,2023-09-13_15h40.10.439,flesh_expressibility_dutch,2022.2.4,Win32,59.9880024,,,,18.0,1.0,Nederlands,,,,,,Engels,3.0,Duits,2.0,Spaans,1.0,,0.0,,0.0,,0.0,,0.0,,0.0,NL,3.0,2.0,2.0,5.0,,sensorypref2,1280.0,720.0,,,,,,,,,,,,,,,,,,,,,,,,,,,,,,,,,,,,15.0,446.9932,49.0,"[1.6497000000476874,0.7497999999523017,0.7517000000476628,0.6995000000000005,0.997900000095342,0.6162999999523322,0.9155999999046571,0.7306000000238555,0.7492999999523136,0.783099999904664,0.6827000000477028,0.697200000047701,0.8008999999761954,0.7666000000238569,0.6328999999761891,0.5993999999761854,0.6328999999761322,0.6990000000000123,0.7993999999761172,0.6850000000000023,0.8320999999045853,1.1326000000238423,0.6641000000238364,1.4971999999285117,0.6823000000715069,0.6831000000238419,0.7341999999284781,0.949299999952359,0.7662000000477178,0.7325000000000159,0.7487000000476769,0.7825999999046189,1.5982000000477115,0.815200000047696,0.9823999999761668,1.5242000000476423,1.1240999999046721,5.215199999928473,1.316000000000031,6.693199999928481,0.6154999999999973,0.8807999999522735,0.6487000000476542,1.3321000000238428,0.6318000000715074,1.882000000000005,1.1318999999761559,1.3987000000476542,0.766300000071567]","[1.6497000000476874,0.7498999999761509,0.7517000000476628,0.6995000000000005,0.9981000000238396,0.6162999999523322,0.9156999999284494,0.7307000000477046,0.7493999999761058,0.7831999999285131,0.6827999999522945,0.6974999999999909,0.8008999999761954,0.7666000000238569,0.6330000000000382,0.5995000000000346,0.6329999999999814,0.6991000000238614,0.7993999999761172,0.6850999999046508,0.8320999999045853,1.1326000000238423,0.6641000000238364,1.4972999999523608,0.6824000000953561,0.683200000047691,0.7342999999523272,0.949299999952359,0.7662999999523095,0.732600000023865,0.748800000071526,0.7825999999046189,1.5983999999761522,0.8153999999761936,0.9824999999999591,1.5242999999522908,1.1240999999046721,5.215199999928473,1.3161999999284717,6.69329999995233,0.6154999999999973,0.8807999999522735,0.6488000000715033,1.3321000000238428,0.6318000000715074,1.8821000000237973,1.1318999999761559,1.3987000000476542,0.7663999999761586]",0.885185242,2.319,0.0,8.0,8.0,151.0,1.0,drinken,mdrinken,question_multimodal.png,im_combination.png,,,,,,
,,,855539,1,21,2023-09-13_15h40.10.439,flesh_expressibility_dutch,2022.2.4,Win32,59.9880024,,,,18.0,1.0,Nederlands,,,,,,Engels,3.0,Duits,2.0,Spaans,1.0,,0.0,,0.0,,0.0,,0.0,,0.0,NL,3.0,2.0,2.0,5.0,,sensorypref2,1280.0,720.0,,,,,,,,,,,,,,,,,,,,,,,,,,,,,,,,,,,,8.0,450.1676,50.0,"[1.6497000000476874,0.7497999999523017,0.7517000000476628,0.6995000000000005,0.997900000095342,0.6162999999523322,0.9155999999046571,0.7306000000238555,0.7492999999523136,0.783099999904664,0.6827000000477028,0.697200000047701,0.8008999999761954,0.7666000000238569,0.6328999999761891,0.5993999999761854,0.6328999999761322,0.6990000000000123,0.7993999999761172,0.6850000000000023,0.8320999999045853,1.1326000000238423,0.6641000000238364,1.4971999999285117,0.6823000000715069,0.6831000000238419,0.7341999999284781,0.949299999952359,0.7662000000477178,0.7325000000000159,0.7487000000476769,0.7825999999046189,1.5982000000477115,0.815200000047696,0.9823999999761668,1.5242000000476423,1.1240999999046721,5.215199999928473,1.316000000000031,6.693199999928481,0.6154999999999973,0.8807999999522735,0.6487000000476542,1.3321000000238428,0.6318000000715074,1.882000000000005,1.1318999999761559,1.3987000000476542,0.766300000071567,0.5831000000238191]","[1.6497000000476874,0.7498999999761509,0.7517000000476628,0.6995000000000005,0.9981000000238396,0.6162999999523322,0.9156999999284494,0.7307000000477046,0.7493999999761058,0.7831999999285131,0.6827999999522945,0.6974999999999909,0.8008999999761954,0.7666000000238569,0.6330000000000382,0.5995000000000346,0.6329999999999814,0.6991000000238614,0.7993999999761172,0.6850999999046508,0.8320999999045853,1.1326000000238423,0.6641000000238364,1.4972999999523608,0.6824000000953561,0.683200000047691,0.7342999999523272,0.949299999952359,0.7662999999523095,0.732600000023865,0.748800000071526,0.7825999999046189,1.5983999999761522,0.8153999999761936,0.9824999999999591,1.5242999999522908,1.1240999999046721,5.215199999928473,1.3161999999284717,6.69329999995233,0.6154999999999973,0.8807999999522735,0.6488000000715033,1.3321000000238428,0.6318000000715074,1.8821000000237973,1.1318999999761559,1.3987000000476542,0.7663999999761586,0.5832999999523167]",0.966666667,2.5214,0.0,9.0,9.0,39.0,1.0,verdrietig,mverdrietig,question_multimodal.png,im_combination.png,,,,,,
,,,855539,1,21,2023-09-13_15h40.10.439,flesh_expressibility_dutch,2022.2.4,Win32,59.9880024,,,,18.0,1.0,Nederlands,,,,,,Engels,3.0,Duits,2.0,Spaans,1.0,,0.0,,0.0,,0.0,,0.0,,0.0,NL,3.0,2.0,2.0,5.0,,sensorypref2,1280.0,720.0,,,,,,,,,,,,,,,,,,,,,,,,,,,,,,,,,,,,12.0,453.2403,51.0,"[1.6497000000476874,0.7497999999523017,0.7517000000476628,0.6995000000000005,0.997900000095342,0.6162999999523322,0.9155999999046571,0.7306000000238555,0.7492999999523136,0.783099999904664,0.6827000000477028,0.697200000047701,0.8008999999761954,0.7666000000238569,0.6328999999761891,0.5993999999761854,0.6328999999761322,0.6990000000000123,0.7993999999761172,0.6850000000000023,0.8320999999045853,1.1326000000238423,0.6641000000238364,1.4971999999285117,0.6823000000715069,0.6831000000238419,0.7341999999284781,0.949299999952359,0.7662000000477178,0.7325000000000159,0.7487000000476769,0.7825999999046189,1.5982000000477115,0.815200000047696,0.9823999999761668,1.5242000000476423,1.1240999999046721,5.215199999928473,1.316000000000031,6.693199999928481,0.6154999999999973,0.8807999999522735,0.6487000000476542,1.3321000000238428,0.6318000000715074,1.882000000000005,1.1318999999761559,1.3987000000476542,0.766300000071567,0.5831000000238191,1.2487000000477337]","[1.6497000000476874,0.7498999999761509,0.7517000000476628,0.6995000000000005,0.9981000000238396,0.6162999999523322,0.9156999999284494,0.7307000000477046,0.7493999999761058,0.7831999999285131,0.6827999999522945,0.6974999999999909,0.8008999999761954,0.7666000000238569,0.6330000000000382,0.5995000000000346,0.6329999999999814,0.6991000000238614,0.7993999999761172,0.6850999999046508,0.8320999999045853,1.1326000000238423,0.6641000000238364,1.4972999999523608,0.6824000000953561,0.683200000047691,0.7342999999523272,0.949299999952359,0.7662999999523095,0.732600000023865,0.748800000071526,0.7825999999046189,1.5983999999761522,0.8153999999761936,0.9824999999999591,1.5242999999522908,1.1240999999046721,5.215199999928473,1.3161999999284717,6.69329999995233,0.6154999999999973,0.8807999999522735,0.6488000000715033,1.3321000000238428,0.6318000000715074,1.8821000000237973,1.1318999999761559,1.3987000000476542,0.7663999999761586,0.5832999999523167,1.2487999999523254]",-0.503703647,2.9667,0.0,10.0,10.0,5.0,1.0,honing,mhoning,question_multimodal.png,im_combination.png,,,,,,
,,,855539,1,21,2023-09-13_15h40.10.439,flesh_expressibility_dutch,2022.2.4,Win32,59.9880024,,,,18.0,1.0,Nederlands,,,,,,Engels,3.0,Duits,2.0,Spaans,1.0,,0.0,,0.0,,0.0,,0.0,,0.0,NL,3.0,2.0,2.0,5.0,,sensorypref2,1280.0,720.0,,,,,,,,,,,,,,,,,,,,,,,,,,,,,,,,,,,,14.0,457.4387,52.0,"[1.6497000000476874,0.7497999999523017,0.7517000000476628,0.6995000000000005,0.997900000095342,0.6162999999523322,0.9155999999046571,0.7306000000238555,0.7492999999523136,0.783099999904664,0.6827000000477028,0.697200000047701,0.8008999999761954,0.7666000000238569,0.6328999999761891,0.5993999999761854,0.6328999999761322,0.6990000000000123,0.7993999999761172,0.6850000000000023,0.8320999999045853,1.1326000000238423,0.6641000000238364,1.4971999999285117,0.6823000000715069,0.6831000000238419,0.7341999999284781,0.949299999952359,0.7662000000477178,0.7325000000000159,0.7487000000476769,0.7825999999046189,1.5982000000477115,0.815200000047696,0.9823999999761668,1.5242000000476423,1.1240999999046721,5.215199999928473,1.316000000000031,6.693199999928481,0.6154999999999973,0.8807999999522735,0.6487000000476542,1.3321000000238428,0.6318000000715074,1.882000000000005,1.1318999999761559,1.3987000000476542,0.766300000071567,0.5831000000238191,1.2487000000477337,0.7483999999761863]","[1.6497000000476874,0.7498999999761509,0.7517000000476628,0.6995000000000005,0.9981000000238396,0.6162999999523322,0.9156999999284494,0.7307000000477046,0.7493999999761058,0.7831999999285131,0.6827999999522945,0.6974999999999909,0.8008999999761954,0.7666000000238569,0.6330000000000382,0.5995000000000346,0.6329999999999814,0.6991000000238614,0.7993999999761172,0.6850999999046508,0.8320999999045853,1.1326000000238423,0.6641000000238364,1.4972999999523608,0.6824000000953561,0.683200000047691,0.7342999999523272,0.949299999952359,0.7662999999523095,0.732600000023865,0.748800000071526,0.7825999999046189,1.5983999999761522,0.8153999999761936,0.9824999999999591,1.5242999999522908,1.1240999999046721,5.215199999928473,1.3161999999284717,6.69329999995233,0.6154999999999973,0.8807999999522735,0.6488000000715033,1.3321000000238428,0.6318000000715074,1.8821000000237973,1.1318999999761559,1.3987000000476542,0.7663999999761586,0.5832999999523167,1.2487999999523254,0.7486000000238846]",0.274074131,3.6697,0.0,11.0,11.0,174.0,1.0,staart,mstaart,question_multimodal.png,im_combination.png,,,,,,
,,,855539,1,21,2023-09-13_15h40.10.439,flesh_expressibility_dutch,2022.2.4,Win32,59.9880024,,,,18.0,1.0,Nederlands,,,,,,Engels,3.0,Duits,2.0,Spaans,1.0,,0.0,,0.0,,0.0,,0.0,,0.0,NL,3.0,2.0,2.0,5.0,,sensorypref2,1280.0,720.0,,,,,,,,,,,,,,,,,,,,,,,,,,,,,,,,,,,,9.0,461.8437,53.0,"[1.6497000000476874,0.7497999999523017,0.7517000000476628,0.6995000000000005,0.997900000095342,0.6162999999523322,0.9155999999046571,0.7306000000238555,0.7492999999523136,0.783099999904664,0.6827000000477028,0.697200000047701,0.8008999999761954,0.7666000000238569,0.6328999999761891,0.5993999999761854,0.6328999999761322,0.6990000000000123,0.7993999999761172,0.6850000000000023,0.8320999999045853,1.1326000000238423,0.6641000000238364,1.4971999999285117,0.6823000000715069,0.6831000000238419,0.7341999999284781,0.949299999952359,0.7662000000477178,0.7325000000000159,0.7487000000476769,0.7825999999046189,1.5982000000477115,0.815200000047696,0.9823999999761668,1.5242000000476423,1.1240999999046721,5.215199999928473,1.316000000000031,6.693199999928481,0.6154999999999973,0.8807999999522735,0.6487000000476542,1.3321000000238428,0.6318000000715074,1.882000000000005,1.1318999999761559,1.3987000000476542,0.766300000071567,0.5831000000238191,1.2487000000477337,0.7483999999761863,0.7642000000477083]","[1.6497000000476874,0.7498999999761509,0.7517000000476628,0.6995000000000005,0.9981000000238396,0.6162999999523322,0.9156999999284494,0.7307000000477046,0.7493999999761058,0.7831999999285131,0.6827999999522945,0.6974999999999909,0.8008999999761954,0.7666000000238569,0.6330000000000382,0.5995000000000346,0.6329999999999814,0.6991000000238614,0.7993999999761172,0.6850999999046508,0.8320999999045853,1.1326000000238423,0.6641000000238364,1.4972999999523608,0.6824000000953561,0.683200000047691,0.7342999999523272,0.949299999952359,0.7662999999523095,0.732600000023865,0.748800000071526,0.7825999999046189,1.5983999999761522,0.8153999999761936,0.9824999999999591,1.5242999999522908,1.1240999999046721,5.215199999928473,1.3161999999284717,6.69329999995233,0.6154999999999973,0.8807999999522735,0.6488000000715033,1.3321000000238428,0.6318000000715074,1.8821000000237973,1.1318999999761559,1.3987000000476542,0.7663999999761586,0.5832999999523167,1.2487999999523254,0.7486000000238846,0.7643000000715574]",-0.720370314,2.9373,0.0,12.0,12.0,10.0,1.0,strak,mstrak,question_multimodal.png,im_combination.png,,,,,,
,,,855539,1,21,2023-09-13_15h40.10.439,flesh_expressibility_dutch,2022.2.4,Win32,59.9880024,,,,18.0,1.0,Nederlands,,,,,,Engels,3.0,Duits,2.0,Spaans,1.0,,0.0,,0.0,,0.0,,0.0,,0.0,NL,3.0,2.0,2.0,5.0,,sensorypref2,1280.0,720.0,,,,,,,,,,,,,,,,,,,,,,,,,,,,,,,,,,,,12.0,465.6305,54.0,"[1.6497000000476874,0.7497999999523017,0.7517000000476628,0.6995000000000005,0.997900000095342,0.6162999999523322,0.9155999999046571,0.7306000000238555,0.7492999999523136,0.783099999904664,0.6827000000477028,0.697200000047701,0.8008999999761954,0.7666000000238569,0.6328999999761891,0.5993999999761854,0.6328999999761322,0.6990000000000123,0.7993999999761172,0.6850000000000023,0.8320999999045853,1.1326000000238423,0.6641000000238364,1.4971999999285117,0.6823000000715069,0.6831000000238419,0.7341999999284781,0.949299999952359,0.7662000000477178,0.7325000000000159,0.7487000000476769,0.7825999999046189,1.5982000000477115,0.815200000047696,0.9823999999761668,1.5242000000476423,1.1240999999046721,5.215199999928473,1.316000000000031,6.693199999928481,0.6154999999999973,0.8807999999522735,0.6487000000476542,1.3321000000238428,0.6318000000715074,1.882000000000005,1.1318999999761559,1.3987000000476542,0.766300000071567,0.5831000000238191,1.2487000000477337,0.7483999999761863,0.7642000000477083,0.9169999999999732]","[1.6497000000476874,0.7498999999761509,0.7517000000476628,0.6995000000000005,0.9981000000238396,0.6162999999523322,0.9156999999284494,0.7307000000477046,0.7493999999761058,0.7831999999285131,0.6827999999522945,0.6974999999999909,0.8008999999761954,0.7666000000238569,0.6330000000000382,0.5995000000000346,0.6329999999999814,0.6991000000238614,0.7993999999761172,0.6850999999046508,0.8320999999045853,1.1326000000238423,0.6641000000238364,1.4972999999523608,0.6824000000953561,0.683200000047691,0.7342999999523272,0.949299999952359,0.7662999999523095,0.732600000023865,0.748800000071526,0.7825999999046189,1.5983999999761522,0.8153999999761936,0.9824999999999591,1.5242999999522908,1.1240999999046721,5.215199999928473,1.3161999999284717,6.69329999995233,0.6154999999999973,0.8807999999522735,0.6488000000715033,1.3321000000238428,0.6318000000715074,1.8821000000237973,1.1318999999761559,1.3987000000476542,0.7663999999761586,0.5832999999523167,1.2487999999523254,0.7486000000238846,0.7643000000715574,0.9171000000238223]",-0.479629601,4.7978,0.0,13.0,13.0,66.0,1.0,"bot (kenmerk, niet lichaam)","mbot (kenmerk, niet lichaam)",question_multimodal.png,im_combination.png,,,,,,
,,,855539,1,21,2023-09-13_15h40.10.439,flesh_expressibility_dutch,2022.2.4,Win32,59.9880024,,,,18.0,1.0,Nederlands,,,,,,Engels,3.0,Duits,2.0,Spaans,1.0,,0.0,,0.0,,0.0,,0.0,,0.0,NL,3.0,2.0,2.0,5.0,,sensorypref2,1280.0,720.0,,,,,,,,,,,,,,,,,,,,,,,,,,,,,,,,,,,,9.0,471.3675,55.0,"[1.6497000000476874,0.7497999999523017,0.7517000000476628,0.6995000000000005,0.997900000095342,0.6162999999523322,0.9155999999046571,0.7306000000238555,0.7492999999523136,0.783099999904664,0.6827000000477028,0.697200000047701,0.8008999999761954,0.7666000000238569,0.6328999999761891,0.5993999999761854,0.6328999999761322,0.6990000000000123,0.7993999999761172,0.6850000000000023,0.8320999999045853,1.1326000000238423,0.6641000000238364,1.4971999999285117,0.6823000000715069,0.6831000000238419,0.7341999999284781,0.949299999952359,0.7662000000477178,0.7325000000000159,0.7487000000476769,0.7825999999046189,1.5982000000477115,0.815200000047696,0.9823999999761668,1.5242000000476423,1.1240999999046721,5.215199999928473,1.316000000000031,6.693199999928481,0.6154999999999973,0.8807999999522735,0.6487000000476542,1.3321000000238428,0.6318000000715074,1.882000000000005,1.1318999999761559,1.3987000000476542,0.766300000071567,0.5831000000238191,1.2487000000477337,0.7483999999761863,0.7642000000477083,0.9169999999999732,0.6498000000715365]","[1.6497000000476874,0.7498999999761509,0.7517000000476628,0.6995000000000005,0.9981000000238396,0.6162999999523322,0.9156999999284494,0.7307000000477046,0.7493999999761058,0.7831999999285131,0.6827999999522945,0.6974999999999909,0.8008999999761954,0.7666000000238569,0.6330000000000382,0.5995000000000346,0.6329999999999814,0.6991000000238614,0.7993999999761172,0.6850999999046508,0.8320999999045853,1.1326000000238423,0.6641000000238364,1.4972999999523608,0.6824000000953561,0.683200000047691,0.7342999999523272,0.949299999952359,0.7662999999523095,0.732600000023865,0.748800000071526,0.7825999999046189,1.5983999999761522,0.8153999999761936,0.9824999999999591,1.5242999999522908,1.1240999999046721,5.215199999928473,1.3161999999284717,6.69329999995233,0.6154999999999973,0.8807999999522735,0.6488000000715033,1.3321000000238428,0.6318000000715074,1.8821000000237973,1.1318999999761559,1.3987000000476542,0.7663999999761586,0.5832999999523167,1.2487999999523254,0.7486000000238846,0.7643000000715574,0.9171000000238223,0.650000000000091]",-0.414814758,2.7864,0.0,14.0,14.0,118.0,1.0,hoorn,mhoorn,question_multimodal.png,im_combination.png,,,,,,
,,,855539,1,21,2023-09-13_15h40.10.439,flesh_expressibility_dutch,2022.2.4,Win32,59.9880024,,,,18.0,1.0,Nederlands,,,,,,Engels,3.0,Duits,2.0,Spaans,1.0,,0.0,,0.0,,0.0,,0.0,,0.0,NL,3.0,2.0,2.0,5.0,,sensorypref2,1280.0,720.0,,,,,,,,,,,,,,,,,,,,,,,,,,,,,,,,,,,,11.0,474.7444,56.0,"[1.6497000000476874,0.7497999999523017,0.7517000000476628,0.6995000000000005,0.997900000095342,0.6162999999523322,0.9155999999046571,0.7306000000238555,0.7492999999523136,0.783099999904664,0.6827000000477028,0.697200000047701,0.8008999999761954,0.7666000000238569,0.6328999999761891,0.5993999999761854,0.6328999999761322,0.6990000000000123,0.7993999999761172,0.6850000000000023,0.8320999999045853,1.1326000000238423,0.6641000000238364,1.4971999999285117,0.6823000000715069,0.6831000000238419,0.7341999999284781,0.949299999952359,0.7662000000477178,0.7325000000000159,0.7487000000476769,0.7825999999046189,1.5982000000477115,0.815200000047696,0.9823999999761668,1.5242000000476423,1.1240999999046721,5.215199999928473,1.316000000000031,6.693199999928481,0.6154999999999973,0.8807999999522735,0.6487000000476542,1.3321000000238428,0.6318000000715074,1.882000000000005,1.1318999999761559,1.3987000000476542,0.766300000071567,0.5831000000238191,1.2487000000477337,0.7483999999761863,0.7642000000477083,0.9169999999999732,0.6498000000715365,0.6319999999999482]","[1.6497000000476874,0.7498999999761509,0.7517000000476628,0.6995000000000005,0.9981000000238396,0.6162999999523322,0.9156999999284494,0.7307000000477046,0.7493999999761058,0.7831999999285131,0.6827999999522945,0.6974999999999909,0.8008999999761954,0.7666000000238569,0.6330000000000382,0.5995000000000346,0.6329999999999814,0.6991000000238614,0.7993999999761172,0.6850999999046508,0.8320999999045853,1.1326000000238423,0.6641000000238364,1.4972999999523608,0.6824000000953561,0.683200000047691,0.7342999999523272,0.949299999952359,0.7662999999523095,0.732600000023865,0.748800000071526,0.7825999999046189,1.5983999999761522,0.8153999999761936,0.9824999999999591,1.5242999999522908,1.1240999999046721,5.215199999928473,1.3161999999284717,6.69329999995233,0.6154999999999973,0.8807999999522735,0.6488000000715033,1.3321000000238428,0.6318000000715074,1.8821000000237973,1.1318999999761559,1.3987000000476542,0.7663999999761586,0.5832999999523167,1.2487999999523254,0.7486000000238846,0.7643000000715574,0.9171000000238223,0.650000000000091,0.6321000000237973]",0.475926039,3.0359,0.0,15.0,15.0,55.0,1.0,langzaam,mlangzaam,question_multimodal.png,im_combination.png,,,,,,
,,,855539,1,21,2023-09-13_15h40.10.439,flesh_expressibility_dutch,2022.2.4,Win32,59.9880024,,,,18.0,1.0,Nederlands,,,,,,Engels,3.0,Duits,2.0,Spaans,1.0,,0.0,,0.0,,0.0,,0.0,,0.0,NL,3.0,2.0,2.0,5.0,,sensorypref2,1280.0,720.0,,,,,,,,,,,,,,,,,,,,,,,,,,,,,,,,,,,,13.0,478.4384,57.0,"[1.6497000000476874,0.7497999999523017,0.7517000000476628,0.6995000000000005,0.997900000095342,0.6162999999523322,0.9155999999046571,0.7306000000238555,0.7492999999523136,0.783099999904664,0.6827000000477028,0.697200000047701,0.8008999999761954,0.7666000000238569,0.6328999999761891,0.5993999999761854,0.6328999999761322,0.6990000000000123,0.7993999999761172,0.6850000000000023,0.8320999999045853,1.1326000000238423,0.6641000000238364,1.4971999999285117,0.6823000000715069,0.6831000000238419,0.7341999999284781,0.949299999952359,0.7662000000477178,0.7325000000000159,0.7487000000476769,0.7825999999046189,1.5982000000477115,0.815200000047696,0.9823999999761668,1.5242000000476423,1.1240999999046721,5.215199999928473,1.316000000000031,6.693199999928481,0.6154999999999973,0.8807999999522735,0.6487000000476542,1.3321000000238428,0.6318000000715074,1.882000000000005,1.1318999999761559,1.3987000000476542,0.766300000071567,0.5831000000238191,1.2487000000477337,0.7483999999761863,0.7642000000477083,0.9169999999999732,0.6498000000715365,0.6319999999999482,0.6489000000952956]","[1.6497000000476874,0.7498999999761509,0.7517000000476628,0.6995000000000005,0.9981000000238396,0.6162999999523322,0.9156999999284494,0.7307000000477046,0.7493999999761058,0.7831999999285131,0.6827999999522945,0.6974999999999909,0.8008999999761954,0.7666000000238569,0.6330000000000382,0.5995000000000346,0.6329999999999814,0.6991000000238614,0.7993999999761172,0.6850999999046508,0.8320999999045853,1.1326000000238423,0.6641000000238364,1.4972999999523608,0.6824000000953561,0.683200000047691,0.7342999999523272,0.949299999952359,0.7662999999523095,0.732600000023865,0.748800000071526,0.7825999999046189,1.5983999999761522,0.8153999999761936,0.9824999999999591,1.5242999999522908,1.1240999999046721,5.215199999928473,1.3161999999284717,6.69329999995233,0.6154999999999973,0.8807999999522735,0.6488000000715033,1.3321000000238428,0.6318000000715074,1.8821000000237973,1.1318999999761559,1.3987000000476542,0.7663999999761586,0.5832999999523167,1.2487999999523254,0.7486000000238846,0.7643000000715574,0.9171000000238223,0.650000000000091,0.6321000000237973,0.6490000000000009]",0.248148261,3.3026,0.0,16.0,16.0,33.0,1.0,dromen,mdromen,question_multimodal.png,im_combination.png,,,,,,
,,,855539,1,21,2023-09-13_15h40.10.439,flesh_expressibility_dutch,2022.2.4,Win32,59.9880024,,,,18.0,1.0,Nederlands,,,,,,Engels,3.0,Duits,2.0,Spaans,1.0,,0.0,,0.0,,0.0,,0.0,,0.0,NL,3.0,2.0,2.0,5.0,,sensorypref2,1280.0,720.0,,,,,,,,,,,,,,,,,,,,,,,,,,,,,,,,,,,,8.0,482.4234,58.0,"[1.6497000000476874,0.7497999999523017,0.7517000000476628,0.6995000000000005,0.997900000095342,0.6162999999523322,0.9155999999046571,0.7306000000238555,0.7492999999523136,0.783099999904664,0.6827000000477028,0.697200000047701,0.8008999999761954,0.7666000000238569,0.6328999999761891,0.5993999999761854,0.6328999999761322,0.6990000000000123,0.7993999999761172,0.6850000000000023,0.8320999999045853,1.1326000000238423,0.6641000000238364,1.4971999999285117,0.6823000000715069,0.6831000000238419,0.7341999999284781,0.949299999952359,0.7662000000477178,0.7325000000000159,0.7487000000476769,0.7825999999046189,1.5982000000477115,0.815200000047696,0.9823999999761668,1.5242000000476423,1.1240999999046721,5.215199999928473,1.316000000000031,6.693199999928481,0.6154999999999973,0.8807999999522735,0.6487000000476542,1.3321000000238428,0.6318000000715074,1.882000000000005,1.1318999999761559,1.3987000000476542,0.766300000071567,0.5831000000238191,1.2487000000477337,0.7483999999761863,0.7642000000477083,0.9169999999999732,0.6498000000715365,0.6319999999999482,0.6489000000952956,0.683200000047691]","[1.6497000000476874,0.7498999999761509,0.7517000000476628,0.6995000000000005,0.9981000000238396,0.6162999999523322,0.9156999999284494,0.7307000000477046,0.7493999999761058,0.7831999999285131,0.6827999999522945,0.6974999999999909,0.8008999999761954,0.7666000000238569,0.6330000000000382,0.5995000000000346,0.6329999999999814,0.6991000000238614,0.7993999999761172,0.6850999999046508,0.8320999999045853,1.1326000000238423,0.6641000000238364,1.4972999999523608,0.6824000000953561,0.683200000047691,0.7342999999523272,0.949299999952359,0.7662999999523095,0.732600000023865,0.748800000071526,0.7825999999046189,1.5983999999761522,0.8153999999761936,0.9824999999999591,1.5242999999522908,1.1240999999046721,5.215199999928473,1.3161999999284717,6.69329999995233,0.6154999999999973,0.8807999999522735,0.6488000000715033,1.3321000000238428,0.6318000000715074,1.8821000000237973,1.1318999999761559,1.3987000000476542,0.7663999999761586,0.5832999999523167,1.2487999999523254,0.7486000000238846,0.7643000000715574,0.9171000000238223,0.650000000000091,0.6321000000237973,0.6490000000000009,0.6833000000715401]",0.655555556,3.7208,0.0,17.0,17.0,47.0,1.0,kruipen,mkruipen,question_multimodal.png,im_combination.png,,,,,,
,,,855539,1,21,2023-09-13_15h40.10.439,flesh_expressibility_dutch,2022.2.4,Win32,59.9880024,,,,18.0,1.0,Nederlands,,,,,,Engels,3.0,Duits,2.0,Spaans,1.0,,0.0,,0.0,,0.0,,0.0,,0.0,NL,3.0,2.0,2.0,5.0,,sensorypref2,1280.0,720.0,,,,,,,,,,,,,,,,,,,,,,,,,,,,,,,,,,,,6.0,486.8271,59.0,"[1.6497000000476874,0.7497999999523017,0.7517000000476628,0.6995000000000005,0.997900000095342,0.6162999999523322,0.9155999999046571,0.7306000000238555,0.7492999999523136,0.783099999904664,0.6827000000477028,0.697200000047701,0.8008999999761954,0.7666000000238569,0.6328999999761891,0.5993999999761854,0.6328999999761322,0.6990000000000123,0.7993999999761172,0.6850000000000023,0.8320999999045853,1.1326000000238423,0.6641000000238364,1.4971999999285117,0.6823000000715069,0.6831000000238419,0.7341999999284781,0.949299999952359,0.7662000000477178,0.7325000000000159,0.7487000000476769,0.7825999999046189,1.5982000000477115,0.815200000047696,0.9823999999761668,1.5242000000476423,1.1240999999046721,5.215199999928473,1.316000000000031,6.693199999928481,0.6154999999999973,0.8807999999522735,0.6487000000476542,1.3321000000238428,0.6318000000715074,1.882000000000005,1.1318999999761559,1.3987000000476542,0.766300000071567,0.5831000000238191,1.2487000000477337,0.7483999999761863,0.7642000000477083,0.9169999999999732,0.6498000000715365,0.6319999999999482,0.6489000000952956,0.683200000047691,0.6658999999760908]","[1.6497000000476874,0.7498999999761509,0.7517000000476628,0.6995000000000005,0.9981000000238396,0.6162999999523322,0.9156999999284494,0.7307000000477046,0.7493999999761058,0.7831999999285131,0.6827999999522945,0.6974999999999909,0.8008999999761954,0.7666000000238569,0.6330000000000382,0.5995000000000346,0.6329999999999814,0.6991000000238614,0.7993999999761172,0.6850999999046508,0.8320999999045853,1.1326000000238423,0.6641000000238364,1.4972999999523608,0.6824000000953561,0.683200000047691,0.7342999999523272,0.949299999952359,0.7662999999523095,0.732600000023865,0.748800000071526,0.7825999999046189,1.5983999999761522,0.8153999999761936,0.9824999999999591,1.5242999999522908,1.1240999999046721,5.215199999928473,1.3161999999284717,6.69329999995233,0.6154999999999973,0.8807999999522735,0.6488000000715033,1.3321000000238428,0.6318000000715074,1.8821000000237973,1.1318999999761559,1.3987000000476542,0.7663999999761586,0.5832999999523167,1.2487999999523254,0.7486000000238846,0.7643000000715574,0.9171000000238223,0.650000000000091,0.6321000000237973,0.6490000000000009,0.6833000000715401,0.66599999999994]",0.631481595,3.8596,0.0,18.0,18.0,132.0,1.0,aarde,maarde,question_multimodal.png,im_combination.png,,,,,,
,,,855539,1,21,2023-09-13_15h40.10.439,flesh_expressibility_dutch,2022.2.4,Win32,59.9880024,,,,18.0,1.0,Nederlands,,,,,,Engels,3.0,Duits,2.0,Spaans,1.0,,0.0,,0.0,,0.0,,0.0,,0.0,NL,3.0,2.0,2.0,5.0,,sensorypref2,1280.0,720.0,,,,,,,,,,,,,,,,,,,,,,,,,,,,,,,,,,,,7.0,491.434,60.0,"[1.6497000000476874,0.7497999999523017,0.7517000000476628,0.6995000000000005,0.997900000095342,0.6162999999523322,0.9155999999046571,0.7306000000238555,0.7492999999523136,0.783099999904664,0.6827000000477028,0.697200000047701,0.8008999999761954,0.7666000000238569,0.6328999999761891,0.5993999999761854,0.6328999999761322,0.6990000000000123,0.7993999999761172,0.6850000000000023,0.8320999999045853,1.1326000000238423,0.6641000000238364,1.4971999999285117,0.6823000000715069,0.6831000000238419,0.7341999999284781,0.949299999952359,0.7662000000477178,0.7325000000000159,0.7487000000476769,0.7825999999046189,1.5982000000477115,0.815200000047696,0.9823999999761668,1.5242000000476423,1.1240999999046721,5.215199999928473,1.316000000000031,6.693199999928481,0.6154999999999973,0.8807999999522735,0.6487000000476542,1.3321000000238428,0.6318000000715074,1.882000000000005,1.1318999999761559,1.3987000000476542,0.766300000071567,0.5831000000238191,1.2487000000477337,0.7483999999761863,0.7642000000477083,0.9169999999999732,0.6498000000715365,0.6319999999999482,0.6489000000952956,0.683200000047691,0.6658999999760908,0.6993999999762082]","[1.6497000000476874,0.7498999999761509,0.7517000000476628,0.6995000000000005,0.9981000000238396,0.6162999999523322,0.9156999999284494,0.7307000000477046,0.7493999999761058,0.7831999999285131,0.6827999999522945,0.6974999999999909,0.8008999999761954,0.7666000000238569,0.6330000000000382,0.5995000000000346,0.6329999999999814,0.6991000000238614,0.7993999999761172,0.6850999999046508,0.8320999999045853,1.1326000000238423,0.6641000000238364,1.4972999999523608,0.6824000000953561,0.683200000047691,0.7342999999523272,0.949299999952359,0.7662999999523095,0.732600000023865,0.748800000071526,0.7825999999046189,1.5983999999761522,0.8153999999761936,0.9824999999999591,1.5242999999522908,1.1240999999046721,5.215199999928473,1.3161999999284717,6.69329999995233,0.6154999999999973,0.8807999999522735,0.6488000000715033,1.3321000000238428,0.6318000000715074,1.8821000000237973,1.1318999999761559,1.3987000000476542,0.7663999999761586,0.5832999999523167,1.2487999999523254,0.7486000000238846,0.7643000000715574,0.9171000000238223,0.650000000000091,0.6321000000237973,0.6490000000000009,0.6833000000715401,0.66599999999994,0.6993999999762082]",-0.759259203,2.6428,0.0,19.0,19.0,201.0,1.0,gisteren,mgisteren,question_multimodal.png,im_combination.png,,,,,,
,,,855539,1,21,2023-09-13_15h40.10.439,flesh_expressibility_dutch,2022.2.4,Win32,59.9880024,,,,18.0,1.0,Nederlands,,,,,,Engels,3.0,Duits,2.0,Spaans,1.0,,0.0,,0.0,,0.0,,0.0,,0.0,NL,3.0,2.0,2.0,5.0,,sensorypref2,1280.0,720.0,,,,,,,,,,,,,,,,,,,,,,,,,,,,,,,,,,,,,,,,,,,,,,,,,,,,,,,,,
,,,855539,1,21,2023-09-13_15h40.10.439,flesh_expressibility_dutch,2022.2.4,Win32,59.9880024,,,,18.0,1.0,Nederlands,,,,,,Engels,3.0,Duits,2.0,Spaans,1.0,,0.0,,0.0,,0.0,,0.0,,0.0,NL,3.0,2.0,2.0,5.0,,sensorypref2,1280.0,720.0,,,,,,,,,,,,,,,,,,,,,,,,,,,,,,,,,,,,,,,,,,,,,,,,,,,,1.0,,,,,
,,,855539,1,21,2023-09-13_15h40.10.439,flesh_expressibility_dutch,2022.2.4,Win32,59.9880024,,,,18.0,1.0,Nederlands,,,,,,Engels,3.0,Duits,2.0,Spaans,1.0,,0.0,,0.0,,0.0,,0.0,,0.0,NL,3.0,2.0,2.0,5.0,,sensorypref2,1280.0,720.0,,,,,,,,,,,,,,,,,,,,,,,,,,,,,,,,,,,,,,,,,,,,,,,,,,,,1.0,,,,,
,,,855539,1,21,2023-09-13_15h40.10.439,flesh_expressibility_dutch,2022.2.4,Win32,59.9880024,,,,18.0,1.0,Nederlands,,,,,,Engels,3.0,Duits,2.0,Spaans,1.0,,0.0,,0.0,,0.0,,0.0,,0.0,NL,3.0,2.0,2.0,5.0,,sensorypref2,1280.0,720.0,,,,,,,,,,,,,,,,,,,,,,,,,,,,,,,,,,,,,,,,,,,,,,,,,,,,1.0,,,1.0,[500.45740000009545],[500.4576000000239]
