welcome_weiter.numClicks,welcome_weiter.timesOn,welcome_weiter.timesOff,exp_ID,session,presentation limit,date,expName,psychopyVersion,OS,frameRate,introduction_weiter.numClicks,introduction_weiter.timesOn,introduction_weiter.timesOff,age,gender,natlang1,natlang2,natlang3,natlang4,natlang5,natlang6,lang1,proficiency1,lang2,proficiency2,lang3,proficiency3,lang4,proficiency4,lang5,proficiency5,lang6,proficiency6,lang7,proficiency7,lang8,proficiency8,country,education,dyslexia,mobility,currentloc,radio-for-required-checkboxes,sensorypref1,sensorypref2,xRes,yRes,sensorypref[],sensorypref3,sensorypref4,practice_weiter.numClicks,practice_weiter.timesOn,practice_weiter.timesOff,pr_message_weiter.numClicks,pr_message_weiter.timesOn,pr_message_weiter.timesOff,pr_remember_weiter.numClicks,pr_remember_weiter.timesOn,pr_remember_weiter.timesOff,button_weiter.numClicks,button_weiter.timesOn,button_weiter.timesOff,pr_expressibility.response,pr_expressibility.rt,practice_trials.thisRepN,practice_trials.thisTrialN,practice_trials.thisN,practice_trials.thisIndex,practice_trials.ran,pr_word,pr_question,pr_image,start_weiter.numClicks,start_weiter.timesOn,start_weiter.timesOff,message_weiter.numClicks,message_weiter.timesOn,message_weiter.timesOff,trial_remember_weiter.numClicks,trial_remember_weiter.timesOn,trial_remember_weiter.timesOff,Count,Shelf time,trial_button_weiter.numClicks,trial_button_weiter.timesOn,trial_button_weiter.timesOff,expressibility.response,expressibility.rt,trials.thisRepN,trials.thisTrialN,trials.thisN,trials.thisIndex,trials.ran,word,fordict,question,trial_img,problem,problem_text,comment_text,end_experiment.numClicks,end_experiment.timesOn,end_experiment.timesOff
1.0,[1.8554999999999993],[1.8556000000238413],949265,1,21,2023-09-18_14h35.53.774,flesh_expressibility_dutch,2022.2.4,Win32,60.28454304,,,,,,,,,,,,,,,,,,,,,,,,,,,,,,,,,,,,,,,,,,,,,,,,,,,,,,,,,,,,,,,,,,,,,,,,,,,,,,,,,,,,,,,,,,,,,
,,,949265,1,21,2023-09-18_14h35.53.774,flesh_expressibility_dutch,2022.2.4,Win32,60.28454304,,,,,,,,,,,,,,,,,,,,,,,,,,,,,,,,,,,,,,,,,,,,,,,,,,,,,,,,,,,,,,,,,,,,,,,,,,,,,,,,,,,,,,,,,,,,,
,,,949265,1,21,2023-09-18_14h35.53.774,flesh_expressibility_dutch,2022.2.4,Win32,60.28454304,1.0,[8.955800000011923],[8.955800000011923],,,,,,,,,,,,,,,,,,,,,,,,,,,,,,,,,,,,,,,,,,,,,,,,,,,,,,,,,,,,,,,,,,,,,,,,,,,,,,,,,,,,,,,,,,
,,,949265,1,21,2023-09-18_14h35.53.774,flesh_expressibility_dutch,2022.2.4,Win32,60.28454304,,,,,,,,,,,,,,,,,,,,,,,,,,,,,,,,,,,,,,,,,,,,,,,,,,,,,,,,,,,,,,,,,,,,,,,,,,,,,,,,,,,,,,,,,,,,,
,,,949265,1,21,2023-09-18_14h35.53.774,flesh_expressibility_dutch,2022.2.4,Win32,60.28454304,,,,21.0,1.0,Nederlands ,,,,,,Engels,0.0,,0.0,,0.0,,0.0,,0.0,,0.0,,0.0,,0.0,NL,6.0,2.0,2.0,5.0,on,sensorypref1,sensorypref2,1280.0,720.0,,,,,,,,,,,,,,,,,,,,,,,,,,,,,,,,,,,,,,,,,,,,,,,,,,,,,,,,
,,,949265,1,21,2023-09-18_14h35.53.774,flesh_expressibility_dutch,2022.2.4,Win32,60.28454304,,,,21.0,1.0,Nederlands ,,,,,,Engels,0.0,,0.0,,0.0,,0.0,,0.0,,0.0,,0.0,,0.0,NL,6.0,2.0,2.0,5.0,,sensorypref1,sensorypref2,1280.0,720.0,,,,1.0,[43.4835],[43.4835],,,,,,,,,,,,,,,,,,,,,,,,,,,,,,,,,,,,,,,,,,,,,,,,,,
,,,949265,1,21,2023-09-18_14h35.53.774,flesh_expressibility_dutch,2022.2.4,Win32,60.28454304,,,,21.0,1.0,Nederlands ,,,,,,Engels,0.0,,0.0,,0.0,,0.0,,0.0,,0.0,,0.0,,0.0,NL,6.0,2.0,2.0,5.0,,sensorypref1,sensorypref2,1280.0,720.0,,,,,,,,,,,,,,,,,,,,,,,,,,,,,,,,,,,,,,,,,,,,,,,,,,,,,,,,
,,,949265,1,21,2023-09-18_14h35.53.774,flesh_expressibility_dutch,2022.2.4,Win32,60.28454304,,,,21.0,1.0,Nederlands ,,,,,,Engels,0.0,,0.0,,0.0,,0.0,,0.0,,0.0,,0.0,,0.0,NL,6.0,2.0,2.0,5.0,,sensorypref1,sensorypref2,1280.0,720.0,,,,,,,1.0,[51.208199999988075],[51.208199999988075],1.0,[58.83230000001193],[58.83240000003576],1.0,[0.7556999999880816],[0.7558000000119165],-0.122222222,7.6172,0.0,0.0,0.0,1.0,1.0,leeuw,question_multimodal.png,im_combination.png,,,,,,,,,,,,,,,,,,,,,,,,,,,,,,,
,,,949265,1,21,2023-09-18_14h35.53.774,flesh_expressibility_dutch,2022.2.4,Win32,60.28454304,,,,21.0,1.0,Nederlands ,,,,,,Engels,0.0,,0.0,,0.0,,0.0,,0.0,,0.0,,0.0,,0.0,NL,6.0,2.0,2.0,5.0,,sensorypref1,sensorypref2,1280.0,720.0,,,,,,,,,,,,,2.0,"[0.7556999999880816,0.5995999999642407]","[0.7558000000119165,0.5995999999642407]",0.668518575,3.7675,0.0,1.0,1.0,0.0,1.0,koken,question_multimodal.png,im_combination.png,,,,,,,,,,,,,,,,,,,,,,,,,,,,,,,
,,,949265,1,21,2023-09-18_14h35.53.774,flesh_expressibility_dutch,2022.2.4,Win32,60.28454304,,,,21.0,1.0,Nederlands ,,,,,,Engels,0.0,,0.0,,0.0,,0.0,,0.0,,0.0,,0.0,,0.0,NL,6.0,2.0,2.0,5.0,,sensorypref1,sensorypref2,1280.0,720.0,,,,,,,2.0,"[51.208199999988075,77.6361999999881]","[51.208199999988075,77.63630000001193]",2.0,"[58.83230000001193,80.43160000002385]","[58.83240000003576,80.43170000004768]",3.0,"[0.7556999999880816,0.5995999999642407,0.64910000002385]","[0.7558000000119165,0.5995999999642407,0.64910000002385]",0.781481595,4.1429,0.0,0.0,0.0,1.0,1.0,auto,question_gesture.png,im_hand.png,,,,,,,,,,,,,,,,,,,,,,,,,,,,,,,
,,,949265,1,21,2023-09-18_14h35.53.774,flesh_expressibility_dutch,2022.2.4,Win32,60.28454304,,,,21.0,1.0,Nederlands ,,,,,,Engels,0.0,,0.0,,0.0,,0.0,,0.0,,0.0,,0.0,,0.0,NL,6.0,2.0,2.0,5.0,,sensorypref1,sensorypref2,1280.0,720.0,,,,,,,,,,,,,4.0,"[0.7556999999880816,0.5995999999642407,0.64910000002385,0.6326000000238281]","[0.7558000000119165,0.5995999999642407,0.64910000002385,0.6326000000238281]",0.746296353,4.3987,0.0,1.0,1.0,0.0,1.0,baby,question_gesture.png,im_hand.png,,,,,,,,,,,,,,,,,,,,,,,,,,,,,,,
,,,949265,1,21,2023-09-18_14h35.53.774,flesh_expressibility_dutch,2022.2.4,Win32,60.28454304,,,,21.0,1.0,Nederlands ,,,,,,Engels,0.0,,0.0,,0.0,,0.0,,0.0,,0.0,,0.0,,0.0,NL,6.0,2.0,2.0,5.0,,sensorypref1,sensorypref2,1280.0,720.0,,,,,,,3.0,"[51.208199999988075,77.6361999999881,98.90269999998809]","[51.208199999988075,77.63630000001193,98.90280000001192]",3.0,"[58.83230000001193,80.43160000002385,100.49860000002384]","[58.83240000003576,80.43170000004768,100.49870000004769]",5.0,"[0.7556999999880816,0.5995999999642407,0.64910000002385,0.6326000000238281,0.666100000023846]","[0.7558000000119165,0.5995999999642407,0.64910000002385,0.6326000000238281,0.666100000023846]",-0.983333333,21.5298,0.0,0.0,0.0,1.0,1.0,moe,question_vocal.png,im_mouth.png,,,,,,,,,,,,,,,,,,,,,,,,,,,,,,,
,,,949265,1,21,2023-09-18_14h35.53.774,flesh_expressibility_dutch,2022.2.4,Win32,60.28454304,,,,21.0,1.0,Nederlands ,,,,,,Engels,0.0,,0.0,,0.0,,0.0,,0.0,,0.0,,0.0,,0.0,NL,6.0,2.0,2.0,5.0,,sensorypref1,sensorypref2,1280.0,720.0,,,,,,,,,,,,,6.0,"[0.7556999999880816,0.5995999999642407,0.64910000002385,0.6326000000238281,0.666100000023846,0.5991999999880591]","[0.7558000000119165,0.5995999999642407,0.64910000002385,0.6326000000238281,0.666100000023846,0.5991999999880591]",-0.4,3.9254,0.0,1.0,1.0,0.0,1.0,liefde,question_vocal.png,im_mouth.png,,,,,,,,,,,,,,,,,,,,,,,,,,,,,,,
,,,949265,1,21,2023-09-18_14h35.53.774,flesh_expressibility_dutch,2022.2.4,Win32,60.28454304,,,,21.0,1.0,Nederlands ,,,,,,Engels,0.0,,0.0,,0.0,,0.0,,0.0,,0.0,,0.0,,0.0,NL,6.0,2.0,2.0,5.0,,sensorypref1,sensorypref2,1280.0,720.0,,,,,,,,,,,,,,,,,,,,,,,,,,1.0,[133.55240000003573],[133.55360000002383],,,,,,,,,,,,,,,,,,,,,,,,,,,,
,,,949265,1,21,2023-09-18_14h35.53.774,flesh_expressibility_dutch,2022.2.4,Win32,60.28454304,,,,21.0,1.0,Nederlands ,,,,,,Engels,0.0,,0.0,,0.0,,0.0,,0.0,,0.0,,0.0,,0.0,NL,6.0,2.0,2.0,5.0,,sensorypref1,sensorypref2,1280.0,720.0,,,,,,,,,,,,,,,,,,,,,,,,,,,,,,,,,,,,,,,,,,,,,,,,,,,,,,,,
,,,949265,1,21,2023-09-18_14h35.53.774,flesh_expressibility_dutch,2022.2.4,Win32,60.28454304,,,,21.0,1.0,Nederlands ,,,,,,Engels,0.0,,0.0,,0.0,,0.0,,0.0,,0.0,,0.0,,0.0,NL,6.0,2.0,2.0,5.0,,sensorypref1,sensorypref2,1280.0,720.0,,,,,,,,,,,,,,,,,,,,,,,,,,,,,1.0,[137.66489999997614],[137.665],1.0,[139.4725],[139.47259999996425],15.0,140.9352,1.0,[1.7318999999761786],[1.7318999999761786],-0.948148092,3.7723,0.0,0.0,0.0,146.0,1.0,nemen,vnemen,question_vocal.png,im_mouth.png,,,,,,
,,,949265,1,21,2023-09-18_14h35.53.774,flesh_expressibility_dutch,2022.2.4,Win32,60.28454304,,,,21.0,1.0,Nederlands ,,,,,,Engels,0.0,,0.0,,0.0,,0.0,,0.0,,0.0,,0.0,,0.0,NL,6.0,2.0,2.0,5.0,,sensorypref1,sensorypref2,1280.0,720.0,,,,,,,,,,,,,,,,,,,,,,,,,,,,,,,,,,,6.0,146.4648,2.0,"[1.7318999999761786,0.6326999999880911]","[1.7318999999761786,0.6326999999880911]",-0.96851849,2.9666,0.0,1.0,1.0,5.0,1.0,honing,vhoning,question_vocal.png,im_mouth.png,,,,,,
,,,949265,1,21,2023-09-18_14h35.53.774,flesh_expressibility_dutch,2022.2.4,Win32,60.28454304,,,,21.0,1.0,Nederlands ,,,,,,Engels,0.0,,0.0,,0.0,,0.0,,0.0,,0.0,,0.0,,0.0,NL,6.0,2.0,2.0,5.0,,sensorypref1,sensorypref2,1280.0,720.0,,,,,,,,,,,,,,,,,,,,,,,,,,,,,,,,,,,17.0,150.0487,3.0,"[1.7318999999761786,0.6326999999880911,0.5329000000357667]","[1.7318999999761786,0.6326999999880911,0.5329000000357667]",-0.924074046,2.0287,0.0,2.0,2.0,6.0,1.0,zuur,vzuur,question_vocal.png,im_mouth.png,,,,,,
,,,949265,1,21,2023-09-18_14h35.53.774,flesh_expressibility_dutch,2022.2.4,Win32,60.28454304,,,,21.0,1.0,Nederlands ,,,,,,Engels,0.0,,0.0,,0.0,,0.0,,0.0,,0.0,,0.0,,0.0,NL,6.0,2.0,2.0,5.0,,sensorypref1,sensorypref2,1280.0,720.0,,,,,,,,,,,,,,,,,,,,,,,,,,,,,,,,,,,20.0,152.6071,4.0,"[1.7318999999761786,0.6326999999880911,0.5329000000357667,5.162300000011925]","[1.7318999999761786,0.6326999999880911,0.5329000000357667,5.162300000011925]",-0.507407379,6.2755,0.0,3.0,3.0,148.0,1.0,bijten,vbijten,question_vocal.png,im_mouth.png,,,,,,
,,,949265,1,21,2023-09-18_14h35.53.774,flesh_expressibility_dutch,2022.2.4,Win32,60.28454304,,,,21.0,1.0,Nederlands ,,,,,,Engels,0.0,,0.0,,0.0,,0.0,,0.0,,0.0,,0.0,,0.0,NL,6.0,2.0,2.0,5.0,,sensorypref1,sensorypref2,1280.0,720.0,,,,,,,,,,,,,,,,,,,,,,,,,,,,,,,,,,,14.0,159.3671,5.0,"[1.7318999999761786,0.6326999999880911,0.5329000000357667,5.162300000011925,1.4486999999880936]","[1.7318999999761786,0.6326999999880911,0.5329000000357667,5.162300000011925,1.448799999952314]",-0.970370314,2.1534,0.0,4.0,4.0,178.0,1.0,hij,vhij,question_vocal.png,im_mouth.png,,,,,,
,,,949265,1,21,2023-09-18_14h35.53.774,flesh_expressibility_dutch,2022.2.4,Win32,60.28454304,,,,21.0,1.0,Nederlands ,,,,,,Engels,0.0,,0.0,,0.0,,0.0,,0.0,,0.0,,0.0,,0.0,NL,6.0,2.0,2.0,5.0,,sensorypref1,sensorypref2,1280.0,720.0,,,,,,,,,,,,,,,,,,,,,,,,,,,,,,,,,,,14.0,162.9513,6.0,"[1.7318999999761786,0.6326999999880911,0.5329000000357667,5.162300000011925,1.4486999999880936,0.5831000000238475]","[1.7318999999761786,0.6326999999880911,0.5329000000357667,5.162300000011925,1.448799999952314,0.5831000000238475]",0.709259372,4.3686,0.0,5.0,5.0,1.0,1.0,zoemen,vzoemen,question_vocal.png,im_mouth.png,,,,,,
,,,949265,1,21,2023-09-18_14h35.53.774,flesh_expressibility_dutch,2022.2.4,Win32,60.28454304,,,,21.0,1.0,Nederlands ,,,,,,Engels,0.0,,0.0,,0.0,,0.0,,0.0,,0.0,,0.0,,0.0,NL,6.0,2.0,2.0,5.0,,sensorypref1,sensorypref2,1280.0,720.0,,,,,,,,,,,,,,,,,,,,,,,,,,,,,,,,,,,15.0,167.9673,7.0,"[1.7318999999761786,0.6326999999880911,0.5329000000357667,5.162300000011925,1.4486999999880936,0.5831000000238475,1.5492000000476764]","[1.7318999999761786,0.6326999999880911,0.5329000000357667,5.162300000011925,1.448799999952314,0.5831000000238475,1.5492000000476764]",-0.85,2.651,0.0,6.0,6.0,133.0,1.0,ster,vster,question_vocal.png,im_mouth.png,,,,,,
,,,949265,1,21,2023-09-18_14h35.53.774,flesh_expressibility_dutch,2022.2.4,Win32,60.28454304,,,,21.0,1.0,Nederlands ,,,,,,Engels,0.0,,0.0,,0.0,,0.0,,0.0,,0.0,,0.0,,0.0,NL,6.0,2.0,2.0,5.0,,sensorypref1,sensorypref2,1280.0,720.0,,,,,,,,,,,,,,,,,,,,,,,,,,,,,,,,,,,8.0,172.1121,8.0,"[1.7318999999761786,0.6326999999880911,0.5329000000357667,5.162300000011925,1.4486999999880936,0.5831000000238475,1.5492000000476764,0.5993000000119366]","[1.7318999999761786,0.6326999999880911,0.5329000000357667,5.162300000011925,1.448799999952314,0.5831000000238475,1.5492000000476764,0.5993000000119366]",-0.475925869,4.6005,0.0,7.0,7.0,151.0,1.0,drinken,vdrinken,question_vocal.png,im_mouth.png,,,,,,
,,,949265,1,21,2023-09-18_14h35.53.774,flesh_expressibility_dutch,2022.2.4,Win32,60.28454304,,,,21.0,1.0,Nederlands ,,,,,,Engels,0.0,,0.0,,0.0,,0.0,,0.0,,0.0,,0.0,,0.0,NL,6.0,2.0,2.0,5.0,,sensorypref1,sensorypref2,1280.0,720.0,,,,,,,,,,,,,,,,,,,,,,,,,,,,,,,,,,,11.0,177.3895,9.0,"[1.7318999999761786,0.6326999999880911,0.5329000000357667,5.162300000011925,1.4486999999880936,0.5831000000238475,1.5492000000476764,0.5993000000119366,0.5165000000000077]","[1.7318999999761786,0.6326999999880911,0.5329000000357667,5.162300000011925,1.448799999952314,0.5831000000238475,1.5492000000476764,0.5993000000119366,0.5165000000000077]",-0.96851849,1.9353,0.0,8.0,8.0,198.0,1.0,nieuw,vnieuw,question_vocal.png,im_mouth.png,,,,,,
,,,949265,1,21,2023-09-18_14h35.53.774,flesh_expressibility_dutch,2022.2.4,Win32,60.28454304,,,,21.0,1.0,Nederlands ,,,,,,Engels,0.0,,0.0,,0.0,,0.0,,0.0,,0.0,,0.0,,0.0,NL,6.0,2.0,2.0,5.0,,sensorypref1,sensorypref2,1280.0,720.0,,,,,,,,,,,,,,,,,,,,,,,,,,,,,,,,,,,22.0,179.8466,9.0,"[1.7318999999761786,0.6326999999880911,0.5329000000357667,5.162300000011925,1.4486999999880936,0.5831000000238475,1.5492000000476764,0.5993000000119366,0.5165000000000077]","[1.7318999999761786,0.6326999999880911,0.5329000000357667,5.162300000011925,1.448799999952314,0.5831000000238475,1.5492000000476764,0.5993000000119366,0.5165000000000077]",,,0.0,9.0,9.0,44.0,1.0,lucht,vlucht,question_vocal.png,im_mouth.png,,,,,,
,,,949265,1,21,2023-09-18_14h35.53.774,flesh_expressibility_dutch,2022.2.4,Win32,60.28454304,,,,21.0,1.0,Nederlands ,,,,,,Engels,0.0,,0.0,,0.0,,0.0,,0.0,,0.0,,0.0,,0.0,NL,6.0,2.0,2.0,5.0,,sensorypref1,sensorypref2,1280.0,720.0,,,,,,,,,,,,,,,,,,,,,,,,,,,,,,,,,,,12.0,180.7683,10.0,"[1.7318999999761786,0.6326999999880911,0.5329000000357667,5.162300000011925,1.4486999999880936,0.5831000000238475,1.5492000000476764,0.5993000000119366,0.5165000000000077,0.9992999999523136]","[1.7318999999761786,0.6326999999880911,0.5329000000357667,5.162300000011925,1.448799999952314,0.5831000000238475,1.5492000000476764,0.5993000000119366,0.5165000000000077,0.9993999999761343]",-0.953703647,2.8819,0.0,10.0,10.0,85.0,1.0,boven,vboven,question_vocal.png,im_mouth.png,,,,,,
,,,949265,1,21,2023-09-18_14h35.53.774,flesh_expressibility_dutch,2022.2.4,Win32,60.28454304,,,,21.0,1.0,Nederlands ,,,,,,Engels,0.0,,0.0,,0.0,,0.0,,0.0,,0.0,,0.0,,0.0,NL,6.0,2.0,2.0,5.0,,sensorypref1,sensorypref2,1280.0,720.0,,,,,,,,,,,,,,,,,,,,,,,,,,,,,,,,,,,16.0,184.5543,11.0,"[1.7318999999761786,0.6326999999880911,0.5329000000357667,5.162300000011925,1.4486999999880936,0.5831000000238475,1.5492000000476764,0.5993000000119366,0.5165000000000077,0.9992999999523136,0.4831000000238532]","[1.7318999999761786,0.6326999999880911,0.5329000000357667,5.162300000011925,1.448799999952314,0.5831000000238475,1.5492000000476764,0.5993000000119366,0.5165000000000077,0.9993999999761343,0.48320000004767394]",-0.601851824,3.2761,0.0,11.0,11.0,45.0,1.0,onweer,vonweer,question_vocal.png,im_mouth.png,,,,,,
,,,949265,1,21,2023-09-18_14h35.53.774,flesh_expressibility_dutch,2022.2.4,Win32,60.28454304,,,,21.0,1.0,Nederlands ,,,,,,Engels,0.0,,0.0,,0.0,,0.0,,0.0,,0.0,,0.0,,0.0,NL,6.0,2.0,2.0,5.0,,sensorypref1,sensorypref2,1280.0,720.0,,,,,,,,,,,,,,,,,,,,,,,,,,,,,,,,,,,18.0,188.4097,12.0,"[1.7318999999761786,0.6326999999880911,0.5329000000357667,5.162300000011925,1.4486999999880936,0.5831000000238475,1.5492000000476764,0.5993000000119366,0.5165000000000077,0.9992999999523136,0.4831000000238532,1.3489999999999895]","[1.7318999999761786,0.6326999999880911,0.5329000000357667,5.162300000011925,1.448799999952314,0.5831000000238475,1.5492000000476764,0.5993000000119366,0.5165000000000077,0.9993999999761343,0.48320000004767394,1.3491000000238387]",0.883333333,4.1083,0.0,12.0,12.0,12.0,1.0,ademen,vademen,question_vocal.png,im_mouth.png,,,,,,
,,,949265,1,21,2023-09-18_14h35.53.774,flesh_expressibility_dutch,2022.2.4,Win32,60.28454304,,,,21.0,1.0,Nederlands ,,,,,,Engels,0.0,,0.0,,0.0,,0.0,,0.0,,0.0,,0.0,,0.0,NL,6.0,2.0,2.0,5.0,,sensorypref1,sensorypref2,1280.0,720.0,,,,,,,,,,,,,,,,,,,,,,,,,,,,,,,,,,,16.0,193.773,13.0,"[1.7318999999761786,0.6326999999880911,0.5329000000357667,5.162300000011925,1.4486999999880936,0.5831000000238475,1.5492000000476764,0.5993000000119366,0.5165000000000077,0.9992999999523136,0.4831000000238532,1.3489999999999895,0.5331999999880566]","[1.7318999999761786,0.6326999999880911,0.5329000000357667,5.162300000011925,1.448799999952314,0.5831000000238475,1.5492000000476764,0.5993000000119366,0.5165000000000077,0.9993999999761343,0.48320000004767394,1.3491000000238387,0.5332999999523054]",-0.909259203,2.0512,0.0,13.0,13.0,196.0,1.0,steen,vsteen,question_vocal.png,im_mouth.png,,,,,,
,,,949265,1,21,2023-09-18_14h35.53.774,flesh_expressibility_dutch,2022.2.4,Win32,60.28454304,,,,21.0,1.0,Nederlands ,,,,,,Engels,0.0,,0.0,,0.0,,0.0,,0.0,,0.0,,0.0,,0.0,NL,6.0,2.0,2.0,5.0,,sensorypref1,sensorypref2,1280.0,720.0,,,,,,,,,,,,,,,,,,,,,,,,,,,,,,,,,,,8.0,196.4349,14.0,"[1.7318999999761786,0.6326999999880911,0.5329000000357667,5.162300000011925,1.4486999999880936,0.5831000000238475,1.5492000000476764,0.5993000000119366,0.5165000000000077,0.9992999999523136,0.4831000000238532,1.3489999999999895,0.5331999999880566,0.5488999999761575]","[1.7318999999761786,0.6326999999880911,0.5329000000357667,5.162300000011925,1.448799999952314,0.5831000000238475,1.5492000000476764,0.5993000000119366,0.5165000000000077,0.9993999999761343,0.48320000004767394,1.3491000000238387,0.5332999999523054,0.5490000000000066]",-0.970370314,2.0262,0.0,14.0,14.0,187.0,1.0,dit,vdit,question_vocal.png,im_mouth.png,,,,,,
,,,949265,1,21,2023-09-18_14h35.53.774,flesh_expressibility_dutch,2022.2.4,Win32,60.28454304,,,,21.0,1.0,Nederlands ,,,,,,Engels,0.0,,0.0,,0.0,,0.0,,0.0,,0.0,,0.0,,0.0,NL,6.0,2.0,2.0,5.0,,sensorypref1,sensorypref2,1280.0,720.0,,,,,,,,,,,,,,,,,,,,,,,,,,,,,,,,,,,10.0,198.9966,15.0,"[1.7318999999761786,0.6326999999880911,0.5329000000357667,5.162300000011925,1.4486999999880936,0.5831000000238475,1.5492000000476764,0.5993000000119366,0.5165000000000077,0.9992999999523136,0.4831000000238532,1.3489999999999895,0.5331999999880566,0.5488999999761575,0.49960000002383254]","[1.7318999999761786,0.6326999999880911,0.5329000000357667,5.162300000011925,1.448799999952314,0.5831000000238475,1.5492000000476764,0.5993000000119366,0.5165000000000077,0.9993999999761343,0.48320000004767394,1.3491000000238387,0.5332999999523054,0.5490000000000066,0.49969999998808134]",-0.909259203,1.4888,0.0,15.0,15.0,117.0,1.0,haar,vhaar,question_vocal.png,im_mouth.png,,,,,,
,,,949265,1,21,2023-09-18_14h35.53.774,flesh_expressibility_dutch,2022.2.4,Win32,60.28454304,,,,21.0,1.0,Nederlands ,,,,,,Engels,0.0,,0.0,,0.0,,0.0,,0.0,,0.0,,0.0,,0.0,NL,6.0,2.0,2.0,5.0,,sensorypref1,sensorypref2,1280.0,720.0,,,,,,,,,,,,,,,,,,,,,,,,,,,,,,,,,,,16.0,200.9407,16.0,"[1.7318999999761786,0.6326999999880911,0.5329000000357667,5.162300000011925,1.4486999999880936,0.5831000000238475,1.5492000000476764,0.5993000000119366,0.5165000000000077,0.9992999999523136,0.4831000000238532,1.3489999999999895,0.5331999999880566,0.5488999999761575,0.49960000002383254,0.49979999995233015]","[1.7318999999761786,0.6326999999880911,0.5329000000357667,5.162300000011925,1.448799999952314,0.5831000000238475,1.5492000000476764,0.5993000000119366,0.5165000000000077,0.9993999999761343,0.48320000004767394,1.3491000000238387,0.5332999999523054,0.5490000000000066,0.49969999998808134,0.49989999997615087]",0.603703817,4.5996,0.0,16.0,16.0,62.0,1.0,piepen,vpiepen,question_vocal.png,im_mouth.png,,,,,,
,,,949265,1,21,2023-09-18_14h35.53.774,flesh_expressibility_dutch,2022.2.4,Win32,60.28454304,,,,21.0,1.0,Nederlands ,,,,,,Engels,0.0,,0.0,,0.0,,0.0,,0.0,,0.0,,0.0,,0.0,NL,6.0,2.0,2.0,5.0,,sensorypref1,sensorypref2,1280.0,720.0,,,,,,,,,,,,,,,,,,,,,,,,,,,,,,,,,,,13.0,206.1636,17.0,"[1.7318999999761786,0.6326999999880911,0.5329000000357667,5.162300000011925,1.4486999999880936,0.5831000000238475,1.5492000000476764,0.5993000000119366,0.5165000000000077,0.9992999999523136,0.4831000000238532,1.3489999999999895,0.5331999999880566,0.5488999999761575,0.49960000002383254,0.49979999995233015,0.6328999999761606]","[1.7318999999761786,0.6326999999880911,0.5329000000357667,5.162300000011925,1.448799999952314,0.5831000000238475,1.5492000000476764,0.5993000000119366,0.5165000000000077,0.9993999999761343,0.48320000004767394,1.3491000000238387,0.5332999999523054,0.5490000000000066,0.49969999998808134,0.49989999997615087,0.6328999999761606]",-0.955555556,3.8169,0.0,17.0,17.0,205.0,1.0,vork,vvork,question_vocal.png,im_mouth.png,,,,,,
,,,949265,1,21,2023-09-18_14h35.53.774,flesh_expressibility_dutch,2022.2.4,Win32,60.28454304,,,,21.0,1.0,Nederlands ,,,,,,Engels,0.0,,0.0,,0.0,,0.0,,0.0,,0.0,,0.0,,0.0,NL,6.0,2.0,2.0,5.0,,sensorypref1,sensorypref2,1280.0,720.0,,,,,,,,,,,,,,,,,,,,,,,,,,,,,,,,,,,11.0,210.5111,18.0,"[1.7318999999761786,0.6326999999880911,0.5329000000357667,5.162300000011925,1.4486999999880936,0.5831000000238475,1.5492000000476764,0.5993000000119366,0.5165000000000077,0.9992999999523136,0.4831000000238532,1.3489999999999895,0.5331999999880566,0.5488999999761575,0.49960000002383254,0.49979999995233015,0.6328999999761606,0.5833000000119171]","[1.7318999999761786,0.6326999999880911,0.5329000000357667,5.162300000011925,1.448799999952314,0.5831000000238475,1.5492000000476764,0.5993000000119366,0.5165000000000077,0.9993999999761343,0.48320000004767394,1.3491000000238387,0.5332999999523054,0.5490000000000066,0.49969999998808134,0.49989999997615087,0.6328999999761606,0.5833000000119171]",-0.962962935,2.1851,0.0,18.0,18.0,184.0,1.0,ver,vver,question_vocal.png,im_mouth.png,,,,,,
,,,949265,1,21,2023-09-18_14h35.53.774,flesh_expressibility_dutch,2022.2.4,Win32,60.28454304,,,,21.0,1.0,Nederlands ,,,,,,Engels,0.0,,0.0,,0.0,,0.0,,0.0,,0.0,,0.0,,0.0,NL,6.0,2.0,2.0,5.0,,sensorypref1,sensorypref2,1280.0,720.0,,,,,,,,,,,,,,,,,,,,,,,,,,,,,,,,,,,14.0,213.3318,19.0,"[1.7318999999761786,0.6326999999880911,0.5329000000357667,5.162300000011925,1.4486999999880936,0.5831000000238475,1.5492000000476764,0.5993000000119366,0.5165000000000077,0.9992999999523136,0.4831000000238532,1.3489999999999895,0.5331999999880566,0.5488999999761575,0.49960000002383254,0.49979999995233015,0.6328999999761606,0.5833000000119171,0.49989999997615087]","[1.7318999999761786,0.6326999999880911,0.5329000000357667,5.162300000011925,1.448799999952314,0.5831000000238475,1.5492000000476764,0.5993000000119366,0.5165000000000077,0.9993999999761343,0.48320000004767394,1.3491000000238387,0.5332999999523054,0.5490000000000066,0.49969999998808134,0.49989999997615087,0.6328999999761606,0.5833000000119171,0.49989999997615087]",-0.979629601,2.0771,0.0,19.0,19.0,157.0,1.0,wortel,vwortel,question_vocal.png,im_mouth.png,,,,,,
,,,949265,1,21,2023-09-18_14h35.53.774,flesh_expressibility_dutch,2022.2.4,Win32,60.28454304,,,,21.0,1.0,Nederlands ,,,,,,Engels,0.0,,0.0,,0.0,,0.0,,0.0,,0.0,,0.0,,0.0,NL,6.0,2.0,2.0,5.0,,sensorypref1,sensorypref2,1280.0,720.0,,,,,,,,,,,,,,,,,,,,,,,,,,,,,,,,,,,11.0,215.8917,20.0,"[1.7318999999761786,0.6326999999880911,0.5329000000357667,5.162300000011925,1.4486999999880936,0.5831000000238475,1.5492000000476764,0.5993000000119366,0.5165000000000077,0.9992999999523136,0.4831000000238532,1.3489999999999895,0.5331999999880566,0.5488999999761575,0.49960000002383254,0.49979999995233015,0.6328999999761606,0.5833000000119171,0.49989999997615087,0.46649999999999636]","[1.7318999999761786,0.6326999999880911,0.5329000000357667,5.162300000011925,1.448799999952314,0.5831000000238475,1.5492000000476764,0.5993000000119366,0.5165000000000077,0.9993999999761343,0.48320000004767394,1.3491000000238387,0.5332999999523054,0.5490000000000066,0.49969999998808134,0.49989999997615087,0.6328999999761606,0.5833000000119171,0.49989999997615087,0.46649999999999636]",-0.931481425,1.4241,0.0,20.0,20.0,57.0,1.0,fruit,vfruit,question_vocal.png,im_mouth.png,,,,,,
,,,949265,1,21,2023-09-18_14h35.53.774,flesh_expressibility_dutch,2022.2.4,Win32,60.28454304,,,,21.0,1.0,Nederlands ,,,,,,Engels,0.0,,0.0,,0.0,,0.0,,0.0,,0.0,,0.0,,0.0,NL,6.0,2.0,2.0,5.0,,sensorypref1,sensorypref2,1280.0,720.0,,,,,,,,,,,,,,,,,,,,,,,,,,,,,2.0,"[137.66489999997614,221.59009999996422]","[137.665,221.59019999998807]",2.0,"[139.4725,222.73709999996424]","[139.47259999996425,222.73719999998806]",17.0,224.1866,21.0,"[1.7318999999761786,0.6326999999880911,0.5329000000357667,5.162300000011925,1.4486999999880936,0.5831000000238475,1.5492000000476764,0.5993000000119366,0.5165000000000077,0.9992999999523136,0.4831000000238532,1.3489999999999895,0.5331999999880566,0.5488999999761575,0.49960000002383254,0.49979999995233015,0.6328999999761606,0.5833000000119171,0.49989999997615087,0.46649999999999636,0.5995000000000061]","[1.7318999999761786,0.6326999999880911,0.5329000000357667,5.162300000011925,1.448799999952314,0.5831000000238475,1.5492000000476764,0.5993000000119366,0.5165000000000077,0.9993999999761343,0.48320000004767394,1.3491000000238387,0.5332999999523054,0.5490000000000066,0.49969999998808134,0.49989999997615087,0.6328999999761606,0.5833000000119171,0.49989999997615087,0.46649999999999636,0.5995000000000061]",-0.625925869,4.4958,0.0,0.0,0.0,148.0,1.0,bijten,gbijten,question_gesture.png,im_hand.png,,,,,,
,,,949265,1,21,2023-09-18_14h35.53.774,flesh_expressibility_dutch,2022.2.4,Win32,60.28454304,,,,21.0,1.0,Nederlands ,,,,,,Engels,0.0,,0.0,,0.0,,0.0,,0.0,,0.0,,0.0,,0.0,NL,6.0,2.0,2.0,5.0,,sensorypref1,sensorypref2,1280.0,720.0,,,,,,,,,,,,,,,,,,,,,,,,,,,,,,,,,,,21.0,229.3063,22.0,"[1.7318999999761786,0.6326999999880911,0.5329000000357667,5.162300000011925,1.4486999999880936,0.5831000000238475,1.5492000000476764,0.5993000000119366,0.5165000000000077,0.9992999999523136,0.4831000000238532,1.3489999999999895,0.5331999999880566,0.5488999999761575,0.49960000002383254,0.49979999995233015,0.6328999999761606,0.5833000000119171,0.49989999997615087,0.46649999999999636,0.5995000000000061,2.5979999999999848]","[1.7318999999761786,0.6326999999880911,0.5329000000357667,5.162300000011925,1.448799999952314,0.5831000000238475,1.5492000000476764,0.5993000000119366,0.5165000000000077,0.9993999999761343,0.48320000004767394,1.3491000000238387,0.5332999999523054,0.5490000000000066,0.49969999998808134,0.49989999997615087,0.6328999999761606,0.5833000000119171,0.49989999997615087,0.46649999999999636,0.5995000000000061,2.5979999999999848]",0.974074131,5.8245,0.0,1.0,1.0,181.0,1.0,ik,gik,question_gesture.png,im_hand.png,,,,,,
,,,949265,1,21,2023-09-18_14h35.53.774,flesh_expressibility_dutch,2022.2.4,Win32,60.28454304,,,,21.0,1.0,Nederlands ,,,,,,Engels,0.0,,0.0,,0.0,,0.0,,0.0,,0.0,,0.0,,0.0,NL,6.0,2.0,2.0,5.0,,sensorypref1,sensorypref2,1280.0,720.0,,,,,,,,,,,,,,,,,,,,,,,,,,,,,,,,,,,12.0,235.7575,23.0,"[1.7318999999761786,0.6326999999880911,0.5329000000357667,5.162300000011925,1.4486999999880936,0.5831000000238475,1.5492000000476764,0.5993000000119366,0.5165000000000077,0.9992999999523136,0.4831000000238532,1.3489999999999895,0.5331999999880566,0.5488999999761575,0.49960000002383254,0.49979999995233015,0.6328999999761606,0.5833000000119171,0.49989999997615087,0.46649999999999636,0.5995000000000061,2.5979999999999848,0.46649999999999636]","[1.7318999999761786,0.6326999999880911,0.5329000000357667,5.162300000011925,1.448799999952314,0.5831000000238475,1.5492000000476764,0.5993000000119366,0.5165000000000077,0.9993999999761343,0.48320000004767394,1.3491000000238387,0.5332999999523054,0.5490000000000066,0.49969999998808134,0.49989999997615087,0.6328999999761606,0.5833000000119171,0.49989999997615087,0.46649999999999636,0.5995000000000061,2.5979999999999848,0.46649999999999636]",0.785185242,3.0155,0.0,2.0,2.0,186.0,1.0,lang,glang,question_gesture.png,im_hand.png,,,,,,
,,,949265,1,21,2023-09-18_14h35.53.774,flesh_expressibility_dutch,2022.2.4,Win32,60.28454304,,,,21.0,1.0,Nederlands ,,,,,,Engels,0.0,,0.0,,0.0,,0.0,,0.0,,0.0,,0.0,,0.0,NL,6.0,2.0,2.0,5.0,,sensorypref1,sensorypref2,1280.0,720.0,,,,,,,,,,,,,,,,,,,,,,,,,,,,,,,,,,,15.0,239.2389,24.0,"[1.7318999999761786,0.6326999999880911,0.5329000000357667,5.162300000011925,1.4486999999880936,0.5831000000238475,1.5492000000476764,0.5993000000119366,0.5165000000000077,0.9992999999523136,0.4831000000238532,1.3489999999999895,0.5331999999880566,0.5488999999761575,0.49960000002383254,0.49979999995233015,0.6328999999761606,0.5833000000119171,0.49989999997615087,0.46649999999999636,0.5995000000000061,2.5979999999999848,0.46649999999999636,0.45010000002383777]","[1.7318999999761786,0.6326999999880911,0.5329000000357667,5.162300000011925,1.448799999952314,0.5831000000238475,1.5492000000476764,0.5993000000119366,0.5165000000000077,0.9993999999761343,0.48320000004767394,1.3491000000238387,0.5332999999523054,0.5490000000000066,0.49969999998808134,0.49989999997615087,0.6328999999761606,0.5833000000119171,0.49989999997615087,0.46649999999999636,0.5995000000000061,2.5979999999999848,0.46649999999999636,0.4501999999880866]",-0.7,3.3509,0.0,3.0,3.0,56.0,1.0,grommen,ggrommen,question_gesture.png,im_hand.png,,,,,,
,,,949265,1,21,2023-09-18_14h35.53.774,flesh_expressibility_dutch,2022.2.4,Win32,60.28454304,,,,21.0,1.0,Nederlands ,,,,,,Engels,0.0,,0.0,,0.0,,0.0,,0.0,,0.0,,0.0,,0.0,NL,6.0,2.0,2.0,5.0,,sensorypref1,sensorypref2,1280.0,720.0,,,,,,,,,,,,,,,,,,,,,,,,,,,,,,,,,,,12.0,243.1287,25.0,"[1.7318999999761786,0.6326999999880911,0.5329000000357667,5.162300000011925,1.4486999999880936,0.5831000000238475,1.5492000000476764,0.5993000000119366,0.5165000000000077,0.9992999999523136,0.4831000000238532,1.3489999999999895,0.5331999999880566,0.5488999999761575,0.49960000002383254,0.49979999995233015,0.6328999999761606,0.5833000000119171,0.49989999997615087,0.46649999999999636,0.5995000000000061,2.5979999999999848,0.46649999999999636,0.45010000002383777,0.8326000000238594]","[1.7318999999761786,0.6326999999880911,0.5329000000357667,5.162300000011925,1.448799999952314,0.5831000000238475,1.5492000000476764,0.5993000000119366,0.5165000000000077,0.9993999999761343,0.48320000004767394,1.3491000000238387,0.5332999999523054,0.5490000000000066,0.49969999998808134,0.49989999997615087,0.6328999999761606,0.5833000000119171,0.49989999997615087,0.46649999999999636,0.5995000000000061,2.5979999999999848,0.46649999999999636,0.4501999999880866,0.8326000000238594]",0.933333333,2.3183,0.0,4.0,4.0,53.0,1.0,gooien,ggooien,question_gesture.png,im_hand.png,,,,,,
,,,949265,1,21,2023-09-18_14h35.53.774,flesh_expressibility_dutch,2022.2.4,Win32,60.28454304,,,,21.0,1.0,Nederlands ,,,,,,Engels,0.0,,0.0,,0.0,,0.0,,0.0,,0.0,,0.0,,0.0,NL,6.0,2.0,2.0,5.0,,sensorypref1,sensorypref2,1280.0,720.0,,,,,,,,,,,,,,,,,,,,,,,,,,,,,,,,,,,14.0,246.3026,26.0,"[1.7318999999761786,0.6326999999880911,0.5329000000357667,5.162300000011925,1.4486999999880936,0.5831000000238475,1.5492000000476764,0.5993000000119366,0.5165000000000077,0.9992999999523136,0.4831000000238532,1.3489999999999895,0.5331999999880566,0.5488999999761575,0.49960000002383254,0.49979999995233015,0.6328999999761606,0.5833000000119171,0.49989999997615087,0.46649999999999636,0.5995000000000061,2.5979999999999848,0.46649999999999636,0.45010000002383777,0.8326000000238594,0.5996000000238553]","[1.7318999999761786,0.6326999999880911,0.5329000000357667,5.162300000011925,1.448799999952314,0.5831000000238475,1.5492000000476764,0.5993000000119366,0.5165000000000077,0.9993999999761343,0.48320000004767394,1.3491000000238387,0.5332999999523054,0.5490000000000066,0.49969999998808134,0.49989999997615087,0.6328999999761606,0.5833000000119171,0.49989999997615087,0.46649999999999636,0.5995000000000061,2.5979999999999848,0.46649999999999636,0.4501999999880866,0.8326000000238594,0.5996999999881325]",-0.492592536,3.9767,0.0,5.0,5.0,8.0,1.0,likken,glikken,question_gesture.png,im_hand.png,,,,,,
,,,949265,1,21,2023-09-18_14h35.53.774,flesh_expressibility_dutch,2022.2.4,Win32,60.28454304,,,,21.0,1.0,Nederlands ,,,,,,Engels,0.0,,0.0,,0.0,,0.0,,0.0,,0.0,,0.0,,0.0,NL,6.0,2.0,2.0,5.0,,sensorypref1,sensorypref2,1280.0,720.0,,,,,,,,,,,,,,,,,,,,,,,,,,,,,,,,,,,11.0,250.9138,27.0,"[1.7318999999761786,0.6326999999880911,0.5329000000357667,5.162300000011925,1.4486999999880936,0.5831000000238475,1.5492000000476764,0.5993000000119366,0.5165000000000077,0.9992999999523136,0.4831000000238532,1.3489999999999895,0.5331999999880566,0.5488999999761575,0.49960000002383254,0.49979999995233015,0.6328999999761606,0.5833000000119171,0.49989999997615087,0.46649999999999636,0.5995000000000061,2.5979999999999848,0.46649999999999636,0.45010000002383777,0.8326000000238594,0.5996000000238553,0.5663000000118927]","[1.7318999999761786,0.6326999999880911,0.5329000000357667,5.162300000011925,1.448799999952314,0.5831000000238475,1.5492000000476764,0.5993000000119366,0.5165000000000077,0.9993999999761343,0.48320000004767394,1.3491000000238387,0.5332999999523054,0.5490000000000066,0.49969999998808134,0.49989999997615087,0.6328999999761606,0.5833000000119171,0.49989999997615087,0.46649999999999636,0.5995000000000061,2.5979999999999848,0.46649999999999636,0.4501999999880866,0.8326000000238594,0.5996999999881325,0.5663000000118927]",-0.864814758,4.7576,0.0,6.0,6.0,136.0,1.0,komen,gkomen,question_gesture.png,im_hand.png,,,,,,
,,,949265,1,21,2023-09-18_14h35.53.774,flesh_expressibility_dutch,2022.2.4,Win32,60.28454304,,,,21.0,1.0,Nederlands ,,,,,,Engels,0.0,,0.0,,0.0,,0.0,,0.0,,0.0,,0.0,,0.0,NL,6.0,2.0,2.0,5.0,,sensorypref1,sensorypref2,1280.0,720.0,,,,,,,,,,,,,,,,,,,,,,,,,,,,,,,,,,,14.0,256.1899,28.0,"[1.7318999999761786,0.6326999999880911,0.5329000000357667,5.162300000011925,1.4486999999880936,0.5831000000238475,1.5492000000476764,0.5993000000119366,0.5165000000000077,0.9992999999523136,0.4831000000238532,1.3489999999999895,0.5331999999880566,0.5488999999761575,0.49960000002383254,0.49979999995233015,0.6328999999761606,0.5833000000119171,0.49989999997615087,0.46649999999999636,0.5995000000000061,2.5979999999999848,0.46649999999999636,0.45010000002383777,0.8326000000238594,0.5996000000238553,0.5663000000118927,0.9661000000238573]","[1.7318999999761786,0.6326999999880911,0.5329000000357667,5.162300000011925,1.448799999952314,0.5831000000238475,1.5492000000476764,0.5993000000119366,0.5165000000000077,0.9993999999761343,0.48320000004767394,1.3491000000238387,0.5332999999523054,0.5490000000000066,0.49969999998808134,0.49989999997615087,0.6328999999761606,0.5833000000119171,0.49989999997615087,0.46649999999999636,0.5995000000000061,2.5979999999999848,0.46649999999999636,0.4501999999880866,0.8326000000238594,0.5996999999881325,0.5663000000118927,0.9662000000477065]",0.903703817,2.873,0.0,7.0,7.0,172.0,1.0,één,géén,question_gesture.png,im_hand.png,,,,,,
,,,949265,1,21,2023-09-18_14h35.53.774,flesh_expressibility_dutch,2022.2.4,Win32,60.28454304,,,,21.0,1.0,Nederlands ,,,,,,Engels,0.0,,0.0,,0.0,,0.0,,0.0,,0.0,,0.0,,0.0,NL,6.0,2.0,2.0,5.0,,sensorypref1,sensorypref2,1280.0,720.0,,,,,,,,,,,,,,,,,,,,,,,,,,,,,,,,,,,17.0,259.9789,29.0,"[1.7318999999761786,0.6326999999880911,0.5329000000357667,5.162300000011925,1.4486999999880936,0.5831000000238475,1.5492000000476764,0.5993000000119366,0.5165000000000077,0.9992999999523136,0.4831000000238532,1.3489999999999895,0.5331999999880566,0.5488999999761575,0.49960000002383254,0.49979999995233015,0.6328999999761606,0.5833000000119171,0.49989999997615087,0.46649999999999636,0.5995000000000061,2.5979999999999848,0.46649999999999636,0.45010000002383777,0.8326000000238594,0.5996000000238553,0.5663000000118927,0.9661000000238573,4.16319999998808]","[1.7318999999761786,0.6326999999880911,0.5329000000357667,5.162300000011925,1.448799999952314,0.5831000000238475,1.5492000000476764,0.5993000000119366,0.5165000000000077,0.9993999999761343,0.48320000004767394,1.3491000000238387,0.5332999999523054,0.5490000000000066,0.49969999998808134,0.49989999997615087,0.6328999999761606,0.5833000000119171,0.49989999997615087,0.46649999999999636,0.5995000000000061,2.5979999999999848,0.46649999999999636,0.4501999999880866,0.8326000000238594,0.5996999999881325,0.5663000000118927,0.9662000000477065,4.16330000001193]",-0.946296268,6.4163,0.0,8.0,8.0,158.0,1.0,hout,ghout,question_gesture.png,im_hand.png,,,,,,
,,,949265,1,21,2023-09-18_14h35.53.774,flesh_expressibility_dutch,2022.2.4,Win32,60.28454304,,,,21.0,1.0,Nederlands ,,,,,,Engels,0.0,,0.0,,0.0,,0.0,,0.0,,0.0,,0.0,,0.0,NL,6.0,2.0,2.0,5.0,,sensorypref1,sensorypref2,1280.0,720.0,,,,,,,,,,,,,,,,,,,,,,,,,,,,,,,,,,,9.0,267.1946,30.0,"[1.7318999999761786,0.6326999999880911,0.5329000000357667,5.162300000011925,1.4486999999880936,0.5831000000238475,1.5492000000476764,0.5993000000119366,0.5165000000000077,0.9992999999523136,0.4831000000238532,1.3489999999999895,0.5331999999880566,0.5488999999761575,0.49960000002383254,0.49979999995233015,0.6328999999761606,0.5833000000119171,0.49989999997615087,0.46649999999999636,0.5995000000000061,2.5979999999999848,0.46649999999999636,0.45010000002383777,0.8326000000238594,0.5996000000238553,0.5663000000118927,0.9661000000238573,4.16319999998808,0.4993999999761627]","[1.7318999999761786,0.6326999999880911,0.5329000000357667,5.162300000011925,1.448799999952314,0.5831000000238475,1.5492000000476764,0.5993000000119366,0.5165000000000077,0.9993999999761343,0.48320000004767394,1.3491000000238387,0.5332999999523054,0.5490000000000066,0.49969999998808134,0.49989999997615087,0.6328999999761606,0.5833000000119171,0.49989999997615087,0.46649999999999636,0.5995000000000061,2.5979999999999848,0.46649999999999636,0.4501999999880866,0.8326000000238594,0.5996999999881325,0.5663000000118927,0.9662000000477065,4.16330000001193,0.4993999999761627]",-0.970370314,3.3521,0.0,9.0,9.0,174.0,1.0,staart,gstaart,question_gesture.png,im_hand.png,,,,,,
,,,949265,1,21,2023-09-18_14h35.53.774,flesh_expressibility_dutch,2022.2.4,Win32,60.28454304,,,,21.0,1.0,Nederlands ,,,,,,Engels,0.0,,0.0,,0.0,,0.0,,0.0,,0.0,,0.0,,0.0,NL,6.0,2.0,2.0,5.0,,sensorypref1,sensorypref2,1280.0,720.0,,,,,,,,,,,,,,,,,,,,,,,,,,,,,,,,,,,14.0,271.0855,31.0,"[1.7318999999761786,0.6326999999880911,0.5329000000357667,5.162300000011925,1.4486999999880936,0.5831000000238475,1.5492000000476764,0.5993000000119366,0.5165000000000077,0.9992999999523136,0.4831000000238532,1.3489999999999895,0.5331999999880566,0.5488999999761575,0.49960000002383254,0.49979999995233015,0.6328999999761606,0.5833000000119171,0.49989999997615087,0.46649999999999636,0.5995000000000061,2.5979999999999848,0.46649999999999636,0.45010000002383777,0.8326000000238594,0.5996000000238553,0.5663000000118927,0.9661000000238573,4.16319999998808,0.4993999999761627,0.4836999999880618]","[1.7318999999761786,0.6326999999880911,0.5329000000357667,5.162300000011925,1.448799999952314,0.5831000000238475,1.5492000000476764,0.5993000000119366,0.5165000000000077,0.9993999999761343,0.48320000004767394,1.3491000000238387,0.5332999999523054,0.5490000000000066,0.49969999998808134,0.49989999997615087,0.6328999999761606,0.5833000000119171,0.49989999997615087,0.46649999999999636,0.5995000000000061,2.5979999999999848,0.46649999999999636,0.4501999999880866,0.8326000000238594,0.5996999999881325,0.5663000000118927,0.9662000000477065,4.16330000001193,0.4993999999761627,0.4838000000119109]",-0.870370314,2.1077,0.0,10.0,10.0,138.0,1.0,gaan,ggaan,question_gesture.png,im_hand.png,,,,,,
,,,949265,1,21,2023-09-18_14h35.53.774,flesh_expressibility_dutch,2022.2.4,Win32,60.28454304,,,,21.0,1.0,Nederlands ,,,,,,Engels,0.0,,0.0,,0.0,,0.0,,0.0,,0.0,,0.0,,0.0,NL,6.0,2.0,2.0,5.0,,sensorypref1,sensorypref2,1280.0,720.0,,,,,,,,,,,,,,,,,,,,,,,,,,,,,,,,,,,15.0,273.7471,32.0,"[1.7318999999761786,0.6326999999880911,0.5329000000357667,5.162300000011925,1.4486999999880936,0.5831000000238475,1.5492000000476764,0.5993000000119366,0.5165000000000077,0.9992999999523136,0.4831000000238532,1.3489999999999895,0.5331999999880566,0.5488999999761575,0.49960000002383254,0.49979999995233015,0.6328999999761606,0.5833000000119171,0.49989999997615087,0.46649999999999636,0.5995000000000061,2.5979999999999848,0.46649999999999636,0.45010000002383777,0.8326000000238594,0.5996000000238553,0.5663000000118927,0.9661000000238573,4.16319999998808,0.4993999999761627,0.4836999999880618,0.43339999997613177]","[1.7318999999761786,0.6326999999880911,0.5329000000357667,5.162300000011925,1.448799999952314,0.5831000000238475,1.5492000000476764,0.5993000000119366,0.5165000000000077,0.9993999999761343,0.48320000004767394,1.3491000000238387,0.5332999999523054,0.5490000000000066,0.49969999998808134,0.49989999997615087,0.6328999999761606,0.5833000000119171,0.49989999997615087,0.46649999999999636,0.5995000000000061,2.5979999999999848,0.46649999999999636,0.4501999999880866,0.8326000000238594,0.5996999999881325,0.5663000000118927,0.9662000000477065,4.16330000001193,0.4993999999761627,0.4838000000119109,0.43339999997613177]",-0.837036981,2.6965,0.0,11.0,11.0,97.0,1.0,doen,gdoen,question_gesture.png,im_hand.png,,,,,,
,,,949265,1,21,2023-09-18_14h35.53.774,flesh_expressibility_dutch,2022.2.4,Win32,60.28454304,,,,21.0,1.0,Nederlands ,,,,,,Engels,0.0,,0.0,,0.0,,0.0,,0.0,,0.0,,0.0,,0.0,NL,6.0,2.0,2.0,5.0,,sensorypref1,sensorypref2,1280.0,720.0,,,,,,,,,,,,,,,,,,,,,,,,,,,,,,,,,,,15.0,276.8195,33.0,"[1.7318999999761786,0.6326999999880911,0.5329000000357667,5.162300000011925,1.4486999999880936,0.5831000000238475,1.5492000000476764,0.5993000000119366,0.5165000000000077,0.9992999999523136,0.4831000000238532,1.3489999999999895,0.5331999999880566,0.5488999999761575,0.49960000002383254,0.49979999995233015,0.6328999999761606,0.5833000000119171,0.49989999997615087,0.46649999999999636,0.5995000000000061,2.5979999999999848,0.46649999999999636,0.45010000002383777,0.8326000000238594,0.5996000000238553,0.5663000000118927,0.9661000000238573,4.16319999998808,0.4993999999761627,0.4836999999880618,0.43339999997613177,3.6306000000238896]","[1.7318999999761786,0.6326999999880911,0.5329000000357667,5.162300000011925,1.448799999952314,0.5831000000238475,1.5492000000476764,0.5993000000119366,0.5165000000000077,0.9993999999761343,0.48320000004767394,1.3491000000238387,0.5332999999523054,0.5490000000000066,0.49969999998808134,0.49989999997615087,0.6328999999761606,0.5833000000119171,0.49989999997615087,0.46649999999999636,0.5995000000000061,2.5979999999999848,0.46649999999999636,0.4501999999880866,0.8326000000238594,0.5996999999881325,0.5663000000118927,0.9662000000477065,4.16330000001193,0.4993999999761627,0.4838000000119109,0.43339999997613177,3.630700000047682]",-0.505555556,5.3185,0.0,12.0,12.0,85.0,1.0,boven,gboven,question_gesture.png,im_hand.png,,,,,,
,,,949265,1,21,2023-09-18_14h35.53.774,flesh_expressibility_dutch,2022.2.4,Win32,60.28454304,,,,21.0,1.0,Nederlands ,,,,,,Engels,0.0,,0.0,,0.0,,0.0,,0.0,,0.0,,0.0,,0.0,NL,6.0,2.0,2.0,5.0,,sensorypref1,sensorypref2,1280.0,720.0,,,,,,,,,,,,,,,,,,,,,,,,,,,,,,,,,,,15.0,283.3733,34.0,"[1.7318999999761786,0.6326999999880911,0.5329000000357667,5.162300000011925,1.4486999999880936,0.5831000000238475,1.5492000000476764,0.5993000000119366,0.5165000000000077,0.9992999999523136,0.4831000000238532,1.3489999999999895,0.5331999999880566,0.5488999999761575,0.49960000002383254,0.49979999995233015,0.6328999999761606,0.5833000000119171,0.49989999997615087,0.46649999999999636,0.5995000000000061,2.5979999999999848,0.46649999999999636,0.45010000002383777,0.8326000000238594,0.5996000000238553,0.5663000000118927,0.9661000000238573,4.16319999998808,0.4993999999761627,0.4836999999880618,0.43339999997613177,3.6306000000238896,1.6652000000477187]","[1.7318999999761786,0.6326999999880911,0.5329000000357667,5.162300000011925,1.448799999952314,0.5831000000238475,1.5492000000476764,0.5993000000119366,0.5165000000000077,0.9993999999761343,0.48320000004767394,1.3491000000238387,0.5332999999523054,0.5490000000000066,0.49969999998808134,0.49989999997615087,0.6328999999761606,0.5833000000119171,0.49989999997615087,0.46649999999999636,0.5995000000000061,2.5979999999999848,0.46649999999999636,0.4501999999880866,0.8326000000238594,0.5996999999881325,0.5663000000118927,0.9662000000477065,4.16330000001193,0.4993999999761627,0.4838000000119109,0.43339999997613177,3.630700000047682,1.6652000000477187]",-0.427777778,5.9855,0.0,13.0,13.0,109.0,1.0,tong,gtong,question_gesture.png,im_hand.png,,,,,,
,,,949265,1,21,2023-09-18_14h35.53.774,flesh_expressibility_dutch,2022.2.4,Win32,60.28454304,,,,21.0,1.0,Nederlands ,,,,,,Engels,0.0,,0.0,,0.0,,0.0,,0.0,,0.0,,0.0,,0.0,NL,6.0,2.0,2.0,5.0,,sensorypref1,sensorypref2,1280.0,720.0,,,,,,,,,,,,,,,,,,,,,,,,,,,,,,,,,,,11.0,289.9264,35.0,"[1.7318999999761786,0.6326999999880911,0.5329000000357667,5.162300000011925,1.4486999999880936,0.5831000000238475,1.5492000000476764,0.5993000000119366,0.5165000000000077,0.9992999999523136,0.4831000000238532,1.3489999999999895,0.5331999999880566,0.5488999999761575,0.49960000002383254,0.49979999995233015,0.6328999999761606,0.5833000000119171,0.49989999997615087,0.46649999999999636,0.5995000000000061,2.5979999999999848,0.46649999999999636,0.45010000002383777,0.8326000000238594,0.5996000000238553,0.5663000000118927,0.9661000000238573,4.16319999998808,0.4993999999761627,0.4836999999880618,0.43339999997613177,3.6306000000238896,1.6652000000477187,0.48269999998808544]","[1.7318999999761786,0.6326999999880911,0.5329000000357667,5.162300000011925,1.448799999952314,0.5831000000238475,1.5492000000476764,0.5993000000119366,0.5165000000000077,0.9993999999761343,0.48320000004767394,1.3491000000238387,0.5332999999523054,0.5490000000000066,0.49969999998808134,0.49989999997615087,0.6328999999761606,0.5833000000119171,0.49989999997615087,0.46649999999999636,0.5995000000000061,2.5979999999999848,0.46649999999999636,0.4501999999880866,0.8326000000238594,0.5996999999881325,0.5663000000118927,0.9662000000477065,4.16330000001193,0.4993999999761627,0.4838000000119109,0.43339999997613177,3.630700000047682,1.6652000000477187,0.48280000001193457]",-0.914814758,2.0023,0.0,14.0,14.0,187.0,1.0,dit,gdit,question_gesture.png,im_hand.png,,,,,,
,,,949265,1,21,2023-09-18_14h35.53.774,flesh_expressibility_dutch,2022.2.4,Win32,60.28454304,,,,21.0,1.0,Nederlands ,,,,,,Engels,0.0,,0.0,,0.0,,0.0,,0.0,,0.0,,0.0,,0.0,NL,6.0,2.0,2.0,5.0,,sensorypref1,sensorypref2,1280.0,720.0,,,,,,,,,,,,,,,,,,,,,,,,,,,,,,,,,,,16.0,292.3842,36.0,"[1.7318999999761786,0.6326999999880911,0.5329000000357667,5.162300000011925,1.4486999999880936,0.5831000000238475,1.5492000000476764,0.5993000000119366,0.5165000000000077,0.9992999999523136,0.4831000000238532,1.3489999999999895,0.5331999999880566,0.5488999999761575,0.49960000002383254,0.49979999995233015,0.6328999999761606,0.5833000000119171,0.49989999997615087,0.46649999999999636,0.5995000000000061,2.5979999999999848,0.46649999999999636,0.45010000002383777,0.8326000000238594,0.5996000000238553,0.5663000000118927,0.9661000000238573,4.16319999998808,0.4993999999761627,0.4836999999880618,0.43339999997613177,3.6306000000238896,1.6652000000477187,0.48269999998808544,0.6324000000357728]","[1.7318999999761786,0.6326999999880911,0.5329000000357667,5.162300000011925,1.448799999952314,0.5831000000238475,1.5492000000476764,0.5993000000119366,0.5165000000000077,0.9993999999761343,0.48320000004767394,1.3491000000238387,0.5332999999523054,0.5490000000000066,0.49969999998808134,0.49989999997615087,0.6328999999761606,0.5833000000119171,0.49989999997615087,0.46649999999999636,0.5995000000000061,2.5979999999999848,0.46649999999999636,0.4501999999880866,0.8326000000238594,0.5996999999881325,0.5663000000118927,0.9662000000477065,4.16330000001193,0.4993999999761627,0.4838000000119109,0.43339999997613177,3.630700000047682,1.6652000000477187,0.48280000001193457,0.6324999999999932]",-0.979629601,3.321,0.0,15.0,15.0,149.0,1.0,blazen,gblazen,question_gesture.png,im_hand.png,,,,,,
,,,949265,1,21,2023-09-18_14h35.53.774,flesh_expressibility_dutch,2022.2.4,Win32,60.28454304,,,,21.0,1.0,Nederlands ,,,,,,Engels,0.0,,0.0,,0.0,,0.0,,0.0,,0.0,,0.0,,0.0,NL,6.0,2.0,2.0,5.0,,sensorypref1,sensorypref2,1280.0,720.0,,,,,,,,,,,,,,,,,,,,,,,,,,,,,,,,,,,12.0,296.3767,37.0,"[1.7318999999761786,0.6326999999880911,0.5329000000357667,5.162300000011925,1.4486999999880936,0.5831000000238475,1.5492000000476764,0.5993000000119366,0.5165000000000077,0.9992999999523136,0.4831000000238532,1.3489999999999895,0.5331999999880566,0.5488999999761575,0.49960000002383254,0.49979999995233015,0.6328999999761606,0.5833000000119171,0.49989999997615087,0.46649999999999636,0.5995000000000061,2.5979999999999848,0.46649999999999636,0.45010000002383777,0.8326000000238594,0.5996000000238553,0.5663000000118927,0.9661000000238573,4.16319999998808,0.4993999999761627,0.4836999999880618,0.43339999997613177,3.6306000000238896,1.6652000000477187,0.48269999998808544,0.6324000000357728,0.7832000000476569]","[1.7318999999761786,0.6326999999880911,0.5329000000357667,5.162300000011925,1.448799999952314,0.5831000000238475,1.5492000000476764,0.5993000000119366,0.5165000000000077,0.9993999999761343,0.48320000004767394,1.3491000000238387,0.5332999999523054,0.5490000000000066,0.49969999998808134,0.49989999997615087,0.6328999999761606,0.5833000000119171,0.49989999997615087,0.46649999999999636,0.5995000000000061,2.5979999999999848,0.46649999999999636,0.4501999999880866,0.8326000000238594,0.5996999999881325,0.5663000000118927,0.9662000000477065,4.16330000001193,0.4993999999761627,0.4838000000119109,0.43339999997613177,3.630700000047682,1.6652000000477187,0.48280000001193457,0.6324999999999932,0.7832000000476569]",-0.935185157,2.1065,0.0,16.0,16.0,156.0,1.0,blad,gblad,question_gesture.png,im_hand.png,,,,,,
,,,949265,1,21,2023-09-18_14h35.53.774,flesh_expressibility_dutch,2022.2.4,Win32,60.28454304,,,,21.0,1.0,Nederlands ,,,,,,Engels,0.0,,0.0,,0.0,,0.0,,0.0,,0.0,,0.0,,0.0,NL,6.0,2.0,2.0,5.0,,sensorypref1,sensorypref2,1280.0,720.0,,,,,,,,,,,,,,,,,,,,,,,,,,,,,,,,,,,12.0,299.245,38.0,"[1.7318999999761786,0.6326999999880911,0.5329000000357667,5.162300000011925,1.4486999999880936,0.5831000000238475,1.5492000000476764,0.5993000000119366,0.5165000000000077,0.9992999999523136,0.4831000000238532,1.3489999999999895,0.5331999999880566,0.5488999999761575,0.49960000002383254,0.49979999995233015,0.6328999999761606,0.5833000000119171,0.49989999997615087,0.46649999999999636,0.5995000000000061,2.5979999999999848,0.46649999999999636,0.45010000002383777,0.8326000000238594,0.5996000000238553,0.5663000000118927,0.9661000000238573,4.16319999998808,0.4993999999761627,0.4836999999880618,0.43339999997613177,3.6306000000238896,1.6652000000477187,0.48269999998808544,0.6324000000357728,0.7832000000476569,0.9331999999880622]","[1.7318999999761786,0.6326999999880911,0.5329000000357667,5.162300000011925,1.448799999952314,0.5831000000238475,1.5492000000476764,0.5993000000119366,0.5165000000000077,0.9993999999761343,0.48320000004767394,1.3491000000238387,0.5332999999523054,0.5490000000000066,0.49969999998808134,0.49989999997615087,0.6328999999761606,0.5833000000119171,0.49989999997615087,0.46649999999999636,0.5995000000000061,2.5979999999999848,0.46649999999999636,0.4501999999880866,0.8326000000238594,0.5996999999881325,0.5663000000118927,0.9662000000477065,4.16330000001193,0.4993999999761627,0.4838000000119109,0.43339999997613177,3.630700000047682,1.6652000000477187,0.48280000001193457,0.6324999999999932,0.7832000000476569,0.9331999999880622]",-0.966666667,3.7829,0.0,17.0,17.0,104.0,1.0,luis,gluis,question_gesture.png,im_hand.png,,,,,,
,,,949265,1,21,2023-09-18_14h35.53.774,flesh_expressibility_dutch,2022.2.4,Win32,60.28454304,,,,21.0,1.0,Nederlands ,,,,,,Engels,0.0,,0.0,,0.0,,0.0,,0.0,,0.0,,0.0,,0.0,NL,6.0,2.0,2.0,5.0,,sensorypref1,sensorypref2,1280.0,720.0,,,,,,,,,,,,,,,,,,,,,,,,,,,,,,,,,,,21.0,303.9555,39.0,"[1.7318999999761786,0.6326999999880911,0.5329000000357667,5.162300000011925,1.4486999999880936,0.5831000000238475,1.5492000000476764,0.5993000000119366,0.5165000000000077,0.9992999999523136,0.4831000000238532,1.3489999999999895,0.5331999999880566,0.5488999999761575,0.49960000002383254,0.49979999995233015,0.6328999999761606,0.5833000000119171,0.49989999997615087,0.46649999999999636,0.5995000000000061,2.5979999999999848,0.46649999999999636,0.45010000002383777,0.8326000000238594,0.5996000000238553,0.5663000000118927,0.9661000000238573,4.16319999998808,0.4993999999761627,0.4836999999880618,0.43339999997613177,3.6306000000238896,1.6652000000477187,0.48269999998808544,0.6324000000357728,0.7832000000476569,0.9331999999880622,0.7827999999523172]","[1.7318999999761786,0.6326999999880911,0.5329000000357667,5.162300000011925,1.448799999952314,0.5831000000238475,1.5492000000476764,0.5993000000119366,0.5165000000000077,0.9993999999761343,0.48320000004767394,1.3491000000238387,0.5332999999523054,0.5490000000000066,0.49969999998808134,0.49989999997615087,0.6328999999761606,0.5833000000119171,0.49989999997615087,0.46649999999999636,0.5995000000000061,2.5979999999999848,0.46649999999999636,0.4501999999880866,0.8326000000238594,0.5996999999881325,0.5663000000118927,0.9662000000477065,4.16330000001193,0.4993999999761627,0.4838000000119109,0.43339999997613177,3.630700000047682,1.6652000000477187,0.48280000001193457,0.6324999999999932,0.7832000000476569,0.9331999999880622,0.7827999999523172]",-0.957407379,1.7844,0.0,18.0,18.0,111.0,1.0,rug,grug,question_gesture.png,im_hand.png,,,,,,
,,,949265,1,21,2023-09-18_14h35.53.774,flesh_expressibility_dutch,2022.2.4,Win32,60.28454304,,,,21.0,1.0,Nederlands ,,,,,,Engels,0.0,,0.0,,0.0,,0.0,,0.0,,0.0,,0.0,,0.0,NL,6.0,2.0,2.0,5.0,,sensorypref1,sensorypref2,1280.0,720.0,,,,,,,,,,,,,,,,,,,,,,,,,,,,,,,,,,,22.0,306.5147,39.0,"[1.7318999999761786,0.6326999999880911,0.5329000000357667,5.162300000011925,1.4486999999880936,0.5831000000238475,1.5492000000476764,0.5993000000119366,0.5165000000000077,0.9992999999523136,0.4831000000238532,1.3489999999999895,0.5331999999880566,0.5488999999761575,0.49960000002383254,0.49979999995233015,0.6328999999761606,0.5833000000119171,0.49989999997615087,0.46649999999999636,0.5995000000000061,2.5979999999999848,0.46649999999999636,0.45010000002383777,0.8326000000238594,0.5996000000238553,0.5663000000118927,0.9661000000238573,4.16319999998808,0.4993999999761627,0.4836999999880618,0.43339999997613177,3.6306000000238896,1.6652000000477187,0.48269999998808544,0.6324000000357728,0.7832000000476569,0.9331999999880622,0.7827999999523172]","[1.7318999999761786,0.6326999999880911,0.5329000000357667,5.162300000011925,1.448799999952314,0.5831000000238475,1.5492000000476764,0.5993000000119366,0.5165000000000077,0.9993999999761343,0.48320000004767394,1.3491000000238387,0.5332999999523054,0.5490000000000066,0.49969999998808134,0.49989999997615087,0.6328999999761606,0.5833000000119171,0.49989999997615087,0.46649999999999636,0.5995000000000061,2.5979999999999848,0.46649999999999636,0.4501999999880866,0.8326000000238594,0.5996999999881325,0.5663000000118927,0.9662000000477065,4.16330000001193,0.4993999999761627,0.4838000000119109,0.43339999997613177,3.630700000047682,1.6652000000477187,0.48280000001193457,0.6324999999999932,0.7832000000476569,0.9331999999880622,0.7827999999523172]",,,0.0,19.0,19.0,43.0,1.0,rivier,grivier,question_gesture.png,im_hand.png,,,,,,
,,,949265,1,21,2023-09-18_14h35.53.774,flesh_expressibility_dutch,2022.2.4,Win32,60.28454304,,,,21.0,1.0,Nederlands ,,,,,,Engels,0.0,,0.0,,0.0,,0.0,,0.0,,0.0,,0.0,,0.0,NL,6.0,2.0,2.0,5.0,,sensorypref1,sensorypref2,1280.0,720.0,,,,,,,,,,,,,,,,,,,,,,,,,,,,,,,,,,,17.0,307.5394,40.0,"[1.7318999999761786,0.6326999999880911,0.5329000000357667,5.162300000011925,1.4486999999880936,0.5831000000238475,1.5492000000476764,0.5993000000119366,0.5165000000000077,0.9992999999523136,0.4831000000238532,1.3489999999999895,0.5331999999880566,0.5488999999761575,0.49960000002383254,0.49979999995233015,0.6328999999761606,0.5833000000119171,0.49989999997615087,0.46649999999999636,0.5995000000000061,2.5979999999999848,0.46649999999999636,0.45010000002383777,0.8326000000238594,0.5996000000238553,0.5663000000118927,0.9661000000238573,4.16319999998808,0.4993999999761627,0.4836999999880618,0.43339999997613177,3.6306000000238896,1.6652000000477187,0.48269999998808544,0.6324000000357728,0.7832000000476569,0.9331999999880622,0.7827999999523172,1.06610000002388]","[1.7318999999761786,0.6326999999880911,0.5329000000357667,5.162300000011925,1.448799999952314,0.5831000000238475,1.5492000000476764,0.5993000000119366,0.5165000000000077,0.9993999999761343,0.48320000004767394,1.3491000000238387,0.5332999999523054,0.5490000000000066,0.49969999998808134,0.49989999997615087,0.6328999999761606,0.5833000000119171,0.49989999997615087,0.46649999999999636,0.5995000000000061,2.5979999999999848,0.46649999999999636,0.4501999999880866,0.8326000000238594,0.5996999999881325,0.5663000000118927,0.9662000000477065,4.16330000001193,0.4993999999761627,0.4838000000119109,0.43339999997613177,3.630700000047682,1.6652000000477187,0.48280000001193457,0.6324999999999932,0.7832000000476569,0.9331999999880622,0.7827999999523172,1.0661999999881004]",-0.940740712,2.7403,0.0,20.0,20.0,10.0,1.0,strak,gstrak,question_gesture.png,im_hand.png,,,,,,
,,,949265,1,21,2023-09-18_14h35.53.774,flesh_expressibility_dutch,2022.2.4,Win32,60.28454304,,,,21.0,1.0,Nederlands ,,,,,,Engels,0.0,,0.0,,0.0,,0.0,,0.0,,0.0,,0.0,,0.0,NL,6.0,2.0,2.0,5.0,,sensorypref1,sensorypref2,1280.0,720.0,,,,,,,,,,,,,,,,,,,,,,,,,,,,,3.0,"[137.66489999997614,221.59009999996422,318.7765999999643]","[137.665,221.59019999998807,318.7766999999881]",3.0,"[139.4725,222.73709999996424,320.8896999999881]","[139.47259999996425,222.73719999998806,320.8898000000119]",19.0,322.2849,41.0,"[1.7318999999761786,0.6326999999880911,0.5329000000357667,5.162300000011925,1.4486999999880936,0.5831000000238475,1.5492000000476764,0.5993000000119366,0.5165000000000077,0.9992999999523136,0.4831000000238532,1.3489999999999895,0.5331999999880566,0.5488999999761575,0.49960000002383254,0.49979999995233015,0.6328999999761606,0.5833000000119171,0.49989999997615087,0.46649999999999636,0.5995000000000061,2.5979999999999848,0.46649999999999636,0.45010000002383777,0.8326000000238594,0.5996000000238553,0.5663000000118927,0.9661000000238573,4.16319999998808,0.4993999999761627,0.4836999999880618,0.43339999997613177,3.6306000000238896,1.6652000000477187,0.48269999998808544,0.6324000000357728,0.7832000000476569,0.9331999999880622,0.7827999999523172,1.06610000002388,1.5989999999999895]","[1.7318999999761786,0.6326999999880911,0.5329000000357667,5.162300000011925,1.448799999952314,0.5831000000238475,1.5492000000476764,0.5993000000119366,0.5165000000000077,0.9993999999761343,0.48320000004767394,1.3491000000238387,0.5332999999523054,0.5490000000000066,0.49969999998808134,0.49989999997615087,0.6328999999761606,0.5833000000119171,0.49989999997615087,0.46649999999999636,0.5995000000000061,2.5979999999999848,0.46649999999999636,0.4501999999880866,0.8326000000238594,0.5996999999881325,0.5663000000118927,0.9662000000477065,4.16330000001193,0.4993999999761627,0.4838000000119109,0.43339999997613177,3.630700000047682,1.6652000000477187,0.48280000001193457,0.6324999999999932,0.7832000000476569,0.9331999999880622,0.7827999999523172,1.0661999999881004,1.5991000000238387]",-0.916666667,3.8928,0.0,0.0,0.0,15.0,1.0,geel,mgeel,question_multimodal.png,im_combination.png,,,,,,
,,,949265,1,21,2023-09-18_14h35.53.774,flesh_expressibility_dutch,2022.2.4,Win32,60.28454304,,,,21.0,1.0,Nederlands ,,,,,,Engels,0.0,,0.0,,0.0,,0.0,,0.0,,0.0,,0.0,,0.0,NL,6.0,2.0,2.0,5.0,,sensorypref1,sensorypref2,1280.0,720.0,,,,,,,,,,,,,,,,,,,,,,,,,,,,,,,,,,,11.0,327.8141,42.0,"[1.7318999999761786,0.6326999999880911,0.5329000000357667,5.162300000011925,1.4486999999880936,0.5831000000238475,1.5492000000476764,0.5993000000119366,0.5165000000000077,0.9992999999523136,0.4831000000238532,1.3489999999999895,0.5331999999880566,0.5488999999761575,0.49960000002383254,0.49979999995233015,0.6328999999761606,0.5833000000119171,0.49989999997615087,0.46649999999999636,0.5995000000000061,2.5979999999999848,0.46649999999999636,0.45010000002383777,0.8326000000238594,0.5996000000238553,0.5663000000118927,0.9661000000238573,4.16319999998808,0.4993999999761627,0.4836999999880618,0.43339999997613177,3.6306000000238896,1.6652000000477187,0.48269999998808544,0.6324000000357728,0.7832000000476569,0.9331999999880622,0.7827999999523172,1.06610000002388,1.5989999999999895,0.5326000000238764]","[1.7318999999761786,0.6326999999880911,0.5329000000357667,5.162300000011925,1.448799999952314,0.5831000000238475,1.5492000000476764,0.5993000000119366,0.5165000000000077,0.9993999999761343,0.48320000004767394,1.3491000000238387,0.5332999999523054,0.5490000000000066,0.49969999998808134,0.49989999997615087,0.6328999999761606,0.5833000000119171,0.49989999997615087,0.46649999999999636,0.5995000000000061,2.5979999999999848,0.46649999999999636,0.4501999999880866,0.8326000000238594,0.5996999999881325,0.5663000000118927,0.9662000000477065,4.16330000001193,0.4993999999761627,0.4838000000119109,0.43339999997613177,3.630700000047682,1.6652000000477187,0.48280000001193457,0.6324999999999932,0.7832000000476569,0.9331999999880622,0.7827999999523172,1.0661999999881004,1.5991000000238387,0.5326999999880968]",0.551851908,5.9302,0.0,1.0,1.0,47.0,1.0,kruipen,mkruipen,question_multimodal.png,im_combination.png,,,,,,
,,,949265,1,21,2023-09-18_14h35.53.774,flesh_expressibility_dutch,2022.2.4,Win32,60.28454304,,,,21.0,1.0,Nederlands ,,,,,,Engels,0.0,,0.0,,0.0,,0.0,,0.0,,0.0,,0.0,,0.0,NL,6.0,2.0,2.0,5.0,,sensorypref1,sensorypref2,1280.0,720.0,,,,,,,,,,,,,,,,,,,,,,,,,,,,,,,,,,,16.0,334.2635,43.0,"[1.7318999999761786,0.6326999999880911,0.5329000000357667,5.162300000011925,1.4486999999880936,0.5831000000238475,1.5492000000476764,0.5993000000119366,0.5165000000000077,0.9992999999523136,0.4831000000238532,1.3489999999999895,0.5331999999880566,0.5488999999761575,0.49960000002383254,0.49979999995233015,0.6328999999761606,0.5833000000119171,0.49989999997615087,0.46649999999999636,0.5995000000000061,2.5979999999999848,0.46649999999999636,0.45010000002383777,0.8326000000238594,0.5996000000238553,0.5663000000118927,0.9661000000238573,4.16319999998808,0.4993999999761627,0.4836999999880618,0.43339999997613177,3.6306000000238896,1.6652000000477187,0.48269999998808544,0.6324000000357728,0.7832000000476569,0.9331999999880622,0.7827999999523172,1.06610000002388,1.5989999999999895,0.5326000000238764,0.4830000000000041]","[1.7318999999761786,0.6326999999880911,0.5329000000357667,5.162300000011925,1.448799999952314,0.5831000000238475,1.5492000000476764,0.5993000000119366,0.5165000000000077,0.9993999999761343,0.48320000004767394,1.3491000000238387,0.5332999999523054,0.5490000000000066,0.49969999998808134,0.49989999997615087,0.6328999999761606,0.5833000000119171,0.49989999997615087,0.46649999999999636,0.5995000000000061,2.5979999999999848,0.46649999999999636,0.4501999999880866,0.8326000000238594,0.5996999999881325,0.5663000000118927,0.9662000000477065,4.16330000001193,0.4993999999761627,0.4838000000119109,0.43339999997613177,3.630700000047682,1.6652000000477187,0.48280000001193457,0.6324999999999932,0.7832000000476569,0.9331999999880622,0.7827999999523172,1.0661999999881004,1.5991000000238387,0.5326999999880968,0.4830999999642245]",-0.901851824,2.3021,0.0,2.0,2.0,112.0,1.0,bloed,mbloed,question_multimodal.png,im_combination.png,,,,,,
,,,949265,1,21,2023-09-18_14h35.53.774,flesh_expressibility_dutch,2022.2.4,Win32,60.28454304,,,,21.0,1.0,Nederlands ,,,,,,Engels,0.0,,0.0,,0.0,,0.0,,0.0,,0.0,,0.0,,0.0,NL,6.0,2.0,2.0,5.0,,sensorypref1,sensorypref2,1280.0,720.0,,,,,,,,,,,,,,,,,,,,,,,,,,,,,,,,,,,8.0,337.1344,44.0,"[1.7318999999761786,0.6326999999880911,0.5329000000357667,5.162300000011925,1.4486999999880936,0.5831000000238475,1.5492000000476764,0.5993000000119366,0.5165000000000077,0.9992999999523136,0.4831000000238532,1.3489999999999895,0.5331999999880566,0.5488999999761575,0.49960000002383254,0.49979999995233015,0.6328999999761606,0.5833000000119171,0.49989999997615087,0.46649999999999636,0.5995000000000061,2.5979999999999848,0.46649999999999636,0.45010000002383777,0.8326000000238594,0.5996000000238553,0.5663000000118927,0.9661000000238573,4.16319999998808,0.4993999999761627,0.4836999999880618,0.43339999997613177,3.6306000000238896,1.6652000000477187,0.48269999998808544,0.6324000000357728,0.7832000000476569,0.9331999999880622,0.7827999999523172,1.06610000002388,1.5989999999999895,0.5326000000238764,0.4830000000000041,0.5155000000000314]","[1.7318999999761786,0.6326999999880911,0.5329000000357667,5.162300000011925,1.448799999952314,0.5831000000238475,1.5492000000476764,0.5993000000119366,0.5165000000000077,0.9993999999761343,0.48320000004767394,1.3491000000238387,0.5332999999523054,0.5490000000000066,0.49969999998808134,0.49989999997615087,0.6328999999761606,0.5833000000119171,0.49989999997615087,0.46649999999999636,0.5995000000000061,2.5979999999999848,0.46649999999999636,0.4501999999880866,0.8326000000238594,0.5996999999881325,0.5663000000118927,0.9662000000477065,4.16330000001193,0.4993999999761627,0.4838000000119109,0.43339999997613177,3.630700000047682,1.6652000000477187,0.48280000001193457,0.6324999999999932,0.7832000000476569,0.9331999999880622,0.7827999999523172,1.0661999999881004,1.5991000000238387,0.5326999999880968,0.4830999999642245,0.5155000000000314]",0.401851908,4.47,0.0,3.0,3.0,170.0,1.0,groot,mgroot,question_multimodal.png,im_combination.png,,,,,,
,,,949265,1,21,2023-09-18_14h35.53.774,flesh_expressibility_dutch,2022.2.4,Win32,60.28454304,,,,21.0,1.0,Nederlands ,,,,,,Engels,0.0,,0.0,,0.0,,0.0,,0.0,,0.0,,0.0,,0.0,NL,6.0,2.0,2.0,5.0,,sensorypref1,sensorypref2,1280.0,720.0,,,,,,,,,,,,,,,,,,,,,,,,,,,,,,,,,,,15.0,342.0479,45.0,"[1.7318999999761786,0.6326999999880911,0.5329000000357667,5.162300000011925,1.4486999999880936,0.5831000000238475,1.5492000000476764,0.5993000000119366,0.5165000000000077,0.9992999999523136,0.4831000000238532,1.3489999999999895,0.5331999999880566,0.5488999999761575,0.49960000002383254,0.49979999995233015,0.6328999999761606,0.5833000000119171,0.49989999997615087,0.46649999999999636,0.5995000000000061,2.5979999999999848,0.46649999999999636,0.45010000002383777,0.8326000000238594,0.5996000000238553,0.5663000000118927,0.9661000000238573,4.16319999998808,0.4993999999761627,0.4836999999880618,0.43339999997613177,3.6306000000238896,1.6652000000477187,0.48269999998808544,0.6324000000357728,0.7832000000476569,0.9331999999880622,0.7827999999523172,1.06610000002388,1.5989999999999895,0.5326000000238764,0.4830000000000041,0.5155000000000314,1.0489999999999782]","[1.7318999999761786,0.6326999999880911,0.5329000000357667,5.162300000011925,1.448799999952314,0.5831000000238475,1.5492000000476764,0.5993000000119366,0.5165000000000077,0.9993999999761343,0.48320000004767394,1.3491000000238387,0.5332999999523054,0.5490000000000066,0.49969999998808134,0.49989999997615087,0.6328999999761606,0.5833000000119171,0.49989999997615087,0.46649999999999636,0.5995000000000061,2.5979999999999848,0.46649999999999636,0.4501999999880866,0.8326000000238594,0.5996999999881325,0.5663000000118927,0.9662000000477065,4.16330000001193,0.4993999999761627,0.4838000000119109,0.43339999997613177,3.630700000047682,1.6652000000477187,0.48280000001193457,0.6324999999999932,0.7832000000476569,0.9331999999880622,0.7827999999523172,1.0661999999881004,1.5991000000238387,0.5326999999880968,0.4830999999642245,0.5155000000000314,1.0491000000238273]",-0.509259203,2.6551,0.0,4.0,4.0,183.0,1.0,jij,mjij,question_multimodal.png,im_combination.png,,,,,,
,,,949265,1,21,2023-09-18_14h35.53.774,flesh_expressibility_dutch,2022.2.4,Win32,60.28454304,,,,21.0,1.0,Nederlands ,,,,,,Engels,0.0,,0.0,,0.0,,0.0,,0.0,,0.0,,0.0,,0.0,NL,6.0,2.0,2.0,5.0,,sensorypref1,sensorypref2,1280.0,720.0,,,,,,,,,,,,,,,,,,,,,,,,,,,,,,,,,,,20.0,345.8347,46.0,"[1.7318999999761786,0.6326999999880911,0.5329000000357667,5.162300000011925,1.4486999999880936,0.5831000000238475,1.5492000000476764,0.5993000000119366,0.5165000000000077,0.9992999999523136,0.4831000000238532,1.3489999999999895,0.5331999999880566,0.5488999999761575,0.49960000002383254,0.49979999995233015,0.6328999999761606,0.5833000000119171,0.49989999997615087,0.46649999999999636,0.5995000000000061,2.5979999999999848,0.46649999999999636,0.45010000002383777,0.8326000000238594,0.5996000000238553,0.5663000000118927,0.9661000000238573,4.16319999998808,0.4993999999761627,0.4836999999880618,0.43339999997613177,3.6306000000238896,1.6652000000477187,0.48269999998808544,0.6324000000357728,0.7832000000476569,0.9331999999880622,0.7827999999523172,1.06610000002388,1.5989999999999895,0.5326000000238764,0.4830000000000041,0.5155000000000314,1.0489999999999782,0.7493000000119423]","[1.7318999999761786,0.6326999999880911,0.5329000000357667,5.162300000011925,1.448799999952314,0.5831000000238475,1.5492000000476764,0.5993000000119366,0.5165000000000077,0.9993999999761343,0.48320000004767394,1.3491000000238387,0.5332999999523054,0.5490000000000066,0.49969999998808134,0.49989999997615087,0.6328999999761606,0.5833000000119171,0.49989999997615087,0.46649999999999636,0.5995000000000061,2.5979999999999848,0.46649999999999636,0.4501999999880866,0.8326000000238594,0.5996999999881325,0.5663000000118927,0.9662000000477065,4.16330000001193,0.4993999999761627,0.4838000000119109,0.43339999997613177,3.630700000047682,1.6652000000477187,0.48280000001193457,0.6324999999999932,0.7832000000476569,0.9331999999880622,0.7827999999523172,1.0661999999881004,1.5991000000238387,0.5326999999880968,0.4830999999642245,0.5155000000000314,1.0491000000238273,0.7493000000119423]",0.640740797,4.2382,0.0,5.0,5.0,186.0,1.0,lang,mlang,question_multimodal.png,im_combination.png,,,,,,
,,,949265,1,21,2023-09-18_14h35.53.774,flesh_expressibility_dutch,2022.2.4,Win32,60.28454304,,,,21.0,1.0,Nederlands ,,,,,,Engels,0.0,,0.0,,0.0,,0.0,,0.0,,0.0,,0.0,,0.0,NL,6.0,2.0,2.0,5.0,,sensorypref1,sensorypref2,1280.0,720.0,,,,,,,,,,,,,,,,,,,,,,,,,,,,,,,,,,,14.0,350.8543,47.0,"[1.7318999999761786,0.6326999999880911,0.5329000000357667,5.162300000011925,1.4486999999880936,0.5831000000238475,1.5492000000476764,0.5993000000119366,0.5165000000000077,0.9992999999523136,0.4831000000238532,1.3489999999999895,0.5331999999880566,0.5488999999761575,0.49960000002383254,0.49979999995233015,0.6328999999761606,0.5833000000119171,0.49989999997615087,0.46649999999999636,0.5995000000000061,2.5979999999999848,0.46649999999999636,0.45010000002383777,0.8326000000238594,0.5996000000238553,0.5663000000118927,0.9661000000238573,4.16319999998808,0.4993999999761627,0.4836999999880618,0.43339999997613177,3.6306000000238896,1.6652000000477187,0.48269999998808544,0.6324000000357728,0.7832000000476569,0.9331999999880622,0.7827999999523172,1.06610000002388,1.5989999999999895,0.5326000000238764,0.4830000000000041,0.5155000000000314,1.0489999999999782,0.7493000000119423,0.4660999999642286]","[1.7318999999761786,0.6326999999880911,0.5329000000357667,5.162300000011925,1.448799999952314,0.5831000000238475,1.5492000000476764,0.5993000000119366,0.5165000000000077,0.9993999999761343,0.48320000004767394,1.3491000000238387,0.5332999999523054,0.5490000000000066,0.49969999998808134,0.49989999997615087,0.6328999999761606,0.5833000000119171,0.49989999997615087,0.46649999999999636,0.5995000000000061,2.5979999999999848,0.46649999999999636,0.4501999999880866,0.8326000000238594,0.5996999999881325,0.5663000000118927,0.9662000000477065,4.16330000001193,0.4993999999761627,0.4838000000119109,0.43339999997613177,3.630700000047682,1.6652000000477187,0.48280000001193457,0.6324999999999932,0.7832000000476569,0.9331999999880622,0.7827999999523172,1.0661999999881004,1.5991000000238387,0.5326999999880968,0.4830999999642245,0.5155000000000314,1.0491000000238273,0.7493000000119423,0.4661999999880777]",-0.942592536,1.8193,0.0,6.0,6.0,16.0,1.0,alles,malles,question_multimodal.png,im_combination.png,,,,,,
,,,949265,1,21,2023-09-18_14h35.53.774,flesh_expressibility_dutch,2022.2.4,Win32,60.28454304,,,,21.0,1.0,Nederlands ,,,,,,Engels,0.0,,0.0,,0.0,,0.0,,0.0,,0.0,,0.0,,0.0,NL,6.0,2.0,2.0,5.0,,sensorypref1,sensorypref2,1280.0,720.0,,,,,,,,,,,,,,,,,,,,,,,,,,,,,,,,,,,13.0,353.1068,48.0,"[1.7318999999761786,0.6326999999880911,0.5329000000357667,5.162300000011925,1.4486999999880936,0.5831000000238475,1.5492000000476764,0.5993000000119366,0.5165000000000077,0.9992999999523136,0.4831000000238532,1.3489999999999895,0.5331999999880566,0.5488999999761575,0.49960000002383254,0.49979999995233015,0.6328999999761606,0.5833000000119171,0.49989999997615087,0.46649999999999636,0.5995000000000061,2.5979999999999848,0.46649999999999636,0.45010000002383777,0.8326000000238594,0.5996000000238553,0.5663000000118927,0.9661000000238573,4.16319999998808,0.4993999999761627,0.4836999999880618,0.43339999997613177,3.6306000000238896,1.6652000000477187,0.48269999998808544,0.6324000000357728,0.7832000000476569,0.9331999999880622,0.7827999999523172,1.06610000002388,1.5989999999999895,0.5326000000238764,0.4830000000000041,0.5155000000000314,1.0489999999999782,0.7493000000119423,0.4660999999642286,1.015699999988101]","[1.7318999999761786,0.6326999999880911,0.5329000000357667,5.162300000011925,1.448799999952314,0.5831000000238475,1.5492000000476764,0.5993000000119366,0.5165000000000077,0.9993999999761343,0.48320000004767394,1.3491000000238387,0.5332999999523054,0.5490000000000066,0.49969999998808134,0.49989999997615087,0.6328999999761606,0.5833000000119171,0.49989999997615087,0.46649999999999636,0.5995000000000061,2.5979999999999848,0.46649999999999636,0.4501999999880866,0.8326000000238594,0.5996999999881325,0.5663000000118927,0.9662000000477065,4.16330000001193,0.4993999999761627,0.4838000000119109,0.43339999997613177,3.630700000047682,1.6652000000477187,0.48280000001193457,0.6324999999999932,0.7832000000476569,0.9331999999880622,0.7827999999523172,1.0661999999881004,1.5991000000238387,0.5326999999880968,0.4830999999642245,0.5155000000000314,1.0491000000238273,0.7493000000119423,0.4661999999880777,1.0158999999761704]",0.694444444,2.971,0.0,7.0,7.0,173.0,1.0,klein,mklein,question_multimodal.png,im_combination.png,,,,,,
,,,949265,1,21,2023-09-18_14h35.53.774,flesh_expressibility_dutch,2022.2.4,Win32,60.28454304,,,,21.0,1.0,Nederlands ,,,,,,Engels,0.0,,0.0,,0.0,,0.0,,0.0,,0.0,,0.0,,0.0,NL,6.0,2.0,2.0,5.0,,sensorypref1,sensorypref2,1280.0,720.0,,,,,,,,,,,,,,,,,,,,,,,,,,,,,,,,,,,13.0,356.5887,49.0,"[1.7318999999761786,0.6326999999880911,0.5329000000357667,5.162300000011925,1.4486999999880936,0.5831000000238475,1.5492000000476764,0.5993000000119366,0.5165000000000077,0.9992999999523136,0.4831000000238532,1.3489999999999895,0.5331999999880566,0.5488999999761575,0.49960000002383254,0.49979999995233015,0.6328999999761606,0.5833000000119171,0.49989999997615087,0.46649999999999636,0.5995000000000061,2.5979999999999848,0.46649999999999636,0.45010000002383777,0.8326000000238594,0.5996000000238553,0.5663000000118927,0.9661000000238573,4.16319999998808,0.4993999999761627,0.4836999999880618,0.43339999997613177,3.6306000000238896,1.6652000000477187,0.48269999998808544,0.6324000000357728,0.7832000000476569,0.9331999999880622,0.7827999999523172,1.06610000002388,1.5989999999999895,0.5326000000238764,0.4830000000000041,0.5155000000000314,1.0489999999999782,0.7493000000119423,0.4660999999642286,1.015699999988101,4.896100000023864]","[1.7318999999761786,0.6326999999880911,0.5329000000357667,5.162300000011925,1.448799999952314,0.5831000000238475,1.5492000000476764,0.5993000000119366,0.5165000000000077,0.9993999999761343,0.48320000004767394,1.3491000000238387,0.5332999999523054,0.5490000000000066,0.49969999998808134,0.49989999997615087,0.6328999999761606,0.5833000000119171,0.49989999997615087,0.46649999999999636,0.5995000000000061,2.5979999999999848,0.46649999999999636,0.4501999999880866,0.8326000000238594,0.5996999999881325,0.5663000000118927,0.9662000000477065,4.16330000001193,0.4993999999761627,0.4838000000119109,0.43339999997613177,3.630700000047682,1.6652000000477187,0.48280000001193457,0.6324999999999932,0.7832000000476569,0.9331999999880622,0.7827999999523172,1.0661999999881004,1.5991000000238387,0.5326999999880968,0.4830999999642245,0.5155000000000314,1.0491000000238273,0.7493000000119423,0.4661999999880777,1.0158999999761704,4.896100000023864]",0.142592706,6.2827,0.0,8.0,8.0,188.0,1.0,verstoppen,mverstoppen,question_multimodal.png,im_combination.png,,,,,,
,,,949265,1,21,2023-09-18_14h35.53.774,flesh_expressibility_dutch,2022.2.4,Win32,60.28454304,,,,21.0,1.0,Nederlands ,,,,,,Engels,0.0,,0.0,,0.0,,0.0,,0.0,,0.0,,0.0,,0.0,NL,6.0,2.0,2.0,5.0,,sensorypref1,sensorypref2,1280.0,720.0,,,,,,,,,,,,,,,,,,,,,,,,,,,,,,,,,,,18.0,363.5518,50.0,"[1.7318999999761786,0.6326999999880911,0.5329000000357667,5.162300000011925,1.4486999999880936,0.5831000000238475,1.5492000000476764,0.5993000000119366,0.5165000000000077,0.9992999999523136,0.4831000000238532,1.3489999999999895,0.5331999999880566,0.5488999999761575,0.49960000002383254,0.49979999995233015,0.6328999999761606,0.5833000000119171,0.49989999997615087,0.46649999999999636,0.5995000000000061,2.5979999999999848,0.46649999999999636,0.45010000002383777,0.8326000000238594,0.5996000000238553,0.5663000000118927,0.9661000000238573,4.16319999998808,0.4993999999761627,0.4836999999880618,0.43339999997613177,3.6306000000238896,1.6652000000477187,0.48269999998808544,0.6324000000357728,0.7832000000476569,0.9331999999880622,0.7827999999523172,1.06610000002388,1.5989999999999895,0.5326000000238764,0.4830000000000041,0.5155000000000314,1.0489999999999782,0.7493000000119423,0.4660999999642286,1.015699999988101,4.896100000023864,2.7641000000238023]","[1.7318999999761786,0.6326999999880911,0.5329000000357667,5.162300000011925,1.448799999952314,0.5831000000238475,1.5492000000476764,0.5993000000119366,0.5165000000000077,0.9993999999761343,0.48320000004767394,1.3491000000238387,0.5332999999523054,0.5490000000000066,0.49969999998808134,0.49989999997615087,0.6328999999761606,0.5833000000119171,0.49989999997615087,0.46649999999999636,0.5995000000000061,2.5979999999999848,0.46649999999999636,0.4501999999880866,0.8326000000238594,0.5996999999881325,0.5663000000118927,0.9662000000477065,4.16330000001193,0.4993999999761627,0.4838000000119109,0.43339999997613177,3.630700000047682,1.6652000000477187,0.48280000001193457,0.6324999999999932,0.7832000000476569,0.9331999999880622,0.7827999999523172,1.0661999999881004,1.5991000000238387,0.5326999999880968,0.4830999999642245,0.5155000000000314,1.0491000000238273,0.7493000000119423,0.4661999999880777,1.0158999999761704,4.896100000023864,2.7641000000238023]",-0.024073961,3.2932,0.0,9.0,9.0,96.0,1.0,verbranden,mverbranden,question_multimodal.png,im_combination.png,,,,,,
,,,949265,1,21,2023-09-18_14h35.53.774,flesh_expressibility_dutch,2022.2.4,Win32,60.28454304,,,,21.0,1.0,Nederlands ,,,,,,Engels,0.0,,0.0,,0.0,,0.0,,0.0,,0.0,,0.0,,0.0,NL,6.0,2.0,2.0,5.0,,sensorypref1,sensorypref2,1280.0,720.0,,,,,,,,,,,,,,,,,,,,,,,,,,,,,,,,,,,14.0,367.9537,51.0,"[1.7318999999761786,0.6326999999880911,0.5329000000357667,5.162300000011925,1.4486999999880936,0.5831000000238475,1.5492000000476764,0.5993000000119366,0.5165000000000077,0.9992999999523136,0.4831000000238532,1.3489999999999895,0.5331999999880566,0.5488999999761575,0.49960000002383254,0.49979999995233015,0.6328999999761606,0.5833000000119171,0.49989999997615087,0.46649999999999636,0.5995000000000061,2.5979999999999848,0.46649999999999636,0.45010000002383777,0.8326000000238594,0.5996000000238553,0.5663000000118927,0.9661000000238573,4.16319999998808,0.4993999999761627,0.4836999999880618,0.43339999997613177,3.6306000000238896,1.6652000000477187,0.48269999998808544,0.6324000000357728,0.7832000000476569,0.9331999999880622,0.7827999999523172,1.06610000002388,1.5989999999999895,0.5326000000238764,0.4830000000000041,0.5155000000000314,1.0489999999999782,0.7493000000119423,0.4660999999642286,1.015699999988101,4.896100000023864,2.7641000000238023,0.8826000000238423]","[1.7318999999761786,0.6326999999880911,0.5329000000357667,5.162300000011925,1.448799999952314,0.5831000000238475,1.5492000000476764,0.5993000000119366,0.5165000000000077,0.9993999999761343,0.48320000004767394,1.3491000000238387,0.5332999999523054,0.5490000000000066,0.49969999998808134,0.49989999997615087,0.6328999999761606,0.5833000000119171,0.49989999997615087,0.46649999999999636,0.5995000000000061,2.5979999999999848,0.46649999999999636,0.4501999999880866,0.8326000000238594,0.5996999999881325,0.5663000000118927,0.9662000000477065,4.16330000001193,0.4993999999761627,0.4838000000119109,0.43339999997613177,3.630700000047682,1.6652000000477187,0.48280000001193457,0.6324999999999932,0.7832000000476569,0.9331999999880622,0.7827999999523172,1.0661999999881004,1.5991000000238387,0.5326999999880968,0.4830999999642245,0.5155000000000314,1.0491000000238273,0.7493000000119423,0.4661999999880777,1.0158999999761704,4.896100000023864,2.7641000000238023,0.8826999999881195]",-0.909259203,1.9014,0.0,10.0,10.0,64.0,1.0,smaak,msmaak,question_multimodal.png,im_combination.png,,,,,,
,,,949265,1,21,2023-09-18_14h35.53.774,flesh_expressibility_dutch,2022.2.4,Win32,60.28454304,,,,21.0,1.0,Nederlands ,,,,,,Engels,0.0,,0.0,,0.0,,0.0,,0.0,,0.0,,0.0,,0.0,NL,6.0,2.0,2.0,5.0,,sensorypref1,sensorypref2,1280.0,720.0,,,,,,,,,,,,,,,,,,,,,,,,,,,,,,,,,,,15.0,370.6738,52.0,"[1.7318999999761786,0.6326999999880911,0.5329000000357667,5.162300000011925,1.4486999999880936,0.5831000000238475,1.5492000000476764,0.5993000000119366,0.5165000000000077,0.9992999999523136,0.4831000000238532,1.3489999999999895,0.5331999999880566,0.5488999999761575,0.49960000002383254,0.49979999995233015,0.6328999999761606,0.5833000000119171,0.49989999997615087,0.46649999999999636,0.5995000000000061,2.5979999999999848,0.46649999999999636,0.45010000002383777,0.8326000000238594,0.5996000000238553,0.5663000000118927,0.9661000000238573,4.16319999998808,0.4993999999761627,0.4836999999880618,0.43339999997613177,3.6306000000238896,1.6652000000477187,0.48269999998808544,0.6324000000357728,0.7832000000476569,0.9331999999880622,0.7827999999523172,1.06610000002388,1.5989999999999895,0.5326000000238764,0.4830000000000041,0.5155000000000314,1.0489999999999782,0.7493000000119423,0.4660999999642286,1.015699999988101,4.896100000023864,2.7641000000238023,0.8826000000238423,0.6003000000119414]","[1.7318999999761786,0.6326999999880911,0.5329000000357667,5.162300000011925,1.448799999952314,0.5831000000238475,1.5492000000476764,0.5993000000119366,0.5165000000000077,0.9993999999761343,0.48320000004767394,1.3491000000238387,0.5332999999523054,0.5490000000000066,0.49969999998808134,0.49989999997615087,0.6328999999761606,0.5833000000119171,0.49989999997615087,0.46649999999999636,0.5995000000000061,2.5979999999999848,0.46649999999999636,0.4501999999880866,0.8326000000238594,0.5996999999881325,0.5663000000118927,0.9662000000477065,4.16330000001193,0.4993999999761627,0.4838000000119109,0.43339999997613177,3.630700000047682,1.6652000000477187,0.48280000001193457,0.6324999999999932,0.7832000000476569,0.9331999999880622,0.7827999999523172,1.0661999999881004,1.5991000000238387,0.5326999999880968,0.4830999999642245,0.5155000000000314,1.0491000000238273,0.7493000000119423,0.4661999999880777,1.0158999999761704,4.896100000023864,2.7641000000238023,0.8826999999881195,0.6003000000119414]",-0.914814758,4.9698,0.0,11.0,11.0,61.0,1.0,laag (ruimtelijk),mlaag (ruimtelijk),question_multimodal.png,im_combination.png,,,,,,
,,,949265,1,21,2023-09-18_14h35.53.774,flesh_expressibility_dutch,2022.2.4,Win32,60.28454304,,,,21.0,1.0,Nederlands ,,,,,,Engels,0.0,,0.0,,0.0,,0.0,,0.0,,0.0,,0.0,,0.0,NL,6.0,2.0,2.0,5.0,,sensorypref1,sensorypref2,1280.0,720.0,,,,,,,,,,,,,,,,,,,,,,,,,,,,,,,,,,,14.0,376.352,53.0,"[1.7318999999761786,0.6326999999880911,0.5329000000357667,5.162300000011925,1.4486999999880936,0.5831000000238475,1.5492000000476764,0.5993000000119366,0.5165000000000077,0.9992999999523136,0.4831000000238532,1.3489999999999895,0.5331999999880566,0.5488999999761575,0.49960000002383254,0.49979999995233015,0.6328999999761606,0.5833000000119171,0.49989999997615087,0.46649999999999636,0.5995000000000061,2.5979999999999848,0.46649999999999636,0.45010000002383777,0.8326000000238594,0.5996000000238553,0.5663000000118927,0.9661000000238573,4.16319999998808,0.4993999999761627,0.4836999999880618,0.43339999997613177,3.6306000000238896,1.6652000000477187,0.48269999998808544,0.6324000000357728,0.7832000000476569,0.9331999999880622,0.7827999999523172,1.06610000002388,1.5989999999999895,0.5326000000238764,0.4830000000000041,0.5155000000000314,1.0489999999999782,0.7493000000119423,0.4660999999642286,1.015699999988101,4.896100000023864,2.7641000000238023,0.8826000000238423,0.6003000000119414,0.6166999999881]","[1.7318999999761786,0.6326999999880911,0.5329000000357667,5.162300000011925,1.448799999952314,0.5831000000238475,1.5492000000476764,0.5993000000119366,0.5165000000000077,0.9993999999761343,0.48320000004767394,1.3491000000238387,0.5332999999523054,0.5490000000000066,0.49969999998808134,0.49989999997615087,0.6328999999761606,0.5833000000119171,0.49989999997615087,0.46649999999999636,0.5995000000000061,2.5979999999999848,0.46649999999999636,0.4501999999880866,0.8326000000238594,0.5996999999881325,0.5663000000118927,0.9662000000477065,4.16330000001193,0.4993999999761627,0.4838000000119109,0.43339999997613177,3.630700000047682,1.6652000000477187,0.48280000001193457,0.6324999999999932,0.7832000000476569,0.9331999999880622,0.7827999999523172,1.0661999999881004,1.5991000000238387,0.5326999999880968,0.4830999999642245,0.5155000000000314,1.0491000000238273,0.7493000000119423,0.4661999999880777,1.0158999999761704,4.896100000023864,2.7641000000238023,0.8826999999881195,0.6003000000119414,0.6166999999881]",0.559259372,5.682,0.0,12.0,12.0,34.0,1.0,vergeten,mvergeten,question_multimodal.png,im_combination.png,,,,,,
,,,949265,1,21,2023-09-18_14h35.53.774,flesh_expressibility_dutch,2022.2.4,Win32,60.28454304,,,,21.0,1.0,Nederlands ,,,,,,Engels,0.0,,0.0,,0.0,,0.0,,0.0,,0.0,,0.0,,0.0,NL,6.0,2.0,2.0,5.0,,sensorypref1,sensorypref2,1280.0,720.0,,,,,,,,,,,,,,,,,,,,,,,,,,,,,,,,,,,22.0,382.5982,53.0,"[1.7318999999761786,0.6326999999880911,0.5329000000357667,5.162300000011925,1.4486999999880936,0.5831000000238475,1.5492000000476764,0.5993000000119366,0.5165000000000077,0.9992999999523136,0.4831000000238532,1.3489999999999895,0.5331999999880566,0.5488999999761575,0.49960000002383254,0.49979999995233015,0.6328999999761606,0.5833000000119171,0.49989999997615087,0.46649999999999636,0.5995000000000061,2.5979999999999848,0.46649999999999636,0.45010000002383777,0.8326000000238594,0.5996000000238553,0.5663000000118927,0.9661000000238573,4.16319999998808,0.4993999999761627,0.4836999999880618,0.43339999997613177,3.6306000000238896,1.6652000000477187,0.48269999998808544,0.6324000000357728,0.7832000000476569,0.9331999999880622,0.7827999999523172,1.06610000002388,1.5989999999999895,0.5326000000238764,0.4830000000000041,0.5155000000000314,1.0489999999999782,0.7493000000119423,0.4660999999642286,1.015699999988101,4.896100000023864,2.7641000000238023,0.8826000000238423,0.6003000000119414,0.6166999999881]","[1.7318999999761786,0.6326999999880911,0.5329000000357667,5.162300000011925,1.448799999952314,0.5831000000238475,1.5492000000476764,0.5993000000119366,0.5165000000000077,0.9993999999761343,0.48320000004767394,1.3491000000238387,0.5332999999523054,0.5490000000000066,0.49969999998808134,0.49989999997615087,0.6328999999761606,0.5833000000119171,0.49989999997615087,0.46649999999999636,0.5995000000000061,2.5979999999999848,0.46649999999999636,0.4501999999880866,0.8326000000238594,0.5996999999881325,0.5663000000118927,0.9662000000477065,4.16330000001193,0.4993999999761627,0.4838000000119109,0.43339999997613177,3.630700000047682,1.6652000000477187,0.48280000001193457,0.6324999999999932,0.7832000000476569,0.9331999999880622,0.7827999999523172,1.0661999999881004,1.5991000000238387,0.5326999999880968,0.4830999999642245,0.5155000000000314,1.0491000000238273,0.7493000000119423,0.4661999999880777,1.0158999999761704,4.896100000023864,2.7641000000238023,0.8826999999881195,0.6003000000119414,0.6166999999881]",,,0.0,13.0,13.0,53.0,1.0,gooien,mgooien,question_multimodal.png,im_combination.png,,,,,,
,,,949265,1,21,2023-09-18_14h35.53.774,flesh_expressibility_dutch,2022.2.4,Win32,60.28454304,,,,21.0,1.0,Nederlands ,,,,,,Engels,0.0,,0.0,,0.0,,0.0,,0.0,,0.0,,0.0,,0.0,NL,6.0,2.0,2.0,5.0,,sensorypref1,sensorypref2,1280.0,720.0,,,,,,,,,,,,,,,,,,,,,,,,,,,,,,,,,,,12.0,383.7247,54.0,"[1.7318999999761786,0.6326999999880911,0.5329000000357667,5.162300000011925,1.4486999999880936,0.5831000000238475,1.5492000000476764,0.5993000000119366,0.5165000000000077,0.9992999999523136,0.4831000000238532,1.3489999999999895,0.5331999999880566,0.5488999999761575,0.49960000002383254,0.49979999995233015,0.6328999999761606,0.5833000000119171,0.49989999997615087,0.46649999999999636,0.5995000000000061,2.5979999999999848,0.46649999999999636,0.45010000002383777,0.8326000000238594,0.5996000000238553,0.5663000000118927,0.9661000000238573,4.16319999998808,0.4993999999761627,0.4836999999880618,0.43339999997613177,3.6306000000238896,1.6652000000477187,0.48269999998808544,0.6324000000357728,0.7832000000476569,0.9331999999880622,0.7827999999523172,1.06610000002388,1.5989999999999895,0.5326000000238764,0.4830000000000041,0.5155000000000314,1.0489999999999782,0.7493000000119423,0.4660999999642286,1.015699999988101,4.896100000023864,2.7641000000238023,0.8826000000238423,0.6003000000119414,0.6166999999881,0.5826999999880513]","[1.7318999999761786,0.6326999999880911,0.5329000000357667,5.162300000011925,1.448799999952314,0.5831000000238475,1.5492000000476764,0.5993000000119366,0.5165000000000077,0.9993999999761343,0.48320000004767394,1.3491000000238387,0.5332999999523054,0.5490000000000066,0.49969999998808134,0.49989999997615087,0.6328999999761606,0.5833000000119171,0.49989999997615087,0.46649999999999636,0.5995000000000061,2.5979999999999848,0.46649999999999636,0.4501999999880866,0.8326000000238594,0.5996999999881325,0.5663000000118927,0.9662000000477065,4.16330000001193,0.4993999999761627,0.4838000000119109,0.43339999997613177,3.630700000047682,1.6652000000477187,0.48280000001193457,0.6324999999999932,0.7832000000476569,0.9331999999880622,0.7827999999523172,1.0661999999881004,1.5991000000238387,0.5326999999880968,0.4830999999642245,0.5155000000000314,1.0491000000238273,0.7493000000119423,0.4661999999880777,1.0158999999761704,4.896100000023864,2.7641000000238023,0.8826999999881195,0.6003000000119414,0.6166999999881,0.5828000000119005]",0.429629686,2.6971,0.0,14.0,14.0,52.0,1.0,vangen,mvangen,question_multimodal.png,im_combination.png,,,,,,
,,,949265,1,21,2023-09-18_14h35.53.774,flesh_expressibility_dutch,2022.2.4,Win32,60.28454304,,,,21.0,1.0,Nederlands ,,,,,,Engels,0.0,,0.0,,0.0,,0.0,,0.0,,0.0,,0.0,,0.0,NL,6.0,2.0,2.0,5.0,,sensorypref1,sensorypref2,1280.0,720.0,,,,,,,,,,,,,,,,,,,,,,,,,,,,,,,,,,,22.0,386.6938,54.0,"[1.7318999999761786,0.6326999999880911,0.5329000000357667,5.162300000011925,1.4486999999880936,0.5831000000238475,1.5492000000476764,0.5993000000119366,0.5165000000000077,0.9992999999523136,0.4831000000238532,1.3489999999999895,0.5331999999880566,0.5488999999761575,0.49960000002383254,0.49979999995233015,0.6328999999761606,0.5833000000119171,0.49989999997615087,0.46649999999999636,0.5995000000000061,2.5979999999999848,0.46649999999999636,0.45010000002383777,0.8326000000238594,0.5996000000238553,0.5663000000118927,0.9661000000238573,4.16319999998808,0.4993999999761627,0.4836999999880618,0.43339999997613177,3.6306000000238896,1.6652000000477187,0.48269999998808544,0.6324000000357728,0.7832000000476569,0.9331999999880622,0.7827999999523172,1.06610000002388,1.5989999999999895,0.5326000000238764,0.4830000000000041,0.5155000000000314,1.0489999999999782,0.7493000000119423,0.4660999999642286,1.015699999988101,4.896100000023864,2.7641000000238023,0.8826000000238423,0.6003000000119414,0.6166999999881,0.5826999999880513]","[1.7318999999761786,0.6326999999880911,0.5329000000357667,5.162300000011925,1.448799999952314,0.5831000000238475,1.5492000000476764,0.5993000000119366,0.5165000000000077,0.9993999999761343,0.48320000004767394,1.3491000000238387,0.5332999999523054,0.5490000000000066,0.49969999998808134,0.49989999997615087,0.6328999999761606,0.5833000000119171,0.49989999997615087,0.46649999999999636,0.5995000000000061,2.5979999999999848,0.46649999999999636,0.4501999999880866,0.8326000000238594,0.5996999999881325,0.5663000000118927,0.9662000000477065,4.16330000001193,0.4993999999761627,0.4838000000119109,0.43339999997613177,3.630700000047682,1.6652000000477187,0.48280000001193457,0.6324999999999932,0.7832000000476569,0.9331999999880622,0.7827999999523172,1.0661999999881004,1.5991000000238387,0.5326999999880968,0.4830999999642245,0.5155000000000314,1.0491000000238273,0.7493000000119423,0.4661999999880777,1.0158999999761704,4.896100000023864,2.7641000000238023,0.8826999999881195,0.6003000000119414,0.6166999999881,0.5828000000119005]",,,0.0,15.0,15.0,124.0,1.0,nek,mnek,question_multimodal.png,im_combination.png,,,,,,
,,,949265,1,21,2023-09-18_14h35.53.774,flesh_expressibility_dutch,2022.2.4,Win32,60.28454304,,,,21.0,1.0,Nederlands ,,,,,,Engels,0.0,,0.0,,0.0,,0.0,,0.0,,0.0,,0.0,,0.0,NL,6.0,2.0,2.0,5.0,,sensorypref1,sensorypref2,1280.0,720.0,,,,,,,,,,,,,,,,,,,,,,,,,,,,,,,,,,,13.0,387.7184,55.0,"[1.7318999999761786,0.6326999999880911,0.5329000000357667,5.162300000011925,1.4486999999880936,0.5831000000238475,1.5492000000476764,0.5993000000119366,0.5165000000000077,0.9992999999523136,0.4831000000238532,1.3489999999999895,0.5331999999880566,0.5488999999761575,0.49960000002383254,0.49979999995233015,0.6328999999761606,0.5833000000119171,0.49989999997615087,0.46649999999999636,0.5995000000000061,2.5979999999999848,0.46649999999999636,0.45010000002383777,0.8326000000238594,0.5996000000238553,0.5663000000118927,0.9661000000238573,4.16319999998808,0.4993999999761627,0.4836999999880618,0.43339999997613177,3.6306000000238896,1.6652000000477187,0.48269999998808544,0.6324000000357728,0.7832000000476569,0.9331999999880622,0.7827999999523172,1.06610000002388,1.5989999999999895,0.5326000000238764,0.4830000000000041,0.5155000000000314,1.0489999999999782,0.7493000000119423,0.4660999999642286,1.015699999988101,4.896100000023864,2.7641000000238023,0.8826000000238423,0.6003000000119414,0.6166999999881,0.5826999999880513,2.9144999999999754]","[1.7318999999761786,0.6326999999880911,0.5329000000357667,5.162300000011925,1.448799999952314,0.5831000000238475,1.5492000000476764,0.5993000000119366,0.5165000000000077,0.9993999999761343,0.48320000004767394,1.3491000000238387,0.5332999999523054,0.5490000000000066,0.49969999998808134,0.49989999997615087,0.6328999999761606,0.5833000000119171,0.49989999997615087,0.46649999999999636,0.5995000000000061,2.5979999999999848,0.46649999999999636,0.4501999999880866,0.8326000000238594,0.5996999999881325,0.5663000000118927,0.9662000000477065,4.16330000001193,0.4993999999761627,0.4838000000119109,0.43339999997613177,3.630700000047682,1.6652000000477187,0.48280000001193457,0.6324999999999932,0.7832000000476569,0.9331999999880622,0.7827999999523172,1.0661999999881004,1.5991000000238387,0.5326999999880968,0.4830999999642245,0.5155000000000314,1.0491000000238273,0.7493000000119423,0.4661999999880777,1.0158999999761704,4.896100000023864,2.7641000000238023,0.8826999999881195,0.6003000000119414,0.6166999999881,0.5828000000119005,2.9145999999642527]",-0.975925869,2.4269,0.0,16.0,16.0,104.0,1.0,luis,mluis,question_multimodal.png,im_combination.png,,,,,,
,,,949265,1,21,2023-09-18_14h35.53.774,flesh_expressibility_dutch,2022.2.4,Win32,60.28454304,,,,21.0,1.0,Nederlands ,,,,,,Engels,0.0,,0.0,,0.0,,0.0,,0.0,,0.0,,0.0,,0.0,NL,6.0,2.0,2.0,5.0,,sensorypref1,sensorypref2,1280.0,720.0,,,,,,,,,,,,,,,,,,,,,,,,,,,,,,,,,,,15.0,392.864,56.0,"[1.7318999999761786,0.6326999999880911,0.5329000000357667,5.162300000011925,1.4486999999880936,0.5831000000238475,1.5492000000476764,0.5993000000119366,0.5165000000000077,0.9992999999523136,0.4831000000238532,1.3489999999999895,0.5331999999880566,0.5488999999761575,0.49960000002383254,0.49979999995233015,0.6328999999761606,0.5833000000119171,0.49989999997615087,0.46649999999999636,0.5995000000000061,2.5979999999999848,0.46649999999999636,0.45010000002383777,0.8326000000238594,0.5996000000238553,0.5663000000118927,0.9661000000238573,4.16319999998808,0.4993999999761627,0.4836999999880618,0.43339999997613177,3.6306000000238896,1.6652000000477187,0.48269999998808544,0.6324000000357728,0.7832000000476569,0.9331999999880622,0.7827999999523172,1.06610000002388,1.5989999999999895,0.5326000000238764,0.4830000000000041,0.5155000000000314,1.0489999999999782,0.7493000000119423,0.4660999999642286,1.015699999988101,4.896100000023864,2.7641000000238023,0.8826000000238423,0.6003000000119414,0.6166999999881,0.5826999999880513,2.9144999999999754,0.4831000000238532]","[1.7318999999761786,0.6326999999880911,0.5329000000357667,5.162300000011925,1.448799999952314,0.5831000000238475,1.5492000000476764,0.5993000000119366,0.5165000000000077,0.9993999999761343,0.48320000004767394,1.3491000000238387,0.5332999999523054,0.5490000000000066,0.49969999998808134,0.49989999997615087,0.6328999999761606,0.5833000000119171,0.49989999997615087,0.46649999999999636,0.5995000000000061,2.5979999999999848,0.46649999999999636,0.4501999999880866,0.8326000000238594,0.5996999999881325,0.5663000000118927,0.9662000000477065,4.16330000001193,0.4993999999761627,0.4838000000119109,0.43339999997613177,3.630700000047682,1.6652000000477187,0.48280000001193457,0.6324999999999932,0.7832000000476569,0.9331999999880622,0.7827999999523172,1.0661999999881004,1.5991000000238387,0.5326999999880968,0.4830999999642245,0.5155000000000314,1.0491000000238273,0.7493000000119423,0.4661999999880777,1.0158999999761704,4.896100000023864,2.7641000000238023,0.8826999999881195,0.6003000000119414,0.6166999999881,0.5828000000119005,2.9145999999642527,0.4831000000238532]",-0.662962935,5.3895,0.0,17.0,17.0,155.0,1.0,zuigen,mzuigen,question_multimodal.png,im_combination.png,,,,,,
,,,949265,1,21,2023-09-18_14h35.53.774,flesh_expressibility_dutch,2022.2.4,Win32,60.28454304,,,,21.0,1.0,Nederlands ,,,,,,Engels,0.0,,0.0,,0.0,,0.0,,0.0,,0.0,,0.0,,0.0,NL,6.0,2.0,2.0,5.0,,sensorypref1,sensorypref2,1280.0,720.0,,,,,,,,,,,,,,,,,,,,,,,,,,,,,,,,,,,16.0,398.7768,57.0,"[1.7318999999761786,0.6326999999880911,0.5329000000357667,5.162300000011925,1.4486999999880936,0.5831000000238475,1.5492000000476764,0.5993000000119366,0.5165000000000077,0.9992999999523136,0.4831000000238532,1.3489999999999895,0.5331999999880566,0.5488999999761575,0.49960000002383254,0.49979999995233015,0.6328999999761606,0.5833000000119171,0.49989999997615087,0.46649999999999636,0.5995000000000061,2.5979999999999848,0.46649999999999636,0.45010000002383777,0.8326000000238594,0.5996000000238553,0.5663000000118927,0.9661000000238573,4.16319999998808,0.4993999999761627,0.4836999999880618,0.43339999997613177,3.6306000000238896,1.6652000000477187,0.48269999998808544,0.6324000000357728,0.7832000000476569,0.9331999999880622,0.7827999999523172,1.06610000002388,1.5989999999999895,0.5326000000238764,0.4830000000000041,0.5155000000000314,1.0489999999999782,0.7493000000119423,0.4660999999642286,1.015699999988101,4.896100000023864,2.7641000000238023,0.8826000000238423,0.6003000000119414,0.6166999999881,0.5826999999880513,2.9144999999999754,0.4831000000238532,0.5325999999642477]","[1.7318999999761786,0.6326999999880911,0.5329000000357667,5.162300000011925,1.448799999952314,0.5831000000238475,1.5492000000476764,0.5993000000119366,0.5165000000000077,0.9993999999761343,0.48320000004767394,1.3491000000238387,0.5332999999523054,0.5490000000000066,0.49969999998808134,0.49989999997615087,0.6328999999761606,0.5833000000119171,0.49989999997615087,0.46649999999999636,0.5995000000000061,2.5979999999999848,0.46649999999999636,0.4501999999880866,0.8326000000238594,0.5996999999881325,0.5663000000118927,0.9662000000477065,4.16330000001193,0.4993999999761627,0.4838000000119109,0.43339999997613177,3.630700000047682,1.6652000000477187,0.48280000001193457,0.6324999999999932,0.7832000000476569,0.9331999999880622,0.7827999999523172,1.0661999999881004,1.5991000000238387,0.5326999999880968,0.4830999999642245,0.5155000000000314,1.0491000000238273,0.7493000000119423,0.4661999999880777,1.0158999999761704,4.896100000023864,2.7641000000238023,0.8826999999881195,0.6003000000119414,0.6166999999881,0.5828000000119005,2.9145999999642527,0.4831000000238532,0.5326999999880968]",0.894444444,3.2069,0.0,18.0,18.0,90.0,1.0,slapen,mslapen,question_multimodal.png,im_combination.png,,,,,,
,,,949265,1,21,2023-09-18_14h35.53.774,flesh_expressibility_dutch,2022.2.4,Win32,60.28454304,,,,21.0,1.0,Nederlands ,,,,,,Engels,0.0,,0.0,,0.0,,0.0,,0.0,,0.0,,0.0,,0.0,NL,6.0,2.0,2.0,5.0,,sensorypref1,sensorypref2,1280.0,720.0,,,,,,,,,,,,,,,,,,,,,,,,,,,,,,,,,,,8.0,402.5662,58.0,"[1.7318999999761786,0.6326999999880911,0.5329000000357667,5.162300000011925,1.4486999999880936,0.5831000000238475,1.5492000000476764,0.5993000000119366,0.5165000000000077,0.9992999999523136,0.4831000000238532,1.3489999999999895,0.5331999999880566,0.5488999999761575,0.49960000002383254,0.49979999995233015,0.6328999999761606,0.5833000000119171,0.49989999997615087,0.46649999999999636,0.5995000000000061,2.5979999999999848,0.46649999999999636,0.45010000002383777,0.8326000000238594,0.5996000000238553,0.5663000000118927,0.9661000000238573,4.16319999998808,0.4993999999761627,0.4836999999880618,0.43339999997613177,3.6306000000238896,1.6652000000477187,0.48269999998808544,0.6324000000357728,0.7832000000476569,0.9331999999880622,0.7827999999523172,1.06610000002388,1.5989999999999895,0.5326000000238764,0.4830000000000041,0.5155000000000314,1.0489999999999782,0.7493000000119423,0.4660999999642286,1.015699999988101,4.896100000023864,2.7641000000238023,0.8826000000238423,0.6003000000119414,0.6166999999881,0.5826999999880513,2.9144999999999754,0.4831000000238532,0.5325999999642477,0.6662000000476951]","[1.7318999999761786,0.6326999999880911,0.5329000000357667,5.162300000011925,1.448799999952314,0.5831000000238475,1.5492000000476764,0.5993000000119366,0.5165000000000077,0.9993999999761343,0.48320000004767394,1.3491000000238387,0.5332999999523054,0.5490000000000066,0.49969999998808134,0.49989999997615087,0.6328999999761606,0.5833000000119171,0.49989999997615087,0.46649999999999636,0.5995000000000061,2.5979999999999848,0.46649999999999636,0.4501999999880866,0.8326000000238594,0.5996999999881325,0.5663000000118927,0.9662000000477065,4.16330000001193,0.4993999999761627,0.4838000000119109,0.43339999997613177,3.630700000047682,1.6652000000477187,0.48280000001193457,0.6324999999999932,0.7832000000476569,0.9331999999880622,0.7827999999523172,1.0661999999881004,1.5991000000238387,0.5326999999880968,0.4830999999642245,0.5155000000000314,1.0491000000238273,0.7493000000119423,0.4661999999880777,1.0158999999761704,4.896100000023864,2.7641000000238023,0.8826999999881195,0.6003000000119414,0.6166999999881,0.5828000000119005,2.9145999999642527,0.4831000000238532,0.5326999999880968,0.6662000000476951]",-0.870370314,2.5203,0.0,19.0,19.0,122.0,1.0,lever,mlever,question_multimodal.png,im_combination.png,,,,,,
,,,949265,1,21,2023-09-18_14h35.53.774,flesh_expressibility_dutch,2022.2.4,Win32,60.28454304,,,,21.0,1.0,Nederlands ,,,,,,Engels,0.0,,0.0,,0.0,,0.0,,0.0,,0.0,,0.0,,0.0,NL,6.0,2.0,2.0,5.0,,sensorypref1,sensorypref2,1280.0,720.0,,,,,,,,,,,,,,,,,,,,,,,,,,,,,,,,,,,18.0,405.7409,59.0,"[1.7318999999761786,0.6326999999880911,0.5329000000357667,5.162300000011925,1.4486999999880936,0.5831000000238475,1.5492000000476764,0.5993000000119366,0.5165000000000077,0.9992999999523136,0.4831000000238532,1.3489999999999895,0.5331999999880566,0.5488999999761575,0.49960000002383254,0.49979999995233015,0.6328999999761606,0.5833000000119171,0.49989999997615087,0.46649999999999636,0.5995000000000061,2.5979999999999848,0.46649999999999636,0.45010000002383777,0.8326000000238594,0.5996000000238553,0.5663000000118927,0.9661000000238573,4.16319999998808,0.4993999999761627,0.4836999999880618,0.43339999997613177,3.6306000000238896,1.6652000000477187,0.48269999998808544,0.6324000000357728,0.7832000000476569,0.9331999999880622,0.7827999999523172,1.06610000002388,1.5989999999999895,0.5326000000238764,0.4830000000000041,0.5155000000000314,1.0489999999999782,0.7493000000119423,0.4660999999642286,1.015699999988101,4.896100000023864,2.7641000000238023,0.8826000000238423,0.6003000000119414,0.6166999999881,0.5826999999880513,2.9144999999999754,0.4831000000238532,0.5325999999642477,0.6662000000476951,1.0488999999761859]","[1.7318999999761786,0.6326999999880911,0.5329000000357667,5.162300000011925,1.448799999952314,0.5831000000238475,1.5492000000476764,0.5993000000119366,0.5165000000000077,0.9993999999761343,0.48320000004767394,1.3491000000238387,0.5332999999523054,0.5490000000000066,0.49969999998808134,0.49989999997615087,0.6328999999761606,0.5833000000119171,0.49989999997615087,0.46649999999999636,0.5995000000000061,2.5979999999999848,0.46649999999999636,0.4501999999880866,0.8326000000238594,0.5996999999881325,0.5663000000118927,0.9662000000477065,4.16330000001193,0.4993999999761627,0.4838000000119109,0.43339999997613177,3.630700000047682,1.6652000000477187,0.48280000001193457,0.6324999999999932,0.7832000000476569,0.9331999999880622,0.7827999999523172,1.0661999999881004,1.5991000000238387,0.5326999999880968,0.4830999999642245,0.5155000000000314,1.0491000000238273,0.7493000000119423,0.4661999999880777,1.0158999999761704,4.896100000023864,2.7641000000238023,0.8826999999881195,0.6003000000119414,0.6166999999881,0.5828000000119005,2.9145999999642527,0.4831000000238532,0.5326999999880968,0.6662000000476951,1.049000000000035]",-0.86851849,2.3398,0.0,20.0,20.0,31.0,1.0,zwak,mzwak,question_multimodal.png,im_combination.png,,,,,,
,,,949265,1,21,2023-09-18_14h35.53.774,flesh_expressibility_dutch,2022.2.4,Win32,60.28454304,,,,21.0,1.0,Nederlands ,,,,,,Engels,0.0,,0.0,,0.0,,0.0,,0.0,,0.0,,0.0,,0.0,NL,6.0,2.0,2.0,5.0,,sensorypref1,sensorypref2,1280.0,720.0,,,,,,,,,,,,,,,,,,,,,,,,,,,,,,,,,,,13.0,409.0623,60.0,"[1.7318999999761786,0.6326999999880911,0.5329000000357667,5.162300000011925,1.4486999999880936,0.5831000000238475,1.5492000000476764,0.5993000000119366,0.5165000000000077,0.9992999999523136,0.4831000000238532,1.3489999999999895,0.5331999999880566,0.5488999999761575,0.49960000002383254,0.49979999995233015,0.6328999999761606,0.5833000000119171,0.49989999997615087,0.46649999999999636,0.5995000000000061,2.5979999999999848,0.46649999999999636,0.45010000002383777,0.8326000000238594,0.5996000000238553,0.5663000000118927,0.9661000000238573,4.16319999998808,0.4993999999761627,0.4836999999880618,0.43339999997613177,3.6306000000238896,1.6652000000477187,0.48269999998808544,0.6324000000357728,0.7832000000476569,0.9331999999880622,0.7827999999523172,1.06610000002388,1.5989999999999895,0.5326000000238764,0.4830000000000041,0.5155000000000314,1.0489999999999782,0.7493000000119423,0.4660999999642286,1.015699999988101,4.896100000023864,2.7641000000238023,0.8826000000238423,0.6003000000119414,0.6166999999881,0.5826999999880513,2.9144999999999754,0.4831000000238532,0.5325999999642477,0.6662000000476951,1.0488999999761859,0.4495999999642777]","[1.7318999999761786,0.6326999999880911,0.5329000000357667,5.162300000011925,1.448799999952314,0.5831000000238475,1.5492000000476764,0.5993000000119366,0.5165000000000077,0.9993999999761343,0.48320000004767394,1.3491000000238387,0.5332999999523054,0.5490000000000066,0.49969999998808134,0.49989999997615087,0.6328999999761606,0.5833000000119171,0.49989999997615087,0.46649999999999636,0.5995000000000061,2.5979999999999848,0.46649999999999636,0.4501999999880866,0.8326000000238594,0.5996999999881325,0.5663000000118927,0.9662000000477065,4.16330000001193,0.4993999999761627,0.4838000000119109,0.43339999997613177,3.630700000047682,1.6652000000477187,0.48280000001193457,0.6324999999999932,0.7832000000476569,0.9331999999880622,0.7827999999523172,1.0661999999881004,1.5991000000238387,0.5326999999880968,0.4830999999642245,0.5155000000000314,1.0491000000238273,0.7493000000119423,0.4661999999880777,1.0158999999761704,4.896100000023864,2.7641000000238023,0.8826999999881195,0.6003000000119414,0.6166999999881,0.5828000000119005,2.9145999999642527,0.4831000000238532,0.5326999999880968,0.6662000000476951,1.049000000000035,0.4495999999642777]",-0.870370314,1.7212,0.0,21.0,21.0,142.0,1.0,verbrijzelen,mverbrijzelen,question_multimodal.png,im_combination.png,,,,,,
,,,949265,1,21,2023-09-18_14h35.53.774,flesh_expressibility_dutch,2022.2.4,Win32,60.28454304,,,,21.0,1.0,Nederlands ,,,,,,Engels,0.0,,0.0,,0.0,,0.0,,0.0,,0.0,,0.0,,0.0,NL,6.0,2.0,2.0,5.0,,sensorypref1,sensorypref2,1280.0,720.0,,,,,,,,,,,,,,,,,,,,,,,,,,,,,,,,,,,,,,,,,,,,,,,,,,,,,,,,
,,,949265,1,21,2023-09-18_14h35.53.774,flesh_expressibility_dutch,2022.2.4,Win32,60.28454304,,,,21.0,1.0,Nederlands ,,,,,,Engels,0.0,,0.0,,0.0,,0.0,,0.0,,0.0,,0.0,,0.0,NL,6.0,2.0,2.0,5.0,,sensorypref1,sensorypref2,1280.0,720.0,,,,,,,,,,,,,,,,,,,,,,,,,,,,,,,,,,,,,,,,,,,,,,,,,,,1.0,,,,,
,,,949265,1,21,2023-09-18_14h35.53.774,flesh_expressibility_dutch,2022.2.4,Win32,60.28454304,,,,21.0,1.0,Nederlands ,,,,,,Engels,0.0,,0.0,,0.0,,0.0,,0.0,,0.0,,0.0,,0.0,NL,6.0,2.0,2.0,5.0,,sensorypref1,sensorypref2,1280.0,720.0,,,,,,,,,,,,,,,,,,,,,,,,,,,,,,,,,,,,,,,,,,,,,,,,,,,1.0,,,,,
,,,949265,1,21,2023-09-18_14h35.53.774,flesh_expressibility_dutch,2022.2.4,Win32,60.28454304,,,,21.0,1.0,Nederlands ,,,,,,Engels,0.0,,0.0,,0.0,,0.0,,0.0,,0.0,,0.0,,0.0,NL,6.0,2.0,2.0,5.0,,sensorypref1,sensorypref2,1280.0,720.0,,,,,,,,,,,,,,,,,,,,,,,,,,,,,,,,,,,,,,,,,,,,,,,,,,,1.0,,,1.0,[420.7258999999762],[420.7258999999762]
