welcome_weiter.numClicks,welcome_weiter.timesOn,welcome_weiter.timesOff,exp_ID,session,presentation limit,date,expName,psychopyVersion,OS,frameRate,introduction_weiter.numClicks,introduction_weiter.timesOn,introduction_weiter.timesOff,age,gender,natlang1,natlang2,natlang3,natlang4,natlang5,natlang6,lang1,proficiency1,lang2,proficiency2,lang3,proficiency3,lang4,proficiency4,lang5,proficiency5,lang6,proficiency6,lang7,proficiency7,lang8,proficiency8,country,education,dyslexia,mobility,currentloc,radio-for-required-checkboxes,sensorypref1,sensorypref2,xRes,yRes,sensorypref[],sensorypref3,sensorypref4,practice_weiter.numClicks,practice_weiter.timesOn,practice_weiter.timesOff,pr_message_weiter.numClicks,pr_message_weiter.timesOn,pr_message_weiter.timesOff,pr_remember_weiter.numClicks,pr_remember_weiter.timesOn,pr_remember_weiter.timesOff,button_weiter.numClicks,button_weiter.timesOn,button_weiter.timesOff,pr_expressibility.response,pr_expressibility.rt,practice_trials.thisRepN,practice_trials.thisTrialN,practice_trials.thisN,practice_trials.thisIndex,practice_trials.ran,pr_word,pr_question,pr_image,start_weiter.numClicks,start_weiter.timesOn,start_weiter.timesOff,message_weiter.numClicks,message_weiter.timesOn,message_weiter.timesOff,trial_remember_weiter.numClicks,trial_remember_weiter.timesOn,trial_remember_weiter.timesOff,Count,Shelf time,trial_button_weiter.numClicks,trial_button_weiter.timesOn,trial_button_weiter.timesOff,expressibility.response,expressibility.rt,trials.thisRepN,trials.thisTrialN,trials.thisN,trials.thisIndex,trials.ran,word,fordict,question,trial_img,problem,problem_text,comment_text,end_experiment.numClicks,end_experiment.timesOn,end_experiment.timesOff
1.0,[5.6899999999999995],[5.6899999999999995],953871,1,21,2023-09-19_23h46.45.495,flesh_expressibility_dutch,2022.2.4,MacIntel,58.82352941,,,,,,,,,,,,,,,,,,,,,,,,,,,,,,,,,,,,,,,,,,,,,,,,,,,,,,,,,,,,,,,,,,,,,,,,,,,,,,,,,,,,,,,,,,,,,
,,,953871,1,21,2023-09-19_23h46.45.495,flesh_expressibility_dutch,2022.2.4,MacIntel,58.82352941,,,,,,,,,,,,,,,,,,,,,,,,,,,,,,,,,,,,,,,,,,,,,,,,,,,,,,,,,,,,,,,,,,,,,,,,,,,,,,,,,,,,,,,,,,,,,
,,,953871,1,21,2023-09-19_23h46.45.495,flesh_expressibility_dutch,2022.2.4,MacIntel,58.82352941,1.0,[14.765],[14.765],,,,,,,,,,,,,,,,,,,,,,,,,,,,,,,,,,,,,,,,,,,,,,,,,,,,,,,,,,,,,,,,,,,,,,,,,,,,,,,,,,,,,,,,,,
,,,953871,1,21,2023-09-19_23h46.45.495,flesh_expressibility_dutch,2022.2.4,MacIntel,58.82352941,,,,,,,,,,,,,,,,,,,,,,,,,,,,,,,,,,,,,,,,,,,,,,,,,,,,,,,,,,,,,,,,,,,,,,,,,,,,,,,,,,,,,,,,,,,,,
,,,953871,1,21,2023-09-19_23h46.45.495,flesh_expressibility_dutch,2022.2.4,MacIntel,58.82352941,,,,18.0,1.0,Nederlands,,,,,,Engels,0.0,,0.0,,0.0,,0.0,,0.0,,0.0,,0.0,,0.0,NL,3.0,2.0,2.0,1.0,on,sensorypref1,sensorypref2,1440.0,900.0,,,,,,,,,,,,,,,,,,,,,,,,,,,,,,,,,,,,,,,,,,,,,,,,,,,,,,,,
,,,953871,1,21,2023-09-19_23h46.45.495,flesh_expressibility_dutch,2022.2.4,MacIntel,58.82352941,,,,18.0,1.0,Nederlands,,,,,,Engels,0.0,,0.0,,0.0,,0.0,,0.0,,0.0,,0.0,,0.0,NL,3.0,2.0,2.0,1.0,,sensorypref1,sensorypref2,1440.0,900.0,,,,1.0,[85.71600000000001],[85.71600000000001],,,,,,,,,,,,,,,,,,,,,,,,,,,,,,,,,,,,,,,,,,,,,,,,,,
,,,953871,1,21,2023-09-19_23h46.45.495,flesh_expressibility_dutch,2022.2.4,MacIntel,58.82352941,,,,18.0,1.0,Nederlands,,,,,,Engels,0.0,,0.0,,0.0,,0.0,,0.0,,0.0,,0.0,,0.0,NL,3.0,2.0,2.0,1.0,,sensorypref1,sensorypref2,1440.0,900.0,,,,,,,,,,,,,,,,,,,,,,,,,,,,,,,,,,,,,,,,,,,,,,,,,,,,,,,,
,,,953871,1,21,2023-09-19_23h46.45.495,flesh_expressibility_dutch,2022.2.4,MacIntel,58.82352941,,,,18.0,1.0,Nederlands,,,,,,Engels,0.0,,0.0,,0.0,,0.0,,0.0,,0.0,,0.0,,0.0,NL,3.0,2.0,2.0,1.0,,sensorypref1,sensorypref2,1440.0,900.0,,,,,,,1.0,[94.91600000000001],[94.91600000000001],1.0,[100.66600000000001],[100.66600000000001],1.0,[2.7009999999999934],[2.7009999999999934],0.099423631,10.842,0.0,0.0,0.0,0.0,1.0,koken,question_multimodal.png,im_combination.png,,,,,,,,,,,,,,,,,,,,,,,,,,,,,,,
,,,953871,1,21,2023-09-19_23h46.45.495,flesh_expressibility_dutch,2022.2.4,MacIntel,58.82352941,,,,18.0,1.0,Nederlands,,,,,,Engels,0.0,,0.0,,0.0,,0.0,,0.0,,0.0,,0.0,,0.0,NL,3.0,2.0,2.0,1.0,,sensorypref1,sensorypref2,1440.0,900.0,,,,,,,,,,,,,2.0,"[2.7009999999999934,2.1500000000000057]","[2.7009999999999934,2.150999999999982]",0.678674352,4.235,0.0,1.0,1.0,1.0,1.0,leeuw,question_multimodal.png,im_combination.png,,,,,,,,,,,,,,,,,,,,,,,,,,,,,,,
,,,953871,1,21,2023-09-19_23h46.45.495,flesh_expressibility_dutch,2022.2.4,MacIntel,58.82352941,,,,18.0,1.0,Nederlands,,,,,,Engels,0.0,,0.0,,0.0,,0.0,,0.0,,0.0,,0.0,,0.0,NL,3.0,2.0,2.0,1.0,,sensorypref1,sensorypref2,1440.0,900.0,,,,,,,2.0,"[94.91600000000001,120.967]","[94.91600000000001,120.967]",2.0,"[100.66600000000001,123.067]","[100.66600000000001,123.067]",3.0,"[2.7009999999999934,2.1500000000000057,0.8669999999999902]","[2.7009999999999934,2.150999999999982,0.8669999999999902]",0.615273775,3.671,0.0,0.0,0.0,1.0,1.0,auto,question_gesture.png,im_hand.png,,,,,,,,,,,,,,,,,,,,,,,,,,,,,,,
,,,953871,1,21,2023-09-19_23h46.45.495,flesh_expressibility_dutch,2022.2.4,MacIntel,58.82352941,,,,18.0,1.0,Nederlands,,,,,,Engels,0.0,,0.0,,0.0,,0.0,,0.0,,0.0,,0.0,,0.0,NL,3.0,2.0,2.0,1.0,,sensorypref1,sensorypref2,1440.0,900.0,,,,,,,,,,,,,4.0,"[2.7009999999999934,2.1500000000000057,0.8669999999999902,0.7169999999999845]","[2.7009999999999934,2.150999999999982,0.8669999999999902,0.7169999999999845]",0.799711816,3.551,0.0,1.0,1.0,0.0,1.0,baby,question_gesture.png,im_hand.png,,,,,,,,,,,,,,,,,,,,,,,,,,,,,,,
,,,953871,1,21,2023-09-19_23h46.45.495,flesh_expressibility_dutch,2022.2.4,MacIntel,58.82352941,,,,18.0,1.0,Nederlands,,,,,,Engels,0.0,,0.0,,0.0,,0.0,,0.0,,0.0,,0.0,,0.0,NL,3.0,2.0,2.0,1.0,,sensorypref1,sensorypref2,1440.0,900.0,,,,,,,3.0,"[94.91600000000001,120.967,135.001]","[94.91600000000001,120.967,135.001]",3.0,"[100.66600000000001,123.067,136.21699999999998]","[100.66600000000001,123.067,136.21699999999998]",5.0,"[2.7009999999999934,2.1500000000000057,0.8669999999999902,0.7169999999999845,1.016999999999996]","[2.7009999999999934,2.150999999999982,0.8669999999999902,0.7169999999999845,1.016999999999996]",0.272334294,3.176,0.0,0.0,0.0,1.0,1.0,moe,question_vocal.png,im_mouth.png,,,,,,,,,,,,,,,,,,,,,,,,,,,,,,,
,,,953871,1,21,2023-09-19_23h46.45.495,flesh_expressibility_dutch,2022.2.4,MacIntel,58.82352941,,,,18.0,1.0,Nederlands,,,,,,Engels,0.0,,0.0,,0.0,,0.0,,0.0,,0.0,,0.0,,0.0,NL,3.0,2.0,2.0,1.0,,sensorypref1,sensorypref2,1440.0,900.0,,,,,,,,,,,,,6.0,"[2.7009999999999934,2.1500000000000057,0.8669999999999902,0.7169999999999845,1.016999999999996,0.5679999999999836]","[2.7009999999999934,2.150999999999982,0.8669999999999902,0.7169999999999845,1.016999999999996,0.5679999999999836]",0.001440922,2.383,0.0,1.0,1.0,0.0,1.0,liefde,question_vocal.png,im_mouth.png,,,,,,,,,,,,,,,,,,,,,,,,,,,,,,,
,,,953871,1,21,2023-09-19_23h46.45.495,flesh_expressibility_dutch,2022.2.4,MacIntel,58.82352941,,,,18.0,1.0,Nederlands,,,,,,Engels,0.0,,0.0,,0.0,,0.0,,0.0,,0.0,,0.0,,0.0,NL,3.0,2.0,2.0,1.0,,sensorypref1,sensorypref2,1440.0,900.0,,,,,,,,,,,,,,,,,,,,,,,,,,1.0,[149.64800000000002],[149.64800000000002],,,,,,,,,,,,,,,,,,,,,,,,,,,,
,,,953871,1,21,2023-09-19_23h46.45.495,flesh_expressibility_dutch,2022.2.4,MacIntel,58.82352941,,,,18.0,1.0,Nederlands,,,,,,Engels,0.0,,0.0,,0.0,,0.0,,0.0,,0.0,,0.0,,0.0,NL,3.0,2.0,2.0,1.0,,sensorypref1,sensorypref2,1440.0,900.0,,,,,,,,,,,,,,,,,,,,,,,,,,,,,,,,,,,,,,,,,,,,,,,,,,,,,,,,
,,,953871,1,21,2023-09-19_23h46.45.495,flesh_expressibility_dutch,2022.2.4,MacIntel,58.82352941,,,,18.0,1.0,Nederlands,,,,,,Engels,0.0,,0.0,,0.0,,0.0,,0.0,,0.0,,0.0,,0.0,NL,3.0,2.0,2.0,1.0,,sensorypref1,sensorypref2,1440.0,900.0,,,,,,,,,,,,,,,,,,,,,,,,,,,,,1.0,[152.745],[152.745],1.0,[153.96099999999998],[153.96099999999998],22.0,155.344,0.0,[],[],,,0.0,0.0,0.0,186.0,1.0,lang,mlang,question_multimodal.png,im_combination.png,,,,,,
,,,953871,1,21,2023-09-19_23h46.45.495,flesh_expressibility_dutch,2022.2.4,MacIntel,58.82352941,,,,18.0,1.0,Nederlands,,,,,,Engels,0.0,,0.0,,0.0,,0.0,,0.0,,0.0,,0.0,,0.0,NL,3.0,2.0,2.0,1.0,,sensorypref1,sensorypref2,1440.0,900.0,,,,,,,,,,,,,,,,,,,,,,,,,,,,,,,,,,,11.0,156.378,1.0,[1.1169999999999902],[1.1169999999999902],-0.007204611,5.394,0.0,1.0,1.0,7.0,1.0,kauwen,mkauwen,question_multimodal.png,im_combination.png,,,,,,
,,,953871,1,21,2023-09-19_23h46.45.495,flesh_expressibility_dutch,2022.2.4,MacIntel,58.82352941,,,,18.0,1.0,Nederlands,,,,,,Engels,0.0,,0.0,,0.0,,0.0,,0.0,,0.0,,0.0,,0.0,NL,3.0,2.0,2.0,1.0,,sensorypref1,sensorypref2,1440.0,900.0,,,,,,,,,,,,,,,,,,,,,,,,,,,,,,,,,,,14.0,161.94,2.0,"[1.1169999999999902,0.6839999999999975]","[1.1169999999999902,0.6839999999999975]",-0.655619597,3.586,0.0,2.0,2.0,28.0,1.0,man,mman,question_multimodal.png,im_combination.png,,,,,,
,,,953871,1,21,2023-09-19_23h46.45.495,flesh_expressibility_dutch,2022.2.4,MacIntel,58.82352941,,,,18.0,1.0,Nederlands,,,,,,Engels,0.0,,0.0,,0.0,,0.0,,0.0,,0.0,,0.0,,0.0,NL,3.0,2.0,2.0,1.0,,sensorypref1,sensorypref2,1440.0,900.0,,,,,,,,,,,,,,,,,,,,,,,,,,,,,,,,,,,14.0,166.215,3.0,"[1.1169999999999902,0.6839999999999975,0.8329999999999984]","[1.1169999999999902,0.6839999999999975,0.8329999999999984]",-0.963976945,4.135,0.0,3.0,3.0,27.0,1.0,gezond,mgezond,question_multimodal.png,im_combination.png,,,,,,
,,,953871,1,21,2023-09-19_23h46.45.495,flesh_expressibility_dutch,2022.2.4,MacIntel,58.82352941,,,,18.0,1.0,Nederlands,,,,,,Engels,0.0,,0.0,,0.0,,0.0,,0.0,,0.0,,0.0,,0.0,NL,3.0,2.0,2.0,1.0,,sensorypref1,sensorypref2,1440.0,900.0,,,,,,,,,,,,,,,,,,,,,,,,,,,,,,,,,,,14.0,171.226,4.0,"[1.1169999999999902,0.6839999999999975,0.8329999999999984,1.1330000000000098]","[1.1169999999999902,0.6839999999999975,0.8329999999999984,1.1330000000000098]",-0.799711816,4.836,0.0,4.0,4.0,105.0,1.0,arm (lichaam),marm (lichaam),question_multimodal.png,im_combination.png,,,,,,
,,,953871,1,21,2023-09-19_23h46.45.495,flesh_expressibility_dutch,2022.2.4,MacIntel,58.82352941,,,,18.0,1.0,Nederlands,,,,,,Engels,0.0,,0.0,,0.0,,0.0,,0.0,,0.0,,0.0,,0.0,NL,3.0,2.0,2.0,1.0,,sensorypref1,sensorypref2,1440.0,900.0,,,,,,,,,,,,,,,,,,,,,,,,,,,,,,,,,,,16.0,177.198,5.0,"[1.1169999999999902,0.6839999999999975,0.8329999999999984,1.1330000000000098,1.9499999999999886]","[1.1169999999999902,0.6839999999999975,0.8329999999999984,1.1330000000000098,1.9499999999999886]",-0.036023055,4.536,0.0,5.0,5.0,3.0,1.0,stil,mstil,question_multimodal.png,im_combination.png,,,,,,
,,,953871,1,21,2023-09-19_23h46.45.495,flesh_expressibility_dutch,2022.2.4,MacIntel,58.82352941,,,,18.0,1.0,Nederlands,,,,,,Engels,0.0,,0.0,,0.0,,0.0,,0.0,,0.0,,0.0,,0.0,NL,3.0,2.0,2.0,1.0,,sensorypref1,sensorypref2,1440.0,900.0,,,,,,,,,,,,,,,,,,,,,,,,,,,,,,,,,,,13.0,183.249,6.0,"[1.1169999999999902,0.6839999999999975,0.8329999999999984,1.1330000000000098,1.9499999999999886,3.434000000000026]","[1.1169999999999902,0.6839999999999975,0.8329999999999984,1.1330000000000098,1.9499999999999886,3.434000000000026]",-0.975504323,6.035,0.0,6.0,6.0,158.0,1.0,hout,mhout,question_multimodal.png,im_combination.png,,,,,,
,,,953871,1,21,2023-09-19_23h46.45.495,flesh_expressibility_dutch,2022.2.4,MacIntel,58.82352941,,,,18.0,1.0,Nederlands,,,,,,Engels,0.0,,0.0,,0.0,,0.0,,0.0,,0.0,,0.0,,0.0,NL,3.0,2.0,2.0,1.0,,sensorypref1,sensorypref2,1440.0,900.0,,,,,,,,,,,,,,,,,,,,,,,,,,,,,,,,,,,20.0,189.858,7.0,"[1.1169999999999902,0.6839999999999975,0.8329999999999984,1.1330000000000098,1.9499999999999886,3.434000000000026,0.6340000000000146]","[1.1169999999999902,0.6839999999999975,0.8329999999999984,1.1330000000000098,1.9499999999999886,3.434000000000026,0.6340000000000146]",-0.969740634,5.27,0.0,7.0,7.0,20.0,1.0,verleden,mverleden,question_multimodal.png,im_combination.png,,,,,,
,,,953871,1,21,2023-09-19_23h46.45.495,flesh_expressibility_dutch,2022.2.4,MacIntel,58.82352941,,,,18.0,1.0,Nederlands,,,,,,Engels,0.0,,0.0,,0.0,,0.0,,0.0,,0.0,,0.0,,0.0,NL,3.0,2.0,2.0,1.0,,sensorypref1,sensorypref2,1440.0,900.0,,,,,,,,,,,,,,,,,,,,,,,,,,,,,,,,,,,12.0,195.989,8.0,"[1.1169999999999902,0.6839999999999975,0.8329999999999984,1.1330000000000098,1.9499999999999886,3.434000000000026,0.6340000000000146,0.7839999999999918]","[1.1169999999999902,0.6839999999999975,0.8329999999999984,1.1330000000000098,1.9499999999999886,3.434000000000026,0.6340000000000146,0.7839999999999918]",-0.364553314,3.502,0.0,8.0,8.0,74.0,1.0,hoekig,mhoekig,question_multimodal.png,im_combination.png,,,,,,
,,,953871,1,21,2023-09-19_23h46.45.495,flesh_expressibility_dutch,2022.2.4,MacIntel,58.82352941,,,,18.0,1.0,Nederlands,,,,,,Engels,0.0,,0.0,,0.0,,0.0,,0.0,,0.0,,0.0,,0.0,NL,3.0,2.0,2.0,1.0,,sensorypref1,sensorypref2,1440.0,900.0,,,,,,,,,,,,,,,,,,,,,,,,,,,,,,,,,,,17.0,200.069,9.0,"[1.1169999999999902,0.6839999999999975,0.8329999999999984,1.1330000000000098,1.9499999999999886,3.434000000000026,0.6340000000000146,0.7839999999999918,0.5180000000000007]","[1.1169999999999902,0.6839999999999975,0.8329999999999984,1.1330000000000098,1.9499999999999886,3.434000000000026,0.6340000000000146,0.7839999999999918,0.5180000000000007]",-0.275216138,3.15,0.0,9.0,9.0,59.0,1.0,hoog,mhoog,question_multimodal.png,im_combination.png,,,,,,
,,,953871,1,21,2023-09-19_23h46.45.495,flesh_expressibility_dutch,2022.2.4,MacIntel,58.82352941,,,,18.0,1.0,Nederlands,,,,,,Engels,0.0,,0.0,,0.0,,0.0,,0.0,,0.0,,0.0,,0.0,NL,3.0,2.0,2.0,1.0,,sensorypref1,sensorypref2,1440.0,900.0,,,,,,,,,,,,,,,,,,,,,,,,,,,,,,,,,,,14.0,203.723,10.0,"[1.1169999999999902,0.6839999999999975,0.8329999999999984,1.1330000000000098,1.9499999999999886,3.434000000000026,0.6340000000000146,0.7839999999999918,0.5180000000000007,0.6499999999999773]","[1.1169999999999902,0.6839999999999975,0.8329999999999984,1.1330000000000098,1.9499999999999886,3.434000000000026,0.6340000000000146,0.7839999999999918,0.5180000000000007,0.6499999999999773]",-0.658501441,6.441,0.0,10.0,10.0,108.0,1.0,neus,mneus,question_multimodal.png,im_combination.png,,,,,,
,,,953871,1,21,2023-09-19_23h46.45.495,flesh_expressibility_dutch,2022.2.4,MacIntel,58.82352941,,,,18.0,1.0,Nederlands,,,,,,Engels,0.0,,0.0,,0.0,,0.0,,0.0,,0.0,,0.0,,0.0,NL,3.0,2.0,2.0,1.0,,sensorypref1,sensorypref2,1440.0,900.0,,,,,,,,,,,,,,,,,,,,,,,,,,,,,,,,,,,15.0,210.849,11.0,"[1.1169999999999902,0.6839999999999975,0.8329999999999984,1.1330000000000098,1.9499999999999886,3.434000000000026,0.6340000000000146,0.7839999999999918,0.5180000000000007,0.6499999999999773,1.0840000000000032]","[1.1169999999999902,0.6839999999999975,0.8329999999999984,1.1330000000000098,1.9499999999999886,3.434000000000026,0.6340000000000146,0.7839999999999918,0.5180000000000007,0.6499999999999773,1.0840000000000032]",0.393371758,3.703,0.0,11.0,11.0,101.0,1.0,hond,mhond,question_multimodal.png,im_combination.png,,,,,,
,,,953871,1,21,2023-09-19_23h46.45.495,flesh_expressibility_dutch,2022.2.4,MacIntel,58.82352941,,,,18.0,1.0,Nederlands,,,,,,Engels,0.0,,0.0,,0.0,,0.0,,0.0,,0.0,,0.0,,0.0,NL,3.0,2.0,2.0,1.0,,sensorypref1,sensorypref2,1440.0,900.0,,,,,,,,,,,,,,,,,,,,,,,,,,,,,,,,,,,22.0,215.752,11.0,"[1.1169999999999902,0.6839999999999975,0.8329999999999984,1.1330000000000098,1.9499999999999886,3.434000000000026,0.6340000000000146,0.7839999999999918,0.5180000000000007,0.6499999999999773,1.0840000000000032]","[1.1169999999999902,0.6839999999999975,0.8329999999999984,1.1330000000000098,1.9499999999999886,3.434000000000026,0.6340000000000146,0.7839999999999918,0.5180000000000007,0.6499999999999773,1.0840000000000032]",,,0.0,12.0,12.0,117.0,1.0,haar,mhaar,question_multimodal.png,im_combination.png,,,,,,
,,,953871,1,21,2023-09-19_23h46.45.495,flesh_expressibility_dutch,2022.2.4,MacIntel,58.82352941,,,,18.0,1.0,Nederlands,,,,,,Engels,0.0,,0.0,,0.0,,0.0,,0.0,,0.0,,0.0,,0.0,NL,3.0,2.0,2.0,1.0,,sensorypref1,sensorypref2,1440.0,900.0,,,,,,,,,,,,,,,,,,,,,,,,,,,,,,,,,,,15.0,216.655,12.0,"[1.1169999999999902,0.6839999999999975,0.8329999999999984,1.1330000000000098,1.9499999999999886,3.434000000000026,0.6340000000000146,0.7839999999999918,0.5180000000000007,0.6499999999999773,1.0840000000000032,1.3169999999999789]","[1.1169999999999902,0.6839999999999975,0.8329999999999984,1.1330000000000098,1.9499999999999886,3.434000000000026,0.6340000000000146,0.7839999999999918,0.5180000000000007,0.6499999999999773,1.0840000000000032,1.3169999999999789]",-0.574927954,3.327,0.0,13.0,13.0,6.0,1.0,zuur,mzuur,question_multimodal.png,im_combination.png,,,,,,
,,,953871,1,21,2023-09-19_23h46.45.495,flesh_expressibility_dutch,2022.2.4,MacIntel,58.82352941,,,,18.0,1.0,Nederlands,,,,,,Engels,0.0,,0.0,,0.0,,0.0,,0.0,,0.0,,0.0,,0.0,NL,3.0,2.0,2.0,1.0,,sensorypref1,sensorypref2,1440.0,900.0,,,,,,,,,,,,,,,,,,,,,,,,,,,,,,,,,,,19.0,221.284,13.0,"[1.1169999999999902,0.6839999999999975,0.8329999999999984,1.1330000000000098,1.9499999999999886,3.434000000000026,0.6340000000000146,0.7839999999999918,0.5180000000000007,0.6499999999999773,1.0840000000000032,1.3169999999999789,0.6169999999999902]","[1.1169999999999902,0.6839999999999975,0.8329999999999984,1.1330000000000098,1.9499999999999886,3.434000000000026,0.6340000000000146,0.7839999999999918,0.5180000000000007,0.6499999999999773,1.0840000000000032,1.3169999999999789,0.6169999999999902]",-0.644092219,5.684,0.0,14.0,14.0,183.0,1.0,jij,mjij,question_multimodal.png,im_combination.png,,,,,,
,,,953871,1,21,2023-09-19_23h46.45.495,flesh_expressibility_dutch,2022.2.4,MacIntel,58.82352941,,,,18.0,1.0,Nederlands,,,,,,Engels,0.0,,0.0,,0.0,,0.0,,0.0,,0.0,,0.0,,0.0,NL,3.0,2.0,2.0,1.0,,sensorypref1,sensorypref2,1440.0,900.0,,,,,,,,,,,,,,,,,,,,,,,,,,,,,,,,,,,16.0,227.505,14.0,"[1.1169999999999902,0.6839999999999975,0.8329999999999984,1.1330000000000098,1.9499999999999886,3.434000000000026,0.6340000000000146,0.7839999999999918,0.5180000000000007,0.6499999999999773,1.0840000000000032,1.3169999999999789,0.6169999999999902,0.7670000000000243]","[1.1169999999999902,0.6839999999999975,0.8329999999999984,1.1330000000000098,1.9499999999999886,3.434000000000026,0.6340000000000146,0.7839999999999918,0.5180000000000007,0.6499999999999773,1.0840000000000032,1.3169999999999789,0.6169999999999902,0.7670000000000243]",-0.874639769,6.186,0.0,15.0,15.0,62.0,1.0,piepen,mpiepen,question_multimodal.png,im_combination.png,,,,,,
,,,953871,1,21,2023-09-19_23h46.45.495,flesh_expressibility_dutch,2022.2.4,MacIntel,58.82352941,,,,18.0,1.0,Nederlands,,,,,,Engels,0.0,,0.0,,0.0,,0.0,,0.0,,0.0,,0.0,,0.0,NL,3.0,2.0,2.0,1.0,,sensorypref1,sensorypref2,1440.0,900.0,,,,,,,,,,,,,,,,,,,,,,,,,,,,,,,,,,,20.0,234.478,15.0,"[1.1169999999999902,0.6839999999999975,0.8329999999999984,1.1330000000000098,1.9499999999999886,3.434000000000026,0.6340000000000146,0.7839999999999918,0.5180000000000007,0.6499999999999773,1.0840000000000032,1.3169999999999789,0.6169999999999902,0.7670000000000243,0.8329999999999984]","[1.1169999999999902,0.6839999999999975,0.8329999999999984,1.1330000000000098,1.9499999999999886,3.434000000000026,0.6340000000000146,0.7839999999999918,0.5180000000000007,0.6499999999999773,1.0840000000000032,1.3169999999999789,0.6169999999999902,0.7670000000000243,0.8329999999999984]",-0.917867435,5.194,0.0,16.0,16.0,120.0,1.0,been,mbeen,question_multimodal.png,im_combination.png,,,,,,
,,,953871,1,21,2023-09-19_23h46.45.495,flesh_expressibility_dutch,2022.2.4,MacIntel,58.82352941,,,,18.0,1.0,Nederlands,,,,,,Engels,0.0,,0.0,,0.0,,0.0,,0.0,,0.0,,0.0,,0.0,NL,3.0,2.0,2.0,1.0,,sensorypref1,sensorypref2,1440.0,900.0,,,,,,,,,,,,,,,,,,,,,,,,,,,,,,,,,,,22.0,240.517,15.0,"[1.1169999999999902,0.6839999999999975,0.8329999999999984,1.1330000000000098,1.9499999999999886,3.434000000000026,0.6340000000000146,0.7839999999999918,0.5180000000000007,0.6499999999999773,1.0840000000000032,1.3169999999999789,0.6169999999999902,0.7670000000000243,0.8329999999999984]","[1.1169999999999902,0.6839999999999975,0.8329999999999984,1.1330000000000098,1.9499999999999886,3.434000000000026,0.6340000000000146,0.7839999999999918,0.5180000000000007,0.6499999999999773,1.0840000000000032,1.3169999999999789,0.6169999999999902,0.7670000000000243,0.8329999999999984]",,,0.0,17.0,17.0,181.0,1.0,ik,mik,question_multimodal.png,im_combination.png,,,,,,
,,,953871,1,21,2023-09-19_23h46.45.495,flesh_expressibility_dutch,2022.2.4,MacIntel,58.82352941,,,,18.0,1.0,Nederlands,,,,,,Engels,0.0,,0.0,,0.0,,0.0,,0.0,,0.0,,0.0,,0.0,NL,3.0,2.0,2.0,1.0,,sensorypref1,sensorypref2,1440.0,900.0,,,,,,,,,,,,,,,,,,,,,,,,,,,,,,,,,,,17.0,241.663,16.0,"[1.1169999999999902,0.6839999999999975,0.8329999999999984,1.1330000000000098,1.9499999999999886,3.434000000000026,0.6340000000000146,0.7839999999999918,0.5180000000000007,0.6499999999999773,1.0840000000000032,1.3169999999999789,0.6169999999999902,0.7670000000000243,0.8329999999999984,0.6339999999999577]","[1.1169999999999902,0.6839999999999975,0.8329999999999984,1.1330000000000098,1.9499999999999886,3.434000000000026,0.6340000000000146,0.7839999999999918,0.5180000000000007,0.6499999999999773,1.0840000000000032,1.3169999999999789,0.6169999999999902,0.7670000000000243,0.8329999999999984,0.6339999999999577]",-0.868876081,7.315,0.0,18.0,18.0,119.0,1.0,knie,mknie,question_multimodal.png,im_combination.png,,,,,,
,,,953871,1,21,2023-09-19_23h46.45.495,flesh_expressibility_dutch,2022.2.4,MacIntel,58.82352941,,,,18.0,1.0,Nederlands,,,,,,Engels,0.0,,0.0,,0.0,,0.0,,0.0,,0.0,,0.0,,0.0,NL,3.0,2.0,2.0,1.0,,sensorypref1,sensorypref2,1440.0,900.0,,,,,,,,,,,,,,,,,,,,,,,,,,,,,,,,,,,22.0,249.258,16.0,"[1.1169999999999902,0.6839999999999975,0.8329999999999984,1.1330000000000098,1.9499999999999886,3.434000000000026,0.6340000000000146,0.7839999999999918,0.5180000000000007,0.6499999999999773,1.0840000000000032,1.3169999999999789,0.6169999999999902,0.7670000000000243,0.8329999999999984,0.6339999999999577]","[1.1169999999999902,0.6839999999999975,0.8329999999999984,1.1330000000000098,1.9499999999999886,3.434000000000026,0.6340000000000146,0.7839999999999918,0.5180000000000007,0.6499999999999773,1.0840000000000032,1.3169999999999789,0.6169999999999902,0.7670000000000243,0.8329999999999984,0.6339999999999577]",,,0.0,19.0,19.0,124.0,1.0,nek,mnek,question_multimodal.png,im_combination.png,,,,,,
,,,953871,1,21,2023-09-19_23h46.45.495,flesh_expressibility_dutch,2022.2.4,MacIntel,58.82352941,,,,18.0,1.0,Nederlands,,,,,,Engels,0.0,,0.0,,0.0,,0.0,,0.0,,0.0,,0.0,,0.0,NL,3.0,2.0,2.0,1.0,,sensorypref1,sensorypref2,1440.0,900.0,,,,,,,,,,,,,,,,,,,,,,,,,,,,,,,,,,,20.0,250.231,17.0,"[1.1169999999999902,0.6839999999999975,0.8329999999999984,1.1330000000000098,1.9499999999999886,3.434000000000026,0.6340000000000146,0.7839999999999918,0.5180000000000007,0.6499999999999773,1.0840000000000032,1.3169999999999789,0.6169999999999902,0.7670000000000243,0.8329999999999984,0.6339999999999577,0.6999999999999886]","[1.1169999999999902,0.6839999999999975,0.8329999999999984,1.1330000000000098,1.9499999999999886,3.434000000000026,0.6340000000000146,0.7839999999999918,0.5180000000000007,0.6499999999999773,1.0840000000000032,1.3169999999999789,0.6169999999999902,0.7670000000000243,0.8329999999999984,0.6339999999999577,0.6999999999999886]",-0.615273775,6.922,0.0,20.0,20.0,93.0,1.0,kleding,mkleding,question_multimodal.png,im_combination.png,,,,,,
,,,953871,1,21,2023-09-19_23h46.45.495,flesh_expressibility_dutch,2022.2.4,MacIntel,58.82352941,,,,18.0,1.0,Nederlands,,,,,,Engels,0.0,,0.0,,0.0,,0.0,,0.0,,0.0,,0.0,,0.0,NL,3.0,2.0,2.0,1.0,,sensorypref1,sensorypref2,1440.0,900.0,,,,,,,,,,,,,,,,,,,,,,,,,,,,,,,,,,,21.0,257.652,18.0,"[1.1169999999999902,0.6839999999999975,0.8329999999999984,1.1330000000000098,1.9499999999999886,3.434000000000026,0.6340000000000146,0.7839999999999918,0.5180000000000007,0.6499999999999773,1.0840000000000032,1.3169999999999789,0.6169999999999902,0.7670000000000243,0.8329999999999984,0.6339999999999577,0.6999999999999886,0.7339999999999804]","[1.1169999999999902,0.6839999999999975,0.8329999999999984,1.1330000000000098,1.9499999999999886,3.434000000000026,0.6340000000000146,0.7839999999999918,0.5180000000000007,0.6499999999999773,1.0840000000000032,1.3169999999999789,0.6169999999999902,0.7670000000000243,0.8329999999999984,0.6339999999999577,0.6999999999999886,0.7339999999999804]",-0.044668588,5.719,0.0,21.0,21.0,25.0,1.0,dood,mdood,question_multimodal.png,im_combination.png,,,,,,
,,,953871,1,21,2023-09-19_23h46.45.495,flesh_expressibility_dutch,2022.2.4,MacIntel,58.82352941,,,,18.0,1.0,Nederlands,,,,,,Engels,0.0,,0.0,,0.0,,0.0,,0.0,,0.0,,0.0,,0.0,NL,3.0,2.0,2.0,1.0,,sensorypref1,sensorypref2,1440.0,900.0,,,,,,,,,,,,,,,,,,,,,,,,,,,,,,,,,,,15.0,264.137,19.0,"[1.1169999999999902,0.6839999999999975,0.8329999999999984,1.1330000000000098,1.9499999999999886,3.434000000000026,0.6340000000000146,0.7839999999999918,0.5180000000000007,0.6499999999999773,1.0840000000000032,1.3169999999999789,0.6169999999999902,0.7670000000000243,0.8329999999999984,0.6339999999999577,0.6999999999999886,0.7339999999999804,2.4499999999999886]","[1.1169999999999902,0.6839999999999975,0.8329999999999984,1.1330000000000098,1.9499999999999886,3.434000000000026,0.6340000000000146,0.7839999999999918,0.5180000000000007,0.6499999999999773,1.0840000000000032,1.3169999999999789,0.6169999999999902,0.7670000000000243,0.8329999999999984,0.6339999999999577,0.6999999999999886,0.7339999999999804,2.4499999999999886]",-0.206051873,4.919,0.0,22.0,22.0,41.0,1.0,bliksem,mbliksem,question_multimodal.png,im_combination.png,,,,,,
,,,953871,1,21,2023-09-19_23h46.45.495,flesh_expressibility_dutch,2022.2.4,MacIntel,58.82352941,,,,18.0,1.0,Nederlands,,,,,,Engels,0.0,,0.0,,0.0,,0.0,,0.0,,0.0,,0.0,,0.0,NL,3.0,2.0,2.0,1.0,,sensorypref1,sensorypref2,1440.0,900.0,,,,,,,,,,,,,,,,,,,,,,,,,,,,,,,,,,,14.0,269.618,20.0,"[1.1169999999999902,0.6839999999999975,0.8329999999999984,1.1330000000000098,1.9499999999999886,3.434000000000026,0.6340000000000146,0.7839999999999918,0.5180000000000007,0.6499999999999773,1.0840000000000032,1.3169999999999789,0.6169999999999902,0.7670000000000243,0.8329999999999984,0.6339999999999577,0.6999999999999886,0.7339999999999804,2.4499999999999886,1.0670000000000073]","[1.1169999999999902,0.6839999999999975,0.8329999999999984,1.1330000000000098,1.9499999999999886,3.434000000000026,0.6340000000000146,0.7839999999999918,0.5180000000000007,0.6499999999999773,1.0840000000000032,1.3169999999999789,0.6169999999999902,0.7670000000000243,0.8329999999999984,0.6339999999999577,0.6999999999999886,0.7339999999999804,2.4499999999999886,1.0670000000000073]",0.445244957,3.554,0.0,23.0,23.0,102.0,1.0,vis,mvis,question_multimodal.png,im_combination.png,,,,,,
,,,953871,1,21,2023-09-19_23h46.45.495,flesh_expressibility_dutch,2022.2.4,MacIntel,58.82352941,,,,18.0,1.0,Nederlands,,,,,,Engels,0.0,,0.0,,0.0,,0.0,,0.0,,0.0,,0.0,,0.0,NL,3.0,2.0,2.0,1.0,,sensorypref1,sensorypref2,1440.0,900.0,,,,,,,,,,,,,,,,,,,,,,,,,,,,,2.0,"[152.745,274.817]","[152.745,274.817]",2.0,"[153.96099999999998,275.933]","[153.96099999999998,275.933]",19.0,277.404,21.0,"[1.1169999999999902,0.6839999999999975,0.8329999999999984,1.1330000000000098,1.9499999999999886,3.434000000000026,0.6340000000000146,0.7839999999999918,0.5180000000000007,0.6499999999999773,1.0840000000000032,1.3169999999999789,0.6169999999999902,0.7670000000000243,0.8329999999999984,0.6339999999999577,0.6999999999999886,0.7339999999999804,2.4499999999999886,1.0670000000000073,2.7660000000000196]","[1.1169999999999902,0.6839999999999975,0.8329999999999984,1.1330000000000098,1.9499999999999886,3.434000000000026,0.6340000000000146,0.7839999999999918,0.5180000000000007,0.6499999999999773,1.0840000000000032,1.3169999999999789,0.6169999999999902,0.7670000000000243,0.8329999999999984,0.6339999999999577,0.6999999999999886,0.7339999999999804,2.4499999999999886,1.0670000000000073,2.7660000000000196]",0.497118156,3.59,0.0,0.0,0.0,56.0,1.0,grommen,vgrommen,question_vocal.png,im_mouth.png,,,,,,
,,,953871,1,21,2023-09-19_23h46.45.495,flesh_expressibility_dutch,2022.2.4,MacIntel,58.82352941,,,,18.0,1.0,Nederlands,,,,,,Engels,0.0,,0.0,,0.0,,0.0,,0.0,,0.0,,0.0,,0.0,NL,3.0,2.0,2.0,1.0,,sensorypref1,sensorypref2,1440.0,900.0,,,,,,,,,,,,,,,,,,,,,,,,,,,,,,,,,,,14.0,283.75,22.0,"[1.1169999999999902,0.6839999999999975,0.8329999999999984,1.1330000000000098,1.9499999999999886,3.434000000000026,0.6340000000000146,0.7839999999999918,0.5180000000000007,0.6499999999999773,1.0840000000000032,1.3169999999999789,0.6169999999999902,0.7670000000000243,0.8329999999999984,0.6339999999999577,0.6999999999999886,0.7339999999999804,2.4499999999999886,1.0670000000000073,2.7660000000000196,2.5330000000000155]","[1.1169999999999902,0.6839999999999975,0.8329999999999984,1.1330000000000098,1.9499999999999886,3.434000000000026,0.6340000000000146,0.7839999999999918,0.5180000000000007,0.6499999999999773,1.0840000000000032,1.3169999999999789,0.6169999999999902,0.7670000000000243,0.8329999999999984,0.6339999999999577,0.6999999999999886,0.7339999999999804,2.4499999999999886,1.0670000000000073,2.7660000000000196,2.5330000000000155]",-0.378962536,5.97,0.0,1.0,1.0,169.0,1.0,zien,vzien,question_vocal.png,im_mouth.png,,,,,,
,,,953871,1,21,2023-09-19_23h46.45.495,flesh_expressibility_dutch,2022.2.4,MacIntel,58.82352941,,,,18.0,1.0,Nederlands,,,,,,Engels,0.0,,0.0,,0.0,,0.0,,0.0,,0.0,,0.0,,0.0,NL,3.0,2.0,2.0,1.0,,sensorypref1,sensorypref2,1440.0,900.0,,,,,,,,,,,,,,,,,,,,,,,,,,,,,,,,,,,19.0,290.224,23.0,"[1.1169999999999902,0.6839999999999975,0.8329999999999984,1.1330000000000098,1.9499999999999886,3.434000000000026,0.6340000000000146,0.7839999999999918,0.5180000000000007,0.6499999999999773,1.0840000000000032,1.3169999999999789,0.6169999999999902,0.7670000000000243,0.8329999999999984,0.6339999999999577,0.6999999999999886,0.7339999999999804,2.4499999999999886,1.0670000000000073,2.7660000000000196,2.5330000000000155,1.0330000000000155]","[1.1169999999999902,0.6839999999999975,0.8329999999999984,1.1330000000000098,1.9499999999999886,3.434000000000026,0.6340000000000146,0.7839999999999918,0.5180000000000007,0.6499999999999773,1.0840000000000032,1.3169999999999789,0.6169999999999902,0.7670000000000243,0.8329999999999984,0.6339999999999577,0.6999999999999886,0.7339999999999804,2.4499999999999886,1.0670000000000073,2.7660000000000196,2.5330000000000155,1.0330000000000155]",-0.05907781,2.322,0.0,2.0,2.0,191.0,1.0,vuur,vvuur,question_vocal.png,im_mouth.png,,,,,,
,,,953871,1,21,2023-09-19_23h46.45.495,flesh_expressibility_dutch,2022.2.4,MacIntel,58.82352941,,,,18.0,1.0,Nederlands,,,,,,Engels,0.0,,0.0,,0.0,,0.0,,0.0,,0.0,,0.0,,0.0,NL,3.0,2.0,2.0,1.0,,sensorypref1,sensorypref2,1440.0,900.0,,,,,,,,,,,,,,,,,,,,,,,,,,,,,,,,,,,22.0,293.588,23.0,"[1.1169999999999902,0.6839999999999975,0.8329999999999984,1.1330000000000098,1.9499999999999886,3.434000000000026,0.6340000000000146,0.7839999999999918,0.5180000000000007,0.6499999999999773,1.0840000000000032,1.3169999999999789,0.6169999999999902,0.7670000000000243,0.8329999999999984,0.6339999999999577,0.6999999999999886,0.7339999999999804,2.4499999999999886,1.0670000000000073,2.7660000000000196,2.5330000000000155,1.0330000000000155]","[1.1169999999999902,0.6839999999999975,0.8329999999999984,1.1330000000000098,1.9499999999999886,3.434000000000026,0.6340000000000146,0.7839999999999918,0.5180000000000007,0.6499999999999773,1.0840000000000032,1.3169999999999789,0.6169999999999902,0.7670000000000243,0.8329999999999984,0.6339999999999577,0.6999999999999886,0.7339999999999804,2.4499999999999886,1.0670000000000073,2.7660000000000196,2.5330000000000155,1.0330000000000155]",,,0.0,3.0,3.0,76.0,1.0,blauw,vblauw,question_vocal.png,im_mouth.png,,,,,,
,,,953871,1,21,2023-09-19_23h46.45.495,flesh_expressibility_dutch,2022.2.4,MacIntel,58.82352941,,,,18.0,1.0,Nederlands,,,,,,Engels,0.0,,0.0,,0.0,,0.0,,0.0,,0.0,,0.0,,0.0,NL,3.0,2.0,2.0,1.0,,sensorypref1,sensorypref2,1440.0,900.0,,,,,,,,,,,,,,,,,,,,,,,,,,,,,,,,,,,13.0,294.563,24.0,"[1.1169999999999902,0.6839999999999975,0.8329999999999984,1.1330000000000098,1.9499999999999886,3.434000000000026,0.6340000000000146,0.7839999999999918,0.5180000000000007,0.6499999999999773,1.0840000000000032,1.3169999999999789,0.6169999999999902,0.7670000000000243,0.8329999999999984,0.6339999999999577,0.6999999999999886,0.7339999999999804,2.4499999999999886,1.0670000000000073,2.7660000000000196,2.5330000000000155,1.0330000000000155,0.9840000000000373]","[1.1169999999999902,0.6839999999999975,0.8329999999999984,1.1330000000000098,1.9499999999999886,3.434000000000026,0.6340000000000146,0.7839999999999918,0.5180000000000007,0.6499999999999773,1.0840000000000032,1.3169999999999789,0.6169999999999902,0.7670000000000243,0.8329999999999984,0.6339999999999577,0.6999999999999886,0.7339999999999804,2.4499999999999886,1.0670000000000073,2.7660000000000196,2.5330000000000155,1.0330000000000155,0.9840000000000373]",-0.75648415,2.595,0.0,4.0,4.0,120.0,1.0,been,vbeen,question_vocal.png,im_mouth.png,,,,,,
,,,953871,1,21,2023-09-19_23h46.45.495,flesh_expressibility_dutch,2022.2.4,MacIntel,58.82352941,,,,18.0,1.0,Nederlands,,,,,,Engels,0.0,,0.0,,0.0,,0.0,,0.0,,0.0,,0.0,,0.0,NL,3.0,2.0,2.0,1.0,,sensorypref1,sensorypref2,1440.0,900.0,,,,,,,,,,,,,,,,,,,,,,,,,,,,,,,,,,,19.0,297.952,25.0,"[1.1169999999999902,0.6839999999999975,0.8329999999999984,1.1330000000000098,1.9499999999999886,3.434000000000026,0.6340000000000146,0.7839999999999918,0.5180000000000007,0.6499999999999773,1.0840000000000032,1.3169999999999789,0.6169999999999902,0.7670000000000243,0.8329999999999984,0.6339999999999577,0.6999999999999886,0.7339999999999804,2.4499999999999886,1.0670000000000073,2.7660000000000196,2.5330000000000155,1.0330000000000155,0.9840000000000373,0.7000000000000455]","[1.1169999999999902,0.6839999999999975,0.8329999999999984,1.1330000000000098,1.9499999999999886,3.434000000000026,0.6340000000000146,0.7839999999999918,0.5180000000000007,0.6499999999999773,1.0840000000000032,1.3169999999999789,0.6169999999999902,0.7670000000000243,0.8329999999999984,0.6339999999999577,0.6999999999999886,0.7339999999999804,2.4499999999999886,1.0670000000000073,2.7660000000000196,2.5330000000000155,1.0330000000000155,0.9840000000000373,0.7000000000000455]",-0.96685879,3.302,0.0,5.0,5.0,185.0,1.0,in,vin,question_vocal.png,im_mouth.png,,,,,,
,,,953871,1,21,2023-09-19_23h46.45.495,flesh_expressibility_dutch,2022.2.4,MacIntel,58.82352941,,,,18.0,1.0,Nederlands,,,,,,Engels,0.0,,0.0,,0.0,,0.0,,0.0,,0.0,,0.0,,0.0,NL,3.0,2.0,2.0,1.0,,sensorypref1,sensorypref2,1440.0,900.0,,,,,,,,,,,,,,,,,,,,,,,,,,,,,,,,,,,12.0,301.955,26.0,"[1.1169999999999902,0.6839999999999975,0.8329999999999984,1.1330000000000098,1.9499999999999886,3.434000000000026,0.6340000000000146,0.7839999999999918,0.5180000000000007,0.6499999999999773,1.0840000000000032,1.3169999999999789,0.6169999999999902,0.7670000000000243,0.8329999999999984,0.6339999999999577,0.6999999999999886,0.7339999999999804,2.4499999999999886,1.0670000000000073,2.7660000000000196,2.5330000000000155,1.0330000000000155,0.9840000000000373,0.7000000000000455,0.6999999999999886]","[1.1169999999999902,0.6839999999999975,0.8329999999999984,1.1330000000000098,1.9499999999999886,3.434000000000026,0.6340000000000146,0.7839999999999918,0.5180000000000007,0.6499999999999773,1.0840000000000032,1.3169999999999789,0.6169999999999902,0.7670000000000243,0.8329999999999984,0.6339999999999577,0.6999999999999886,0.7339999999999804,2.4499999999999886,1.0670000000000073,2.7660000000000196,2.5330000000000155,1.0330000000000155,0.9840000000000373,0.7000000000000455,0.6999999999999886]",-0.992795389,3.67,0.0,6.0,6.0,77.0,1.0,groen,vgroen,question_vocal.png,im_mouth.png,,,,,,
,,,953871,1,21,2023-09-19_23h46.45.495,flesh_expressibility_dutch,2022.2.4,MacIntel,58.82352941,,,,18.0,1.0,Nederlands,,,,,,Engels,0.0,,0.0,,0.0,,0.0,,0.0,,0.0,,0.0,,0.0,NL,3.0,2.0,2.0,1.0,,sensorypref1,sensorypref2,1440.0,900.0,,,,,,,,,,,,,,,,,,,,,,,,,,,,,,,,,,,22.0,306.351,26.0,"[1.1169999999999902,0.6839999999999975,0.8329999999999984,1.1330000000000098,1.9499999999999886,3.434000000000026,0.6340000000000146,0.7839999999999918,0.5180000000000007,0.6499999999999773,1.0840000000000032,1.3169999999999789,0.6169999999999902,0.7670000000000243,0.8329999999999984,0.6339999999999577,0.6999999999999886,0.7339999999999804,2.4499999999999886,1.0670000000000073,2.7660000000000196,2.5330000000000155,1.0330000000000155,0.9840000000000373,0.7000000000000455,0.6999999999999886]","[1.1169999999999902,0.6839999999999975,0.8329999999999984,1.1330000000000098,1.9499999999999886,3.434000000000026,0.6340000000000146,0.7839999999999918,0.5180000000000007,0.6499999999999773,1.0840000000000032,1.3169999999999789,0.6169999999999902,0.7670000000000243,0.8329999999999984,0.6339999999999577,0.6999999999999886,0.7339999999999804,2.4499999999999886,1.0670000000000073,2.7660000000000196,2.5330000000000155,1.0330000000000155,0.9840000000000373,0.7000000000000455,0.6999999999999886]",,,0.0,7.0,7.0,2.0,1.0,luidruchtig,vluidruchtig,question_vocal.png,im_mouth.png,,,,,,
,,,953871,1,21,2023-09-19_23h46.45.495,flesh_expressibility_dutch,2022.2.4,MacIntel,58.82352941,,,,18.0,1.0,Nederlands,,,,,,Engels,0.0,,0.0,,0.0,,0.0,,0.0,,0.0,,0.0,,0.0,NL,3.0,2.0,2.0,1.0,,sensorypref1,sensorypref2,1440.0,900.0,,,,,,,,,,,,,,,,,,,,,,,,,,,,,,,,,,,14.0,307.712,27.0,"[1.1169999999999902,0.6839999999999975,0.8329999999999984,1.1330000000000098,1.9499999999999886,3.434000000000026,0.6340000000000146,0.7839999999999918,0.5180000000000007,0.6499999999999773,1.0840000000000032,1.3169999999999789,0.6169999999999902,0.7670000000000243,0.8329999999999984,0.6339999999999577,0.6999999999999886,0.7339999999999804,2.4499999999999886,1.0670000000000073,2.7660000000000196,2.5330000000000155,1.0330000000000155,0.9840000000000373,0.7000000000000455,0.6999999999999886,0.7659999999999627]","[1.1169999999999902,0.6839999999999975,0.8329999999999984,1.1330000000000098,1.9499999999999886,3.434000000000026,0.6340000000000146,0.7839999999999918,0.5180000000000007,0.6499999999999773,1.0840000000000032,1.3169999999999789,0.6169999999999902,0.7670000000000243,0.8329999999999984,0.6339999999999577,0.6999999999999886,0.7339999999999804,2.4499999999999886,1.0670000000000073,2.7660000000000196,2.5330000000000155,1.0330000000000155,0.9840000000000373,0.7000000000000455,0.6999999999999886,0.7669999999999959]",0.404899135,4.367,0.0,8.0,8.0,91.0,1.0,koud,vkoud,question_vocal.png,im_mouth.png,,,,,,
,,,953871,1,21,2023-09-19_23h46.45.495,flesh_expressibility_dutch,2022.2.4,MacIntel,58.82352941,,,,18.0,1.0,Nederlands,,,,,,Engels,0.0,,0.0,,0.0,,0.0,,0.0,,0.0,,0.0,,0.0,NL,3.0,2.0,2.0,1.0,,sensorypref1,sensorypref2,1440.0,900.0,,,,,,,,,,,,,,,,,,,,,,,,,,,,,,,,,,,17.0,312.289,28.0,"[1.1169999999999902,0.6839999999999975,0.8329999999999984,1.1330000000000098,1.9499999999999886,3.434000000000026,0.6340000000000146,0.7839999999999918,0.5180000000000007,0.6499999999999773,1.0840000000000032,1.3169999999999789,0.6169999999999902,0.7670000000000243,0.8329999999999984,0.6339999999999577,0.6999999999999886,0.7339999999999804,2.4499999999999886,1.0670000000000073,2.7660000000000196,2.5330000000000155,1.0330000000000155,0.9840000000000373,0.7000000000000455,0.6999999999999886,0.7659999999999627,2]","[1.1169999999999902,0.6839999999999975,0.8329999999999984,1.1330000000000098,1.9499999999999886,3.434000000000026,0.6340000000000146,0.7839999999999918,0.5180000000000007,0.6499999999999773,1.0840000000000032,1.3169999999999789,0.6169999999999902,0.7670000000000243,0.8329999999999984,0.6339999999999577,0.6999999999999886,0.7339999999999804,2.4499999999999886,1.0670000000000073,2.7660000000000196,2.5330000000000155,1.0330000000000155,0.9840000000000373,0.7000000000000455,0.6999999999999886,0.7669999999999959,2]",-0.923631124,3.352,0.0,9.0,9.0,122.0,1.0,lever,vlever,question_vocal.png,im_mouth.png,,,,,,
,,,953871,1,21,2023-09-19_23h46.45.495,flesh_expressibility_dutch,2022.2.4,MacIntel,58.82352941,,,,18.0,1.0,Nederlands,,,,,,Engels,0.0,,0.0,,0.0,,0.0,,0.0,,0.0,,0.0,,0.0,NL,3.0,2.0,2.0,1.0,,sensorypref1,sensorypref2,1440.0,900.0,,,,,,,,,,,,,,,,,,,,,,,,,,,,,,,,,,,11.0,316.939,29.0,"[1.1169999999999902,0.6839999999999975,0.8329999999999984,1.1330000000000098,1.9499999999999886,3.434000000000026,0.6340000000000146,0.7839999999999918,0.5180000000000007,0.6499999999999773,1.0840000000000032,1.3169999999999789,0.6169999999999902,0.7670000000000243,0.8329999999999984,0.6339999999999577,0.6999999999999886,0.7339999999999804,2.4499999999999886,1.0670000000000073,2.7660000000000196,2.5330000000000155,1.0330000000000155,0.9840000000000373,0.7000000000000455,0.6999999999999886,0.7659999999999627,2,0.6999999999999886]","[1.1169999999999902,0.6839999999999975,0.8329999999999984,1.1330000000000098,1.9499999999999886,3.434000000000026,0.6340000000000146,0.7839999999999918,0.5180000000000007,0.6499999999999773,1.0840000000000032,1.3169999999999789,0.6169999999999902,0.7670000000000243,0.8329999999999984,0.6339999999999577,0.6999999999999886,0.7339999999999804,2.4499999999999886,1.0670000000000073,2.7660000000000196,2.5330000000000155,1.0330000000000155,0.9840000000000373,0.7000000000000455,0.6999999999999886,0.7669999999999959,2,0.6999999999999886]",0.583573487,3.802,0.0,10.0,10.0,73.0,1.0,ruiken,vruiken,question_vocal.png,im_mouth.png,,,,,,
,,,953871,1,21,2023-09-19_23h46.45.495,flesh_expressibility_dutch,2022.2.4,MacIntel,58.82352941,,,,18.0,1.0,Nederlands,,,,,,Engels,0.0,,0.0,,0.0,,0.0,,0.0,,0.0,,0.0,,0.0,NL,3.0,2.0,2.0,1.0,,sensorypref1,sensorypref2,1440.0,900.0,,,,,,,,,,,,,,,,,,,,,,,,,,,,,,,,,,,20.0,321.47,30.0,"[1.1169999999999902,0.6839999999999975,0.8329999999999984,1.1330000000000098,1.9499999999999886,3.434000000000026,0.6340000000000146,0.7839999999999918,0.5180000000000007,0.6499999999999773,1.0840000000000032,1.3169999999999789,0.6169999999999902,0.7670000000000243,0.8329999999999984,0.6339999999999577,0.6999999999999886,0.7339999999999804,2.4499999999999886,1.0670000000000073,2.7660000000000196,2.5330000000000155,1.0330000000000155,0.9840000000000373,0.7000000000000455,0.6999999999999886,0.7659999999999627,2,0.6999999999999886,0.58299999999997]","[1.1169999999999902,0.6839999999999975,0.8329999999999984,1.1330000000000098,1.9499999999999886,3.434000000000026,0.6340000000000146,0.7839999999999918,0.5180000000000007,0.6499999999999773,1.0840000000000032,1.3169999999999789,0.6169999999999902,0.7670000000000243,0.8329999999999984,0.6339999999999577,0.6999999999999886,0.7339999999999804,2.4499999999999886,1.0670000000000073,2.7660000000000196,2.5330000000000155,1.0330000000000155,0.9840000000000373,0.7000000000000455,0.6999999999999886,0.7669999999999959,2,0.6999999999999886,0.58299999999997]",0.018731988,4.371,0.0,11.0,11.0,54.0,1.0,snel,vsnel,question_vocal.png,im_mouth.png,,,,,,
,,,953871,1,21,2023-09-19_23h46.45.495,flesh_expressibility_dutch,2022.2.4,MacIntel,58.82352941,,,,18.0,1.0,Nederlands,,,,,,Engels,0.0,,0.0,,0.0,,0.0,,0.0,,0.0,,0.0,,0.0,NL,3.0,2.0,2.0,1.0,,sensorypref1,sensorypref2,1440.0,900.0,,,,,,,,,,,,,,,,,,,,,,,,,,,,,,,,,,,15.0,326.393,31.0,"[1.1169999999999902,0.6839999999999975,0.8329999999999984,1.1330000000000098,1.9499999999999886,3.434000000000026,0.6340000000000146,0.7839999999999918,0.5180000000000007,0.6499999999999773,1.0840000000000032,1.3169999999999789,0.6169999999999902,0.7670000000000243,0.8329999999999984,0.6339999999999577,0.6999999999999886,0.7339999999999804,2.4499999999999886,1.0670000000000073,2.7660000000000196,2.5330000000000155,1.0330000000000155,0.9840000000000373,0.7000000000000455,0.6999999999999886,0.7659999999999627,2,0.6999999999999886,0.58299999999997,1.1669999999999732]","[1.1169999999999902,0.6839999999999975,0.8329999999999984,1.1330000000000098,1.9499999999999886,3.434000000000026,0.6340000000000146,0.7839999999999918,0.5180000000000007,0.6499999999999773,1.0840000000000032,1.3169999999999789,0.6169999999999902,0.7670000000000243,0.8329999999999984,0.6339999999999577,0.6999999999999886,0.7339999999999804,2.4499999999999886,1.0670000000000073,2.7660000000000196,2.5330000000000155,1.0330000000000155,0.9840000000000373,0.7000000000000455,0.6999999999999886,0.7669999999999959,2,0.6999999999999886,0.58299999999997,1.1669999999999732]",-0.96685879,2.337,0.0,12.0,12.0,166.0,1.0,zwart,vzwart,question_vocal.png,im_mouth.png,,,,,,
,,,953871,1,21,2023-09-19_23h46.45.495,flesh_expressibility_dutch,2022.2.4,MacIntel,58.82352941,,,,18.0,1.0,Nederlands,,,,,,Engels,0.0,,0.0,,0.0,,0.0,,0.0,,0.0,,0.0,,0.0,NL,3.0,2.0,2.0,1.0,,sensorypref1,sensorypref2,1440.0,900.0,,,,,,,,,,,,,,,,,,,,,,,,,,,,,,,,,,,20.0,330.019,32.0,"[1.1169999999999902,0.6839999999999975,0.8329999999999984,1.1330000000000098,1.9499999999999886,3.434000000000026,0.6340000000000146,0.7839999999999918,0.5180000000000007,0.6499999999999773,1.0840000000000032,1.3169999999999789,0.6169999999999902,0.7670000000000243,0.8329999999999984,0.6339999999999577,0.6999999999999886,0.7339999999999804,2.4499999999999886,1.0670000000000073,2.7660000000000196,2.5330000000000155,1.0330000000000155,0.9840000000000373,0.7000000000000455,0.6999999999999886,0.7659999999999627,2,0.6999999999999886,0.58299999999997,1.1669999999999732,0.46699999999998454]","[1.1169999999999902,0.6839999999999975,0.8329999999999984,1.1330000000000098,1.9499999999999886,3.434000000000026,0.6340000000000146,0.7839999999999918,0.5180000000000007,0.6499999999999773,1.0840000000000032,1.3169999999999789,0.6169999999999902,0.7670000000000243,0.8329999999999984,0.6339999999999577,0.6999999999999886,0.7339999999999804,2.4499999999999886,1.0670000000000073,2.7660000000000196,2.5330000000000155,1.0330000000000155,0.9840000000000373,0.7000000000000455,0.6999999999999886,0.7669999999999959,2,0.6999999999999886,0.58299999999997,1.1669999999999732,0.46699999999998454]",-0.632564841,4.221,0.0,13.0,13.0,156.0,1.0,blad,vblad,question_vocal.png,im_mouth.png,,,,,,
,,,953871,1,21,2023-09-19_23h46.45.495,flesh_expressibility_dutch,2022.2.4,MacIntel,58.82352941,,,,18.0,1.0,Nederlands,,,,,,Engels,0.0,,0.0,,0.0,,0.0,,0.0,,0.0,,0.0,,0.0,NL,3.0,2.0,2.0,1.0,,sensorypref1,sensorypref2,1440.0,900.0,,,,,,,,,,,,,,,,,,,,,,,,,,,,,,,,,,,22.0,334.627,32.0,"[1.1169999999999902,0.6839999999999975,0.8329999999999984,1.1330000000000098,1.9499999999999886,3.434000000000026,0.6340000000000146,0.7839999999999918,0.5180000000000007,0.6499999999999773,1.0840000000000032,1.3169999999999789,0.6169999999999902,0.7670000000000243,0.8329999999999984,0.6339999999999577,0.6999999999999886,0.7339999999999804,2.4499999999999886,1.0670000000000073,2.7660000000000196,2.5330000000000155,1.0330000000000155,0.9840000000000373,0.7000000000000455,0.6999999999999886,0.7659999999999627,2,0.6999999999999886,0.58299999999997,1.1669999999999732,0.46699999999998454]","[1.1169999999999902,0.6839999999999975,0.8329999999999984,1.1330000000000098,1.9499999999999886,3.434000000000026,0.6340000000000146,0.7839999999999918,0.5180000000000007,0.6499999999999773,1.0840000000000032,1.3169999999999789,0.6169999999999902,0.7670000000000243,0.8329999999999984,0.6339999999999577,0.6999999999999886,0.7339999999999804,2.4499999999999886,1.0670000000000073,2.7660000000000196,2.5330000000000155,1.0330000000000155,0.9840000000000373,0.7000000000000455,0.6999999999999886,0.7669999999999959,2,0.6999999999999886,0.58299999999997,1.1669999999999732,0.46699999999998454]",,,0.0,14.0,14.0,97.0,1.0,doen,vdoen,question_vocal.png,im_mouth.png,,,,,,
,,,953871,1,21,2023-09-19_23h46.45.495,flesh_expressibility_dutch,2022.2.4,MacIntel,58.82352941,,,,18.0,1.0,Nederlands,,,,,,Engels,0.0,,0.0,,0.0,,0.0,,0.0,,0.0,,0.0,,0.0,NL,3.0,2.0,2.0,1.0,,sensorypref1,sensorypref2,1440.0,900.0,,,,,,,,,,,,,,,,,,,,,,,,,,,,,,,,,,,13.0,335.775,33.0,"[1.1169999999999902,0.6839999999999975,0.8329999999999984,1.1330000000000098,1.9499999999999886,3.434000000000026,0.6340000000000146,0.7839999999999918,0.5180000000000007,0.6499999999999773,1.0840000000000032,1.3169999999999789,0.6169999999999902,0.7670000000000243,0.8329999999999984,0.6339999999999577,0.6999999999999886,0.7339999999999804,2.4499999999999886,1.0670000000000073,2.7660000000000196,2.5330000000000155,1.0330000000000155,0.9840000000000373,0.7000000000000455,0.6999999999999886,0.7659999999999627,2,0.6999999999999886,0.58299999999997,1.1669999999999732,0.46699999999998454,0.6000000000000227]","[1.1169999999999902,0.6839999999999975,0.8329999999999984,1.1330000000000098,1.9499999999999886,3.434000000000026,0.6340000000000146,0.7839999999999918,0.5180000000000007,0.6499999999999773,1.0840000000000032,1.3169999999999789,0.6169999999999902,0.7670000000000243,0.8329999999999984,0.6339999999999577,0.6999999999999886,0.7339999999999804,2.4499999999999886,1.0670000000000073,2.7660000000000196,2.5330000000000155,1.0330000000000155,0.9840000000000373,0.7000000000000455,0.6999999999999886,0.7669999999999959,2,0.6999999999999886,0.58299999999997,1.1669999999999732,0.46699999999998454,0.6000000000000227]",-0.984149856,3.138,0.0,15.0,15.0,20.0,1.0,verleden,vverleden,question_vocal.png,im_mouth.png,,,,,,
,,,953871,1,21,2023-09-19_23h46.45.495,flesh_expressibility_dutch,2022.2.4,MacIntel,58.82352941,,,,18.0,1.0,Nederlands,,,,,,Engels,0.0,,0.0,,0.0,,0.0,,0.0,,0.0,,0.0,,0.0,NL,3.0,2.0,2.0,1.0,,sensorypref1,sensorypref2,1440.0,900.0,,,,,,,,,,,,,,,,,,,,,,,,,,,,,,,,,,,13.0,339.143,34.0,"[1.1169999999999902,0.6839999999999975,0.8329999999999984,1.1330000000000098,1.9499999999999886,3.434000000000026,0.6340000000000146,0.7839999999999918,0.5180000000000007,0.6499999999999773,1.0840000000000032,1.3169999999999789,0.6169999999999902,0.7670000000000243,0.8329999999999984,0.6339999999999577,0.6999999999999886,0.7339999999999804,2.4499999999999886,1.0670000000000073,2.7660000000000196,2.5330000000000155,1.0330000000000155,0.9840000000000373,0.7000000000000455,0.6999999999999886,0.7659999999999627,2,0.6999999999999886,0.58299999999997,1.1669999999999732,0.46699999999998454,0.6000000000000227,0.8340000000000032]","[1.1169999999999902,0.6839999999999975,0.8329999999999984,1.1330000000000098,1.9499999999999886,3.434000000000026,0.6340000000000146,0.7839999999999918,0.5180000000000007,0.6499999999999773,1.0840000000000032,1.3169999999999789,0.6169999999999902,0.7670000000000243,0.8329999999999984,0.6339999999999577,0.6999999999999886,0.7339999999999804,2.4499999999999886,1.0670000000000073,2.7660000000000196,2.5330000000000155,1.0330000000000155,0.9840000000000373,0.7000000000000455,0.6999999999999886,0.7669999999999959,2,0.6999999999999886,0.58299999999997,1.1669999999999732,0.46699999999998454,0.6000000000000227,0.8340000000000032]",-0.969740634,2.821,0.0,16.0,16.0,198.0,1.0,nieuw,vnieuw,question_vocal.png,im_mouth.png,,,,,,
,,,953871,1,21,2023-09-19_23h46.45.495,flesh_expressibility_dutch,2022.2.4,MacIntel,58.82352941,,,,18.0,1.0,Nederlands,,,,,,Engels,0.0,,0.0,,0.0,,0.0,,0.0,,0.0,,0.0,,0.0,NL,3.0,2.0,2.0,1.0,,sensorypref1,sensorypref2,1440.0,900.0,,,,,,,,,,,,,,,,,,,,,,,,,,,,,,,,,,,9.0,342.941,35.0,"[1.1169999999999902,0.6839999999999975,0.8329999999999984,1.1330000000000098,1.9499999999999886,3.434000000000026,0.6340000000000146,0.7839999999999918,0.5180000000000007,0.6499999999999773,1.0840000000000032,1.3169999999999789,0.6169999999999902,0.7670000000000243,0.8329999999999984,0.6339999999999577,0.6999999999999886,0.7339999999999804,2.4499999999999886,1.0670000000000073,2.7660000000000196,2.5330000000000155,1.0330000000000155,0.9840000000000373,0.7000000000000455,0.6999999999999886,0.7659999999999627,2,0.6999999999999886,0.58299999999997,1.1669999999999732,0.46699999999998454,0.6000000000000227,0.8340000000000032,0.5009999999999764]","[1.1169999999999902,0.6839999999999975,0.8329999999999984,1.1330000000000098,1.9499999999999886,3.434000000000026,0.6340000000000146,0.7839999999999918,0.5180000000000007,0.6499999999999773,1.0840000000000032,1.3169999999999789,0.6169999999999902,0.7670000000000243,0.8329999999999984,0.6339999999999577,0.6999999999999886,0.7339999999999804,2.4499999999999886,1.0670000000000073,2.7660000000000196,2.5330000000000155,1.0330000000000155,0.9840000000000373,0.7000000000000455,0.6999999999999886,0.7669999999999959,2,0.6999999999999886,0.58299999999997,1.1669999999999732,0.46699999999998454,0.6000000000000227,0.8340000000000032,0.5009999999999764]",-0.327089337,4.202,0.0,17.0,17.0,170.0,1.0,groot,vgroot,question_vocal.png,im_mouth.png,,,,,,
,,,953871,1,21,2023-09-19_23h46.45.495,flesh_expressibility_dutch,2022.2.4,MacIntel,58.82352941,,,,18.0,1.0,Nederlands,,,,,,Engels,0.0,,0.0,,0.0,,0.0,,0.0,,0.0,,0.0,,0.0,NL,3.0,2.0,2.0,1.0,,sensorypref1,sensorypref2,1440.0,900.0,,,,,,,,,,,,,,,,,,,,,,,,,,,,,,,,,,,17.0,347.522,36.0,"[1.1169999999999902,0.6839999999999975,0.8329999999999984,1.1330000000000098,1.9499999999999886,3.434000000000026,0.6340000000000146,0.7839999999999918,0.5180000000000007,0.6499999999999773,1.0840000000000032,1.3169999999999789,0.6169999999999902,0.7670000000000243,0.8329999999999984,0.6339999999999577,0.6999999999999886,0.7339999999999804,2.4499999999999886,1.0670000000000073,2.7660000000000196,2.5330000000000155,1.0330000000000155,0.9840000000000373,0.7000000000000455,0.6999999999999886,0.7659999999999627,2,0.6999999999999886,0.58299999999997,1.1669999999999732,0.46699999999998454,0.6000000000000227,0.8340000000000032,0.5009999999999764,0.7170000000000414]","[1.1169999999999902,0.6839999999999975,0.8329999999999984,1.1330000000000098,1.9499999999999886,3.434000000000026,0.6340000000000146,0.7839999999999918,0.5180000000000007,0.6499999999999773,1.0840000000000032,1.3169999999999789,0.6169999999999902,0.7670000000000243,0.8329999999999984,0.6339999999999577,0.6999999999999886,0.7339999999999804,2.4499999999999886,1.0670000000000073,2.7660000000000196,2.5330000000000155,1.0330000000000155,0.9840000000000373,0.7000000000000455,0.6999999999999886,0.7669999999999959,2,0.6999999999999886,0.58299999999997,1.1669999999999732,0.46699999999998454,0.6000000000000227,0.8340000000000032,0.5009999999999764,0.7180000000000177]",-0.978386167,2.386,0.0,18.0,18.0,15.0,1.0,geel,vgeel,question_vocal.png,im_mouth.png,,,,,,
,,,953871,1,21,2023-09-19_23h46.45.495,flesh_expressibility_dutch,2022.2.4,MacIntel,58.82352941,,,,18.0,1.0,Nederlands,,,,,,Engels,0.0,,0.0,,0.0,,0.0,,0.0,,0.0,,0.0,,0.0,NL,3.0,2.0,2.0,1.0,,sensorypref1,sensorypref2,1440.0,900.0,,,,,,,,,,,,,,,,,,,,,,,,,,,,,,,,,,,19.0,350.641,37.0,"[1.1169999999999902,0.6839999999999975,0.8329999999999984,1.1330000000000098,1.9499999999999886,3.434000000000026,0.6340000000000146,0.7839999999999918,0.5180000000000007,0.6499999999999773,1.0840000000000032,1.3169999999999789,0.6169999999999902,0.7670000000000243,0.8329999999999984,0.6339999999999577,0.6999999999999886,0.7339999999999804,2.4499999999999886,1.0670000000000073,2.7660000000000196,2.5330000000000155,1.0330000000000155,0.9840000000000373,0.7000000000000455,0.6999999999999886,0.7659999999999627,2,0.6999999999999886,0.58299999999997,1.1669999999999732,0.46699999999998454,0.6000000000000227,0.8340000000000032,0.5009999999999764,0.7170000000000414,0.5169999999999959]","[1.1169999999999902,0.6839999999999975,0.8329999999999984,1.1330000000000098,1.9499999999999886,3.434000000000026,0.6340000000000146,0.7839999999999918,0.5180000000000007,0.6499999999999773,1.0840000000000032,1.3169999999999789,0.6169999999999902,0.7670000000000243,0.8329999999999984,0.6339999999999577,0.6999999999999886,0.7339999999999804,2.4499999999999886,1.0670000000000073,2.7660000000000196,2.5330000000000155,1.0330000000000155,0.9840000000000373,0.7000000000000455,0.6999999999999886,0.7669999999999959,2,0.6999999999999886,0.58299999999997,1.1669999999999732,0.46699999999998454,0.6000000000000227,0.8340000000000032,0.5009999999999764,0.7180000000000177,0.5169999999999959]",-0.40778098,3.736,0.0,19.0,19.0,99.0,1.0,mier,vmier,question_vocal.png,im_mouth.png,,,,,,
,,,953871,1,21,2023-09-19_23h46.45.495,flesh_expressibility_dutch,2022.2.4,MacIntel,58.82352941,,,,18.0,1.0,Nederlands,,,,,,Engels,0.0,,0.0,,0.0,,0.0,,0.0,,0.0,,0.0,,0.0,NL,3.0,2.0,2.0,1.0,,sensorypref1,sensorypref2,1440.0,900.0,,,,,,,,,,,,,,,,,,,,,,,,,,,,,,,,,,,20.0,355.027,38.0,"[1.1169999999999902,0.6839999999999975,0.8329999999999984,1.1330000000000098,1.9499999999999886,3.434000000000026,0.6340000000000146,0.7839999999999918,0.5180000000000007,0.6499999999999773,1.0840000000000032,1.3169999999999789,0.6169999999999902,0.7670000000000243,0.8329999999999984,0.6339999999999577,0.6999999999999886,0.7339999999999804,2.4499999999999886,1.0670000000000073,2.7660000000000196,2.5330000000000155,1.0330000000000155,0.9840000000000373,0.7000000000000455,0.6999999999999886,0.7659999999999627,2,0.6999999999999886,0.58299999999997,1.1669999999999732,0.46699999999998454,0.6000000000000227,0.8340000000000032,0.5009999999999764,0.7170000000000414,0.5169999999999959,0.617999999999995]","[1.1169999999999902,0.6839999999999975,0.8329999999999984,1.1330000000000098,1.9499999999999886,3.434000000000026,0.6340000000000146,0.7839999999999918,0.5180000000000007,0.6499999999999773,1.0840000000000032,1.3169999999999789,0.6169999999999902,0.7670000000000243,0.8329999999999984,0.6339999999999577,0.6999999999999886,0.7339999999999804,2.4499999999999886,1.0670000000000073,2.7660000000000196,2.5330000000000155,1.0330000000000155,0.9840000000000373,0.7000000000000455,0.6999999999999886,0.7669999999999959,2,0.6999999999999886,0.58299999999997,1.1669999999999732,0.46699999999998454,0.6000000000000227,0.8340000000000032,0.5009999999999764,0.7180000000000177,0.5169999999999959,0.617999999999995]",-0.753602305,5.67,0.0,20.0,20.0,110.0,1.0,tand,vtand,question_vocal.png,im_mouth.png,,,,,,
,,,953871,1,21,2023-09-19_23h46.45.495,flesh_expressibility_dutch,2022.2.4,MacIntel,58.82352941,,,,18.0,1.0,Nederlands,,,,,,Engels,0.0,,0.0,,0.0,,0.0,,0.0,,0.0,,0.0,,0.0,NL,3.0,2.0,2.0,1.0,,sensorypref1,sensorypref2,1440.0,900.0,,,,,,,,,,,,,,,,,,,,,,,,,,,,,,,,,,,18.0,361.22,39.0,"[1.1169999999999902,0.6839999999999975,0.8329999999999984,1.1330000000000098,1.9499999999999886,3.434000000000026,0.6340000000000146,0.7839999999999918,0.5180000000000007,0.6499999999999773,1.0840000000000032,1.3169999999999789,0.6169999999999902,0.7670000000000243,0.8329999999999984,0.6339999999999577,0.6999999999999886,0.7339999999999804,2.4499999999999886,1.0670000000000073,2.7660000000000196,2.5330000000000155,1.0330000000000155,0.9840000000000373,0.7000000000000455,0.6999999999999886,0.7659999999999627,2,0.6999999999999886,0.58299999999997,1.1669999999999732,0.46699999999998454,0.6000000000000227,0.8340000000000032,0.5009999999999764,0.7170000000000414,0.5169999999999959,0.617999999999995,0.5169999999999959]","[1.1169999999999902,0.6839999999999975,0.8329999999999984,1.1330000000000098,1.9499999999999886,3.434000000000026,0.6340000000000146,0.7839999999999918,0.5180000000000007,0.6499999999999773,1.0840000000000032,1.3169999999999789,0.6169999999999902,0.7670000000000243,0.8329999999999984,0.6339999999999577,0.6999999999999886,0.7339999999999804,2.4499999999999886,1.0670000000000073,2.7660000000000196,2.5330000000000155,1.0330000000000155,0.9840000000000373,0.7000000000000455,0.6999999999999886,0.7669999999999959,2,0.6999999999999886,0.58299999999997,1.1669999999999732,0.46699999999998454,0.6000000000000227,0.8340000000000032,0.5009999999999764,0.7180000000000177,0.5169999999999959,0.617999999999995,0.5169999999999959]",0.001440922,2.804,0.0,21.0,21.0,92.0,1.0,heet,vheet,question_vocal.png,im_mouth.png,,,,,,
,,,953871,1,21,2023-09-19_23h46.45.495,flesh_expressibility_dutch,2022.2.4,MacIntel,58.82352941,,,,18.0,1.0,Nederlands,,,,,,Engels,0.0,,0.0,,0.0,,0.0,,0.0,,0.0,,0.0,,0.0,NL,3.0,2.0,2.0,1.0,,sensorypref1,sensorypref2,1440.0,900.0,,,,,,,,,,,,,,,,,,,,,,,,,,,,,,,,,,,14.0,364.552,40.0,"[1.1169999999999902,0.6839999999999975,0.8329999999999984,1.1330000000000098,1.9499999999999886,3.434000000000026,0.6340000000000146,0.7839999999999918,0.5180000000000007,0.6499999999999773,1.0840000000000032,1.3169999999999789,0.6169999999999902,0.7670000000000243,0.8329999999999984,0.6339999999999577,0.6999999999999886,0.7339999999999804,2.4499999999999886,1.0670000000000073,2.7660000000000196,2.5330000000000155,1.0330000000000155,0.9840000000000373,0.7000000000000455,0.6999999999999886,0.7659999999999627,2,0.6999999999999886,0.58299999999997,1.1669999999999732,0.46699999999998454,0.6000000000000227,0.8340000000000032,0.5009999999999764,0.7170000000000414,0.5169999999999959,0.617999999999995,0.5169999999999959,0.9340000000000259]","[1.1169999999999902,0.6839999999999975,0.8329999999999984,1.1330000000000098,1.9499999999999886,3.434000000000026,0.6340000000000146,0.7839999999999918,0.5180000000000007,0.6499999999999773,1.0840000000000032,1.3169999999999789,0.6169999999999902,0.7670000000000243,0.8329999999999984,0.6339999999999577,0.6999999999999886,0.7339999999999804,2.4499999999999886,1.0670000000000073,2.7660000000000196,2.5330000000000155,1.0330000000000155,0.9840000000000373,0.7000000000000455,0.6999999999999886,0.7669999999999959,2,0.6999999999999886,0.58299999999997,1.1669999999999732,0.46699999999998454,0.6000000000000227,0.8340000000000032,0.5009999999999764,0.7180000000000177,0.5169999999999959,0.617999999999995,0.5169999999999959,0.9340000000000259]",-0.961095101,4.652,0.0,22.0,22.0,107.0,1.0,mond,vmond,question_vocal.png,im_mouth.png,,,,,,
,,,953871,1,21,2023-09-19_23h46.45.495,flesh_expressibility_dutch,2022.2.4,MacIntel,58.82352941,,,,18.0,1.0,Nederlands,,,,,,Engels,0.0,,0.0,,0.0,,0.0,,0.0,,0.0,,0.0,,0.0,NL,3.0,2.0,2.0,1.0,,sensorypref1,sensorypref2,1440.0,900.0,,,,,,,,,,,,,,,,,,,,,,,,,,,,,3.0,"[152.745,274.817,371.838]","[152.745,274.817,371.83900000000006]",3.0,"[153.96099999999998,275.933,373.221]","[153.96099999999998,275.933,373.221]",19.0,374.586,41.0,"[1.1169999999999902,0.6839999999999975,0.8329999999999984,1.1330000000000098,1.9499999999999886,3.434000000000026,0.6340000000000146,0.7839999999999918,0.5180000000000007,0.6499999999999773,1.0840000000000032,1.3169999999999789,0.6169999999999902,0.7670000000000243,0.8329999999999984,0.6339999999999577,0.6999999999999886,0.7339999999999804,2.4499999999999886,1.0670000000000073,2.7660000000000196,2.5330000000000155,1.0330000000000155,0.9840000000000373,0.7000000000000455,0.6999999999999886,0.7659999999999627,2,0.6999999999999886,0.58299999999997,1.1669999999999732,0.46699999999998454,0.6000000000000227,0.8340000000000032,0.5009999999999764,0.7170000000000414,0.5169999999999959,0.617999999999995,0.5169999999999959,0.9340000000000259,0.5999999999999659]","[1.1169999999999902,0.6839999999999975,0.8329999999999984,1.1330000000000098,1.9499999999999886,3.434000000000026,0.6340000000000146,0.7839999999999918,0.5180000000000007,0.6499999999999773,1.0840000000000032,1.3169999999999789,0.6169999999999902,0.7670000000000243,0.8329999999999984,0.6339999999999577,0.6999999999999886,0.7339999999999804,2.4499999999999886,1.0670000000000073,2.7660000000000196,2.5330000000000155,1.0330000000000155,0.9840000000000373,0.7000000000000455,0.6999999999999886,0.7669999999999959,2,0.6999999999999886,0.58299999999997,1.1669999999999732,0.46699999999998454,0.6000000000000227,0.8340000000000032,0.5009999999999764,0.7180000000000177,0.5169999999999959,0.617999999999995,0.5169999999999959,0.9340000000000259,0.6009999999999991]",-0.557636888,4.464,0.0,0.0,0.0,93.0,1.0,kleding,gkleding,question_gesture.png,im_hand.png,,,,,,
,,,953871,1,21,2023-09-19_23h46.45.495,flesh_expressibility_dutch,2022.2.4,MacIntel,58.82352941,,,,18.0,1.0,Nederlands,,,,,,Engels,0.0,,0.0,,0.0,,0.0,,0.0,,0.0,,0.0,,0.0,NL,3.0,2.0,2.0,1.0,,sensorypref1,sensorypref2,1440.0,900.0,,,,,,,,,,,,,,,,,,,,,,,,,,,,,,,,,,,15.0,379.725,42.0,"[1.1169999999999902,0.6839999999999975,0.8329999999999984,1.1330000000000098,1.9499999999999886,3.434000000000026,0.6340000000000146,0.7839999999999918,0.5180000000000007,0.6499999999999773,1.0840000000000032,1.3169999999999789,0.6169999999999902,0.7670000000000243,0.8329999999999984,0.6339999999999577,0.6999999999999886,0.7339999999999804,2.4499999999999886,1.0670000000000073,2.7660000000000196,2.5330000000000155,1.0330000000000155,0.9840000000000373,0.7000000000000455,0.6999999999999886,0.7659999999999627,2,0.6999999999999886,0.58299999999997,1.1669999999999732,0.46699999999998454,0.6000000000000227,0.8340000000000032,0.5009999999999764,0.7170000000000414,0.5169999999999959,0.617999999999995,0.5169999999999959,0.9340000000000259,0.5999999999999659,1.0330000000000155]","[1.1169999999999902,0.6839999999999975,0.8329999999999984,1.1330000000000098,1.9499999999999886,3.434000000000026,0.6340000000000146,0.7839999999999918,0.5180000000000007,0.6499999999999773,1.0840000000000032,1.3169999999999789,0.6169999999999902,0.7670000000000243,0.8329999999999984,0.6339999999999577,0.6999999999999886,0.7339999999999804,2.4499999999999886,1.0670000000000073,2.7660000000000196,2.5330000000000155,1.0330000000000155,0.9840000000000373,0.7000000000000455,0.6999999999999886,0.7669999999999959,2,0.6999999999999886,0.58299999999997,1.1669999999999732,0.46699999999998454,0.6000000000000227,0.8340000000000032,0.5009999999999764,0.7180000000000177,0.5169999999999959,0.617999999999995,0.5169999999999959,0.9340000000000259,0.6009999999999991,1.0330000000000155]",-0.998559078,4.952,0.0,1.0,1.0,128.0,1.0,weten,gweten,question_gesture.png,im_hand.png,,,,,,
,,,953871,1,21,2023-09-19_23h46.45.495,flesh_expressibility_dutch,2022.2.4,MacIntel,58.82352941,,,,18.0,1.0,Nederlands,,,,,,Engels,0.0,,0.0,,0.0,,0.0,,0.0,,0.0,,0.0,,0.0,NL,3.0,2.0,2.0,1.0,,sensorypref1,sensorypref2,1440.0,900.0,,,,,,,,,,,,,,,,,,,,,,,,,,,,,,,,,,,10.0,385.749,43.0,"[1.1169999999999902,0.6839999999999975,0.8329999999999984,1.1330000000000098,1.9499999999999886,3.434000000000026,0.6340000000000146,0.7839999999999918,0.5180000000000007,0.6499999999999773,1.0840000000000032,1.3169999999999789,0.6169999999999902,0.7670000000000243,0.8329999999999984,0.6339999999999577,0.6999999999999886,0.7339999999999804,2.4499999999999886,1.0670000000000073,2.7660000000000196,2.5330000000000155,1.0330000000000155,0.9840000000000373,0.7000000000000455,0.6999999999999886,0.7659999999999627,2,0.6999999999999886,0.58299999999997,1.1669999999999732,0.46699999999998454,0.6000000000000227,0.8340000000000032,0.5009999999999764,0.7170000000000414,0.5169999999999959,0.617999999999995,0.5169999999999959,0.9340000000000259,0.5999999999999659,1.0330000000000155,0.8670000000000186]","[1.1169999999999902,0.6839999999999975,0.8329999999999984,1.1330000000000098,1.9499999999999886,3.434000000000026,0.6340000000000146,0.7839999999999918,0.5180000000000007,0.6499999999999773,1.0840000000000032,1.3169999999999789,0.6169999999999902,0.7670000000000243,0.8329999999999984,0.6339999999999577,0.6999999999999886,0.7339999999999804,2.4499999999999886,1.0670000000000073,2.7660000000000196,2.5330000000000155,1.0330000000000155,0.9840000000000373,0.7000000000000455,0.6999999999999886,0.7669999999999959,2,0.6999999999999886,0.58299999999997,1.1669999999999732,0.46699999999998454,0.6000000000000227,0.8340000000000032,0.5009999999999764,0.7180000000000177,0.5169999999999959,0.617999999999995,0.5169999999999959,0.9340000000000259,0.6009999999999991,1.0330000000000155,0.8670000000000186]",0.165706052,4.019,0.0,2.0,2.0,51.0,1.0,lopen,glopen,question_gesture.png,im_hand.png,,,,,,
,,,953871,1,21,2023-09-19_23h46.45.495,flesh_expressibility_dutch,2022.2.4,MacIntel,58.82352941,,,,18.0,1.0,Nederlands,,,,,,Engels,0.0,,0.0,,0.0,,0.0,,0.0,,0.0,,0.0,,0.0,NL,3.0,2.0,2.0,1.0,,sensorypref1,sensorypref2,1440.0,900.0,,,,,,,,,,,,,,,,,,,,,,,,,,,,,,,,,,,19.0,390.633,44.0,"[1.1169999999999902,0.6839999999999975,0.8329999999999984,1.1330000000000098,1.9499999999999886,3.434000000000026,0.6340000000000146,0.7839999999999918,0.5180000000000007,0.6499999999999773,1.0840000000000032,1.3169999999999789,0.6169999999999902,0.7670000000000243,0.8329999999999984,0.6339999999999577,0.6999999999999886,0.7339999999999804,2.4499999999999886,1.0670000000000073,2.7660000000000196,2.5330000000000155,1.0330000000000155,0.9840000000000373,0.7000000000000455,0.6999999999999886,0.7659999999999627,2,0.6999999999999886,0.58299999999997,1.1669999999999732,0.46699999999998454,0.6000000000000227,0.8340000000000032,0.5009999999999764,0.7170000000000414,0.5169999999999959,0.617999999999995,0.5169999999999959,0.9340000000000259,0.5999999999999659,1.0330000000000155,0.8670000000000186,0.6170000000000186]","[1.1169999999999902,0.6839999999999975,0.8329999999999984,1.1330000000000098,1.9499999999999886,3.434000000000026,0.6340000000000146,0.7839999999999918,0.5180000000000007,0.6499999999999773,1.0840000000000032,1.3169999999999789,0.6169999999999902,0.7670000000000243,0.8329999999999984,0.6339999999999577,0.6999999999999886,0.7339999999999804,2.4499999999999886,1.0670000000000073,2.7660000000000196,2.5330000000000155,1.0330000000000155,0.9840000000000373,0.7000000000000455,0.6999999999999886,0.7669999999999959,2,0.6999999999999886,0.58299999999997,1.1669999999999732,0.46699999999998454,0.6000000000000227,0.8340000000000032,0.5009999999999764,0.7180000000000177,0.5169999999999959,0.617999999999995,0.5169999999999959,0.9340000000000259,0.6009999999999991,1.0330000000000155,0.8670000000000186,0.6170000000000186]",-0.842939481,3.918,0.0,3.0,3.0,79.0,1.0,veel,gveel,question_gesture.png,im_hand.png,,,,,,
,,,953871,1,21,2023-09-19_23h46.45.495,flesh_expressibility_dutch,2022.2.4,MacIntel,58.82352941,,,,18.0,1.0,Nederlands,,,,,,Engels,0.0,,0.0,,0.0,,0.0,,0.0,,0.0,,0.0,,0.0,NL,3.0,2.0,2.0,1.0,,sensorypref1,sensorypref2,1440.0,900.0,,,,,,,,,,,,,,,,,,,,,,,,,,,,,,,,,,,19.0,395.171,45.0,"[1.1169999999999902,0.6839999999999975,0.8329999999999984,1.1330000000000098,1.9499999999999886,3.434000000000026,0.6340000000000146,0.7839999999999918,0.5180000000000007,0.6499999999999773,1.0840000000000032,1.3169999999999789,0.6169999999999902,0.7670000000000243,0.8329999999999984,0.6339999999999577,0.6999999999999886,0.7339999999999804,2.4499999999999886,1.0670000000000073,2.7660000000000196,2.5330000000000155,1.0330000000000155,0.9840000000000373,0.7000000000000455,0.6999999999999886,0.7659999999999627,2,0.6999999999999886,0.58299999999997,1.1669999999999732,0.46699999999998454,0.6000000000000227,0.8340000000000032,0.5009999999999764,0.7170000000000414,0.5169999999999959,0.617999999999995,0.5169999999999959,0.9340000000000259,0.5999999999999659,1.0330000000000155,0.8670000000000186,0.6170000000000186,1.0500000000000114]","[1.1169999999999902,0.6839999999999975,0.8329999999999984,1.1330000000000098,1.9499999999999886,3.434000000000026,0.6340000000000146,0.7839999999999918,0.5180000000000007,0.6499999999999773,1.0840000000000032,1.3169999999999789,0.6169999999999902,0.7670000000000243,0.8329999999999984,0.6339999999999577,0.6999999999999886,0.7339999999999804,2.4499999999999886,1.0670000000000073,2.7660000000000196,2.5330000000000155,1.0330000000000155,0.9840000000000373,0.7000000000000455,0.6999999999999886,0.7669999999999959,2,0.6999999999999886,0.58299999999997,1.1669999999999732,0.46699999999998454,0.6000000000000227,0.8340000000000032,0.5009999999999764,0.7180000000000177,0.5169999999999959,0.617999999999995,0.5169999999999959,0.9340000000000259,0.6009999999999991,1.0330000000000155,0.8670000000000186,0.6170000000000186,1.0500000000000114]",-0.589337176,7.572,0.0,4.0,4.0,66.0,1.0,"bot (kenmerk, niet lichaam)","gbot (kenmerk, niet lichaam)",question_gesture.png,im_hand.png,,,,,,
,,,953871,1,21,2023-09-19_23h46.45.495,flesh_expressibility_dutch,2022.2.4,MacIntel,58.82352941,,,,18.0,1.0,Nederlands,,,,,,Engels,0.0,,0.0,,0.0,,0.0,,0.0,,0.0,,0.0,,0.0,NL,3.0,2.0,2.0,1.0,,sensorypref1,sensorypref2,1440.0,900.0,,,,,,,,,,,,,,,,,,,,,,,,,,,,,,,,,,,18.0,403.786,46.0,"[1.1169999999999902,0.6839999999999975,0.8329999999999984,1.1330000000000098,1.9499999999999886,3.434000000000026,0.6340000000000146,0.7839999999999918,0.5180000000000007,0.6499999999999773,1.0840000000000032,1.3169999999999789,0.6169999999999902,0.7670000000000243,0.8329999999999984,0.6339999999999577,0.6999999999999886,0.7339999999999804,2.4499999999999886,1.0670000000000073,2.7660000000000196,2.5330000000000155,1.0330000000000155,0.9840000000000373,0.7000000000000455,0.6999999999999886,0.7659999999999627,2,0.6999999999999886,0.58299999999997,1.1669999999999732,0.46699999999998454,0.6000000000000227,0.8340000000000032,0.5009999999999764,0.7170000000000414,0.5169999999999959,0.617999999999995,0.5169999999999959,0.9340000000000259,0.5999999999999659,1.0330000000000155,0.8670000000000186,0.6170000000000186,1.0500000000000114,1.1329999999999814]","[1.1169999999999902,0.6839999999999975,0.8329999999999984,1.1330000000000098,1.9499999999999886,3.434000000000026,0.6340000000000146,0.7839999999999918,0.5180000000000007,0.6499999999999773,1.0840000000000032,1.3169999999999789,0.6169999999999902,0.7670000000000243,0.8329999999999984,0.6339999999999577,0.6999999999999886,0.7339999999999804,2.4499999999999886,1.0670000000000073,2.7660000000000196,2.5330000000000155,1.0330000000000155,0.9840000000000373,0.7000000000000455,0.6999999999999886,0.7669999999999959,2,0.6999999999999886,0.58299999999997,1.1669999999999732,0.46699999999998454,0.6000000000000227,0.8340000000000032,0.5009999999999764,0.7180000000000177,0.5169999999999959,0.617999999999995,0.5169999999999959,0.9340000000000259,0.6009999999999991,1.0330000000000155,0.8670000000000186,0.6170000000000186,1.0500000000000114,1.1329999999999814]",-0.280979827,3.386,0.0,5.0,5.0,52.0,1.0,vangen,gvangen,question_gesture.png,im_hand.png,,,,,,
,,,953871,1,21,2023-09-19_23h46.45.495,flesh_expressibility_dutch,2022.2.4,MacIntel,58.82352941,,,,18.0,1.0,Nederlands,,,,,,Engels,0.0,,0.0,,0.0,,0.0,,0.0,,0.0,,0.0,,0.0,NL,3.0,2.0,2.0,1.0,,sensorypref1,sensorypref2,1440.0,900.0,,,,,,,,,,,,,,,,,,,,,,,,,,,,,,,,,,,22.0,408.322,46.0,"[1.1169999999999902,0.6839999999999975,0.8329999999999984,1.1330000000000098,1.9499999999999886,3.434000000000026,0.6340000000000146,0.7839999999999918,0.5180000000000007,0.6499999999999773,1.0840000000000032,1.3169999999999789,0.6169999999999902,0.7670000000000243,0.8329999999999984,0.6339999999999577,0.6999999999999886,0.7339999999999804,2.4499999999999886,1.0670000000000073,2.7660000000000196,2.5330000000000155,1.0330000000000155,0.9840000000000373,0.7000000000000455,0.6999999999999886,0.7659999999999627,2,0.6999999999999886,0.58299999999997,1.1669999999999732,0.46699999999998454,0.6000000000000227,0.8340000000000032,0.5009999999999764,0.7170000000000414,0.5169999999999959,0.617999999999995,0.5169999999999959,0.9340000000000259,0.5999999999999659,1.0330000000000155,0.8670000000000186,0.6170000000000186,1.0500000000000114,1.1329999999999814]","[1.1169999999999902,0.6839999999999975,0.8329999999999984,1.1330000000000098,1.9499999999999886,3.434000000000026,0.6340000000000146,0.7839999999999918,0.5180000000000007,0.6499999999999773,1.0840000000000032,1.3169999999999789,0.6169999999999902,0.7670000000000243,0.8329999999999984,0.6339999999999577,0.6999999999999886,0.7339999999999804,2.4499999999999886,1.0670000000000073,2.7660000000000196,2.5330000000000155,1.0330000000000155,0.9840000000000373,0.7000000000000455,0.6999999999999886,0.7669999999999959,2,0.6999999999999886,0.58299999999997,1.1669999999999732,0.46699999999998454,0.6000000000000227,0.8340000000000032,0.5009999999999764,0.7180000000000177,0.5169999999999959,0.617999999999995,0.5169999999999959,0.9340000000000259,0.6009999999999991,1.0330000000000155,0.8670000000000186,0.6170000000000186,1.0500000000000114,1.1329999999999814]",,,0.0,6.0,6.0,76.0,1.0,blauw,gblauw,question_gesture.png,im_hand.png,,,,,,
,,,953871,1,21,2023-09-19_23h46.45.495,flesh_expressibility_dutch,2022.2.4,MacIntel,58.82352941,,,,18.0,1.0,Nederlands,,,,,,Engels,0.0,,0.0,,0.0,,0.0,,0.0,,0.0,,0.0,,0.0,NL,3.0,2.0,2.0,1.0,,sensorypref1,sensorypref2,1440.0,900.0,,,,,,,,,,,,,,,,,,,,,,,,,,,,,,,,,,,15.0,409.279,47.0,"[1.1169999999999902,0.6839999999999975,0.8329999999999984,1.1330000000000098,1.9499999999999886,3.434000000000026,0.6340000000000146,0.7839999999999918,0.5180000000000007,0.6499999999999773,1.0840000000000032,1.3169999999999789,0.6169999999999902,0.7670000000000243,0.8329999999999984,0.6339999999999577,0.6999999999999886,0.7339999999999804,2.4499999999999886,1.0670000000000073,2.7660000000000196,2.5330000000000155,1.0330000000000155,0.9840000000000373,0.7000000000000455,0.6999999999999886,0.7659999999999627,2,0.6999999999999886,0.58299999999997,1.1669999999999732,0.46699999999998454,0.6000000000000227,0.8340000000000032,0.5009999999999764,0.7170000000000414,0.5169999999999959,0.617999999999995,0.5169999999999959,0.9340000000000259,0.5999999999999659,1.0330000000000155,0.8670000000000186,0.6170000000000186,1.0500000000000114,1.1329999999999814,0.39999999999997726]","[1.1169999999999902,0.6839999999999975,0.8329999999999984,1.1330000000000098,1.9499999999999886,3.434000000000026,0.6340000000000146,0.7839999999999918,0.5180000000000007,0.6499999999999773,1.0840000000000032,1.3169999999999789,0.6169999999999902,0.7670000000000243,0.8329999999999984,0.6339999999999577,0.6999999999999886,0.7339999999999804,2.4499999999999886,1.0670000000000073,2.7660000000000196,2.5330000000000155,1.0330000000000155,0.9840000000000373,0.7000000000000455,0.6999999999999886,0.7669999999999959,2,0.6999999999999886,0.58299999999997,1.1669999999999732,0.46699999999998454,0.6000000000000227,0.8340000000000032,0.5009999999999764,0.7180000000000177,0.5169999999999959,0.617999999999995,0.5169999999999959,0.9340000000000259,0.6009999999999991,1.0330000000000155,0.8670000000000186,0.6170000000000186,1.0500000000000114,1.1329999999999814,0.39999999999997726]",-0.211815562,6.316,0.0,7.0,7.0,118.0,1.0,hoorn,ghoorn,question_gesture.png,im_hand.png,,,,,,
,,,953871,1,21,2023-09-19_23h46.45.495,flesh_expressibility_dutch,2022.2.4,MacIntel,58.82352941,,,,18.0,1.0,Nederlands,,,,,,Engels,0.0,,0.0,,0.0,,0.0,,0.0,,0.0,,0.0,,0.0,NL,3.0,2.0,2.0,1.0,,sensorypref1,sensorypref2,1440.0,900.0,,,,,,,,,,,,,,,,,,,,,,,,,,,,,,,,,,,10.0,415.958,48.0,"[1.1169999999999902,0.6839999999999975,0.8329999999999984,1.1330000000000098,1.9499999999999886,3.434000000000026,0.6340000000000146,0.7839999999999918,0.5180000000000007,0.6499999999999773,1.0840000000000032,1.3169999999999789,0.6169999999999902,0.7670000000000243,0.8329999999999984,0.6339999999999577,0.6999999999999886,0.7339999999999804,2.4499999999999886,1.0670000000000073,2.7660000000000196,2.5330000000000155,1.0330000000000155,0.9840000000000373,0.7000000000000455,0.6999999999999886,0.7659999999999627,2,0.6999999999999886,0.58299999999997,1.1669999999999732,0.46699999999998454,0.6000000000000227,0.8340000000000032,0.5009999999999764,0.7170000000000414,0.5169999999999959,0.617999999999995,0.5169999999999959,0.9340000000000259,0.5999999999999659,1.0330000000000155,0.8670000000000186,0.6170000000000186,1.0500000000000114,1.1329999999999814,0.39999999999997726,0.9830000000000041]","[1.1169999999999902,0.6839999999999975,0.8329999999999984,1.1330000000000098,1.9499999999999886,3.434000000000026,0.6340000000000146,0.7839999999999918,0.5180000000000007,0.6499999999999773,1.0840000000000032,1.3169999999999789,0.6169999999999902,0.7670000000000243,0.8329999999999984,0.6339999999999577,0.6999999999999886,0.7339999999999804,2.4499999999999886,1.0670000000000073,2.7660000000000196,2.5330000000000155,1.0330000000000155,0.9840000000000373,0.7000000000000455,0.6999999999999886,0.7669999999999959,2,0.6999999999999886,0.58299999999997,1.1669999999999732,0.46699999999998454,0.6000000000000227,0.8340000000000032,0.5009999999999764,0.7180000000000177,0.5169999999999959,0.617999999999995,0.5169999999999959,0.9340000000000259,0.6009999999999991,1.0330000000000155,0.8670000000000186,0.6170000000000186,1.0500000000000114,1.1329999999999814,0.39999999999997726,0.9830000000000041]",-0.42795389,3.236,0.0,8.0,8.0,6.0,1.0,zuur,gzuur,question_gesture.png,im_hand.png,,,,,,
,,,953871,1,21,2023-09-19_23h46.45.495,flesh_expressibility_dutch,2022.2.4,MacIntel,58.82352941,,,,18.0,1.0,Nederlands,,,,,,Engels,0.0,,0.0,,0.0,,0.0,,0.0,,0.0,,0.0,,0.0,NL,3.0,2.0,2.0,1.0,,sensorypref1,sensorypref2,1440.0,900.0,,,,,,,,,,,,,,,,,,,,,,,,,,,,,,,,,,,9.0,419.627,49.0,"[1.1169999999999902,0.6839999999999975,0.8329999999999984,1.1330000000000098,1.9499999999999886,3.434000000000026,0.6340000000000146,0.7839999999999918,0.5180000000000007,0.6499999999999773,1.0840000000000032,1.3169999999999789,0.6169999999999902,0.7670000000000243,0.8329999999999984,0.6339999999999577,0.6999999999999886,0.7339999999999804,2.4499999999999886,1.0670000000000073,2.7660000000000196,2.5330000000000155,1.0330000000000155,0.9840000000000373,0.7000000000000455,0.6999999999999886,0.7659999999999627,2,0.6999999999999886,0.58299999999997,1.1669999999999732,0.46699999999998454,0.6000000000000227,0.8340000000000032,0.5009999999999764,0.7170000000000414,0.5169999999999959,0.617999999999995,0.5169999999999959,0.9340000000000259,0.5999999999999659,1.0330000000000155,0.8670000000000186,0.6170000000000186,1.0500000000000114,1.1329999999999814,0.39999999999997726,0.9830000000000041,0.6829999999999927]","[1.1169999999999902,0.6839999999999975,0.8329999999999984,1.1330000000000098,1.9499999999999886,3.434000000000026,0.6340000000000146,0.7839999999999918,0.5180000000000007,0.6499999999999773,1.0840000000000032,1.3169999999999789,0.6169999999999902,0.7670000000000243,0.8329999999999984,0.6339999999999577,0.6999999999999886,0.7339999999999804,2.4499999999999886,1.0670000000000073,2.7660000000000196,2.5330000000000155,1.0330000000000155,0.9840000000000373,0.7000000000000455,0.6999999999999886,0.7669999999999959,2,0.6999999999999886,0.58299999999997,1.1669999999999732,0.46699999999998454,0.6000000000000227,0.8340000000000032,0.5009999999999764,0.7180000000000177,0.5169999999999959,0.617999999999995,0.5169999999999959,0.9340000000000259,0.6009999999999991,1.0330000000000155,0.8670000000000186,0.6170000000000186,1.0500000000000114,1.1329999999999814,0.39999999999997726,0.9830000000000041,0.6829999999999927]",-0.891930836,7.17,0.0,9.0,9.0,98.0,1.0,maken,gmaken,question_gesture.png,im_hand.png,,,,,,
,,,953871,1,21,2023-09-19_23h46.45.495,flesh_expressibility_dutch,2022.2.4,MacIntel,58.82352941,,,,18.0,1.0,Nederlands,,,,,,Engels,0.0,,0.0,,0.0,,0.0,,0.0,,0.0,,0.0,,0.0,NL,3.0,2.0,2.0,1.0,,sensorypref1,sensorypref2,1440.0,900.0,,,,,,,,,,,,,,,,,,,,,,,,,,,,,,,,,,,17.0,427.442,50.0,"[1.1169999999999902,0.6839999999999975,0.8329999999999984,1.1330000000000098,1.9499999999999886,3.434000000000026,0.6340000000000146,0.7839999999999918,0.5180000000000007,0.6499999999999773,1.0840000000000032,1.3169999999999789,0.6169999999999902,0.7670000000000243,0.8329999999999984,0.6339999999999577,0.6999999999999886,0.7339999999999804,2.4499999999999886,1.0670000000000073,2.7660000000000196,2.5330000000000155,1.0330000000000155,0.9840000000000373,0.7000000000000455,0.6999999999999886,0.7659999999999627,2,0.6999999999999886,0.58299999999997,1.1669999999999732,0.46699999999998454,0.6000000000000227,0.8340000000000032,0.5009999999999764,0.7170000000000414,0.5169999999999959,0.617999999999995,0.5169999999999959,0.9340000000000259,0.5999999999999659,1.0330000000000155,0.8670000000000186,0.6170000000000186,1.0500000000000114,1.1329999999999814,0.39999999999997726,0.9830000000000041,0.6829999999999927,0.5840000000000032]","[1.1169999999999902,0.6839999999999975,0.8329999999999984,1.1330000000000098,1.9499999999999886,3.434000000000026,0.6340000000000146,0.7839999999999918,0.5180000000000007,0.6499999999999773,1.0840000000000032,1.3169999999999789,0.6169999999999902,0.7670000000000243,0.8329999999999984,0.6339999999999577,0.6999999999999886,0.7339999999999804,2.4499999999999886,1.0670000000000073,2.7660000000000196,2.5330000000000155,1.0330000000000155,0.9840000000000373,0.7000000000000455,0.6999999999999886,0.7669999999999959,2,0.6999999999999886,0.58299999999997,1.1669999999999732,0.46699999999998454,0.6000000000000227,0.8340000000000032,0.5009999999999764,0.7180000000000177,0.5169999999999959,0.617999999999995,0.5169999999999959,0.9340000000000259,0.6009999999999991,1.0330000000000155,0.8670000000000186,0.6170000000000186,1.0500000000000114,1.1329999999999814,0.39999999999997726,0.9830000000000041,0.6829999999999927,0.5840000000000032]",-0.989913545,3.002,0.0,10.0,10.0,198.0,1.0,nieuw,gnieuw,question_gesture.png,im_hand.png,,,,,,
,,,953871,1,21,2023-09-19_23h46.45.495,flesh_expressibility_dutch,2022.2.4,MacIntel,58.82352941,,,,18.0,1.0,Nederlands,,,,,,Engels,0.0,,0.0,,0.0,,0.0,,0.0,,0.0,,0.0,,0.0,NL,3.0,2.0,2.0,1.0,,sensorypref1,sensorypref2,1440.0,900.0,,,,,,,,,,,,,,,,,,,,,,,,,,,,,,,,,,,18.0,431.115,51.0,"[1.1169999999999902,0.6839999999999975,0.8329999999999984,1.1330000000000098,1.9499999999999886,3.434000000000026,0.6340000000000146,0.7839999999999918,0.5180000000000007,0.6499999999999773,1.0840000000000032,1.3169999999999789,0.6169999999999902,0.7670000000000243,0.8329999999999984,0.6339999999999577,0.6999999999999886,0.7339999999999804,2.4499999999999886,1.0670000000000073,2.7660000000000196,2.5330000000000155,1.0330000000000155,0.9840000000000373,0.7000000000000455,0.6999999999999886,0.7659999999999627,2,0.6999999999999886,0.58299999999997,1.1669999999999732,0.46699999999998454,0.6000000000000227,0.8340000000000032,0.5009999999999764,0.7170000000000414,0.5169999999999959,0.617999999999995,0.5169999999999959,0.9340000000000259,0.5999999999999659,1.0330000000000155,0.8670000000000186,0.6170000000000186,1.0500000000000114,1.1329999999999814,0.39999999999997726,0.9830000000000041,0.6829999999999927,0.5840000000000032,0.5999999999999659]","[1.1169999999999902,0.6839999999999975,0.8329999999999984,1.1330000000000098,1.9499999999999886,3.434000000000026,0.6340000000000146,0.7839999999999918,0.5180000000000007,0.6499999999999773,1.0840000000000032,1.3169999999999789,0.6169999999999902,0.7670000000000243,0.8329999999999984,0.6339999999999577,0.6999999999999886,0.7339999999999804,2.4499999999999886,1.0670000000000073,2.7660000000000196,2.5330000000000155,1.0330000000000155,0.9840000000000373,0.7000000000000455,0.6999999999999886,0.7669999999999959,2,0.6999999999999886,0.58299999999997,1.1669999999999732,0.46699999999998454,0.6000000000000227,0.8340000000000032,0.5009999999999764,0.7180000000000177,0.5169999999999959,0.617999999999995,0.5169999999999959,0.9340000000000259,0.6009999999999991,1.0330000000000155,0.8670000000000186,0.6170000000000186,1.0500000000000114,1.1329999999999814,0.39999999999997726,0.9830000000000041,0.6829999999999927,0.5840000000000032,0.5999999999999659]",-0.834293948,3.036,0.0,11.0,11.0,158.0,1.0,hout,ghout,question_gesture.png,im_hand.png,,,,,,
,,,953871,1,21,2023-09-19_23h46.45.495,flesh_expressibility_dutch,2022.2.4,MacIntel,58.82352941,,,,18.0,1.0,Nederlands,,,,,,Engels,0.0,,0.0,,0.0,,0.0,,0.0,,0.0,,0.0,,0.0,NL,3.0,2.0,2.0,1.0,,sensorypref1,sensorypref2,1440.0,900.0,,,,,,,,,,,,,,,,,,,,,,,,,,,,,,,,,,,16.0,434.802,52.0,"[1.1169999999999902,0.6839999999999975,0.8329999999999984,1.1330000000000098,1.9499999999999886,3.434000000000026,0.6340000000000146,0.7839999999999918,0.5180000000000007,0.6499999999999773,1.0840000000000032,1.3169999999999789,0.6169999999999902,0.7670000000000243,0.8329999999999984,0.6339999999999577,0.6999999999999886,0.7339999999999804,2.4499999999999886,1.0670000000000073,2.7660000000000196,2.5330000000000155,1.0330000000000155,0.9840000000000373,0.7000000000000455,0.6999999999999886,0.7659999999999627,2,0.6999999999999886,0.58299999999997,1.1669999999999732,0.46699999999998454,0.6000000000000227,0.8340000000000032,0.5009999999999764,0.7170000000000414,0.5169999999999959,0.617999999999995,0.5169999999999959,0.9340000000000259,0.5999999999999659,1.0330000000000155,0.8670000000000186,0.6170000000000186,1.0500000000000114,1.1329999999999814,0.39999999999997726,0.9830000000000041,0.6829999999999927,0.5840000000000032,0.5999999999999659,0.8999999999999773]","[1.1169999999999902,0.6839999999999975,0.8329999999999984,1.1330000000000098,1.9499999999999886,3.434000000000026,0.6340000000000146,0.7839999999999918,0.5180000000000007,0.6499999999999773,1.0840000000000032,1.3169999999999789,0.6169999999999902,0.7670000000000243,0.8329999999999984,0.6339999999999577,0.6999999999999886,0.7339999999999804,2.4499999999999886,1.0670000000000073,2.7660000000000196,2.5330000000000155,1.0330000000000155,0.9840000000000373,0.7000000000000455,0.6999999999999886,0.7669999999999959,2,0.6999999999999886,0.58299999999997,1.1669999999999732,0.46699999999998454,0.6000000000000227,0.8340000000000032,0.5009999999999764,0.7180000000000177,0.5169999999999959,0.617999999999995,0.5169999999999959,0.9340000000000259,0.6009999999999991,1.0330000000000155,0.8670000000000186,0.6170000000000186,1.0500000000000114,1.1329999999999814,0.39999999999997726,0.9830000000000041,0.6829999999999927,0.5840000000000032,0.5999999999999659,0.8999999999999773]",-0.721902017,6.17,0.0,12.0,12.0,156.0,1.0,blad,gblad,question_gesture.png,im_hand.png,,,,,,
,,,953871,1,21,2023-09-19_23h46.45.495,flesh_expressibility_dutch,2022.2.4,MacIntel,58.82352941,,,,18.0,1.0,Nederlands,,,,,,Engels,0.0,,0.0,,0.0,,0.0,,0.0,,0.0,,0.0,,0.0,NL,3.0,2.0,2.0,1.0,,sensorypref1,sensorypref2,1440.0,900.0,,,,,,,,,,,,,,,,,,,,,,,,,,,,,,,,,,,12.0,441.815,53.0,"[1.1169999999999902,0.6839999999999975,0.8329999999999984,1.1330000000000098,1.9499999999999886,3.434000000000026,0.6340000000000146,0.7839999999999918,0.5180000000000007,0.6499999999999773,1.0840000000000032,1.3169999999999789,0.6169999999999902,0.7670000000000243,0.8329999999999984,0.6339999999999577,0.6999999999999886,0.7339999999999804,2.4499999999999886,1.0670000000000073,2.7660000000000196,2.5330000000000155,1.0330000000000155,0.9840000000000373,0.7000000000000455,0.6999999999999886,0.7659999999999627,2,0.6999999999999886,0.58299999999997,1.1669999999999732,0.46699999999998454,0.6000000000000227,0.8340000000000032,0.5009999999999764,0.7170000000000414,0.5169999999999959,0.617999999999995,0.5169999999999959,0.9340000000000259,0.5999999999999659,1.0330000000000155,0.8670000000000186,0.6170000000000186,1.0500000000000114,1.1329999999999814,0.39999999999997726,0.9830000000000041,0.6829999999999927,0.5840000000000032,0.5999999999999659,0.8999999999999773,2.7830000000000155]","[1.1169999999999902,0.6839999999999975,0.8329999999999984,1.1330000000000098,1.9499999999999886,3.434000000000026,0.6340000000000146,0.7839999999999918,0.5180000000000007,0.6499999999999773,1.0840000000000032,1.3169999999999789,0.6169999999999902,0.7670000000000243,0.8329999999999984,0.6339999999999577,0.6999999999999886,0.7339999999999804,2.4499999999999886,1.0670000000000073,2.7660000000000196,2.5330000000000155,1.0330000000000155,0.9840000000000373,0.7000000000000455,0.6999999999999886,0.7669999999999959,2,0.6999999999999886,0.58299999999997,1.1669999999999732,0.46699999999998454,0.6000000000000227,0.8340000000000032,0.5009999999999764,0.7180000000000177,0.5169999999999959,0.617999999999995,0.5169999999999959,0.9340000000000259,0.6009999999999991,1.0330000000000155,0.8670000000000186,0.6170000000000186,1.0500000000000114,1.1329999999999814,0.39999999999997726,0.9830000000000041,0.6829999999999927,0.5840000000000032,0.5999999999999659,0.8999999999999773,2.7830000000000155]",-0.517291066,3.936,0.0,13.0,13.0,62.0,1.0,piepen,gpiepen,question_gesture.png,im_hand.png,,,,,,
,,,953871,1,21,2023-09-19_23h46.45.495,flesh_expressibility_dutch,2022.2.4,MacIntel,58.82352941,,,,18.0,1.0,Nederlands,,,,,,Engels,0.0,,0.0,,0.0,,0.0,,0.0,,0.0,,0.0,,0.0,NL,3.0,2.0,2.0,1.0,,sensorypref1,sensorypref2,1440.0,900.0,,,,,,,,,,,,,,,,,,,,,,,,,,,,,,,,,,,19.0,447.086,54.0,"[1.1169999999999902,0.6839999999999975,0.8329999999999984,1.1330000000000098,1.9499999999999886,3.434000000000026,0.6340000000000146,0.7839999999999918,0.5180000000000007,0.6499999999999773,1.0840000000000032,1.3169999999999789,0.6169999999999902,0.7670000000000243,0.8329999999999984,0.6339999999999577,0.6999999999999886,0.7339999999999804,2.4499999999999886,1.0670000000000073,2.7660000000000196,2.5330000000000155,1.0330000000000155,0.9840000000000373,0.7000000000000455,0.6999999999999886,0.7659999999999627,2,0.6999999999999886,0.58299999999997,1.1669999999999732,0.46699999999998454,0.6000000000000227,0.8340000000000032,0.5009999999999764,0.7170000000000414,0.5169999999999959,0.617999999999995,0.5169999999999959,0.9340000000000259,0.5999999999999659,1.0330000000000155,0.8670000000000186,0.6170000000000186,1.0500000000000114,1.1329999999999814,0.39999999999997726,0.9830000000000041,0.6829999999999927,0.5840000000000032,0.5999999999999659,0.8999999999999773,2.7830000000000155,3.0670000000000073]","[1.1169999999999902,0.6839999999999975,0.8329999999999984,1.1330000000000098,1.9499999999999886,3.434000000000026,0.6340000000000146,0.7839999999999918,0.5180000000000007,0.6499999999999773,1.0840000000000032,1.3169999999999789,0.6169999999999902,0.7670000000000243,0.8329999999999984,0.6339999999999577,0.6999999999999886,0.7339999999999804,2.4499999999999886,1.0670000000000073,2.7660000000000196,2.5330000000000155,1.0330000000000155,0.9840000000000373,0.7000000000000455,0.6999999999999886,0.7669999999999959,2,0.6999999999999886,0.58299999999997,1.1669999999999732,0.46699999999998454,0.6000000000000227,0.8340000000000032,0.5009999999999764,0.7180000000000177,0.5169999999999959,0.617999999999995,0.5169999999999959,0.9340000000000259,0.6009999999999991,1.0330000000000155,0.8670000000000186,0.6170000000000186,1.0500000000000114,1.1329999999999814,0.39999999999997726,0.9830000000000041,0.6829999999999927,0.5840000000000032,0.5999999999999659,0.8999999999999773,2.7830000000000155,3.0670000000000073]",-0.733429395,9.452,0.0,14.0,14.0,157.0,1.0,wortel,gwortel,question_gesture.png,im_hand.png,,,,,,
,,,953871,1,21,2023-09-19_23h46.45.495,flesh_expressibility_dutch,2022.2.4,MacIntel,58.82352941,,,,18.0,1.0,Nederlands,,,,,,Engels,0.0,,0.0,,0.0,,0.0,,0.0,,0.0,,0.0,,0.0,NL,3.0,2.0,2.0,1.0,,sensorypref1,sensorypref2,1440.0,900.0,,,,,,,,,,,,,,,,,,,,,,,,,,,,,,,,,,,19.0,457.239,55.0,"[1.1169999999999902,0.6839999999999975,0.8329999999999984,1.1330000000000098,1.9499999999999886,3.434000000000026,0.6340000000000146,0.7839999999999918,0.5180000000000007,0.6499999999999773,1.0840000000000032,1.3169999999999789,0.6169999999999902,0.7670000000000243,0.8329999999999984,0.6339999999999577,0.6999999999999886,0.7339999999999804,2.4499999999999886,1.0670000000000073,2.7660000000000196,2.5330000000000155,1.0330000000000155,0.9840000000000373,0.7000000000000455,0.6999999999999886,0.7659999999999627,2,0.6999999999999886,0.58299999999997,1.1669999999999732,0.46699999999998454,0.6000000000000227,0.8340000000000032,0.5009999999999764,0.7170000000000414,0.5169999999999959,0.617999999999995,0.5169999999999959,0.9340000000000259,0.5999999999999659,1.0330000000000155,0.8670000000000186,0.6170000000000186,1.0500000000000114,1.1329999999999814,0.39999999999997726,0.9830000000000041,0.6829999999999927,0.5840000000000032,0.5999999999999659,0.8999999999999773,2.7830000000000155,3.0670000000000073,0.8340000000000032]","[1.1169999999999902,0.6839999999999975,0.8329999999999984,1.1330000000000098,1.9499999999999886,3.434000000000026,0.6340000000000146,0.7839999999999918,0.5180000000000007,0.6499999999999773,1.0840000000000032,1.3169999999999789,0.6169999999999902,0.7670000000000243,0.8329999999999984,0.6339999999999577,0.6999999999999886,0.7339999999999804,2.4499999999999886,1.0670000000000073,2.7660000000000196,2.5330000000000155,1.0330000000000155,0.9840000000000373,0.7000000000000455,0.6999999999999886,0.7669999999999959,2,0.6999999999999886,0.58299999999997,1.1669999999999732,0.46699999999998454,0.6000000000000227,0.8340000000000032,0.5009999999999764,0.7180000000000177,0.5169999999999959,0.617999999999995,0.5169999999999959,0.9340000000000259,0.6009999999999991,1.0330000000000155,0.8670000000000186,0.6170000000000186,1.0500000000000114,1.1329999999999814,0.39999999999997726,0.9830000000000041,0.6829999999999927,0.5840000000000032,0.5999999999999659,0.8999999999999773,2.7830000000000155,3.0670000000000073,0.8340000000000032]",0.131123919,4.092,0.0,15.0,15.0,61.0,1.0,laag (ruimtelijk),glaag (ruimtelijk),question_gesture.png,im_hand.png,,,,,,
,,,953871,1,21,2023-09-19_23h46.45.495,flesh_expressibility_dutch,2022.2.4,MacIntel,58.82352941,,,,18.0,1.0,Nederlands,,,,,,Engels,0.0,,0.0,,0.0,,0.0,,0.0,,0.0,,0.0,,0.0,NL,3.0,2.0,2.0,1.0,,sensorypref1,sensorypref2,1440.0,900.0,,,,,,,,,,,,,,,,,,,,,,,,,,,,,,,,,,,19.0,462.172,56.0,"[1.1169999999999902,0.6839999999999975,0.8329999999999984,1.1330000000000098,1.9499999999999886,3.434000000000026,0.6340000000000146,0.7839999999999918,0.5180000000000007,0.6499999999999773,1.0840000000000032,1.3169999999999789,0.6169999999999902,0.7670000000000243,0.8329999999999984,0.6339999999999577,0.6999999999999886,0.7339999999999804,2.4499999999999886,1.0670000000000073,2.7660000000000196,2.5330000000000155,1.0330000000000155,0.9840000000000373,0.7000000000000455,0.6999999999999886,0.7659999999999627,2,0.6999999999999886,0.58299999999997,1.1669999999999732,0.46699999999998454,0.6000000000000227,0.8340000000000032,0.5009999999999764,0.7170000000000414,0.5169999999999959,0.617999999999995,0.5169999999999959,0.9340000000000259,0.5999999999999659,1.0330000000000155,0.8670000000000186,0.6170000000000186,1.0500000000000114,1.1329999999999814,0.39999999999997726,0.9830000000000041,0.6829999999999927,0.5840000000000032,0.5999999999999659,0.8999999999999773,2.7830000000000155,3.0670000000000073,0.8340000000000032,1.016999999999996]","[1.1169999999999902,0.6839999999999975,0.8329999999999984,1.1330000000000098,1.9499999999999886,3.434000000000026,0.6340000000000146,0.7839999999999918,0.5180000000000007,0.6499999999999773,1.0840000000000032,1.3169999999999789,0.6169999999999902,0.7670000000000243,0.8329999999999984,0.6339999999999577,0.6999999999999886,0.7339999999999804,2.4499999999999886,1.0670000000000073,2.7660000000000196,2.5330000000000155,1.0330000000000155,0.9840000000000373,0.7000000000000455,0.6999999999999886,0.7669999999999959,2,0.6999999999999886,0.58299999999997,1.1669999999999732,0.46699999999998454,0.6000000000000227,0.8340000000000032,0.5009999999999764,0.7180000000000177,0.5169999999999959,0.617999999999995,0.5169999999999959,0.9340000000000259,0.6009999999999991,1.0330000000000155,0.8670000000000186,0.6170000000000186,1.0500000000000114,1.1329999999999814,0.39999999999997726,0.9830000000000041,0.6829999999999927,0.5840000000000032,0.5999999999999659,0.8999999999999773,2.7830000000000155,3.0670000000000073,0.8340000000000032,1.016999999999996]",0.534582133,5.435,0.0,16.0,16.0,134.0,1.0,water,gwater,question_gesture.png,im_hand.png,,,,,,
,,,953871,1,21,2023-09-19_23h46.45.495,flesh_expressibility_dutch,2022.2.4,MacIntel,58.82352941,,,,18.0,1.0,Nederlands,,,,,,Engels,0.0,,0.0,,0.0,,0.0,,0.0,,0.0,,0.0,,0.0,NL,3.0,2.0,2.0,1.0,,sensorypref1,sensorypref2,1440.0,900.0,,,,,,,,,,,,,,,,,,,,,,,,,,,,,,,,,,,22.0,468.648,56.0,"[1.1169999999999902,0.6839999999999975,0.8329999999999984,1.1330000000000098,1.9499999999999886,3.434000000000026,0.6340000000000146,0.7839999999999918,0.5180000000000007,0.6499999999999773,1.0840000000000032,1.3169999999999789,0.6169999999999902,0.7670000000000243,0.8329999999999984,0.6339999999999577,0.6999999999999886,0.7339999999999804,2.4499999999999886,1.0670000000000073,2.7660000000000196,2.5330000000000155,1.0330000000000155,0.9840000000000373,0.7000000000000455,0.6999999999999886,0.7659999999999627,2,0.6999999999999886,0.58299999999997,1.1669999999999732,0.46699999999998454,0.6000000000000227,0.8340000000000032,0.5009999999999764,0.7170000000000414,0.5169999999999959,0.617999999999995,0.5169999999999959,0.9340000000000259,0.5999999999999659,1.0330000000000155,0.8670000000000186,0.6170000000000186,1.0500000000000114,1.1329999999999814,0.39999999999997726,0.9830000000000041,0.6829999999999927,0.5840000000000032,0.5999999999999659,0.8999999999999773,2.7830000000000155,3.0670000000000073,0.8340000000000032,1.016999999999996]","[1.1169999999999902,0.6839999999999975,0.8329999999999984,1.1330000000000098,1.9499999999999886,3.434000000000026,0.6340000000000146,0.7839999999999918,0.5180000000000007,0.6499999999999773,1.0840000000000032,1.3169999999999789,0.6169999999999902,0.7670000000000243,0.8329999999999984,0.6339999999999577,0.6999999999999886,0.7339999999999804,2.4499999999999886,1.0670000000000073,2.7660000000000196,2.5330000000000155,1.0330000000000155,0.9840000000000373,0.7000000000000455,0.6999999999999886,0.7669999999999959,2,0.6999999999999886,0.58299999999997,1.1669999999999732,0.46699999999998454,0.6000000000000227,0.8340000000000032,0.5009999999999764,0.7180000000000177,0.5169999999999959,0.617999999999995,0.5169999999999959,0.9340000000000259,0.6009999999999991,1.0330000000000155,0.8670000000000186,0.6170000000000186,1.0500000000000114,1.1329999999999814,0.39999999999997726,0.9830000000000041,0.6829999999999927,0.5840000000000032,0.5999999999999659,0.8999999999999773,2.7830000000000155,3.0670000000000073,0.8340000000000032,1.016999999999996]",,,0.0,17.0,17.0,111.0,1.0,rug,grug,question_gesture.png,im_hand.png,,,,,,
,,,953871,1,21,2023-09-19_23h46.45.495,flesh_expressibility_dutch,2022.2.4,MacIntel,58.82352941,,,,18.0,1.0,Nederlands,,,,,,Engels,0.0,,0.0,,0.0,,0.0,,0.0,,0.0,,0.0,,0.0,NL,3.0,2.0,2.0,1.0,,sensorypref1,sensorypref2,1440.0,900.0,,,,,,,,,,,,,,,,,,,,,,,,,,,,,,,,,,,17.0,469.825,57.0,"[1.1169999999999902,0.6839999999999975,0.8329999999999984,1.1330000000000098,1.9499999999999886,3.434000000000026,0.6340000000000146,0.7839999999999918,0.5180000000000007,0.6499999999999773,1.0840000000000032,1.3169999999999789,0.6169999999999902,0.7670000000000243,0.8329999999999984,0.6339999999999577,0.6999999999999886,0.7339999999999804,2.4499999999999886,1.0670000000000073,2.7660000000000196,2.5330000000000155,1.0330000000000155,0.9840000000000373,0.7000000000000455,0.6999999999999886,0.7659999999999627,2,0.6999999999999886,0.58299999999997,1.1669999999999732,0.46699999999998454,0.6000000000000227,0.8340000000000032,0.5009999999999764,0.7170000000000414,0.5169999999999959,0.617999999999995,0.5169999999999959,0.9340000000000259,0.5999999999999659,1.0330000000000155,0.8670000000000186,0.6170000000000186,1.0500000000000114,1.1329999999999814,0.39999999999997726,0.9830000000000041,0.6829999999999927,0.5840000000000032,0.5999999999999659,0.8999999999999773,2.7830000000000155,3.0670000000000073,0.8340000000000032,1.016999999999996,0.5509999999999877]","[1.1169999999999902,0.6839999999999975,0.8329999999999984,1.1330000000000098,1.9499999999999886,3.434000000000026,0.6340000000000146,0.7839999999999918,0.5180000000000007,0.6499999999999773,1.0840000000000032,1.3169999999999789,0.6169999999999902,0.7670000000000243,0.8329999999999984,0.6339999999999577,0.6999999999999886,0.7339999999999804,2.4499999999999886,1.0670000000000073,2.7660000000000196,2.5330000000000155,1.0330000000000155,0.9840000000000373,0.7000000000000455,0.6999999999999886,0.7669999999999959,2,0.6999999999999886,0.58299999999997,1.1669999999999732,0.46699999999998454,0.6000000000000227,0.8340000000000032,0.5009999999999764,0.7180000000000177,0.5169999999999959,0.617999999999995,0.5169999999999959,0.9340000000000259,0.6009999999999991,1.0330000000000155,0.8670000000000186,0.6170000000000186,1.0500000000000114,1.1329999999999814,0.39999999999997726,0.9830000000000041,0.6829999999999927,0.5840000000000032,0.5999999999999659,0.8999999999999773,2.7830000000000155,3.0670000000000073,0.8340000000000032,1.016999999999996,0.5509999999999877]",-0.958213256,4.09,0.0,18.0,18.0,97.0,1.0,doen,gdoen,question_gesture.png,im_hand.png,,,,,,
,,,953871,1,21,2023-09-19_23h46.45.495,flesh_expressibility_dutch,2022.2.4,MacIntel,58.82352941,,,,18.0,1.0,Nederlands,,,,,,Engels,0.0,,0.0,,0.0,,0.0,,0.0,,0.0,,0.0,,0.0,NL,3.0,2.0,2.0,1.0,,sensorypref1,sensorypref2,1440.0,900.0,,,,,,,,,,,,,,,,,,,,,,,,,,,,,,,,,,,22.0,474.078,57.0,"[1.1169999999999902,0.6839999999999975,0.8329999999999984,1.1330000000000098,1.9499999999999886,3.434000000000026,0.6340000000000146,0.7839999999999918,0.5180000000000007,0.6499999999999773,1.0840000000000032,1.3169999999999789,0.6169999999999902,0.7670000000000243,0.8329999999999984,0.6339999999999577,0.6999999999999886,0.7339999999999804,2.4499999999999886,1.0670000000000073,2.7660000000000196,2.5330000000000155,1.0330000000000155,0.9840000000000373,0.7000000000000455,0.6999999999999886,0.7659999999999627,2,0.6999999999999886,0.58299999999997,1.1669999999999732,0.46699999999998454,0.6000000000000227,0.8340000000000032,0.5009999999999764,0.7170000000000414,0.5169999999999959,0.617999999999995,0.5169999999999959,0.9340000000000259,0.5999999999999659,1.0330000000000155,0.8670000000000186,0.6170000000000186,1.0500000000000114,1.1329999999999814,0.39999999999997726,0.9830000000000041,0.6829999999999927,0.5840000000000032,0.5999999999999659,0.8999999999999773,2.7830000000000155,3.0670000000000073,0.8340000000000032,1.016999999999996,0.5509999999999877]","[1.1169999999999902,0.6839999999999975,0.8329999999999984,1.1330000000000098,1.9499999999999886,3.434000000000026,0.6340000000000146,0.7839999999999918,0.5180000000000007,0.6499999999999773,1.0840000000000032,1.3169999999999789,0.6169999999999902,0.7670000000000243,0.8329999999999984,0.6339999999999577,0.6999999999999886,0.7339999999999804,2.4499999999999886,1.0670000000000073,2.7660000000000196,2.5330000000000155,1.0330000000000155,0.9840000000000373,0.7000000000000455,0.6999999999999886,0.7669999999999959,2,0.6999999999999886,0.58299999999997,1.1669999999999732,0.46699999999998454,0.6000000000000227,0.8340000000000032,0.5009999999999764,0.7180000000000177,0.5169999999999959,0.617999999999995,0.5169999999999959,0.9340000000000259,0.6009999999999991,1.0330000000000155,0.8670000000000186,0.6170000000000186,1.0500000000000114,1.1329999999999814,0.39999999999997726,0.9830000000000041,0.6829999999999927,0.5840000000000032,0.5999999999999659,0.8999999999999773,2.7830000000000155,3.0670000000000073,0.8340000000000032,1.016999999999996,0.5509999999999877]",,,0.0,19.0,19.0,95.0,1.0,niet,gniet,question_gesture.png,im_hand.png,,,,,,
,,,953871,1,21,2023-09-19_23h46.45.495,flesh_expressibility_dutch,2022.2.4,MacIntel,58.82352941,,,,18.0,1.0,Nederlands,,,,,,Engels,0.0,,0.0,,0.0,,0.0,,0.0,,0.0,,0.0,,0.0,NL,3.0,2.0,2.0,1.0,,sensorypref1,sensorypref2,1440.0,900.0,,,,,,,,,,,,,,,,,,,,,,,,,,,,,,,,,,,15.0,475.084,58.0,"[1.1169999999999902,0.6839999999999975,0.8329999999999984,1.1330000000000098,1.9499999999999886,3.434000000000026,0.6340000000000146,0.7839999999999918,0.5180000000000007,0.6499999999999773,1.0840000000000032,1.3169999999999789,0.6169999999999902,0.7670000000000243,0.8329999999999984,0.6339999999999577,0.6999999999999886,0.7339999999999804,2.4499999999999886,1.0670000000000073,2.7660000000000196,2.5330000000000155,1.0330000000000155,0.9840000000000373,0.7000000000000455,0.6999999999999886,0.7659999999999627,2,0.6999999999999886,0.58299999999997,1.1669999999999732,0.46699999999998454,0.6000000000000227,0.8340000000000032,0.5009999999999764,0.7170000000000414,0.5169999999999959,0.617999999999995,0.5169999999999959,0.9340000000000259,0.5999999999999659,1.0330000000000155,0.8670000000000186,0.6170000000000186,1.0500000000000114,1.1329999999999814,0.39999999999997726,0.9830000000000041,0.6829999999999927,0.5840000000000032,0.5999999999999659,0.8999999999999773,2.7830000000000155,3.0670000000000073,0.8340000000000032,1.016999999999996,0.5509999999999877,0.7510000000000332]","[1.1169999999999902,0.6839999999999975,0.8329999999999984,1.1330000000000098,1.9499999999999886,3.434000000000026,0.6340000000000146,0.7839999999999918,0.5180000000000007,0.6499999999999773,1.0840000000000032,1.3169999999999789,0.6169999999999902,0.7670000000000243,0.8329999999999984,0.6339999999999577,0.6999999999999886,0.7339999999999804,2.4499999999999886,1.0670000000000073,2.7660000000000196,2.5330000000000155,1.0330000000000155,0.9840000000000373,0.7000000000000455,0.6999999999999886,0.7669999999999959,2,0.6999999999999886,0.58299999999997,1.1669999999999732,0.46699999999998454,0.6000000000000227,0.8340000000000032,0.5009999999999764,0.7180000000000177,0.5169999999999959,0.617999999999995,0.5169999999999959,0.9340000000000259,0.6009999999999991,1.0330000000000155,0.8670000000000186,0.6170000000000186,1.0500000000000114,1.1329999999999814,0.39999999999997726,0.9830000000000041,0.6829999999999927,0.5840000000000032,0.5999999999999659,0.8999999999999773,2.7830000000000155,3.0670000000000073,0.8340000000000032,1.016999999999996,0.5509999999999877,0.7510000000000332]",-0.935158501,6.178,0.0,20.0,20.0,192.0,1.0,vlees,gvlees,question_gesture.png,im_hand.png,,,,,,
,,,953871,1,21,2023-09-19_23h46.45.495,flesh_expressibility_dutch,2022.2.4,MacIntel,58.82352941,,,,18.0,1.0,Nederlands,,,,,,Engels,0.0,,0.0,,0.0,,0.0,,0.0,,0.0,,0.0,,0.0,NL,3.0,2.0,2.0,1.0,,sensorypref1,sensorypref2,1440.0,900.0,,,,,,,,,,,,,,,,,,,,,,,,,,,,,,,,,,,17.0,481.817,59.0,"[1.1169999999999902,0.6839999999999975,0.8329999999999984,1.1330000000000098,1.9499999999999886,3.434000000000026,0.6340000000000146,0.7839999999999918,0.5180000000000007,0.6499999999999773,1.0840000000000032,1.3169999999999789,0.6169999999999902,0.7670000000000243,0.8329999999999984,0.6339999999999577,0.6999999999999886,0.7339999999999804,2.4499999999999886,1.0670000000000073,2.7660000000000196,2.5330000000000155,1.0330000000000155,0.9840000000000373,0.7000000000000455,0.6999999999999886,0.7659999999999627,2,0.6999999999999886,0.58299999999997,1.1669999999999732,0.46699999999998454,0.6000000000000227,0.8340000000000032,0.5009999999999764,0.7170000000000414,0.5169999999999959,0.617999999999995,0.5169999999999959,0.9340000000000259,0.5999999999999659,1.0330000000000155,0.8670000000000186,0.6170000000000186,1.0500000000000114,1.1329999999999814,0.39999999999997726,0.9830000000000041,0.6829999999999927,0.5840000000000032,0.5999999999999659,0.8999999999999773,2.7830000000000155,3.0670000000000073,0.8340000000000032,1.016999999999996,0.5509999999999877,0.7510000000000332,1.25]","[1.1169999999999902,0.6839999999999975,0.8329999999999984,1.1330000000000098,1.9499999999999886,3.434000000000026,0.6340000000000146,0.7839999999999918,0.5180000000000007,0.6499999999999773,1.0840000000000032,1.3169999999999789,0.6169999999999902,0.7670000000000243,0.8329999999999984,0.6339999999999577,0.6999999999999886,0.7339999999999804,2.4499999999999886,1.0670000000000073,2.7660000000000196,2.5330000000000155,1.0330000000000155,0.9840000000000373,0.7000000000000455,0.6999999999999886,0.7669999999999959,2,0.6999999999999886,0.58299999999997,1.1669999999999732,0.46699999999998454,0.6000000000000227,0.8340000000000032,0.5009999999999764,0.7180000000000177,0.5169999999999959,0.617999999999995,0.5169999999999959,0.9340000000000259,0.6009999999999991,1.0330000000000155,0.8670000000000186,0.6170000000000186,1.0500000000000114,1.1329999999999814,0.39999999999997726,0.9830000000000041,0.6829999999999927,0.5840000000000032,0.5999999999999659,0.8999999999999773,2.7830000000000155,3.0670000000000073,0.8340000000000032,1.016999999999996,0.5509999999999877,0.7510000000000332,1.25]",-0.96685879,8.704,0.0,21.0,21.0,106.0,1.0,hand,ghand,question_gesture.png,im_hand.png,,,,,,
,,,953871,1,21,2023-09-19_23h46.45.495,flesh_expressibility_dutch,2022.2.4,MacIntel,58.82352941,,,,18.0,1.0,Nederlands,,,,,,Engels,0.0,,0.0,,0.0,,0.0,,0.0,,0.0,,0.0,,0.0,NL,3.0,2.0,2.0,1.0,,sensorypref1,sensorypref2,1440.0,900.0,,,,,,,,,,,,,,,,,,,,,,,,,,,,,,,,,,,13.0,491.761,60.0,"[1.1169999999999902,0.6839999999999975,0.8329999999999984,1.1330000000000098,1.9499999999999886,3.434000000000026,0.6340000000000146,0.7839999999999918,0.5180000000000007,0.6499999999999773,1.0840000000000032,1.3169999999999789,0.6169999999999902,0.7670000000000243,0.8329999999999984,0.6339999999999577,0.6999999999999886,0.7339999999999804,2.4499999999999886,1.0670000000000073,2.7660000000000196,2.5330000000000155,1.0330000000000155,0.9840000000000373,0.7000000000000455,0.6999999999999886,0.7659999999999627,2,0.6999999999999886,0.58299999999997,1.1669999999999732,0.46699999999998454,0.6000000000000227,0.8340000000000032,0.5009999999999764,0.7170000000000414,0.5169999999999959,0.617999999999995,0.5169999999999959,0.9340000000000259,0.5999999999999659,1.0330000000000155,0.8670000000000186,0.6170000000000186,1.0500000000000114,1.1329999999999814,0.39999999999997726,0.9830000000000041,0.6829999999999927,0.5840000000000032,0.5999999999999659,0.8999999999999773,2.7830000000000155,3.0670000000000073,0.8340000000000032,1.016999999999996,0.5509999999999877,0.7510000000000332,1.25,0.9000000000000341]","[1.1169999999999902,0.6839999999999975,0.8329999999999984,1.1330000000000098,1.9499999999999886,3.434000000000026,0.6340000000000146,0.7839999999999918,0.5180000000000007,0.6499999999999773,1.0840000000000032,1.3169999999999789,0.6169999999999902,0.7670000000000243,0.8329999999999984,0.6339999999999577,0.6999999999999886,0.7339999999999804,2.4499999999999886,1.0670000000000073,2.7660000000000196,2.5330000000000155,1.0330000000000155,0.9840000000000373,0.7000000000000455,0.6999999999999886,0.7669999999999959,2,0.6999999999999886,0.58299999999997,1.1669999999999732,0.46699999999998454,0.6000000000000227,0.8340000000000032,0.5009999999999764,0.7180000000000177,0.5169999999999959,0.617999999999995,0.5169999999999959,0.9340000000000259,0.6009999999999991,1.0330000000000155,0.8670000000000186,0.6170000000000186,1.0500000000000114,1.1329999999999814,0.39999999999997726,0.9830000000000041,0.6829999999999927,0.5840000000000032,0.5999999999999659,0.8999999999999773,2.7830000000000155,3.0670000000000073,0.8340000000000032,1.016999999999996,0.5509999999999877,0.7510000000000332,1.25,0.9000000000000341]",0.341498559,5.004,0.0,22.0,22.0,135.0,1.0,wind,gwind,question_gesture.png,im_hand.png,,,,,,
,,,953871,1,21,2023-09-19_23h46.45.495,flesh_expressibility_dutch,2022.2.4,MacIntel,58.82352941,,,,18.0,1.0,Nederlands,,,,,,Engels,0.0,,0.0,,0.0,,0.0,,0.0,,0.0,,0.0,,0.0,NL,3.0,2.0,2.0,1.0,,sensorypref1,sensorypref2,1440.0,900.0,,,,,,,,,,,,,,,,,,,,,,,,,,,,,,,,,,,,,,,,,,,,,,,,,,,,,,,,
,,,953871,1,21,2023-09-19_23h46.45.495,flesh_expressibility_dutch,2022.2.4,MacIntel,58.82352941,,,,18.0,1.0,Nederlands,,,,,,Engels,0.0,,0.0,,0.0,,0.0,,0.0,,0.0,,0.0,,0.0,NL,3.0,2.0,2.0,1.0,,sensorypref1,sensorypref2,1440.0,900.0,,,,,,,,,,,,,,,,,,,,,,,,,,,,,,,,,,,,,,,,,,,,,,,,,,,1.0,,,,,
,,,953871,1,21,2023-09-19_23h46.45.495,flesh_expressibility_dutch,2022.2.4,MacIntel,58.82352941,,,,18.0,1.0,Nederlands,,,,,,Engels,0.0,,0.0,,0.0,,0.0,,0.0,,0.0,,0.0,,0.0,NL,3.0,2.0,2.0,1.0,,sensorypref1,sensorypref2,1440.0,900.0,,,,,,,,,,,,,,,,,,,,,,,,,,,,,,,,,,,,,,,,,,,,,,,,,,,1.0,,,,,
,,,953871,1,21,2023-09-19_23h46.45.495,flesh_expressibility_dutch,2022.2.4,MacIntel,58.82352941,,,,18.0,1.0,Nederlands,,,,,,Engels,0.0,,0.0,,0.0,,0.0,,0.0,,0.0,,0.0,,0.0,NL,3.0,2.0,2.0,1.0,,sensorypref1,sensorypref2,1440.0,900.0,,,,,,,,,,,,,,,,,,,,,,,,,,,,,,,,,,,,,,,,,,,,,,,,,,,1.0,,,1.0,[505.617],[505.618]
