welcome_weiter.numClicks,welcome_weiter.timesOn,welcome_weiter.timesOff,exp_ID,session,presentation limit,date,expName,psychopyVersion,OS,frameRate,introduction_weiter.numClicks,introduction_weiter.timesOn,introduction_weiter.timesOff,age,gender,natlang1,natlang2,natlang3,natlang4,natlang5,natlang6,lang1,proficiency1,lang2,proficiency2,lang3,proficiency3,lang4,proficiency4,lang5,proficiency5,lang6,proficiency6,lang7,proficiency7,lang8,proficiency8,country,education,dyslexia,mobility,currentloc,radio-for-required-checkboxes,sensorypref1,sensorypref2,sensorypref3,sensorypref4,xRes,yRes,sensorypref[],practice_weiter.numClicks,practice_weiter.timesOn,practice_weiter.timesOff,pr_message_weiter.numClicks,pr_message_weiter.timesOn,pr_message_weiter.timesOff,pr_remember_weiter.numClicks,pr_remember_weiter.timesOn,pr_remember_weiter.timesOff,button_weiter.numClicks,button_weiter.timesOn,button_weiter.timesOff,pr_expressibility.response,pr_expressibility.rt,practice_trials.thisRepN,practice_trials.thisTrialN,practice_trials.thisN,practice_trials.thisIndex,practice_trials.ran,pr_word,pr_question,pr_image,start_weiter.numClicks,start_weiter.timesOn,start_weiter.timesOff,message_weiter.numClicks,message_weiter.timesOn,message_weiter.timesOff,trial_remember_weiter.numClicks,trial_remember_weiter.timesOn,trial_remember_weiter.timesOff,Count,Shelf time,trial_button_weiter.numClicks,trial_button_weiter.timesOn,trial_button_weiter.timesOff,expressibility.response,expressibility.rt,trials.thisRepN,trials.thisTrialN,trials.thisN,trials.thisIndex,trials.ran,word,fordict,question,trial_img,problem,problem_text,comment_text,end_experiment.numClicks,end_experiment.timesOn,end_experiment.timesOff
1.0,[6.195499999999999],[6.195499999999999],988082,1,21,2023-06-15_19h07.22.199,flesh_expressibility_dutch,2022.2.4,MacIntel,59.99880002,,,,,,,,,,,,,,,,,,,,,,,,,,,,,,,,,,,,,,,,,,,,,,,,,,,,,,,,,,,,,,,,,,,,,,,,,,,,,,,,,,,,,,,,,,,,,
,,,988082,1,21,2023-06-15_19h07.22.199,flesh_expressibility_dutch,2022.2.4,MacIntel,59.99880002,,,,,,,,,,,,,,,,,,,,,,,,,,,,,,,,,,,,,,,,,,,,,,,,,,,,,,,,,,,,,,,,,,,,,,,,,,,,,,,,,,,,,,,,,,,,,
,,,988082,1,21,2023-06-15_19h07.22.199,flesh_expressibility_dutch,2022.2.4,MacIntel,59.99880002,1.0,[15.056399999976158],[15.056399999976158],,,,,,,,,,,,,,,,,,,,,,,,,,,,,,,,,,,,,,,,,,,,,,,,,,,,,,,,,,,,,,,,,,,,,,,,,,,,,,,,,,,,,,,,,,
,,,988082,1,21,2023-06-15_19h07.22.199,flesh_expressibility_dutch,2022.2.4,MacIntel,59.99880002,,,,,,,,,,,,,,,,,,,,,,,,,,,,,,,,,,,,,,,,,,,,,,,,,,,,,,,,,,,,,,,,,,,,,,,,,,,,,,,,,,,,,,,,,,,,,
,,,988082,1,21,2023-06-15_19h07.22.199,flesh_expressibility_dutch,2022.2.4,MacIntel,59.99880002,,,,19.0,1.0,Nederlands ,,,,,,Engels ,3.0,Frans ,1.0,Duits ,1.0,,0.0,,0.0,,0.0,,0.0,,0.0,NL,6.0,2.0,2.0,1.0,on,sensorypref1,sensorypref2,sensorypref3,sensorypref4,1440.0,900.0,,,,,,,,,,,,,,,,,,,,,,,,,,,,,,,,,,,,,,,,,,,,,,,,,,,,,,
,,,988082,1,21,2023-06-15_19h07.22.199,flesh_expressibility_dutch,2022.2.4,MacIntel,59.99880002,,,,19.0,1.0,Nederlands ,,,,,,Engels ,3.0,Frans ,1.0,Duits ,1.0,,0.0,,0.0,,0.0,,0.0,,0.0,NL,6.0,2.0,2.0,1.0,,sensorypref1,sensorypref2,sensorypref3,sensorypref4,1440.0,900.0,,1.0,[135.729],[135.72910000002386],,,,,,,,,,,,,,,,,,,,,,,,,,,,,,,,,,,,,,,,,,,,,,,,,,
,,,988082,1,21,2023-06-15_19h07.22.199,flesh_expressibility_dutch,2022.2.4,MacIntel,59.99880002,,,,19.0,1.0,Nederlands ,,,,,,Engels ,3.0,Frans ,1.0,Duits ,1.0,,0.0,,0.0,,0.0,,0.0,,0.0,NL,6.0,2.0,2.0,1.0,,sensorypref1,sensorypref2,sensorypref3,sensorypref4,1440.0,900.0,,,,,,,,,,,,,,,,,,,,,,,,,,,,,,,,,,,,,,,,,,,,,,,,,,,,,,
,,,988082,1,21,2023-06-15_19h07.22.199,flesh_expressibility_dutch,2022.2.4,MacIntel,59.99880002,,,,19.0,1.0,Nederlands ,,,,,,Engels ,3.0,Frans ,1.0,Duits ,1.0,,0.0,,0.0,,0.0,,0.0,,0.0,NL,6.0,2.0,2.0,1.0,,sensorypref1,sensorypref2,sensorypref3,sensorypref4,1440.0,900.0,,,,,1.0,[152.50960000002385],[152.50969999998807],1.0,[158.976],[158.976],1.0,[4.85069999998808],[4.85080000001193],0.637395833,21.0389,0.0,0.0,0.0,0.0,1.0,baby,question_gesture.png,im_hand.png,,,,,,,,,,,,,,,,,,,,,,,,,,,,,,,
,,,988082,1,21,2023-06-15_19h07.22.199,flesh_expressibility_dutch,2022.2.4,MacIntel,59.99880002,,,,19.0,1.0,Nederlands ,,,,,,Engels ,3.0,Frans ,1.0,Duits ,1.0,,0.0,,0.0,,0.0,,0.0,,0.0,NL,6.0,2.0,2.0,1.0,,sensorypref1,sensorypref2,sensorypref3,sensorypref4,1440.0,900.0,,,,,,,,,,,2.0,"[4.85069999998808,0.9013999999761495]","[4.85080000001193,0.9014999999999986]",-0.325260417,22.4384,0.0,1.0,1.0,1.0,1.0,auto,question_gesture.png,im_hand.png,,,,,,,,,,,,,,,,,,,,,,,,,,,,,,,
,,,988082,1,21,2023-06-15_19h07.22.199,flesh_expressibility_dutch,2022.2.4,MacIntel,59.99880002,,,,19.0,1.0,Nederlands ,,,,,,Engels ,3.0,Frans ,1.0,Duits ,1.0,,0.0,,0.0,,0.0,,0.0,,0.0,NL,6.0,2.0,2.0,1.0,,sensorypref1,sensorypref2,sensorypref3,sensorypref4,1440.0,900.0,,,,,2.0,"[152.50960000002385,215.33010000002386]","[152.50969999998807,215.33020000004768]",2.0,"[158.976,220.25980000001192]","[158.976,220.25990000003577]",3.0,"[4.85069999998808,0.9013999999761495,0.8341000000238523]","[4.85080000001193,0.9014999999999986,0.8341000000238523]",-0.1209375,26.6079,0.0,0.0,0.0,1.0,1.0,moe,question_vocal.png,im_mouth.png,,,,,,,,,,,,,,,,,,,,,,,,,,,,,,,
,,,988082,1,21,2023-06-15_19h07.22.199,flesh_expressibility_dutch,2022.2.4,MacIntel,59.99880002,,,,19.0,1.0,Nederlands ,,,,,,Engels ,3.0,Frans ,1.0,Duits ,1.0,,0.0,,0.0,,0.0,,0.0,,0.0,NL,6.0,2.0,2.0,1.0,,sensorypref1,sensorypref2,sensorypref3,sensorypref4,1440.0,900.0,,,,,,,,,,,4.0,"[4.85069999998808,0.9013999999761495,0.8341000000238523,11.401900000095338]","[4.85080000001193,0.9014999999999986,0.8341000000238523,11.401999999999987]",-0.494210069,20.379,0.0,1.0,1.0,0.0,1.0,liefde,question_vocal.png,im_mouth.png,,,,,,,,,,,,,,,,,,,,,,,,,,,,,,,
,,,988082,1,21,2023-06-15_19h07.22.199,flesh_expressibility_dutch,2022.2.4,MacIntel,59.99880002,,,,19.0,1.0,Nederlands ,,,,,,Engels ,3.0,Frans ,1.0,Duits ,1.0,,0.0,,0.0,,0.0,,0.0,,0.0,NL,6.0,2.0,2.0,1.0,,sensorypref1,sensorypref2,sensorypref3,sensorypref4,1440.0,900.0,,,,,3.0,"[152.50960000002385,215.33010000002386,278.2988999999762]","[152.50969999998807,215.33020000004768,278.2988999999762]",3.0,"[158.976,220.25980000001192,284.8300999999642]","[158.976,220.25990000003577,284.8300999999642]",5.0,"[4.85069999998808,0.9013999999761495,0.8341000000238523,11.401900000095338,0.7686000000238664]","[4.85080000001193,0.9014999999999986,0.8341000000238523,11.401999999999987,0.7686999999285149]",0.283020833,36.7108,0.0,0.0,0.0,1.0,1.0,leeuw,question_multimodal.png,im_combination.png,,,,,,,,,,,,,,,,,,,,,,,,,,,,,,,
,,,988082,1,21,2023-06-15_19h07.22.199,flesh_expressibility_dutch,2022.2.4,MacIntel,59.99880002,,,,19.0,1.0,Nederlands ,,,,,,Engels ,3.0,Frans ,1.0,Duits ,1.0,,0.0,,0.0,,0.0,,0.0,,0.0,NL,6.0,2.0,2.0,1.0,,sensorypref1,sensorypref2,sensorypref3,sensorypref4,1440.0,900.0,,,,,,,,,,,6.0,"[4.85069999998808,0.9013999999761495,0.8341000000238523,11.401900000095338,0.7686000000238664,0.6498000000715365]","[4.85080000001193,0.9014999999999986,0.8341000000238523,11.401999999999987,0.7686999999285149,0.6498000000715365]",0.495347222,26.1421,0.0,1.0,1.0,0.0,1.0,koken,question_multimodal.png,im_combination.png,,,,,,,,,,,,,,,,,,,,,,,,,,,,,,,
,,,988082,1,21,2023-06-15_19h07.22.199,flesh_expressibility_dutch,2022.2.4,MacIntel,59.99880002,,,,19.0,1.0,Nederlands ,,,,,,Engels ,3.0,Frans ,1.0,Duits ,1.0,,0.0,,0.0,,0.0,,0.0,,0.0,NL,6.0,2.0,2.0,1.0,,sensorypref1,sensorypref2,sensorypref3,sensorypref4,1440.0,900.0,,,,,,,,,,,,,,,,,,,,,,,,1.0,[360.86730000001194],[360.86750000005964],,,,,,,,,,,,,,,,,,,,,,,,,,,,
,,,988082,1,21,2023-06-15_19h07.22.199,flesh_expressibility_dutch,2022.2.4,MacIntel,59.99880002,,,,19.0,1.0,Nederlands ,,,,,,Engels ,3.0,Frans ,1.0,Duits ,1.0,,0.0,,0.0,,0.0,,0.0,,0.0,NL,6.0,2.0,2.0,1.0,,sensorypref1,sensorypref2,sensorypref3,sensorypref4,1440.0,900.0,,,,,,,,,,,,,,,,,,,,,,,,,,,,,,,,,,,,,,,,,,,,,,,,,,,,,,
,,,988082,1,21,2023-06-15_19h07.22.199,flesh_expressibility_dutch,2022.2.4,MacIntel,59.99880002,,,,19.0,1.0,Nederlands ,,,,,,Engels ,3.0,Frans ,1.0,Duits ,1.0,,0.0,,0.0,,0.0,,0.0,,0.0,NL,6.0,2.0,2.0,1.0,,sensorypref1,sensorypref2,sensorypref3,sensorypref4,1440.0,900.0,,,,,,,,,,,,,,,,,,,,,,,,,,,1.0,[366.9481999999881],[366.9483000000119],1.0,[370.8471999999285],[370.8472999999523],10.0,372.5912,1.0,[0.7493999999761627],[0.7493999999761627],0.402717014,31.3767,0.0,0.0,0.0,48.0,1.0,vliegen,mvliegen,question_multimodal.png,im_combination.png,,,,,,
,,,988082,1,21,2023-06-15_19h07.22.199,flesh_expressibility_dutch,2022.2.4,MacIntel,59.99880002,,,,19.0,1.0,Nederlands ,,,,,,Engels ,3.0,Frans ,1.0,Duits ,1.0,,0.0,,0.0,,0.0,,0.0,,0.0,NL,6.0,2.0,2.0,1.0,,sensorypref1,sensorypref2,sensorypref3,sensorypref4,1440.0,900.0,,,,,,,,,,,,,,,,,,,,,,,,,,,,,,,,,4.0,405.9516,2.0,"[0.7493999999761627,0.6997999999522904]","[0.7493999999761627,0.6997999999522904]",-0.629348958,39.8894,0.0,1.0,1.0,107.0,1.0,mond,mmond,question_multimodal.png,im_combination.png,,,,,,
,,,988082,1,21,2023-06-15_19h07.22.199,flesh_expressibility_dutch,2022.2.4,MacIntel,59.99880002,,,,19.0,1.0,Nederlands ,,,,,,Engels ,3.0,Frans ,1.0,Duits ,1.0,,0.0,,0.0,,0.0,,0.0,,0.0,NL,6.0,2.0,2.0,1.0,,sensorypref1,sensorypref2,sensorypref3,sensorypref4,1440.0,900.0,,,,,,,,,,,,,,,,,,,,,,,,,,,,,,,,,5.0,445.3692,3.0,"[0.7493999999761627,0.6997999999522904,0.6003000000715133]","[0.7493999999761627,0.6997999999522904,0.6003000000715133]",0.602491319,26.6728,0.0,2.0,2.0,60.0,1.0,luidruchtig,mluidruchtig,question_multimodal.png,im_combination.png,,,,,,
,,,988082,1,21,2023-06-15_19h07.22.199,flesh_expressibility_dutch,2022.2.4,MacIntel,59.99880002,,,,19.0,1.0,Nederlands ,,,,,,Engels ,3.0,Frans ,1.0,Duits ,1.0,,0.0,,0.0,,0.0,,0.0,,0.0,NL,6.0,2.0,2.0,1.0,,sensorypref1,sensorypref2,sensorypref3,sensorypref4,1440.0,900.0,,,,,,,,,,,,,,,,,,,,,,,,,,,,,,,,,5.0,472.9091,4.0,"[0.7493999999761627,0.6997999999522904,0.6003000000715133,0.7034000000953711]","[0.7493999999761627,0.6997999999522904,0.6003000000715133,0.7034999999999627]",0.051154514,37.1891,0.0,3.0,3.0,68.0,1.0,scherp,mscherp,question_multimodal.png,im_combination.png,,,,,,
,,,988082,1,21,2023-06-15_19h07.22.199,flesh_expressibility_dutch,2022.2.4,MacIntel,59.99880002,,,,19.0,1.0,Nederlands ,,,,,,Engels ,3.0,Frans ,1.0,Duits ,1.0,,0.0,,0.0,,0.0,,0.0,,0.0,NL,6.0,2.0,2.0,1.0,,sensorypref1,sensorypref2,sensorypref3,sensorypref4,1440.0,900.0,,,,,,,,,,,,,,,,,,,,,,,,,,,,,,,,,4.0,510.9215,5.0,"[0.7493999999761627,0.6997999999522904,0.6003000000715133,0.7034000000953711,0.7200000000000273]","[0.7493999999761627,0.6997999999522904,0.6003000000715133,0.7034999999999627,0.7201000000238764]",-0.138003472,24.7773,0.0,4.0,4.0,200.0,1.0,oud,moud,question_multimodal.png,im_combination.png,,,,,,
,,,988082,1,21,2023-06-15_19h07.22.199,flesh_expressibility_dutch,2022.2.4,MacIntel,59.99880002,,,,19.0,1.0,Nederlands ,,,,,,Engels ,3.0,Frans ,1.0,Duits ,1.0,,0.0,,0.0,,0.0,,0.0,,0.0,NL,6.0,2.0,2.0,1.0,,sensorypref1,sensorypref2,sensorypref3,sensorypref4,1440.0,900.0,,,,,,,,,,,,,,,,,,,,,,,,,,,,,,,,,2.0,535.6595,6.0,"[0.7493999999761627,0.6997999999522904,0.6003000000715133,0.7034000000953711,0.7200000000000273,0.6148000000714546]","[0.7493999999761627,0.6997999999522904,0.6003000000715133,0.7034999999999627,0.7201000000238764,0.61489999997616]",0.290538194,15.0743,0.0,5.0,5.0,140.0,1.0,staan,mstaan,question_multimodal.png,im_combination.png,,,,,,
,,,988082,1,21,2023-06-15_19h07.22.199,flesh_expressibility_dutch,2022.2.4,MacIntel,59.99880002,,,,19.0,1.0,Nederlands ,,,,,,Engels ,3.0,Frans ,1.0,Duits ,1.0,,0.0,,0.0,,0.0,,0.0,,0.0,NL,6.0,2.0,2.0,1.0,,sensorypref1,sensorypref2,sensorypref3,sensorypref4,1440.0,900.0,,,,,,,,,,,,,,,,,,,,,,,,,,,,,,,,,7.0,551.3574,7.0,"[0.7493999999761627,0.6997999999522904,0.6003000000715133,0.7034000000953711,0.7200000000000273,0.6148000000714546,0.8697999999523063]","[0.7493999999761627,0.6997999999522904,0.6003000000715133,0.7034999999999627,0.7201000000238764,0.61489999997616,0.8697999999523063]",0.988967014,6.9419,0.0,6.0,6.0,91.0,1.0,koud,mkoud,question_multimodal.png,im_combination.png,,,,,,
,,,988082,1,21,2023-06-15_19h07.22.199,flesh_expressibility_dutch,2022.2.4,MacIntel,59.99880002,,,,19.0,1.0,Nederlands ,,,,,,Engels ,3.0,Frans ,1.0,Duits ,1.0,,0.0,,0.0,,0.0,,0.0,,0.0,NL,6.0,2.0,2.0,1.0,,sensorypref1,sensorypref2,sensorypref3,sensorypref4,1440.0,900.0,,,,,,,,,,,,,,,,,,,,,,,,,,,,,,,,,4.0,559.3084,8.0,"[0.7493999999761627,0.6997999999522904,0.6003000000715133,0.7034000000953711,0.7200000000000273,0.6148000000714546,0.8697999999523063,0.6498000000715365]","[0.7493999999761627,0.6997999999522904,0.6003000000715133,0.7034999999999627,0.7201000000238764,0.61489999997616,0.8697999999523063,0.6498999999762418]",0.595199653,32.2582,0.0,7.0,7.0,194.0,1.0,touw,mtouw,question_multimodal.png,im_combination.png,,,,,,
,,,988082,1,21,2023-06-15_19h07.22.199,flesh_expressibility_dutch,2022.2.4,MacIntel,59.99880002,,,,19.0,1.0,Nederlands ,,,,,,Engels ,3.0,Frans ,1.0,Duits ,1.0,,0.0,,0.0,,0.0,,0.0,,0.0,NL,6.0,2.0,2.0,1.0,,sensorypref1,sensorypref2,sensorypref3,sensorypref4,1440.0,900.0,,,,,,,,,,,,,,,,,,,,,,,,,,,,,,,,,5.0,592.9718,9.0,"[0.7493999999761627,0.6997999999522904,0.6003000000715133,0.7034000000953711,0.7200000000000273,0.6148000000714546,0.8697999999523063,0.6498000000715365,0.6193999999761672]","[0.7493999999761627,0.6997999999522904,0.6003000000715133,0.7034999999999627,0.7201000000238764,0.61489999997616,0.8697999999523063,0.6498999999762418,0.6195000000000164]",0.502803819,25.8192,0.0,8.0,8.0,94.0,1.0,nu,mnu,question_multimodal.png,im_combination.png,,,,,,
,,,988082,1,21,2023-06-15_19h07.22.199,flesh_expressibility_dutch,2022.2.4,MacIntel,59.99880002,,,,19.0,1.0,Nederlands ,,,,,,Engels ,3.0,Frans ,1.0,Duits ,1.0,,0.0,,0.0,,0.0,,0.0,,0.0,NL,6.0,2.0,2.0,1.0,,sensorypref1,sensorypref2,sensorypref3,sensorypref4,1440.0,900.0,,,,,,,,,,,,,,,,,,,,,,,,,,,,,,,,,7.0,618.5526,10.0,"[0.7493999999761627,0.6997999999522904,0.6003000000715133,0.7034000000953711,0.7200000000000273,0.6148000000714546,0.8697999999523063,0.6498000000715365,0.6193999999761672,0.5991000000238955]","[0.7493999999761627,0.6997999999522904,0.6003000000715133,0.7034999999999627,0.7201000000238764,0.61489999997616,0.8697999999523063,0.6498999999762418,0.6195000000000164,0.5991000000238955]",0.127413194,22.1422,0.0,9.0,9.0,17.0,1.0,verschillend,mverschillend,question_multimodal.png,im_combination.png,,,,,,
,,,988082,1,21,2023-06-15_19h07.22.199,flesh_expressibility_dutch,2022.2.4,MacIntel,59.99880002,,,,19.0,1.0,Nederlands ,,,,,,Engels ,3.0,Frans ,1.0,Duits ,1.0,,0.0,,0.0,,0.0,,0.0,,0.0,NL,6.0,2.0,2.0,1.0,,sensorypref1,sensorypref2,sensorypref3,sensorypref4,1440.0,900.0,,,,,,,,,,,,,,,,,,,,,,,,,,,,,,,,,5.0,641.6199,11.0,"[0.7493999999761627,0.6997999999522904,0.6003000000715133,0.7034000000953711,0.7200000000000273,0.6148000000714546,0.8697999999523063,0.6498000000715365,0.6193999999761672,0.5991000000238955,0.5659999999999172]","[0.7493999999761627,0.6997999999522904,0.6003000000715133,0.7034999999999627,0.7201000000238764,0.61489999997616,0.8697999999523063,0.6498999999762418,0.6195000000000164,0.5991000000238955,0.5660999999046226]",0.476866319,18.9942,0.0,10.0,10.0,144.0,1.0,geven,mgeven,question_multimodal.png,im_combination.png,,,,,,
,,,988082,1,21,2023-06-15_19h07.22.199,flesh_expressibility_dutch,2022.2.4,MacIntel,59.99880002,,,,19.0,1.0,Nederlands ,,,,,,Engels ,3.0,Frans ,1.0,Duits ,1.0,,0.0,,0.0,,0.0,,0.0,,0.0,NL,6.0,2.0,2.0,1.0,,sensorypref1,sensorypref2,sensorypref3,sensorypref4,1440.0,900.0,,,,,,,,,,,,,,,,,,,,,,,,,,,,,,,,,2.0,661.5638,12.0,"[0.7493999999761627,0.6997999999522904,0.6003000000715133,0.7034000000953711,0.7200000000000273,0.6148000000714546,0.8697999999523063,0.6498000000715365,0.6193999999761672,0.5991000000238955,0.5659999999999172,0.6324999999999363]","[0.7493999999761627,0.6997999999522904,0.6003000000715133,0.7034999999999627,0.7201000000238764,0.61489999997616,0.8697999999523063,0.6498999999762418,0.6195000000000164,0.5991000000238955,0.5660999999046226,0.6324999999999363]",0.305052083,17.9901,0.0,11.0,11.0,141.0,1.0,dragen,mdragen,question_multimodal.png,im_combination.png,,,,,,
,,,988082,1,21,2023-06-15_19h07.22.199,flesh_expressibility_dutch,2022.2.4,MacIntel,59.99880002,,,,19.0,1.0,Nederlands ,,,,,,Engels ,3.0,Frans ,1.0,Duits ,1.0,,0.0,,0.0,,0.0,,0.0,,0.0,NL,6.0,2.0,2.0,1.0,,sensorypref1,sensorypref2,sensorypref3,sensorypref4,1440.0,900.0,,,,,,,,,,,,,,,,,,,,,,,,,,,,,,,,,3.0,679.8122,13.0,"[0.7493999999761627,0.6997999999522904,0.6003000000715133,0.7034000000953711,0.7200000000000273,0.6148000000714546,0.8697999999523063,0.6498000000715365,0.6193999999761672,0.5991000000238955,0.5659999999999172,0.6324999999999363,0.8174999999999955]","[0.7493999999761627,0.6997999999522904,0.6003000000715133,0.7034999999999627,0.7201000000238764,0.61489999997616,0.8697999999523063,0.6498999999762418,0.6195000000000164,0.5991000000238955,0.5660999999046226,0.6324999999999363,0.8175999999045871]",0.988975694,10.6276,0.0,12.0,12.0,65.0,1.0,jeuk,mjeuk,question_multimodal.png,im_combination.png,,,,,,
,,,988082,1,21,2023-06-15_19h07.22.199,flesh_expressibility_dutch,2022.2.4,MacIntel,59.99880002,,,,19.0,1.0,Nederlands ,,,,,,Engels ,3.0,Frans ,1.0,Duits ,1.0,,0.0,,0.0,,0.0,,0.0,,0.0,NL,6.0,2.0,2.0,1.0,,sensorypref1,sensorypref2,sensorypref3,sensorypref4,1440.0,900.0,,,,,,,,,,,,,,,,,,,,,,,,,,,,,,,,,3.0,691.0775,14.0,"[0.7493999999761627,0.6997999999522904,0.6003000000715133,0.7034000000953711,0.7200000000000273,0.6148000000714546,0.8697999999523063,0.6498000000715365,0.6193999999761672,0.5991000000238955,0.5659999999999172,0.6324999999999363,0.8174999999999955,0.7484000000953301]","[0.7493999999761627,0.6997999999522904,0.6003000000715133,0.7034999999999627,0.7201000000238764,0.61489999997616,0.8697999999523063,0.6498999999762418,0.6195000000000164,0.5991000000238955,0.5660999999046226,0.6324999999999363,0.8175999999045871,0.7485000000000355]",1.0,10.8243,0.0,13.0,13.0,90.0,1.0,slapen,mslapen,question_multimodal.png,im_combination.png,,,,,,
,,,988082,1,21,2023-06-15_19h07.22.199,flesh_expressibility_dutch,2022.2.4,MacIntel,59.99880002,,,,19.0,1.0,Nederlands ,,,,,,Engels ,3.0,Frans ,1.0,Duits ,1.0,,0.0,,0.0,,0.0,,0.0,,0.0,NL,6.0,2.0,2.0,1.0,,sensorypref1,sensorypref2,sensorypref3,sensorypref4,1440.0,900.0,,,,,,,,,,,,,,,,,,,,,,,,,,,,,,,,,2.0,703.6327,15.0,"[0.7493999999761627,0.6997999999522904,0.6003000000715133,0.7034000000953711,0.7200000000000273,0.6148000000714546,0.8697999999523063,0.6498000000715365,0.6193999999761672,0.5991000000238955,0.5659999999999172,0.6324999999999363,0.8174999999999955,0.7484000000953301,3.4028000000715792]","[0.7493999999761627,0.6997999999522904,0.6003000000715133,0.7034999999999627,0.7201000000238764,0.61489999997616,0.8697999999523063,0.6498999999762418,0.6195000000000164,0.5991000000238955,0.5660999999046226,0.6324999999999363,0.8175999999045871,0.7485000000000355,3.4029000000954284]",0.273550347,36.5239,0.0,14.0,14.0,66.0,1.0,"bot (kenmerk, niet lichaam)","mbot (kenmerk, niet lichaam)",question_multimodal.png,im_combination.png,,,,,,
,,,988082,1,21,2023-06-15_19h07.22.199,flesh_expressibility_dutch,2022.2.4,MacIntel,59.99880002,,,,19.0,1.0,Nederlands ,,,,,,Engels ,3.0,Frans ,1.0,Duits ,1.0,,0.0,,0.0,,0.0,,0.0,,0.0,NL,6.0,2.0,2.0,1.0,,sensorypref1,sensorypref2,sensorypref3,sensorypref4,1440.0,900.0,,,,,,,,,,,,,,,,,,,,,,,,,,,,,,,,,7.0,739.8083,16.0,"[0.7493999999761627,0.6997999999522904,0.6003000000715133,0.7034000000953711,0.7200000000000273,0.6148000000714546,0.8697999999523063,0.6498000000715365,0.6193999999761672,0.5991000000238955,0.5659999999999172,0.6324999999999363,0.8174999999999955,0.7484000000953301,3.4028000000715792,0.9331000000238419]","[0.7493999999761627,0.6997999999522904,0.6003000000715133,0.7034999999999627,0.7201000000238764,0.61489999997616,0.8697999999523063,0.6498999999762418,0.6195000000000164,0.5991000000238955,0.5660999999046226,0.6324999999999363,0.8175999999045871,0.7485000000000355,3.4029000000954284,0.933200000047691]",-0.326814236,21.3754,0.0,15.0,15.0,67.0,1.0,ruw,mruw,question_multimodal.png,im_combination.png,,,,,,
,,,988082,1,21,2023-06-15_19h07.22.199,flesh_expressibility_dutch,2022.2.4,MacIntel,59.99880002,,,,19.0,1.0,Nederlands ,,,,,,Engels ,3.0,Frans ,1.0,Duits ,1.0,,0.0,,0.0,,0.0,,0.0,,0.0,NL,6.0,2.0,2.0,1.0,,sensorypref1,sensorypref2,sensorypref3,sensorypref4,1440.0,900.0,,,,,,,,,,,,,,,,,,,,,,,,,,,,,,,,,7.0,762.037,17.0,"[0.7493999999761627,0.6997999999522904,0.6003000000715133,0.7034000000953711,0.7200000000000273,0.6148000000714546,0.8697999999523063,0.6498000000715365,0.6193999999761672,0.5991000000238955,0.5659999999999172,0.6324999999999363,0.8174999999999955,0.7484000000953301,3.4028000000715792,0.9331000000238419,0.583399999976109]","[0.7493999999761627,0.6997999999522904,0.6003000000715133,0.7034999999999627,0.7201000000238764,0.61489999997616,0.8697999999523063,0.6498999999762418,0.6195000000000164,0.5991000000238955,0.5660999999046226,0.6324999999999363,0.8175999999045871,0.7485000000000355,3.4029000000954284,0.933200000047691,0.583399999976109]",0.799809028,10.3613,0.0,16.0,16.0,38.0,1.0,blij,mblij,question_multimodal.png,im_combination.png,,,,,,
,,,988082,1,21,2023-06-15_19h07.22.199,flesh_expressibility_dutch,2022.2.4,MacIntel,59.99880002,,,,19.0,1.0,Nederlands ,,,,,,Engels ,3.0,Frans ,1.0,Duits ,1.0,,0.0,,0.0,,0.0,,0.0,,0.0,NL,6.0,2.0,2.0,1.0,,sensorypref1,sensorypref2,sensorypref3,sensorypref4,1440.0,900.0,,,,,,,,,,,,,,,,,,,,,,,,,,,,,,,,,1.0,772.7996,18.0,"[0.7493999999761627,0.6997999999522904,0.6003000000715133,0.7034000000953711,0.7200000000000273,0.6148000000714546,0.8697999999523063,0.6498000000715365,0.6193999999761672,0.5991000000238955,0.5659999999999172,0.6324999999999363,0.8174999999999955,0.7484000000953301,3.4028000000715792,0.9331000000238419,0.583399999976109,0.7001000000238946]","[0.7493999999761627,0.6997999999522904,0.6003000000715133,0.7034999999999627,0.7201000000238764,0.61489999997616,0.8697999999523063,0.6498999999762418,0.6195000000000164,0.5991000000238955,0.5660999999046226,0.6324999999999363,0.8175999999045871,0.7485000000000355,3.4029000000954284,0.933200000047691,0.583399999976109,0.7001999999284862]",-0.857743056,19.9273,0.0,17.0,17.0,122.0,1.0,lever,mlever,question_multimodal.png,im_combination.png,,,,,,
,,,988082,1,21,2023-06-15_19h07.22.199,flesh_expressibility_dutch,2022.2.4,MacIntel,59.99880002,,,,19.0,1.0,Nederlands ,,,,,,Engels ,3.0,Frans ,1.0,Duits ,1.0,,0.0,,0.0,,0.0,,0.0,,0.0,NL,6.0,2.0,2.0,1.0,,sensorypref1,sensorypref2,sensorypref3,sensorypref4,1440.0,900.0,,,,,,,,,,,,,,,,,,,,,,,,,,,,,,,,,6.0,793.6895,19.0,"[0.7493999999761627,0.6997999999522904,0.6003000000715133,0.7034000000953711,0.7200000000000273,0.6148000000714546,0.8697999999523063,0.6498000000715365,0.6193999999761672,0.5991000000238955,0.5659999999999172,0.6324999999999363,0.8174999999999955,0.7484000000953301,3.4028000000715792,0.9331000000238419,0.583399999976109,0.7001000000238946,2.802000000000021]","[0.7493999999761627,0.6997999999522904,0.6003000000715133,0.7034999999999627,0.7201000000238764,0.61489999997616,0.8697999999523063,0.6498999999762418,0.6195000000000164,0.5991000000238955,0.5660999999046226,0.6324999999999363,0.8175999999045871,0.7485000000000355,3.4029000000954284,0.933200000047691,0.583399999976109,0.7001999999284862,2.8020999999046126]",0.271006944,23.7081,0.0,18.0,18.0,93.0,1.0,kleding,mkleding,question_multimodal.png,im_combination.png,,,,,,
,,,988082,1,21,2023-06-15_19h07.22.199,flesh_expressibility_dutch,2022.2.4,MacIntel,59.99880002,,,,19.0,1.0,Nederlands ,,,,,,Engels ,3.0,Frans ,1.0,Duits ,1.0,,0.0,,0.0,,0.0,,0.0,,0.0,NL,6.0,2.0,2.0,1.0,,sensorypref1,sensorypref2,sensorypref3,sensorypref4,1440.0,900.0,,,,,,,,,,,,,,,,,,,,,,,,,,,,,,,,,5.0,818.0027,20.0,"[0.7493999999761627,0.6997999999522904,0.6003000000715133,0.7034000000953711,0.7200000000000273,0.6148000000714546,0.8697999999523063,0.6498000000715365,0.6193999999761672,0.5991000000238955,0.5659999999999172,0.6324999999999363,0.8174999999999955,0.7484000000953301,3.4028000000715792,0.9331000000238419,0.583399999976109,0.7001000000238946,2.802000000000021,0.6182999999523418]","[0.7493999999761627,0.6997999999522904,0.6003000000715133,0.7034999999999627,0.7201000000238764,0.61489999997616,0.8697999999523063,0.6498999999762418,0.6195000000000164,0.5991000000238955,0.5660999999046226,0.6324999999999363,0.8175999999045871,0.7485000000000355,3.4029000000954284,0.933200000047691,0.583399999976109,0.7001999999284862,2.8020999999046126,0.6182999999523418]",0.793072917,23.0272,0.0,19.0,19.0,161.0,1.0,horen,mhoren,question_multimodal.png,im_combination.png,,,,,,
,,,988082,1,21,2023-06-15_19h07.22.199,flesh_expressibility_dutch,2022.2.4,MacIntel,59.99880002,,,,19.0,1.0,Nederlands ,,,,,,Engels ,3.0,Frans ,1.0,Duits ,1.0,,0.0,,0.0,,0.0,,0.0,,0.0,NL,6.0,2.0,2.0,1.0,,sensorypref1,sensorypref2,sensorypref3,sensorypref4,1440.0,900.0,,,,,,,,,,,,,,,,,,,,,,,,,,,2.0,"[366.9481999999881,846.4289999999404]","[366.9483000000119,846.4289999999404]",2.0,"[370.8471999999285,849.9641999999284]","[370.8472999999523,849.9641999999284]",3.0,851.3639,21.0,"[0.7493999999761627,0.6997999999522904,0.6003000000715133,0.7034000000953711,0.7200000000000273,0.6148000000714546,0.8697999999523063,0.6498000000715365,0.6193999999761672,0.5991000000238955,0.5659999999999172,0.6324999999999363,0.8174999999999955,0.7484000000953301,3.4028000000715792,0.9331000000238419,0.583399999976109,0.7001000000238946,2.802000000000021,0.6182999999523418,1.55239999997616]","[0.7493999999761627,0.6997999999522904,0.6003000000715133,0.7034999999999627,0.7201000000238764,0.61489999997616,0.8697999999523063,0.6498999999762418,0.6195000000000164,0.5991000000238955,0.5660999999046226,0.6324999999999363,0.8175999999045871,0.7485000000000355,3.4029000000954284,0.933200000047691,0.583399999976109,0.7001999999284862,2.8020999999046126,0.6182999999523418,1.55239999997616]",-0.691779514,20.5016,0.0,0.0,0.0,107.0,1.0,mond,vmond,question_vocal.png,im_mouth.png,,,,,,
,,,988082,1,21,2023-06-15_19h07.22.199,flesh_expressibility_dutch,2022.2.4,MacIntel,59.99880002,,,,19.0,1.0,Nederlands ,,,,,,Engels ,3.0,Frans ,1.0,Duits ,1.0,,0.0,,0.0,,0.0,,0.0,,0.0,NL,6.0,2.0,2.0,1.0,,sensorypref1,sensorypref2,sensorypref3,sensorypref4,1440.0,900.0,,,,,,,,,,,,,,,,,,,,,,,,,,,,,,,,,5.0,874.1805,22.0,"[0.7493999999761627,0.6997999999522904,0.6003000000715133,0.7034000000953711,0.7200000000000273,0.6148000000714546,0.8697999999523063,0.6498000000715365,0.6193999999761672,0.5991000000238955,0.5659999999999172,0.6324999999999363,0.8174999999999955,0.7484000000953301,3.4028000000715792,0.9331000000238419,0.583399999976109,0.7001000000238946,2.802000000000021,0.6182999999523418,1.55239999997616,5.9193999999762354]","[0.7493999999761627,0.6997999999522904,0.6003000000715133,0.7034999999999627,0.7201000000238764,0.61489999997616,0.8697999999523063,0.6498999999762418,0.6195000000000164,0.5991000000238955,0.5660999999046226,0.6324999999999363,0.8175999999045871,0.7485000000000355,3.4029000000954284,0.933200000047691,0.583399999976109,0.7001999999284862,2.8020999999046126,0.6182999999523418,1.55239999997616,5.9193999999762354]",0.541831597,22.5425,0.0,1.0,1.0,7.0,1.0,kauwen,vkauwen,question_vocal.png,im_mouth.png,,,,,,
,,,988082,1,21,2023-06-15_19h07.22.199,flesh_expressibility_dutch,2022.2.4,MacIntel,59.99880002,,,,19.0,1.0,Nederlands ,,,,,,Engels ,3.0,Frans ,1.0,Duits ,1.0,,0.0,,0.0,,0.0,,0.0,,0.0,NL,6.0,2.0,2.0,1.0,,sensorypref1,sensorypref2,sensorypref3,sensorypref4,1440.0,900.0,,,,,,,,,,,,,,,,,,,,,,,,,,,,,,,,,3.0,898.2879,23.0,"[0.7493999999761627,0.6997999999522904,0.6003000000715133,0.7034000000953711,0.7200000000000273,0.6148000000714546,0.8697999999523063,0.6498000000715365,0.6193999999761672,0.5991000000238955,0.5659999999999172,0.6324999999999363,0.8174999999999955,0.7484000000953301,3.4028000000715792,0.9331000000238419,0.583399999976109,0.7001000000238946,2.802000000000021,0.6182999999523418,1.55239999997616,5.9193999999762354,0.6679999999998927]","[0.7493999999761627,0.6997999999522904,0.6003000000715133,0.7034999999999627,0.7201000000238764,0.61489999997616,0.8697999999523063,0.6498999999762418,0.6195000000000164,0.5991000000238955,0.5660999999046226,0.6324999999999363,0.8175999999045871,0.7485000000000355,3.4029000000954284,0.933200000047691,0.583399999976109,0.7001999999284862,2.8020999999046126,0.6182999999523418,1.55239999997616,5.9193999999762354,0.6679999999998927]",-0.771371528,25.8755,0.0,2.0,2.0,143.0,1.0,vermalen,vvermalen,question_vocal.png,im_mouth.png,,,,,,
,,,988082,1,21,2023-06-15_19h07.22.199,flesh_expressibility_dutch,2022.2.4,MacIntel,59.99880002,,,,19.0,1.0,Nederlands ,,,,,,Engels ,3.0,Frans ,1.0,Duits ,1.0,,0.0,,0.0,,0.0,,0.0,,0.0,NL,6.0,2.0,2.0,1.0,,sensorypref1,sensorypref2,sensorypref3,sensorypref4,1440.0,900.0,,,,,,,,,,,,,,,,,,,,,,,,,,,,,,,,,6.0,922.5188,24.0,"[0.7493999999761627,0.6997999999522904,0.6003000000715133,0.7034000000953711,0.7200000000000273,0.6148000000714546,0.8697999999523063,0.6498000000715365,0.6193999999761672,0.5991000000238955,0.5659999999999172,0.6324999999999363,0.8174999999999955,0.7484000000953301,3.4028000000715792,0.9331000000238419,0.583399999976109,0.7001000000238946,2.802000000000021,0.6182999999523418,1.55239999997616,5.9193999999762354,0.6679999999998927,2.3691000000238773]","[0.7493999999761627,0.6997999999522904,0.6003000000715133,0.7034999999999627,0.7201000000238764,0.61489999997616,0.8697999999523063,0.6498999999762418,0.6195000000000164,0.5991000000238955,0.5660999999046226,0.6324999999999363,0.8175999999045871,0.7485000000000355,3.4029000000954284,0.933200000047691,0.583399999976109,0.7001999999284862,2.8020999999046126,0.6182999999523418,1.55239999997616,5.9193999999762354,0.6679999999998927,2.3692000000477265]",0.348133681,25.0594,0.0,3.0,3.0,38.0,1.0,blij,vblij,question_vocal.png,im_mouth.png,,,,,,
,,,988082,1,21,2023-06-15_19h07.22.199,flesh_expressibility_dutch,2022.2.4,MacIntel,59.99880002,,,,19.0,1.0,Nederlands ,,,,,,Engels ,3.0,Frans ,1.0,Duits ,1.0,,0.0,,0.0,,0.0,,0.0,,0.0,NL,6.0,2.0,2.0,1.0,,sensorypref1,sensorypref2,sensorypref3,sensorypref4,1440.0,900.0,,,,,,,,,,,,,,,,,,,,,,,,,,,,,,,,,3.0,948.7348,25.0,"[0.7493999999761627,0.6997999999522904,0.6003000000715133,0.7034000000953711,0.7200000000000273,0.6148000000714546,0.8697999999523063,0.6498000000715365,0.6193999999761672,0.5991000000238955,0.5659999999999172,0.6324999999999363,0.8174999999999955,0.7484000000953301,3.4028000000715792,0.9331000000238419,0.583399999976109,0.7001000000238946,2.802000000000021,0.6182999999523418,1.55239999997616,5.9193999999762354,0.6679999999998927,2.3691000000238773,0.80239999997616]","[0.7493999999761627,0.6997999999522904,0.6003000000715133,0.7034999999999627,0.7201000000238764,0.61489999997616,0.8697999999523063,0.6498999999762418,0.6195000000000164,0.5991000000238955,0.5660999999046226,0.6324999999999363,0.8175999999045871,0.7485000000000355,3.4029000000954284,0.933200000047691,0.583399999976109,0.7001999999284862,2.8020999999046126,0.6182999999523418,1.55239999997616,5.9193999999762354,0.6679999999998927,2.3692000000477265,0.8025000000000091]",-0.962378472,15.9708,0.0,4.0,4.0,116.0,1.0,oog,voog,question_vocal.png,im_mouth.png,,,,,,
,,,988082,1,21,2023-06-15_19h07.22.199,flesh_expressibility_dutch,2022.2.4,MacIntel,59.99880002,,,,19.0,1.0,Nederlands ,,,,,,Engels ,3.0,Frans ,1.0,Duits ,1.0,,0.0,,0.0,,0.0,,0.0,,0.0,NL,6.0,2.0,2.0,1.0,,sensorypref1,sensorypref2,sensorypref3,sensorypref4,1440.0,900.0,,,,,,,,,,,,,,,,,,,,,,,,,,,,,,,,,6.0,966.372,26.0,"[0.7493999999761627,0.6997999999522904,0.6003000000715133,0.7034000000953711,0.7200000000000273,0.6148000000714546,0.8697999999523063,0.6498000000715365,0.6193999999761672,0.5991000000238955,0.5659999999999172,0.6324999999999363,0.8174999999999955,0.7484000000953301,3.4028000000715792,0.9331000000238419,0.583399999976109,0.7001000000238946,2.802000000000021,0.6182999999523418,1.55239999997616,5.9193999999762354,0.6679999999998927,2.3691000000238773,0.80239999997616,2.232799999952249]","[0.7493999999761627,0.6997999999522904,0.6003000000715133,0.7034999999999627,0.7201000000238764,0.61489999997616,0.8697999999523063,0.6498999999762418,0.6195000000000164,0.5991000000238955,0.5660999999046226,0.6324999999999363,0.8175999999045871,0.7485000000000355,3.4029000000954284,0.933200000047691,0.583399999976109,0.7001999999284862,2.8020999999046126,0.6182999999523418,1.55239999997616,5.9193999999762354,0.6679999999998927,2.3692000000477265,0.8025000000000091,2.232899999976098]",0.308706597,26.7089,0.0,5.0,5.0,29.0,1.0,ziek,vziek,question_vocal.png,im_mouth.png,,,,,,
,,,988082,1,21,2023-06-15_19h07.22.199,flesh_expressibility_dutch,2022.2.4,MacIntel,59.99880002,,,,19.0,1.0,Nederlands ,,,,,,Engels ,3.0,Frans ,1.0,Duits ,1.0,,0.0,,0.0,,0.0,,0.0,,0.0,NL,6.0,2.0,2.0,1.0,,sensorypref1,sensorypref2,sensorypref3,sensorypref4,1440.0,900.0,,,,,,,,,,,,,,,,,,,,,,,,,,,,,,,,,3.0,992.6708,27.0,"[0.7493999999761627,0.6997999999522904,0.6003000000715133,0.7034000000953711,0.7200000000000273,0.6148000000714546,0.8697999999523063,0.6498000000715365,0.6193999999761672,0.5991000000238955,0.5659999999999172,0.6324999999999363,0.8174999999999955,0.7484000000953301,3.4028000000715792,0.9331000000238419,0.583399999976109,0.7001000000238946,2.802000000000021,0.6182999999523418,1.55239999997616,5.9193999999762354,0.6679999999998927,2.3691000000238773,0.80239999997616,2.232799999952249,0.9333999999760181]","[0.7493999999761627,0.6997999999522904,0.6003000000715133,0.7034999999999627,0.7201000000238764,0.61489999997616,0.8697999999523063,0.6498999999762418,0.6195000000000164,0.5991000000238955,0.5660999999046226,0.6324999999999363,0.8175999999045871,0.7485000000000355,3.4029000000954284,0.933200000047691,0.583399999976109,0.7001999999284862,2.8020999999046126,0.6182999999523418,1.55239999997616,5.9193999999762354,0.6679999999998927,2.3692000000477265,0.8025000000000091,2.232899999976098,0.9333999999760181]",-0.566970486,21.125,0.0,6.0,6.0,102.0,1.0,vis,vvis,question_vocal.png,im_mouth.png,,,,,,
,,,988082,1,21,2023-06-15_19h07.22.199,flesh_expressibility_dutch,2022.2.4,MacIntel,59.99880002,,,,19.0,1.0,Nederlands ,,,,,,Engels ,3.0,Frans ,1.0,Duits ,1.0,,0.0,,0.0,,0.0,,0.0,,0.0,NL,6.0,2.0,2.0,1.0,,sensorypref1,sensorypref2,sensorypref3,sensorypref4,1440.0,900.0,,,,,,,,,,,,,,,,,,,,,,,,,,,,,,,,,5.0,1014.3966,28.0,"[0.7493999999761627,0.6997999999522904,0.6003000000715133,0.7034000000953711,0.7200000000000273,0.6148000000714546,0.8697999999523063,0.6498000000715365,0.6193999999761672,0.5991000000238955,0.5659999999999172,0.6324999999999363,0.8174999999999955,0.7484000000953301,3.4028000000715792,0.9331000000238419,0.583399999976109,0.7001000000238946,2.802000000000021,0.6182999999523418,1.55239999997616,5.9193999999762354,0.6679999999998927,2.3691000000238773,0.80239999997616,2.232799999952249,0.9333999999760181,0.6663999999761927]","[0.7493999999761627,0.6997999999522904,0.6003000000715133,0.7034999999999627,0.7201000000238764,0.61489999997616,0.8697999999523063,0.6498999999762418,0.6195000000000164,0.5991000000238955,0.5660999999046226,0.6324999999999363,0.8175999999045871,0.7485000000000355,3.4029000000954284,0.933200000047691,0.583399999976109,0.7001999999284862,2.8020999999046126,0.6182999999523418,1.55239999997616,5.9193999999762354,0.6679999999998927,2.3692000000477265,0.8025000000000091,2.232899999976098,0.9333999999760181,0.6663999999761927]",-0.801423611,14.0224,0.0,7.0,7.0,174.0,1.0,staart,vstaart,question_vocal.png,im_mouth.png,,,,,,
,,,988082,1,21,2023-06-15_19h07.22.199,flesh_expressibility_dutch,2022.2.4,MacIntel,59.99880002,,,,19.0,1.0,Nederlands ,,,,,,Engels ,3.0,Frans ,1.0,Duits ,1.0,,0.0,,0.0,,0.0,,0.0,,0.0,NL,6.0,2.0,2.0,1.0,,sensorypref1,sensorypref2,sensorypref3,sensorypref4,1440.0,900.0,,,,,,,,,,,,,,,,,,,,,,,,,,,,,,,,,6.0,1029.093,29.0,"[0.7493999999761627,0.6997999999522904,0.6003000000715133,0.7034000000953711,0.7200000000000273,0.6148000000714546,0.8697999999523063,0.6498000000715365,0.6193999999761672,0.5991000000238955,0.5659999999999172,0.6324999999999363,0.8174999999999955,0.7484000000953301,3.4028000000715792,0.9331000000238419,0.583399999976109,0.7001000000238946,2.802000000000021,0.6182999999523418,1.55239999997616,5.9193999999762354,0.6679999999998927,2.3691000000238773,0.80239999997616,2.232799999952249,0.9333999999760181,0.6663999999761927,0.5323000000717002]","[0.7493999999761627,0.6997999999522904,0.6003000000715133,0.7034999999999627,0.7201000000238764,0.61489999997616,0.8697999999523063,0.6498999999762418,0.6195000000000164,0.5991000000238955,0.5660999999046226,0.6324999999999363,0.8175999999045871,0.7485000000000355,3.4029000000954284,0.933200000047691,0.583399999976109,0.7001999999284862,2.8020999999046126,0.6182999999523418,1.55239999997616,5.9193999999762354,0.6679999999998927,2.3692000000477265,0.8025000000000091,2.232899999976098,0.9333999999760181,0.6663999999761927,0.5324000000955493]",-0.642508681,10.9279,0.0,8.0,8.0,80.0,1.0,vijand,vvijand,question_vocal.png,im_mouth.png,,,,,,
,,,988082,1,21,2023-06-15_19h07.22.199,flesh_expressibility_dutch,2022.2.4,MacIntel,59.99880002,,,,19.0,1.0,Nederlands ,,,,,,Engels ,3.0,Frans ,1.0,Duits ,1.0,,0.0,,0.0,,0.0,,0.0,,0.0,NL,6.0,2.0,2.0,1.0,,sensorypref1,sensorypref2,sensorypref3,sensorypref4,1440.0,900.0,,,,,,,,,,,,,,,,,,,,,,,,,,,,,,,,,5.0,1040.5406,30.0,"[0.7493999999761627,0.6997999999522904,0.6003000000715133,0.7034000000953711,0.7200000000000273,0.6148000000714546,0.8697999999523063,0.6498000000715365,0.6193999999761672,0.5991000000238955,0.5659999999999172,0.6324999999999363,0.8174999999999955,0.7484000000953301,3.4028000000715792,0.9331000000238419,0.583399999976109,0.7001000000238946,2.802000000000021,0.6182999999523418,1.55239999997616,5.9193999999762354,0.6679999999998927,2.3691000000238773,0.80239999997616,2.232799999952249,0.9333999999760181,0.6663999999761927,0.5323000000717002,0.7850999999045598]","[0.7493999999761627,0.6997999999522904,0.6003000000715133,0.7034999999999627,0.7201000000238764,0.61489999997616,0.8697999999523063,0.6498999999762418,0.6195000000000164,0.5991000000238955,0.5660999999046226,0.6324999999999363,0.8175999999045871,0.7485000000000355,3.4029000000954284,0.933200000047691,0.583399999976109,0.7001999999284862,2.8020999999046126,0.6182999999523418,1.55239999997616,5.9193999999762354,0.6679999999998927,2.3692000000477265,0.8025000000000091,2.232899999976098,0.9333999999760181,0.6663999999761927,0.5324000000955493,0.7851999999284089]",-0.960269097,37.4906,0.0,9.0,9.0,197.0,1.0,rots,vrots,question_vocal.png,im_mouth.png,,,,,,
,,,988082,1,21,2023-06-15_19h07.22.199,flesh_expressibility_dutch,2022.2.4,MacIntel,59.99880002,,,,19.0,1.0,Nederlands ,,,,,,Engels ,3.0,Frans ,1.0,Duits ,1.0,,0.0,,0.0,,0.0,,0.0,,0.0,NL,6.0,2.0,2.0,1.0,,sensorypref1,sensorypref2,sensorypref3,sensorypref4,1440.0,900.0,,,,,,,,,,,,,,,,,,,,,,,,,,,,,,,,,5.0,1078.9928,31.0,"[0.7493999999761627,0.6997999999522904,0.6003000000715133,0.7034000000953711,0.7200000000000273,0.6148000000714546,0.8697999999523063,0.6498000000715365,0.6193999999761672,0.5991000000238955,0.5659999999999172,0.6324999999999363,0.8174999999999955,0.7484000000953301,3.4028000000715792,0.9331000000238419,0.583399999976109,0.7001000000238946,2.802000000000021,0.6182999999523418,1.55239999997616,5.9193999999762354,0.6679999999998927,2.3691000000238773,0.80239999997616,2.232799999952249,0.9333999999760181,0.6663999999761927,0.5323000000717002,0.7850999999045598,0.7829000000954238]","[0.7493999999761627,0.6997999999522904,0.6003000000715133,0.7034999999999627,0.7201000000238764,0.61489999997616,0.8697999999523063,0.6498999999762418,0.6195000000000164,0.5991000000238955,0.5660999999046226,0.6324999999999363,0.8175999999045871,0.7485000000000355,3.4029000000954284,0.933200000047691,0.583399999976109,0.7001999999284862,2.8020999999046126,0.6182999999523418,1.55239999997616,5.9193999999762354,0.6679999999998927,2.3692000000477265,0.8025000000000091,2.232899999976098,0.9333999999760181,0.6663999999761927,0.5324000000955493,0.7851999999284089,0.7829000000954238]",-1.0,12.0739,0.0,10.0,10.0,83.0,1.0,uit,vuit,question_vocal.png,im_mouth.png,,,,,,
,,,988082,1,21,2023-06-15_19h07.22.199,flesh_expressibility_dutch,2022.2.4,MacIntel,59.99880002,,,,19.0,1.0,Nederlands ,,,,,,Engels ,3.0,Frans ,1.0,Duits ,1.0,,0.0,,0.0,,0.0,,0.0,,0.0,NL,6.0,2.0,2.0,1.0,,sensorypref1,sensorypref2,sensorypref3,sensorypref4,1440.0,900.0,,,,,,,,,,,,,,,,,,,,,,,,,,,,,,,,,7.0,1091.7134,32.0,"[0.7493999999761627,0.6997999999522904,0.6003000000715133,0.7034000000953711,0.7200000000000273,0.6148000000714546,0.8697999999523063,0.6498000000715365,0.6193999999761672,0.5991000000238955,0.5659999999999172,0.6324999999999363,0.8174999999999955,0.7484000000953301,3.4028000000715792,0.9331000000238419,0.583399999976109,0.7001000000238946,2.802000000000021,0.6182999999523418,1.55239999997616,5.9193999999762354,0.6679999999998927,2.3691000000238773,0.80239999997616,2.232799999952249,0.9333999999760181,0.6663999999761927,0.5323000000717002,0.7850999999045598,0.7829000000954238,1.099999999999909]","[0.7493999999761627,0.6997999999522904,0.6003000000715133,0.7034999999999627,0.7201000000238764,0.61489999997616,0.8697999999523063,0.6498999999762418,0.6195000000000164,0.5991000000238955,0.5660999999046226,0.6324999999999363,0.8175999999045871,0.7485000000000355,3.4029000000954284,0.933200000047691,0.583399999976109,0.7001999999284862,2.8020999999046126,0.6182999999523418,1.55239999997616,5.9193999999762354,0.6679999999998927,2.3692000000477265,0.8025000000000091,2.232899999976098,0.9333999999760181,0.6663999999761927,0.5324000000955493,0.7851999999284089,0.7829000000954238,1.1000999999046144]",0.071970486,12.4605,0.0,11.0,11.0,179.0,1.0,zij,vzij,question_vocal.png,im_mouth.png,,,,,,
,,,988082,1,21,2023-06-15_19h07.22.199,flesh_expressibility_dutch,2022.2.4,MacIntel,59.99880002,,,,19.0,1.0,Nederlands ,,,,,,Engels ,3.0,Frans ,1.0,Duits ,1.0,,0.0,,0.0,,0.0,,0.0,,0.0,NL,6.0,2.0,2.0,1.0,,sensorypref1,sensorypref2,sensorypref3,sensorypref4,1440.0,900.0,,,,,,,,,,,,,,,,,,,,,,,,,,,,,,,,,2.0,1104.783,33.0,"[0.7493999999761627,0.6997999999522904,0.6003000000715133,0.7034000000953711,0.7200000000000273,0.6148000000714546,0.8697999999523063,0.6498000000715365,0.6193999999761672,0.5991000000238955,0.5659999999999172,0.6324999999999363,0.8174999999999955,0.7484000000953301,3.4028000000715792,0.9331000000238419,0.583399999976109,0.7001000000238946,2.802000000000021,0.6182999999523418,1.55239999997616,5.9193999999762354,0.6679999999998927,2.3691000000238773,0.80239999997616,2.232799999952249,0.9333999999760181,0.6663999999761927,0.5323000000717002,0.7850999999045598,0.7829000000954238,1.099999999999909,0.5520000000001346]","[0.7493999999761627,0.6997999999522904,0.6003000000715133,0.7034999999999627,0.7201000000238764,0.61489999997616,0.8697999999523063,0.6498999999762418,0.6195000000000164,0.5991000000238955,0.5660999999046226,0.6324999999999363,0.8175999999045871,0.7485000000000355,3.4029000000954284,0.933200000047691,0.583399999976109,0.7001999999284862,2.8020999999046126,0.6182999999523418,1.55239999997616,5.9193999999762354,0.6679999999998927,2.3692000000477265,0.8025000000000091,2.232899999976098,0.9333999999760181,0.6663999999761927,0.5324000000955493,0.7851999999284089,0.7829000000954238,1.1000999999046144,0.5521000000237564]",-0.959140625,11.891,0.0,12.0,12.0,70.0,1.0,aanraken,vaanraken,question_vocal.png,im_mouth.png,,,,,,
,,,988082,1,21,2023-06-15_19h07.22.199,flesh_expressibility_dutch,2022.2.4,MacIntel,59.99880002,,,,19.0,1.0,Nederlands ,,,,,,Engels ,3.0,Frans ,1.0,Duits ,1.0,,0.0,,0.0,,0.0,,0.0,,0.0,NL,6.0,2.0,2.0,1.0,,sensorypref1,sensorypref2,sensorypref3,sensorypref4,1440.0,900.0,,,,,,,,,,,,,,,,,,,,,,,,,,,,,,,,,1.0,1117.8113,34.0,"[0.7493999999761627,0.6997999999522904,0.6003000000715133,0.7034000000953711,0.7200000000000273,0.6148000000714546,0.8697999999523063,0.6498000000715365,0.6193999999761672,0.5991000000238955,0.5659999999999172,0.6324999999999363,0.8174999999999955,0.7484000000953301,3.4028000000715792,0.9331000000238419,0.583399999976109,0.7001000000238946,2.802000000000021,0.6182999999523418,1.55239999997616,5.9193999999762354,0.6679999999998927,2.3691000000238773,0.80239999997616,2.232799999952249,0.9333999999760181,0.6663999999761927,0.5323000000717002,0.7850999999045598,0.7829000000954238,1.099999999999909,0.5520000000001346,1.117100000023811]","[0.7493999999761627,0.6997999999522904,0.6003000000715133,0.7034999999999627,0.7201000000238764,0.61489999997616,0.8697999999523063,0.6498999999762418,0.6195000000000164,0.5991000000238955,0.5660999999046226,0.6324999999999363,0.8175999999045871,0.7485000000000355,3.4029000000954284,0.933200000047691,0.583399999976109,0.7001999999284862,2.8020999999046126,0.6182999999523418,1.55239999997616,5.9193999999762354,0.6679999999998927,2.3692000000477265,0.8025000000000091,2.232899999976098,0.9333999999760181,0.6663999999761927,0.5324000000955493,0.7851999999284089,0.7829000000954238,1.1000999999046144,0.5521000000237564,1.1171999999285163]",-0.948611111,9.771,0.0,13.0,13.0,5.0,1.0,honing,vhoning,question_vocal.png,im_mouth.png,,,,,,
,,,988082,1,21,2023-06-15_19h07.22.199,flesh_expressibility_dutch,2022.2.4,MacIntel,59.99880002,,,,19.0,1.0,Nederlands ,,,,,,Engels ,3.0,Frans ,1.0,Duits ,1.0,,0.0,,0.0,,0.0,,0.0,,0.0,NL,6.0,2.0,2.0,1.0,,sensorypref1,sensorypref2,sensorypref3,sensorypref4,1440.0,900.0,,,,,,,,,,,,,,,,,,,,,,,,,,,,,,,,,4.0,1130.4315,35.0,"[0.7493999999761627,0.6997999999522904,0.6003000000715133,0.7034000000953711,0.7200000000000273,0.6148000000714546,0.8697999999523063,0.6498000000715365,0.6193999999761672,0.5991000000238955,0.5659999999999172,0.6324999999999363,0.8174999999999955,0.7484000000953301,3.4028000000715792,0.9331000000238419,0.583399999976109,0.7001000000238946,2.802000000000021,0.6182999999523418,1.55239999997616,5.9193999999762354,0.6679999999998927,2.3691000000238773,0.80239999997616,2.232799999952249,0.9333999999760181,0.6663999999761927,0.5323000000717002,0.7850999999045598,0.7829000000954238,1.099999999999909,0.5520000000001346,1.117100000023811,0.6993999999760945]","[0.7493999999761627,0.6997999999522904,0.6003000000715133,0.7034999999999627,0.7201000000238764,0.61489999997616,0.8697999999523063,0.6498999999762418,0.6195000000000164,0.5991000000238955,0.5660999999046226,0.6324999999999363,0.8175999999045871,0.7485000000000355,3.4029000000954284,0.933200000047691,0.583399999976109,0.7001999999284862,2.8020999999046126,0.6182999999523418,1.55239999997616,5.9193999999762354,0.6679999999998927,2.3692000000477265,0.8025000000000091,2.232899999976098,0.9333999999760181,0.6663999999761927,0.5324000000955493,0.7851999999284089,0.7829000000954238,1.1000999999046144,0.5521000000237564,1.1171999999285163,0.6994999999999436]",-0.878576389,17.6738,0.0,14.0,14.0,164.0,1.0,zoet,vzoet,question_vocal.png,im_mouth.png,,,,,,
,,,988082,1,21,2023-06-15_19h07.22.199,flesh_expressibility_dutch,2022.2.4,MacIntel,59.99880002,,,,19.0,1.0,Nederlands ,,,,,,Engels ,3.0,Frans ,1.0,Duits ,1.0,,0.0,,0.0,,0.0,,0.0,,0.0,NL,6.0,2.0,2.0,1.0,,sensorypref1,sensorypref2,sensorypref3,sensorypref4,1440.0,900.0,,,,,,,,,,,,,,,,,,,,,,,,,,,,,,,,,3.0,1147.609,36.0,"[0.7493999999761627,0.6997999999522904,0.6003000000715133,0.7034000000953711,0.7200000000000273,0.6148000000714546,0.8697999999523063,0.6498000000715365,0.6193999999761672,0.5991000000238955,0.5659999999999172,0.6324999999999363,0.8174999999999955,0.7484000000953301,3.4028000000715792,0.9331000000238419,0.583399999976109,0.7001000000238946,2.802000000000021,0.6182999999523418,1.55239999997616,5.9193999999762354,0.6679999999998927,2.3691000000238773,0.80239999997616,2.232799999952249,0.9333999999760181,0.6663999999761927,0.5323000000717002,0.7850999999045598,0.7829000000954238,1.099999999999909,0.5520000000001346,1.117100000023811,0.6993999999760945,0.6531000000238691]","[0.7493999999761627,0.6997999999522904,0.6003000000715133,0.7034999999999627,0.7201000000238764,0.61489999997616,0.8697999999523063,0.6498999999762418,0.6195000000000164,0.5991000000238955,0.5660999999046226,0.6324999999999363,0.8175999999045871,0.7485000000000355,3.4029000000954284,0.933200000047691,0.583399999976109,0.7001999999284862,2.8020999999046126,0.6182999999523418,1.55239999997616,5.9193999999762354,0.6679999999998927,2.3692000000477265,0.8025000000000091,2.232899999976098,0.9333999999760181,0.6663999999761927,0.5324000000955493,0.7851999999284089,0.7829000000954238,1.1000999999046144,0.5521000000237564,1.1171999999285163,0.6994999999999436,0.6531000000238691]",-0.855451389,16.1901,0.0,15.0,15.0,36.0,1.0,slecht,vslecht,question_vocal.png,im_mouth.png,,,,,,
,,,988082,1,21,2023-06-15_19h07.22.199,flesh_expressibility_dutch,2022.2.4,MacIntel,59.99880002,,,,19.0,1.0,Nederlands ,,,,,,Engels ,3.0,Frans ,1.0,Duits ,1.0,,0.0,,0.0,,0.0,,0.0,,0.0,NL,6.0,2.0,2.0,1.0,,sensorypref1,sensorypref2,sensorypref3,sensorypref4,1440.0,900.0,,,,,,,,,,,,,,,,,,,,,,,,,,,,,,,,,3.0,1165.0489,37.0,"[0.7493999999761627,0.6997999999522904,0.6003000000715133,0.7034000000953711,0.7200000000000273,0.6148000000714546,0.8697999999523063,0.6498000000715365,0.6193999999761672,0.5991000000238955,0.5659999999999172,0.6324999999999363,0.8174999999999955,0.7484000000953301,3.4028000000715792,0.9331000000238419,0.583399999976109,0.7001000000238946,2.802000000000021,0.6182999999523418,1.55239999997616,5.9193999999762354,0.6679999999998927,2.3691000000238773,0.80239999997616,2.232799999952249,0.9333999999760181,0.6663999999761927,0.5323000000717002,0.7850999999045598,0.7829000000954238,1.099999999999909,0.5520000000001346,1.117100000023811,0.6993999999760945,0.6531000000238691,0.6530999999047253]","[0.7493999999761627,0.6997999999522904,0.6003000000715133,0.7034999999999627,0.7201000000238764,0.61489999997616,0.8697999999523063,0.6498999999762418,0.6195000000000164,0.5991000000238955,0.5660999999046226,0.6324999999999363,0.8175999999045871,0.7485000000000355,3.4029000000954284,0.933200000047691,0.583399999976109,0.7001999999284862,2.8020999999046126,0.6182999999523418,1.55239999997616,5.9193999999762354,0.6679999999998927,2.3692000000477265,0.8025000000000091,2.232899999976098,0.9333999999760181,0.6663999999761927,0.5324000000955493,0.7851999999284089,0.7829000000954238,1.1000999999046144,0.5521000000237564,1.1171999999285163,0.6994999999999436,0.6531000000238691,0.6531999999285745]",-0.899861111,13.0955,0.0,16.0,16.0,74.0,1.0,hoekig,vhoekig,question_vocal.png,im_mouth.png,,,,,,
,,,988082,1,21,2023-06-15_19h07.22.199,flesh_expressibility_dutch,2022.2.4,MacIntel,59.99880002,,,,19.0,1.0,Nederlands ,,,,,,Engels ,3.0,Frans ,1.0,Duits ,1.0,,0.0,,0.0,,0.0,,0.0,,0.0,NL,6.0,2.0,2.0,1.0,,sensorypref1,sensorypref2,sensorypref3,sensorypref4,1440.0,900.0,,,,,,,,,,,,,,,,,,,,,,,,,,,,,,,,,3.0,1177.2712,38.0,"[0.7493999999761627,0.6997999999522904,0.6003000000715133,0.7034000000953711,0.7200000000000273,0.6148000000714546,0.8697999999523063,0.6498000000715365,0.6193999999761672,0.5991000000238955,0.5659999999999172,0.6324999999999363,0.8174999999999955,0.7484000000953301,3.4028000000715792,0.9331000000238419,0.583399999976109,0.7001000000238946,2.802000000000021,0.6182999999523418,1.55239999997616,5.9193999999762354,0.6679999999998927,2.3691000000238773,0.80239999997616,2.232799999952249,0.9333999999760181,0.6663999999761927,0.5323000000717002,0.7850999999045598,0.7829000000954238,1.099999999999909,0.5520000000001346,1.117100000023811,0.6993999999760945,0.6531000000238691,0.6530999999047253,0.6178000000716111]","[0.7493999999761627,0.6997999999522904,0.6003000000715133,0.7034999999999627,0.7201000000238764,0.61489999997616,0.8697999999523063,0.6498999999762418,0.6195000000000164,0.5991000000238955,0.5660999999046226,0.6324999999999363,0.8175999999045871,0.7485000000000355,3.4029000000954284,0.933200000047691,0.583399999976109,0.7001999999284862,2.8020999999046126,0.6182999999523418,1.55239999997616,5.9193999999762354,0.6679999999998927,2.3692000000477265,0.8025000000000091,2.232899999976098,0.9333999999760181,0.6663999999761927,0.5324000000955493,0.7851999999284089,0.7829000000954238,1.1000999999046144,0.5521000000237564,1.1171999999285163,0.6994999999999436,0.6531000000238691,0.6531999999285745,0.6178000000716111]",-0.508116319,26.0756,0.0,17.0,17.0,48.0,1.0,vliegen,vvliegen,question_vocal.png,im_mouth.png,,,,,,
,,,988082,1,21,2023-06-15_19h07.22.199,flesh_expressibility_dutch,2022.2.4,MacIntel,59.99880002,,,,19.0,1.0,Nederlands ,,,,,,Engels ,3.0,Frans ,1.0,Duits ,1.0,,0.0,,0.0,,0.0,,0.0,,0.0,NL,6.0,2.0,2.0,1.0,,sensorypref1,sensorypref2,sensorypref3,sensorypref4,1440.0,900.0,,,,,,,,,,,,,,,,,,,,,,,,,,,,,,,,,2.0,1215.5059,39.0,"[0.7493999999761627,0.6997999999522904,0.6003000000715133,0.7034000000953711,0.7200000000000273,0.6148000000714546,0.8697999999523063,0.6498000000715365,0.6193999999761672,0.5991000000238955,0.5659999999999172,0.6324999999999363,0.8174999999999955,0.7484000000953301,3.4028000000715792,0.9331000000238419,0.583399999976109,0.7001000000238946,2.802000000000021,0.6182999999523418,1.55239999997616,5.9193999999762354,0.6679999999998927,2.3691000000238773,0.80239999997616,2.232799999952249,0.9333999999760181,0.6663999999761927,0.5323000000717002,0.7850999999045598,0.7829000000954238,1.099999999999909,0.5520000000001346,1.117100000023811,0.6993999999760945,0.6531000000238691,0.6530999999047253,0.6178000000716111,0.5483000000715492]","[0.7493999999761627,0.6997999999522904,0.6003000000715133,0.7034999999999627,0.7201000000238764,0.61489999997616,0.8697999999523063,0.6498999999762418,0.6195000000000164,0.5991000000238955,0.5660999999046226,0.6324999999999363,0.8175999999045871,0.7485000000000355,3.4029000000954284,0.933200000047691,0.583399999976109,0.7001999999284862,2.8020999999046126,0.6182999999523418,1.55239999997616,5.9193999999762354,0.6679999999998927,2.3692000000477265,0.8025000000000091,2.232899999976098,0.9333999999760181,0.6663999999761927,0.5324000000955493,0.7851999999284089,0.7829000000954238,1.1000999999046144,0.5521000000237564,1.1171999999285163,0.6994999999999436,0.6531000000238691,0.6531999999285745,0.6178000000716111,0.5484000000953984]",-0.913489583,24.9399,0.0,18.0,18.0,47.0,1.0,kruipen,vkruipen,question_vocal.png,im_mouth.png,,,,,,
,,,988082,1,21,2023-06-15_19h07.22.199,flesh_expressibility_dutch,2022.2.4,MacIntel,59.99880002,,,,19.0,1.0,Nederlands ,,,,,,Engels ,3.0,Frans ,1.0,Duits ,1.0,,0.0,,0.0,,0.0,,0.0,,0.0,NL,6.0,2.0,2.0,1.0,,sensorypref1,sensorypref2,sensorypref3,sensorypref4,1440.0,900.0,,,,,,,,,,,,,,,,,,,,,,,,,,,,,,,,,3.0,1245.0122,40.0,"[0.7493999999761627,0.6997999999522904,0.6003000000715133,0.7034000000953711,0.7200000000000273,0.6148000000714546,0.8697999999523063,0.6498000000715365,0.6193999999761672,0.5991000000238955,0.5659999999999172,0.6324999999999363,0.8174999999999955,0.7484000000953301,3.4028000000715792,0.9331000000238419,0.583399999976109,0.7001000000238946,2.802000000000021,0.6182999999523418,1.55239999997616,5.9193999999762354,0.6679999999998927,2.3691000000238773,0.80239999997616,2.232799999952249,0.9333999999760181,0.6663999999761927,0.5323000000717002,0.7850999999045598,0.7829000000954238,1.099999999999909,0.5520000000001346,1.117100000023811,0.6993999999760945,0.6531000000238691,0.6530999999047253,0.6178000000716111,0.5483000000715492,0.6359000000952619]","[0.7493999999761627,0.6997999999522904,0.6003000000715133,0.7034999999999627,0.7201000000238764,0.61489999997616,0.8697999999523063,0.6498999999762418,0.6195000000000164,0.5991000000238955,0.5660999999046226,0.6324999999999363,0.8175999999045871,0.7485000000000355,3.4029000000954284,0.933200000047691,0.583399999976109,0.7001999999284862,2.8020999999046126,0.6182999999523418,1.55239999997616,5.9193999999762354,0.6679999999998927,2.3692000000477265,0.8025000000000091,2.232899999976098,0.9333999999760181,0.6663999999761927,0.5324000000955493,0.7851999999284089,0.7829000000954238,1.1000999999046144,0.5521000000237564,1.1171999999285163,0.6994999999999436,0.6531000000238691,0.6531999999285745,0.6178000000716111,0.5484000000953984,0.6359000000952619]",-0.976111111,29.188,0.0,19.0,19.0,168.0,1.0,schaduw,vschaduw,question_vocal.png,im_mouth.png,,,,,,
,,,988082,1,21,2023-06-15_19h07.22.199,flesh_expressibility_dutch,2022.2.4,MacIntel,59.99880002,,,,19.0,1.0,Nederlands ,,,,,,Engels ,3.0,Frans ,1.0,Duits ,1.0,,0.0,,0.0,,0.0,,0.0,,0.0,NL,6.0,2.0,2.0,1.0,,sensorypref1,sensorypref2,sensorypref3,sensorypref4,1440.0,900.0,,,,,,,,,,,,,,,,,,,,,,,,,,,3.0,"[366.9481999999881,846.4289999999404,1263.845300000012]","[366.9483000000119,846.4289999999404,1263.8454000000359]",3.0,"[370.8471999999285,849.9641999999284,1270.6451999999283]","[370.8472999999523,849.9641999999284,1270.6451999999283]",7.0,1273.7186,41.0,"[0.7493999999761627,0.6997999999522904,0.6003000000715133,0.7034000000953711,0.7200000000000273,0.6148000000714546,0.8697999999523063,0.6498000000715365,0.6193999999761672,0.5991000000238955,0.5659999999999172,0.6324999999999363,0.8174999999999955,0.7484000000953301,3.4028000000715792,0.9331000000238419,0.583399999976109,0.7001000000238946,2.802000000000021,0.6182999999523418,1.55239999997616,5.9193999999762354,0.6679999999998927,2.3691000000238773,0.80239999997616,2.232799999952249,0.9333999999760181,0.6663999999761927,0.5323000000717002,0.7850999999045598,0.7829000000954238,1.099999999999909,0.5520000000001346,1.117100000023811,0.6993999999760945,0.6531000000238691,0.6530999999047253,0.6178000000716111,0.5483000000715492,0.6359000000952619,0.6335000000001401]","[0.7493999999761627,0.6997999999522904,0.6003000000715133,0.7034999999999627,0.7201000000238764,0.61489999997616,0.8697999999523063,0.6498999999762418,0.6195000000000164,0.5991000000238955,0.5660999999046226,0.6324999999999363,0.8175999999045871,0.7485000000000355,3.4029000000954284,0.933200000047691,0.583399999976109,0.7001999999284862,2.8020999999046126,0.6182999999523418,1.55239999997616,5.9193999999762354,0.6679999999998927,2.3692000000477265,0.8025000000000091,2.232899999976098,0.9333999999760181,0.6663999999761927,0.5324000000955493,0.7851999999284089,0.7829000000954238,1.1000999999046144,0.5521000000237564,1.1171999999285163,0.6994999999999436,0.6531000000238691,0.6531999999285745,0.6178000000716111,0.5484000000953984,0.6359000000952619,0.6335000000001401]",0.598802083,12.1952,0.0,0.0,0.0,68.0,1.0,scherp,gscherp,question_gesture.png,im_hand.png,,,,,,
,,,988082,1,21,2023-06-15_19h07.22.199,flesh_expressibility_dutch,2022.2.4,MacIntel,59.99880002,,,,19.0,1.0,Nederlands ,,,,,,Engels ,3.0,Frans ,1.0,Duits ,1.0,,0.0,,0.0,,0.0,,0.0,,0.0,NL,6.0,2.0,2.0,1.0,,sensorypref1,sensorypref2,sensorypref3,sensorypref4,1440.0,900.0,,,,,,,,,,,,,,,,,,,,,,,,,,,,,,,,,13.0,1285.6549,42.0,"[0.7493999999761627,0.6997999999522904,0.6003000000715133,0.7034000000953711,0.7200000000000273,0.6148000000714546,0.8697999999523063,0.6498000000715365,0.6193999999761672,0.5991000000238955,0.5659999999999172,0.6324999999999363,0.8174999999999955,0.7484000000953301,3.4028000000715792,0.9331000000238419,0.583399999976109,0.7001000000238946,2.802000000000021,0.6182999999523418,1.55239999997616,5.9193999999762354,0.6679999999998927,2.3691000000238773,0.80239999997616,2.232799999952249,0.9333999999760181,0.6663999999761927,0.5323000000717002,0.7850999999045598,0.7829000000954238,1.099999999999909,0.5520000000001346,1.117100000023811,0.6993999999760945,0.6531000000238691,0.6530999999047253,0.6178000000716111,0.5483000000715492,0.6359000000952619,0.6335000000001401,1.533099999904607]","[0.7493999999761627,0.6997999999522904,0.6003000000715133,0.7034999999999627,0.7201000000238764,0.61489999997616,0.8697999999523063,0.6498999999762418,0.6195000000000164,0.5991000000238955,0.5660999999046226,0.6324999999999363,0.8175999999045871,0.7485000000000355,3.4029000000954284,0.933200000047691,0.583399999976109,0.7001999999284862,2.8020999999046126,0.6182999999523418,1.55239999997616,5.9193999999762354,0.6679999999998927,2.3692000000477265,0.8025000000000091,2.232899999976098,0.9333999999760181,0.6663999999761927,0.5324000000955493,0.7851999999284089,0.7829000000954238,1.1000999999046144,0.5521000000237564,1.1171999999285163,0.6994999999999436,0.6531000000238691,0.6531999999285745,0.6178000000716111,0.5484000000953984,0.6359000000952619,0.6335000000001401,1.533099999904607]",0.877395833,21.1758,0.0,1.0,1.0,60.0,1.0,luidruchtig,gluidruchtig,question_gesture.png,im_hand.png,,,,,,
,,,988082,1,21,2023-06-15_19h07.22.199,flesh_expressibility_dutch,2022.2.4,MacIntel,59.99880002,,,,19.0,1.0,Nederlands ,,,,,,Engels ,3.0,Frans ,1.0,Duits ,1.0,,0.0,,0.0,,0.0,,0.0,,0.0,NL,6.0,2.0,2.0,1.0,,sensorypref1,sensorypref2,sensorypref3,sensorypref4,1440.0,900.0,,,,,,,,,,,,,,,,,,,,,,,,,,,,,,,,,4.0,1307.1444,43.0,"[0.7493999999761627,0.6997999999522904,0.6003000000715133,0.7034000000953711,0.7200000000000273,0.6148000000714546,0.8697999999523063,0.6498000000715365,0.6193999999761672,0.5991000000238955,0.5659999999999172,0.6324999999999363,0.8174999999999955,0.7484000000953301,3.4028000000715792,0.9331000000238419,0.583399999976109,0.7001000000238946,2.802000000000021,0.6182999999523418,1.55239999997616,5.9193999999762354,0.6679999999998927,2.3691000000238773,0.80239999997616,2.232799999952249,0.9333999999760181,0.6663999999761927,0.5323000000717002,0.7850999999045598,0.7829000000954238,1.099999999999909,0.5520000000001346,1.117100000023811,0.6993999999760945,0.6531000000238691,0.6530999999047253,0.6178000000716111,0.5483000000715492,0.6359000000952619,0.6335000000001401,1.533099999904607,0.5333000000714492]","[0.7493999999761627,0.6997999999522904,0.6003000000715133,0.7034999999999627,0.7201000000238764,0.61489999997616,0.8697999999523063,0.6498999999762418,0.6195000000000164,0.5991000000238955,0.5660999999046226,0.6324999999999363,0.8175999999045871,0.7485000000000355,3.4029000000954284,0.933200000047691,0.583399999976109,0.7001999999284862,2.8020999999046126,0.6182999999523418,1.55239999997616,5.9193999999762354,0.6679999999998927,2.3692000000477265,0.8025000000000091,2.232899999976098,0.9333999999760181,0.6663999999761927,0.5324000000955493,0.7851999999284089,0.7829000000954238,1.1000999999046144,0.5521000000237564,1.1171999999285163,0.6994999999999436,0.6531000000238691,0.6531999999285745,0.6178000000716111,0.5484000000953984,0.6359000000952619,0.6335000000001401,1.533099999904607,0.5333000000714492]",0.538489583,20.7903,0.0,2.0,2.0,183.0,1.0,jij,gjij,question_gesture.png,im_hand.png,,,,,,
,,,988082,1,21,2023-06-15_19h07.22.199,flesh_expressibility_dutch,2022.2.4,MacIntel,59.99880002,,,,19.0,1.0,Nederlands ,,,,,,Engels ,3.0,Frans ,1.0,Duits ,1.0,,0.0,,0.0,,0.0,,0.0,,0.0,NL,6.0,2.0,2.0,1.0,,sensorypref1,sensorypref2,sensorypref3,sensorypref4,1440.0,900.0,,,,,,,,,,,,,,,,,,,,,,,,,,,,,,,,,3.0,1328.3039,44.0,"[0.7493999999761627,0.6997999999522904,0.6003000000715133,0.7034000000953711,0.7200000000000273,0.6148000000714546,0.8697999999523063,0.6498000000715365,0.6193999999761672,0.5991000000238955,0.5659999999999172,0.6324999999999363,0.8174999999999955,0.7484000000953301,3.4028000000715792,0.9331000000238419,0.583399999976109,0.7001000000238946,2.802000000000021,0.6182999999523418,1.55239999997616,5.9193999999762354,0.6679999999998927,2.3691000000238773,0.80239999997616,2.232799999952249,0.9333999999760181,0.6663999999761927,0.5323000000717002,0.7850999999045598,0.7829000000954238,1.099999999999909,0.5520000000001346,1.117100000023811,0.6993999999760945,0.6531000000238691,0.6530999999047253,0.6178000000716111,0.5483000000715492,0.6359000000952619,0.6335000000001401,1.533099999904607,0.5333000000714492,0.5834000000954802]","[0.7493999999761627,0.6997999999522904,0.6003000000715133,0.7034999999999627,0.7201000000238764,0.61489999997616,0.8697999999523063,0.6498999999762418,0.6195000000000164,0.5991000000238955,0.5660999999046226,0.6324999999999363,0.8175999999045871,0.7485000000000355,3.4029000000954284,0.933200000047691,0.583399999976109,0.7001999999284862,2.8020999999046126,0.6182999999523418,1.55239999997616,5.9193999999762354,0.6679999999998927,2.3692000000477265,0.8025000000000091,2.232899999976098,0.9333999999760181,0.6663999999761927,0.5324000000955493,0.7851999999284089,0.7829000000954238,1.1000999999046144,0.5521000000237564,1.1171999999285163,0.6994999999999436,0.6531000000238691,0.6531999999285745,0.6178000000716111,0.5484000000953984,0.6359000000952619,0.6335000000001401,1.533099999904607,0.5333000000714492,0.5834000000954802]",1.0,6.1419,0.0,3.0,3.0,129.0,1.0,goed,ggoed,question_gesture.png,im_hand.png,,,,,,
,,,988082,1,21,2023-06-15_19h07.22.199,flesh_expressibility_dutch,2022.2.4,MacIntel,59.99880002,,,,19.0,1.0,Nederlands ,,,,,,Engels ,3.0,Frans ,1.0,Duits ,1.0,,0.0,,0.0,,0.0,,0.0,,0.0,NL,6.0,2.0,2.0,1.0,,sensorypref1,sensorypref2,sensorypref3,sensorypref4,1440.0,900.0,,,,,,,,,,,,,,,,,,,,,,,,,,,,,,,,,3.0,1335.1181,45.0,"[0.7493999999761627,0.6997999999522904,0.6003000000715133,0.7034000000953711,0.7200000000000273,0.6148000000714546,0.8697999999523063,0.6498000000715365,0.6193999999761672,0.5991000000238955,0.5659999999999172,0.6324999999999363,0.8174999999999955,0.7484000000953301,3.4028000000715792,0.9331000000238419,0.583399999976109,0.7001000000238946,2.802000000000021,0.6182999999523418,1.55239999997616,5.9193999999762354,0.6679999999998927,2.3691000000238773,0.80239999997616,2.232799999952249,0.9333999999760181,0.6663999999761927,0.5323000000717002,0.7850999999045598,0.7829000000954238,1.099999999999909,0.5520000000001346,1.117100000023811,0.6993999999760945,0.6531000000238691,0.6530999999047253,0.6178000000716111,0.5483000000715492,0.6359000000952619,0.6335000000001401,1.533099999904607,0.5333000000714492,0.5834000000954802,0.5658000000714765]","[0.7493999999761627,0.6997999999522904,0.6003000000715133,0.7034999999999627,0.7201000000238764,0.61489999997616,0.8697999999523063,0.6498999999762418,0.6195000000000164,0.5991000000238955,0.5660999999046226,0.6324999999999363,0.8175999999045871,0.7485000000000355,3.4029000000954284,0.933200000047691,0.583399999976109,0.7001999999284862,2.8020999999046126,0.6182999999523418,1.55239999997616,5.9193999999762354,0.6679999999998927,2.3692000000477265,0.8025000000000091,2.232899999976098,0.9333999999760181,0.6663999999761927,0.5324000000955493,0.7851999999284089,0.7829000000954238,1.1000999999046144,0.5521000000237564,1.1171999999285163,0.6994999999999436,0.6531000000238691,0.6531999999285745,0.6178000000716111,0.5484000000953984,0.6359000000952619,0.6335000000001401,1.533099999904607,0.5333000000714492,0.5834000000954802,0.5658000000714765]",0.797352431,14.1773,0.0,4.0,4.0,175.0,1.0,dik,gdik,question_gesture.png,im_hand.png,,,,,,
,,,988082,1,21,2023-06-15_19h07.22.199,flesh_expressibility_dutch,2022.2.4,MacIntel,59.99880002,,,,19.0,1.0,Nederlands ,,,,,,Engels ,3.0,Frans ,1.0,Duits ,1.0,,0.0,,0.0,,0.0,,0.0,,0.0,NL,6.0,2.0,2.0,1.0,,sensorypref1,sensorypref2,sensorypref3,sensorypref4,1440.0,900.0,,,,,,,,,,,,,,,,,,,,,,,,,,,,,,,,,5.0,1349.4569,46.0,"[0.7493999999761627,0.6997999999522904,0.6003000000715133,0.7034000000953711,0.7200000000000273,0.6148000000714546,0.8697999999523063,0.6498000000715365,0.6193999999761672,0.5991000000238955,0.5659999999999172,0.6324999999999363,0.8174999999999955,0.7484000000953301,3.4028000000715792,0.9331000000238419,0.583399999976109,0.7001000000238946,2.802000000000021,0.6182999999523418,1.55239999997616,5.9193999999762354,0.6679999999998927,2.3691000000238773,0.80239999997616,2.232799999952249,0.9333999999760181,0.6663999999761927,0.5323000000717002,0.7850999999045598,0.7829000000954238,1.099999999999909,0.5520000000001346,1.117100000023811,0.6993999999760945,0.6531000000238691,0.6530999999047253,0.6178000000716111,0.5483000000715492,0.6359000000952619,0.6335000000001401,1.533099999904607,0.5333000000714492,0.5834000000954802,0.5658000000714765,0.9500000000000455]","[0.7493999999761627,0.6997999999522904,0.6003000000715133,0.7034999999999627,0.7201000000238764,0.61489999997616,0.8697999999523063,0.6498999999762418,0.6195000000000164,0.5991000000238955,0.5660999999046226,0.6324999999999363,0.8175999999045871,0.7485000000000355,3.4029000000954284,0.933200000047691,0.583399999976109,0.7001999999284862,2.8020999999046126,0.6182999999523418,1.55239999997616,5.9193999999762354,0.6679999999998927,2.3692000000477265,0.8025000000000091,2.232899999976098,0.9333999999760181,0.6663999999761927,0.5324000000955493,0.7851999999284089,0.7829000000954238,1.1000999999046144,0.5521000000237564,1.1171999999285163,0.6994999999999436,0.6531000000238691,0.6531999999285745,0.6178000000716111,0.5484000000953984,0.6359000000952619,0.6335000000001401,1.533099999904607,0.5333000000714492,0.5834000000954802,0.5658000000714765,0.9500000000000455]",0.840963542,41.9247,0.0,5.0,5.0,130.0,1.0,regen,gregen,question_gesture.png,im_hand.png,,,,,,
,,,988082,1,21,2023-06-15_19h07.22.199,flesh_expressibility_dutch,2022.2.4,MacIntel,59.99880002,,,,19.0,1.0,Nederlands ,,,,,,Engels ,3.0,Frans ,1.0,Duits ,1.0,,0.0,,0.0,,0.0,,0.0,,0.0,NL,6.0,2.0,2.0,1.0,,sensorypref1,sensorypref2,sensorypref3,sensorypref4,1440.0,900.0,,,,,,,,,,,,,,,,,,,,,,,,,,,,,,,,,3.0,1392.7025,47.0,"[0.7493999999761627,0.6997999999522904,0.6003000000715133,0.7034000000953711,0.7200000000000273,0.6148000000714546,0.8697999999523063,0.6498000000715365,0.6193999999761672,0.5991000000238955,0.5659999999999172,0.6324999999999363,0.8174999999999955,0.7484000000953301,3.4028000000715792,0.9331000000238419,0.583399999976109,0.7001000000238946,2.802000000000021,0.6182999999523418,1.55239999997616,5.9193999999762354,0.6679999999998927,2.3691000000238773,0.80239999997616,2.232799999952249,0.9333999999760181,0.6663999999761927,0.5323000000717002,0.7850999999045598,0.7829000000954238,1.099999999999909,0.5520000000001346,1.117100000023811,0.6993999999760945,0.6531000000238691,0.6530999999047253,0.6178000000716111,0.5483000000715492,0.6359000000952619,0.6335000000001401,1.533099999904607,0.5333000000714492,0.5834000000954802,0.5658000000714765,0.9500000000000455,0.6158999999761363]","[0.7493999999761627,0.6997999999522904,0.6003000000715133,0.7034999999999627,0.7201000000238764,0.61489999997616,0.8697999999523063,0.6498999999762418,0.6195000000000164,0.5991000000238955,0.5660999999046226,0.6324999999999363,0.8175999999045871,0.7485000000000355,3.4029000000954284,0.933200000047691,0.583399999976109,0.7001999999284862,2.8020999999046126,0.6182999999523418,1.55239999997616,5.9193999999762354,0.6679999999998927,2.3692000000477265,0.8025000000000091,2.232899999976098,0.9333999999760181,0.6663999999761927,0.5324000000955493,0.7851999999284089,0.7829000000954238,1.1000999999046144,0.5521000000237564,1.1171999999285163,0.6994999999999436,0.6531000000238691,0.6531999999285745,0.6178000000716111,0.5484000000953984,0.6359000000952619,0.6335000000001401,1.533099999904607,0.5333000000714492,0.5834000000954802,0.5658000000714765,0.9500000000000455,0.6158999999761363]",0.208697917,10.7249,0.0,6.0,6.0,16.0,1.0,alles,galles,question_gesture.png,im_hand.png,,,,,,
,,,988082,1,21,2023-06-15_19h07.22.199,flesh_expressibility_dutch,2022.2.4,MacIntel,59.99880002,,,,19.0,1.0,Nederlands ,,,,,,Engels ,3.0,Frans ,1.0,Duits ,1.0,,0.0,,0.0,,0.0,,0.0,,0.0,NL,6.0,2.0,2.0,1.0,,sensorypref1,sensorypref2,sensorypref3,sensorypref4,1440.0,900.0,,,,,,,,,,,,,,,,,,,,,,,,,,,,,,,,,5.0,1404.0312,48.0,"[0.7493999999761627,0.6997999999522904,0.6003000000715133,0.7034000000953711,0.7200000000000273,0.6148000000714546,0.8697999999523063,0.6498000000715365,0.6193999999761672,0.5991000000238955,0.5659999999999172,0.6324999999999363,0.8174999999999955,0.7484000000953301,3.4028000000715792,0.9331000000238419,0.583399999976109,0.7001000000238946,2.802000000000021,0.6182999999523418,1.55239999997616,5.9193999999762354,0.6679999999998927,2.3691000000238773,0.80239999997616,2.232799999952249,0.9333999999760181,0.6663999999761927,0.5323000000717002,0.7850999999045598,0.7829000000954238,1.099999999999909,0.5520000000001346,1.117100000023811,0.6993999999760945,0.6531000000238691,0.6530999999047253,0.6178000000716111,0.5483000000715492,0.6359000000952619,0.6335000000001401,1.533099999904607,0.5333000000714492,0.5834000000954802,0.5658000000714765,0.9500000000000455,0.6158999999761363,0.6003000000716838]","[0.7493999999761627,0.6997999999522904,0.6003000000715133,0.7034999999999627,0.7201000000238764,0.61489999997616,0.8697999999523063,0.6498999999762418,0.6195000000000164,0.5991000000238955,0.5660999999046226,0.6324999999999363,0.8175999999045871,0.7485000000000355,3.4029000000954284,0.933200000047691,0.583399999976109,0.7001999999284862,2.8020999999046126,0.6182999999523418,1.55239999997616,5.9193999999762354,0.6679999999998927,2.3692000000477265,0.8025000000000091,2.232899999976098,0.9333999999760181,0.6663999999761927,0.5324000000955493,0.7851999999284089,0.7829000000954238,1.1000999999046144,0.5521000000237564,1.1171999999285163,0.6994999999999436,0.6531000000238691,0.6531999999285745,0.6178000000716111,0.5484000000953984,0.6359000000952619,0.6335000000001401,1.533099999904607,0.5333000000714492,0.5834000000954802,0.5658000000714765,0.9500000000000455,0.6158999999761363,0.600400000095533]",0.881354167,14.3481,0.0,7.0,7.0,3.0,1.0,stil,gstil,question_gesture.png,im_hand.png,,,,,,
,,,988082,1,21,2023-06-15_19h07.22.199,flesh_expressibility_dutch,2022.2.4,MacIntel,59.99880002,,,,19.0,1.0,Nederlands ,,,,,,Engels ,3.0,Frans ,1.0,Duits ,1.0,,0.0,,0.0,,0.0,,0.0,,0.0,NL,6.0,2.0,2.0,1.0,,sensorypref1,sensorypref2,sensorypref3,sensorypref4,1440.0,900.0,,,,,,,,,,,,,,,,,,,,,,,,,,,,,,,,,7.0,1418.7845,49.0,"[0.7493999999761627,0.6997999999522904,0.6003000000715133,0.7034000000953711,0.7200000000000273,0.6148000000714546,0.8697999999523063,0.6498000000715365,0.6193999999761672,0.5991000000238955,0.5659999999999172,0.6324999999999363,0.8174999999999955,0.7484000000953301,3.4028000000715792,0.9331000000238419,0.583399999976109,0.7001000000238946,2.802000000000021,0.6182999999523418,1.55239999997616,5.9193999999762354,0.6679999999998927,2.3691000000238773,0.80239999997616,2.232799999952249,0.9333999999760181,0.6663999999761927,0.5323000000717002,0.7850999999045598,0.7829000000954238,1.099999999999909,0.5520000000001346,1.117100000023811,0.6993999999760945,0.6531000000238691,0.6530999999047253,0.6178000000716111,0.5483000000715492,0.6359000000952619,0.6335000000001401,1.533099999904607,0.5333000000714492,0.5834000000954802,0.5658000000714765,0.9500000000000455,0.6158999999761363,0.6003000000716838,0.5647999999523563]","[0.7493999999761627,0.6997999999522904,0.6003000000715133,0.7034999999999627,0.7201000000238764,0.61489999997616,0.8697999999523063,0.6498999999762418,0.6195000000000164,0.5991000000238955,0.5660999999046226,0.6324999999999363,0.8175999999045871,0.7485000000000355,3.4029000000954284,0.933200000047691,0.583399999976109,0.7001999999284862,2.8020999999046126,0.6182999999523418,1.55239999997616,5.9193999999762354,0.6679999999998927,2.3692000000477265,0.8025000000000091,2.232899999976098,0.9333999999760181,0.6663999999761927,0.5324000000955493,0.7851999999284089,0.7829000000954238,1.1000999999046144,0.5521000000237564,1.1171999999285163,0.6994999999999436,0.6531000000238691,0.6531999999285745,0.6178000000716111,0.5484000000953984,0.6359000000952619,0.6335000000001401,1.533099999904607,0.5333000000714492,0.5834000000954802,0.5658000000714765,0.9500000000000455,0.6158999999761363,0.600400000095533,0.5647999999523563]",1.0,6.8643,0.0,8.0,8.0,39.0,1.0,verdrietig,gverdrietig,question_gesture.png,im_hand.png,,,,,,
,,,988082,1,21,2023-06-15_19h07.22.199,flesh_expressibility_dutch,2022.2.4,MacIntel,59.99880002,,,,19.0,1.0,Nederlands ,,,,,,Engels ,3.0,Frans ,1.0,Duits ,1.0,,0.0,,0.0,,0.0,,0.0,,0.0,NL,6.0,2.0,2.0,1.0,,sensorypref1,sensorypref2,sensorypref3,sensorypref4,1440.0,900.0,,,,,,,,,,,,,,,,,,,,,,,,,,,,,,,,,2.0,1426.669,50.0,"[0.7493999999761627,0.6997999999522904,0.6003000000715133,0.7034000000953711,0.7200000000000273,0.6148000000714546,0.8697999999523063,0.6498000000715365,0.6193999999761672,0.5991000000238955,0.5659999999999172,0.6324999999999363,0.8174999999999955,0.7484000000953301,3.4028000000715792,0.9331000000238419,0.583399999976109,0.7001000000238946,2.802000000000021,0.6182999999523418,1.55239999997616,5.9193999999762354,0.6679999999998927,2.3691000000238773,0.80239999997616,2.232799999952249,0.9333999999760181,0.6663999999761927,0.5323000000717002,0.7850999999045598,0.7829000000954238,1.099999999999909,0.5520000000001346,1.117100000023811,0.6993999999760945,0.6531000000238691,0.6530999999047253,0.6178000000716111,0.5483000000715492,0.6359000000952619,0.6335000000001401,1.533099999904607,0.5333000000714492,0.5834000000954802,0.5658000000714765,0.9500000000000455,0.6158999999761363,0.6003000000716838,0.5647999999523563,1.0835000000001855]","[0.7493999999761627,0.6997999999522904,0.6003000000715133,0.7034999999999627,0.7201000000238764,0.61489999997616,0.8697999999523063,0.6498999999762418,0.6195000000000164,0.5991000000238955,0.5660999999046226,0.6324999999999363,0.8175999999045871,0.7485000000000355,3.4029000000954284,0.933200000047691,0.583399999976109,0.7001999999284862,2.8020999999046126,0.6182999999523418,1.55239999997616,5.9193999999762354,0.6679999999998927,2.3692000000477265,0.8025000000000091,2.232899999976098,0.9333999999760181,0.6663999999761927,0.5324000000955493,0.7851999999284089,0.7829000000954238,1.1000999999046144,0.5521000000237564,1.1171999999285163,0.6994999999999436,0.6531000000238691,0.6531999999285745,0.6178000000716111,0.5484000000953984,0.6359000000952619,0.6335000000001401,1.533099999904607,0.5333000000714492,0.5834000000954802,0.5658000000714765,0.9500000000000455,0.6158999999761363,0.600400000095533,0.5647999999523563,1.0835000000001855]",0.729956597,18.6073,0.0,9.0,9.0,94.0,1.0,nu,gnu,question_gesture.png,im_hand.png,,,,,,
,,,988082,1,21,2023-06-15_19h07.22.199,flesh_expressibility_dutch,2022.2.4,MacIntel,59.99880002,,,,19.0,1.0,Nederlands ,,,,,,Engels ,3.0,Frans ,1.0,Duits ,1.0,,0.0,,0.0,,0.0,,0.0,,0.0,NL,6.0,2.0,2.0,1.0,,sensorypref1,sensorypref2,sensorypref3,sensorypref4,1440.0,900.0,,,,,,,,,,,,,,,,,,,,,,,,,,,,,,,,,2.0,1445.8046,51.0,"[0.7493999999761627,0.6997999999522904,0.6003000000715133,0.7034000000953711,0.7200000000000273,0.6148000000714546,0.8697999999523063,0.6498000000715365,0.6193999999761672,0.5991000000238955,0.5659999999999172,0.6324999999999363,0.8174999999999955,0.7484000000953301,3.4028000000715792,0.9331000000238419,0.583399999976109,0.7001000000238946,2.802000000000021,0.6182999999523418,1.55239999997616,5.9193999999762354,0.6679999999998927,2.3691000000238773,0.80239999997616,2.232799999952249,0.9333999999760181,0.6663999999761927,0.5323000000717002,0.7850999999045598,0.7829000000954238,1.099999999999909,0.5520000000001346,1.117100000023811,0.6993999999760945,0.6531000000238691,0.6530999999047253,0.6178000000716111,0.5483000000715492,0.6359000000952619,0.6335000000001401,1.533099999904607,0.5333000000714492,0.5834000000954802,0.5658000000714765,0.9500000000000455,0.6158999999761363,0.6003000000716838,0.5647999999523563,1.0835000000001855,0.5975000000000819]","[0.7493999999761627,0.6997999999522904,0.6003000000715133,0.7034999999999627,0.7201000000238764,0.61489999997616,0.8697999999523063,0.6498999999762418,0.6195000000000164,0.5991000000238955,0.5660999999046226,0.6324999999999363,0.8175999999045871,0.7485000000000355,3.4029000000954284,0.933200000047691,0.583399999976109,0.7001999999284862,2.8020999999046126,0.6182999999523418,1.55239999997616,5.9193999999762354,0.6679999999998927,2.3692000000477265,0.8025000000000091,2.232899999976098,0.9333999999760181,0.6663999999761927,0.5324000000955493,0.7851999999284089,0.7829000000954238,1.1000999999046144,0.5521000000237564,1.1171999999285163,0.6994999999999436,0.6531000000238691,0.6531999999285745,0.6178000000716111,0.5484000000953984,0.6359000000952619,0.6335000000001401,1.533099999904607,0.5333000000714492,0.5834000000954802,0.5658000000714765,0.9500000000000455,0.6158999999761363,0.600400000095533,0.5647999999523563,1.0835000000001855,0.597600000023931]",1.0,5.6393,0.0,10.0,10.0,7.0,1.0,kauwen,gkauwen,question_gesture.png,im_hand.png,,,,,,
,,,988082,1,21,2023-06-15_19h07.22.199,flesh_expressibility_dutch,2022.2.4,MacIntel,59.99880002,,,,19.0,1.0,Nederlands ,,,,,,Engels ,3.0,Frans ,1.0,Duits ,1.0,,0.0,,0.0,,0.0,,0.0,,0.0,NL,6.0,2.0,2.0,1.0,,sensorypref1,sensorypref2,sensorypref3,sensorypref4,1440.0,900.0,,,,,,,,,,,,,,,,,,,,,,,,,,,,,,,,,4.0,1452.2716,52.0,"[0.7493999999761627,0.6997999999522904,0.6003000000715133,0.7034000000953711,0.7200000000000273,0.6148000000714546,0.8697999999523063,0.6498000000715365,0.6193999999761672,0.5991000000238955,0.5659999999999172,0.6324999999999363,0.8174999999999955,0.7484000000953301,3.4028000000715792,0.9331000000238419,0.583399999976109,0.7001000000238946,2.802000000000021,0.6182999999523418,1.55239999997616,5.9193999999762354,0.6679999999998927,2.3691000000238773,0.80239999997616,2.232799999952249,0.9333999999760181,0.6663999999761927,0.5323000000717002,0.7850999999045598,0.7829000000954238,1.099999999999909,0.5520000000001346,1.117100000023811,0.6993999999760945,0.6531000000238691,0.6530999999047253,0.6178000000716111,0.5483000000715492,0.6359000000952619,0.6335000000001401,1.533099999904607,0.5333000000714492,0.5834000000954802,0.5658000000714765,0.9500000000000455,0.6158999999761363,0.6003000000716838,0.5647999999523563,1.0835000000001855,0.5975000000000819,0.4674999999999727]","[0.7493999999761627,0.6997999999522904,0.6003000000715133,0.7034999999999627,0.7201000000238764,0.61489999997616,0.8697999999523063,0.6498999999762418,0.6195000000000164,0.5991000000238955,0.5660999999046226,0.6324999999999363,0.8175999999045871,0.7485000000000355,3.4029000000954284,0.933200000047691,0.583399999976109,0.7001999999284862,2.8020999999046126,0.6182999999523418,1.55239999997616,5.9193999999762354,0.6679999999998927,2.3692000000477265,0.8025000000000091,2.232899999976098,0.9333999999760181,0.6663999999761927,0.5324000000955493,0.7851999999284089,0.7829000000954238,1.1000999999046144,0.5521000000237564,1.1171999999285163,0.6994999999999436,0.6531000000238691,0.6531999999285745,0.6178000000716111,0.5484000000953984,0.6359000000952619,0.6335000000001401,1.533099999904607,0.5333000000714492,0.5834000000954802,0.5658000000714765,0.9500000000000455,0.6158999999761363,0.600400000095533,0.5647999999523563,1.0835000000001855,0.597600000023931,0.46760000002382185]",-0.330529514,17.0747,0.0,11.0,11.0,187.0,1.0,dit,gdit,question_gesture.png,im_hand.png,,,,,,
,,,988082,1,21,2023-06-15_19h07.22.199,flesh_expressibility_dutch,2022.2.4,MacIntel,59.99880002,,,,19.0,1.0,Nederlands ,,,,,,Engels ,3.0,Frans ,1.0,Duits ,1.0,,0.0,,0.0,,0.0,,0.0,,0.0,NL,6.0,2.0,2.0,1.0,,sensorypref1,sensorypref2,sensorypref3,sensorypref4,1440.0,900.0,,,,,,,,,,,,,,,,,,,,,,,,,,,,,,,,,5.0,1470.082,53.0,"[0.7493999999761627,0.6997999999522904,0.6003000000715133,0.7034000000953711,0.7200000000000273,0.6148000000714546,0.8697999999523063,0.6498000000715365,0.6193999999761672,0.5991000000238955,0.5659999999999172,0.6324999999999363,0.8174999999999955,0.7484000000953301,3.4028000000715792,0.9331000000238419,0.583399999976109,0.7001000000238946,2.802000000000021,0.6182999999523418,1.55239999997616,5.9193999999762354,0.6679999999998927,2.3691000000238773,0.80239999997616,2.232799999952249,0.9333999999760181,0.6663999999761927,0.5323000000717002,0.7850999999045598,0.7829000000954238,1.099999999999909,0.5520000000001346,1.117100000023811,0.6993999999760945,0.6531000000238691,0.6530999999047253,0.6178000000716111,0.5483000000715492,0.6359000000952619,0.6335000000001401,1.533099999904607,0.5333000000714492,0.5834000000954802,0.5658000000714765,0.9500000000000455,0.6158999999761363,0.6003000000716838,0.5647999999523563,1.0835000000001855,0.5975000000000819,0.4674999999999727,0.48360000002389825]","[0.7493999999761627,0.6997999999522904,0.6003000000715133,0.7034999999999627,0.7201000000238764,0.61489999997616,0.8697999999523063,0.6498999999762418,0.6195000000000164,0.5991000000238955,0.5660999999046226,0.6324999999999363,0.8175999999045871,0.7485000000000355,3.4029000000954284,0.933200000047691,0.583399999976109,0.7001999999284862,2.8020999999046126,0.6182999999523418,1.55239999997616,5.9193999999762354,0.6679999999998927,2.3692000000477265,0.8025000000000091,2.232899999976098,0.9333999999760181,0.6663999999761927,0.5324000000955493,0.7851999999284089,0.7829000000954238,1.1000999999046144,0.5521000000237564,1.1171999999285163,0.6994999999999436,0.6531000000238691,0.6531999999285745,0.6178000000716111,0.5484000000953984,0.6359000000952619,0.6335000000001401,1.533099999904607,0.5333000000714492,0.5834000000954802,0.5658000000714765,0.9500000000000455,0.6158999999761363,0.600400000095533,0.5647999999523563,1.0835000000001855,0.597600000023931,0.46760000002382185,0.48360000002389825]",-0.4125,28.7082,0.0,12.0,12.0,111.0,1.0,rug,grug,question_gesture.png,im_hand.png,,,,,,
,,,988082,1,21,2023-06-15_19h07.22.199,flesh_expressibility_dutch,2022.2.4,MacIntel,59.99880002,,,,19.0,1.0,Nederlands ,,,,,,Engels ,3.0,Frans ,1.0,Duits ,1.0,,0.0,,0.0,,0.0,,0.0,,0.0,NL,6.0,2.0,2.0,1.0,,sensorypref1,sensorypref2,sensorypref3,sensorypref4,1440.0,900.0,,,,,,,,,,,,,,,,,,,,,,,,,,,,,,,,,2.0,1499.993,54.0,"[0.7493999999761627,0.6997999999522904,0.6003000000715133,0.7034000000953711,0.7200000000000273,0.6148000000714546,0.8697999999523063,0.6498000000715365,0.6193999999761672,0.5991000000238955,0.5659999999999172,0.6324999999999363,0.8174999999999955,0.7484000000953301,3.4028000000715792,0.9331000000238419,0.583399999976109,0.7001000000238946,2.802000000000021,0.6182999999523418,1.55239999997616,5.9193999999762354,0.6679999999998927,2.3691000000238773,0.80239999997616,2.232799999952249,0.9333999999760181,0.6663999999761927,0.5323000000717002,0.7850999999045598,0.7829000000954238,1.099999999999909,0.5520000000001346,1.117100000023811,0.6993999999760945,0.6531000000238691,0.6530999999047253,0.6178000000716111,0.5483000000715492,0.6359000000952619,0.6335000000001401,1.533099999904607,0.5333000000714492,0.5834000000954802,0.5658000000714765,0.9500000000000455,0.6158999999761363,0.6003000000716838,0.5647999999523563,1.0835000000001855,0.5975000000000819,0.4674999999999727,0.48360000002389825,0.5687000000477838]","[0.7493999999761627,0.6997999999522904,0.6003000000715133,0.7034999999999627,0.7201000000238764,0.61489999997616,0.8697999999523063,0.6498999999762418,0.6195000000000164,0.5991000000238955,0.5660999999046226,0.6324999999999363,0.8175999999045871,0.7485000000000355,3.4029000000954284,0.933200000047691,0.583399999976109,0.7001999999284862,2.8020999999046126,0.6182999999523418,1.55239999997616,5.9193999999762354,0.6679999999998927,2.3692000000477265,0.8025000000000091,2.232899999976098,0.9333999999760181,0.6663999999761927,0.5324000000955493,0.7851999999284089,0.7829000000954238,1.1000999999046144,0.5521000000237564,1.1171999999285163,0.6994999999999436,0.6531000000238691,0.6531999999285745,0.6178000000716111,0.5484000000953984,0.6359000000952619,0.6335000000001401,1.533099999904607,0.5333000000714492,0.5834000000954802,0.5658000000714765,0.9500000000000455,0.6158999999761363,0.600400000095533,0.5647999999523563,1.0835000000001855,0.597600000023931,0.46760000002382185,0.48360000002389825,0.5688000000716329]",1.0,20.6602,0.0,13.0,13.0,55.0,1.0,langzaam,glangzaam,question_gesture.png,im_hand.png,,,,,,
,,,988082,1,21,2023-06-15_19h07.22.199,flesh_expressibility_dutch,2022.2.4,MacIntel,59.99880002,,,,19.0,1.0,Nederlands ,,,,,,Engels ,3.0,Frans ,1.0,Duits ,1.0,,0.0,,0.0,,0.0,,0.0,,0.0,NL,6.0,2.0,2.0,1.0,,sensorypref1,sensorypref2,sensorypref3,sensorypref4,1440.0,900.0,,,,,,,,,,,,,,,,,,,,,,,,,,,,,,,,,5.0,1521.6245,55.0,"[0.7493999999761627,0.6997999999522904,0.6003000000715133,0.7034000000953711,0.7200000000000273,0.6148000000714546,0.8697999999523063,0.6498000000715365,0.6193999999761672,0.5991000000238955,0.5659999999999172,0.6324999999999363,0.8174999999999955,0.7484000000953301,3.4028000000715792,0.9331000000238419,0.583399999976109,0.7001000000238946,2.802000000000021,0.6182999999523418,1.55239999997616,5.9193999999762354,0.6679999999998927,2.3691000000238773,0.80239999997616,2.232799999952249,0.9333999999760181,0.6663999999761927,0.5323000000717002,0.7850999999045598,0.7829000000954238,1.099999999999909,0.5520000000001346,1.117100000023811,0.6993999999760945,0.6531000000238691,0.6530999999047253,0.6178000000716111,0.5483000000715492,0.6359000000952619,0.6335000000001401,1.533099999904607,0.5333000000714492,0.5834000000954802,0.5658000000714765,0.9500000000000455,0.6158999999761363,0.6003000000716838,0.5647999999523563,1.0835000000001855,0.5975000000000819,0.4674999999999727,0.48360000002389825,0.5687000000477838,0.583399999976109]","[0.7493999999761627,0.6997999999522904,0.6003000000715133,0.7034999999999627,0.7201000000238764,0.61489999997616,0.8697999999523063,0.6498999999762418,0.6195000000000164,0.5991000000238955,0.5660999999046226,0.6324999999999363,0.8175999999045871,0.7485000000000355,3.4029000000954284,0.933200000047691,0.583399999976109,0.7001999999284862,2.8020999999046126,0.6182999999523418,1.55239999997616,5.9193999999762354,0.6679999999998927,2.3692000000477265,0.8025000000000091,2.232899999976098,0.9333999999760181,0.6663999999761927,0.5324000000955493,0.7851999999284089,0.7829000000954238,1.1000999999046144,0.5521000000237564,1.1171999999285163,0.6994999999999436,0.6531000000238691,0.6531999999285745,0.6178000000716111,0.5484000000953984,0.6359000000952619,0.6335000000001401,1.533099999904607,0.5333000000714492,0.5834000000954802,0.5658000000714765,0.9500000000000455,0.6158999999761363,0.600400000095533,0.5647999999523563,1.0835000000001855,0.597600000023931,0.46760000002382185,0.48360000002389825,0.5688000000716329,0.583399999976109]",1.0,7.8288,0.0,14.0,14.0,9.0,1.0,kotsen,gkotsen,question_gesture.png,im_hand.png,,,,,,
,,,988082,1,21,2023-06-15_19h07.22.199,flesh_expressibility_dutch,2022.2.4,MacIntel,59.99880002,,,,19.0,1.0,Nederlands ,,,,,,Engels ,3.0,Frans ,1.0,Duits ,1.0,,0.0,,0.0,,0.0,,0.0,,0.0,NL,6.0,2.0,2.0,1.0,,sensorypref1,sensorypref2,sensorypref3,sensorypref4,1440.0,900.0,,,,,,,,,,,,,,,,,,,,,,,,,,,,,,,,,3.0,1532.9688,56.0,"[0.7493999999761627,0.6997999999522904,0.6003000000715133,0.7034000000953711,0.7200000000000273,0.6148000000714546,0.8697999999523063,0.6498000000715365,0.6193999999761672,0.5991000000238955,0.5659999999999172,0.6324999999999363,0.8174999999999955,0.7484000000953301,3.4028000000715792,0.9331000000238419,0.583399999976109,0.7001000000238946,2.802000000000021,0.6182999999523418,1.55239999997616,5.9193999999762354,0.6679999999998927,2.3691000000238773,0.80239999997616,2.232799999952249,0.9333999999760181,0.6663999999761927,0.5323000000717002,0.7850999999045598,0.7829000000954238,1.099999999999909,0.5520000000001346,1.117100000023811,0.6993999999760945,0.6531000000238691,0.6530999999047253,0.6178000000716111,0.5483000000715492,0.6359000000952619,0.6335000000001401,1.533099999904607,0.5333000000714492,0.5834000000954802,0.5658000000714765,0.9500000000000455,0.6158999999761363,0.6003000000716838,0.5647999999523563,1.0835000000001855,0.5975000000000819,0.4674999999999727,0.48360000002389825,0.5687000000477838,0.583399999976109,0.6497000000476874]","[0.7493999999761627,0.6997999999522904,0.6003000000715133,0.7034999999999627,0.7201000000238764,0.61489999997616,0.8697999999523063,0.6498999999762418,0.6195000000000164,0.5991000000238955,0.5660999999046226,0.6324999999999363,0.8175999999045871,0.7485000000000355,3.4029000000954284,0.933200000047691,0.583399999976109,0.7001999999284862,2.8020999999046126,0.6182999999523418,1.55239999997616,5.9193999999762354,0.6679999999998927,2.3692000000477265,0.8025000000000091,2.232899999976098,0.9333999999760181,0.6663999999761927,0.5324000000955493,0.7851999999284089,0.7829000000954238,1.1000999999046144,0.5521000000237564,1.1171999999285163,0.6994999999999436,0.6531000000238691,0.6531999999285745,0.6178000000716111,0.5484000000953984,0.6359000000952619,0.6335000000001401,1.533099999904607,0.5333000000714492,0.5834000000954802,0.5658000000714765,0.9500000000000455,0.6158999999761363,0.600400000095533,0.5647999999523563,1.0835000000001855,0.597600000023931,0.46760000002382185,0.48360000002389825,0.5688000000716329,0.583399999976109,0.6498000000715365]",0.672829861,22.0242,0.0,15.0,15.0,69.0,1.0,glad,gglad,question_gesture.png,im_hand.png,,,,,,
,,,988082,1,21,2023-06-15_19h07.22.199,flesh_expressibility_dutch,2022.2.4,MacIntel,59.99880002,,,,19.0,1.0,Nederlands ,,,,,,Engels ,3.0,Frans ,1.0,Duits ,1.0,,0.0,,0.0,,0.0,,0.0,,0.0,NL,6.0,2.0,2.0,1.0,,sensorypref1,sensorypref2,sensorypref3,sensorypref4,1440.0,900.0,,,,,,,,,,,,,,,,,,,,,,,,,,,,,,,,,6.0,1551.3691,57.0,"[0.7493999999761627,0.6997999999522904,0.6003000000715133,0.7034000000953711,0.7200000000000273,0.6148000000714546,0.8697999999523063,0.6498000000715365,0.6193999999761672,0.5991000000238955,0.5659999999999172,0.6324999999999363,0.8174999999999955,0.7484000000953301,3.4028000000715792,0.9331000000238419,0.583399999976109,0.7001000000238946,2.802000000000021,0.6182999999523418,1.55239999997616,5.9193999999762354,0.6679999999998927,2.3691000000238773,0.80239999997616,2.232799999952249,0.9333999999760181,0.6663999999761927,0.5323000000717002,0.7850999999045598,0.7829000000954238,1.099999999999909,0.5520000000001346,1.117100000023811,0.6993999999760945,0.6531000000238691,0.6530999999047253,0.6178000000716111,0.5483000000715492,0.6359000000952619,0.6335000000001401,1.533099999904607,0.5333000000714492,0.5834000000954802,0.5658000000714765,0.9500000000000455,0.6158999999761363,0.6003000000716838,0.5647999999523563,1.0835000000001855,0.5975000000000819,0.4674999999999727,0.48360000002389825,0.5687000000477838,0.583399999976109,0.6497000000476874,0.4336000000239437]","[0.7493999999761627,0.6997999999522904,0.6003000000715133,0.7034999999999627,0.7201000000238764,0.61489999997616,0.8697999999523063,0.6498999999762418,0.6195000000000164,0.5991000000238955,0.5660999999046226,0.6324999999999363,0.8175999999045871,0.7485000000000355,3.4029000000954284,0.933200000047691,0.583399999976109,0.7001999999284862,2.8020999999046126,0.6182999999523418,1.55239999997616,5.9193999999762354,0.6679999999998927,2.3692000000477265,0.8025000000000091,2.232899999976098,0.9333999999760181,0.6663999999761927,0.5324000000955493,0.7851999999284089,0.7829000000954238,1.1000999999046144,0.5521000000237564,1.1171999999285163,0.6994999999999436,0.6531000000238691,0.6531999999285745,0.6178000000716111,0.5484000000953984,0.6359000000952619,0.6335000000001401,1.533099999904607,0.5333000000714492,0.5834000000954802,0.5658000000714765,0.9500000000000455,0.6158999999761363,0.600400000095533,0.5647999999523563,1.0835000000001855,0.597600000023931,0.46760000002382185,0.48360000002389825,0.5688000000716329,0.583399999976109,0.6498000000715365,0.4336999999284217]",0.065538194,20.1097,0.0,16.0,16.0,99.0,1.0,mier,gmier,question_gesture.png,im_hand.png,,,,,,
,,,988082,1,21,2023-06-15_19h07.22.199,flesh_expressibility_dutch,2022.2.4,MacIntel,59.99880002,,,,19.0,1.0,Nederlands ,,,,,,Engels ,3.0,Frans ,1.0,Duits ,1.0,,0.0,,0.0,,0.0,,0.0,,0.0,NL,6.0,2.0,2.0,1.0,,sensorypref1,sensorypref2,sensorypref3,sensorypref4,1440.0,900.0,,,,,,,,,,,,,,,,,,,,,,,,,,,,,,,,,3.0,1572.0028,58.0,"[0.7493999999761627,0.6997999999522904,0.6003000000715133,0.7034000000953711,0.7200000000000273,0.6148000000714546,0.8697999999523063,0.6498000000715365,0.6193999999761672,0.5991000000238955,0.5659999999999172,0.6324999999999363,0.8174999999999955,0.7484000000953301,3.4028000000715792,0.9331000000238419,0.583399999976109,0.7001000000238946,2.802000000000021,0.6182999999523418,1.55239999997616,5.9193999999762354,0.6679999999998927,2.3691000000238773,0.80239999997616,2.232799999952249,0.9333999999760181,0.6663999999761927,0.5323000000717002,0.7850999999045598,0.7829000000954238,1.099999999999909,0.5520000000001346,1.117100000023811,0.6993999999760945,0.6531000000238691,0.6530999999047253,0.6178000000716111,0.5483000000715492,0.6359000000952619,0.6335000000001401,1.533099999904607,0.5333000000714492,0.5834000000954802,0.5658000000714765,0.9500000000000455,0.6158999999761363,0.6003000000716838,0.5647999999523563,1.0835000000001855,0.5975000000000819,0.4674999999999727,0.48360000002389825,0.5687000000477838,0.583399999976109,0.6497000000476874,0.4336000000239437,1.2857999999521326]","[0.7493999999761627,0.6997999999522904,0.6003000000715133,0.7034999999999627,0.7201000000238764,0.61489999997616,0.8697999999523063,0.6498999999762418,0.6195000000000164,0.5991000000238955,0.5660999999046226,0.6324999999999363,0.8175999999045871,0.7485000000000355,3.4029000000954284,0.933200000047691,0.583399999976109,0.7001999999284862,2.8020999999046126,0.6182999999523418,1.55239999997616,5.9193999999762354,0.6679999999998927,2.3692000000477265,0.8025000000000091,2.232899999976098,0.9333999999760181,0.6663999999761927,0.5324000000955493,0.7851999999284089,0.7829000000954238,1.1000999999046144,0.5521000000237564,1.1171999999285163,0.6994999999999436,0.6531000000238691,0.6531999999285745,0.6178000000716111,0.5484000000953984,0.6359000000952619,0.6335000000001401,1.533099999904607,0.5333000000714492,0.5834000000954802,0.5658000000714765,0.9500000000000455,0.6158999999761363,0.600400000095533,0.5647999999523563,1.0835000000001855,0.597600000023931,0.46760000002382185,0.48360000002389825,0.5688000000716329,0.583399999976109,0.6498000000715365,0.4336999999284217,1.2858999999759817]",1.0,7.7391,0.0,17.0,17.0,25.0,1.0,dood,gdood,question_gesture.png,im_hand.png,,,,,,
,,,988082,1,21,2023-06-15_19h07.22.199,flesh_expressibility_dutch,2022.2.4,MacIntel,59.99880002,,,,19.0,1.0,Nederlands ,,,,,,Engels ,3.0,Frans ,1.0,Duits ,1.0,,0.0,,0.0,,0.0,,0.0,,0.0,NL,6.0,2.0,2.0,1.0,,sensorypref1,sensorypref2,sensorypref3,sensorypref4,1440.0,900.0,,,,,,,,,,,,,,,,,,,,,,,,,,,,,,,,,6.0,1580.844,59.0,"[0.7493999999761627,0.6997999999522904,0.6003000000715133,0.7034000000953711,0.7200000000000273,0.6148000000714546,0.8697999999523063,0.6498000000715365,0.6193999999761672,0.5991000000238955,0.5659999999999172,0.6324999999999363,0.8174999999999955,0.7484000000953301,3.4028000000715792,0.9331000000238419,0.583399999976109,0.7001000000238946,2.802000000000021,0.6182999999523418,1.55239999997616,5.9193999999762354,0.6679999999998927,2.3691000000238773,0.80239999997616,2.232799999952249,0.9333999999760181,0.6663999999761927,0.5323000000717002,0.7850999999045598,0.7829000000954238,1.099999999999909,0.5520000000001346,1.117100000023811,0.6993999999760945,0.6531000000238691,0.6530999999047253,0.6178000000716111,0.5483000000715492,0.6359000000952619,0.6335000000001401,1.533099999904607,0.5333000000714492,0.5834000000954802,0.5658000000714765,0.9500000000000455,0.6158999999761363,0.6003000000716838,0.5647999999523563,1.0835000000001855,0.5975000000000819,0.4674999999999727,0.48360000002389825,0.5687000000477838,0.583399999976109,0.6497000000476874,0.4336000000239437,1.2857999999521326,0.5501999999282816]","[0.7493999999761627,0.6997999999522904,0.6003000000715133,0.7034999999999627,0.7201000000238764,0.61489999997616,0.8697999999523063,0.6498999999762418,0.6195000000000164,0.5991000000238955,0.5660999999046226,0.6324999999999363,0.8175999999045871,0.7485000000000355,3.4029000000954284,0.933200000047691,0.583399999976109,0.7001999999284862,2.8020999999046126,0.6182999999523418,1.55239999997616,5.9193999999762354,0.6679999999998927,2.3692000000477265,0.8025000000000091,2.232899999976098,0.9333999999760181,0.6663999999761927,0.5324000000955493,0.7851999999284089,0.7829000000954238,1.1000999999046144,0.5521000000237564,1.1171999999285163,0.6994999999999436,0.6531000000238691,0.6531999999285745,0.6178000000716111,0.5484000000953984,0.6359000000952619,0.6335000000001401,1.533099999904607,0.5333000000714492,0.5834000000954802,0.5658000000714765,0.9500000000000455,0.6158999999761363,0.600400000095533,0.5647999999523563,1.0835000000001855,0.597600000023931,0.46760000002382185,0.48360000002389825,0.5688000000716329,0.583399999976109,0.6498000000715365,0.4336999999284217,1.2858999999759817,0.5502999999521307]",0.852465278,19.3445,0.0,18.0,18.0,205.0,1.0,vork,gvork,question_gesture.png,im_hand.png,,,,,,
,,,988082,1,21,2023-06-15_19h07.22.199,flesh_expressibility_dutch,2022.2.4,MacIntel,59.99880002,,,,19.0,1.0,Nederlands ,,,,,,Engels ,3.0,Frans ,1.0,Duits ,1.0,,0.0,,0.0,,0.0,,0.0,,0.0,NL,6.0,2.0,2.0,1.0,,sensorypref1,sensorypref2,sensorypref3,sensorypref4,1440.0,900.0,,,,,,,,,,,,,,,,,,,,,,,,,,,,,,,,,4.0,1601.0688,60.0,"[0.7493999999761627,0.6997999999522904,0.6003000000715133,0.7034000000953711,0.7200000000000273,0.6148000000714546,0.8697999999523063,0.6498000000715365,0.6193999999761672,0.5991000000238955,0.5659999999999172,0.6324999999999363,0.8174999999999955,0.7484000000953301,3.4028000000715792,0.9331000000238419,0.583399999976109,0.7001000000238946,2.802000000000021,0.6182999999523418,1.55239999997616,5.9193999999762354,0.6679999999998927,2.3691000000238773,0.80239999997616,2.232799999952249,0.9333999999760181,0.6663999999761927,0.5323000000717002,0.7850999999045598,0.7829000000954238,1.099999999999909,0.5520000000001346,1.117100000023811,0.6993999999760945,0.6531000000238691,0.6530999999047253,0.6178000000716111,0.5483000000715492,0.6359000000952619,0.6335000000001401,1.533099999904607,0.5333000000714492,0.5834000000954802,0.5658000000714765,0.9500000000000455,0.6158999999761363,0.6003000000716838,0.5647999999523563,1.0835000000001855,0.5975000000000819,0.4674999999999727,0.48360000002389825,0.5687000000477838,0.583399999976109,0.6497000000476874,0.4336000000239437,1.2857999999521326,0.5501999999282816,1.1687000000476928]","[0.7493999999761627,0.6997999999522904,0.6003000000715133,0.7034999999999627,0.7201000000238764,0.61489999997616,0.8697999999523063,0.6498999999762418,0.6195000000000164,0.5991000000238955,0.5660999999046226,0.6324999999999363,0.8175999999045871,0.7485000000000355,3.4029000000954284,0.933200000047691,0.583399999976109,0.7001999999284862,2.8020999999046126,0.6182999999523418,1.55239999997616,5.9193999999762354,0.6679999999998927,2.3692000000477265,0.8025000000000091,2.232899999976098,0.9333999999760181,0.6663999999761927,0.5324000000955493,0.7851999999284089,0.7829000000954238,1.1000999999046144,0.5521000000237564,1.1171999999285163,0.6994999999999436,0.6531000000238691,0.6531999999285745,0.6178000000716111,0.5484000000953984,0.6359000000952619,0.6335000000001401,1.533099999904607,0.5333000000714492,0.5834000000954802,0.5658000000714765,0.9500000000000455,0.6158999999761363,0.600400000095533,0.5647999999523563,1.0835000000001855,0.597600000023931,0.46760000002382185,0.48360000002389825,0.5688000000716329,0.583399999976109,0.6498000000715365,0.4336999999284217,1.2858999999759817,0.5502999999521307,1.1687000000476928]",0.816762153,15.7421,0.0,19.0,19.0,70.0,1.0,aanraken,gaanraken,question_gesture.png,im_hand.png,,,,,,
,,,988082,1,21,2023-06-15_19h07.22.199,flesh_expressibility_dutch,2022.2.4,MacIntel,59.99880002,,,,19.0,1.0,Nederlands ,,,,,,Engels ,3.0,Frans ,1.0,Duits ,1.0,,0.0,,0.0,,0.0,,0.0,,0.0,NL,6.0,2.0,2.0,1.0,,sensorypref1,sensorypref2,sensorypref3,sensorypref4,1440.0,900.0,,,,,,,,,,,,,,,,,,,,,,,,,,,,,,,,,,,,,,,,,,,,,,,,,,,,,,
,,,988082,1,21,2023-06-15_19h07.22.199,flesh_expressibility_dutch,2022.2.4,MacIntel,59.99880002,,,,19.0,1.0,Nederlands ,,,,,,Engels ,3.0,Frans ,1.0,Duits ,1.0,,0.0,,0.0,,0.0,,0.0,,0.0,NL,6.0,2.0,2.0,1.0,,sensorypref1,sensorypref2,sensorypref3,sensorypref4,1440.0,900.0,,,,,,,,,,,,,,,,,,,,,,,,,,,,,,,,,,,,,,,,,,,,,,,,,1.0,,,,,
,,,988082,1,21,2023-06-15_19h07.22.199,flesh_expressibility_dutch,2022.2.4,MacIntel,59.99880002,,,,19.0,1.0,Nederlands ,,,,,,Engels ,3.0,Frans ,1.0,Duits ,1.0,,0.0,,0.0,,0.0,,0.0,,0.0,NL,6.0,2.0,2.0,1.0,,sensorypref1,sensorypref2,sensorypref3,sensorypref4,1440.0,900.0,,,,,,,,,,,,,,,,,,,,,,,,,,,,,,,,,,,,,,,,,,,,,,,,,1.0,,,,,
,,,988082,1,21,2023-06-15_19h07.22.199,flesh_expressibility_dutch,2022.2.4,MacIntel,59.99880002,,,,19.0,1.0,Nederlands ,,,,,,Engels ,3.0,Frans ,1.0,Duits ,1.0,,0.0,,0.0,,0.0,,0.0,,0.0,NL,6.0,2.0,2.0,1.0,,sensorypref1,sensorypref2,sensorypref3,sensorypref4,1440.0,900.0,,,,,,,,,,,,,,,,,,,,,,,,,,,,,,,,,,,,,,,,,,,,,,,,,1.0,,,1.0,[1703.8139999999405],[1703.8140999999644]
